schema_version,poll_id,request_started_at_utc,observed_at_utc,room_id,machine_type,machine_id,raw_lmc_status,server_timestamp_raw,machine_report_time_raw,remaining_min_raw,report_age_seconds,adjusted_remaining_seconds,display_minutes_left,website_state,interpretation_note
1,88e327c8-888a-4d98-bafe-fdab84f66f2c,2026-10-06T00:00:00.968+00:00,2026-10-06T00:00:01.157+00:00,21072-30059,washers,20632118-b,716000000,2026-10-06 00:00:01,2026-10-05 23:49:37,0,624.0,-624.0,,Available,website maps this code to Available
1,88e327c8-888a-4d98-bafe-fdab84f66f2c,2026-10-06T00:00:00.968+00:00,2026-10-06T00:00:01.157+00:00,21072-30059,washers,20632035-b,716000000,2026-10-06 00:00:01,2026-10-05 15:44:14,0,29747.0,-29747.0,,Available,website maps this code to Available
1,88e327c8-888a-4d98-bafe-fdab84f66f2c,2026-10-06T00:00:00.968+00:00,2026-10-06T00:00:01.157+00:00,21072-30059,washers,20632102-b,716000000,2026-10-06 00:00:01,2026-10-05 23:03:37,0,3384.0,-3384.0,,Available,website maps this code to Available
1,88e327c8-888a-4d98-bafe-fdab84f66f2c,2026-10-06T00:00:00.968+00:00,2026-10-06T00:00:01.157+00:00,21072-30059,washers,20632060-b,716000000,2026-10-06 00:00:01,2026-10-05 23:03:23,0,3398.0,-3398.0,,Available,website maps this code to Available
1,88e327c8-888a-4d98-bafe-fdab84f66f2c,2026-10-06T00:00:00.968+00:00,2026-10-06T00:00:01.157+00:00,21072-30059,washers,20632117-b,716000000,2026-10-06 00:00:01,2026-10-05 23:03:21,0,3400.0,-3400.0,,Available,website maps this code to Available
1,88e327c8-888a-4d98-bafe-fdab84f66f2c,2026-10-06T00:00:00.968+00:00,2026-10-06T00:00:01.157+00:00,21072-30059,washers,20632037-b,716000000,2026-10-06 00:00:01,2026-10-05 23:49:24,0,637.0,-637.0,,Available,website maps this code to Available
1,88e327c8-888a-4d98-bafe-fdab84f66f2c,2026-10-06T00:00:00.968+00:00,2026-10-06T00:00:01.157+00:00,21072-30059,washers,20632092-b,716000000,2026-10-06 00:00:01,2026-10-05 23:04:12,0,3349.0,-3349.0,,Available,website maps this code to Available
1,88e327c8-888a-4d98-bafe-fdab84f66f2c,2026-10-06T00:00:00.968+00:00,2026-10-06T00:00:01.157+00:00,21072-30059,washers,20632128-b,716000000,2026-10-06 00:00:01,2026-10-05 21:58:19,0,7302.0,-7302.0,,Available,website maps this code to Available
1,88e327c8-888a-4d98-bafe-fdab84f66f2c,2026-10-06T00:00:00.968+00:00,2026-10-06T00:00:01.157+00:00,21072-30059,washers,20632044-b,716000000,2026-10-06 00:00:01,2026-10-05 23:44:53,0,908.0,-908.0,,Available,website maps this code to Available
1,88e327c8-888a-4d98-bafe-fdab84f66f2c,2026-10-06T00:00:00.968+00:00,2026-10-06T00:00:01.157+00:00,21072-30059,washers,20632094-b,716000000,2026-10-06 00:00:01,2026-10-05 23:51:07,0,534.0,-534.0,,Available,website maps this code to Available
1,88e327c8-888a-4d98-bafe-fdab84f66f2c,2026-10-06T00:00:00.968+00:00,2026-10-06T00:00:01.157+00:00,21072-30059,washers,20632123-b,416000000,2026-10-06 00:00:01,2026-10-05 23:58:48,2,73.0,47.0,1,Running,
1,88e327c8-888a-4d98-bafe-fdab84f66f2c,2026-10-06T00:00:00.968+00:00,2026-10-06T00:00:01.157+00:00,21072-30059,washers,20632098-b,616000040,2026-10-06 00:00:01,2026-10-05 22:41:51,0,4690.0,-4690.0,,Error,
1,88e327c8-888a-4d98-bafe-fdab84f66f2c,2026-10-06T00:00:00.968+00:00,2026-10-06T00:00:01.157+00:00,21072-30059,dryers,20632096-a,416000000,2026-10-06 00:00:01,2026-10-05 23:51:57,10,484.0,116.0,2,Running,
1,88e327c8-888a-4d98-bafe-fdab84f66f2c,2026-10-06T00:00:00.968+00:00,2026-10-06T00:00:01.157+00:00,21072-30059,dryers,20632096-b,716000000,2026-10-06 00:00:01,2026-10-05 23:45:56,0,845.0,-845.0,,Available,website maps this code to Available
1,88e327c8-888a-4d98-bafe-fdab84f66f2c,2026-10-06T00:00:00.968+00:00,2026-10-06T00:00:01.157+00:00,21072-30059,dryers,20632118-a,416000000,2026-10-06 00:00:01,2026-10-05 23:52:57,10,424.0,176.0,3,Running,
1,88e327c8-888a-4d98-bafe-fdab84f66f2c,2026-10-06T00:00:00.968+00:00,2026-10-06T00:00:01.157+00:00,21072-30059,dryers,20632035-a,716000000,2026-10-06 00:00:01,2026-10-05 04:09:25,0,71436.0,-71436.0,,Available,website maps this code to Available
1,88e327c8-888a-4d98-bafe-fdab84f66f2c,2026-10-06T00:00:00.968+00:00,2026-10-06T00:00:01.157+00:00,21072-30059,dryers,20632102-a,716000000,2026-10-06 00:00:01,2026-10-05 23:10:05,0,2996.0,-2996.0,,Available,website maps this code to Available
1,88e327c8-888a-4d98-bafe-fdab84f66f2c,2026-10-06T00:00:00.968+00:00,2026-10-06T00:00:01.157+00:00,21072-30059,dryers,20632060-a,716000000,2026-10-06 00:00:01,2026-10-05 23:08:19,0,3102.0,-3102.0,,Available,website maps this code to Available
1,88e327c8-888a-4d98-bafe-fdab84f66f2c,2026-10-06T00:00:00.968+00:00,2026-10-06T00:00:01.157+00:00,21072-30059,dryers,20632117-a,716000000,2026-10-06 00:00:01,2026-10-05 23:38:26,0,1295.0,-1295.0,,Available,website maps this code to Available
1,88e327c8-888a-4d98-bafe-fdab84f66f2c,2026-10-06T00:00:00.968+00:00,2026-10-06T00:00:01.157+00:00,21072-30059,dryers,20632037-a,716000000,2026-10-06 00:00:01,2026-10-05 23:37:04,0,1377.0,-1377.0,,Available,website maps this code to Available
1,88e327c8-888a-4d98-bafe-fdab84f66f2c,2026-10-06T00:00:00.968+00:00,2026-10-06T00:00:01.157+00:00,21072-30059,dryers,20632092-a,416000000,2026-10-06 00:00:01,2026-10-05 23:50:38,10,563.0,37.0,1,Running,
1,88e327c8-888a-4d98-bafe-fdab84f66f2c,2026-10-06T00:00:00.968+00:00,2026-10-06T00:00:01.157+00:00,21072-30059,dryers,20632128-a,716000000,2026-10-06 00:00:01,2026-10-05 23:35:18,0,1483.0,-1483.0,,Available,website maps this code to Available
1,88e327c8-888a-4d98-bafe-fdab84f66f2c,2026-10-06T00:00:00.968+00:00,2026-10-06T00:00:01.157+00:00,21072-30059,dryers,20632044-a,716000000,2026-10-06 00:00:01,2026-10-05 22:54:15,0,3946.0,-3946.0,,Available,website maps this code to Available
1,88e327c8-888a-4d98-bafe-fdab84f66f2c,2026-10-06T00:00:00.968+00:00,2026-10-06T00:00:01.157+00:00,21072-30059,dryers,20632094-a,716000000,2026-10-06 00:00:01,2026-10-05 23:45:44,0,857.0,-857.0,,Available,website maps this code to Available
1,88e327c8-888a-4d98-bafe-fdab84f66f2c,2026-10-06T00:00:00.968+00:00,2026-10-06T00:00:01.157+00:00,21072-30059,dryers,20632123-a,716000000,2026-10-06 00:00:01,2026-10-05 22:53:52,0,3969.0,-3969.0,,Available,website maps this code to Available
1,88e327c8-888a-4d98-bafe-fdab84f66f2c,2026-10-06T00:00:00.968+00:00,2026-10-06T00:00:01.157+00:00,21072-30059,dryers,20632098-a,616000040,2026-10-06 00:00:01,2026-10-05 04:11:31,0,71310.0,-71310.0,,Error,
1,b92dfb96-6f0e-4100-83cb-b78104d4971a,2026-10-06T00:01:01.419+00:00,2026-10-06T00:01:01.588+00:00,21072-30059,washers,20632118-b,716000000,2026-10-06 00:01:01,2026-10-05 23:49:37,0,684.0,-684.0,,Available,website maps this code to Available
1,b92dfb96-6f0e-4100-83cb-b78104d4971a,2026-10-06T00:01:01.419+00:00,2026-10-06T00:01:01.588+00:00,21072-30059,washers,20632035-b,716000000,2026-10-06 00:01:01,2026-10-05 15:44:14,0,29807.0,-29807.0,,Available,website maps this code to Available
1,b92dfb96-6f0e-4100-83cb-b78104d4971a,2026-10-06T00:01:01.419+00:00,2026-10-06T00:01:01.588+00:00,21072-30059,washers,20632102-b,716000000,2026-10-06 00:01:01,2026-10-05 23:03:37,0,3444.0,-3444.0,,Available,website maps this code to Available
1,b92dfb96-6f0e-4100-83cb-b78104d4971a,2026-10-06T00:01:01.419+00:00,2026-10-06T00:01:01.588+00:00,21072-30059,washers,20632060-b,716000000,2026-10-06 00:01:01,2026-10-05 23:03:23,0,3458.0,-3458.0,,Available,website maps this code to Available
1,b92dfb96-6f0e-4100-83cb-b78104d4971a,2026-10-06T00:01:01.419+00:00,2026-10-06T00:01:01.588+00:00,21072-30059,washers,20632117-b,716000000,2026-10-06 00:01:01,2026-10-05 23:03:21,0,3460.0,-3460.0,,Available,website maps this code to Available
1,b92dfb96-6f0e-4100-83cb-b78104d4971a,2026-10-06T00:01:01.419+00:00,2026-10-06T00:01:01.588+00:00,21072-30059,washers,20632037-b,716000000,2026-10-06 00:01:01,2026-10-05 23:49:24,0,697.0,-697.0,,Available,website maps this code to Available
1,b92dfb96-6f0e-4100-83cb-b78104d4971a,2026-10-06T00:01:01.419+00:00,2026-10-06T00:01:01.588+00:00,21072-30059,washers,20632092-b,716000000,2026-10-06 00:01:01,2026-10-05 23:04:12,0,3409.0,-3409.0,,Available,website maps this code to Available
1,b92dfb96-6f0e-4100-83cb-b78104d4971a,2026-10-06T00:01:01.419+00:00,2026-10-06T00:01:01.588+00:00,21072-30059,washers,20632128-b,716000000,2026-10-06 00:01:01,2026-10-05 21:58:19,0,7362.0,-7362.0,,Available,website maps this code to Available
1,b92dfb96-6f0e-4100-83cb-b78104d4971a,2026-10-06T00:01:01.419+00:00,2026-10-06T00:01:01.588+00:00,21072-30059,washers,20632044-b,716000000,2026-10-06 00:01:01,2026-10-05 23:44:53,0,968.0,-968.0,,Available,website maps this code to Available
1,b92dfb96-6f0e-4100-83cb-b78104d4971a,2026-10-06T00:01:01.419+00:00,2026-10-06T00:01:01.588+00:00,21072-30059,washers,20632094-b,716000000,2026-10-06 00:01:01,2026-10-05 23:51:07,0,594.0,-594.0,,Available,website maps this code to Available
1,b92dfb96-6f0e-4100-83cb-b78104d4971a,2026-10-06T00:01:01.419+00:00,2026-10-06T00:01:01.588+00:00,21072-30059,washers,20632123-b,416000000,2026-10-06 00:01:01,2026-10-05 23:58:48,2,133.0,-13.0,,Available,website fallback: countdown expired
1,b92dfb96-6f0e-4100-83cb-b78104d4971a,2026-10-06T00:01:01.419+00:00,2026-10-06T00:01:01.588+00:00,21072-30059,washers,20632098-b,616000040,2026-10-06 00:01:01,2026-10-05 22:41:51,0,4750.0,-4750.0,,Error,
1,b92dfb96-6f0e-4100-83cb-b78104d4971a,2026-10-06T00:01:01.419+00:00,2026-10-06T00:01:01.588+00:00,21072-30059,dryers,20632096-a,416000000,2026-10-06 00:01:01,2026-10-05 23:51:57,10,544.0,56.0,1,Running,
1,b92dfb96-6f0e-4100-83cb-b78104d4971a,2026-10-06T00:01:01.419+00:00,2026-10-06T00:01:01.588+00:00,21072-30059,dryers,20632096-b,716000000,2026-10-06 00:01:01,2026-10-05 23:45:56,0,905.0,-905.0,,Available,website maps this code to Available
1,b92dfb96-6f0e-4100-83cb-b78104d4971a,2026-10-06T00:01:01.419+00:00,2026-10-06T00:01:01.588+00:00,21072-30059,dryers,20632118-a,416000000,2026-10-06 00:01:01,2026-10-05 23:52:57,10,484.0,116.0,2,Running,
1,b92dfb96-6f0e-4100-83cb-b78104d4971a,2026-10-06T00:01:01.419+00:00,2026-10-06T00:01:01.588+00:00,21072-30059,dryers,20632035-a,716000000,2026-10-06 00:01:01,2026-10-05 04:09:25,0,71496.0,-71496.0,,Available,website maps this code to Available
1,b92dfb96-6f0e-4100-83cb-b78104d4971a,2026-10-06T00:01:01.419+00:00,2026-10-06T00:01:01.588+00:00,21072-30059,dryers,20632102-a,716000000,2026-10-06 00:01:01,2026-10-05 23:10:05,0,3056.0,-3056.0,,Available,website maps this code to Available
1,b92dfb96-6f0e-4100-83cb-b78104d4971a,2026-10-06T00:01:01.419+00:00,2026-10-06T00:01:01.588+00:00,21072-30059,dryers,20632060-a,716000000,2026-10-06 00:01:01,2026-10-05 23:08:19,0,3162.0,-3162.0,,Available,website maps this code to Available
1,b92dfb96-6f0e-4100-83cb-b78104d4971a,2026-10-06T00:01:01.419+00:00,2026-10-06T00:01:01.588+00:00,21072-30059,dryers,20632117-a,716000000,2026-10-06 00:01:01,2026-10-05 23:38:26,0,1355.0,-1355.0,,Available,website maps this code to Available
1,b92dfb96-6f0e-4100-83cb-b78104d4971a,2026-10-06T00:01:01.419+00:00,2026-10-06T00:01:01.588+00:00,21072-30059,dryers,20632037-a,716000000,2026-10-06 00:01:01,2026-10-05 23:37:04,0,1437.0,-1437.0,,Available,website maps this code to Available
1,b92dfb96-6f0e-4100-83cb-b78104d4971a,2026-10-06T00:01:01.419+00:00,2026-10-06T00:01:01.588+00:00,21072-30059,dryers,20632092-a,716000000,2026-10-06 00:01:01,2026-10-06 00:00:56,0,5.0,-5.0,,Available,website maps this code to Available
1,b92dfb96-6f0e-4100-83cb-b78104d4971a,2026-10-06T00:01:01.419+00:00,2026-10-06T00:01:01.588+00:00,21072-30059,dryers,20632128-a,716000000,2026-10-06 00:01:01,2026-10-05 23:35:18,0,1543.0,-1543.0,,Available,website maps this code to Available
1,b92dfb96-6f0e-4100-83cb-b78104d4971a,2026-10-06T00:01:01.419+00:00,2026-10-06T00:01:01.588+00:00,21072-30059,dryers,20632044-a,716000000,2026-10-06 00:01:01,2026-10-05 22:54:15,0,4006.0,-4006.0,,Available,website maps this code to Available
1,b92dfb96-6f0e-4100-83cb-b78104d4971a,2026-10-06T00:01:01.419+00:00,2026-10-06T00:01:01.588+00:00,21072-30059,dryers,20632094-a,716000000,2026-10-06 00:01:01,2026-10-05 23:45:44,0,917.0,-917.0,,Available,website maps this code to Available
1,b92dfb96-6f0e-4100-83cb-b78104d4971a,2026-10-06T00:01:01.419+00:00,2026-10-06T00:01:01.588+00:00,21072-30059,dryers,20632123-a,716000000,2026-10-06 00:01:01,2026-10-05 22:53:52,0,4029.0,-4029.0,,Available,website maps this code to Available
1,b92dfb96-6f0e-4100-83cb-b78104d4971a,2026-10-06T00:01:01.419+00:00,2026-10-06T00:01:01.588+00:00,21072-30059,dryers,20632098-a,616000040,2026-10-06 00:01:01,2026-10-05 04:11:31,0,71370.0,-71370.0,,Error,
1,1d6158b3-4723-48da-b69a-3bb8c2714f6d,2026-10-06T00:02:01.287+00:00,2026-10-06T00:02:01.468+00:00,21072-30059,washers,20632118-b,716000000,2026-10-06 00:02:01,2026-10-05 23:49:37,0,744.0,-744.0,,Available,website maps this code to Available
1,1d6158b3-4723-48da-b69a-3bb8c2714f6d,2026-10-06T00:02:01.287+00:00,2026-10-06T00:02:01.468+00:00,21072-30059,washers,20632035-b,716000000,2026-10-06 00:02:01,2026-10-05 15:44:14,0,29867.0,-29867.0,,Available,website maps this code to Available
1,1d6158b3-4723-48da-b69a-3bb8c2714f6d,2026-10-06T00:02:01.287+00:00,2026-10-06T00:02:01.468+00:00,21072-30059,washers,20632102-b,716000000,2026-10-06 00:02:01,2026-10-05 23:03:37,0,3504.0,-3504.0,,Available,website maps this code to Available
1,1d6158b3-4723-48da-b69a-3bb8c2714f6d,2026-10-06T00:02:01.287+00:00,2026-10-06T00:02:01.468+00:00,21072-30059,washers,20632060-b,716000000,2026-10-06 00:02:01,2026-10-05 23:03:23,0,3518.0,-3518.0,,Available,website maps this code to Available
1,1d6158b3-4723-48da-b69a-3bb8c2714f6d,2026-10-06T00:02:01.287+00:00,2026-10-06T00:02:01.468+00:00,21072-30059,washers,20632117-b,716000000,2026-10-06 00:02:01,2026-10-05 23:03:21,0,3520.0,-3520.0,,Available,website maps this code to Available
1,1d6158b3-4723-48da-b69a-3bb8c2714f6d,2026-10-06T00:02:01.287+00:00,2026-10-06T00:02:01.468+00:00,21072-30059,washers,20632037-b,716000000,2026-10-06 00:02:01,2026-10-05 23:49:24,0,757.0,-757.0,,Available,website maps this code to Available
1,1d6158b3-4723-48da-b69a-3bb8c2714f6d,2026-10-06T00:02:01.287+00:00,2026-10-06T00:02:01.468+00:00,21072-30059,washers,20632092-b,716000000,2026-10-06 00:02:01,2026-10-05 23:04:12,0,3469.0,-3469.0,,Available,website maps this code to Available
1,1d6158b3-4723-48da-b69a-3bb8c2714f6d,2026-10-06T00:02:01.287+00:00,2026-10-06T00:02:01.468+00:00,21072-30059,washers,20632128-b,716000000,2026-10-06 00:02:01,2026-10-05 21:58:19,0,7422.0,-7422.0,,Available,website maps this code to Available
1,1d6158b3-4723-48da-b69a-3bb8c2714f6d,2026-10-06T00:02:01.287+00:00,2026-10-06T00:02:01.468+00:00,21072-30059,washers,20632044-b,716000000,2026-10-06 00:02:01,2026-10-05 23:44:53,0,1028.0,-1028.0,,Available,website maps this code to Available
1,1d6158b3-4723-48da-b69a-3bb8c2714f6d,2026-10-06T00:02:01.287+00:00,2026-10-06T00:02:01.468+00:00,21072-30059,washers,20632094-b,716000000,2026-10-06 00:02:01,2026-10-05 23:51:07,0,654.0,-654.0,,Available,website maps this code to Available
1,1d6158b3-4723-48da-b69a-3bb8c2714f6d,2026-10-06T00:02:01.287+00:00,2026-10-06T00:02:01.468+00:00,21072-30059,washers,20632123-b,716000000,2026-10-06 00:02:01,2026-10-06 00:01:01,0,60.0,-60.0,,Available,website maps this code to Available
1,1d6158b3-4723-48da-b69a-3bb8c2714f6d,2026-10-06T00:02:01.287+00:00,2026-10-06T00:02:01.468+00:00,21072-30059,washers,20632098-b,616000040,2026-10-06 00:02:01,2026-10-05 22:41:51,0,4810.0,-4810.0,,Error,
1,1d6158b3-4723-48da-b69a-3bb8c2714f6d,2026-10-06T00:02:01.287+00:00,2026-10-06T00:02:01.468+00:00,21072-30059,dryers,20632096-a,716000000,2026-10-06 00:02:01,2026-10-06 00:01:59,0,2.0,-2.0,,Available,website maps this code to Available
1,1d6158b3-4723-48da-b69a-3bb8c2714f6d,2026-10-06T00:02:01.287+00:00,2026-10-06T00:02:01.468+00:00,21072-30059,dryers,20632096-b,716000000,2026-10-06 00:02:01,2026-10-05 23:45:56,0,965.0,-965.0,,Available,website maps this code to Available
1,1d6158b3-4723-48da-b69a-3bb8c2714f6d,2026-10-06T00:02:01.287+00:00,2026-10-06T00:02:01.468+00:00,21072-30059,dryers,20632118-a,416000000,2026-10-06 00:02:01,2026-10-05 23:52:57,10,544.0,56.0,1,Running,
1,1d6158b3-4723-48da-b69a-3bb8c2714f6d,2026-10-06T00:02:01.287+00:00,2026-10-06T00:02:01.468+00:00,21072-30059,dryers,20632035-a,716000000,2026-10-06 00:02:01,2026-10-05 04:09:25,0,71556.0,-71556.0,,Available,website maps this code to Available
1,1d6158b3-4723-48da-b69a-3bb8c2714f6d,2026-10-06T00:02:01.287+00:00,2026-10-06T00:02:01.468+00:00,21072-30059,dryers,20632102-a,716000000,2026-10-06 00:02:01,2026-10-05 23:10:05,0,3116.0,-3116.0,,Available,website maps this code to Available
1,1d6158b3-4723-48da-b69a-3bb8c2714f6d,2026-10-06T00:02:01.287+00:00,2026-10-06T00:02:01.468+00:00,21072-30059,dryers,20632060-a,716000000,2026-10-06 00:02:01,2026-10-05 23:08:19,0,3222.0,-3222.0,,Available,website maps this code to Available
1,1d6158b3-4723-48da-b69a-3bb8c2714f6d,2026-10-06T00:02:01.287+00:00,2026-10-06T00:02:01.468+00:00,21072-30059,dryers,20632117-a,716000000,2026-10-06 00:02:01,2026-10-05 23:38:26,0,1415.0,-1415.0,,Available,website maps this code to Available
1,1d6158b3-4723-48da-b69a-3bb8c2714f6d,2026-10-06T00:02:01.287+00:00,2026-10-06T00:02:01.468+00:00,21072-30059,dryers,20632037-a,716000000,2026-10-06 00:02:01,2026-10-05 23:37:04,0,1497.0,-1497.0,,Available,website maps this code to Available
1,1d6158b3-4723-48da-b69a-3bb8c2714f6d,2026-10-06T00:02:01.287+00:00,2026-10-06T00:02:01.468+00:00,21072-30059,dryers,20632092-a,716000000,2026-10-06 00:02:01,2026-10-06 00:00:56,0,65.0,-65.0,,Available,website maps this code to Available
1,1d6158b3-4723-48da-b69a-3bb8c2714f6d,2026-10-06T00:02:01.287+00:00,2026-10-06T00:02:01.468+00:00,21072-30059,dryers,20632128-a,716000000,2026-10-06 00:02:01,2026-10-05 23:35:18,0,1603.0,-1603.0,,Available,website maps this code to Available
1,1d6158b3-4723-48da-b69a-3bb8c2714f6d,2026-10-06T00:02:01.287+00:00,2026-10-06T00:02:01.468+00:00,21072-30059,dryers,20632044-a,716000000,2026-10-06 00:02:01,2026-10-05 22:54:15,0,4066.0,-4066.0,,Available,website maps this code to Available
1,1d6158b3-4723-48da-b69a-3bb8c2714f6d,2026-10-06T00:02:01.287+00:00,2026-10-06T00:02:01.468+00:00,21072-30059,dryers,20632094-a,716000000,2026-10-06 00:02:01,2026-10-05 23:45:44,0,977.0,-977.0,,Available,website maps this code to Available
1,1d6158b3-4723-48da-b69a-3bb8c2714f6d,2026-10-06T00:02:01.287+00:00,2026-10-06T00:02:01.468+00:00,21072-30059,dryers,20632123-a,716000000,2026-10-06 00:02:01,2026-10-05 22:53:52,0,4089.0,-4089.0,,Available,website maps this code to Available
1,1d6158b3-4723-48da-b69a-3bb8c2714f6d,2026-10-06T00:02:01.287+00:00,2026-10-06T00:02:01.468+00:00,21072-30059,dryers,20632098-a,616000040,2026-10-06 00:02:01,2026-10-05 04:11:31,0,71430.0,-71430.0,,Error,
1,9d93d40a-eeea-4806-8ad7-56d0d92da613,2026-10-06T00:03:01.246+00:00,2026-10-06T00:03:01.452+00:00,21072-30059,washers,20632118-b,716000000,2026-10-06 00:03:01,2026-10-05 23:49:37,0,804.0,-804.0,,Available,website maps this code to Available
1,9d93d40a-eeea-4806-8ad7-56d0d92da613,2026-10-06T00:03:01.246+00:00,2026-10-06T00:03:01.452+00:00,21072-30059,washers,20632035-b,716000000,2026-10-06 00:03:01,2026-10-05 15:44:14,0,29927.0,-29927.0,,Available,website maps this code to Available
1,9d93d40a-eeea-4806-8ad7-56d0d92da613,2026-10-06T00:03:01.246+00:00,2026-10-06T00:03:01.452+00:00,21072-30059,washers,20632102-b,716000000,2026-10-06 00:03:01,2026-10-05 23:03:37,0,3564.0,-3564.0,,Available,website maps this code to Available
1,9d93d40a-eeea-4806-8ad7-56d0d92da613,2026-10-06T00:03:01.246+00:00,2026-10-06T00:03:01.452+00:00,21072-30059,washers,20632060-b,716000000,2026-10-06 00:03:01,2026-10-05 23:03:23,0,3578.0,-3578.0,,Available,website maps this code to Available
1,9d93d40a-eeea-4806-8ad7-56d0d92da613,2026-10-06T00:03:01.246+00:00,2026-10-06T00:03:01.452+00:00,21072-30059,washers,20632117-b,716000000,2026-10-06 00:03:01,2026-10-05 23:03:21,0,3580.0,-3580.0,,Available,website maps this code to Available
1,9d93d40a-eeea-4806-8ad7-56d0d92da613,2026-10-06T00:03:01.246+00:00,2026-10-06T00:03:01.452+00:00,21072-30059,washers,20632037-b,716000000,2026-10-06 00:03:01,2026-10-05 23:49:24,0,817.0,-817.0,,Available,website maps this code to Available
1,9d93d40a-eeea-4806-8ad7-56d0d92da613,2026-10-06T00:03:01.246+00:00,2026-10-06T00:03:01.452+00:00,21072-30059,washers,20632092-b,716000000,2026-10-06 00:03:01,2026-10-05 23:04:12,0,3529.0,-3529.0,,Available,website maps this code to Available
1,9d93d40a-eeea-4806-8ad7-56d0d92da613,2026-10-06T00:03:01.246+00:00,2026-10-06T00:03:01.452+00:00,21072-30059,washers,20632128-b,716000000,2026-10-06 00:03:01,2026-10-05 21:58:19,0,7482.0,-7482.0,,Available,website maps this code to Available
1,9d93d40a-eeea-4806-8ad7-56d0d92da613,2026-10-06T00:03:01.246+00:00,2026-10-06T00:03:01.452+00:00,21072-30059,washers,20632044-b,716000000,2026-10-06 00:03:01,2026-10-05 23:44:53,0,1088.0,-1088.0,,Available,website maps this code to Available
1,9d93d40a-eeea-4806-8ad7-56d0d92da613,2026-10-06T00:03:01.246+00:00,2026-10-06T00:03:01.452+00:00,21072-30059,washers,20632094-b,716000000,2026-10-06 00:03:01,2026-10-05 23:51:07,0,714.0,-714.0,,Available,website maps this code to Available
1,9d93d40a-eeea-4806-8ad7-56d0d92da613,2026-10-06T00:03:01.246+00:00,2026-10-06T00:03:01.452+00:00,21072-30059,washers,20632123-b,716000000,2026-10-06 00:03:01,2026-10-06 00:01:01,0,120.0,-120.0,,Available,website maps this code to Available
1,9d93d40a-eeea-4806-8ad7-56d0d92da613,2026-10-06T00:03:01.246+00:00,2026-10-06T00:03:01.452+00:00,21072-30059,washers,20632098-b,616000040,2026-10-06 00:03:01,2026-10-05 22:41:51,0,4870.0,-4870.0,,Error,
1,9d93d40a-eeea-4806-8ad7-56d0d92da613,2026-10-06T00:03:01.246+00:00,2026-10-06T00:03:01.452+00:00,21072-30059,dryers,20632096-a,716000000,2026-10-06 00:03:01,2026-10-06 00:01:59,0,62.0,-62.0,,Available,website maps this code to Available
1,9d93d40a-eeea-4806-8ad7-56d0d92da613,2026-10-06T00:03:01.246+00:00,2026-10-06T00:03:01.452+00:00,21072-30059,dryers,20632096-b,716000000,2026-10-06 00:03:01,2026-10-05 23:45:56,0,1025.0,-1025.0,,Available,website maps this code to Available
1,9d93d40a-eeea-4806-8ad7-56d0d92da613,2026-10-06T00:03:01.246+00:00,2026-10-06T00:03:01.452+00:00,21072-30059,dryers,20632118-a,716000000,2026-10-06 00:03:01,2026-10-06 00:02:36,0,25.0,-25.0,,Available,website maps this code to Available
1,9d93d40a-eeea-4806-8ad7-56d0d92da613,2026-10-06T00:03:01.246+00:00,2026-10-06T00:03:01.452+00:00,21072-30059,dryers,20632035-a,716000000,2026-10-06 00:03:01,2026-10-05 04:09:25,0,71616.0,-71616.0,,Available,website maps this code to Available
1,9d93d40a-eeea-4806-8ad7-56d0d92da613,2026-10-06T00:03:01.246+00:00,2026-10-06T00:03:01.452+00:00,21072-30059,dryers,20632102-a,716000000,2026-10-06 00:03:01,2026-10-05 23:10:05,0,3176.0,-3176.0,,Available,website maps this code to Available
1,9d93d40a-eeea-4806-8ad7-56d0d92da613,2026-10-06T00:03:01.246+00:00,2026-10-06T00:03:01.452+00:00,21072-30059,dryers,20632060-a,716000000,2026-10-06 00:03:01,2026-10-05 23:08:19,0,3282.0,-3282.0,,Available,website maps this code to Available
1,9d93d40a-eeea-4806-8ad7-56d0d92da613,2026-10-06T00:03:01.246+00:00,2026-10-06T00:03:01.452+00:00,21072-30059,dryers,20632117-a,716000000,2026-10-06 00:03:01,2026-10-05 23:38:26,0,1475.0,-1475.0,,Available,website maps this code to Available
1,9d93d40a-eeea-4806-8ad7-56d0d92da613,2026-10-06T00:03:01.246+00:00,2026-10-06T00:03:01.452+00:00,21072-30059,dryers,20632037-a,716000000,2026-10-06 00:03:01,2026-10-05 23:37:04,0,1557.0,-1557.0,,Available,website maps this code to Available
1,9d93d40a-eeea-4806-8ad7-56d0d92da613,2026-10-06T00:03:01.246+00:00,2026-10-06T00:03:01.452+00:00,21072-30059,dryers,20632092-a,716000000,2026-10-06 00:03:01,2026-10-06 00:00:56,0,125.0,-125.0,,Available,website maps this code to Available
1,9d93d40a-eeea-4806-8ad7-56d0d92da613,2026-10-06T00:03:01.246+00:00,2026-10-06T00:03:01.452+00:00,21072-30059,dryers,20632128-a,716000000,2026-10-06 00:03:01,2026-10-05 23:35:18,0,1663.0,-1663.0,,Available,website maps this code to Available
1,9d93d40a-eeea-4806-8ad7-56d0d92da613,2026-10-06T00:03:01.246+00:00,2026-10-06T00:03:01.452+00:00,21072-30059,dryers,20632044-a,716000000,2026-10-06 00:03:01,2026-10-05 22:54:15,0,4126.0,-4126.0,,Available,website maps this code to Available
1,9d93d40a-eeea-4806-8ad7-56d0d92da613,2026-10-06T00:03:01.246+00:00,2026-10-06T00:03:01.452+00:00,21072-30059,dryers,20632094-a,716000000,2026-10-06 00:03:01,2026-10-05 23:45:44,0,1037.0,-1037.0,,Available,website maps this code to Available
1,9d93d40a-eeea-4806-8ad7-56d0d92da613,2026-10-06T00:03:01.246+00:00,2026-10-06T00:03:01.452+00:00,21072-30059,dryers,20632123-a,716000000,2026-10-06 00:03:01,2026-10-05 22:53:52,0,4149.0,-4149.0,,Available,website maps this code to Available
1,9d93d40a-eeea-4806-8ad7-56d0d92da613,2026-10-06T00:03:01.246+00:00,2026-10-06T00:03:01.452+00:00,21072-30059,dryers,20632098-a,616000040,2026-10-06 00:03:01,2026-10-05 04:11:31,0,71490.0,-71490.0,,Error,
1,ed959ecb-b9c5-4c7e-abe5-9914bce1e79a,2026-10-06T00:04:01.264+00:00,2026-10-06T00:04:01.455+00:00,21072-30059,washers,20632118-b,716000000,2026-10-06 00:04:01,2026-10-05 23:49:37,0,864.0,-864.0,,Available,website maps this code to Available
1,ed959ecb-b9c5-4c7e-abe5-9914bce1e79a,2026-10-06T00:04:01.264+00:00,2026-10-06T00:04:01.455+00:00,21072-30059,washers,20632035-b,716000000,2026-10-06 00:04:01,2026-10-05 15:44:14,0,29987.0,-29987.0,,Available,website maps this code to Available
1,ed959ecb-b9c5-4c7e-abe5-9914bce1e79a,2026-10-06T00:04:01.264+00:00,2026-10-06T00:04:01.455+00:00,21072-30059,washers,20632102-b,716000000,2026-10-06 00:04:01,2026-10-05 23:03:37,0,3624.0,-3624.0,,Available,website maps this code to Available
1,ed959ecb-b9c5-4c7e-abe5-9914bce1e79a,2026-10-06T00:04:01.264+00:00,2026-10-06T00:04:01.455+00:00,21072-30059,washers,20632060-b,716000000,2026-10-06 00:04:01,2026-10-05 23:03:23,0,3638.0,-3638.0,,Available,website maps this code to Available
1,ed959ecb-b9c5-4c7e-abe5-9914bce1e79a,2026-10-06T00:04:01.264+00:00,2026-10-06T00:04:01.455+00:00,21072-30059,washers,20632117-b,716000000,2026-10-06 00:04:01,2026-10-05 23:03:21,0,3640.0,-3640.0,,Available,website maps this code to Available
1,ed959ecb-b9c5-4c7e-abe5-9914bce1e79a,2026-10-06T00:04:01.264+00:00,2026-10-06T00:04:01.455+00:00,21072-30059,washers,20632037-b,716000000,2026-10-06 00:04:01,2026-10-05 23:49:24,0,877.0,-877.0,,Available,website maps this code to Available
1,ed959ecb-b9c5-4c7e-abe5-9914bce1e79a,2026-10-06T00:04:01.264+00:00,2026-10-06T00:04:01.455+00:00,21072-30059,washers,20632092-b,716000000,2026-10-06 00:04:01,2026-10-05 23:04:12,0,3589.0,-3589.0,,Available,website maps this code to Available
1,ed959ecb-b9c5-4c7e-abe5-9914bce1e79a,2026-10-06T00:04:01.264+00:00,2026-10-06T00:04:01.455+00:00,21072-30059,washers,20632128-b,716000000,2026-10-06 00:04:01,2026-10-05 21:58:19,0,7542.0,-7542.0,,Available,website maps this code to Available
1,ed959ecb-b9c5-4c7e-abe5-9914bce1e79a,2026-10-06T00:04:01.264+00:00,2026-10-06T00:04:01.455+00:00,21072-30059,washers,20632044-b,716000000,2026-10-06 00:04:01,2026-10-05 23:44:53,0,1148.0,-1148.0,,Available,website maps this code to Available
1,ed959ecb-b9c5-4c7e-abe5-9914bce1e79a,2026-10-06T00:04:01.264+00:00,2026-10-06T00:04:01.455+00:00,21072-30059,washers,20632094-b,716000000,2026-10-06 00:04:01,2026-10-05 23:51:07,0,774.0,-774.0,,Available,website maps this code to Available
1,ed959ecb-b9c5-4c7e-abe5-9914bce1e79a,2026-10-06T00:04:01.264+00:00,2026-10-06T00:04:01.455+00:00,21072-30059,washers,20632123-b,716000000,2026-10-06 00:04:01,2026-10-06 00:01:01,0,180.0,-180.0,,Available,website maps this code to Available
1,ed959ecb-b9c5-4c7e-abe5-9914bce1e79a,2026-10-06T00:04:01.264+00:00,2026-10-06T00:04:01.455+00:00,21072-30059,washers,20632098-b,616000040,2026-10-06 00:04:01,2026-10-05 22:41:51,0,4930.0,-4930.0,,Error,
1,ed959ecb-b9c5-4c7e-abe5-9914bce1e79a,2026-10-06T00:04:01.264+00:00,2026-10-06T00:04:01.455+00:00,21072-30059,dryers,20632096-a,716000000,2026-10-06 00:04:01,2026-10-06 00:01:59,0,122.0,-122.0,,Available,website maps this code to Available
1,ed959ecb-b9c5-4c7e-abe5-9914bce1e79a,2026-10-06T00:04:01.264+00:00,2026-10-06T00:04:01.455+00:00,21072-30059,dryers,20632096-b,716000000,2026-10-06 00:04:01,2026-10-05 23:45:56,0,1085.0,-1085.0,,Available,website maps this code to Available
1,ed959ecb-b9c5-4c7e-abe5-9914bce1e79a,2026-10-06T00:04:01.264+00:00,2026-10-06T00:04:01.455+00:00,21072-30059,dryers,20632118-a,716000000,2026-10-06 00:04:01,2026-10-06 00:02:36,0,85.0,-85.0,,Available,website maps this code to Available
1,ed959ecb-b9c5-4c7e-abe5-9914bce1e79a,2026-10-06T00:04:01.264+00:00,2026-10-06T00:04:01.455+00:00,21072-30059,dryers,20632035-a,716000000,2026-10-06 00:04:01,2026-10-05 04:09:25,0,71676.0,-71676.0,,Available,website maps this code to Available
1,ed959ecb-b9c5-4c7e-abe5-9914bce1e79a,2026-10-06T00:04:01.264+00:00,2026-10-06T00:04:01.455+00:00,21072-30059,dryers,20632102-a,716000000,2026-10-06 00:04:01,2026-10-05 23:10:05,0,3236.0,-3236.0,,Available,website maps this code to Available
1,ed959ecb-b9c5-4c7e-abe5-9914bce1e79a,2026-10-06T00:04:01.264+00:00,2026-10-06T00:04:01.455+00:00,21072-30059,dryers,20632060-a,716000000,2026-10-06 00:04:01,2026-10-05 23:08:19,0,3342.0,-3342.0,,Available,website maps this code to Available
1,ed959ecb-b9c5-4c7e-abe5-9914bce1e79a,2026-10-06T00:04:01.264+00:00,2026-10-06T00:04:01.455+00:00,21072-30059,dryers,20632117-a,716000000,2026-10-06 00:04:01,2026-10-05 23:38:26,0,1535.0,-1535.0,,Available,website maps this code to Available
1,ed959ecb-b9c5-4c7e-abe5-9914bce1e79a,2026-10-06T00:04:01.264+00:00,2026-10-06T00:04:01.455+00:00,21072-30059,dryers,20632037-a,716000000,2026-10-06 00:04:01,2026-10-05 23:37:04,0,1617.0,-1617.0,,Available,website maps this code to Available
1,ed959ecb-b9c5-4c7e-abe5-9914bce1e79a,2026-10-06T00:04:01.264+00:00,2026-10-06T00:04:01.455+00:00,21072-30059,dryers,20632092-a,716000000,2026-10-06 00:04:01,2026-10-06 00:00:56,0,185.0,-185.0,,Available,website maps this code to Available
1,ed959ecb-b9c5-4c7e-abe5-9914bce1e79a,2026-10-06T00:04:01.264+00:00,2026-10-06T00:04:01.455+00:00,21072-30059,dryers,20632128-a,716000000,2026-10-06 00:04:01,2026-10-05 23:35:18,0,1723.0,-1723.0,,Available,website maps this code to Available
1,ed959ecb-b9c5-4c7e-abe5-9914bce1e79a,2026-10-06T00:04:01.264+00:00,2026-10-06T00:04:01.455+00:00,21072-30059,dryers,20632044-a,716000000,2026-10-06 00:04:01,2026-10-05 22:54:15,0,4186.0,-4186.0,,Available,website maps this code to Available
1,ed959ecb-b9c5-4c7e-abe5-9914bce1e79a,2026-10-06T00:04:01.264+00:00,2026-10-06T00:04:01.455+00:00,21072-30059,dryers,20632094-a,716000000,2026-10-06 00:04:01,2026-10-05 23:45:44,0,1097.0,-1097.0,,Available,website maps this code to Available
1,ed959ecb-b9c5-4c7e-abe5-9914bce1e79a,2026-10-06T00:04:01.264+00:00,2026-10-06T00:04:01.455+00:00,21072-30059,dryers,20632123-a,716000000,2026-10-06 00:04:01,2026-10-05 22:53:52,0,4209.0,-4209.0,,Available,website maps this code to Available
1,ed959ecb-b9c5-4c7e-abe5-9914bce1e79a,2026-10-06T00:04:01.264+00:00,2026-10-06T00:04:01.455+00:00,21072-30059,dryers,20632098-a,616000040,2026-10-06 00:04:01,2026-10-05 04:11:31,0,71550.0,-71550.0,,Error,
1,a679e752-53d5-447e-93a0-9ad973f4284d,2026-10-06T00:05:00.743+00:00,2026-10-06T00:05:00.914+00:00,21072-30059,washers,20632118-b,716000000,2026-10-06 00:05:00,2026-10-05 23:49:37,0,923.0,-923.0,,Available,website maps this code to Available
1,a679e752-53d5-447e-93a0-9ad973f4284d,2026-10-06T00:05:00.743+00:00,2026-10-06T00:05:00.914+00:00,21072-30059,washers,20632035-b,716000000,2026-10-06 00:05:00,2026-10-05 15:44:14,0,30046.0,-30046.0,,Available,website maps this code to Available
1,a679e752-53d5-447e-93a0-9ad973f4284d,2026-10-06T00:05:00.743+00:00,2026-10-06T00:05:00.914+00:00,21072-30059,washers,20632102-b,716000000,2026-10-06 00:05:00,2026-10-05 23:03:37,0,3683.0,-3683.0,,Available,website maps this code to Available
1,a679e752-53d5-447e-93a0-9ad973f4284d,2026-10-06T00:05:00.743+00:00,2026-10-06T00:05:00.914+00:00,21072-30059,washers,20632060-b,716000000,2026-10-06 00:05:00,2026-10-05 23:03:23,0,3697.0,-3697.0,,Available,website maps this code to Available
1,a679e752-53d5-447e-93a0-9ad973f4284d,2026-10-06T00:05:00.743+00:00,2026-10-06T00:05:00.914+00:00,21072-30059,washers,20632117-b,716000000,2026-10-06 00:05:00,2026-10-05 23:03:21,0,3699.0,-3699.0,,Available,website maps this code to Available
1,a679e752-53d5-447e-93a0-9ad973f4284d,2026-10-06T00:05:00.743+00:00,2026-10-06T00:05:00.914+00:00,21072-30059,washers,20632037-b,716000000,2026-10-06 00:05:00,2026-10-05 23:49:24,0,936.0,-936.0,,Available,website maps this code to Available
1,a679e752-53d5-447e-93a0-9ad973f4284d,2026-10-06T00:05:00.743+00:00,2026-10-06T00:05:00.914+00:00,21072-30059,washers,20632092-b,716000000,2026-10-06 00:05:00,2026-10-05 23:04:12,0,3648.0,-3648.0,,Available,website maps this code to Available
1,a679e752-53d5-447e-93a0-9ad973f4284d,2026-10-06T00:05:00.743+00:00,2026-10-06T00:05:00.914+00:00,21072-30059,washers,20632128-b,716000000,2026-10-06 00:05:00,2026-10-05 21:58:19,0,7601.0,-7601.0,,Available,website maps this code to Available
1,a679e752-53d5-447e-93a0-9ad973f4284d,2026-10-06T00:05:00.743+00:00,2026-10-06T00:05:00.914+00:00,21072-30059,washers,20632044-b,716000000,2026-10-06 00:05:00,2026-10-05 23:44:53,0,1207.0,-1207.0,,Available,website maps this code to Available
1,a679e752-53d5-447e-93a0-9ad973f4284d,2026-10-06T00:05:00.743+00:00,2026-10-06T00:05:00.914+00:00,21072-30059,washers,20632094-b,716000000,2026-10-06 00:05:00,2026-10-05 23:51:07,0,833.0,-833.0,,Available,website maps this code to Available
1,a679e752-53d5-447e-93a0-9ad973f4284d,2026-10-06T00:05:00.743+00:00,2026-10-06T00:05:00.914+00:00,21072-30059,washers,20632123-b,716000000,2026-10-06 00:05:00,2026-10-06 00:01:01,0,239.0,-239.0,,Available,website maps this code to Available
1,a679e752-53d5-447e-93a0-9ad973f4284d,2026-10-06T00:05:00.743+00:00,2026-10-06T00:05:00.914+00:00,21072-30059,washers,20632098-b,616000040,2026-10-06 00:05:00,2026-10-05 22:41:51,0,4989.0,-4989.0,,Error,
1,a679e752-53d5-447e-93a0-9ad973f4284d,2026-10-06T00:05:00.743+00:00,2026-10-06T00:05:00.914+00:00,21072-30059,dryers,20632096-a,716000000,2026-10-06 00:05:00,2026-10-06 00:01:59,0,181.0,-181.0,,Available,website maps this code to Available
1,a679e752-53d5-447e-93a0-9ad973f4284d,2026-10-06T00:05:00.743+00:00,2026-10-06T00:05:00.914+00:00,21072-30059,dryers,20632096-b,716000000,2026-10-06 00:05:00,2026-10-05 23:45:56,0,1144.0,-1144.0,,Available,website maps this code to Available
1,a679e752-53d5-447e-93a0-9ad973f4284d,2026-10-06T00:05:00.743+00:00,2026-10-06T00:05:00.914+00:00,21072-30059,dryers,20632118-a,716000000,2026-10-06 00:05:00,2026-10-06 00:02:36,0,144.0,-144.0,,Available,website maps this code to Available
1,a679e752-53d5-447e-93a0-9ad973f4284d,2026-10-06T00:05:00.743+00:00,2026-10-06T00:05:00.914+00:00,21072-30059,dryers,20632035-a,716000000,2026-10-06 00:05:00,2026-10-05 04:09:25,0,71735.0,-71735.0,,Available,website maps this code to Available
1,a679e752-53d5-447e-93a0-9ad973f4284d,2026-10-06T00:05:00.743+00:00,2026-10-06T00:05:00.914+00:00,21072-30059,dryers,20632102-a,716000000,2026-10-06 00:05:00,2026-10-05 23:10:05,0,3295.0,-3295.0,,Available,website maps this code to Available
1,a679e752-53d5-447e-93a0-9ad973f4284d,2026-10-06T00:05:00.743+00:00,2026-10-06T00:05:00.914+00:00,21072-30059,dryers,20632060-a,716000000,2026-10-06 00:05:00,2026-10-05 23:08:19,0,3401.0,-3401.0,,Available,website maps this code to Available
1,a679e752-53d5-447e-93a0-9ad973f4284d,2026-10-06T00:05:00.743+00:00,2026-10-06T00:05:00.914+00:00,21072-30059,dryers,20632117-a,716000000,2026-10-06 00:05:00,2026-10-05 23:38:26,0,1594.0,-1594.0,,Available,website maps this code to Available
1,a679e752-53d5-447e-93a0-9ad973f4284d,2026-10-06T00:05:00.743+00:00,2026-10-06T00:05:00.914+00:00,21072-30059,dryers,20632037-a,716000000,2026-10-06 00:05:00,2026-10-05 23:37:04,0,1676.0,-1676.0,,Available,website maps this code to Available
1,a679e752-53d5-447e-93a0-9ad973f4284d,2026-10-06T00:05:00.743+00:00,2026-10-06T00:05:00.914+00:00,21072-30059,dryers,20632092-a,716000000,2026-10-06 00:05:00,2026-10-06 00:00:56,0,244.0,-244.0,,Available,website maps this code to Available
1,a679e752-53d5-447e-93a0-9ad973f4284d,2026-10-06T00:05:00.743+00:00,2026-10-06T00:05:00.914+00:00,21072-30059,dryers,20632128-a,716000000,2026-10-06 00:05:00,2026-10-05 23:35:18,0,1782.0,-1782.0,,Available,website maps this code to Available
1,a679e752-53d5-447e-93a0-9ad973f4284d,2026-10-06T00:05:00.743+00:00,2026-10-06T00:05:00.914+00:00,21072-30059,dryers,20632044-a,716000000,2026-10-06 00:05:00,2026-10-05 22:54:15,0,4245.0,-4245.0,,Available,website maps this code to Available
1,a679e752-53d5-447e-93a0-9ad973f4284d,2026-10-06T00:05:00.743+00:00,2026-10-06T00:05:00.914+00:00,21072-30059,dryers,20632094-a,716000000,2026-10-06 00:05:00,2026-10-05 23:45:44,0,1156.0,-1156.0,,Available,website maps this code to Available
1,a679e752-53d5-447e-93a0-9ad973f4284d,2026-10-06T00:05:00.743+00:00,2026-10-06T00:05:00.914+00:00,21072-30059,dryers,20632123-a,716000000,2026-10-06 00:05:00,2026-10-05 22:53:52,0,4268.0,-4268.0,,Available,website maps this code to Available
1,a679e752-53d5-447e-93a0-9ad973f4284d,2026-10-06T00:05:00.743+00:00,2026-10-06T00:05:00.914+00:00,21072-30059,dryers,20632098-a,616000040,2026-10-06 00:05:00,2026-10-05 04:11:31,0,71609.0,-71609.0,,Error,
1,353953f5-0aaa-493d-9277-53b399b426b5,2026-10-06T00:06:01.319+00:00,2026-10-06T00:06:01.496+00:00,21072-30059,washers,20632118-b,716000000,2026-10-06 00:06:01,2026-10-05 23:49:37,0,984.0,-984.0,,Available,website maps this code to Available
1,353953f5-0aaa-493d-9277-53b399b426b5,2026-10-06T00:06:01.319+00:00,2026-10-06T00:06:01.496+00:00,21072-30059,washers,20632035-b,716000000,2026-10-06 00:06:01,2026-10-05 15:44:14,0,30107.0,-30107.0,,Available,website maps this code to Available
1,353953f5-0aaa-493d-9277-53b399b426b5,2026-10-06T00:06:01.319+00:00,2026-10-06T00:06:01.496+00:00,21072-30059,washers,20632102-b,716000000,2026-10-06 00:06:01,2026-10-05 23:03:37,0,3744.0,-3744.0,,Available,website maps this code to Available
1,353953f5-0aaa-493d-9277-53b399b426b5,2026-10-06T00:06:01.319+00:00,2026-10-06T00:06:01.496+00:00,21072-30059,washers,20632060-b,716000000,2026-10-06 00:06:01,2026-10-05 23:03:23,0,3758.0,-3758.0,,Available,website maps this code to Available
1,353953f5-0aaa-493d-9277-53b399b426b5,2026-10-06T00:06:01.319+00:00,2026-10-06T00:06:01.496+00:00,21072-30059,washers,20632117-b,716000000,2026-10-06 00:06:01,2026-10-05 23:03:21,0,3760.0,-3760.0,,Available,website maps this code to Available
1,353953f5-0aaa-493d-9277-53b399b426b5,2026-10-06T00:06:01.319+00:00,2026-10-06T00:06:01.496+00:00,21072-30059,washers,20632037-b,716000000,2026-10-06 00:06:01,2026-10-05 23:49:24,0,997.0,-997.0,,Available,website maps this code to Available
1,353953f5-0aaa-493d-9277-53b399b426b5,2026-10-06T00:06:01.319+00:00,2026-10-06T00:06:01.496+00:00,21072-30059,washers,20632092-b,716000000,2026-10-06 00:06:01,2026-10-05 23:04:12,0,3709.0,-3709.0,,Available,website maps this code to Available
1,353953f5-0aaa-493d-9277-53b399b426b5,2026-10-06T00:06:01.319+00:00,2026-10-06T00:06:01.496+00:00,21072-30059,washers,20632128-b,716000000,2026-10-06 00:06:01,2026-10-05 21:58:19,0,7662.0,-7662.0,,Available,website maps this code to Available
1,353953f5-0aaa-493d-9277-53b399b426b5,2026-10-06T00:06:01.319+00:00,2026-10-06T00:06:01.496+00:00,21072-30059,washers,20632044-b,716000000,2026-10-06 00:06:01,2026-10-05 23:44:53,0,1268.0,-1268.0,,Available,website maps this code to Available
1,353953f5-0aaa-493d-9277-53b399b426b5,2026-10-06T00:06:01.319+00:00,2026-10-06T00:06:01.496+00:00,21072-30059,washers,20632094-b,716000000,2026-10-06 00:06:01,2026-10-05 23:51:07,0,894.0,-894.0,,Available,website maps this code to Available
1,353953f5-0aaa-493d-9277-53b399b426b5,2026-10-06T00:06:01.319+00:00,2026-10-06T00:06:01.496+00:00,21072-30059,washers,20632123-b,716000000,2026-10-06 00:06:01,2026-10-06 00:05:40,0,21.0,-21.0,,Available,website maps this code to Available
1,353953f5-0aaa-493d-9277-53b399b426b5,2026-10-06T00:06:01.319+00:00,2026-10-06T00:06:01.496+00:00,21072-30059,washers,20632098-b,616000040,2026-10-06 00:06:01,2026-10-05 22:41:51,0,5050.0,-5050.0,,Error,
1,353953f5-0aaa-493d-9277-53b399b426b5,2026-10-06T00:06:01.319+00:00,2026-10-06T00:06:01.496+00:00,21072-30059,dryers,20632096-a,716000000,2026-10-06 00:06:01,2026-10-06 00:01:59,0,242.0,-242.0,,Available,website maps this code to Available
1,353953f5-0aaa-493d-9277-53b399b426b5,2026-10-06T00:06:01.319+00:00,2026-10-06T00:06:01.496+00:00,21072-30059,dryers,20632096-b,716000000,2026-10-06 00:06:01,2026-10-05 23:45:56,0,1205.0,-1205.0,,Available,website maps this code to Available
1,353953f5-0aaa-493d-9277-53b399b426b5,2026-10-06T00:06:01.319+00:00,2026-10-06T00:06:01.496+00:00,21072-30059,dryers,20632118-a,716000000,2026-10-06 00:06:01,2026-10-06 00:02:36,0,205.0,-205.0,,Available,website maps this code to Available
1,353953f5-0aaa-493d-9277-53b399b426b5,2026-10-06T00:06:01.319+00:00,2026-10-06T00:06:01.496+00:00,21072-30059,dryers,20632035-a,716000000,2026-10-06 00:06:01,2026-10-05 04:09:25,0,71796.0,-71796.0,,Available,website maps this code to Available
1,353953f5-0aaa-493d-9277-53b399b426b5,2026-10-06T00:06:01.319+00:00,2026-10-06T00:06:01.496+00:00,21072-30059,dryers,20632102-a,716000000,2026-10-06 00:06:01,2026-10-05 23:10:05,0,3356.0,-3356.0,,Available,website maps this code to Available
1,353953f5-0aaa-493d-9277-53b399b426b5,2026-10-06T00:06:01.319+00:00,2026-10-06T00:06:01.496+00:00,21072-30059,dryers,20632060-a,716000000,2026-10-06 00:06:01,2026-10-05 23:08:19,0,3462.0,-3462.0,,Available,website maps this code to Available
1,353953f5-0aaa-493d-9277-53b399b426b5,2026-10-06T00:06:01.319+00:00,2026-10-06T00:06:01.496+00:00,21072-30059,dryers,20632117-a,716000000,2026-10-06 00:06:01,2026-10-05 23:38:26,0,1655.0,-1655.0,,Available,website maps this code to Available
1,353953f5-0aaa-493d-9277-53b399b426b5,2026-10-06T00:06:01.319+00:00,2026-10-06T00:06:01.496+00:00,21072-30059,dryers,20632037-a,716000000,2026-10-06 00:06:01,2026-10-05 23:37:04,0,1737.0,-1737.0,,Available,website maps this code to Available
1,353953f5-0aaa-493d-9277-53b399b426b5,2026-10-06T00:06:01.319+00:00,2026-10-06T00:06:01.496+00:00,21072-30059,dryers,20632092-a,716000000,2026-10-06 00:06:01,2026-10-06 00:00:56,0,305.0,-305.0,,Available,website maps this code to Available
1,353953f5-0aaa-493d-9277-53b399b426b5,2026-10-06T00:06:01.319+00:00,2026-10-06T00:06:01.496+00:00,21072-30059,dryers,20632128-a,716000000,2026-10-06 00:06:01,2026-10-05 23:35:18,0,1843.0,-1843.0,,Available,website maps this code to Available
1,353953f5-0aaa-493d-9277-53b399b426b5,2026-10-06T00:06:01.319+00:00,2026-10-06T00:06:01.496+00:00,21072-30059,dryers,20632044-a,716000000,2026-10-06 00:06:01,2026-10-05 22:54:15,0,4306.0,-4306.0,,Available,website maps this code to Available
1,353953f5-0aaa-493d-9277-53b399b426b5,2026-10-06T00:06:01.319+00:00,2026-10-06T00:06:01.496+00:00,21072-30059,dryers,20632094-a,716000000,2026-10-06 00:06:01,2026-10-05 23:45:44,0,1217.0,-1217.0,,Available,website maps this code to Available
1,353953f5-0aaa-493d-9277-53b399b426b5,2026-10-06T00:06:01.319+00:00,2026-10-06T00:06:01.496+00:00,21072-30059,dryers,20632123-a,716000000,2026-10-06 00:06:01,2026-10-06 00:05:38,0,23.0,-23.0,,Available,website maps this code to Available
1,353953f5-0aaa-493d-9277-53b399b426b5,2026-10-06T00:06:01.319+00:00,2026-10-06T00:06:01.496+00:00,21072-30059,dryers,20632098-a,616000040,2026-10-06 00:06:01,2026-10-05 04:11:31,0,71670.0,-71670.0,,Error,
1,dbe63cb7-a8f9-4b90-accd-d4b5bd2769c3,2026-10-06T00:07:01.518+00:00,2026-10-06T00:07:01.733+00:00,21072-30059,washers,20632118-b,716000000,2026-10-06 00:07:01,2026-10-05 23:49:37,0,1044.0,-1044.0,,Available,website maps this code to Available
1,dbe63cb7-a8f9-4b90-accd-d4b5bd2769c3,2026-10-06T00:07:01.518+00:00,2026-10-06T00:07:01.733+00:00,21072-30059,washers,20632035-b,716000000,2026-10-06 00:07:01,2026-10-05 15:44:14,0,30167.0,-30167.0,,Available,website maps this code to Available
1,dbe63cb7-a8f9-4b90-accd-d4b5bd2769c3,2026-10-06T00:07:01.518+00:00,2026-10-06T00:07:01.733+00:00,21072-30059,washers,20632102-b,716000000,2026-10-06 00:07:01,2026-10-05 23:03:37,0,3804.0,-3804.0,,Available,website maps this code to Available
1,dbe63cb7-a8f9-4b90-accd-d4b5bd2769c3,2026-10-06T00:07:01.518+00:00,2026-10-06T00:07:01.733+00:00,21072-30059,washers,20632060-b,716000000,2026-10-06 00:07:01,2026-10-05 23:03:23,0,3818.0,-3818.0,,Available,website maps this code to Available
1,dbe63cb7-a8f9-4b90-accd-d4b5bd2769c3,2026-10-06T00:07:01.518+00:00,2026-10-06T00:07:01.733+00:00,21072-30059,washers,20632117-b,716000000,2026-10-06 00:07:01,2026-10-05 23:03:21,0,3820.0,-3820.0,,Available,website maps this code to Available
1,dbe63cb7-a8f9-4b90-accd-d4b5bd2769c3,2026-10-06T00:07:01.518+00:00,2026-10-06T00:07:01.733+00:00,21072-30059,washers,20632037-b,716000000,2026-10-06 00:07:01,2026-10-05 23:49:24,0,1057.0,-1057.0,,Available,website maps this code to Available
1,dbe63cb7-a8f9-4b90-accd-d4b5bd2769c3,2026-10-06T00:07:01.518+00:00,2026-10-06T00:07:01.733+00:00,21072-30059,washers,20632092-b,716000000,2026-10-06 00:07:01,2026-10-05 23:04:12,0,3769.0,-3769.0,,Available,website maps this code to Available
1,dbe63cb7-a8f9-4b90-accd-d4b5bd2769c3,2026-10-06T00:07:01.518+00:00,2026-10-06T00:07:01.733+00:00,21072-30059,washers,20632128-b,716000000,2026-10-06 00:07:01,2026-10-05 21:58:19,0,7722.0,-7722.0,,Available,website maps this code to Available
1,dbe63cb7-a8f9-4b90-accd-d4b5bd2769c3,2026-10-06T00:07:01.518+00:00,2026-10-06T00:07:01.733+00:00,21072-30059,washers,20632044-b,716000000,2026-10-06 00:07:01,2026-10-05 23:44:53,0,1328.0,-1328.0,,Available,website maps this code to Available
1,dbe63cb7-a8f9-4b90-accd-d4b5bd2769c3,2026-10-06T00:07:01.518+00:00,2026-10-06T00:07:01.733+00:00,21072-30059,washers,20632094-b,716000000,2026-10-06 00:07:01,2026-10-05 23:51:07,0,954.0,-954.0,,Available,website maps this code to Available
1,dbe63cb7-a8f9-4b90-accd-d4b5bd2769c3,2026-10-06T00:07:01.518+00:00,2026-10-06T00:07:01.733+00:00,21072-30059,washers,20632123-b,716000000,2026-10-06 00:07:01,2026-10-06 00:05:40,0,81.0,-81.0,,Available,website maps this code to Available
1,dbe63cb7-a8f9-4b90-accd-d4b5bd2769c3,2026-10-06T00:07:01.518+00:00,2026-10-06T00:07:01.733+00:00,21072-30059,washers,20632098-b,616000040,2026-10-06 00:07:01,2026-10-05 22:41:51,0,5110.0,-5110.0,,Error,
1,dbe63cb7-a8f9-4b90-accd-d4b5bd2769c3,2026-10-06T00:07:01.518+00:00,2026-10-06T00:07:01.733+00:00,21072-30059,dryers,20632096-a,716000000,2026-10-06 00:07:01,2026-10-06 00:01:59,0,302.0,-302.0,,Available,website maps this code to Available
1,dbe63cb7-a8f9-4b90-accd-d4b5bd2769c3,2026-10-06T00:07:01.518+00:00,2026-10-06T00:07:01.733+00:00,21072-30059,dryers,20632096-b,716000000,2026-10-06 00:07:01,2026-10-05 23:45:56,0,1265.0,-1265.0,,Available,website maps this code to Available
1,dbe63cb7-a8f9-4b90-accd-d4b5bd2769c3,2026-10-06T00:07:01.518+00:00,2026-10-06T00:07:01.733+00:00,21072-30059,dryers,20632118-a,716000000,2026-10-06 00:07:01,2026-10-06 00:02:36,0,265.0,-265.0,,Available,website maps this code to Available
1,dbe63cb7-a8f9-4b90-accd-d4b5bd2769c3,2026-10-06T00:07:01.518+00:00,2026-10-06T00:07:01.733+00:00,21072-30059,dryers,20632035-a,716000000,2026-10-06 00:07:01,2026-10-05 04:09:25,0,71856.0,-71856.0,,Available,website maps this code to Available
1,dbe63cb7-a8f9-4b90-accd-d4b5bd2769c3,2026-10-06T00:07:01.518+00:00,2026-10-06T00:07:01.733+00:00,21072-30059,dryers,20632102-a,716000000,2026-10-06 00:07:01,2026-10-05 23:10:05,0,3416.0,-3416.0,,Available,website maps this code to Available
1,dbe63cb7-a8f9-4b90-accd-d4b5bd2769c3,2026-10-06T00:07:01.518+00:00,2026-10-06T00:07:01.733+00:00,21072-30059,dryers,20632060-a,716000000,2026-10-06 00:07:01,2026-10-05 23:08:19,0,3522.0,-3522.0,,Available,website maps this code to Available
1,dbe63cb7-a8f9-4b90-accd-d4b5bd2769c3,2026-10-06T00:07:01.518+00:00,2026-10-06T00:07:01.733+00:00,21072-30059,dryers,20632117-a,716000000,2026-10-06 00:07:01,2026-10-05 23:38:26,0,1715.0,-1715.0,,Available,website maps this code to Available
1,dbe63cb7-a8f9-4b90-accd-d4b5bd2769c3,2026-10-06T00:07:01.518+00:00,2026-10-06T00:07:01.733+00:00,21072-30059,dryers,20632037-a,716000000,2026-10-06 00:07:01,2026-10-05 23:37:04,0,1797.0,-1797.0,,Available,website maps this code to Available
1,dbe63cb7-a8f9-4b90-accd-d4b5bd2769c3,2026-10-06T00:07:01.518+00:00,2026-10-06T00:07:01.733+00:00,21072-30059,dryers,20632092-a,716000000,2026-10-06 00:07:01,2026-10-06 00:00:56,0,365.0,-365.0,,Available,website maps this code to Available
1,dbe63cb7-a8f9-4b90-accd-d4b5bd2769c3,2026-10-06T00:07:01.518+00:00,2026-10-06T00:07:01.733+00:00,21072-30059,dryers,20632128-a,716000000,2026-10-06 00:07:01,2026-10-05 23:35:18,0,1903.0,-1903.0,,Available,website maps this code to Available
1,dbe63cb7-a8f9-4b90-accd-d4b5bd2769c3,2026-10-06T00:07:01.518+00:00,2026-10-06T00:07:01.733+00:00,21072-30059,dryers,20632044-a,716000000,2026-10-06 00:07:01,2026-10-05 22:54:15,0,4366.0,-4366.0,,Available,website maps this code to Available
1,dbe63cb7-a8f9-4b90-accd-d4b5bd2769c3,2026-10-06T00:07:01.518+00:00,2026-10-06T00:07:01.733+00:00,21072-30059,dryers,20632094-a,716000000,2026-10-06 00:07:01,2026-10-05 23:45:44,0,1277.0,-1277.0,,Available,website maps this code to Available
1,dbe63cb7-a8f9-4b90-accd-d4b5bd2769c3,2026-10-06T00:07:01.518+00:00,2026-10-06T00:07:01.733+00:00,21072-30059,dryers,20632123-a,716000000,2026-10-06 00:07:01,2026-10-06 00:05:38,0,83.0,-83.0,,Available,website maps this code to Available
1,dbe63cb7-a8f9-4b90-accd-d4b5bd2769c3,2026-10-06T00:07:01.518+00:00,2026-10-06T00:07:01.733+00:00,21072-30059,dryers,20632098-a,616000040,2026-10-06 00:07:01,2026-10-05 04:11:31,0,71730.0,-71730.0,,Error,
1,80e4a3cc-7ff8-4bec-9ae1-bbb5083e203c,2026-10-06T00:08:01.257+00:00,2026-10-06T00:08:01.438+00:00,21072-30059,washers,20632118-b,716000000,2026-10-06 00:08:01,2026-10-05 23:49:37,0,1104.0,-1104.0,,Available,website maps this code to Available
1,80e4a3cc-7ff8-4bec-9ae1-bbb5083e203c,2026-10-06T00:08:01.257+00:00,2026-10-06T00:08:01.438+00:00,21072-30059,washers,20632035-b,716000000,2026-10-06 00:08:01,2026-10-05 15:44:14,0,30227.0,-30227.0,,Available,website maps this code to Available
1,80e4a3cc-7ff8-4bec-9ae1-bbb5083e203c,2026-10-06T00:08:01.257+00:00,2026-10-06T00:08:01.438+00:00,21072-30059,washers,20632102-b,716000000,2026-10-06 00:08:01,2026-10-05 23:03:37,0,3864.0,-3864.0,,Available,website maps this code to Available
1,80e4a3cc-7ff8-4bec-9ae1-bbb5083e203c,2026-10-06T00:08:01.257+00:00,2026-10-06T00:08:01.438+00:00,21072-30059,washers,20632060-b,716000000,2026-10-06 00:08:01,2026-10-05 23:03:23,0,3878.0,-3878.0,,Available,website maps this code to Available
1,80e4a3cc-7ff8-4bec-9ae1-bbb5083e203c,2026-10-06T00:08:01.257+00:00,2026-10-06T00:08:01.438+00:00,21072-30059,washers,20632117-b,716000000,2026-10-06 00:08:01,2026-10-05 23:03:21,0,3880.0,-3880.0,,Available,website maps this code to Available
1,80e4a3cc-7ff8-4bec-9ae1-bbb5083e203c,2026-10-06T00:08:01.257+00:00,2026-10-06T00:08:01.438+00:00,21072-30059,washers,20632037-b,716000000,2026-10-06 00:08:01,2026-10-05 23:49:24,0,1117.0,-1117.0,,Available,website maps this code to Available
1,80e4a3cc-7ff8-4bec-9ae1-bbb5083e203c,2026-10-06T00:08:01.257+00:00,2026-10-06T00:08:01.438+00:00,21072-30059,washers,20632092-b,716000000,2026-10-06 00:08:01,2026-10-05 23:04:12,0,3829.0,-3829.0,,Available,website maps this code to Available
1,80e4a3cc-7ff8-4bec-9ae1-bbb5083e203c,2026-10-06T00:08:01.257+00:00,2026-10-06T00:08:01.438+00:00,21072-30059,washers,20632128-b,716000000,2026-10-06 00:08:01,2026-10-05 21:58:19,0,7782.0,-7782.0,,Available,website maps this code to Available
1,80e4a3cc-7ff8-4bec-9ae1-bbb5083e203c,2026-10-06T00:08:01.257+00:00,2026-10-06T00:08:01.438+00:00,21072-30059,washers,20632044-b,716000000,2026-10-06 00:08:01,2026-10-05 23:44:53,0,1388.0,-1388.0,,Available,website maps this code to Available
1,80e4a3cc-7ff8-4bec-9ae1-bbb5083e203c,2026-10-06T00:08:01.257+00:00,2026-10-06T00:08:01.438+00:00,21072-30059,washers,20632094-b,716000000,2026-10-06 00:08:01,2026-10-05 23:51:07,0,1014.0,-1014.0,,Available,website maps this code to Available
1,80e4a3cc-7ff8-4bec-9ae1-bbb5083e203c,2026-10-06T00:08:01.257+00:00,2026-10-06T00:08:01.438+00:00,21072-30059,washers,20632123-b,716000000,2026-10-06 00:08:01,2026-10-06 00:05:40,0,141.0,-141.0,,Available,website maps this code to Available
1,80e4a3cc-7ff8-4bec-9ae1-bbb5083e203c,2026-10-06T00:08:01.257+00:00,2026-10-06T00:08:01.438+00:00,21072-30059,washers,20632098-b,616000040,2026-10-06 00:08:01,2026-10-05 22:41:51,0,5170.0,-5170.0,,Error,
1,80e4a3cc-7ff8-4bec-9ae1-bbb5083e203c,2026-10-06T00:08:01.257+00:00,2026-10-06T00:08:01.438+00:00,21072-30059,dryers,20632096-a,716000000,2026-10-06 00:08:01,2026-10-06 00:01:59,0,362.0,-362.0,,Available,website maps this code to Available
1,80e4a3cc-7ff8-4bec-9ae1-bbb5083e203c,2026-10-06T00:08:01.257+00:00,2026-10-06T00:08:01.438+00:00,21072-30059,dryers,20632096-b,716000000,2026-10-06 00:08:01,2026-10-05 23:45:56,0,1325.0,-1325.0,,Available,website maps this code to Available
1,80e4a3cc-7ff8-4bec-9ae1-bbb5083e203c,2026-10-06T00:08:01.257+00:00,2026-10-06T00:08:01.438+00:00,21072-30059,dryers,20632118-a,716000000,2026-10-06 00:08:01,2026-10-06 00:02:36,0,325.0,-325.0,,Available,website maps this code to Available
1,80e4a3cc-7ff8-4bec-9ae1-bbb5083e203c,2026-10-06T00:08:01.257+00:00,2026-10-06T00:08:01.438+00:00,21072-30059,dryers,20632035-a,716000000,2026-10-06 00:08:01,2026-10-05 04:09:25,0,71916.0,-71916.0,,Available,website maps this code to Available
1,80e4a3cc-7ff8-4bec-9ae1-bbb5083e203c,2026-10-06T00:08:01.257+00:00,2026-10-06T00:08:01.438+00:00,21072-30059,dryers,20632102-a,716000000,2026-10-06 00:08:01,2026-10-05 23:10:05,0,3476.0,-3476.0,,Available,website maps this code to Available
1,80e4a3cc-7ff8-4bec-9ae1-bbb5083e203c,2026-10-06T00:08:01.257+00:00,2026-10-06T00:08:01.438+00:00,21072-30059,dryers,20632060-a,716000000,2026-10-06 00:08:01,2026-10-05 23:08:19,0,3582.0,-3582.0,,Available,website maps this code to Available
1,80e4a3cc-7ff8-4bec-9ae1-bbb5083e203c,2026-10-06T00:08:01.257+00:00,2026-10-06T00:08:01.438+00:00,21072-30059,dryers,20632117-a,416000000,2026-10-06 00:08:01,2026-10-06 00:07:13,45,48.0,2652.0,45,Running,
1,80e4a3cc-7ff8-4bec-9ae1-bbb5083e203c,2026-10-06T00:08:01.257+00:00,2026-10-06T00:08:01.438+00:00,21072-30059,dryers,20632037-a,716000000,2026-10-06 00:08:01,2026-10-05 23:37:04,0,1857.0,-1857.0,,Available,website maps this code to Available
1,80e4a3cc-7ff8-4bec-9ae1-bbb5083e203c,2026-10-06T00:08:01.257+00:00,2026-10-06T00:08:01.438+00:00,21072-30059,dryers,20632092-a,716000000,2026-10-06 00:08:01,2026-10-06 00:00:56,0,425.0,-425.0,,Available,website maps this code to Available
1,80e4a3cc-7ff8-4bec-9ae1-bbb5083e203c,2026-10-06T00:08:01.257+00:00,2026-10-06T00:08:01.438+00:00,21072-30059,dryers,20632128-a,716000000,2026-10-06 00:08:01,2026-10-05 23:35:18,0,1963.0,-1963.0,,Available,website maps this code to Available
1,80e4a3cc-7ff8-4bec-9ae1-bbb5083e203c,2026-10-06T00:08:01.257+00:00,2026-10-06T00:08:01.438+00:00,21072-30059,dryers,20632044-a,716000000,2026-10-06 00:08:01,2026-10-05 22:54:15,0,4426.0,-4426.0,,Available,website maps this code to Available
1,80e4a3cc-7ff8-4bec-9ae1-bbb5083e203c,2026-10-06T00:08:01.257+00:00,2026-10-06T00:08:01.438+00:00,21072-30059,dryers,20632094-a,716000000,2026-10-06 00:08:01,2026-10-05 23:45:44,0,1337.0,-1337.0,,Available,website maps this code to Available
1,80e4a3cc-7ff8-4bec-9ae1-bbb5083e203c,2026-10-06T00:08:01.257+00:00,2026-10-06T00:08:01.438+00:00,21072-30059,dryers,20632123-a,716000000,2026-10-06 00:08:01,2026-10-06 00:05:38,0,143.0,-143.0,,Available,website maps this code to Available
1,80e4a3cc-7ff8-4bec-9ae1-bbb5083e203c,2026-10-06T00:08:01.257+00:00,2026-10-06T00:08:01.438+00:00,21072-30059,dryers,20632098-a,616000040,2026-10-06 00:08:01,2026-10-05 04:11:31,0,71790.0,-71790.0,,Error,
1,5ff25a3e-7a89-44c7-94c3-99ae6a77ba7c,2026-10-06T00:09:01.275+00:00,2026-10-06T00:09:01.485+00:00,21072-30059,washers,20632118-b,716000000,2026-10-06 00:09:01,2026-10-05 23:49:37,0,1164.0,-1164.0,,Available,website maps this code to Available
1,5ff25a3e-7a89-44c7-94c3-99ae6a77ba7c,2026-10-06T00:09:01.275+00:00,2026-10-06T00:09:01.485+00:00,21072-30059,washers,20632035-b,716000000,2026-10-06 00:09:01,2026-10-05 15:44:14,0,30287.0,-30287.0,,Available,website maps this code to Available
1,5ff25a3e-7a89-44c7-94c3-99ae6a77ba7c,2026-10-06T00:09:01.275+00:00,2026-10-06T00:09:01.485+00:00,21072-30059,washers,20632102-b,716000000,2026-10-06 00:09:01,2026-10-05 23:03:37,0,3924.0,-3924.0,,Available,website maps this code to Available
1,5ff25a3e-7a89-44c7-94c3-99ae6a77ba7c,2026-10-06T00:09:01.275+00:00,2026-10-06T00:09:01.485+00:00,21072-30059,washers,20632060-b,716000000,2026-10-06 00:09:01,2026-10-05 23:03:23,0,3938.0,-3938.0,,Available,website maps this code to Available
1,5ff25a3e-7a89-44c7-94c3-99ae6a77ba7c,2026-10-06T00:09:01.275+00:00,2026-10-06T00:09:01.485+00:00,21072-30059,washers,20632117-b,716000000,2026-10-06 00:09:01,2026-10-05 23:03:21,0,3940.0,-3940.0,,Available,website maps this code to Available
1,5ff25a3e-7a89-44c7-94c3-99ae6a77ba7c,2026-10-06T00:09:01.275+00:00,2026-10-06T00:09:01.485+00:00,21072-30059,washers,20632037-b,716000000,2026-10-06 00:09:01,2026-10-05 23:49:24,0,1177.0,-1177.0,,Available,website maps this code to Available
1,5ff25a3e-7a89-44c7-94c3-99ae6a77ba7c,2026-10-06T00:09:01.275+00:00,2026-10-06T00:09:01.485+00:00,21072-30059,washers,20632092-b,716000000,2026-10-06 00:09:01,2026-10-05 23:04:12,0,3889.0,-3889.0,,Available,website maps this code to Available
1,5ff25a3e-7a89-44c7-94c3-99ae6a77ba7c,2026-10-06T00:09:01.275+00:00,2026-10-06T00:09:01.485+00:00,21072-30059,washers,20632128-b,716000000,2026-10-06 00:09:01,2026-10-05 21:58:19,0,7842.0,-7842.0,,Available,website maps this code to Available
1,5ff25a3e-7a89-44c7-94c3-99ae6a77ba7c,2026-10-06T00:09:01.275+00:00,2026-10-06T00:09:01.485+00:00,21072-30059,washers,20632044-b,716000000,2026-10-06 00:09:01,2026-10-05 23:44:53,0,1448.0,-1448.0,,Available,website maps this code to Available
1,5ff25a3e-7a89-44c7-94c3-99ae6a77ba7c,2026-10-06T00:09:01.275+00:00,2026-10-06T00:09:01.485+00:00,21072-30059,washers,20632094-b,716000000,2026-10-06 00:09:01,2026-10-05 23:51:07,0,1074.0,-1074.0,,Available,website maps this code to Available
1,5ff25a3e-7a89-44c7-94c3-99ae6a77ba7c,2026-10-06T00:09:01.275+00:00,2026-10-06T00:09:01.485+00:00,21072-30059,washers,20632123-b,716000000,2026-10-06 00:09:01,2026-10-06 00:05:40,0,201.0,-201.0,,Available,website maps this code to Available
1,5ff25a3e-7a89-44c7-94c3-99ae6a77ba7c,2026-10-06T00:09:01.275+00:00,2026-10-06T00:09:01.485+00:00,21072-30059,washers,20632098-b,616000040,2026-10-06 00:09:01,2026-10-05 22:41:51,0,5230.0,-5230.0,,Error,
1,5ff25a3e-7a89-44c7-94c3-99ae6a77ba7c,2026-10-06T00:09:01.275+00:00,2026-10-06T00:09:01.485+00:00,21072-30059,dryers,20632096-a,716000000,2026-10-06 00:09:01,2026-10-06 00:01:59,0,422.0,-422.0,,Available,website maps this code to Available
1,5ff25a3e-7a89-44c7-94c3-99ae6a77ba7c,2026-10-06T00:09:01.275+00:00,2026-10-06T00:09:01.485+00:00,21072-30059,dryers,20632096-b,716000000,2026-10-06 00:09:01,2026-10-05 23:45:56,0,1385.0,-1385.0,,Available,website maps this code to Available
1,5ff25a3e-7a89-44c7-94c3-99ae6a77ba7c,2026-10-06T00:09:01.275+00:00,2026-10-06T00:09:01.485+00:00,21072-30059,dryers,20632118-a,716000000,2026-10-06 00:09:01,2026-10-06 00:02:36,0,385.0,-385.0,,Available,website maps this code to Available
1,5ff25a3e-7a89-44c7-94c3-99ae6a77ba7c,2026-10-06T00:09:01.275+00:00,2026-10-06T00:09:01.485+00:00,21072-30059,dryers,20632035-a,716000000,2026-10-06 00:09:01,2026-10-05 04:09:25,0,71976.0,-71976.0,,Available,website maps this code to Available
1,5ff25a3e-7a89-44c7-94c3-99ae6a77ba7c,2026-10-06T00:09:01.275+00:00,2026-10-06T00:09:01.485+00:00,21072-30059,dryers,20632102-a,716000000,2026-10-06 00:09:01,2026-10-05 23:10:05,0,3536.0,-3536.0,,Available,website maps this code to Available
1,5ff25a3e-7a89-44c7-94c3-99ae6a77ba7c,2026-10-06T00:09:01.275+00:00,2026-10-06T00:09:01.485+00:00,21072-30059,dryers,20632060-a,716000000,2026-10-06 00:09:01,2026-10-05 23:08:19,0,3642.0,-3642.0,,Available,website maps this code to Available
1,5ff25a3e-7a89-44c7-94c3-99ae6a77ba7c,2026-10-06T00:09:01.275+00:00,2026-10-06T00:09:01.485+00:00,21072-30059,dryers,20632117-a,416000000,2026-10-06 00:09:01,2026-10-06 00:07:13,45,108.0,2592.0,44,Running,
1,5ff25a3e-7a89-44c7-94c3-99ae6a77ba7c,2026-10-06T00:09:01.275+00:00,2026-10-06T00:09:01.485+00:00,21072-30059,dryers,20632037-a,416000000,2026-10-06 00:09:01,2026-10-06 00:08:17,45,44.0,2656.0,45,Running,
1,5ff25a3e-7a89-44c7-94c3-99ae6a77ba7c,2026-10-06T00:09:01.275+00:00,2026-10-06T00:09:01.485+00:00,21072-30059,dryers,20632092-a,716000000,2026-10-06 00:09:01,2026-10-06 00:00:56,0,485.0,-485.0,,Available,website maps this code to Available
1,5ff25a3e-7a89-44c7-94c3-99ae6a77ba7c,2026-10-06T00:09:01.275+00:00,2026-10-06T00:09:01.485+00:00,21072-30059,dryers,20632128-a,716000000,2026-10-06 00:09:01,2026-10-05 23:35:18,0,2023.0,-2023.0,,Available,website maps this code to Available
1,5ff25a3e-7a89-44c7-94c3-99ae6a77ba7c,2026-10-06T00:09:01.275+00:00,2026-10-06T00:09:01.485+00:00,21072-30059,dryers,20632044-a,716000000,2026-10-06 00:09:01,2026-10-05 22:54:15,0,4486.0,-4486.0,,Available,website maps this code to Available
1,5ff25a3e-7a89-44c7-94c3-99ae6a77ba7c,2026-10-06T00:09:01.275+00:00,2026-10-06T00:09:01.485+00:00,21072-30059,dryers,20632094-a,716000000,2026-10-06 00:09:01,2026-10-05 23:45:44,0,1397.0,-1397.0,,Available,website maps this code to Available
1,5ff25a3e-7a89-44c7-94c3-99ae6a77ba7c,2026-10-06T00:09:01.275+00:00,2026-10-06T00:09:01.485+00:00,21072-30059,dryers,20632123-a,716000000,2026-10-06 00:09:01,2026-10-06 00:05:38,0,203.0,-203.0,,Available,website maps this code to Available
1,5ff25a3e-7a89-44c7-94c3-99ae6a77ba7c,2026-10-06T00:09:01.275+00:00,2026-10-06T00:09:01.485+00:00,21072-30059,dryers,20632098-a,616000040,2026-10-06 00:09:01,2026-10-05 04:11:31,0,71850.0,-71850.0,,Error,
1,1e083efa-c2de-40ae-a592-c5654f4f7114,2026-10-06T00:10:00.742+00:00,2026-10-06T00:10:00.917+00:00,21072-30059,washers,20632118-b,416000000,2026-10-06 00:10:00,2026-10-06 00:09:18,30,42.0,1758.0,30,Running,
1,1e083efa-c2de-40ae-a592-c5654f4f7114,2026-10-06T00:10:00.742+00:00,2026-10-06T00:10:00.917+00:00,21072-30059,washers,20632035-b,716000000,2026-10-06 00:10:00,2026-10-05 15:44:14,0,30346.0,-30346.0,,Available,website maps this code to Available
1,1e083efa-c2de-40ae-a592-c5654f4f7114,2026-10-06T00:10:00.742+00:00,2026-10-06T00:10:00.917+00:00,21072-30059,washers,20632102-b,716000000,2026-10-06 00:10:00,2026-10-05 23:03:37,0,3983.0,-3983.0,,Available,website maps this code to Available
1,1e083efa-c2de-40ae-a592-c5654f4f7114,2026-10-06T00:10:00.742+00:00,2026-10-06T00:10:00.917+00:00,21072-30059,washers,20632060-b,716000000,2026-10-06 00:10:00,2026-10-05 23:03:23,0,3997.0,-3997.0,,Available,website maps this code to Available
1,1e083efa-c2de-40ae-a592-c5654f4f7114,2026-10-06T00:10:00.742+00:00,2026-10-06T00:10:00.917+00:00,21072-30059,washers,20632117-b,716000000,2026-10-06 00:10:00,2026-10-05 23:03:21,0,3999.0,-3999.0,,Available,website maps this code to Available
1,1e083efa-c2de-40ae-a592-c5654f4f7114,2026-10-06T00:10:00.742+00:00,2026-10-06T00:10:00.917+00:00,21072-30059,washers,20632037-b,716000000,2026-10-06 00:10:00,2026-10-05 23:49:24,0,1236.0,-1236.0,,Available,website maps this code to Available
1,1e083efa-c2de-40ae-a592-c5654f4f7114,2026-10-06T00:10:00.742+00:00,2026-10-06T00:10:00.917+00:00,21072-30059,washers,20632092-b,716000000,2026-10-06 00:10:00,2026-10-05 23:04:12,0,3948.0,-3948.0,,Available,website maps this code to Available
1,1e083efa-c2de-40ae-a592-c5654f4f7114,2026-10-06T00:10:00.742+00:00,2026-10-06T00:10:00.917+00:00,21072-30059,washers,20632128-b,716000000,2026-10-06 00:10:00,2026-10-05 21:58:19,0,7901.0,-7901.0,,Available,website maps this code to Available
1,1e083efa-c2de-40ae-a592-c5654f4f7114,2026-10-06T00:10:00.742+00:00,2026-10-06T00:10:00.917+00:00,21072-30059,washers,20632044-b,716000000,2026-10-06 00:10:00,2026-10-05 23:44:53,0,1507.0,-1507.0,,Available,website maps this code to Available
1,1e083efa-c2de-40ae-a592-c5654f4f7114,2026-10-06T00:10:00.742+00:00,2026-10-06T00:10:00.917+00:00,21072-30059,washers,20632094-b,716000000,2026-10-06 00:10:00,2026-10-05 23:51:07,0,1133.0,-1133.0,,Available,website maps this code to Available
1,1e083efa-c2de-40ae-a592-c5654f4f7114,2026-10-06T00:10:00.742+00:00,2026-10-06T00:10:00.917+00:00,21072-30059,washers,20632123-b,716000000,2026-10-06 00:10:00,2026-10-06 00:05:40,0,260.0,-260.0,,Available,website maps this code to Available
1,1e083efa-c2de-40ae-a592-c5654f4f7114,2026-10-06T00:10:00.742+00:00,2026-10-06T00:10:00.917+00:00,21072-30059,washers,20632098-b,616000040,2026-10-06 00:10:00,2026-10-05 22:41:51,0,5289.0,-5289.0,,Error,
1,1e083efa-c2de-40ae-a592-c5654f4f7114,2026-10-06T00:10:00.742+00:00,2026-10-06T00:10:00.917+00:00,21072-30059,dryers,20632096-a,716000000,2026-10-06 00:10:00,2026-10-06 00:01:59,0,481.0,-481.0,,Available,website maps this code to Available
1,1e083efa-c2de-40ae-a592-c5654f4f7114,2026-10-06T00:10:00.742+00:00,2026-10-06T00:10:00.917+00:00,21072-30059,dryers,20632096-b,716000000,2026-10-06 00:10:00,2026-10-05 23:45:56,0,1444.0,-1444.0,,Available,website maps this code to Available
1,1e083efa-c2de-40ae-a592-c5654f4f7114,2026-10-06T00:10:00.742+00:00,2026-10-06T00:10:00.917+00:00,21072-30059,dryers,20632118-a,716000000,2026-10-06 00:10:00,2026-10-06 00:02:36,0,444.0,-444.0,,Available,website maps this code to Available
1,1e083efa-c2de-40ae-a592-c5654f4f7114,2026-10-06T00:10:00.742+00:00,2026-10-06T00:10:00.917+00:00,21072-30059,dryers,20632035-a,716000000,2026-10-06 00:10:00,2026-10-05 04:09:25,0,72035.0,-72035.0,,Available,website maps this code to Available
1,1e083efa-c2de-40ae-a592-c5654f4f7114,2026-10-06T00:10:00.742+00:00,2026-10-06T00:10:00.917+00:00,21072-30059,dryers,20632102-a,716000000,2026-10-06 00:10:00,2026-10-05 23:10:05,0,3595.0,-3595.0,,Available,website maps this code to Available
1,1e083efa-c2de-40ae-a592-c5654f4f7114,2026-10-06T00:10:00.742+00:00,2026-10-06T00:10:00.917+00:00,21072-30059,dryers,20632060-a,716000000,2026-10-06 00:10:00,2026-10-05 23:08:19,0,3701.0,-3701.0,,Available,website maps this code to Available
1,1e083efa-c2de-40ae-a592-c5654f4f7114,2026-10-06T00:10:00.742+00:00,2026-10-06T00:10:00.917+00:00,21072-30059,dryers,20632117-a,416000000,2026-10-06 00:10:00,2026-10-06 00:07:13,45,167.0,2533.0,43,Running,
1,1e083efa-c2de-40ae-a592-c5654f4f7114,2026-10-06T00:10:00.742+00:00,2026-10-06T00:10:00.917+00:00,21072-30059,dryers,20632037-a,416000000,2026-10-06 00:10:00,2026-10-06 00:08:17,45,103.0,2597.0,44,Running,
1,1e083efa-c2de-40ae-a592-c5654f4f7114,2026-10-06T00:10:00.742+00:00,2026-10-06T00:10:00.917+00:00,21072-30059,dryers,20632092-a,716000000,2026-10-06 00:10:00,2026-10-06 00:00:56,0,544.0,-544.0,,Available,website maps this code to Available
1,1e083efa-c2de-40ae-a592-c5654f4f7114,2026-10-06T00:10:00.742+00:00,2026-10-06T00:10:00.917+00:00,21072-30059,dryers,20632128-a,716000000,2026-10-06 00:10:00,2026-10-05 23:35:18,0,2082.0,-2082.0,,Available,website maps this code to Available
1,1e083efa-c2de-40ae-a592-c5654f4f7114,2026-10-06T00:10:00.742+00:00,2026-10-06T00:10:00.917+00:00,21072-30059,dryers,20632044-a,716000000,2026-10-06 00:10:00,2026-10-05 22:54:15,0,4545.0,-4545.0,,Available,website maps this code to Available
1,1e083efa-c2de-40ae-a592-c5654f4f7114,2026-10-06T00:10:00.742+00:00,2026-10-06T00:10:00.917+00:00,21072-30059,dryers,20632094-a,716000000,2026-10-06 00:10:00,2026-10-05 23:45:44,0,1456.0,-1456.0,,Available,website maps this code to Available
1,1e083efa-c2de-40ae-a592-c5654f4f7114,2026-10-06T00:10:00.742+00:00,2026-10-06T00:10:00.917+00:00,21072-30059,dryers,20632123-a,716000000,2026-10-06 00:10:00,2026-10-06 00:05:38,0,262.0,-262.0,,Available,website maps this code to Available
1,1e083efa-c2de-40ae-a592-c5654f4f7114,2026-10-06T00:10:00.742+00:00,2026-10-06T00:10:00.917+00:00,21072-30059,dryers,20632098-a,616000040,2026-10-06 00:10:00,2026-10-05 04:11:31,0,71909.0,-71909.0,,Error,
1,55861d9c-f855-407c-af99-d20208f4e947,2026-10-06T00:11:01.324+00:00,2026-10-06T00:11:01.502+00:00,21072-30059,washers,20632118-b,416000000,2026-10-06 00:11:01,2026-10-06 00:09:18,30,103.0,1697.0,29,Running,
1,55861d9c-f855-407c-af99-d20208f4e947,2026-10-06T00:11:01.324+00:00,2026-10-06T00:11:01.502+00:00,21072-30059,washers,20632035-b,716000000,2026-10-06 00:11:01,2026-10-05 15:44:14,0,30407.0,-30407.0,,Available,website maps this code to Available
1,55861d9c-f855-407c-af99-d20208f4e947,2026-10-06T00:11:01.324+00:00,2026-10-06T00:11:01.502+00:00,21072-30059,washers,20632102-b,716000000,2026-10-06 00:11:01,2026-10-05 23:03:37,0,4044.0,-4044.0,,Available,website maps this code to Available
1,55861d9c-f855-407c-af99-d20208f4e947,2026-10-06T00:11:01.324+00:00,2026-10-06T00:11:01.502+00:00,21072-30059,washers,20632060-b,716000000,2026-10-06 00:11:01,2026-10-05 23:03:23,0,4058.0,-4058.0,,Available,website maps this code to Available
1,55861d9c-f855-407c-af99-d20208f4e947,2026-10-06T00:11:01.324+00:00,2026-10-06T00:11:01.502+00:00,21072-30059,washers,20632117-b,716000000,2026-10-06 00:11:01,2026-10-05 23:03:21,0,4060.0,-4060.0,,Available,website maps this code to Available
1,55861d9c-f855-407c-af99-d20208f4e947,2026-10-06T00:11:01.324+00:00,2026-10-06T00:11:01.502+00:00,21072-30059,washers,20632037-b,716000000,2026-10-06 00:11:01,2026-10-05 23:49:24,0,1297.0,-1297.0,,Available,website maps this code to Available
1,55861d9c-f855-407c-af99-d20208f4e947,2026-10-06T00:11:01.324+00:00,2026-10-06T00:11:01.502+00:00,21072-30059,washers,20632092-b,716000000,2026-10-06 00:11:01,2026-10-05 23:04:12,0,4009.0,-4009.0,,Available,website maps this code to Available
1,55861d9c-f855-407c-af99-d20208f4e947,2026-10-06T00:11:01.324+00:00,2026-10-06T00:11:01.502+00:00,21072-30059,washers,20632128-b,716000000,2026-10-06 00:11:01,2026-10-05 21:58:19,0,7962.0,-7962.0,,Available,website maps this code to Available
1,55861d9c-f855-407c-af99-d20208f4e947,2026-10-06T00:11:01.324+00:00,2026-10-06T00:11:01.502+00:00,21072-30059,washers,20632044-b,716000000,2026-10-06 00:11:01,2026-10-05 23:44:53,0,1568.0,-1568.0,,Available,website maps this code to Available
1,55861d9c-f855-407c-af99-d20208f4e947,2026-10-06T00:11:01.324+00:00,2026-10-06T00:11:01.502+00:00,21072-30059,washers,20632094-b,716000000,2026-10-06 00:11:01,2026-10-05 23:51:07,0,1194.0,-1194.0,,Available,website maps this code to Available
1,55861d9c-f855-407c-af99-d20208f4e947,2026-10-06T00:11:01.324+00:00,2026-10-06T00:11:01.502+00:00,21072-30059,washers,20632123-b,716000000,2026-10-06 00:11:01,2026-10-06 00:05:40,0,321.0,-321.0,,Available,website maps this code to Available
1,55861d9c-f855-407c-af99-d20208f4e947,2026-10-06T00:11:01.324+00:00,2026-10-06T00:11:01.502+00:00,21072-30059,washers,20632098-b,616000040,2026-10-06 00:11:01,2026-10-05 22:41:51,0,5350.0,-5350.0,,Error,
1,55861d9c-f855-407c-af99-d20208f4e947,2026-10-06T00:11:01.324+00:00,2026-10-06T00:11:01.502+00:00,21072-30059,dryers,20632096-a,716000000,2026-10-06 00:11:01,2026-10-06 00:01:59,0,542.0,-542.0,,Available,website maps this code to Available
1,55861d9c-f855-407c-af99-d20208f4e947,2026-10-06T00:11:01.324+00:00,2026-10-06T00:11:01.502+00:00,21072-30059,dryers,20632096-b,716000000,2026-10-06 00:11:01,2026-10-05 23:45:56,0,1505.0,-1505.0,,Available,website maps this code to Available
1,55861d9c-f855-407c-af99-d20208f4e947,2026-10-06T00:11:01.324+00:00,2026-10-06T00:11:01.502+00:00,21072-30059,dryers,20632118-a,716000000,2026-10-06 00:11:01,2026-10-06 00:02:36,0,505.0,-505.0,,Available,website maps this code to Available
1,55861d9c-f855-407c-af99-d20208f4e947,2026-10-06T00:11:01.324+00:00,2026-10-06T00:11:01.502+00:00,21072-30059,dryers,20632035-a,716000000,2026-10-06 00:11:01,2026-10-05 04:09:25,0,72096.0,-72096.0,,Available,website maps this code to Available
1,55861d9c-f855-407c-af99-d20208f4e947,2026-10-06T00:11:01.324+00:00,2026-10-06T00:11:01.502+00:00,21072-30059,dryers,20632102-a,716000000,2026-10-06 00:11:01,2026-10-05 23:10:05,0,3656.0,-3656.0,,Available,website maps this code to Available
1,55861d9c-f855-407c-af99-d20208f4e947,2026-10-06T00:11:01.324+00:00,2026-10-06T00:11:01.502+00:00,21072-30059,dryers,20632060-a,716000000,2026-10-06 00:11:01,2026-10-05 23:08:19,0,3762.0,-3762.0,,Available,website maps this code to Available
1,55861d9c-f855-407c-af99-d20208f4e947,2026-10-06T00:11:01.324+00:00,2026-10-06T00:11:01.502+00:00,21072-30059,dryers,20632117-a,416000000,2026-10-06 00:11:01,2026-10-06 00:07:13,45,228.0,2472.0,42,Running,
1,55861d9c-f855-407c-af99-d20208f4e947,2026-10-06T00:11:01.324+00:00,2026-10-06T00:11:01.502+00:00,21072-30059,dryers,20632037-a,416000000,2026-10-06 00:11:01,2026-10-06 00:08:17,45,164.0,2536.0,43,Running,
1,55861d9c-f855-407c-af99-d20208f4e947,2026-10-06T00:11:01.324+00:00,2026-10-06T00:11:01.502+00:00,21072-30059,dryers,20632092-a,716000000,2026-10-06 00:11:01,2026-10-06 00:00:56,0,605.0,-605.0,,Available,website maps this code to Available
1,55861d9c-f855-407c-af99-d20208f4e947,2026-10-06T00:11:01.324+00:00,2026-10-06T00:11:01.502+00:00,21072-30059,dryers,20632128-a,716000000,2026-10-06 00:11:01,2026-10-05 23:35:18,0,2143.0,-2143.0,,Available,website maps this code to Available
1,55861d9c-f855-407c-af99-d20208f4e947,2026-10-06T00:11:01.324+00:00,2026-10-06T00:11:01.502+00:00,21072-30059,dryers,20632044-a,716000000,2026-10-06 00:11:01,2026-10-05 22:54:15,0,4606.0,-4606.0,,Available,website maps this code to Available
1,55861d9c-f855-407c-af99-d20208f4e947,2026-10-06T00:11:01.324+00:00,2026-10-06T00:11:01.502+00:00,21072-30059,dryers,20632094-a,716000000,2026-10-06 00:11:01,2026-10-05 23:45:44,0,1517.0,-1517.0,,Available,website maps this code to Available
1,55861d9c-f855-407c-af99-d20208f4e947,2026-10-06T00:11:01.324+00:00,2026-10-06T00:11:01.502+00:00,21072-30059,dryers,20632123-a,716000000,2026-10-06 00:11:01,2026-10-06 00:05:38,0,323.0,-323.0,,Available,website maps this code to Available
1,55861d9c-f855-407c-af99-d20208f4e947,2026-10-06T00:11:01.324+00:00,2026-10-06T00:11:01.502+00:00,21072-30059,dryers,20632098-a,616000040,2026-10-06 00:11:01,2026-10-05 04:11:31,0,71970.0,-71970.0,,Error,
1,cf025655-0bb2-4464-bf29-00e2ecc5a665,2026-10-06T00:12:01.293+00:00,2026-10-06T00:12:01.476+00:00,21072-30059,washers,20632118-b,416000000,2026-10-06 00:12:01,2026-10-06 00:09:18,30,163.0,1637.0,28,Running,
1,cf025655-0bb2-4464-bf29-00e2ecc5a665,2026-10-06T00:12:01.293+00:00,2026-10-06T00:12:01.476+00:00,21072-30059,washers,20632035-b,716000000,2026-10-06 00:12:01,2026-10-05 15:44:14,0,30467.0,-30467.0,,Available,website maps this code to Available
1,cf025655-0bb2-4464-bf29-00e2ecc5a665,2026-10-06T00:12:01.293+00:00,2026-10-06T00:12:01.476+00:00,21072-30059,washers,20632102-b,716000000,2026-10-06 00:12:01,2026-10-05 23:03:37,0,4104.0,-4104.0,,Available,website maps this code to Available
1,cf025655-0bb2-4464-bf29-00e2ecc5a665,2026-10-06T00:12:01.293+00:00,2026-10-06T00:12:01.476+00:00,21072-30059,washers,20632060-b,716000000,2026-10-06 00:12:01,2026-10-05 23:03:23,0,4118.0,-4118.0,,Available,website maps this code to Available
1,cf025655-0bb2-4464-bf29-00e2ecc5a665,2026-10-06T00:12:01.293+00:00,2026-10-06T00:12:01.476+00:00,21072-30059,washers,20632117-b,716000000,2026-10-06 00:12:01,2026-10-05 23:03:21,0,4120.0,-4120.0,,Available,website maps this code to Available
1,cf025655-0bb2-4464-bf29-00e2ecc5a665,2026-10-06T00:12:01.293+00:00,2026-10-06T00:12:01.476+00:00,21072-30059,washers,20632037-b,716000000,2026-10-06 00:12:01,2026-10-05 23:49:24,0,1357.0,-1357.0,,Available,website maps this code to Available
1,cf025655-0bb2-4464-bf29-00e2ecc5a665,2026-10-06T00:12:01.293+00:00,2026-10-06T00:12:01.476+00:00,21072-30059,washers,20632092-b,716000000,2026-10-06 00:12:01,2026-10-05 23:04:12,0,4069.0,-4069.0,,Available,website maps this code to Available
1,cf025655-0bb2-4464-bf29-00e2ecc5a665,2026-10-06T00:12:01.293+00:00,2026-10-06T00:12:01.476+00:00,21072-30059,washers,20632128-b,716000000,2026-10-06 00:12:01,2026-10-05 21:58:19,0,8022.0,-8022.0,,Available,website maps this code to Available
1,cf025655-0bb2-4464-bf29-00e2ecc5a665,2026-10-06T00:12:01.293+00:00,2026-10-06T00:12:01.476+00:00,21072-30059,washers,20632044-b,716000000,2026-10-06 00:12:01,2026-10-05 23:44:53,0,1628.0,-1628.0,,Available,website maps this code to Available
1,cf025655-0bb2-4464-bf29-00e2ecc5a665,2026-10-06T00:12:01.293+00:00,2026-10-06T00:12:01.476+00:00,21072-30059,washers,20632094-b,716000000,2026-10-06 00:12:01,2026-10-05 23:51:07,0,1254.0,-1254.0,,Available,website maps this code to Available
1,cf025655-0bb2-4464-bf29-00e2ecc5a665,2026-10-06T00:12:01.293+00:00,2026-10-06T00:12:01.476+00:00,21072-30059,washers,20632123-b,716000000,2026-10-06 00:12:01,2026-10-06 00:05:40,0,381.0,-381.0,,Available,website maps this code to Available
1,cf025655-0bb2-4464-bf29-00e2ecc5a665,2026-10-06T00:12:01.293+00:00,2026-10-06T00:12:01.476+00:00,21072-30059,washers,20632098-b,616000040,2026-10-06 00:12:01,2026-10-05 22:41:51,0,5410.0,-5410.0,,Error,
1,cf025655-0bb2-4464-bf29-00e2ecc5a665,2026-10-06T00:12:01.293+00:00,2026-10-06T00:12:01.476+00:00,21072-30059,dryers,20632096-a,716000000,2026-10-06 00:12:01,2026-10-06 00:01:59,0,602.0,-602.0,,Available,website maps this code to Available
1,cf025655-0bb2-4464-bf29-00e2ecc5a665,2026-10-06T00:12:01.293+00:00,2026-10-06T00:12:01.476+00:00,21072-30059,dryers,20632096-b,716000000,2026-10-06 00:12:01,2026-10-05 23:45:56,0,1565.0,-1565.0,,Available,website maps this code to Available
1,cf025655-0bb2-4464-bf29-00e2ecc5a665,2026-10-06T00:12:01.293+00:00,2026-10-06T00:12:01.476+00:00,21072-30059,dryers,20632118-a,716000000,2026-10-06 00:12:01,2026-10-06 00:02:36,0,565.0,-565.0,,Available,website maps this code to Available
1,cf025655-0bb2-4464-bf29-00e2ecc5a665,2026-10-06T00:12:01.293+00:00,2026-10-06T00:12:01.476+00:00,21072-30059,dryers,20632035-a,716000000,2026-10-06 00:12:01,2026-10-05 04:09:25,0,72156.0,-72156.0,,Available,website maps this code to Available
1,cf025655-0bb2-4464-bf29-00e2ecc5a665,2026-10-06T00:12:01.293+00:00,2026-10-06T00:12:01.476+00:00,21072-30059,dryers,20632102-a,716000000,2026-10-06 00:12:01,2026-10-05 23:10:05,0,3716.0,-3716.0,,Available,website maps this code to Available
1,cf025655-0bb2-4464-bf29-00e2ecc5a665,2026-10-06T00:12:01.293+00:00,2026-10-06T00:12:01.476+00:00,21072-30059,dryers,20632060-a,716000000,2026-10-06 00:12:01,2026-10-05 23:08:19,0,3822.0,-3822.0,,Available,website maps this code to Available
1,cf025655-0bb2-4464-bf29-00e2ecc5a665,2026-10-06T00:12:01.293+00:00,2026-10-06T00:12:01.476+00:00,21072-30059,dryers,20632117-a,416000000,2026-10-06 00:12:01,2026-10-06 00:07:13,45,288.0,2412.0,41,Running,
1,cf025655-0bb2-4464-bf29-00e2ecc5a665,2026-10-06T00:12:01.293+00:00,2026-10-06T00:12:01.476+00:00,21072-30059,dryers,20632037-a,416000000,2026-10-06 00:12:01,2026-10-06 00:08:17,45,224.0,2476.0,42,Running,
1,cf025655-0bb2-4464-bf29-00e2ecc5a665,2026-10-06T00:12:01.293+00:00,2026-10-06T00:12:01.476+00:00,21072-30059,dryers,20632092-a,716000000,2026-10-06 00:12:01,2026-10-06 00:00:56,0,665.0,-665.0,,Available,website maps this code to Available
1,cf025655-0bb2-4464-bf29-00e2ecc5a665,2026-10-06T00:12:01.293+00:00,2026-10-06T00:12:01.476+00:00,21072-30059,dryers,20632128-a,716000000,2026-10-06 00:12:01,2026-10-05 23:35:18,0,2203.0,-2203.0,,Available,website maps this code to Available
1,cf025655-0bb2-4464-bf29-00e2ecc5a665,2026-10-06T00:12:01.293+00:00,2026-10-06T00:12:01.476+00:00,21072-30059,dryers,20632044-a,716000000,2026-10-06 00:12:01,2026-10-05 22:54:15,0,4666.0,-4666.0,,Available,website maps this code to Available
1,cf025655-0bb2-4464-bf29-00e2ecc5a665,2026-10-06T00:12:01.293+00:00,2026-10-06T00:12:01.476+00:00,21072-30059,dryers,20632094-a,416000000,2026-10-06 00:12:01,2026-10-06 00:11:04,45,57.0,2643.0,45,Running,
1,cf025655-0bb2-4464-bf29-00e2ecc5a665,2026-10-06T00:12:01.293+00:00,2026-10-06T00:12:01.476+00:00,21072-30059,dryers,20632123-a,716000000,2026-10-06 00:12:01,2026-10-06 00:05:38,0,383.0,-383.0,,Available,website maps this code to Available
1,cf025655-0bb2-4464-bf29-00e2ecc5a665,2026-10-06T00:12:01.293+00:00,2026-10-06T00:12:01.476+00:00,21072-30059,dryers,20632098-a,616000040,2026-10-06 00:12:01,2026-10-05 04:11:31,0,72030.0,-72030.0,,Error,
1,06445f8a-d34a-43da-975a-94874a994af4,2026-10-06T00:13:01.271+00:00,2026-10-06T00:13:01.496+00:00,21072-30059,washers,20632118-b,416000000,2026-10-06 00:13:01,2026-10-06 00:09:18,30,223.0,1577.0,27,Running,
1,06445f8a-d34a-43da-975a-94874a994af4,2026-10-06T00:13:01.271+00:00,2026-10-06T00:13:01.496+00:00,21072-30059,washers,20632035-b,716000000,2026-10-06 00:13:01,2026-10-05 15:44:14,0,30527.0,-30527.0,,Available,website maps this code to Available
1,06445f8a-d34a-43da-975a-94874a994af4,2026-10-06T00:13:01.271+00:00,2026-10-06T00:13:01.496+00:00,21072-30059,washers,20632102-b,716000000,2026-10-06 00:13:01,2026-10-05 23:03:37,0,4164.0,-4164.0,,Available,website maps this code to Available
1,06445f8a-d34a-43da-975a-94874a994af4,2026-10-06T00:13:01.271+00:00,2026-10-06T00:13:01.496+00:00,21072-30059,washers,20632060-b,716000000,2026-10-06 00:13:01,2026-10-05 23:03:23,0,4178.0,-4178.0,,Available,website maps this code to Available
1,06445f8a-d34a-43da-975a-94874a994af4,2026-10-06T00:13:01.271+00:00,2026-10-06T00:13:01.496+00:00,21072-30059,washers,20632117-b,716000000,2026-10-06 00:13:01,2026-10-05 23:03:21,0,4180.0,-4180.0,,Available,website maps this code to Available
1,06445f8a-d34a-43da-975a-94874a994af4,2026-10-06T00:13:01.271+00:00,2026-10-06T00:13:01.496+00:00,21072-30059,washers,20632037-b,716000000,2026-10-06 00:13:01,2026-10-05 23:49:24,0,1417.0,-1417.0,,Available,website maps this code to Available
1,06445f8a-d34a-43da-975a-94874a994af4,2026-10-06T00:13:01.271+00:00,2026-10-06T00:13:01.496+00:00,21072-30059,washers,20632092-b,716000000,2026-10-06 00:13:01,2026-10-05 23:04:12,0,4129.0,-4129.0,,Available,website maps this code to Available
1,06445f8a-d34a-43da-975a-94874a994af4,2026-10-06T00:13:01.271+00:00,2026-10-06T00:13:01.496+00:00,21072-30059,washers,20632128-b,716000000,2026-10-06 00:13:01,2026-10-05 21:58:19,0,8082.0,-8082.0,,Available,website maps this code to Available
1,06445f8a-d34a-43da-975a-94874a994af4,2026-10-06T00:13:01.271+00:00,2026-10-06T00:13:01.496+00:00,21072-30059,washers,20632044-b,716000000,2026-10-06 00:13:01,2026-10-05 23:44:53,0,1688.0,-1688.0,,Available,website maps this code to Available
1,06445f8a-d34a-43da-975a-94874a994af4,2026-10-06T00:13:01.271+00:00,2026-10-06T00:13:01.496+00:00,21072-30059,washers,20632094-b,716000000,2026-10-06 00:13:01,2026-10-05 23:51:07,0,1314.0,-1314.0,,Available,website maps this code to Available
1,06445f8a-d34a-43da-975a-94874a994af4,2026-10-06T00:13:01.271+00:00,2026-10-06T00:13:01.496+00:00,21072-30059,washers,20632123-b,716000000,2026-10-06 00:13:01,2026-10-06 00:05:40,0,441.0,-441.0,,Available,website maps this code to Available
1,06445f8a-d34a-43da-975a-94874a994af4,2026-10-06T00:13:01.271+00:00,2026-10-06T00:13:01.496+00:00,21072-30059,washers,20632098-b,616000040,2026-10-06 00:13:01,2026-10-05 22:41:51,0,5470.0,-5470.0,,Error,
1,06445f8a-d34a-43da-975a-94874a994af4,2026-10-06T00:13:01.271+00:00,2026-10-06T00:13:01.496+00:00,21072-30059,dryers,20632096-a,716000000,2026-10-06 00:13:01,2026-10-06 00:01:59,0,662.0,-662.0,,Available,website maps this code to Available
1,06445f8a-d34a-43da-975a-94874a994af4,2026-10-06T00:13:01.271+00:00,2026-10-06T00:13:01.496+00:00,21072-30059,dryers,20632096-b,716000000,2026-10-06 00:13:01,2026-10-05 23:45:56,0,1625.0,-1625.0,,Available,website maps this code to Available
1,06445f8a-d34a-43da-975a-94874a994af4,2026-10-06T00:13:01.271+00:00,2026-10-06T00:13:01.496+00:00,21072-30059,dryers,20632118-a,716000000,2026-10-06 00:13:01,2026-10-06 00:02:36,0,625.0,-625.0,,Available,website maps this code to Available
1,06445f8a-d34a-43da-975a-94874a994af4,2026-10-06T00:13:01.271+00:00,2026-10-06T00:13:01.496+00:00,21072-30059,dryers,20632035-a,716000000,2026-10-06 00:13:01,2026-10-05 04:09:25,0,72216.0,-72216.0,,Available,website maps this code to Available
1,06445f8a-d34a-43da-975a-94874a994af4,2026-10-06T00:13:01.271+00:00,2026-10-06T00:13:01.496+00:00,21072-30059,dryers,20632102-a,716000000,2026-10-06 00:13:01,2026-10-05 23:10:05,0,3776.0,-3776.0,,Available,website maps this code to Available
1,06445f8a-d34a-43da-975a-94874a994af4,2026-10-06T00:13:01.271+00:00,2026-10-06T00:13:01.496+00:00,21072-30059,dryers,20632060-a,716000000,2026-10-06 00:13:01,2026-10-05 23:08:19,0,3882.0,-3882.0,,Available,website maps this code to Available
1,06445f8a-d34a-43da-975a-94874a994af4,2026-10-06T00:13:01.271+00:00,2026-10-06T00:13:01.496+00:00,21072-30059,dryers,20632117-a,416000000,2026-10-06 00:13:01,2026-10-06 00:07:13,45,348.0,2352.0,40,Running,
1,06445f8a-d34a-43da-975a-94874a994af4,2026-10-06T00:13:01.271+00:00,2026-10-06T00:13:01.496+00:00,21072-30059,dryers,20632037-a,416000000,2026-10-06 00:13:01,2026-10-06 00:08:17,45,284.0,2416.0,41,Running,
1,06445f8a-d34a-43da-975a-94874a994af4,2026-10-06T00:13:01.271+00:00,2026-10-06T00:13:01.496+00:00,21072-30059,dryers,20632092-a,716000000,2026-10-06 00:13:01,2026-10-06 00:00:56,0,725.0,-725.0,,Available,website maps this code to Available
1,06445f8a-d34a-43da-975a-94874a994af4,2026-10-06T00:13:01.271+00:00,2026-10-06T00:13:01.496+00:00,21072-30059,dryers,20632128-a,716000000,2026-10-06 00:13:01,2026-10-05 23:35:18,0,2263.0,-2263.0,,Available,website maps this code to Available
1,06445f8a-d34a-43da-975a-94874a994af4,2026-10-06T00:13:01.271+00:00,2026-10-06T00:13:01.496+00:00,21072-30059,dryers,20632044-a,716000000,2026-10-06 00:13:01,2026-10-05 22:54:15,0,4726.0,-4726.0,,Available,website maps this code to Available
1,06445f8a-d34a-43da-975a-94874a994af4,2026-10-06T00:13:01.271+00:00,2026-10-06T00:13:01.496+00:00,21072-30059,dryers,20632094-a,416000000,2026-10-06 00:13:01,2026-10-06 00:11:04,45,117.0,2583.0,44,Running,
1,06445f8a-d34a-43da-975a-94874a994af4,2026-10-06T00:13:01.271+00:00,2026-10-06T00:13:01.496+00:00,21072-30059,dryers,20632123-a,716000000,2026-10-06 00:13:01,2026-10-06 00:05:38,0,443.0,-443.0,,Available,website maps this code to Available
1,06445f8a-d34a-43da-975a-94874a994af4,2026-10-06T00:13:01.271+00:00,2026-10-06T00:13:01.496+00:00,21072-30059,dryers,20632098-a,616000040,2026-10-06 00:13:01,2026-10-05 04:11:31,0,72090.0,-72090.0,,Error,
1,5962353c-3c4a-4642-bddc-f849c09947b6,2026-10-06T00:14:01.263+00:00,2026-10-06T00:14:01.435+00:00,21072-30059,washers,20632118-b,416000000,2026-10-06 00:14:01,2026-10-06 00:09:18,30,283.0,1517.0,26,Running,
1,5962353c-3c4a-4642-bddc-f849c09947b6,2026-10-06T00:14:01.263+00:00,2026-10-06T00:14:01.435+00:00,21072-30059,washers,20632035-b,716000000,2026-10-06 00:14:01,2026-10-05 15:44:14,0,30587.0,-30587.0,,Available,website maps this code to Available
1,5962353c-3c4a-4642-bddc-f849c09947b6,2026-10-06T00:14:01.263+00:00,2026-10-06T00:14:01.435+00:00,21072-30059,washers,20632102-b,716000000,2026-10-06 00:14:01,2026-10-05 23:03:37,0,4224.0,-4224.0,,Available,website maps this code to Available
1,5962353c-3c4a-4642-bddc-f849c09947b6,2026-10-06T00:14:01.263+00:00,2026-10-06T00:14:01.435+00:00,21072-30059,washers,20632060-b,716000000,2026-10-06 00:14:01,2026-10-05 23:03:23,0,4238.0,-4238.0,,Available,website maps this code to Available
1,5962353c-3c4a-4642-bddc-f849c09947b6,2026-10-06T00:14:01.263+00:00,2026-10-06T00:14:01.435+00:00,21072-30059,washers,20632117-b,716000000,2026-10-06 00:14:01,2026-10-05 23:03:21,0,4240.0,-4240.0,,Available,website maps this code to Available
1,5962353c-3c4a-4642-bddc-f849c09947b6,2026-10-06T00:14:01.263+00:00,2026-10-06T00:14:01.435+00:00,21072-30059,washers,20632037-b,716000000,2026-10-06 00:14:01,2026-10-05 23:49:24,0,1477.0,-1477.0,,Available,website maps this code to Available
1,5962353c-3c4a-4642-bddc-f849c09947b6,2026-10-06T00:14:01.263+00:00,2026-10-06T00:14:01.435+00:00,21072-30059,washers,20632092-b,716000000,2026-10-06 00:14:01,2026-10-05 23:04:12,0,4189.0,-4189.0,,Available,website maps this code to Available
1,5962353c-3c4a-4642-bddc-f849c09947b6,2026-10-06T00:14:01.263+00:00,2026-10-06T00:14:01.435+00:00,21072-30059,washers,20632128-b,716000000,2026-10-06 00:14:01,2026-10-05 21:58:19,0,8142.0,-8142.0,,Available,website maps this code to Available
1,5962353c-3c4a-4642-bddc-f849c09947b6,2026-10-06T00:14:01.263+00:00,2026-10-06T00:14:01.435+00:00,21072-30059,washers,20632044-b,716000000,2026-10-06 00:14:01,2026-10-05 23:44:53,0,1748.0,-1748.0,,Available,website maps this code to Available
1,5962353c-3c4a-4642-bddc-f849c09947b6,2026-10-06T00:14:01.263+00:00,2026-10-06T00:14:01.435+00:00,21072-30059,washers,20632094-b,716000000,2026-10-06 00:14:01,2026-10-05 23:51:07,0,1374.0,-1374.0,,Available,website maps this code to Available
1,5962353c-3c4a-4642-bddc-f849c09947b6,2026-10-06T00:14:01.263+00:00,2026-10-06T00:14:01.435+00:00,21072-30059,washers,20632123-b,716000000,2026-10-06 00:14:01,2026-10-06 00:05:40,0,501.0,-501.0,,Available,website maps this code to Available
1,5962353c-3c4a-4642-bddc-f849c09947b6,2026-10-06T00:14:01.263+00:00,2026-10-06T00:14:01.435+00:00,21072-30059,washers,20632098-b,616000040,2026-10-06 00:14:01,2026-10-05 22:41:51,0,5530.0,-5530.0,,Error,
1,5962353c-3c4a-4642-bddc-f849c09947b6,2026-10-06T00:14:01.263+00:00,2026-10-06T00:14:01.435+00:00,21072-30059,dryers,20632096-a,716000000,2026-10-06 00:14:01,2026-10-06 00:01:59,0,722.0,-722.0,,Available,website maps this code to Available
1,5962353c-3c4a-4642-bddc-f849c09947b6,2026-10-06T00:14:01.263+00:00,2026-10-06T00:14:01.435+00:00,21072-30059,dryers,20632096-b,716000000,2026-10-06 00:14:01,2026-10-05 23:45:56,0,1685.0,-1685.0,,Available,website maps this code to Available
1,5962353c-3c4a-4642-bddc-f849c09947b6,2026-10-06T00:14:01.263+00:00,2026-10-06T00:14:01.435+00:00,21072-30059,dryers,20632118-a,716000000,2026-10-06 00:14:01,2026-10-06 00:02:36,0,685.0,-685.0,,Available,website maps this code to Available
1,5962353c-3c4a-4642-bddc-f849c09947b6,2026-10-06T00:14:01.263+00:00,2026-10-06T00:14:01.435+00:00,21072-30059,dryers,20632035-a,716000000,2026-10-06 00:14:01,2026-10-05 04:09:25,0,72276.0,-72276.0,,Available,website maps this code to Available
1,5962353c-3c4a-4642-bddc-f849c09947b6,2026-10-06T00:14:01.263+00:00,2026-10-06T00:14:01.435+00:00,21072-30059,dryers,20632102-a,716000000,2026-10-06 00:14:01,2026-10-05 23:10:05,0,3836.0,-3836.0,,Available,website maps this code to Available
1,5962353c-3c4a-4642-bddc-f849c09947b6,2026-10-06T00:14:01.263+00:00,2026-10-06T00:14:01.435+00:00,21072-30059,dryers,20632060-a,716000000,2026-10-06 00:14:01,2026-10-05 23:08:19,0,3942.0,-3942.0,,Available,website maps this code to Available
1,5962353c-3c4a-4642-bddc-f849c09947b6,2026-10-06T00:14:01.263+00:00,2026-10-06T00:14:01.435+00:00,21072-30059,dryers,20632117-a,416000000,2026-10-06 00:14:01,2026-10-06 00:07:13,45,408.0,2292.0,39,Running,
1,5962353c-3c4a-4642-bddc-f849c09947b6,2026-10-06T00:14:01.263+00:00,2026-10-06T00:14:01.435+00:00,21072-30059,dryers,20632037-a,416000000,2026-10-06 00:14:01,2026-10-06 00:08:17,45,344.0,2356.0,40,Running,
1,5962353c-3c4a-4642-bddc-f849c09947b6,2026-10-06T00:14:01.263+00:00,2026-10-06T00:14:01.435+00:00,21072-30059,dryers,20632092-a,716000000,2026-10-06 00:14:01,2026-10-06 00:00:56,0,785.0,-785.0,,Available,website maps this code to Available
1,5962353c-3c4a-4642-bddc-f849c09947b6,2026-10-06T00:14:01.263+00:00,2026-10-06T00:14:01.435+00:00,21072-30059,dryers,20632128-a,716000000,2026-10-06 00:14:01,2026-10-05 23:35:18,0,2323.0,-2323.0,,Available,website maps this code to Available
1,5962353c-3c4a-4642-bddc-f849c09947b6,2026-10-06T00:14:01.263+00:00,2026-10-06T00:14:01.435+00:00,21072-30059,dryers,20632044-a,716000000,2026-10-06 00:14:01,2026-10-05 22:54:15,0,4786.0,-4786.0,,Available,website maps this code to Available
1,5962353c-3c4a-4642-bddc-f849c09947b6,2026-10-06T00:14:01.263+00:00,2026-10-06T00:14:01.435+00:00,21072-30059,dryers,20632094-a,416000000,2026-10-06 00:14:01,2026-10-06 00:11:04,45,177.0,2523.0,43,Running,
1,5962353c-3c4a-4642-bddc-f849c09947b6,2026-10-06T00:14:01.263+00:00,2026-10-06T00:14:01.435+00:00,21072-30059,dryers,20632123-a,716000000,2026-10-06 00:14:01,2026-10-06 00:05:38,0,503.0,-503.0,,Available,website maps this code to Available
1,5962353c-3c4a-4642-bddc-f849c09947b6,2026-10-06T00:14:01.263+00:00,2026-10-06T00:14:01.435+00:00,21072-30059,dryers,20632098-a,616000040,2026-10-06 00:14:01,2026-10-05 04:11:31,0,72150.0,-72150.0,,Error,
1,c02850d5-4b5f-4b1b-a48e-5d1367d8e536,2026-10-06T00:15:01.518+00:00,2026-10-06T00:15:01.910+00:00,21072-30059,washers,20632118-b,416000000,2026-10-06 00:15:01,2026-10-06 00:09:18,30,343.0,1457.0,25,Running,
1,c02850d5-4b5f-4b1b-a48e-5d1367d8e536,2026-10-06T00:15:01.518+00:00,2026-10-06T00:15:01.910+00:00,21072-30059,washers,20632035-b,716000000,2026-10-06 00:15:01,2026-10-05 15:44:14,0,30647.0,-30647.0,,Available,website maps this code to Available
1,c02850d5-4b5f-4b1b-a48e-5d1367d8e536,2026-10-06T00:15:01.518+00:00,2026-10-06T00:15:01.910+00:00,21072-30059,washers,20632102-b,716000000,2026-10-06 00:15:01,2026-10-05 23:03:37,0,4284.0,-4284.0,,Available,website maps this code to Available
1,c02850d5-4b5f-4b1b-a48e-5d1367d8e536,2026-10-06T00:15:01.518+00:00,2026-10-06T00:15:01.910+00:00,21072-30059,washers,20632060-b,716000000,2026-10-06 00:15:01,2026-10-05 23:03:23,0,4298.0,-4298.0,,Available,website maps this code to Available
1,c02850d5-4b5f-4b1b-a48e-5d1367d8e536,2026-10-06T00:15:01.518+00:00,2026-10-06T00:15:01.910+00:00,21072-30059,washers,20632117-b,716000000,2026-10-06 00:15:01,2026-10-05 23:03:21,0,4300.0,-4300.0,,Available,website maps this code to Available
1,c02850d5-4b5f-4b1b-a48e-5d1367d8e536,2026-10-06T00:15:01.518+00:00,2026-10-06T00:15:01.910+00:00,21072-30059,washers,20632037-b,716000000,2026-10-06 00:15:01,2026-10-05 23:49:24,0,1537.0,-1537.0,,Available,website maps this code to Available
1,c02850d5-4b5f-4b1b-a48e-5d1367d8e536,2026-10-06T00:15:01.518+00:00,2026-10-06T00:15:01.910+00:00,21072-30059,washers,20632092-b,716000000,2026-10-06 00:15:01,2026-10-05 23:04:12,0,4249.0,-4249.0,,Available,website maps this code to Available
1,c02850d5-4b5f-4b1b-a48e-5d1367d8e536,2026-10-06T00:15:01.518+00:00,2026-10-06T00:15:01.910+00:00,21072-30059,washers,20632128-b,716000000,2026-10-06 00:15:01,2026-10-05 21:58:19,0,8202.0,-8202.0,,Available,website maps this code to Available
1,c02850d5-4b5f-4b1b-a48e-5d1367d8e536,2026-10-06T00:15:01.518+00:00,2026-10-06T00:15:01.910+00:00,21072-30059,washers,20632044-b,716000000,2026-10-06 00:15:01,2026-10-05 23:44:53,0,1808.0,-1808.0,,Available,website maps this code to Available
1,c02850d5-4b5f-4b1b-a48e-5d1367d8e536,2026-10-06T00:15:01.518+00:00,2026-10-06T00:15:01.910+00:00,21072-30059,washers,20632094-b,716000000,2026-10-06 00:15:01,2026-10-05 23:51:07,0,1434.0,-1434.0,,Available,website maps this code to Available
1,c02850d5-4b5f-4b1b-a48e-5d1367d8e536,2026-10-06T00:15:01.518+00:00,2026-10-06T00:15:01.910+00:00,21072-30059,washers,20632123-b,716000000,2026-10-06 00:15:01,2026-10-06 00:05:40,0,561.0,-561.0,,Available,website maps this code to Available
1,c02850d5-4b5f-4b1b-a48e-5d1367d8e536,2026-10-06T00:15:01.518+00:00,2026-10-06T00:15:01.910+00:00,21072-30059,washers,20632098-b,616000040,2026-10-06 00:15:01,2026-10-05 22:41:51,0,5590.0,-5590.0,,Error,
1,c02850d5-4b5f-4b1b-a48e-5d1367d8e536,2026-10-06T00:15:01.518+00:00,2026-10-06T00:15:01.910+00:00,21072-30059,dryers,20632096-a,716000000,2026-10-06 00:15:01,2026-10-06 00:01:59,0,782.0,-782.0,,Available,website maps this code to Available
1,c02850d5-4b5f-4b1b-a48e-5d1367d8e536,2026-10-06T00:15:01.518+00:00,2026-10-06T00:15:01.910+00:00,21072-30059,dryers,20632096-b,716000000,2026-10-06 00:15:01,2026-10-05 23:45:56,0,1745.0,-1745.0,,Available,website maps this code to Available
1,c02850d5-4b5f-4b1b-a48e-5d1367d8e536,2026-10-06T00:15:01.518+00:00,2026-10-06T00:15:01.910+00:00,21072-30059,dryers,20632118-a,716000000,2026-10-06 00:15:01,2026-10-06 00:02:36,0,745.0,-745.0,,Available,website maps this code to Available
1,c02850d5-4b5f-4b1b-a48e-5d1367d8e536,2026-10-06T00:15:01.518+00:00,2026-10-06T00:15:01.910+00:00,21072-30059,dryers,20632035-a,716000000,2026-10-06 00:15:01,2026-10-05 04:09:25,0,72336.0,-72336.0,,Available,website maps this code to Available
1,c02850d5-4b5f-4b1b-a48e-5d1367d8e536,2026-10-06T00:15:01.518+00:00,2026-10-06T00:15:01.910+00:00,21072-30059,dryers,20632102-a,716000000,2026-10-06 00:15:01,2026-10-05 23:10:05,0,3896.0,-3896.0,,Available,website maps this code to Available
1,c02850d5-4b5f-4b1b-a48e-5d1367d8e536,2026-10-06T00:15:01.518+00:00,2026-10-06T00:15:01.910+00:00,21072-30059,dryers,20632060-a,716000000,2026-10-06 00:15:01,2026-10-05 23:08:19,0,4002.0,-4002.0,,Available,website maps this code to Available
1,c02850d5-4b5f-4b1b-a48e-5d1367d8e536,2026-10-06T00:15:01.518+00:00,2026-10-06T00:15:01.910+00:00,21072-30059,dryers,20632117-a,416000000,2026-10-06 00:15:01,2026-10-06 00:07:13,45,468.0,2232.0,38,Running,
1,c02850d5-4b5f-4b1b-a48e-5d1367d8e536,2026-10-06T00:15:01.518+00:00,2026-10-06T00:15:01.910+00:00,21072-30059,dryers,20632037-a,416000000,2026-10-06 00:15:01,2026-10-06 00:08:17,45,404.0,2296.0,39,Running,
1,c02850d5-4b5f-4b1b-a48e-5d1367d8e536,2026-10-06T00:15:01.518+00:00,2026-10-06T00:15:01.910+00:00,21072-30059,dryers,20632092-a,716000000,2026-10-06 00:15:01,2026-10-06 00:00:56,0,845.0,-845.0,,Available,website maps this code to Available
1,c02850d5-4b5f-4b1b-a48e-5d1367d8e536,2026-10-06T00:15:01.518+00:00,2026-10-06T00:15:01.910+00:00,21072-30059,dryers,20632128-a,716000000,2026-10-06 00:15:01,2026-10-05 23:35:18,0,2383.0,-2383.0,,Available,website maps this code to Available
1,c02850d5-4b5f-4b1b-a48e-5d1367d8e536,2026-10-06T00:15:01.518+00:00,2026-10-06T00:15:01.910+00:00,21072-30059,dryers,20632044-a,716000000,2026-10-06 00:15:01,2026-10-05 22:54:15,0,4846.0,-4846.0,,Available,website maps this code to Available
1,c02850d5-4b5f-4b1b-a48e-5d1367d8e536,2026-10-06T00:15:01.518+00:00,2026-10-06T00:15:01.910+00:00,21072-30059,dryers,20632094-a,416000000,2026-10-06 00:15:01,2026-10-06 00:11:04,45,237.0,2463.0,42,Running,
1,c02850d5-4b5f-4b1b-a48e-5d1367d8e536,2026-10-06T00:15:01.518+00:00,2026-10-06T00:15:01.910+00:00,21072-30059,dryers,20632123-a,716000000,2026-10-06 00:15:01,2026-10-06 00:05:38,0,563.0,-563.0,,Available,website maps this code to Available
1,c02850d5-4b5f-4b1b-a48e-5d1367d8e536,2026-10-06T00:15:01.518+00:00,2026-10-06T00:15:01.910+00:00,21072-30059,dryers,20632098-a,616000040,2026-10-06 00:15:01,2026-10-05 04:11:31,0,72210.0,-72210.0,,Error,
1,c1a642bf-2ac2-4422-b7e5-49f678c402df,2026-10-06T00:16:01.272+00:00,2026-10-06T00:16:01.454+00:00,21072-30059,washers,20632118-b,416000000,2026-10-06 00:16:01,2026-10-06 00:09:18,30,403.0,1397.0,24,Running,
1,c1a642bf-2ac2-4422-b7e5-49f678c402df,2026-10-06T00:16:01.272+00:00,2026-10-06T00:16:01.454+00:00,21072-30059,washers,20632035-b,716000000,2026-10-06 00:16:01,2026-10-05 15:44:14,0,30707.0,-30707.0,,Available,website maps this code to Available
1,c1a642bf-2ac2-4422-b7e5-49f678c402df,2026-10-06T00:16:01.272+00:00,2026-10-06T00:16:01.454+00:00,21072-30059,washers,20632102-b,716000000,2026-10-06 00:16:01,2026-10-05 23:03:37,0,4344.0,-4344.0,,Available,website maps this code to Available
1,c1a642bf-2ac2-4422-b7e5-49f678c402df,2026-10-06T00:16:01.272+00:00,2026-10-06T00:16:01.454+00:00,21072-30059,washers,20632060-b,716000000,2026-10-06 00:16:01,2026-10-05 23:03:23,0,4358.0,-4358.0,,Available,website maps this code to Available
1,c1a642bf-2ac2-4422-b7e5-49f678c402df,2026-10-06T00:16:01.272+00:00,2026-10-06T00:16:01.454+00:00,21072-30059,washers,20632117-b,716000000,2026-10-06 00:16:01,2026-10-05 23:03:21,0,4360.0,-4360.0,,Available,website maps this code to Available
1,c1a642bf-2ac2-4422-b7e5-49f678c402df,2026-10-06T00:16:01.272+00:00,2026-10-06T00:16:01.454+00:00,21072-30059,washers,20632037-b,716000000,2026-10-06 00:16:01,2026-10-05 23:49:24,0,1597.0,-1597.0,,Available,website maps this code to Available
1,c1a642bf-2ac2-4422-b7e5-49f678c402df,2026-10-06T00:16:01.272+00:00,2026-10-06T00:16:01.454+00:00,21072-30059,washers,20632092-b,716000000,2026-10-06 00:16:01,2026-10-05 23:04:12,0,4309.0,-4309.0,,Available,website maps this code to Available
1,c1a642bf-2ac2-4422-b7e5-49f678c402df,2026-10-06T00:16:01.272+00:00,2026-10-06T00:16:01.454+00:00,21072-30059,washers,20632128-b,716000000,2026-10-06 00:16:01,2026-10-05 21:58:19,0,8262.0,-8262.0,,Available,website maps this code to Available
1,c1a642bf-2ac2-4422-b7e5-49f678c402df,2026-10-06T00:16:01.272+00:00,2026-10-06T00:16:01.454+00:00,21072-30059,washers,20632044-b,716000000,2026-10-06 00:16:01,2026-10-05 23:44:53,0,1868.0,-1868.0,,Available,website maps this code to Available
1,c1a642bf-2ac2-4422-b7e5-49f678c402df,2026-10-06T00:16:01.272+00:00,2026-10-06T00:16:01.454+00:00,21072-30059,washers,20632094-b,716000000,2026-10-06 00:16:01,2026-10-05 23:51:07,0,1494.0,-1494.0,,Available,website maps this code to Available
1,c1a642bf-2ac2-4422-b7e5-49f678c402df,2026-10-06T00:16:01.272+00:00,2026-10-06T00:16:01.454+00:00,21072-30059,washers,20632123-b,716000000,2026-10-06 00:16:01,2026-10-06 00:05:40,0,621.0,-621.0,,Available,website maps this code to Available
1,c1a642bf-2ac2-4422-b7e5-49f678c402df,2026-10-06T00:16:01.272+00:00,2026-10-06T00:16:01.454+00:00,21072-30059,washers,20632098-b,616000040,2026-10-06 00:16:01,2026-10-05 22:41:51,0,5650.0,-5650.0,,Error,
1,c1a642bf-2ac2-4422-b7e5-49f678c402df,2026-10-06T00:16:01.272+00:00,2026-10-06T00:16:01.454+00:00,21072-30059,dryers,20632096-a,716000000,2026-10-06 00:16:01,2026-10-06 00:01:59,0,842.0,-842.0,,Available,website maps this code to Available
1,c1a642bf-2ac2-4422-b7e5-49f678c402df,2026-10-06T00:16:01.272+00:00,2026-10-06T00:16:01.454+00:00,21072-30059,dryers,20632096-b,716000000,2026-10-06 00:16:01,2026-10-05 23:45:56,0,1805.0,-1805.0,,Available,website maps this code to Available
1,c1a642bf-2ac2-4422-b7e5-49f678c402df,2026-10-06T00:16:01.272+00:00,2026-10-06T00:16:01.454+00:00,21072-30059,dryers,20632118-a,716000000,2026-10-06 00:16:01,2026-10-06 00:02:36,0,805.0,-805.0,,Available,website maps this code to Available
1,c1a642bf-2ac2-4422-b7e5-49f678c402df,2026-10-06T00:16:01.272+00:00,2026-10-06T00:16:01.454+00:00,21072-30059,dryers,20632035-a,716000000,2026-10-06 00:16:01,2026-10-05 04:09:25,0,72396.0,-72396.0,,Available,website maps this code to Available
1,c1a642bf-2ac2-4422-b7e5-49f678c402df,2026-10-06T00:16:01.272+00:00,2026-10-06T00:16:01.454+00:00,21072-30059,dryers,20632102-a,716000000,2026-10-06 00:16:01,2026-10-05 23:10:05,0,3956.0,-3956.0,,Available,website maps this code to Available
1,c1a642bf-2ac2-4422-b7e5-49f678c402df,2026-10-06T00:16:01.272+00:00,2026-10-06T00:16:01.454+00:00,21072-30059,dryers,20632060-a,716000000,2026-10-06 00:16:01,2026-10-05 23:08:19,0,4062.0,-4062.0,,Available,website maps this code to Available
1,c1a642bf-2ac2-4422-b7e5-49f678c402df,2026-10-06T00:16:01.272+00:00,2026-10-06T00:16:01.454+00:00,21072-30059,dryers,20632117-a,416000000,2026-10-06 00:16:01,2026-10-06 00:07:13,45,528.0,2172.0,37,Running,
1,c1a642bf-2ac2-4422-b7e5-49f678c402df,2026-10-06T00:16:01.272+00:00,2026-10-06T00:16:01.454+00:00,21072-30059,dryers,20632037-a,416000000,2026-10-06 00:16:01,2026-10-06 00:08:17,45,464.0,2236.0,38,Running,
1,c1a642bf-2ac2-4422-b7e5-49f678c402df,2026-10-06T00:16:01.272+00:00,2026-10-06T00:16:01.454+00:00,21072-30059,dryers,20632092-a,716000000,2026-10-06 00:16:01,2026-10-06 00:00:56,0,905.0,-905.0,,Available,website maps this code to Available
1,c1a642bf-2ac2-4422-b7e5-49f678c402df,2026-10-06T00:16:01.272+00:00,2026-10-06T00:16:01.454+00:00,21072-30059,dryers,20632128-a,716000000,2026-10-06 00:16:01,2026-10-05 23:35:18,0,2443.0,-2443.0,,Available,website maps this code to Available
1,c1a642bf-2ac2-4422-b7e5-49f678c402df,2026-10-06T00:16:01.272+00:00,2026-10-06T00:16:01.454+00:00,21072-30059,dryers,20632044-a,716000000,2026-10-06 00:16:01,2026-10-05 22:54:15,0,4906.0,-4906.0,,Available,website maps this code to Available
1,c1a642bf-2ac2-4422-b7e5-49f678c402df,2026-10-06T00:16:01.272+00:00,2026-10-06T00:16:01.454+00:00,21072-30059,dryers,20632094-a,416000000,2026-10-06 00:16:01,2026-10-06 00:11:04,45,297.0,2403.0,41,Running,
1,c1a642bf-2ac2-4422-b7e5-49f678c402df,2026-10-06T00:16:01.272+00:00,2026-10-06T00:16:01.454+00:00,21072-30059,dryers,20632123-a,716000000,2026-10-06 00:16:01,2026-10-06 00:05:38,0,623.0,-623.0,,Available,website maps this code to Available
1,c1a642bf-2ac2-4422-b7e5-49f678c402df,2026-10-06T00:16:01.272+00:00,2026-10-06T00:16:01.454+00:00,21072-30059,dryers,20632098-a,616000040,2026-10-06 00:16:01,2026-10-05 04:11:31,0,72270.0,-72270.0,,Error,
1,91133295-db8e-433e-96d0-22faf3b73843,2026-10-06T00:17:01.367+00:00,2026-10-06T00:17:01.555+00:00,21072-30059,washers,20632118-b,416000000,2026-10-06 00:17:01,2026-10-06 00:09:18,30,463.0,1337.0,23,Running,
1,91133295-db8e-433e-96d0-22faf3b73843,2026-10-06T00:17:01.367+00:00,2026-10-06T00:17:01.555+00:00,21072-30059,washers,20632035-b,716000000,2026-10-06 00:17:01,2026-10-05 15:44:14,0,30767.0,-30767.0,,Available,website maps this code to Available
1,91133295-db8e-433e-96d0-22faf3b73843,2026-10-06T00:17:01.367+00:00,2026-10-06T00:17:01.555+00:00,21072-30059,washers,20632102-b,716000000,2026-10-06 00:17:01,2026-10-05 23:03:37,0,4404.0,-4404.0,,Available,website maps this code to Available
1,91133295-db8e-433e-96d0-22faf3b73843,2026-10-06T00:17:01.367+00:00,2026-10-06T00:17:01.555+00:00,21072-30059,washers,20632060-b,716000000,2026-10-06 00:17:01,2026-10-05 23:03:23,0,4418.0,-4418.0,,Available,website maps this code to Available
1,91133295-db8e-433e-96d0-22faf3b73843,2026-10-06T00:17:01.367+00:00,2026-10-06T00:17:01.555+00:00,21072-30059,washers,20632117-b,716000000,2026-10-06 00:17:01,2026-10-05 23:03:21,0,4420.0,-4420.0,,Available,website maps this code to Available
1,91133295-db8e-433e-96d0-22faf3b73843,2026-10-06T00:17:01.367+00:00,2026-10-06T00:17:01.555+00:00,21072-30059,washers,20632037-b,716000000,2026-10-06 00:17:01,2026-10-05 23:49:24,0,1657.0,-1657.0,,Available,website maps this code to Available
1,91133295-db8e-433e-96d0-22faf3b73843,2026-10-06T00:17:01.367+00:00,2026-10-06T00:17:01.555+00:00,21072-30059,washers,20632092-b,716000000,2026-10-06 00:17:01,2026-10-05 23:04:12,0,4369.0,-4369.0,,Available,website maps this code to Available
1,91133295-db8e-433e-96d0-22faf3b73843,2026-10-06T00:17:01.367+00:00,2026-10-06T00:17:01.555+00:00,21072-30059,washers,20632128-b,716000000,2026-10-06 00:17:01,2026-10-05 21:58:19,0,8322.0,-8322.0,,Available,website maps this code to Available
1,91133295-db8e-433e-96d0-22faf3b73843,2026-10-06T00:17:01.367+00:00,2026-10-06T00:17:01.555+00:00,21072-30059,washers,20632044-b,716000000,2026-10-06 00:17:01,2026-10-05 23:44:53,0,1928.0,-1928.0,,Available,website maps this code to Available
1,91133295-db8e-433e-96d0-22faf3b73843,2026-10-06T00:17:01.367+00:00,2026-10-06T00:17:01.555+00:00,21072-30059,washers,20632094-b,716000000,2026-10-06 00:17:01,2026-10-05 23:51:07,0,1554.0,-1554.0,,Available,website maps this code to Available
1,91133295-db8e-433e-96d0-22faf3b73843,2026-10-06T00:17:01.367+00:00,2026-10-06T00:17:01.555+00:00,21072-30059,washers,20632123-b,716000000,2026-10-06 00:17:01,2026-10-06 00:05:40,0,681.0,-681.0,,Available,website maps this code to Available
1,91133295-db8e-433e-96d0-22faf3b73843,2026-10-06T00:17:01.367+00:00,2026-10-06T00:17:01.555+00:00,21072-30059,washers,20632098-b,616000040,2026-10-06 00:17:01,2026-10-05 22:41:51,0,5710.0,-5710.0,,Error,
1,91133295-db8e-433e-96d0-22faf3b73843,2026-10-06T00:17:01.367+00:00,2026-10-06T00:17:01.555+00:00,21072-30059,dryers,20632096-a,716000000,2026-10-06 00:17:01,2026-10-06 00:01:59,0,902.0,-902.0,,Available,website maps this code to Available
1,91133295-db8e-433e-96d0-22faf3b73843,2026-10-06T00:17:01.367+00:00,2026-10-06T00:17:01.555+00:00,21072-30059,dryers,20632096-b,716000000,2026-10-06 00:17:01,2026-10-05 23:45:56,0,1865.0,-1865.0,,Available,website maps this code to Available
1,91133295-db8e-433e-96d0-22faf3b73843,2026-10-06T00:17:01.367+00:00,2026-10-06T00:17:01.555+00:00,21072-30059,dryers,20632118-a,716000000,2026-10-06 00:17:01,2026-10-06 00:02:36,0,865.0,-865.0,,Available,website maps this code to Available
1,91133295-db8e-433e-96d0-22faf3b73843,2026-10-06T00:17:01.367+00:00,2026-10-06T00:17:01.555+00:00,21072-30059,dryers,20632035-a,716000000,2026-10-06 00:17:01,2026-10-05 04:09:25,0,72456.0,-72456.0,,Available,website maps this code to Available
1,91133295-db8e-433e-96d0-22faf3b73843,2026-10-06T00:17:01.367+00:00,2026-10-06T00:17:01.555+00:00,21072-30059,dryers,20632102-a,716000000,2026-10-06 00:17:01,2026-10-05 23:10:05,0,4016.0,-4016.0,,Available,website maps this code to Available
1,91133295-db8e-433e-96d0-22faf3b73843,2026-10-06T00:17:01.367+00:00,2026-10-06T00:17:01.555+00:00,21072-30059,dryers,20632060-a,716000000,2026-10-06 00:17:01,2026-10-05 23:08:19,0,4122.0,-4122.0,,Available,website maps this code to Available
1,91133295-db8e-433e-96d0-22faf3b73843,2026-10-06T00:17:01.367+00:00,2026-10-06T00:17:01.555+00:00,21072-30059,dryers,20632117-a,416000000,2026-10-06 00:17:01,2026-10-06 00:07:13,45,588.0,2112.0,36,Running,
1,91133295-db8e-433e-96d0-22faf3b73843,2026-10-06T00:17:01.367+00:00,2026-10-06T00:17:01.555+00:00,21072-30059,dryers,20632037-a,416000000,2026-10-06 00:17:01,2026-10-06 00:08:17,45,524.0,2176.0,37,Running,
1,91133295-db8e-433e-96d0-22faf3b73843,2026-10-06T00:17:01.367+00:00,2026-10-06T00:17:01.555+00:00,21072-30059,dryers,20632092-a,716000000,2026-10-06 00:17:01,2026-10-06 00:00:56,0,965.0,-965.0,,Available,website maps this code to Available
1,91133295-db8e-433e-96d0-22faf3b73843,2026-10-06T00:17:01.367+00:00,2026-10-06T00:17:01.555+00:00,21072-30059,dryers,20632128-a,716000000,2026-10-06 00:17:01,2026-10-05 23:35:18,0,2503.0,-2503.0,,Available,website maps this code to Available
1,91133295-db8e-433e-96d0-22faf3b73843,2026-10-06T00:17:01.367+00:00,2026-10-06T00:17:01.555+00:00,21072-30059,dryers,20632044-a,716000000,2026-10-06 00:17:01,2026-10-05 22:54:15,0,4966.0,-4966.0,,Available,website maps this code to Available
1,91133295-db8e-433e-96d0-22faf3b73843,2026-10-06T00:17:01.367+00:00,2026-10-06T00:17:01.555+00:00,21072-30059,dryers,20632094-a,416000000,2026-10-06 00:17:01,2026-10-06 00:11:04,45,357.0,2343.0,40,Running,
1,91133295-db8e-433e-96d0-22faf3b73843,2026-10-06T00:17:01.367+00:00,2026-10-06T00:17:01.555+00:00,21072-30059,dryers,20632123-a,716000000,2026-10-06 00:17:01,2026-10-06 00:05:38,0,683.0,-683.0,,Available,website maps this code to Available
1,91133295-db8e-433e-96d0-22faf3b73843,2026-10-06T00:17:01.367+00:00,2026-10-06T00:17:01.555+00:00,21072-30059,dryers,20632098-a,616000040,2026-10-06 00:17:01,2026-10-05 04:11:31,0,72330.0,-72330.0,,Error,
1,0c2b34ac-7d00-4136-b0b3-bde71f255f4e,2026-10-06T00:18:01.245+00:00,2026-10-06T00:18:01.488+00:00,21072-30059,washers,20632118-b,416000000,2026-10-06 00:18:01,2026-10-06 00:09:18,30,523.0,1277.0,22,Running,
1,0c2b34ac-7d00-4136-b0b3-bde71f255f4e,2026-10-06T00:18:01.245+00:00,2026-10-06T00:18:01.488+00:00,21072-30059,washers,20632035-b,716000000,2026-10-06 00:18:01,2026-10-05 15:44:14,0,30827.0,-30827.0,,Available,website maps this code to Available
1,0c2b34ac-7d00-4136-b0b3-bde71f255f4e,2026-10-06T00:18:01.245+00:00,2026-10-06T00:18:01.488+00:00,21072-30059,washers,20632102-b,716000000,2026-10-06 00:18:01,2026-10-05 23:03:37,0,4464.0,-4464.0,,Available,website maps this code to Available
1,0c2b34ac-7d00-4136-b0b3-bde71f255f4e,2026-10-06T00:18:01.245+00:00,2026-10-06T00:18:01.488+00:00,21072-30059,washers,20632060-b,716000000,2026-10-06 00:18:01,2026-10-05 23:03:23,0,4478.0,-4478.0,,Available,website maps this code to Available
1,0c2b34ac-7d00-4136-b0b3-bde71f255f4e,2026-10-06T00:18:01.245+00:00,2026-10-06T00:18:01.488+00:00,21072-30059,washers,20632117-b,716000000,2026-10-06 00:18:01,2026-10-05 23:03:21,0,4480.0,-4480.0,,Available,website maps this code to Available
1,0c2b34ac-7d00-4136-b0b3-bde71f255f4e,2026-10-06T00:18:01.245+00:00,2026-10-06T00:18:01.488+00:00,21072-30059,washers,20632037-b,716000000,2026-10-06 00:18:01,2026-10-05 23:49:24,0,1717.0,-1717.0,,Available,website maps this code to Available
1,0c2b34ac-7d00-4136-b0b3-bde71f255f4e,2026-10-06T00:18:01.245+00:00,2026-10-06T00:18:01.488+00:00,21072-30059,washers,20632092-b,716000000,2026-10-06 00:18:01,2026-10-05 23:04:12,0,4429.0,-4429.0,,Available,website maps this code to Available
1,0c2b34ac-7d00-4136-b0b3-bde71f255f4e,2026-10-06T00:18:01.245+00:00,2026-10-06T00:18:01.488+00:00,21072-30059,washers,20632128-b,716000000,2026-10-06 00:18:01,2026-10-05 21:58:19,0,8382.0,-8382.0,,Available,website maps this code to Available
1,0c2b34ac-7d00-4136-b0b3-bde71f255f4e,2026-10-06T00:18:01.245+00:00,2026-10-06T00:18:01.488+00:00,21072-30059,washers,20632044-b,716000000,2026-10-06 00:18:01,2026-10-05 23:44:53,0,1988.0,-1988.0,,Available,website maps this code to Available
1,0c2b34ac-7d00-4136-b0b3-bde71f255f4e,2026-10-06T00:18:01.245+00:00,2026-10-06T00:18:01.488+00:00,21072-30059,washers,20632094-b,716000000,2026-10-06 00:18:01,2026-10-05 23:51:07,0,1614.0,-1614.0,,Available,website maps this code to Available
1,0c2b34ac-7d00-4136-b0b3-bde71f255f4e,2026-10-06T00:18:01.245+00:00,2026-10-06T00:18:01.488+00:00,21072-30059,washers,20632123-b,716000000,2026-10-06 00:18:01,2026-10-06 00:05:40,0,741.0,-741.0,,Available,website maps this code to Available
1,0c2b34ac-7d00-4136-b0b3-bde71f255f4e,2026-10-06T00:18:01.245+00:00,2026-10-06T00:18:01.488+00:00,21072-30059,washers,20632098-b,616000040,2026-10-06 00:18:01,2026-10-05 22:41:51,0,5770.0,-5770.0,,Error,
1,0c2b34ac-7d00-4136-b0b3-bde71f255f4e,2026-10-06T00:18:01.245+00:00,2026-10-06T00:18:01.488+00:00,21072-30059,dryers,20632096-a,716000000,2026-10-06 00:18:01,2026-10-06 00:01:59,0,962.0,-962.0,,Available,website maps this code to Available
1,0c2b34ac-7d00-4136-b0b3-bde71f255f4e,2026-10-06T00:18:01.245+00:00,2026-10-06T00:18:01.488+00:00,21072-30059,dryers,20632096-b,716000000,2026-10-06 00:18:01,2026-10-05 23:45:56,0,1925.0,-1925.0,,Available,website maps this code to Available
1,0c2b34ac-7d00-4136-b0b3-bde71f255f4e,2026-10-06T00:18:01.245+00:00,2026-10-06T00:18:01.488+00:00,21072-30059,dryers,20632118-a,716000000,2026-10-06 00:18:01,2026-10-06 00:02:36,0,925.0,-925.0,,Available,website maps this code to Available
1,0c2b34ac-7d00-4136-b0b3-bde71f255f4e,2026-10-06T00:18:01.245+00:00,2026-10-06T00:18:01.488+00:00,21072-30059,dryers,20632035-a,716000000,2026-10-06 00:18:01,2026-10-05 04:09:25,0,72516.0,-72516.0,,Available,website maps this code to Available
1,0c2b34ac-7d00-4136-b0b3-bde71f255f4e,2026-10-06T00:18:01.245+00:00,2026-10-06T00:18:01.488+00:00,21072-30059,dryers,20632102-a,716000000,2026-10-06 00:18:01,2026-10-05 23:10:05,0,4076.0,-4076.0,,Available,website maps this code to Available
1,0c2b34ac-7d00-4136-b0b3-bde71f255f4e,2026-10-06T00:18:01.245+00:00,2026-10-06T00:18:01.488+00:00,21072-30059,dryers,20632060-a,716000000,2026-10-06 00:18:01,2026-10-05 23:08:19,0,4182.0,-4182.0,,Available,website maps this code to Available
1,0c2b34ac-7d00-4136-b0b3-bde71f255f4e,2026-10-06T00:18:01.245+00:00,2026-10-06T00:18:01.488+00:00,21072-30059,dryers,20632117-a,416000000,2026-10-06 00:18:01,2026-10-06 00:07:13,45,648.0,2052.0,35,Running,
1,0c2b34ac-7d00-4136-b0b3-bde71f255f4e,2026-10-06T00:18:01.245+00:00,2026-10-06T00:18:01.488+00:00,21072-30059,dryers,20632037-a,416000000,2026-10-06 00:18:01,2026-10-06 00:08:17,45,584.0,2116.0,36,Running,
1,0c2b34ac-7d00-4136-b0b3-bde71f255f4e,2026-10-06T00:18:01.245+00:00,2026-10-06T00:18:01.488+00:00,21072-30059,dryers,20632092-a,716000000,2026-10-06 00:18:01,2026-10-06 00:00:56,0,1025.0,-1025.0,,Available,website maps this code to Available
1,0c2b34ac-7d00-4136-b0b3-bde71f255f4e,2026-10-06T00:18:01.245+00:00,2026-10-06T00:18:01.488+00:00,21072-30059,dryers,20632128-a,716000000,2026-10-06 00:18:01,2026-10-05 23:35:18,0,2563.0,-2563.0,,Available,website maps this code to Available
1,0c2b34ac-7d00-4136-b0b3-bde71f255f4e,2026-10-06T00:18:01.245+00:00,2026-10-06T00:18:01.488+00:00,21072-30059,dryers,20632044-a,716000000,2026-10-06 00:18:01,2026-10-05 22:54:15,0,5026.0,-5026.0,,Available,website maps this code to Available
1,0c2b34ac-7d00-4136-b0b3-bde71f255f4e,2026-10-06T00:18:01.245+00:00,2026-10-06T00:18:01.488+00:00,21072-30059,dryers,20632094-a,416000000,2026-10-06 00:18:01,2026-10-06 00:17:12,40,49.0,2351.0,40,Running,
1,0c2b34ac-7d00-4136-b0b3-bde71f255f4e,2026-10-06T00:18:01.245+00:00,2026-10-06T00:18:01.488+00:00,21072-30059,dryers,20632123-a,716000000,2026-10-06 00:18:01,2026-10-06 00:05:38,0,743.0,-743.0,,Available,website maps this code to Available
1,0c2b34ac-7d00-4136-b0b3-bde71f255f4e,2026-10-06T00:18:01.245+00:00,2026-10-06T00:18:01.488+00:00,21072-30059,dryers,20632098-a,616000040,2026-10-06 00:18:01,2026-10-05 04:11:31,0,72390.0,-72390.0,,Error,
1,0e9c60c2-7ec1-4e39-ae74-1dada224d0b5,2026-10-06T00:19:01.252+00:00,2026-10-06T00:19:01.457+00:00,21072-30059,washers,20632118-b,416000000,2026-10-06 00:19:01,2026-10-06 00:09:18,30,583.0,1217.0,21,Running,
1,0e9c60c2-7ec1-4e39-ae74-1dada224d0b5,2026-10-06T00:19:01.252+00:00,2026-10-06T00:19:01.457+00:00,21072-30059,washers,20632035-b,716000000,2026-10-06 00:19:01,2026-10-05 15:44:14,0,30887.0,-30887.0,,Available,website maps this code to Available
1,0e9c60c2-7ec1-4e39-ae74-1dada224d0b5,2026-10-06T00:19:01.252+00:00,2026-10-06T00:19:01.457+00:00,21072-30059,washers,20632102-b,716000000,2026-10-06 00:19:01,2026-10-05 23:03:37,0,4524.0,-4524.0,,Available,website maps this code to Available
1,0e9c60c2-7ec1-4e39-ae74-1dada224d0b5,2026-10-06T00:19:01.252+00:00,2026-10-06T00:19:01.457+00:00,21072-30059,washers,20632060-b,716000000,2026-10-06 00:19:01,2026-10-05 23:03:23,0,4538.0,-4538.0,,Available,website maps this code to Available
1,0e9c60c2-7ec1-4e39-ae74-1dada224d0b5,2026-10-06T00:19:01.252+00:00,2026-10-06T00:19:01.457+00:00,21072-30059,washers,20632117-b,716000000,2026-10-06 00:19:01,2026-10-05 23:03:21,0,4540.0,-4540.0,,Available,website maps this code to Available
1,0e9c60c2-7ec1-4e39-ae74-1dada224d0b5,2026-10-06T00:19:01.252+00:00,2026-10-06T00:19:01.457+00:00,21072-30059,washers,20632037-b,716000000,2026-10-06 00:19:01,2026-10-05 23:49:24,0,1777.0,-1777.0,,Available,website maps this code to Available
1,0e9c60c2-7ec1-4e39-ae74-1dada224d0b5,2026-10-06T00:19:01.252+00:00,2026-10-06T00:19:01.457+00:00,21072-30059,washers,20632092-b,716000000,2026-10-06 00:19:01,2026-10-05 23:04:12,0,4489.0,-4489.0,,Available,website maps this code to Available
1,0e9c60c2-7ec1-4e39-ae74-1dada224d0b5,2026-10-06T00:19:01.252+00:00,2026-10-06T00:19:01.457+00:00,21072-30059,washers,20632128-b,716000000,2026-10-06 00:19:01,2026-10-05 21:58:19,0,8442.0,-8442.0,,Available,website maps this code to Available
1,0e9c60c2-7ec1-4e39-ae74-1dada224d0b5,2026-10-06T00:19:01.252+00:00,2026-10-06T00:19:01.457+00:00,21072-30059,washers,20632044-b,716000000,2026-10-06 00:19:01,2026-10-05 23:44:53,0,2048.0,-2048.0,,Available,website maps this code to Available
1,0e9c60c2-7ec1-4e39-ae74-1dada224d0b5,2026-10-06T00:19:01.252+00:00,2026-10-06T00:19:01.457+00:00,21072-30059,washers,20632094-b,716000000,2026-10-06 00:19:01,2026-10-05 23:51:07,0,1674.0,-1674.0,,Available,website maps this code to Available
1,0e9c60c2-7ec1-4e39-ae74-1dada224d0b5,2026-10-06T00:19:01.252+00:00,2026-10-06T00:19:01.457+00:00,21072-30059,washers,20632123-b,716000000,2026-10-06 00:19:01,2026-10-06 00:05:40,0,801.0,-801.0,,Available,website maps this code to Available
1,0e9c60c2-7ec1-4e39-ae74-1dada224d0b5,2026-10-06T00:19:01.252+00:00,2026-10-06T00:19:01.457+00:00,21072-30059,washers,20632098-b,616000040,2026-10-06 00:19:01,2026-10-05 22:41:51,0,5830.0,-5830.0,,Error,
1,0e9c60c2-7ec1-4e39-ae74-1dada224d0b5,2026-10-06T00:19:01.252+00:00,2026-10-06T00:19:01.457+00:00,21072-30059,dryers,20632096-a,716000000,2026-10-06 00:19:01,2026-10-06 00:01:59,0,1022.0,-1022.0,,Available,website maps this code to Available
1,0e9c60c2-7ec1-4e39-ae74-1dada224d0b5,2026-10-06T00:19:01.252+00:00,2026-10-06T00:19:01.457+00:00,21072-30059,dryers,20632096-b,716000000,2026-10-06 00:19:01,2026-10-05 23:45:56,0,1985.0,-1985.0,,Available,website maps this code to Available
1,0e9c60c2-7ec1-4e39-ae74-1dada224d0b5,2026-10-06T00:19:01.252+00:00,2026-10-06T00:19:01.457+00:00,21072-30059,dryers,20632118-a,716000000,2026-10-06 00:19:01,2026-10-06 00:02:36,0,985.0,-985.0,,Available,website maps this code to Available
1,0e9c60c2-7ec1-4e39-ae74-1dada224d0b5,2026-10-06T00:19:01.252+00:00,2026-10-06T00:19:01.457+00:00,21072-30059,dryers,20632035-a,716000000,2026-10-06 00:19:01,2026-10-05 04:09:25,0,72576.0,-72576.0,,Available,website maps this code to Available
1,0e9c60c2-7ec1-4e39-ae74-1dada224d0b5,2026-10-06T00:19:01.252+00:00,2026-10-06T00:19:01.457+00:00,21072-30059,dryers,20632102-a,716000000,2026-10-06 00:19:01,2026-10-05 23:10:05,0,4136.0,-4136.0,,Available,website maps this code to Available
1,0e9c60c2-7ec1-4e39-ae74-1dada224d0b5,2026-10-06T00:19:01.252+00:00,2026-10-06T00:19:01.457+00:00,21072-30059,dryers,20632060-a,716000000,2026-10-06 00:19:01,2026-10-05 23:08:19,0,4242.0,-4242.0,,Available,website maps this code to Available
1,0e9c60c2-7ec1-4e39-ae74-1dada224d0b5,2026-10-06T00:19:01.252+00:00,2026-10-06T00:19:01.457+00:00,21072-30059,dryers,20632117-a,416000000,2026-10-06 00:19:01,2026-10-06 00:07:13,45,708.0,1992.0,34,Running,
1,0e9c60c2-7ec1-4e39-ae74-1dada224d0b5,2026-10-06T00:19:01.252+00:00,2026-10-06T00:19:01.457+00:00,21072-30059,dryers,20632037-a,416000000,2026-10-06 00:19:01,2026-10-06 00:08:17,45,644.0,2056.0,35,Running,
1,0e9c60c2-7ec1-4e39-ae74-1dada224d0b5,2026-10-06T00:19:01.252+00:00,2026-10-06T00:19:01.457+00:00,21072-30059,dryers,20632092-a,716000000,2026-10-06 00:19:01,2026-10-06 00:00:56,0,1085.0,-1085.0,,Available,website maps this code to Available
1,0e9c60c2-7ec1-4e39-ae74-1dada224d0b5,2026-10-06T00:19:01.252+00:00,2026-10-06T00:19:01.457+00:00,21072-30059,dryers,20632128-a,716000000,2026-10-06 00:19:01,2026-10-05 23:35:18,0,2623.0,-2623.0,,Available,website maps this code to Available
1,0e9c60c2-7ec1-4e39-ae74-1dada224d0b5,2026-10-06T00:19:01.252+00:00,2026-10-06T00:19:01.457+00:00,21072-30059,dryers,20632044-a,716000000,2026-10-06 00:19:01,2026-10-05 22:54:15,0,5086.0,-5086.0,,Available,website maps this code to Available
1,0e9c60c2-7ec1-4e39-ae74-1dada224d0b5,2026-10-06T00:19:01.252+00:00,2026-10-06T00:19:01.457+00:00,21072-30059,dryers,20632094-a,416000000,2026-10-06 00:19:01,2026-10-06 00:17:12,40,109.0,2291.0,39,Running,
1,0e9c60c2-7ec1-4e39-ae74-1dada224d0b5,2026-10-06T00:19:01.252+00:00,2026-10-06T00:19:01.457+00:00,21072-30059,dryers,20632123-a,716000000,2026-10-06 00:19:01,2026-10-06 00:05:38,0,803.0,-803.0,,Available,website maps this code to Available
1,0e9c60c2-7ec1-4e39-ae74-1dada224d0b5,2026-10-06T00:19:01.252+00:00,2026-10-06T00:19:01.457+00:00,21072-30059,dryers,20632098-a,616000040,2026-10-06 00:19:01,2026-10-05 04:11:31,0,72450.0,-72450.0,,Error,
1,cbd57a06-1db9-4184-8426-efb2c05c8ea7,2026-10-06T00:20:01.400+00:00,2026-10-06T00:20:01.604+00:00,21072-30059,washers,20632118-b,416000000,2026-10-06 00:20:01,2026-10-06 00:09:18,30,643.0,1157.0,20,Running,
1,cbd57a06-1db9-4184-8426-efb2c05c8ea7,2026-10-06T00:20:01.400+00:00,2026-10-06T00:20:01.604+00:00,21072-30059,washers,20632035-b,716000000,2026-10-06 00:20:01,2026-10-05 15:44:14,0,30947.0,-30947.0,,Available,website maps this code to Available
1,cbd57a06-1db9-4184-8426-efb2c05c8ea7,2026-10-06T00:20:01.400+00:00,2026-10-06T00:20:01.604+00:00,21072-30059,washers,20632102-b,716000000,2026-10-06 00:20:01,2026-10-05 23:03:37,0,4584.0,-4584.0,,Available,website maps this code to Available
1,cbd57a06-1db9-4184-8426-efb2c05c8ea7,2026-10-06T00:20:01.400+00:00,2026-10-06T00:20:01.604+00:00,21072-30059,washers,20632060-b,716000000,2026-10-06 00:20:01,2026-10-05 23:03:23,0,4598.0,-4598.0,,Available,website maps this code to Available
1,cbd57a06-1db9-4184-8426-efb2c05c8ea7,2026-10-06T00:20:01.400+00:00,2026-10-06T00:20:01.604+00:00,21072-30059,washers,20632117-b,716000000,2026-10-06 00:20:01,2026-10-05 23:03:21,0,4600.0,-4600.0,,Available,website maps this code to Available
1,cbd57a06-1db9-4184-8426-efb2c05c8ea7,2026-10-06T00:20:01.400+00:00,2026-10-06T00:20:01.604+00:00,21072-30059,washers,20632037-b,716000000,2026-10-06 00:20:01,2026-10-05 23:49:24,0,1837.0,-1837.0,,Available,website maps this code to Available
1,cbd57a06-1db9-4184-8426-efb2c05c8ea7,2026-10-06T00:20:01.400+00:00,2026-10-06T00:20:01.604+00:00,21072-30059,washers,20632092-b,716000000,2026-10-06 00:20:01,2026-10-05 23:04:12,0,4549.0,-4549.0,,Available,website maps this code to Available
1,cbd57a06-1db9-4184-8426-efb2c05c8ea7,2026-10-06T00:20:01.400+00:00,2026-10-06T00:20:01.604+00:00,21072-30059,washers,20632128-b,716000000,2026-10-06 00:20:01,2026-10-05 21:58:19,0,8502.0,-8502.0,,Available,website maps this code to Available
1,cbd57a06-1db9-4184-8426-efb2c05c8ea7,2026-10-06T00:20:01.400+00:00,2026-10-06T00:20:01.604+00:00,21072-30059,washers,20632044-b,716000000,2026-10-06 00:20:01,2026-10-05 23:44:53,0,2108.0,-2108.0,,Available,website maps this code to Available
1,cbd57a06-1db9-4184-8426-efb2c05c8ea7,2026-10-06T00:20:01.400+00:00,2026-10-06T00:20:01.604+00:00,21072-30059,washers,20632094-b,716000000,2026-10-06 00:20:01,2026-10-05 23:51:07,0,1734.0,-1734.0,,Available,website maps this code to Available
1,cbd57a06-1db9-4184-8426-efb2c05c8ea7,2026-10-06T00:20:01.400+00:00,2026-10-06T00:20:01.604+00:00,21072-30059,washers,20632123-b,716000000,2026-10-06 00:20:01,2026-10-06 00:05:40,0,861.0,-861.0,,Available,website maps this code to Available
1,cbd57a06-1db9-4184-8426-efb2c05c8ea7,2026-10-06T00:20:01.400+00:00,2026-10-06T00:20:01.604+00:00,21072-30059,washers,20632098-b,616000040,2026-10-06 00:20:01,2026-10-05 22:41:51,0,5890.0,-5890.0,,Error,
1,cbd57a06-1db9-4184-8426-efb2c05c8ea7,2026-10-06T00:20:01.400+00:00,2026-10-06T00:20:01.604+00:00,21072-30059,dryers,20632096-a,716000000,2026-10-06 00:20:01,2026-10-06 00:01:59,0,1082.0,-1082.0,,Available,website maps this code to Available
1,cbd57a06-1db9-4184-8426-efb2c05c8ea7,2026-10-06T00:20:01.400+00:00,2026-10-06T00:20:01.604+00:00,21072-30059,dryers,20632096-b,716000000,2026-10-06 00:20:01,2026-10-05 23:45:56,0,2045.0,-2045.0,,Available,website maps this code to Available
1,cbd57a06-1db9-4184-8426-efb2c05c8ea7,2026-10-06T00:20:01.400+00:00,2026-10-06T00:20:01.604+00:00,21072-30059,dryers,20632118-a,716000000,2026-10-06 00:20:01,2026-10-06 00:02:36,0,1045.0,-1045.0,,Available,website maps this code to Available
1,cbd57a06-1db9-4184-8426-efb2c05c8ea7,2026-10-06T00:20:01.400+00:00,2026-10-06T00:20:01.604+00:00,21072-30059,dryers,20632035-a,716000000,2026-10-06 00:20:01,2026-10-05 04:09:25,0,72636.0,-72636.0,,Available,website maps this code to Available
1,cbd57a06-1db9-4184-8426-efb2c05c8ea7,2026-10-06T00:20:01.400+00:00,2026-10-06T00:20:01.604+00:00,21072-30059,dryers,20632102-a,716000000,2026-10-06 00:20:01,2026-10-05 23:10:05,0,4196.0,-4196.0,,Available,website maps this code to Available
1,cbd57a06-1db9-4184-8426-efb2c05c8ea7,2026-10-06T00:20:01.400+00:00,2026-10-06T00:20:01.604+00:00,21072-30059,dryers,20632060-a,716000000,2026-10-06 00:20:01,2026-10-05 23:08:19,0,4302.0,-4302.0,,Available,website maps this code to Available
1,cbd57a06-1db9-4184-8426-efb2c05c8ea7,2026-10-06T00:20:01.400+00:00,2026-10-06T00:20:01.604+00:00,21072-30059,dryers,20632117-a,416000000,2026-10-06 00:20:01,2026-10-06 00:07:13,45,768.0,1932.0,33,Running,
1,cbd57a06-1db9-4184-8426-efb2c05c8ea7,2026-10-06T00:20:01.400+00:00,2026-10-06T00:20:01.604+00:00,21072-30059,dryers,20632037-a,416000000,2026-10-06 00:20:01,2026-10-06 00:08:17,45,704.0,1996.0,34,Running,
1,cbd57a06-1db9-4184-8426-efb2c05c8ea7,2026-10-06T00:20:01.400+00:00,2026-10-06T00:20:01.604+00:00,21072-30059,dryers,20632092-a,716000000,2026-10-06 00:20:01,2026-10-06 00:00:56,0,1145.0,-1145.0,,Available,website maps this code to Available
1,cbd57a06-1db9-4184-8426-efb2c05c8ea7,2026-10-06T00:20:01.400+00:00,2026-10-06T00:20:01.604+00:00,21072-30059,dryers,20632128-a,716000000,2026-10-06 00:20:01,2026-10-05 23:35:18,0,2683.0,-2683.0,,Available,website maps this code to Available
1,cbd57a06-1db9-4184-8426-efb2c05c8ea7,2026-10-06T00:20:01.400+00:00,2026-10-06T00:20:01.604+00:00,21072-30059,dryers,20632044-a,716000000,2026-10-06 00:20:01,2026-10-05 22:54:15,0,5146.0,-5146.0,,Available,website maps this code to Available
1,cbd57a06-1db9-4184-8426-efb2c05c8ea7,2026-10-06T00:20:01.400+00:00,2026-10-06T00:20:01.604+00:00,21072-30059,dryers,20632094-a,416000000,2026-10-06 00:20:01,2026-10-06 00:17:12,40,169.0,2231.0,38,Running,
1,cbd57a06-1db9-4184-8426-efb2c05c8ea7,2026-10-06T00:20:01.400+00:00,2026-10-06T00:20:01.604+00:00,21072-30059,dryers,20632123-a,716000000,2026-10-06 00:20:01,2026-10-06 00:05:38,0,863.0,-863.0,,Available,website maps this code to Available
1,cbd57a06-1db9-4184-8426-efb2c05c8ea7,2026-10-06T00:20:01.400+00:00,2026-10-06T00:20:01.604+00:00,21072-30059,dryers,20632098-a,616000040,2026-10-06 00:20:01,2026-10-05 04:11:31,0,72510.0,-72510.0,,Error,
1,6c66f04c-08d3-4c56-8164-9eccb0f03e31,2026-10-06T00:21:01.288+00:00,2026-10-06T00:21:01.504+00:00,21072-30059,washers,20632118-b,416000000,2026-10-06 00:21:01,2026-10-06 00:09:18,30,703.0,1097.0,19,Running,
1,6c66f04c-08d3-4c56-8164-9eccb0f03e31,2026-10-06T00:21:01.288+00:00,2026-10-06T00:21:01.504+00:00,21072-30059,washers,20632035-b,716000000,2026-10-06 00:21:01,2026-10-05 15:44:14,0,31007.0,-31007.0,,Available,website maps this code to Available
1,6c66f04c-08d3-4c56-8164-9eccb0f03e31,2026-10-06T00:21:01.288+00:00,2026-10-06T00:21:01.504+00:00,21072-30059,washers,20632102-b,716000000,2026-10-06 00:21:01,2026-10-05 23:03:37,0,4644.0,-4644.0,,Available,website maps this code to Available
1,6c66f04c-08d3-4c56-8164-9eccb0f03e31,2026-10-06T00:21:01.288+00:00,2026-10-06T00:21:01.504+00:00,21072-30059,washers,20632060-b,716000000,2026-10-06 00:21:01,2026-10-05 23:03:23,0,4658.0,-4658.0,,Available,website maps this code to Available
1,6c66f04c-08d3-4c56-8164-9eccb0f03e31,2026-10-06T00:21:01.288+00:00,2026-10-06T00:21:01.504+00:00,21072-30059,washers,20632117-b,716000000,2026-10-06 00:21:01,2026-10-05 23:03:21,0,4660.0,-4660.0,,Available,website maps this code to Available
1,6c66f04c-08d3-4c56-8164-9eccb0f03e31,2026-10-06T00:21:01.288+00:00,2026-10-06T00:21:01.504+00:00,21072-30059,washers,20632037-b,716000000,2026-10-06 00:21:01,2026-10-05 23:49:24,0,1897.0,-1897.0,,Available,website maps this code to Available
1,6c66f04c-08d3-4c56-8164-9eccb0f03e31,2026-10-06T00:21:01.288+00:00,2026-10-06T00:21:01.504+00:00,21072-30059,washers,20632092-b,716000000,2026-10-06 00:21:01,2026-10-05 23:04:12,0,4609.0,-4609.0,,Available,website maps this code to Available
1,6c66f04c-08d3-4c56-8164-9eccb0f03e31,2026-10-06T00:21:01.288+00:00,2026-10-06T00:21:01.504+00:00,21072-30059,washers,20632128-b,716000000,2026-10-06 00:21:01,2026-10-05 21:58:19,0,8562.0,-8562.0,,Available,website maps this code to Available
1,6c66f04c-08d3-4c56-8164-9eccb0f03e31,2026-10-06T00:21:01.288+00:00,2026-10-06T00:21:01.504+00:00,21072-30059,washers,20632044-b,716000000,2026-10-06 00:21:01,2026-10-05 23:44:53,0,2168.0,-2168.0,,Available,website maps this code to Available
1,6c66f04c-08d3-4c56-8164-9eccb0f03e31,2026-10-06T00:21:01.288+00:00,2026-10-06T00:21:01.504+00:00,21072-30059,washers,20632094-b,716000000,2026-10-06 00:21:01,2026-10-05 23:51:07,0,1794.0,-1794.0,,Available,website maps this code to Available
1,6c66f04c-08d3-4c56-8164-9eccb0f03e31,2026-10-06T00:21:01.288+00:00,2026-10-06T00:21:01.504+00:00,21072-30059,washers,20632123-b,716000000,2026-10-06 00:21:01,2026-10-06 00:05:40,0,921.0,-921.0,,Available,website maps this code to Available
1,6c66f04c-08d3-4c56-8164-9eccb0f03e31,2026-10-06T00:21:01.288+00:00,2026-10-06T00:21:01.504+00:00,21072-30059,washers,20632098-b,616000040,2026-10-06 00:21:01,2026-10-05 22:41:51,0,5950.0,-5950.0,,Error,
1,6c66f04c-08d3-4c56-8164-9eccb0f03e31,2026-10-06T00:21:01.288+00:00,2026-10-06T00:21:01.504+00:00,21072-30059,dryers,20632096-a,716000000,2026-10-06 00:21:01,2026-10-06 00:01:59,0,1142.0,-1142.0,,Available,website maps this code to Available
1,6c66f04c-08d3-4c56-8164-9eccb0f03e31,2026-10-06T00:21:01.288+00:00,2026-10-06T00:21:01.504+00:00,21072-30059,dryers,20632096-b,716000000,2026-10-06 00:21:01,2026-10-05 23:45:56,0,2105.0,-2105.0,,Available,website maps this code to Available
1,6c66f04c-08d3-4c56-8164-9eccb0f03e31,2026-10-06T00:21:01.288+00:00,2026-10-06T00:21:01.504+00:00,21072-30059,dryers,20632118-a,716000000,2026-10-06 00:21:01,2026-10-06 00:02:36,0,1105.0,-1105.0,,Available,website maps this code to Available
1,6c66f04c-08d3-4c56-8164-9eccb0f03e31,2026-10-06T00:21:01.288+00:00,2026-10-06T00:21:01.504+00:00,21072-30059,dryers,20632035-a,716000000,2026-10-06 00:21:01,2026-10-05 04:09:25,0,72696.0,-72696.0,,Available,website maps this code to Available
1,6c66f04c-08d3-4c56-8164-9eccb0f03e31,2026-10-06T00:21:01.288+00:00,2026-10-06T00:21:01.504+00:00,21072-30059,dryers,20632102-a,716000000,2026-10-06 00:21:01,2026-10-05 23:10:05,0,4256.0,-4256.0,,Available,website maps this code to Available
1,6c66f04c-08d3-4c56-8164-9eccb0f03e31,2026-10-06T00:21:01.288+00:00,2026-10-06T00:21:01.504+00:00,21072-30059,dryers,20632060-a,716000000,2026-10-06 00:21:01,2026-10-05 23:08:19,0,4362.0,-4362.0,,Available,website maps this code to Available
1,6c66f04c-08d3-4c56-8164-9eccb0f03e31,2026-10-06T00:21:01.288+00:00,2026-10-06T00:21:01.504+00:00,21072-30059,dryers,20632117-a,416000000,2026-10-06 00:21:01,2026-10-06 00:07:13,45,828.0,1872.0,32,Running,
1,6c66f04c-08d3-4c56-8164-9eccb0f03e31,2026-10-06T00:21:01.288+00:00,2026-10-06T00:21:01.504+00:00,21072-30059,dryers,20632037-a,416000000,2026-10-06 00:21:01,2026-10-06 00:08:17,45,764.0,1936.0,33,Running,
1,6c66f04c-08d3-4c56-8164-9eccb0f03e31,2026-10-06T00:21:01.288+00:00,2026-10-06T00:21:01.504+00:00,21072-30059,dryers,20632092-a,716000000,2026-10-06 00:21:01,2026-10-06 00:00:56,0,1205.0,-1205.0,,Available,website maps this code to Available
1,6c66f04c-08d3-4c56-8164-9eccb0f03e31,2026-10-06T00:21:01.288+00:00,2026-10-06T00:21:01.504+00:00,21072-30059,dryers,20632128-a,716000000,2026-10-06 00:21:01,2026-10-05 23:35:18,0,2743.0,-2743.0,,Available,website maps this code to Available
1,6c66f04c-08d3-4c56-8164-9eccb0f03e31,2026-10-06T00:21:01.288+00:00,2026-10-06T00:21:01.504+00:00,21072-30059,dryers,20632044-a,716000000,2026-10-06 00:21:01,2026-10-05 22:54:15,0,5206.0,-5206.0,,Available,website maps this code to Available
1,6c66f04c-08d3-4c56-8164-9eccb0f03e31,2026-10-06T00:21:01.288+00:00,2026-10-06T00:21:01.504+00:00,21072-30059,dryers,20632094-a,416000000,2026-10-06 00:21:01,2026-10-06 00:17:12,40,229.0,2171.0,37,Running,
1,6c66f04c-08d3-4c56-8164-9eccb0f03e31,2026-10-06T00:21:01.288+00:00,2026-10-06T00:21:01.504+00:00,21072-30059,dryers,20632123-a,716000000,2026-10-06 00:21:01,2026-10-06 00:05:38,0,923.0,-923.0,,Available,website maps this code to Available
1,6c66f04c-08d3-4c56-8164-9eccb0f03e31,2026-10-06T00:21:01.288+00:00,2026-10-06T00:21:01.504+00:00,21072-30059,dryers,20632098-a,616000040,2026-10-06 00:21:01,2026-10-05 04:11:31,0,72570.0,-72570.0,,Error,
1,1cdff1bc-632d-4742-872b-6c67389893d3,2026-10-06T00:22:01.286+00:00,2026-10-06T00:22:01.499+00:00,21072-30059,washers,20632118-b,416000000,2026-10-06 00:22:01,2026-10-06 00:09:18,30,763.0,1037.0,18,Running,
1,1cdff1bc-632d-4742-872b-6c67389893d3,2026-10-06T00:22:01.286+00:00,2026-10-06T00:22:01.499+00:00,21072-30059,washers,20632035-b,716000000,2026-10-06 00:22:01,2026-10-05 15:44:14,0,31067.0,-31067.0,,Available,website maps this code to Available
1,1cdff1bc-632d-4742-872b-6c67389893d3,2026-10-06T00:22:01.286+00:00,2026-10-06T00:22:01.499+00:00,21072-30059,washers,20632102-b,716000000,2026-10-06 00:22:01,2026-10-05 23:03:37,0,4704.0,-4704.0,,Available,website maps this code to Available
1,1cdff1bc-632d-4742-872b-6c67389893d3,2026-10-06T00:22:01.286+00:00,2026-10-06T00:22:01.499+00:00,21072-30059,washers,20632060-b,716000000,2026-10-06 00:22:01,2026-10-05 23:03:23,0,4718.0,-4718.0,,Available,website maps this code to Available
1,1cdff1bc-632d-4742-872b-6c67389893d3,2026-10-06T00:22:01.286+00:00,2026-10-06T00:22:01.499+00:00,21072-30059,washers,20632117-b,716000000,2026-10-06 00:22:01,2026-10-05 23:03:21,0,4720.0,-4720.0,,Available,website maps this code to Available
1,1cdff1bc-632d-4742-872b-6c67389893d3,2026-10-06T00:22:01.286+00:00,2026-10-06T00:22:01.499+00:00,21072-30059,washers,20632037-b,716000000,2026-10-06 00:22:01,2026-10-05 23:49:24,0,1957.0,-1957.0,,Available,website maps this code to Available
1,1cdff1bc-632d-4742-872b-6c67389893d3,2026-10-06T00:22:01.286+00:00,2026-10-06T00:22:01.499+00:00,21072-30059,washers,20632092-b,716000000,2026-10-06 00:22:01,2026-10-05 23:04:12,0,4669.0,-4669.0,,Available,website maps this code to Available
1,1cdff1bc-632d-4742-872b-6c67389893d3,2026-10-06T00:22:01.286+00:00,2026-10-06T00:22:01.499+00:00,21072-30059,washers,20632128-b,716000000,2026-10-06 00:22:01,2026-10-05 21:58:19,0,8622.0,-8622.0,,Available,website maps this code to Available
1,1cdff1bc-632d-4742-872b-6c67389893d3,2026-10-06T00:22:01.286+00:00,2026-10-06T00:22:01.499+00:00,21072-30059,washers,20632044-b,716000000,2026-10-06 00:22:01,2026-10-05 23:44:53,0,2228.0,-2228.0,,Available,website maps this code to Available
1,1cdff1bc-632d-4742-872b-6c67389893d3,2026-10-06T00:22:01.286+00:00,2026-10-06T00:22:01.499+00:00,21072-30059,washers,20632094-b,716000000,2026-10-06 00:22:01,2026-10-05 23:51:07,0,1854.0,-1854.0,,Available,website maps this code to Available
1,1cdff1bc-632d-4742-872b-6c67389893d3,2026-10-06T00:22:01.286+00:00,2026-10-06T00:22:01.499+00:00,21072-30059,washers,20632123-b,716000000,2026-10-06 00:22:01,2026-10-06 00:05:40,0,981.0,-981.0,,Available,website maps this code to Available
1,1cdff1bc-632d-4742-872b-6c67389893d3,2026-10-06T00:22:01.286+00:00,2026-10-06T00:22:01.499+00:00,21072-30059,washers,20632098-b,616000040,2026-10-06 00:22:01,2026-10-05 22:41:51,0,6010.0,-6010.0,,Error,
1,1cdff1bc-632d-4742-872b-6c67389893d3,2026-10-06T00:22:01.286+00:00,2026-10-06T00:22:01.499+00:00,21072-30059,dryers,20632096-a,716000000,2026-10-06 00:22:01,2026-10-06 00:01:59,0,1202.0,-1202.0,,Available,website maps this code to Available
1,1cdff1bc-632d-4742-872b-6c67389893d3,2026-10-06T00:22:01.286+00:00,2026-10-06T00:22:01.499+00:00,21072-30059,dryers,20632096-b,716000000,2026-10-06 00:22:01,2026-10-05 23:45:56,0,2165.0,-2165.0,,Available,website maps this code to Available
1,1cdff1bc-632d-4742-872b-6c67389893d3,2026-10-06T00:22:01.286+00:00,2026-10-06T00:22:01.499+00:00,21072-30059,dryers,20632118-a,716000000,2026-10-06 00:22:01,2026-10-06 00:02:36,0,1165.0,-1165.0,,Available,website maps this code to Available
1,1cdff1bc-632d-4742-872b-6c67389893d3,2026-10-06T00:22:01.286+00:00,2026-10-06T00:22:01.499+00:00,21072-30059,dryers,20632035-a,716000000,2026-10-06 00:22:01,2026-10-05 04:09:25,0,72756.0,-72756.0,,Available,website maps this code to Available
1,1cdff1bc-632d-4742-872b-6c67389893d3,2026-10-06T00:22:01.286+00:00,2026-10-06T00:22:01.499+00:00,21072-30059,dryers,20632102-a,716000000,2026-10-06 00:22:01,2026-10-05 23:10:05,0,4316.0,-4316.0,,Available,website maps this code to Available
1,1cdff1bc-632d-4742-872b-6c67389893d3,2026-10-06T00:22:01.286+00:00,2026-10-06T00:22:01.499+00:00,21072-30059,dryers,20632060-a,716000000,2026-10-06 00:22:01,2026-10-05 23:08:19,0,4422.0,-4422.0,,Available,website maps this code to Available
1,1cdff1bc-632d-4742-872b-6c67389893d3,2026-10-06T00:22:01.286+00:00,2026-10-06T00:22:01.499+00:00,21072-30059,dryers,20632117-a,416000000,2026-10-06 00:22:01,2026-10-06 00:07:13,45,888.0,1812.0,31,Running,
1,1cdff1bc-632d-4742-872b-6c67389893d3,2026-10-06T00:22:01.286+00:00,2026-10-06T00:22:01.499+00:00,21072-30059,dryers,20632037-a,416000000,2026-10-06 00:22:01,2026-10-06 00:08:17,45,824.0,1876.0,32,Running,
1,1cdff1bc-632d-4742-872b-6c67389893d3,2026-10-06T00:22:01.286+00:00,2026-10-06T00:22:01.499+00:00,21072-30059,dryers,20632092-a,716000000,2026-10-06 00:22:01,2026-10-06 00:00:56,0,1265.0,-1265.0,,Available,website maps this code to Available
1,1cdff1bc-632d-4742-872b-6c67389893d3,2026-10-06T00:22:01.286+00:00,2026-10-06T00:22:01.499+00:00,21072-30059,dryers,20632128-a,716000000,2026-10-06 00:22:01,2026-10-05 23:35:18,0,2803.0,-2803.0,,Available,website maps this code to Available
1,1cdff1bc-632d-4742-872b-6c67389893d3,2026-10-06T00:22:01.286+00:00,2026-10-06T00:22:01.499+00:00,21072-30059,dryers,20632044-a,716000000,2026-10-06 00:22:01,2026-10-05 22:54:15,0,5266.0,-5266.0,,Available,website maps this code to Available
1,1cdff1bc-632d-4742-872b-6c67389893d3,2026-10-06T00:22:01.286+00:00,2026-10-06T00:22:01.499+00:00,21072-30059,dryers,20632094-a,416000000,2026-10-06 00:22:01,2026-10-06 00:17:12,40,289.0,2111.0,36,Running,
1,1cdff1bc-632d-4742-872b-6c67389893d3,2026-10-06T00:22:01.286+00:00,2026-10-06T00:22:01.499+00:00,21072-30059,dryers,20632123-a,716000000,2026-10-06 00:22:01,2026-10-06 00:05:38,0,983.0,-983.0,,Available,website maps this code to Available
1,1cdff1bc-632d-4742-872b-6c67389893d3,2026-10-06T00:22:01.286+00:00,2026-10-06T00:22:01.499+00:00,21072-30059,dryers,20632098-a,616000040,2026-10-06 00:22:01,2026-10-05 04:11:31,0,72630.0,-72630.0,,Error,
1,d7cedd24-957c-4780-8001-3623bb2425b3,2026-10-06T00:23:01.296+00:00,2026-10-06T00:23:01.486+00:00,21072-30059,washers,20632118-b,416000000,2026-10-06 00:23:01,2026-10-06 00:09:18,30,823.0,977.0,17,Running,
1,d7cedd24-957c-4780-8001-3623bb2425b3,2026-10-06T00:23:01.296+00:00,2026-10-06T00:23:01.486+00:00,21072-30059,washers,20632035-b,716000000,2026-10-06 00:23:01,2026-10-05 15:44:14,0,31127.0,-31127.0,,Available,website maps this code to Available
1,d7cedd24-957c-4780-8001-3623bb2425b3,2026-10-06T00:23:01.296+00:00,2026-10-06T00:23:01.486+00:00,21072-30059,washers,20632102-b,716000000,2026-10-06 00:23:01,2026-10-05 23:03:37,0,4764.0,-4764.0,,Available,website maps this code to Available
1,d7cedd24-957c-4780-8001-3623bb2425b3,2026-10-06T00:23:01.296+00:00,2026-10-06T00:23:01.486+00:00,21072-30059,washers,20632060-b,716000000,2026-10-06 00:23:01,2026-10-05 23:03:23,0,4778.0,-4778.0,,Available,website maps this code to Available
1,d7cedd24-957c-4780-8001-3623bb2425b3,2026-10-06T00:23:01.296+00:00,2026-10-06T00:23:01.486+00:00,21072-30059,washers,20632117-b,716000000,2026-10-06 00:23:01,2026-10-05 23:03:21,0,4780.0,-4780.0,,Available,website maps this code to Available
1,d7cedd24-957c-4780-8001-3623bb2425b3,2026-10-06T00:23:01.296+00:00,2026-10-06T00:23:01.486+00:00,21072-30059,washers,20632037-b,716000000,2026-10-06 00:23:01,2026-10-05 23:49:24,0,2017.0,-2017.0,,Available,website maps this code to Available
1,d7cedd24-957c-4780-8001-3623bb2425b3,2026-10-06T00:23:01.296+00:00,2026-10-06T00:23:01.486+00:00,21072-30059,washers,20632092-b,716000000,2026-10-06 00:23:01,2026-10-05 23:04:12,0,4729.0,-4729.0,,Available,website maps this code to Available
1,d7cedd24-957c-4780-8001-3623bb2425b3,2026-10-06T00:23:01.296+00:00,2026-10-06T00:23:01.486+00:00,21072-30059,washers,20632128-b,716000000,2026-10-06 00:23:01,2026-10-05 21:58:19,0,8682.0,-8682.0,,Available,website maps this code to Available
1,d7cedd24-957c-4780-8001-3623bb2425b3,2026-10-06T00:23:01.296+00:00,2026-10-06T00:23:01.486+00:00,21072-30059,washers,20632044-b,716000000,2026-10-06 00:23:01,2026-10-05 23:44:53,0,2288.0,-2288.0,,Available,website maps this code to Available
1,d7cedd24-957c-4780-8001-3623bb2425b3,2026-10-06T00:23:01.296+00:00,2026-10-06T00:23:01.486+00:00,21072-30059,washers,20632094-b,716000000,2026-10-06 00:23:01,2026-10-05 23:51:07,0,1914.0,-1914.0,,Available,website maps this code to Available
1,d7cedd24-957c-4780-8001-3623bb2425b3,2026-10-06T00:23:01.296+00:00,2026-10-06T00:23:01.486+00:00,21072-30059,washers,20632123-b,716000000,2026-10-06 00:23:01,2026-10-06 00:05:40,0,1041.0,-1041.0,,Available,website maps this code to Available
1,d7cedd24-957c-4780-8001-3623bb2425b3,2026-10-06T00:23:01.296+00:00,2026-10-06T00:23:01.486+00:00,21072-30059,washers,20632098-b,616000040,2026-10-06 00:23:01,2026-10-05 22:41:51,0,6070.0,-6070.0,,Error,
1,d7cedd24-957c-4780-8001-3623bb2425b3,2026-10-06T00:23:01.296+00:00,2026-10-06T00:23:01.486+00:00,21072-30059,dryers,20632096-a,716000000,2026-10-06 00:23:01,2026-10-06 00:01:59,0,1262.0,-1262.0,,Available,website maps this code to Available
1,d7cedd24-957c-4780-8001-3623bb2425b3,2026-10-06T00:23:01.296+00:00,2026-10-06T00:23:01.486+00:00,21072-30059,dryers,20632096-b,716000000,2026-10-06 00:23:01,2026-10-05 23:45:56,0,2225.0,-2225.0,,Available,website maps this code to Available
1,d7cedd24-957c-4780-8001-3623bb2425b3,2026-10-06T00:23:01.296+00:00,2026-10-06T00:23:01.486+00:00,21072-30059,dryers,20632118-a,716000000,2026-10-06 00:23:01,2026-10-06 00:02:36,0,1225.0,-1225.0,,Available,website maps this code to Available
1,d7cedd24-957c-4780-8001-3623bb2425b3,2026-10-06T00:23:01.296+00:00,2026-10-06T00:23:01.486+00:00,21072-30059,dryers,20632035-a,716000000,2026-10-06 00:23:01,2026-10-05 04:09:25,0,72816.0,-72816.0,,Available,website maps this code to Available
1,d7cedd24-957c-4780-8001-3623bb2425b3,2026-10-06T00:23:01.296+00:00,2026-10-06T00:23:01.486+00:00,21072-30059,dryers,20632102-a,716000000,2026-10-06 00:23:01,2026-10-05 23:10:05,0,4376.0,-4376.0,,Available,website maps this code to Available
1,d7cedd24-957c-4780-8001-3623bb2425b3,2026-10-06T00:23:01.296+00:00,2026-10-06T00:23:01.486+00:00,21072-30059,dryers,20632060-a,716000000,2026-10-06 00:23:01,2026-10-05 23:08:19,0,4482.0,-4482.0,,Available,website maps this code to Available
1,d7cedd24-957c-4780-8001-3623bb2425b3,2026-10-06T00:23:01.296+00:00,2026-10-06T00:23:01.486+00:00,21072-30059,dryers,20632117-a,416000000,2026-10-06 00:23:01,2026-10-06 00:07:13,45,948.0,1752.0,30,Running,
1,d7cedd24-957c-4780-8001-3623bb2425b3,2026-10-06T00:23:01.296+00:00,2026-10-06T00:23:01.486+00:00,21072-30059,dryers,20632037-a,416000000,2026-10-06 00:23:01,2026-10-06 00:08:17,45,884.0,1816.0,31,Running,
1,d7cedd24-957c-4780-8001-3623bb2425b3,2026-10-06T00:23:01.296+00:00,2026-10-06T00:23:01.486+00:00,21072-30059,dryers,20632092-a,716000000,2026-10-06 00:23:01,2026-10-06 00:00:56,0,1325.0,-1325.0,,Available,website maps this code to Available
1,d7cedd24-957c-4780-8001-3623bb2425b3,2026-10-06T00:23:01.296+00:00,2026-10-06T00:23:01.486+00:00,21072-30059,dryers,20632128-a,716000000,2026-10-06 00:23:01,2026-10-05 23:35:18,0,2863.0,-2863.0,,Available,website maps this code to Available
1,d7cedd24-957c-4780-8001-3623bb2425b3,2026-10-06T00:23:01.296+00:00,2026-10-06T00:23:01.486+00:00,21072-30059,dryers,20632044-a,716000000,2026-10-06 00:23:01,2026-10-05 22:54:15,0,5326.0,-5326.0,,Available,website maps this code to Available
1,d7cedd24-957c-4780-8001-3623bb2425b3,2026-10-06T00:23:01.296+00:00,2026-10-06T00:23:01.486+00:00,21072-30059,dryers,20632094-a,416000000,2026-10-06 00:23:01,2026-10-06 00:17:12,40,349.0,2051.0,35,Running,
1,d7cedd24-957c-4780-8001-3623bb2425b3,2026-10-06T00:23:01.296+00:00,2026-10-06T00:23:01.486+00:00,21072-30059,dryers,20632123-a,716000000,2026-10-06 00:23:01,2026-10-06 00:05:38,0,1043.0,-1043.0,,Available,website maps this code to Available
1,d7cedd24-957c-4780-8001-3623bb2425b3,2026-10-06T00:23:01.296+00:00,2026-10-06T00:23:01.486+00:00,21072-30059,dryers,20632098-a,616000040,2026-10-06 00:23:01,2026-10-05 04:11:31,0,72690.0,-72690.0,,Error,
1,6d75cce0-03c9-4228-83af-6f3e0cbce4ed,2026-10-06T00:24:01.272+00:00,2026-10-06T00:24:01.445+00:00,21072-30059,washers,20632118-b,416000000,2026-10-06 00:24:01,2026-10-06 00:09:18,30,883.0,917.0,16,Running,
1,6d75cce0-03c9-4228-83af-6f3e0cbce4ed,2026-10-06T00:24:01.272+00:00,2026-10-06T00:24:01.445+00:00,21072-30059,washers,20632035-b,716000000,2026-10-06 00:24:01,2026-10-05 15:44:14,0,31187.0,-31187.0,,Available,website maps this code to Available
1,6d75cce0-03c9-4228-83af-6f3e0cbce4ed,2026-10-06T00:24:01.272+00:00,2026-10-06T00:24:01.445+00:00,21072-30059,washers,20632102-b,716000000,2026-10-06 00:24:01,2026-10-05 23:03:37,0,4824.0,-4824.0,,Available,website maps this code to Available
1,6d75cce0-03c9-4228-83af-6f3e0cbce4ed,2026-10-06T00:24:01.272+00:00,2026-10-06T00:24:01.445+00:00,21072-30059,washers,20632060-b,716000000,2026-10-06 00:24:01,2026-10-05 23:03:23,0,4838.0,-4838.0,,Available,website maps this code to Available
1,6d75cce0-03c9-4228-83af-6f3e0cbce4ed,2026-10-06T00:24:01.272+00:00,2026-10-06T00:24:01.445+00:00,21072-30059,washers,20632117-b,716000000,2026-10-06 00:24:01,2026-10-05 23:03:21,0,4840.0,-4840.0,,Available,website maps this code to Available
1,6d75cce0-03c9-4228-83af-6f3e0cbce4ed,2026-10-06T00:24:01.272+00:00,2026-10-06T00:24:01.445+00:00,21072-30059,washers,20632037-b,716000000,2026-10-06 00:24:01,2026-10-05 23:49:24,0,2077.0,-2077.0,,Available,website maps this code to Available
1,6d75cce0-03c9-4228-83af-6f3e0cbce4ed,2026-10-06T00:24:01.272+00:00,2026-10-06T00:24:01.445+00:00,21072-30059,washers,20632092-b,716000000,2026-10-06 00:24:01,2026-10-05 23:04:12,0,4789.0,-4789.0,,Available,website maps this code to Available
1,6d75cce0-03c9-4228-83af-6f3e0cbce4ed,2026-10-06T00:24:01.272+00:00,2026-10-06T00:24:01.445+00:00,21072-30059,washers,20632128-b,716000000,2026-10-06 00:24:01,2026-10-05 21:58:19,0,8742.0,-8742.0,,Available,website maps this code to Available
1,6d75cce0-03c9-4228-83af-6f3e0cbce4ed,2026-10-06T00:24:01.272+00:00,2026-10-06T00:24:01.445+00:00,21072-30059,washers,20632044-b,716000000,2026-10-06 00:24:01,2026-10-05 23:44:53,0,2348.0,-2348.0,,Available,website maps this code to Available
1,6d75cce0-03c9-4228-83af-6f3e0cbce4ed,2026-10-06T00:24:01.272+00:00,2026-10-06T00:24:01.445+00:00,21072-30059,washers,20632094-b,716000000,2026-10-06 00:24:01,2026-10-05 23:51:07,0,1974.0,-1974.0,,Available,website maps this code to Available
1,6d75cce0-03c9-4228-83af-6f3e0cbce4ed,2026-10-06T00:24:01.272+00:00,2026-10-06T00:24:01.445+00:00,21072-30059,washers,20632123-b,716000000,2026-10-06 00:24:01,2026-10-06 00:05:40,0,1101.0,-1101.0,,Available,website maps this code to Available
1,6d75cce0-03c9-4228-83af-6f3e0cbce4ed,2026-10-06T00:24:01.272+00:00,2026-10-06T00:24:01.445+00:00,21072-30059,washers,20632098-b,616000040,2026-10-06 00:24:01,2026-10-05 22:41:51,0,6130.0,-6130.0,,Error,
1,6d75cce0-03c9-4228-83af-6f3e0cbce4ed,2026-10-06T00:24:01.272+00:00,2026-10-06T00:24:01.445+00:00,21072-30059,dryers,20632096-a,716000000,2026-10-06 00:24:01,2026-10-06 00:01:59,0,1322.0,-1322.0,,Available,website maps this code to Available
1,6d75cce0-03c9-4228-83af-6f3e0cbce4ed,2026-10-06T00:24:01.272+00:00,2026-10-06T00:24:01.445+00:00,21072-30059,dryers,20632096-b,716000000,2026-10-06 00:24:01,2026-10-05 23:45:56,0,2285.0,-2285.0,,Available,website maps this code to Available
1,6d75cce0-03c9-4228-83af-6f3e0cbce4ed,2026-10-06T00:24:01.272+00:00,2026-10-06T00:24:01.445+00:00,21072-30059,dryers,20632118-a,716000000,2026-10-06 00:24:01,2026-10-06 00:02:36,0,1285.0,-1285.0,,Available,website maps this code to Available
1,6d75cce0-03c9-4228-83af-6f3e0cbce4ed,2026-10-06T00:24:01.272+00:00,2026-10-06T00:24:01.445+00:00,21072-30059,dryers,20632035-a,716000000,2026-10-06 00:24:01,2026-10-05 04:09:25,0,72876.0,-72876.0,,Available,website maps this code to Available
1,6d75cce0-03c9-4228-83af-6f3e0cbce4ed,2026-10-06T00:24:01.272+00:00,2026-10-06T00:24:01.445+00:00,21072-30059,dryers,20632102-a,716000000,2026-10-06 00:24:01,2026-10-05 23:10:05,0,4436.0,-4436.0,,Available,website maps this code to Available
1,6d75cce0-03c9-4228-83af-6f3e0cbce4ed,2026-10-06T00:24:01.272+00:00,2026-10-06T00:24:01.445+00:00,21072-30059,dryers,20632060-a,716000000,2026-10-06 00:24:01,2026-10-05 23:08:19,0,4542.0,-4542.0,,Available,website maps this code to Available
1,6d75cce0-03c9-4228-83af-6f3e0cbce4ed,2026-10-06T00:24:01.272+00:00,2026-10-06T00:24:01.445+00:00,21072-30059,dryers,20632117-a,416000000,2026-10-06 00:24:01,2026-10-06 00:07:13,45,1008.0,1692.0,29,Running,
1,6d75cce0-03c9-4228-83af-6f3e0cbce4ed,2026-10-06T00:24:01.272+00:00,2026-10-06T00:24:01.445+00:00,21072-30059,dryers,20632037-a,416000000,2026-10-06 00:24:01,2026-10-06 00:08:17,45,944.0,1756.0,30,Running,
1,6d75cce0-03c9-4228-83af-6f3e0cbce4ed,2026-10-06T00:24:01.272+00:00,2026-10-06T00:24:01.445+00:00,21072-30059,dryers,20632092-a,716000000,2026-10-06 00:24:01,2026-10-06 00:00:56,0,1385.0,-1385.0,,Available,website maps this code to Available
1,6d75cce0-03c9-4228-83af-6f3e0cbce4ed,2026-10-06T00:24:01.272+00:00,2026-10-06T00:24:01.445+00:00,21072-30059,dryers,20632128-a,716000000,2026-10-06 00:24:01,2026-10-05 23:35:18,0,2923.0,-2923.0,,Available,website maps this code to Available
1,6d75cce0-03c9-4228-83af-6f3e0cbce4ed,2026-10-06T00:24:01.272+00:00,2026-10-06T00:24:01.445+00:00,21072-30059,dryers,20632044-a,716000000,2026-10-06 00:24:01,2026-10-05 22:54:15,0,5386.0,-5386.0,,Available,website maps this code to Available
1,6d75cce0-03c9-4228-83af-6f3e0cbce4ed,2026-10-06T00:24:01.272+00:00,2026-10-06T00:24:01.445+00:00,21072-30059,dryers,20632094-a,416000000,2026-10-06 00:24:01,2026-10-06 00:17:12,40,409.0,1991.0,34,Running,
1,6d75cce0-03c9-4228-83af-6f3e0cbce4ed,2026-10-06T00:24:01.272+00:00,2026-10-06T00:24:01.445+00:00,21072-30059,dryers,20632123-a,716000000,2026-10-06 00:24:01,2026-10-06 00:05:38,0,1103.0,-1103.0,,Available,website maps this code to Available
1,6d75cce0-03c9-4228-83af-6f3e0cbce4ed,2026-10-06T00:24:01.272+00:00,2026-10-06T00:24:01.445+00:00,21072-30059,dryers,20632098-a,616000040,2026-10-06 00:24:01,2026-10-05 04:11:31,0,72750.0,-72750.0,,Error,
1,9f13c4ee-c0bf-4456-830f-f90184098118,2026-10-06T00:25:01.286+00:00,2026-10-06T00:25:01.497+00:00,21072-30059,washers,20632118-b,416000000,2026-10-06 00:25:01,2026-10-06 00:09:18,30,943.0,857.0,15,Running,
1,9f13c4ee-c0bf-4456-830f-f90184098118,2026-10-06T00:25:01.286+00:00,2026-10-06T00:25:01.497+00:00,21072-30059,washers,20632035-b,716000000,2026-10-06 00:25:01,2026-10-05 15:44:14,0,31247.0,-31247.0,,Available,website maps this code to Available
1,9f13c4ee-c0bf-4456-830f-f90184098118,2026-10-06T00:25:01.286+00:00,2026-10-06T00:25:01.497+00:00,21072-30059,washers,20632102-b,716000000,2026-10-06 00:25:01,2026-10-05 23:03:37,0,4884.0,-4884.0,,Available,website maps this code to Available
1,9f13c4ee-c0bf-4456-830f-f90184098118,2026-10-06T00:25:01.286+00:00,2026-10-06T00:25:01.497+00:00,21072-30059,washers,20632060-b,716000000,2026-10-06 00:25:01,2026-10-05 23:03:23,0,4898.0,-4898.0,,Available,website maps this code to Available
1,9f13c4ee-c0bf-4456-830f-f90184098118,2026-10-06T00:25:01.286+00:00,2026-10-06T00:25:01.497+00:00,21072-30059,washers,20632117-b,716000000,2026-10-06 00:25:01,2026-10-05 23:03:21,0,4900.0,-4900.0,,Available,website maps this code to Available
1,9f13c4ee-c0bf-4456-830f-f90184098118,2026-10-06T00:25:01.286+00:00,2026-10-06T00:25:01.497+00:00,21072-30059,washers,20632037-b,716000000,2026-10-06 00:25:01,2026-10-05 23:49:24,0,2137.0,-2137.0,,Available,website maps this code to Available
1,9f13c4ee-c0bf-4456-830f-f90184098118,2026-10-06T00:25:01.286+00:00,2026-10-06T00:25:01.497+00:00,21072-30059,washers,20632092-b,716000000,2026-10-06 00:25:01,2026-10-05 23:04:12,0,4849.0,-4849.0,,Available,website maps this code to Available
1,9f13c4ee-c0bf-4456-830f-f90184098118,2026-10-06T00:25:01.286+00:00,2026-10-06T00:25:01.497+00:00,21072-30059,washers,20632128-b,716000000,2026-10-06 00:25:01,2026-10-05 21:58:19,0,8802.0,-8802.0,,Available,website maps this code to Available
1,9f13c4ee-c0bf-4456-830f-f90184098118,2026-10-06T00:25:01.286+00:00,2026-10-06T00:25:01.497+00:00,21072-30059,washers,20632044-b,716000000,2026-10-06 00:25:01,2026-10-05 23:44:53,0,2408.0,-2408.0,,Available,website maps this code to Available
1,9f13c4ee-c0bf-4456-830f-f90184098118,2026-10-06T00:25:01.286+00:00,2026-10-06T00:25:01.497+00:00,21072-30059,washers,20632094-b,716000000,2026-10-06 00:25:01,2026-10-05 23:51:07,0,2034.0,-2034.0,,Available,website maps this code to Available
1,9f13c4ee-c0bf-4456-830f-f90184098118,2026-10-06T00:25:01.286+00:00,2026-10-06T00:25:01.497+00:00,21072-30059,washers,20632123-b,716000000,2026-10-06 00:25:01,2026-10-06 00:05:40,0,1161.0,-1161.0,,Available,website maps this code to Available
1,9f13c4ee-c0bf-4456-830f-f90184098118,2026-10-06T00:25:01.286+00:00,2026-10-06T00:25:01.497+00:00,21072-30059,washers,20632098-b,616000040,2026-10-06 00:25:01,2026-10-05 22:41:51,0,6190.0,-6190.0,,Error,
1,9f13c4ee-c0bf-4456-830f-f90184098118,2026-10-06T00:25:01.286+00:00,2026-10-06T00:25:01.497+00:00,21072-30059,dryers,20632096-a,716000000,2026-10-06 00:25:01,2026-10-06 00:01:59,0,1382.0,-1382.0,,Available,website maps this code to Available
1,9f13c4ee-c0bf-4456-830f-f90184098118,2026-10-06T00:25:01.286+00:00,2026-10-06T00:25:01.497+00:00,21072-30059,dryers,20632096-b,716000000,2026-10-06 00:25:01,2026-10-05 23:45:56,0,2345.0,-2345.0,,Available,website maps this code to Available
1,9f13c4ee-c0bf-4456-830f-f90184098118,2026-10-06T00:25:01.286+00:00,2026-10-06T00:25:01.497+00:00,21072-30059,dryers,20632118-a,716000000,2026-10-06 00:25:01,2026-10-06 00:02:36,0,1345.0,-1345.0,,Available,website maps this code to Available
1,9f13c4ee-c0bf-4456-830f-f90184098118,2026-10-06T00:25:01.286+00:00,2026-10-06T00:25:01.497+00:00,21072-30059,dryers,20632035-a,716000000,2026-10-06 00:25:01,2026-10-05 04:09:25,0,72936.0,-72936.0,,Available,website maps this code to Available
1,9f13c4ee-c0bf-4456-830f-f90184098118,2026-10-06T00:25:01.286+00:00,2026-10-06T00:25:01.497+00:00,21072-30059,dryers,20632102-a,716000000,2026-10-06 00:25:01,2026-10-05 23:10:05,0,4496.0,-4496.0,,Available,website maps this code to Available
1,9f13c4ee-c0bf-4456-830f-f90184098118,2026-10-06T00:25:01.286+00:00,2026-10-06T00:25:01.497+00:00,21072-30059,dryers,20632060-a,716000000,2026-10-06 00:25:01,2026-10-05 23:08:19,0,4602.0,-4602.0,,Available,website maps this code to Available
1,9f13c4ee-c0bf-4456-830f-f90184098118,2026-10-06T00:25:01.286+00:00,2026-10-06T00:25:01.497+00:00,21072-30059,dryers,20632117-a,416000000,2026-10-06 00:25:01,2026-10-06 00:07:13,45,1068.0,1632.0,28,Running,
1,9f13c4ee-c0bf-4456-830f-f90184098118,2026-10-06T00:25:01.286+00:00,2026-10-06T00:25:01.497+00:00,21072-30059,dryers,20632037-a,416000000,2026-10-06 00:25:01,2026-10-06 00:08:17,45,1004.0,1696.0,29,Running,
1,9f13c4ee-c0bf-4456-830f-f90184098118,2026-10-06T00:25:01.286+00:00,2026-10-06T00:25:01.497+00:00,21072-30059,dryers,20632092-a,716000000,2026-10-06 00:25:01,2026-10-06 00:00:56,0,1445.0,-1445.0,,Available,website maps this code to Available
1,9f13c4ee-c0bf-4456-830f-f90184098118,2026-10-06T00:25:01.286+00:00,2026-10-06T00:25:01.497+00:00,21072-30059,dryers,20632128-a,716000000,2026-10-06 00:25:01,2026-10-05 23:35:18,0,2983.0,-2983.0,,Available,website maps this code to Available
1,9f13c4ee-c0bf-4456-830f-f90184098118,2026-10-06T00:25:01.286+00:00,2026-10-06T00:25:01.497+00:00,21072-30059,dryers,20632044-a,716000000,2026-10-06 00:25:01,2026-10-05 22:54:15,0,5446.0,-5446.0,,Available,website maps this code to Available
1,9f13c4ee-c0bf-4456-830f-f90184098118,2026-10-06T00:25:01.286+00:00,2026-10-06T00:25:01.497+00:00,21072-30059,dryers,20632094-a,416000000,2026-10-06 00:25:01,2026-10-06 00:17:12,40,469.0,1931.0,33,Running,
1,9f13c4ee-c0bf-4456-830f-f90184098118,2026-10-06T00:25:01.286+00:00,2026-10-06T00:25:01.497+00:00,21072-30059,dryers,20632123-a,716000000,2026-10-06 00:25:01,2026-10-06 00:05:38,0,1163.0,-1163.0,,Available,website maps this code to Available
1,9f13c4ee-c0bf-4456-830f-f90184098118,2026-10-06T00:25:01.286+00:00,2026-10-06T00:25:01.497+00:00,21072-30059,dryers,20632098-a,616000040,2026-10-06 00:25:01,2026-10-05 04:11:31,0,72810.0,-72810.0,,Error,
1,38ec95f2-58e8-4eca-a6ed-3d3b62d42a8e,2026-10-06T00:26:01.262+00:00,2026-10-06T00:26:01.441+00:00,21072-30059,washers,20632118-b,416000000,2026-10-06 00:26:01,2026-10-06 00:09:18,30,1003.0,797.0,14,Running,
1,38ec95f2-58e8-4eca-a6ed-3d3b62d42a8e,2026-10-06T00:26:01.262+00:00,2026-10-06T00:26:01.441+00:00,21072-30059,washers,20632035-b,716000000,2026-10-06 00:26:01,2026-10-05 15:44:14,0,31307.0,-31307.0,,Available,website maps this code to Available
1,38ec95f2-58e8-4eca-a6ed-3d3b62d42a8e,2026-10-06T00:26:01.262+00:00,2026-10-06T00:26:01.441+00:00,21072-30059,washers,20632102-b,716000000,2026-10-06 00:26:01,2026-10-05 23:03:37,0,4944.0,-4944.0,,Available,website maps this code to Available
1,38ec95f2-58e8-4eca-a6ed-3d3b62d42a8e,2026-10-06T00:26:01.262+00:00,2026-10-06T00:26:01.441+00:00,21072-30059,washers,20632060-b,716000000,2026-10-06 00:26:01,2026-10-05 23:03:23,0,4958.0,-4958.0,,Available,website maps this code to Available
1,38ec95f2-58e8-4eca-a6ed-3d3b62d42a8e,2026-10-06T00:26:01.262+00:00,2026-10-06T00:26:01.441+00:00,21072-30059,washers,20632117-b,716000000,2026-10-06 00:26:01,2026-10-05 23:03:21,0,4960.0,-4960.0,,Available,website maps this code to Available
1,38ec95f2-58e8-4eca-a6ed-3d3b62d42a8e,2026-10-06T00:26:01.262+00:00,2026-10-06T00:26:01.441+00:00,21072-30059,washers,20632037-b,716000000,2026-10-06 00:26:01,2026-10-05 23:49:24,0,2197.0,-2197.0,,Available,website maps this code to Available
1,38ec95f2-58e8-4eca-a6ed-3d3b62d42a8e,2026-10-06T00:26:01.262+00:00,2026-10-06T00:26:01.441+00:00,21072-30059,washers,20632092-b,716000000,2026-10-06 00:26:01,2026-10-05 23:04:12,0,4909.0,-4909.0,,Available,website maps this code to Available
1,38ec95f2-58e8-4eca-a6ed-3d3b62d42a8e,2026-10-06T00:26:01.262+00:00,2026-10-06T00:26:01.441+00:00,21072-30059,washers,20632128-b,716000000,2026-10-06 00:26:01,2026-10-05 21:58:19,0,8862.0,-8862.0,,Available,website maps this code to Available
1,38ec95f2-58e8-4eca-a6ed-3d3b62d42a8e,2026-10-06T00:26:01.262+00:00,2026-10-06T00:26:01.441+00:00,21072-30059,washers,20632044-b,716000000,2026-10-06 00:26:01,2026-10-05 23:44:53,0,2468.0,-2468.0,,Available,website maps this code to Available
1,38ec95f2-58e8-4eca-a6ed-3d3b62d42a8e,2026-10-06T00:26:01.262+00:00,2026-10-06T00:26:01.441+00:00,21072-30059,washers,20632094-b,716000000,2026-10-06 00:26:01,2026-10-05 23:51:07,0,2094.0,-2094.0,,Available,website maps this code to Available
1,38ec95f2-58e8-4eca-a6ed-3d3b62d42a8e,2026-10-06T00:26:01.262+00:00,2026-10-06T00:26:01.441+00:00,21072-30059,washers,20632123-b,716000000,2026-10-06 00:26:01,2026-10-06 00:05:40,0,1221.0,-1221.0,,Available,website maps this code to Available
1,38ec95f2-58e8-4eca-a6ed-3d3b62d42a8e,2026-10-06T00:26:01.262+00:00,2026-10-06T00:26:01.441+00:00,21072-30059,washers,20632098-b,616000040,2026-10-06 00:26:01,2026-10-05 22:41:51,0,6250.0,-6250.0,,Error,
1,38ec95f2-58e8-4eca-a6ed-3d3b62d42a8e,2026-10-06T00:26:01.262+00:00,2026-10-06T00:26:01.441+00:00,21072-30059,dryers,20632096-a,716000000,2026-10-06 00:26:01,2026-10-06 00:01:59,0,1442.0,-1442.0,,Available,website maps this code to Available
1,38ec95f2-58e8-4eca-a6ed-3d3b62d42a8e,2026-10-06T00:26:01.262+00:00,2026-10-06T00:26:01.441+00:00,21072-30059,dryers,20632096-b,716000000,2026-10-06 00:26:01,2026-10-05 23:45:56,0,2405.0,-2405.0,,Available,website maps this code to Available
1,38ec95f2-58e8-4eca-a6ed-3d3b62d42a8e,2026-10-06T00:26:01.262+00:00,2026-10-06T00:26:01.441+00:00,21072-30059,dryers,20632118-a,716000000,2026-10-06 00:26:01,2026-10-06 00:02:36,0,1405.0,-1405.0,,Available,website maps this code to Available
1,38ec95f2-58e8-4eca-a6ed-3d3b62d42a8e,2026-10-06T00:26:01.262+00:00,2026-10-06T00:26:01.441+00:00,21072-30059,dryers,20632035-a,716000000,2026-10-06 00:26:01,2026-10-05 04:09:25,0,72996.0,-72996.0,,Available,website maps this code to Available
1,38ec95f2-58e8-4eca-a6ed-3d3b62d42a8e,2026-10-06T00:26:01.262+00:00,2026-10-06T00:26:01.441+00:00,21072-30059,dryers,20632102-a,716000000,2026-10-06 00:26:01,2026-10-05 23:10:05,0,4556.0,-4556.0,,Available,website maps this code to Available
1,38ec95f2-58e8-4eca-a6ed-3d3b62d42a8e,2026-10-06T00:26:01.262+00:00,2026-10-06T00:26:01.441+00:00,21072-30059,dryers,20632060-a,716000000,2026-10-06 00:26:01,2026-10-05 23:08:19,0,4662.0,-4662.0,,Available,website maps this code to Available
1,38ec95f2-58e8-4eca-a6ed-3d3b62d42a8e,2026-10-06T00:26:01.262+00:00,2026-10-06T00:26:01.441+00:00,21072-30059,dryers,20632117-a,416000000,2026-10-06 00:26:01,2026-10-06 00:07:13,45,1128.0,1572.0,27,Running,
1,38ec95f2-58e8-4eca-a6ed-3d3b62d42a8e,2026-10-06T00:26:01.262+00:00,2026-10-06T00:26:01.441+00:00,21072-30059,dryers,20632037-a,416000000,2026-10-06 00:26:01,2026-10-06 00:08:17,45,1064.0,1636.0,28,Running,
1,38ec95f2-58e8-4eca-a6ed-3d3b62d42a8e,2026-10-06T00:26:01.262+00:00,2026-10-06T00:26:01.441+00:00,21072-30059,dryers,20632092-a,716000000,2026-10-06 00:26:01,2026-10-06 00:00:56,0,1505.0,-1505.0,,Available,website maps this code to Available
1,38ec95f2-58e8-4eca-a6ed-3d3b62d42a8e,2026-10-06T00:26:01.262+00:00,2026-10-06T00:26:01.441+00:00,21072-30059,dryers,20632128-a,716000000,2026-10-06 00:26:01,2026-10-05 23:35:18,0,3043.0,-3043.0,,Available,website maps this code to Available
1,38ec95f2-58e8-4eca-a6ed-3d3b62d42a8e,2026-10-06T00:26:01.262+00:00,2026-10-06T00:26:01.441+00:00,21072-30059,dryers,20632044-a,716000000,2026-10-06 00:26:01,2026-10-05 22:54:15,0,5506.0,-5506.0,,Available,website maps this code to Available
1,38ec95f2-58e8-4eca-a6ed-3d3b62d42a8e,2026-10-06T00:26:01.262+00:00,2026-10-06T00:26:01.441+00:00,21072-30059,dryers,20632094-a,416000000,2026-10-06 00:26:01,2026-10-06 00:17:12,40,529.0,1871.0,32,Running,
1,38ec95f2-58e8-4eca-a6ed-3d3b62d42a8e,2026-10-06T00:26:01.262+00:00,2026-10-06T00:26:01.441+00:00,21072-30059,dryers,20632123-a,716000000,2026-10-06 00:26:01,2026-10-06 00:05:38,0,1223.0,-1223.0,,Available,website maps this code to Available
1,38ec95f2-58e8-4eca-a6ed-3d3b62d42a8e,2026-10-06T00:26:01.262+00:00,2026-10-06T00:26:01.441+00:00,21072-30059,dryers,20632098-a,616000040,2026-10-06 00:26:01,2026-10-05 04:11:31,0,72870.0,-72870.0,,Error,
1,73ea1156-7193-4175-b559-f9b5065b5a2f,2026-10-06T00:27:01.313+00:00,2026-10-06T00:27:01.498+00:00,21072-30059,washers,20632118-b,416000000,2026-10-06 00:27:01,2026-10-06 00:09:18,30,1063.0,737.0,13,Running,
1,73ea1156-7193-4175-b559-f9b5065b5a2f,2026-10-06T00:27:01.313+00:00,2026-10-06T00:27:01.498+00:00,21072-30059,washers,20632035-b,716000000,2026-10-06 00:27:01,2026-10-05 15:44:14,0,31367.0,-31367.0,,Available,website maps this code to Available
1,73ea1156-7193-4175-b559-f9b5065b5a2f,2026-10-06T00:27:01.313+00:00,2026-10-06T00:27:01.498+00:00,21072-30059,washers,20632102-b,716000000,2026-10-06 00:27:01,2026-10-05 23:03:37,0,5004.0,-5004.0,,Available,website maps this code to Available
1,73ea1156-7193-4175-b559-f9b5065b5a2f,2026-10-06T00:27:01.313+00:00,2026-10-06T00:27:01.498+00:00,21072-30059,washers,20632060-b,716000000,2026-10-06 00:27:01,2026-10-05 23:03:23,0,5018.0,-5018.0,,Available,website maps this code to Available
1,73ea1156-7193-4175-b559-f9b5065b5a2f,2026-10-06T00:27:01.313+00:00,2026-10-06T00:27:01.498+00:00,21072-30059,washers,20632117-b,716000000,2026-10-06 00:27:01,2026-10-05 23:03:21,0,5020.0,-5020.0,,Available,website maps this code to Available
1,73ea1156-7193-4175-b559-f9b5065b5a2f,2026-10-06T00:27:01.313+00:00,2026-10-06T00:27:01.498+00:00,21072-30059,washers,20632037-b,716000000,2026-10-06 00:27:01,2026-10-05 23:49:24,0,2257.0,-2257.0,,Available,website maps this code to Available
1,73ea1156-7193-4175-b559-f9b5065b5a2f,2026-10-06T00:27:01.313+00:00,2026-10-06T00:27:01.498+00:00,21072-30059,washers,20632092-b,716000000,2026-10-06 00:27:01,2026-10-05 23:04:12,0,4969.0,-4969.0,,Available,website maps this code to Available
1,73ea1156-7193-4175-b559-f9b5065b5a2f,2026-10-06T00:27:01.313+00:00,2026-10-06T00:27:01.498+00:00,21072-30059,washers,20632128-b,716000000,2026-10-06 00:27:01,2026-10-05 21:58:19,0,8922.0,-8922.0,,Available,website maps this code to Available
1,73ea1156-7193-4175-b559-f9b5065b5a2f,2026-10-06T00:27:01.313+00:00,2026-10-06T00:27:01.498+00:00,21072-30059,washers,20632044-b,716000000,2026-10-06 00:27:01,2026-10-05 23:44:53,0,2528.0,-2528.0,,Available,website maps this code to Available
1,73ea1156-7193-4175-b559-f9b5065b5a2f,2026-10-06T00:27:01.313+00:00,2026-10-06T00:27:01.498+00:00,21072-30059,washers,20632094-b,716000000,2026-10-06 00:27:01,2026-10-05 23:51:07,0,2154.0,-2154.0,,Available,website maps this code to Available
1,73ea1156-7193-4175-b559-f9b5065b5a2f,2026-10-06T00:27:01.313+00:00,2026-10-06T00:27:01.498+00:00,21072-30059,washers,20632123-b,716000000,2026-10-06 00:27:01,2026-10-06 00:05:40,0,1281.0,-1281.0,,Available,website maps this code to Available
1,73ea1156-7193-4175-b559-f9b5065b5a2f,2026-10-06T00:27:01.313+00:00,2026-10-06T00:27:01.498+00:00,21072-30059,washers,20632098-b,616000040,2026-10-06 00:27:01,2026-10-05 22:41:51,0,6310.0,-6310.0,,Error,
1,73ea1156-7193-4175-b559-f9b5065b5a2f,2026-10-06T00:27:01.313+00:00,2026-10-06T00:27:01.498+00:00,21072-30059,dryers,20632096-a,716000000,2026-10-06 00:27:01,2026-10-06 00:01:59,0,1502.0,-1502.0,,Available,website maps this code to Available
1,73ea1156-7193-4175-b559-f9b5065b5a2f,2026-10-06T00:27:01.313+00:00,2026-10-06T00:27:01.498+00:00,21072-30059,dryers,20632096-b,716000000,2026-10-06 00:27:01,2026-10-05 23:45:56,0,2465.0,-2465.0,,Available,website maps this code to Available
1,73ea1156-7193-4175-b559-f9b5065b5a2f,2026-10-06T00:27:01.313+00:00,2026-10-06T00:27:01.498+00:00,21072-30059,dryers,20632118-a,716000000,2026-10-06 00:27:01,2026-10-06 00:02:36,0,1465.0,-1465.0,,Available,website maps this code to Available
1,73ea1156-7193-4175-b559-f9b5065b5a2f,2026-10-06T00:27:01.313+00:00,2026-10-06T00:27:01.498+00:00,21072-30059,dryers,20632035-a,716000000,2026-10-06 00:27:01,2026-10-05 04:09:25,0,73056.0,-73056.0,,Available,website maps this code to Available
1,73ea1156-7193-4175-b559-f9b5065b5a2f,2026-10-06T00:27:01.313+00:00,2026-10-06T00:27:01.498+00:00,21072-30059,dryers,20632102-a,716000000,2026-10-06 00:27:01,2026-10-05 23:10:05,0,4616.0,-4616.0,,Available,website maps this code to Available
1,73ea1156-7193-4175-b559-f9b5065b5a2f,2026-10-06T00:27:01.313+00:00,2026-10-06T00:27:01.498+00:00,21072-30059,dryers,20632060-a,716000000,2026-10-06 00:27:01,2026-10-05 23:08:19,0,4722.0,-4722.0,,Available,website maps this code to Available
1,73ea1156-7193-4175-b559-f9b5065b5a2f,2026-10-06T00:27:01.313+00:00,2026-10-06T00:27:01.498+00:00,21072-30059,dryers,20632117-a,416000000,2026-10-06 00:27:01,2026-10-06 00:07:13,45,1188.0,1512.0,26,Running,
1,73ea1156-7193-4175-b559-f9b5065b5a2f,2026-10-06T00:27:01.313+00:00,2026-10-06T00:27:01.498+00:00,21072-30059,dryers,20632037-a,416000000,2026-10-06 00:27:01,2026-10-06 00:08:17,45,1124.0,1576.0,27,Running,
1,73ea1156-7193-4175-b559-f9b5065b5a2f,2026-10-06T00:27:01.313+00:00,2026-10-06T00:27:01.498+00:00,21072-30059,dryers,20632092-a,716000000,2026-10-06 00:27:01,2026-10-06 00:00:56,0,1565.0,-1565.0,,Available,website maps this code to Available
1,73ea1156-7193-4175-b559-f9b5065b5a2f,2026-10-06T00:27:01.313+00:00,2026-10-06T00:27:01.498+00:00,21072-30059,dryers,20632128-a,716000000,2026-10-06 00:27:01,2026-10-05 23:35:18,0,3103.0,-3103.0,,Available,website maps this code to Available
1,73ea1156-7193-4175-b559-f9b5065b5a2f,2026-10-06T00:27:01.313+00:00,2026-10-06T00:27:01.498+00:00,21072-30059,dryers,20632044-a,716000000,2026-10-06 00:27:01,2026-10-05 22:54:15,0,5566.0,-5566.0,,Available,website maps this code to Available
1,73ea1156-7193-4175-b559-f9b5065b5a2f,2026-10-06T00:27:01.313+00:00,2026-10-06T00:27:01.498+00:00,21072-30059,dryers,20632094-a,416000000,2026-10-06 00:27:01,2026-10-06 00:17:12,40,589.0,1811.0,31,Running,
1,73ea1156-7193-4175-b559-f9b5065b5a2f,2026-10-06T00:27:01.313+00:00,2026-10-06T00:27:01.498+00:00,21072-30059,dryers,20632123-a,716000000,2026-10-06 00:27:01,2026-10-06 00:05:38,0,1283.0,-1283.0,,Available,website maps this code to Available
1,73ea1156-7193-4175-b559-f9b5065b5a2f,2026-10-06T00:27:01.313+00:00,2026-10-06T00:27:01.498+00:00,21072-30059,dryers,20632098-a,616000040,2026-10-06 00:27:01,2026-10-05 04:11:31,0,72930.0,-72930.0,,Error,
1,c61d7411-1e5c-4cfb-a81f-4cf433f4d78d,2026-10-06T00:28:01.292+00:00,2026-10-06T00:28:01.484+00:00,21072-30059,washers,20632118-b,416000000,2026-10-06 00:28:01,2026-10-06 00:09:18,30,1123.0,677.0,12,Running,
1,c61d7411-1e5c-4cfb-a81f-4cf433f4d78d,2026-10-06T00:28:01.292+00:00,2026-10-06T00:28:01.484+00:00,21072-30059,washers,20632035-b,716000000,2026-10-06 00:28:01,2026-10-05 15:44:14,0,31427.0,-31427.0,,Available,website maps this code to Available
1,c61d7411-1e5c-4cfb-a81f-4cf433f4d78d,2026-10-06T00:28:01.292+00:00,2026-10-06T00:28:01.484+00:00,21072-30059,washers,20632102-b,716000000,2026-10-06 00:28:01,2026-10-05 23:03:37,0,5064.0,-5064.0,,Available,website maps this code to Available
1,c61d7411-1e5c-4cfb-a81f-4cf433f4d78d,2026-10-06T00:28:01.292+00:00,2026-10-06T00:28:01.484+00:00,21072-30059,washers,20632060-b,716000000,2026-10-06 00:28:01,2026-10-05 23:03:23,0,5078.0,-5078.0,,Available,website maps this code to Available
1,c61d7411-1e5c-4cfb-a81f-4cf433f4d78d,2026-10-06T00:28:01.292+00:00,2026-10-06T00:28:01.484+00:00,21072-30059,washers,20632117-b,716000000,2026-10-06 00:28:01,2026-10-05 23:03:21,0,5080.0,-5080.0,,Available,website maps this code to Available
1,c61d7411-1e5c-4cfb-a81f-4cf433f4d78d,2026-10-06T00:28:01.292+00:00,2026-10-06T00:28:01.484+00:00,21072-30059,washers,20632037-b,716000000,2026-10-06 00:28:01,2026-10-05 23:49:24,0,2317.0,-2317.0,,Available,website maps this code to Available
1,c61d7411-1e5c-4cfb-a81f-4cf433f4d78d,2026-10-06T00:28:01.292+00:00,2026-10-06T00:28:01.484+00:00,21072-30059,washers,20632092-b,716000000,2026-10-06 00:28:01,2026-10-05 23:04:12,0,5029.0,-5029.0,,Available,website maps this code to Available
1,c61d7411-1e5c-4cfb-a81f-4cf433f4d78d,2026-10-06T00:28:01.292+00:00,2026-10-06T00:28:01.484+00:00,21072-30059,washers,20632128-b,716000000,2026-10-06 00:28:01,2026-10-05 21:58:19,0,8982.0,-8982.0,,Available,website maps this code to Available
1,c61d7411-1e5c-4cfb-a81f-4cf433f4d78d,2026-10-06T00:28:01.292+00:00,2026-10-06T00:28:01.484+00:00,21072-30059,washers,20632044-b,716000000,2026-10-06 00:28:01,2026-10-05 23:44:53,0,2588.0,-2588.0,,Available,website maps this code to Available
1,c61d7411-1e5c-4cfb-a81f-4cf433f4d78d,2026-10-06T00:28:01.292+00:00,2026-10-06T00:28:01.484+00:00,21072-30059,washers,20632094-b,716000000,2026-10-06 00:28:01,2026-10-05 23:51:07,0,2214.0,-2214.0,,Available,website maps this code to Available
1,c61d7411-1e5c-4cfb-a81f-4cf433f4d78d,2026-10-06T00:28:01.292+00:00,2026-10-06T00:28:01.484+00:00,21072-30059,washers,20632123-b,716000000,2026-10-06 00:28:01,2026-10-06 00:05:40,0,1341.0,-1341.0,,Available,website maps this code to Available
1,c61d7411-1e5c-4cfb-a81f-4cf433f4d78d,2026-10-06T00:28:01.292+00:00,2026-10-06T00:28:01.484+00:00,21072-30059,washers,20632098-b,616000040,2026-10-06 00:28:01,2026-10-05 22:41:51,0,6370.0,-6370.0,,Error,
1,c61d7411-1e5c-4cfb-a81f-4cf433f4d78d,2026-10-06T00:28:01.292+00:00,2026-10-06T00:28:01.484+00:00,21072-30059,dryers,20632096-a,716000000,2026-10-06 00:28:01,2026-10-06 00:01:59,0,1562.0,-1562.0,,Available,website maps this code to Available
1,c61d7411-1e5c-4cfb-a81f-4cf433f4d78d,2026-10-06T00:28:01.292+00:00,2026-10-06T00:28:01.484+00:00,21072-30059,dryers,20632096-b,716000000,2026-10-06 00:28:01,2026-10-05 23:45:56,0,2525.0,-2525.0,,Available,website maps this code to Available
1,c61d7411-1e5c-4cfb-a81f-4cf433f4d78d,2026-10-06T00:28:01.292+00:00,2026-10-06T00:28:01.484+00:00,21072-30059,dryers,20632118-a,716000000,2026-10-06 00:28:01,2026-10-06 00:02:36,0,1525.0,-1525.0,,Available,website maps this code to Available
1,c61d7411-1e5c-4cfb-a81f-4cf433f4d78d,2026-10-06T00:28:01.292+00:00,2026-10-06T00:28:01.484+00:00,21072-30059,dryers,20632035-a,716000000,2026-10-06 00:28:01,2026-10-05 04:09:25,0,73116.0,-73116.0,,Available,website maps this code to Available
1,c61d7411-1e5c-4cfb-a81f-4cf433f4d78d,2026-10-06T00:28:01.292+00:00,2026-10-06T00:28:01.484+00:00,21072-30059,dryers,20632102-a,716000000,2026-10-06 00:28:01,2026-10-05 23:10:05,0,4676.0,-4676.0,,Available,website maps this code to Available
1,c61d7411-1e5c-4cfb-a81f-4cf433f4d78d,2026-10-06T00:28:01.292+00:00,2026-10-06T00:28:01.484+00:00,21072-30059,dryers,20632060-a,716000000,2026-10-06 00:28:01,2026-10-05 23:08:19,0,4782.0,-4782.0,,Available,website maps this code to Available
1,c61d7411-1e5c-4cfb-a81f-4cf433f4d78d,2026-10-06T00:28:01.292+00:00,2026-10-06T00:28:01.484+00:00,21072-30059,dryers,20632117-a,416000000,2026-10-06 00:28:01,2026-10-06 00:07:13,45,1248.0,1452.0,25,Running,
1,c61d7411-1e5c-4cfb-a81f-4cf433f4d78d,2026-10-06T00:28:01.292+00:00,2026-10-06T00:28:01.484+00:00,21072-30059,dryers,20632037-a,416000000,2026-10-06 00:28:01,2026-10-06 00:08:17,45,1184.0,1516.0,26,Running,
1,c61d7411-1e5c-4cfb-a81f-4cf433f4d78d,2026-10-06T00:28:01.292+00:00,2026-10-06T00:28:01.484+00:00,21072-30059,dryers,20632092-a,716000000,2026-10-06 00:28:01,2026-10-06 00:00:56,0,1625.0,-1625.0,,Available,website maps this code to Available
1,c61d7411-1e5c-4cfb-a81f-4cf433f4d78d,2026-10-06T00:28:01.292+00:00,2026-10-06T00:28:01.484+00:00,21072-30059,dryers,20632128-a,716000000,2026-10-06 00:28:01,2026-10-05 23:35:18,0,3163.0,-3163.0,,Available,website maps this code to Available
1,c61d7411-1e5c-4cfb-a81f-4cf433f4d78d,2026-10-06T00:28:01.292+00:00,2026-10-06T00:28:01.484+00:00,21072-30059,dryers,20632044-a,716000000,2026-10-06 00:28:01,2026-10-05 22:54:15,0,5626.0,-5626.0,,Available,website maps this code to Available
1,c61d7411-1e5c-4cfb-a81f-4cf433f4d78d,2026-10-06T00:28:01.292+00:00,2026-10-06T00:28:01.484+00:00,21072-30059,dryers,20632094-a,416000000,2026-10-06 00:28:01,2026-10-06 00:17:12,40,649.0,1751.0,30,Running,
1,c61d7411-1e5c-4cfb-a81f-4cf433f4d78d,2026-10-06T00:28:01.292+00:00,2026-10-06T00:28:01.484+00:00,21072-30059,dryers,20632123-a,716000000,2026-10-06 00:28:01,2026-10-06 00:05:38,0,1343.0,-1343.0,,Available,website maps this code to Available
1,c61d7411-1e5c-4cfb-a81f-4cf433f4d78d,2026-10-06T00:28:01.292+00:00,2026-10-06T00:28:01.484+00:00,21072-30059,dryers,20632098-a,616000040,2026-10-06 00:28:01,2026-10-05 04:11:31,0,72990.0,-72990.0,,Error,
1,c4004f9d-09a0-4f7e-987c-2cacd62cc368,2026-10-06T00:29:01.295+00:00,2026-10-06T00:29:01.514+00:00,21072-30059,washers,20632118-b,416000000,2026-10-06 00:29:01,2026-10-06 00:09:18,30,1183.0,617.0,11,Running,
1,c4004f9d-09a0-4f7e-987c-2cacd62cc368,2026-10-06T00:29:01.295+00:00,2026-10-06T00:29:01.514+00:00,21072-30059,washers,20632035-b,716000000,2026-10-06 00:29:01,2026-10-05 15:44:14,0,31487.0,-31487.0,,Available,website maps this code to Available
1,c4004f9d-09a0-4f7e-987c-2cacd62cc368,2026-10-06T00:29:01.295+00:00,2026-10-06T00:29:01.514+00:00,21072-30059,washers,20632102-b,716000000,2026-10-06 00:29:01,2026-10-05 23:03:37,0,5124.0,-5124.0,,Available,website maps this code to Available
1,c4004f9d-09a0-4f7e-987c-2cacd62cc368,2026-10-06T00:29:01.295+00:00,2026-10-06T00:29:01.514+00:00,21072-30059,washers,20632060-b,716000000,2026-10-06 00:29:01,2026-10-05 23:03:23,0,5138.0,-5138.0,,Available,website maps this code to Available
1,c4004f9d-09a0-4f7e-987c-2cacd62cc368,2026-10-06T00:29:01.295+00:00,2026-10-06T00:29:01.514+00:00,21072-30059,washers,20632117-b,716000000,2026-10-06 00:29:01,2026-10-05 23:03:21,0,5140.0,-5140.0,,Available,website maps this code to Available
1,c4004f9d-09a0-4f7e-987c-2cacd62cc368,2026-10-06T00:29:01.295+00:00,2026-10-06T00:29:01.514+00:00,21072-30059,washers,20632037-b,716000000,2026-10-06 00:29:01,2026-10-05 23:49:24,0,2377.0,-2377.0,,Available,website maps this code to Available
1,c4004f9d-09a0-4f7e-987c-2cacd62cc368,2026-10-06T00:29:01.295+00:00,2026-10-06T00:29:01.514+00:00,21072-30059,washers,20632092-b,716000000,2026-10-06 00:29:01,2026-10-05 23:04:12,0,5089.0,-5089.0,,Available,website maps this code to Available
1,c4004f9d-09a0-4f7e-987c-2cacd62cc368,2026-10-06T00:29:01.295+00:00,2026-10-06T00:29:01.514+00:00,21072-30059,washers,20632128-b,716000000,2026-10-06 00:29:01,2026-10-05 21:58:19,0,9042.0,-9042.0,,Available,website maps this code to Available
1,c4004f9d-09a0-4f7e-987c-2cacd62cc368,2026-10-06T00:29:01.295+00:00,2026-10-06T00:29:01.514+00:00,21072-30059,washers,20632044-b,716000000,2026-10-06 00:29:01,2026-10-05 23:44:53,0,2648.0,-2648.0,,Available,website maps this code to Available
1,c4004f9d-09a0-4f7e-987c-2cacd62cc368,2026-10-06T00:29:01.295+00:00,2026-10-06T00:29:01.514+00:00,21072-30059,washers,20632094-b,716000000,2026-10-06 00:29:01,2026-10-05 23:51:07,0,2274.0,-2274.0,,Available,website maps this code to Available
1,c4004f9d-09a0-4f7e-987c-2cacd62cc368,2026-10-06T00:29:01.295+00:00,2026-10-06T00:29:01.514+00:00,21072-30059,washers,20632123-b,716000000,2026-10-06 00:29:01,2026-10-06 00:05:40,0,1401.0,-1401.0,,Available,website maps this code to Available
1,c4004f9d-09a0-4f7e-987c-2cacd62cc368,2026-10-06T00:29:01.295+00:00,2026-10-06T00:29:01.514+00:00,21072-30059,washers,20632098-b,616000040,2026-10-06 00:29:01,2026-10-05 22:41:51,0,6430.0,-6430.0,,Error,
1,c4004f9d-09a0-4f7e-987c-2cacd62cc368,2026-10-06T00:29:01.295+00:00,2026-10-06T00:29:01.514+00:00,21072-30059,dryers,20632096-a,716000000,2026-10-06 00:29:01,2026-10-06 00:01:59,0,1622.0,-1622.0,,Available,website maps this code to Available
1,c4004f9d-09a0-4f7e-987c-2cacd62cc368,2026-10-06T00:29:01.295+00:00,2026-10-06T00:29:01.514+00:00,21072-30059,dryers,20632096-b,716000000,2026-10-06 00:29:01,2026-10-05 23:45:56,0,2585.0,-2585.0,,Available,website maps this code to Available
1,c4004f9d-09a0-4f7e-987c-2cacd62cc368,2026-10-06T00:29:01.295+00:00,2026-10-06T00:29:01.514+00:00,21072-30059,dryers,20632118-a,716000000,2026-10-06 00:29:01,2026-10-06 00:02:36,0,1585.0,-1585.0,,Available,website maps this code to Available
1,c4004f9d-09a0-4f7e-987c-2cacd62cc368,2026-10-06T00:29:01.295+00:00,2026-10-06T00:29:01.514+00:00,21072-30059,dryers,20632035-a,716000000,2026-10-06 00:29:01,2026-10-05 04:09:25,0,73176.0,-73176.0,,Available,website maps this code to Available
1,c4004f9d-09a0-4f7e-987c-2cacd62cc368,2026-10-06T00:29:01.295+00:00,2026-10-06T00:29:01.514+00:00,21072-30059,dryers,20632102-a,716000000,2026-10-06 00:29:01,2026-10-05 23:10:05,0,4736.0,-4736.0,,Available,website maps this code to Available
1,c4004f9d-09a0-4f7e-987c-2cacd62cc368,2026-10-06T00:29:01.295+00:00,2026-10-06T00:29:01.514+00:00,21072-30059,dryers,20632060-a,716000000,2026-10-06 00:29:01,2026-10-05 23:08:19,0,4842.0,-4842.0,,Available,website maps this code to Available
1,c4004f9d-09a0-4f7e-987c-2cacd62cc368,2026-10-06T00:29:01.295+00:00,2026-10-06T00:29:01.514+00:00,21072-30059,dryers,20632117-a,416000000,2026-10-06 00:29:01,2026-10-06 00:07:13,45,1308.0,1392.0,24,Running,
1,c4004f9d-09a0-4f7e-987c-2cacd62cc368,2026-10-06T00:29:01.295+00:00,2026-10-06T00:29:01.514+00:00,21072-30059,dryers,20632037-a,416000000,2026-10-06 00:29:01,2026-10-06 00:08:17,45,1244.0,1456.0,25,Running,
1,c4004f9d-09a0-4f7e-987c-2cacd62cc368,2026-10-06T00:29:01.295+00:00,2026-10-06T00:29:01.514+00:00,21072-30059,dryers,20632092-a,716000000,2026-10-06 00:29:01,2026-10-06 00:00:56,0,1685.0,-1685.0,,Available,website maps this code to Available
1,c4004f9d-09a0-4f7e-987c-2cacd62cc368,2026-10-06T00:29:01.295+00:00,2026-10-06T00:29:01.514+00:00,21072-30059,dryers,20632128-a,716000000,2026-10-06 00:29:01,2026-10-05 23:35:18,0,3223.0,-3223.0,,Available,website maps this code to Available
1,c4004f9d-09a0-4f7e-987c-2cacd62cc368,2026-10-06T00:29:01.295+00:00,2026-10-06T00:29:01.514+00:00,21072-30059,dryers,20632044-a,716000000,2026-10-06 00:29:01,2026-10-05 22:54:15,0,5686.0,-5686.0,,Available,website maps this code to Available
1,c4004f9d-09a0-4f7e-987c-2cacd62cc368,2026-10-06T00:29:01.295+00:00,2026-10-06T00:29:01.514+00:00,21072-30059,dryers,20632094-a,416000000,2026-10-06 00:29:01,2026-10-06 00:17:12,40,709.0,1691.0,29,Running,
1,c4004f9d-09a0-4f7e-987c-2cacd62cc368,2026-10-06T00:29:01.295+00:00,2026-10-06T00:29:01.514+00:00,21072-30059,dryers,20632123-a,716000000,2026-10-06 00:29:01,2026-10-06 00:05:38,0,1403.0,-1403.0,,Available,website maps this code to Available
1,c4004f9d-09a0-4f7e-987c-2cacd62cc368,2026-10-06T00:29:01.295+00:00,2026-10-06T00:29:01.514+00:00,21072-30059,dryers,20632098-a,616000040,2026-10-06 00:29:01,2026-10-05 04:11:31,0,73050.0,-73050.0,,Error,
1,2e8c80a0-e1c8-4e30-acb1-18d333ed3808,2026-10-06T00:30:01.375+00:00,2026-10-06T00:30:01.553+00:00,21072-30059,washers,20632118-b,416000000,2026-10-06 00:30:01,2026-10-06 00:29:39,10,22.0,578.0,10,Running,
1,2e8c80a0-e1c8-4e30-acb1-18d333ed3808,2026-10-06T00:30:01.375+00:00,2026-10-06T00:30:01.553+00:00,21072-30059,washers,20632035-b,716000000,2026-10-06 00:30:01,2026-10-05 15:44:14,0,31547.0,-31547.0,,Available,website maps this code to Available
1,2e8c80a0-e1c8-4e30-acb1-18d333ed3808,2026-10-06T00:30:01.375+00:00,2026-10-06T00:30:01.553+00:00,21072-30059,washers,20632102-b,716000000,2026-10-06 00:30:01,2026-10-05 23:03:37,0,5184.0,-5184.0,,Available,website maps this code to Available
1,2e8c80a0-e1c8-4e30-acb1-18d333ed3808,2026-10-06T00:30:01.375+00:00,2026-10-06T00:30:01.553+00:00,21072-30059,washers,20632060-b,716000000,2026-10-06 00:30:01,2026-10-05 23:03:23,0,5198.0,-5198.0,,Available,website maps this code to Available
1,2e8c80a0-e1c8-4e30-acb1-18d333ed3808,2026-10-06T00:30:01.375+00:00,2026-10-06T00:30:01.553+00:00,21072-30059,washers,20632117-b,716000000,2026-10-06 00:30:01,2026-10-05 23:03:21,0,5200.0,-5200.0,,Available,website maps this code to Available
1,2e8c80a0-e1c8-4e30-acb1-18d333ed3808,2026-10-06T00:30:01.375+00:00,2026-10-06T00:30:01.553+00:00,21072-30059,washers,20632037-b,716000000,2026-10-06 00:30:01,2026-10-05 23:49:24,0,2437.0,-2437.0,,Available,website maps this code to Available
1,2e8c80a0-e1c8-4e30-acb1-18d333ed3808,2026-10-06T00:30:01.375+00:00,2026-10-06T00:30:01.553+00:00,21072-30059,washers,20632092-b,716000000,2026-10-06 00:30:01,2026-10-05 23:04:12,0,5149.0,-5149.0,,Available,website maps this code to Available
1,2e8c80a0-e1c8-4e30-acb1-18d333ed3808,2026-10-06T00:30:01.375+00:00,2026-10-06T00:30:01.553+00:00,21072-30059,washers,20632128-b,716000000,2026-10-06 00:30:01,2026-10-05 21:58:19,0,9102.0,-9102.0,,Available,website maps this code to Available
1,2e8c80a0-e1c8-4e30-acb1-18d333ed3808,2026-10-06T00:30:01.375+00:00,2026-10-06T00:30:01.553+00:00,21072-30059,washers,20632044-b,716000000,2026-10-06 00:30:01,2026-10-05 23:44:53,0,2708.0,-2708.0,,Available,website maps this code to Available
1,2e8c80a0-e1c8-4e30-acb1-18d333ed3808,2026-10-06T00:30:01.375+00:00,2026-10-06T00:30:01.553+00:00,21072-30059,washers,20632094-b,716000000,2026-10-06 00:30:01,2026-10-05 23:51:07,0,2334.0,-2334.0,,Available,website maps this code to Available
1,2e8c80a0-e1c8-4e30-acb1-18d333ed3808,2026-10-06T00:30:01.375+00:00,2026-10-06T00:30:01.553+00:00,21072-30059,washers,20632123-b,716000000,2026-10-06 00:30:01,2026-10-06 00:05:40,0,1461.0,-1461.0,,Available,website maps this code to Available
1,2e8c80a0-e1c8-4e30-acb1-18d333ed3808,2026-10-06T00:30:01.375+00:00,2026-10-06T00:30:01.553+00:00,21072-30059,washers,20632098-b,616000040,2026-10-06 00:30:01,2026-10-05 22:41:51,0,6490.0,-6490.0,,Error,
1,2e8c80a0-e1c8-4e30-acb1-18d333ed3808,2026-10-06T00:30:01.375+00:00,2026-10-06T00:30:01.553+00:00,21072-30059,dryers,20632096-a,716000000,2026-10-06 00:30:01,2026-10-06 00:01:59,0,1682.0,-1682.0,,Available,website maps this code to Available
1,2e8c80a0-e1c8-4e30-acb1-18d333ed3808,2026-10-06T00:30:01.375+00:00,2026-10-06T00:30:01.553+00:00,21072-30059,dryers,20632096-b,716000000,2026-10-06 00:30:01,2026-10-05 23:45:56,0,2645.0,-2645.0,,Available,website maps this code to Available
1,2e8c80a0-e1c8-4e30-acb1-18d333ed3808,2026-10-06T00:30:01.375+00:00,2026-10-06T00:30:01.553+00:00,21072-30059,dryers,20632118-a,716000000,2026-10-06 00:30:01,2026-10-06 00:02:36,0,1645.0,-1645.0,,Available,website maps this code to Available
1,2e8c80a0-e1c8-4e30-acb1-18d333ed3808,2026-10-06T00:30:01.375+00:00,2026-10-06T00:30:01.553+00:00,21072-30059,dryers,20632035-a,716000000,2026-10-06 00:30:01,2026-10-05 04:09:25,0,73236.0,-73236.0,,Available,website maps this code to Available
1,2e8c80a0-e1c8-4e30-acb1-18d333ed3808,2026-10-06T00:30:01.375+00:00,2026-10-06T00:30:01.553+00:00,21072-30059,dryers,20632102-a,716000000,2026-10-06 00:30:01,2026-10-05 23:10:05,0,4796.0,-4796.0,,Available,website maps this code to Available
1,2e8c80a0-e1c8-4e30-acb1-18d333ed3808,2026-10-06T00:30:01.375+00:00,2026-10-06T00:30:01.553+00:00,21072-30059,dryers,20632060-a,716000000,2026-10-06 00:30:01,2026-10-05 23:08:19,0,4902.0,-4902.0,,Available,website maps this code to Available
1,2e8c80a0-e1c8-4e30-acb1-18d333ed3808,2026-10-06T00:30:01.375+00:00,2026-10-06T00:30:01.553+00:00,21072-30059,dryers,20632117-a,416000000,2026-10-06 00:30:01,2026-10-06 00:07:13,45,1368.0,1332.0,23,Running,
1,2e8c80a0-e1c8-4e30-acb1-18d333ed3808,2026-10-06T00:30:01.375+00:00,2026-10-06T00:30:01.553+00:00,21072-30059,dryers,20632037-a,416000000,2026-10-06 00:30:01,2026-10-06 00:08:17,45,1304.0,1396.0,24,Running,
1,2e8c80a0-e1c8-4e30-acb1-18d333ed3808,2026-10-06T00:30:01.375+00:00,2026-10-06T00:30:01.553+00:00,21072-30059,dryers,20632092-a,716000000,2026-10-06 00:30:01,2026-10-06 00:00:56,0,1745.0,-1745.0,,Available,website maps this code to Available
1,2e8c80a0-e1c8-4e30-acb1-18d333ed3808,2026-10-06T00:30:01.375+00:00,2026-10-06T00:30:01.553+00:00,21072-30059,dryers,20632128-a,716000000,2026-10-06 00:30:01,2026-10-05 23:35:18,0,3283.0,-3283.0,,Available,website maps this code to Available
1,2e8c80a0-e1c8-4e30-acb1-18d333ed3808,2026-10-06T00:30:01.375+00:00,2026-10-06T00:30:01.553+00:00,21072-30059,dryers,20632044-a,716000000,2026-10-06 00:30:01,2026-10-05 22:54:15,0,5746.0,-5746.0,,Available,website maps this code to Available
1,2e8c80a0-e1c8-4e30-acb1-18d333ed3808,2026-10-06T00:30:01.375+00:00,2026-10-06T00:30:01.553+00:00,21072-30059,dryers,20632094-a,416000000,2026-10-06 00:30:01,2026-10-06 00:17:12,40,769.0,1631.0,28,Running,
1,2e8c80a0-e1c8-4e30-acb1-18d333ed3808,2026-10-06T00:30:01.375+00:00,2026-10-06T00:30:01.553+00:00,21072-30059,dryers,20632123-a,716000000,2026-10-06 00:30:01,2026-10-06 00:05:38,0,1463.0,-1463.0,,Available,website maps this code to Available
1,2e8c80a0-e1c8-4e30-acb1-18d333ed3808,2026-10-06T00:30:01.375+00:00,2026-10-06T00:30:01.553+00:00,21072-30059,dryers,20632098-a,616000040,2026-10-06 00:30:01,2026-10-05 04:11:31,0,73110.0,-73110.0,,Error,
1,1fa838b6-765d-4abf-b48b-b056b4feb481,2026-10-06T00:31:01.243+00:00,2026-10-06T00:31:01.435+00:00,21072-30059,washers,20632118-b,416000000,2026-10-06 00:31:01,2026-10-06 00:29:39,10,82.0,518.0,9,Running,
1,1fa838b6-765d-4abf-b48b-b056b4feb481,2026-10-06T00:31:01.243+00:00,2026-10-06T00:31:01.435+00:00,21072-30059,washers,20632035-b,716000000,2026-10-06 00:31:01,2026-10-05 15:44:14,0,31607.0,-31607.0,,Available,website maps this code to Available
1,1fa838b6-765d-4abf-b48b-b056b4feb481,2026-10-06T00:31:01.243+00:00,2026-10-06T00:31:01.435+00:00,21072-30059,washers,20632102-b,716000000,2026-10-06 00:31:01,2026-10-05 23:03:37,0,5244.0,-5244.0,,Available,website maps this code to Available
1,1fa838b6-765d-4abf-b48b-b056b4feb481,2026-10-06T00:31:01.243+00:00,2026-10-06T00:31:01.435+00:00,21072-30059,washers,20632060-b,716000000,2026-10-06 00:31:01,2026-10-05 23:03:23,0,5258.0,-5258.0,,Available,website maps this code to Available
1,1fa838b6-765d-4abf-b48b-b056b4feb481,2026-10-06T00:31:01.243+00:00,2026-10-06T00:31:01.435+00:00,21072-30059,washers,20632117-b,716000000,2026-10-06 00:31:01,2026-10-05 23:03:21,0,5260.0,-5260.0,,Available,website maps this code to Available
1,1fa838b6-765d-4abf-b48b-b056b4feb481,2026-10-06T00:31:01.243+00:00,2026-10-06T00:31:01.435+00:00,21072-30059,washers,20632037-b,716000000,2026-10-06 00:31:01,2026-10-05 23:49:24,0,2497.0,-2497.0,,Available,website maps this code to Available
1,1fa838b6-765d-4abf-b48b-b056b4feb481,2026-10-06T00:31:01.243+00:00,2026-10-06T00:31:01.435+00:00,21072-30059,washers,20632092-b,716000000,2026-10-06 00:31:01,2026-10-05 23:04:12,0,5209.0,-5209.0,,Available,website maps this code to Available
1,1fa838b6-765d-4abf-b48b-b056b4feb481,2026-10-06T00:31:01.243+00:00,2026-10-06T00:31:01.435+00:00,21072-30059,washers,20632128-b,716000000,2026-10-06 00:31:01,2026-10-05 21:58:19,0,9162.0,-9162.0,,Available,website maps this code to Available
1,1fa838b6-765d-4abf-b48b-b056b4feb481,2026-10-06T00:31:01.243+00:00,2026-10-06T00:31:01.435+00:00,21072-30059,washers,20632044-b,716000000,2026-10-06 00:31:01,2026-10-05 23:44:53,0,2768.0,-2768.0,,Available,website maps this code to Available
1,1fa838b6-765d-4abf-b48b-b056b4feb481,2026-10-06T00:31:01.243+00:00,2026-10-06T00:31:01.435+00:00,21072-30059,washers,20632094-b,716000000,2026-10-06 00:31:01,2026-10-05 23:51:07,0,2394.0,-2394.0,,Available,website maps this code to Available
1,1fa838b6-765d-4abf-b48b-b056b4feb481,2026-10-06T00:31:01.243+00:00,2026-10-06T00:31:01.435+00:00,21072-30059,washers,20632123-b,716000000,2026-10-06 00:31:01,2026-10-06 00:05:40,0,1521.0,-1521.0,,Available,website maps this code to Available
1,1fa838b6-765d-4abf-b48b-b056b4feb481,2026-10-06T00:31:01.243+00:00,2026-10-06T00:31:01.435+00:00,21072-30059,washers,20632098-b,616000040,2026-10-06 00:31:01,2026-10-05 22:41:51,0,6550.0,-6550.0,,Error,
1,1fa838b6-765d-4abf-b48b-b056b4feb481,2026-10-06T00:31:01.243+00:00,2026-10-06T00:31:01.435+00:00,21072-30059,dryers,20632096-a,716000000,2026-10-06 00:31:01,2026-10-06 00:01:59,0,1742.0,-1742.0,,Available,website maps this code to Available
1,1fa838b6-765d-4abf-b48b-b056b4feb481,2026-10-06T00:31:01.243+00:00,2026-10-06T00:31:01.435+00:00,21072-30059,dryers,20632096-b,716000000,2026-10-06 00:31:01,2026-10-05 23:45:56,0,2705.0,-2705.0,,Available,website maps this code to Available
1,1fa838b6-765d-4abf-b48b-b056b4feb481,2026-10-06T00:31:01.243+00:00,2026-10-06T00:31:01.435+00:00,21072-30059,dryers,20632118-a,716000000,2026-10-06 00:31:01,2026-10-06 00:02:36,0,1705.0,-1705.0,,Available,website maps this code to Available
1,1fa838b6-765d-4abf-b48b-b056b4feb481,2026-10-06T00:31:01.243+00:00,2026-10-06T00:31:01.435+00:00,21072-30059,dryers,20632035-a,716000000,2026-10-06 00:31:01,2026-10-05 04:09:25,0,73296.0,-73296.0,,Available,website maps this code to Available
1,1fa838b6-765d-4abf-b48b-b056b4feb481,2026-10-06T00:31:01.243+00:00,2026-10-06T00:31:01.435+00:00,21072-30059,dryers,20632102-a,716000000,2026-10-06 00:31:01,2026-10-05 23:10:05,0,4856.0,-4856.0,,Available,website maps this code to Available
1,1fa838b6-765d-4abf-b48b-b056b4feb481,2026-10-06T00:31:01.243+00:00,2026-10-06T00:31:01.435+00:00,21072-30059,dryers,20632060-a,716000000,2026-10-06 00:31:01,2026-10-05 23:08:19,0,4962.0,-4962.0,,Available,website maps this code to Available
1,1fa838b6-765d-4abf-b48b-b056b4feb481,2026-10-06T00:31:01.243+00:00,2026-10-06T00:31:01.435+00:00,21072-30059,dryers,20632117-a,416000000,2026-10-06 00:31:01,2026-10-06 00:07:13,45,1428.0,1272.0,22,Running,
1,1fa838b6-765d-4abf-b48b-b056b4feb481,2026-10-06T00:31:01.243+00:00,2026-10-06T00:31:01.435+00:00,21072-30059,dryers,20632037-a,416000000,2026-10-06 00:31:01,2026-10-06 00:08:17,45,1364.0,1336.0,23,Running,
1,1fa838b6-765d-4abf-b48b-b056b4feb481,2026-10-06T00:31:01.243+00:00,2026-10-06T00:31:01.435+00:00,21072-30059,dryers,20632092-a,716000000,2026-10-06 00:31:01,2026-10-06 00:00:56,0,1805.0,-1805.0,,Available,website maps this code to Available
1,1fa838b6-765d-4abf-b48b-b056b4feb481,2026-10-06T00:31:01.243+00:00,2026-10-06T00:31:01.435+00:00,21072-30059,dryers,20632128-a,716000000,2026-10-06 00:31:01,2026-10-05 23:35:18,0,3343.0,-3343.0,,Available,website maps this code to Available
1,1fa838b6-765d-4abf-b48b-b056b4feb481,2026-10-06T00:31:01.243+00:00,2026-10-06T00:31:01.435+00:00,21072-30059,dryers,20632044-a,716000000,2026-10-06 00:31:01,2026-10-05 22:54:15,0,5806.0,-5806.0,,Available,website maps this code to Available
1,1fa838b6-765d-4abf-b48b-b056b4feb481,2026-10-06T00:31:01.243+00:00,2026-10-06T00:31:01.435+00:00,21072-30059,dryers,20632094-a,416000000,2026-10-06 00:31:01,2026-10-06 00:17:12,40,829.0,1571.0,27,Running,
1,1fa838b6-765d-4abf-b48b-b056b4feb481,2026-10-06T00:31:01.243+00:00,2026-10-06T00:31:01.435+00:00,21072-30059,dryers,20632123-a,716000000,2026-10-06 00:31:01,2026-10-06 00:05:38,0,1523.0,-1523.0,,Available,website maps this code to Available
1,1fa838b6-765d-4abf-b48b-b056b4feb481,2026-10-06T00:31:01.243+00:00,2026-10-06T00:31:01.435+00:00,21072-30059,dryers,20632098-a,616000040,2026-10-06 00:31:01,2026-10-05 04:11:31,0,73170.0,-73170.0,,Error,
1,a7efd8f2-f28c-46ca-82de-c685456de641,2026-10-06T00:32:01.302+00:00,2026-10-06T00:32:01.485+00:00,21072-30059,washers,20632118-b,416000000,2026-10-06 00:32:01,2026-10-06 00:29:39,10,142.0,458.0,8,Running,
1,a7efd8f2-f28c-46ca-82de-c685456de641,2026-10-06T00:32:01.302+00:00,2026-10-06T00:32:01.485+00:00,21072-30059,washers,20632035-b,716000000,2026-10-06 00:32:01,2026-10-05 15:44:14,0,31667.0,-31667.0,,Available,website maps this code to Available
1,a7efd8f2-f28c-46ca-82de-c685456de641,2026-10-06T00:32:01.302+00:00,2026-10-06T00:32:01.485+00:00,21072-30059,washers,20632102-b,716000000,2026-10-06 00:32:01,2026-10-05 23:03:37,0,5304.0,-5304.0,,Available,website maps this code to Available
1,a7efd8f2-f28c-46ca-82de-c685456de641,2026-10-06T00:32:01.302+00:00,2026-10-06T00:32:01.485+00:00,21072-30059,washers,20632060-b,716000000,2026-10-06 00:32:01,2026-10-05 23:03:23,0,5318.0,-5318.0,,Available,website maps this code to Available
1,a7efd8f2-f28c-46ca-82de-c685456de641,2026-10-06T00:32:01.302+00:00,2026-10-06T00:32:01.485+00:00,21072-30059,washers,20632117-b,716000000,2026-10-06 00:32:01,2026-10-05 23:03:21,0,5320.0,-5320.0,,Available,website maps this code to Available
1,a7efd8f2-f28c-46ca-82de-c685456de641,2026-10-06T00:32:01.302+00:00,2026-10-06T00:32:01.485+00:00,21072-30059,washers,20632037-b,716000000,2026-10-06 00:32:01,2026-10-05 23:49:24,0,2557.0,-2557.0,,Available,website maps this code to Available
1,a7efd8f2-f28c-46ca-82de-c685456de641,2026-10-06T00:32:01.302+00:00,2026-10-06T00:32:01.485+00:00,21072-30059,washers,20632092-b,716000000,2026-10-06 00:32:01,2026-10-05 23:04:12,0,5269.0,-5269.0,,Available,website maps this code to Available
1,a7efd8f2-f28c-46ca-82de-c685456de641,2026-10-06T00:32:01.302+00:00,2026-10-06T00:32:01.485+00:00,21072-30059,washers,20632128-b,716000000,2026-10-06 00:32:01,2026-10-05 21:58:19,0,9222.0,-9222.0,,Available,website maps this code to Available
1,a7efd8f2-f28c-46ca-82de-c685456de641,2026-10-06T00:32:01.302+00:00,2026-10-06T00:32:01.485+00:00,21072-30059,washers,20632044-b,716000000,2026-10-06 00:32:01,2026-10-05 23:44:53,0,2828.0,-2828.0,,Available,website maps this code to Available
1,a7efd8f2-f28c-46ca-82de-c685456de641,2026-10-06T00:32:01.302+00:00,2026-10-06T00:32:01.485+00:00,21072-30059,washers,20632094-b,716000000,2026-10-06 00:32:01,2026-10-05 23:51:07,0,2454.0,-2454.0,,Available,website maps this code to Available
1,a7efd8f2-f28c-46ca-82de-c685456de641,2026-10-06T00:32:01.302+00:00,2026-10-06T00:32:01.485+00:00,21072-30059,washers,20632123-b,716000000,2026-10-06 00:32:01,2026-10-06 00:05:40,0,1581.0,-1581.0,,Available,website maps this code to Available
1,a7efd8f2-f28c-46ca-82de-c685456de641,2026-10-06T00:32:01.302+00:00,2026-10-06T00:32:01.485+00:00,21072-30059,washers,20632098-b,616000040,2026-10-06 00:32:01,2026-10-05 22:41:51,0,6610.0,-6610.0,,Error,
1,a7efd8f2-f28c-46ca-82de-c685456de641,2026-10-06T00:32:01.302+00:00,2026-10-06T00:32:01.485+00:00,21072-30059,dryers,20632096-a,716000000,2026-10-06 00:32:01,2026-10-06 00:01:59,0,1802.0,-1802.0,,Available,website maps this code to Available
1,a7efd8f2-f28c-46ca-82de-c685456de641,2026-10-06T00:32:01.302+00:00,2026-10-06T00:32:01.485+00:00,21072-30059,dryers,20632096-b,716000000,2026-10-06 00:32:01,2026-10-05 23:45:56,0,2765.0,-2765.0,,Available,website maps this code to Available
1,a7efd8f2-f28c-46ca-82de-c685456de641,2026-10-06T00:32:01.302+00:00,2026-10-06T00:32:01.485+00:00,21072-30059,dryers,20632118-a,716000000,2026-10-06 00:32:01,2026-10-06 00:02:36,0,1765.0,-1765.0,,Available,website maps this code to Available
1,a7efd8f2-f28c-46ca-82de-c685456de641,2026-10-06T00:32:01.302+00:00,2026-10-06T00:32:01.485+00:00,21072-30059,dryers,20632035-a,716000000,2026-10-06 00:32:01,2026-10-05 04:09:25,0,73356.0,-73356.0,,Available,website maps this code to Available
1,a7efd8f2-f28c-46ca-82de-c685456de641,2026-10-06T00:32:01.302+00:00,2026-10-06T00:32:01.485+00:00,21072-30059,dryers,20632102-a,716000000,2026-10-06 00:32:01,2026-10-05 23:10:05,0,4916.0,-4916.0,,Available,website maps this code to Available
1,a7efd8f2-f28c-46ca-82de-c685456de641,2026-10-06T00:32:01.302+00:00,2026-10-06T00:32:01.485+00:00,21072-30059,dryers,20632060-a,716000000,2026-10-06 00:32:01,2026-10-05 23:08:19,0,5022.0,-5022.0,,Available,website maps this code to Available
1,a7efd8f2-f28c-46ca-82de-c685456de641,2026-10-06T00:32:01.302+00:00,2026-10-06T00:32:01.485+00:00,21072-30059,dryers,20632117-a,416000000,2026-10-06 00:32:01,2026-10-06 00:07:13,45,1488.0,1212.0,21,Running,
1,a7efd8f2-f28c-46ca-82de-c685456de641,2026-10-06T00:32:01.302+00:00,2026-10-06T00:32:01.485+00:00,21072-30059,dryers,20632037-a,416000000,2026-10-06 00:32:01,2026-10-06 00:08:17,45,1424.0,1276.0,22,Running,
1,a7efd8f2-f28c-46ca-82de-c685456de641,2026-10-06T00:32:01.302+00:00,2026-10-06T00:32:01.485+00:00,21072-30059,dryers,20632092-a,716000000,2026-10-06 00:32:01,2026-10-06 00:00:56,0,1865.0,-1865.0,,Available,website maps this code to Available
1,a7efd8f2-f28c-46ca-82de-c685456de641,2026-10-06T00:32:01.302+00:00,2026-10-06T00:32:01.485+00:00,21072-30059,dryers,20632128-a,716000000,2026-10-06 00:32:01,2026-10-05 23:35:18,0,3403.0,-3403.0,,Available,website maps this code to Available
1,a7efd8f2-f28c-46ca-82de-c685456de641,2026-10-06T00:32:01.302+00:00,2026-10-06T00:32:01.485+00:00,21072-30059,dryers,20632044-a,716000000,2026-10-06 00:32:01,2026-10-05 22:54:15,0,5866.0,-5866.0,,Available,website maps this code to Available
1,a7efd8f2-f28c-46ca-82de-c685456de641,2026-10-06T00:32:01.302+00:00,2026-10-06T00:32:01.485+00:00,21072-30059,dryers,20632094-a,416000000,2026-10-06 00:32:01,2026-10-06 00:17:12,40,889.0,1511.0,26,Running,
1,a7efd8f2-f28c-46ca-82de-c685456de641,2026-10-06T00:32:01.302+00:00,2026-10-06T00:32:01.485+00:00,21072-30059,dryers,20632123-a,716000000,2026-10-06 00:32:01,2026-10-06 00:05:38,0,1583.0,-1583.0,,Available,website maps this code to Available
1,a7efd8f2-f28c-46ca-82de-c685456de641,2026-10-06T00:32:01.302+00:00,2026-10-06T00:32:01.485+00:00,21072-30059,dryers,20632098-a,616000040,2026-10-06 00:32:01,2026-10-05 04:11:31,0,73230.0,-73230.0,,Error,
1,77071c04-e39d-4d59-8fbe-c4fb3b44c0a6,2026-10-06T00:33:01.257+00:00,2026-10-06T00:33:01.435+00:00,21072-30059,washers,20632118-b,416000000,2026-10-06 00:33:01,2026-10-06 00:29:39,10,202.0,398.0,7,Running,
1,77071c04-e39d-4d59-8fbe-c4fb3b44c0a6,2026-10-06T00:33:01.257+00:00,2026-10-06T00:33:01.435+00:00,21072-30059,washers,20632035-b,716000000,2026-10-06 00:33:01,2026-10-05 15:44:14,0,31727.0,-31727.0,,Available,website maps this code to Available
1,77071c04-e39d-4d59-8fbe-c4fb3b44c0a6,2026-10-06T00:33:01.257+00:00,2026-10-06T00:33:01.435+00:00,21072-30059,washers,20632102-b,716000000,2026-10-06 00:33:01,2026-10-05 23:03:37,0,5364.0,-5364.0,,Available,website maps this code to Available
1,77071c04-e39d-4d59-8fbe-c4fb3b44c0a6,2026-10-06T00:33:01.257+00:00,2026-10-06T00:33:01.435+00:00,21072-30059,washers,20632060-b,716000000,2026-10-06 00:33:01,2026-10-05 23:03:23,0,5378.0,-5378.0,,Available,website maps this code to Available
1,77071c04-e39d-4d59-8fbe-c4fb3b44c0a6,2026-10-06T00:33:01.257+00:00,2026-10-06T00:33:01.435+00:00,21072-30059,washers,20632117-b,716000000,2026-10-06 00:33:01,2026-10-05 23:03:21,0,5380.0,-5380.0,,Available,website maps this code to Available
1,77071c04-e39d-4d59-8fbe-c4fb3b44c0a6,2026-10-06T00:33:01.257+00:00,2026-10-06T00:33:01.435+00:00,21072-30059,washers,20632037-b,716000000,2026-10-06 00:33:01,2026-10-05 23:49:24,0,2617.0,-2617.0,,Available,website maps this code to Available
1,77071c04-e39d-4d59-8fbe-c4fb3b44c0a6,2026-10-06T00:33:01.257+00:00,2026-10-06T00:33:01.435+00:00,21072-30059,washers,20632092-b,716000000,2026-10-06 00:33:01,2026-10-05 23:04:12,0,5329.0,-5329.0,,Available,website maps this code to Available
1,77071c04-e39d-4d59-8fbe-c4fb3b44c0a6,2026-10-06T00:33:01.257+00:00,2026-10-06T00:33:01.435+00:00,21072-30059,washers,20632128-b,716000000,2026-10-06 00:33:01,2026-10-05 21:58:19,0,9282.0,-9282.0,,Available,website maps this code to Available
1,77071c04-e39d-4d59-8fbe-c4fb3b44c0a6,2026-10-06T00:33:01.257+00:00,2026-10-06T00:33:01.435+00:00,21072-30059,washers,20632044-b,716000000,2026-10-06 00:33:01,2026-10-05 23:44:53,0,2888.0,-2888.0,,Available,website maps this code to Available
1,77071c04-e39d-4d59-8fbe-c4fb3b44c0a6,2026-10-06T00:33:01.257+00:00,2026-10-06T00:33:01.435+00:00,21072-30059,washers,20632094-b,716000000,2026-10-06 00:33:01,2026-10-05 23:51:07,0,2514.0,-2514.0,,Available,website maps this code to Available
1,77071c04-e39d-4d59-8fbe-c4fb3b44c0a6,2026-10-06T00:33:01.257+00:00,2026-10-06T00:33:01.435+00:00,21072-30059,washers,20632123-b,716000000,2026-10-06 00:33:01,2026-10-06 00:05:40,0,1641.0,-1641.0,,Available,website maps this code to Available
1,77071c04-e39d-4d59-8fbe-c4fb3b44c0a6,2026-10-06T00:33:01.257+00:00,2026-10-06T00:33:01.435+00:00,21072-30059,washers,20632098-b,616000040,2026-10-06 00:33:01,2026-10-05 22:41:51,0,6670.0,-6670.0,,Error,
1,77071c04-e39d-4d59-8fbe-c4fb3b44c0a6,2026-10-06T00:33:01.257+00:00,2026-10-06T00:33:01.435+00:00,21072-30059,dryers,20632096-a,716000000,2026-10-06 00:33:01,2026-10-06 00:01:59,0,1862.0,-1862.0,,Available,website maps this code to Available
1,77071c04-e39d-4d59-8fbe-c4fb3b44c0a6,2026-10-06T00:33:01.257+00:00,2026-10-06T00:33:01.435+00:00,21072-30059,dryers,20632096-b,716000000,2026-10-06 00:33:01,2026-10-05 23:45:56,0,2825.0,-2825.0,,Available,website maps this code to Available
1,77071c04-e39d-4d59-8fbe-c4fb3b44c0a6,2026-10-06T00:33:01.257+00:00,2026-10-06T00:33:01.435+00:00,21072-30059,dryers,20632118-a,716000000,2026-10-06 00:33:01,2026-10-06 00:02:36,0,1825.0,-1825.0,,Available,website maps this code to Available
1,77071c04-e39d-4d59-8fbe-c4fb3b44c0a6,2026-10-06T00:33:01.257+00:00,2026-10-06T00:33:01.435+00:00,21072-30059,dryers,20632035-a,716000000,2026-10-06 00:33:01,2026-10-05 04:09:25,0,73416.0,-73416.0,,Available,website maps this code to Available
1,77071c04-e39d-4d59-8fbe-c4fb3b44c0a6,2026-10-06T00:33:01.257+00:00,2026-10-06T00:33:01.435+00:00,21072-30059,dryers,20632102-a,716000000,2026-10-06 00:33:01,2026-10-05 23:10:05,0,4976.0,-4976.0,,Available,website maps this code to Available
1,77071c04-e39d-4d59-8fbe-c4fb3b44c0a6,2026-10-06T00:33:01.257+00:00,2026-10-06T00:33:01.435+00:00,21072-30059,dryers,20632060-a,716000000,2026-10-06 00:33:01,2026-10-05 23:08:19,0,5082.0,-5082.0,,Available,website maps this code to Available
1,77071c04-e39d-4d59-8fbe-c4fb3b44c0a6,2026-10-06T00:33:01.257+00:00,2026-10-06T00:33:01.435+00:00,21072-30059,dryers,20632117-a,416000000,2026-10-06 00:33:01,2026-10-06 00:07:13,45,1548.0,1152.0,20,Running,
1,77071c04-e39d-4d59-8fbe-c4fb3b44c0a6,2026-10-06T00:33:01.257+00:00,2026-10-06T00:33:01.435+00:00,21072-30059,dryers,20632037-a,416000000,2026-10-06 00:33:01,2026-10-06 00:08:17,45,1484.0,1216.0,21,Running,
1,77071c04-e39d-4d59-8fbe-c4fb3b44c0a6,2026-10-06T00:33:01.257+00:00,2026-10-06T00:33:01.435+00:00,21072-30059,dryers,20632092-a,716000000,2026-10-06 00:33:01,2026-10-06 00:00:56,0,1925.0,-1925.0,,Available,website maps this code to Available
1,77071c04-e39d-4d59-8fbe-c4fb3b44c0a6,2026-10-06T00:33:01.257+00:00,2026-10-06T00:33:01.435+00:00,21072-30059,dryers,20632128-a,716000000,2026-10-06 00:33:01,2026-10-05 23:35:18,0,3463.0,-3463.0,,Available,website maps this code to Available
1,77071c04-e39d-4d59-8fbe-c4fb3b44c0a6,2026-10-06T00:33:01.257+00:00,2026-10-06T00:33:01.435+00:00,21072-30059,dryers,20632044-a,716000000,2026-10-06 00:33:01,2026-10-05 22:54:15,0,5926.0,-5926.0,,Available,website maps this code to Available
1,77071c04-e39d-4d59-8fbe-c4fb3b44c0a6,2026-10-06T00:33:01.257+00:00,2026-10-06T00:33:01.435+00:00,21072-30059,dryers,20632094-a,416000000,2026-10-06 00:33:01,2026-10-06 00:17:12,40,949.0,1451.0,25,Running,
1,77071c04-e39d-4d59-8fbe-c4fb3b44c0a6,2026-10-06T00:33:01.257+00:00,2026-10-06T00:33:01.435+00:00,21072-30059,dryers,20632123-a,716000000,2026-10-06 00:33:01,2026-10-06 00:05:38,0,1643.0,-1643.0,,Available,website maps this code to Available
1,77071c04-e39d-4d59-8fbe-c4fb3b44c0a6,2026-10-06T00:33:01.257+00:00,2026-10-06T00:33:01.435+00:00,21072-30059,dryers,20632098-a,616000040,2026-10-06 00:33:01,2026-10-05 04:11:31,0,73290.0,-73290.0,,Error,
1,0db90882-8889-4907-b1a3-d50e06ff0f1d,2026-10-06T00:34:01.272+00:00,2026-10-06T00:34:01.453+00:00,21072-30059,washers,20632118-b,416000000,2026-10-06 00:34:01,2026-10-06 00:29:39,10,262.0,338.0,6,Running,
1,0db90882-8889-4907-b1a3-d50e06ff0f1d,2026-10-06T00:34:01.272+00:00,2026-10-06T00:34:01.453+00:00,21072-30059,washers,20632035-b,716000000,2026-10-06 00:34:01,2026-10-05 15:44:14,0,31787.0,-31787.0,,Available,website maps this code to Available
1,0db90882-8889-4907-b1a3-d50e06ff0f1d,2026-10-06T00:34:01.272+00:00,2026-10-06T00:34:01.453+00:00,21072-30059,washers,20632102-b,716000000,2026-10-06 00:34:01,2026-10-05 23:03:37,0,5424.0,-5424.0,,Available,website maps this code to Available
1,0db90882-8889-4907-b1a3-d50e06ff0f1d,2026-10-06T00:34:01.272+00:00,2026-10-06T00:34:01.453+00:00,21072-30059,washers,20632060-b,716000000,2026-10-06 00:34:01,2026-10-05 23:03:23,0,5438.0,-5438.0,,Available,website maps this code to Available
1,0db90882-8889-4907-b1a3-d50e06ff0f1d,2026-10-06T00:34:01.272+00:00,2026-10-06T00:34:01.453+00:00,21072-30059,washers,20632117-b,716000000,2026-10-06 00:34:01,2026-10-05 23:03:21,0,5440.0,-5440.0,,Available,website maps this code to Available
1,0db90882-8889-4907-b1a3-d50e06ff0f1d,2026-10-06T00:34:01.272+00:00,2026-10-06T00:34:01.453+00:00,21072-30059,washers,20632037-b,716000000,2026-10-06 00:34:01,2026-10-05 23:49:24,0,2677.0,-2677.0,,Available,website maps this code to Available
1,0db90882-8889-4907-b1a3-d50e06ff0f1d,2026-10-06T00:34:01.272+00:00,2026-10-06T00:34:01.453+00:00,21072-30059,washers,20632092-b,716000000,2026-10-06 00:34:01,2026-10-05 23:04:12,0,5389.0,-5389.0,,Available,website maps this code to Available
1,0db90882-8889-4907-b1a3-d50e06ff0f1d,2026-10-06T00:34:01.272+00:00,2026-10-06T00:34:01.453+00:00,21072-30059,washers,20632128-b,716000000,2026-10-06 00:34:01,2026-10-05 21:58:19,0,9342.0,-9342.0,,Available,website maps this code to Available
1,0db90882-8889-4907-b1a3-d50e06ff0f1d,2026-10-06T00:34:01.272+00:00,2026-10-06T00:34:01.453+00:00,21072-30059,washers,20632044-b,716000000,2026-10-06 00:34:01,2026-10-05 23:44:53,0,2948.0,-2948.0,,Available,website maps this code to Available
1,0db90882-8889-4907-b1a3-d50e06ff0f1d,2026-10-06T00:34:01.272+00:00,2026-10-06T00:34:01.453+00:00,21072-30059,washers,20632094-b,716000000,2026-10-06 00:34:01,2026-10-05 23:51:07,0,2574.0,-2574.0,,Available,website maps this code to Available
1,0db90882-8889-4907-b1a3-d50e06ff0f1d,2026-10-06T00:34:01.272+00:00,2026-10-06T00:34:01.453+00:00,21072-30059,washers,20632123-b,716000000,2026-10-06 00:34:01,2026-10-06 00:05:40,0,1701.0,-1701.0,,Available,website maps this code to Available
1,0db90882-8889-4907-b1a3-d50e06ff0f1d,2026-10-06T00:34:01.272+00:00,2026-10-06T00:34:01.453+00:00,21072-30059,washers,20632098-b,616000040,2026-10-06 00:34:01,2026-10-05 22:41:51,0,6730.0,-6730.0,,Error,
1,0db90882-8889-4907-b1a3-d50e06ff0f1d,2026-10-06T00:34:01.272+00:00,2026-10-06T00:34:01.453+00:00,21072-30059,dryers,20632096-a,716000000,2026-10-06 00:34:01,2026-10-06 00:01:59,0,1922.0,-1922.0,,Available,website maps this code to Available
1,0db90882-8889-4907-b1a3-d50e06ff0f1d,2026-10-06T00:34:01.272+00:00,2026-10-06T00:34:01.453+00:00,21072-30059,dryers,20632096-b,716000000,2026-10-06 00:34:01,2026-10-05 23:45:56,0,2885.0,-2885.0,,Available,website maps this code to Available
1,0db90882-8889-4907-b1a3-d50e06ff0f1d,2026-10-06T00:34:01.272+00:00,2026-10-06T00:34:01.453+00:00,21072-30059,dryers,20632118-a,716000000,2026-10-06 00:34:01,2026-10-06 00:02:36,0,1885.0,-1885.0,,Available,website maps this code to Available
1,0db90882-8889-4907-b1a3-d50e06ff0f1d,2026-10-06T00:34:01.272+00:00,2026-10-06T00:34:01.453+00:00,21072-30059,dryers,20632035-a,716000000,2026-10-06 00:34:01,2026-10-05 04:09:25,0,73476.0,-73476.0,,Available,website maps this code to Available
1,0db90882-8889-4907-b1a3-d50e06ff0f1d,2026-10-06T00:34:01.272+00:00,2026-10-06T00:34:01.453+00:00,21072-30059,dryers,20632102-a,716000000,2026-10-06 00:34:01,2026-10-05 23:10:05,0,5036.0,-5036.0,,Available,website maps this code to Available
1,0db90882-8889-4907-b1a3-d50e06ff0f1d,2026-10-06T00:34:01.272+00:00,2026-10-06T00:34:01.453+00:00,21072-30059,dryers,20632060-a,716000000,2026-10-06 00:34:01,2026-10-05 23:08:19,0,5142.0,-5142.0,,Available,website maps this code to Available
1,0db90882-8889-4907-b1a3-d50e06ff0f1d,2026-10-06T00:34:01.272+00:00,2026-10-06T00:34:01.453+00:00,21072-30059,dryers,20632117-a,416000000,2026-10-06 00:34:01,2026-10-06 00:07:13,45,1608.0,1092.0,19,Running,
1,0db90882-8889-4907-b1a3-d50e06ff0f1d,2026-10-06T00:34:01.272+00:00,2026-10-06T00:34:01.453+00:00,21072-30059,dryers,20632037-a,416000000,2026-10-06 00:34:01,2026-10-06 00:08:17,45,1544.0,1156.0,20,Running,
1,0db90882-8889-4907-b1a3-d50e06ff0f1d,2026-10-06T00:34:01.272+00:00,2026-10-06T00:34:01.453+00:00,21072-30059,dryers,20632092-a,716000000,2026-10-06 00:34:01,2026-10-06 00:00:56,0,1985.0,-1985.0,,Available,website maps this code to Available
1,0db90882-8889-4907-b1a3-d50e06ff0f1d,2026-10-06T00:34:01.272+00:00,2026-10-06T00:34:01.453+00:00,21072-30059,dryers,20632128-a,716000000,2026-10-06 00:34:01,2026-10-05 23:35:18,0,3523.0,-3523.0,,Available,website maps this code to Available
1,0db90882-8889-4907-b1a3-d50e06ff0f1d,2026-10-06T00:34:01.272+00:00,2026-10-06T00:34:01.453+00:00,21072-30059,dryers,20632044-a,716000000,2026-10-06 00:34:01,2026-10-05 22:54:15,0,5986.0,-5986.0,,Available,website maps this code to Available
1,0db90882-8889-4907-b1a3-d50e06ff0f1d,2026-10-06T00:34:01.272+00:00,2026-10-06T00:34:01.453+00:00,21072-30059,dryers,20632094-a,416000000,2026-10-06 00:34:01,2026-10-06 00:17:12,40,1009.0,1391.0,24,Running,
1,0db90882-8889-4907-b1a3-d50e06ff0f1d,2026-10-06T00:34:01.272+00:00,2026-10-06T00:34:01.453+00:00,21072-30059,dryers,20632123-a,716000000,2026-10-06 00:34:01,2026-10-06 00:05:38,0,1703.0,-1703.0,,Available,website maps this code to Available
1,0db90882-8889-4907-b1a3-d50e06ff0f1d,2026-10-06T00:34:01.272+00:00,2026-10-06T00:34:01.453+00:00,21072-30059,dryers,20632098-a,616000040,2026-10-06 00:34:01,2026-10-05 04:11:31,0,73350.0,-73350.0,,Error,
1,0f1cfd19-a18d-4444-94ba-12b1625d402d,2026-10-06T00:35:01.265+00:00,2026-10-06T00:35:01.462+00:00,21072-30059,washers,20632118-b,416000000,2026-10-06 00:35:01,2026-10-06 00:29:39,10,322.0,278.0,5,Running,
1,0f1cfd19-a18d-4444-94ba-12b1625d402d,2026-10-06T00:35:01.265+00:00,2026-10-06T00:35:01.462+00:00,21072-30059,washers,20632035-b,716000000,2026-10-06 00:35:01,2026-10-05 15:44:14,0,31847.0,-31847.0,,Available,website maps this code to Available
1,0f1cfd19-a18d-4444-94ba-12b1625d402d,2026-10-06T00:35:01.265+00:00,2026-10-06T00:35:01.462+00:00,21072-30059,washers,20632102-b,716000000,2026-10-06 00:35:01,2026-10-05 23:03:37,0,5484.0,-5484.0,,Available,website maps this code to Available
1,0f1cfd19-a18d-4444-94ba-12b1625d402d,2026-10-06T00:35:01.265+00:00,2026-10-06T00:35:01.462+00:00,21072-30059,washers,20632060-b,716000000,2026-10-06 00:35:01,2026-10-05 23:03:23,0,5498.0,-5498.0,,Available,website maps this code to Available
1,0f1cfd19-a18d-4444-94ba-12b1625d402d,2026-10-06T00:35:01.265+00:00,2026-10-06T00:35:01.462+00:00,21072-30059,washers,20632117-b,716000000,2026-10-06 00:35:01,2026-10-05 23:03:21,0,5500.0,-5500.0,,Available,website maps this code to Available
1,0f1cfd19-a18d-4444-94ba-12b1625d402d,2026-10-06T00:35:01.265+00:00,2026-10-06T00:35:01.462+00:00,21072-30059,washers,20632037-b,716000000,2026-10-06 00:35:01,2026-10-05 23:49:24,0,2737.0,-2737.0,,Available,website maps this code to Available
1,0f1cfd19-a18d-4444-94ba-12b1625d402d,2026-10-06T00:35:01.265+00:00,2026-10-06T00:35:01.462+00:00,21072-30059,washers,20632092-b,716000000,2026-10-06 00:35:01,2026-10-05 23:04:12,0,5449.0,-5449.0,,Available,website maps this code to Available
1,0f1cfd19-a18d-4444-94ba-12b1625d402d,2026-10-06T00:35:01.265+00:00,2026-10-06T00:35:01.462+00:00,21072-30059,washers,20632128-b,716000000,2026-10-06 00:35:01,2026-10-05 21:58:19,0,9402.0,-9402.0,,Available,website maps this code to Available
1,0f1cfd19-a18d-4444-94ba-12b1625d402d,2026-10-06T00:35:01.265+00:00,2026-10-06T00:35:01.462+00:00,21072-30059,washers,20632044-b,716000000,2026-10-06 00:35:01,2026-10-05 23:44:53,0,3008.0,-3008.0,,Available,website maps this code to Available
1,0f1cfd19-a18d-4444-94ba-12b1625d402d,2026-10-06T00:35:01.265+00:00,2026-10-06T00:35:01.462+00:00,21072-30059,washers,20632094-b,716000000,2026-10-06 00:35:01,2026-10-05 23:51:07,0,2634.0,-2634.0,,Available,website maps this code to Available
1,0f1cfd19-a18d-4444-94ba-12b1625d402d,2026-10-06T00:35:01.265+00:00,2026-10-06T00:35:01.462+00:00,21072-30059,washers,20632123-b,716000000,2026-10-06 00:35:01,2026-10-06 00:05:40,0,1761.0,-1761.0,,Available,website maps this code to Available
1,0f1cfd19-a18d-4444-94ba-12b1625d402d,2026-10-06T00:35:01.265+00:00,2026-10-06T00:35:01.462+00:00,21072-30059,washers,20632098-b,616000040,2026-10-06 00:35:01,2026-10-05 22:41:51,0,6790.0,-6790.0,,Error,
1,0f1cfd19-a18d-4444-94ba-12b1625d402d,2026-10-06T00:35:01.265+00:00,2026-10-06T00:35:01.462+00:00,21072-30059,dryers,20632096-a,716000000,2026-10-06 00:35:01,2026-10-06 00:01:59,0,1982.0,-1982.0,,Available,website maps this code to Available
1,0f1cfd19-a18d-4444-94ba-12b1625d402d,2026-10-06T00:35:01.265+00:00,2026-10-06T00:35:01.462+00:00,21072-30059,dryers,20632096-b,716000000,2026-10-06 00:35:01,2026-10-05 23:45:56,0,2945.0,-2945.0,,Available,website maps this code to Available
1,0f1cfd19-a18d-4444-94ba-12b1625d402d,2026-10-06T00:35:01.265+00:00,2026-10-06T00:35:01.462+00:00,21072-30059,dryers,20632118-a,716000000,2026-10-06 00:35:01,2026-10-06 00:02:36,0,1945.0,-1945.0,,Available,website maps this code to Available
1,0f1cfd19-a18d-4444-94ba-12b1625d402d,2026-10-06T00:35:01.265+00:00,2026-10-06T00:35:01.462+00:00,21072-30059,dryers,20632035-a,716000000,2026-10-06 00:35:01,2026-10-05 04:09:25,0,73536.0,-73536.0,,Available,website maps this code to Available
1,0f1cfd19-a18d-4444-94ba-12b1625d402d,2026-10-06T00:35:01.265+00:00,2026-10-06T00:35:01.462+00:00,21072-30059,dryers,20632102-a,716000000,2026-10-06 00:35:01,2026-10-05 23:10:05,0,5096.0,-5096.0,,Available,website maps this code to Available
1,0f1cfd19-a18d-4444-94ba-12b1625d402d,2026-10-06T00:35:01.265+00:00,2026-10-06T00:35:01.462+00:00,21072-30059,dryers,20632060-a,716000000,2026-10-06 00:35:01,2026-10-05 23:08:19,0,5202.0,-5202.0,,Available,website maps this code to Available
1,0f1cfd19-a18d-4444-94ba-12b1625d402d,2026-10-06T00:35:01.265+00:00,2026-10-06T00:35:01.462+00:00,21072-30059,dryers,20632117-a,416000000,2026-10-06 00:35:01,2026-10-06 00:07:13,45,1668.0,1032.0,18,Running,
1,0f1cfd19-a18d-4444-94ba-12b1625d402d,2026-10-06T00:35:01.265+00:00,2026-10-06T00:35:01.462+00:00,21072-30059,dryers,20632037-a,416000000,2026-10-06 00:35:01,2026-10-06 00:08:17,45,1604.0,1096.0,19,Running,
1,0f1cfd19-a18d-4444-94ba-12b1625d402d,2026-10-06T00:35:01.265+00:00,2026-10-06T00:35:01.462+00:00,21072-30059,dryers,20632092-a,716000000,2026-10-06 00:35:01,2026-10-06 00:00:56,0,2045.0,-2045.0,,Available,website maps this code to Available
1,0f1cfd19-a18d-4444-94ba-12b1625d402d,2026-10-06T00:35:01.265+00:00,2026-10-06T00:35:01.462+00:00,21072-30059,dryers,20632128-a,716000000,2026-10-06 00:35:01,2026-10-05 23:35:18,0,3583.0,-3583.0,,Available,website maps this code to Available
1,0f1cfd19-a18d-4444-94ba-12b1625d402d,2026-10-06T00:35:01.265+00:00,2026-10-06T00:35:01.462+00:00,21072-30059,dryers,20632044-a,716000000,2026-10-06 00:35:01,2026-10-05 22:54:15,0,6046.0,-6046.0,,Available,website maps this code to Available
1,0f1cfd19-a18d-4444-94ba-12b1625d402d,2026-10-06T00:35:01.265+00:00,2026-10-06T00:35:01.462+00:00,21072-30059,dryers,20632094-a,416000000,2026-10-06 00:35:01,2026-10-06 00:17:12,40,1069.0,1331.0,23,Running,
1,0f1cfd19-a18d-4444-94ba-12b1625d402d,2026-10-06T00:35:01.265+00:00,2026-10-06T00:35:01.462+00:00,21072-30059,dryers,20632123-a,716000000,2026-10-06 00:35:01,2026-10-06 00:05:38,0,1763.0,-1763.0,,Available,website maps this code to Available
1,0f1cfd19-a18d-4444-94ba-12b1625d402d,2026-10-06T00:35:01.265+00:00,2026-10-06T00:35:01.462+00:00,21072-30059,dryers,20632098-a,616000040,2026-10-06 00:35:01,2026-10-05 04:11:31,0,73410.0,-73410.0,,Error,
1,54586daa-a27b-4e14-8305-9f4e880ed7aa,2026-10-06T00:36:01.278+00:00,2026-10-06T00:36:01.469+00:00,21072-30059,washers,20632118-b,416000000,2026-10-06 00:36:01,2026-10-06 00:29:39,10,382.0,218.0,4,Running,
1,54586daa-a27b-4e14-8305-9f4e880ed7aa,2026-10-06T00:36:01.278+00:00,2026-10-06T00:36:01.469+00:00,21072-30059,washers,20632035-b,716000000,2026-10-06 00:36:01,2026-10-05 15:44:14,0,31907.0,-31907.0,,Available,website maps this code to Available
1,54586daa-a27b-4e14-8305-9f4e880ed7aa,2026-10-06T00:36:01.278+00:00,2026-10-06T00:36:01.469+00:00,21072-30059,washers,20632102-b,716000000,2026-10-06 00:36:01,2026-10-05 23:03:37,0,5544.0,-5544.0,,Available,website maps this code to Available
1,54586daa-a27b-4e14-8305-9f4e880ed7aa,2026-10-06T00:36:01.278+00:00,2026-10-06T00:36:01.469+00:00,21072-30059,washers,20632060-b,716000000,2026-10-06 00:36:01,2026-10-05 23:03:23,0,5558.0,-5558.0,,Available,website maps this code to Available
1,54586daa-a27b-4e14-8305-9f4e880ed7aa,2026-10-06T00:36:01.278+00:00,2026-10-06T00:36:01.469+00:00,21072-30059,washers,20632117-b,716000000,2026-10-06 00:36:01,2026-10-05 23:03:21,0,5560.0,-5560.0,,Available,website maps this code to Available
1,54586daa-a27b-4e14-8305-9f4e880ed7aa,2026-10-06T00:36:01.278+00:00,2026-10-06T00:36:01.469+00:00,21072-30059,washers,20632037-b,716000000,2026-10-06 00:36:01,2026-10-05 23:49:24,0,2797.0,-2797.0,,Available,website maps this code to Available
1,54586daa-a27b-4e14-8305-9f4e880ed7aa,2026-10-06T00:36:01.278+00:00,2026-10-06T00:36:01.469+00:00,21072-30059,washers,20632092-b,716000000,2026-10-06 00:36:01,2026-10-05 23:04:12,0,5509.0,-5509.0,,Available,website maps this code to Available
1,54586daa-a27b-4e14-8305-9f4e880ed7aa,2026-10-06T00:36:01.278+00:00,2026-10-06T00:36:01.469+00:00,21072-30059,washers,20632128-b,716000000,2026-10-06 00:36:01,2026-10-05 21:58:19,0,9462.0,-9462.0,,Available,website maps this code to Available
1,54586daa-a27b-4e14-8305-9f4e880ed7aa,2026-10-06T00:36:01.278+00:00,2026-10-06T00:36:01.469+00:00,21072-30059,washers,20632044-b,716000000,2026-10-06 00:36:01,2026-10-05 23:44:53,0,3068.0,-3068.0,,Available,website maps this code to Available
1,54586daa-a27b-4e14-8305-9f4e880ed7aa,2026-10-06T00:36:01.278+00:00,2026-10-06T00:36:01.469+00:00,21072-30059,washers,20632094-b,716000000,2026-10-06 00:36:01,2026-10-05 23:51:07,0,2694.0,-2694.0,,Available,website maps this code to Available
1,54586daa-a27b-4e14-8305-9f4e880ed7aa,2026-10-06T00:36:01.278+00:00,2026-10-06T00:36:01.469+00:00,21072-30059,washers,20632123-b,716000000,2026-10-06 00:36:01,2026-10-06 00:05:40,0,1821.0,-1821.0,,Available,website maps this code to Available
1,54586daa-a27b-4e14-8305-9f4e880ed7aa,2026-10-06T00:36:01.278+00:00,2026-10-06T00:36:01.469+00:00,21072-30059,washers,20632098-b,616000040,2026-10-06 00:36:01,2026-10-05 22:41:51,0,6850.0,-6850.0,,Error,
1,54586daa-a27b-4e14-8305-9f4e880ed7aa,2026-10-06T00:36:01.278+00:00,2026-10-06T00:36:01.469+00:00,21072-30059,dryers,20632096-a,716000000,2026-10-06 00:36:01,2026-10-06 00:01:59,0,2042.0,-2042.0,,Available,website maps this code to Available
1,54586daa-a27b-4e14-8305-9f4e880ed7aa,2026-10-06T00:36:01.278+00:00,2026-10-06T00:36:01.469+00:00,21072-30059,dryers,20632096-b,716000000,2026-10-06 00:36:01,2026-10-05 23:45:56,0,3005.0,-3005.0,,Available,website maps this code to Available
1,54586daa-a27b-4e14-8305-9f4e880ed7aa,2026-10-06T00:36:01.278+00:00,2026-10-06T00:36:01.469+00:00,21072-30059,dryers,20632118-a,716000000,2026-10-06 00:36:01,2026-10-06 00:02:36,0,2005.0,-2005.0,,Available,website maps this code to Available
1,54586daa-a27b-4e14-8305-9f4e880ed7aa,2026-10-06T00:36:01.278+00:00,2026-10-06T00:36:01.469+00:00,21072-30059,dryers,20632035-a,716000000,2026-10-06 00:36:01,2026-10-05 04:09:25,0,73596.0,-73596.0,,Available,website maps this code to Available
1,54586daa-a27b-4e14-8305-9f4e880ed7aa,2026-10-06T00:36:01.278+00:00,2026-10-06T00:36:01.469+00:00,21072-30059,dryers,20632102-a,716000000,2026-10-06 00:36:01,2026-10-05 23:10:05,0,5156.0,-5156.0,,Available,website maps this code to Available
1,54586daa-a27b-4e14-8305-9f4e880ed7aa,2026-10-06T00:36:01.278+00:00,2026-10-06T00:36:01.469+00:00,21072-30059,dryers,20632060-a,716000000,2026-10-06 00:36:01,2026-10-05 23:08:19,0,5262.0,-5262.0,,Available,website maps this code to Available
1,54586daa-a27b-4e14-8305-9f4e880ed7aa,2026-10-06T00:36:01.278+00:00,2026-10-06T00:36:01.469+00:00,21072-30059,dryers,20632117-a,416000000,2026-10-06 00:36:01,2026-10-06 00:07:13,45,1728.0,972.0,17,Running,
1,54586daa-a27b-4e14-8305-9f4e880ed7aa,2026-10-06T00:36:01.278+00:00,2026-10-06T00:36:01.469+00:00,21072-30059,dryers,20632037-a,416000000,2026-10-06 00:36:01,2026-10-06 00:08:17,45,1664.0,1036.0,18,Running,
1,54586daa-a27b-4e14-8305-9f4e880ed7aa,2026-10-06T00:36:01.278+00:00,2026-10-06T00:36:01.469+00:00,21072-30059,dryers,20632092-a,716000000,2026-10-06 00:36:01,2026-10-06 00:00:56,0,2105.0,-2105.0,,Available,website maps this code to Available
1,54586daa-a27b-4e14-8305-9f4e880ed7aa,2026-10-06T00:36:01.278+00:00,2026-10-06T00:36:01.469+00:00,21072-30059,dryers,20632128-a,716000000,2026-10-06 00:36:01,2026-10-05 23:35:18,0,3643.0,-3643.0,,Available,website maps this code to Available
1,54586daa-a27b-4e14-8305-9f4e880ed7aa,2026-10-06T00:36:01.278+00:00,2026-10-06T00:36:01.469+00:00,21072-30059,dryers,20632044-a,716000000,2026-10-06 00:36:01,2026-10-05 22:54:15,0,6106.0,-6106.0,,Available,website maps this code to Available
1,54586daa-a27b-4e14-8305-9f4e880ed7aa,2026-10-06T00:36:01.278+00:00,2026-10-06T00:36:01.469+00:00,21072-30059,dryers,20632094-a,416000000,2026-10-06 00:36:01,2026-10-06 00:17:12,40,1129.0,1271.0,22,Running,
1,54586daa-a27b-4e14-8305-9f4e880ed7aa,2026-10-06T00:36:01.278+00:00,2026-10-06T00:36:01.469+00:00,21072-30059,dryers,20632123-a,716000000,2026-10-06 00:36:01,2026-10-06 00:05:38,0,1823.0,-1823.0,,Available,website maps this code to Available
1,54586daa-a27b-4e14-8305-9f4e880ed7aa,2026-10-06T00:36:01.278+00:00,2026-10-06T00:36:01.469+00:00,21072-30059,dryers,20632098-a,616000040,2026-10-06 00:36:01,2026-10-05 04:11:31,0,73470.0,-73470.0,,Error,
1,bab5191a-0666-4850-b122-49dede584cbe,2026-10-06T00:37:01.250+00:00,2026-10-06T00:37:01.472+00:00,21072-30059,washers,20632118-b,416000000,2026-10-06 00:37:01,2026-10-06 00:29:39,10,442.0,158.0,3,Running,
1,bab5191a-0666-4850-b122-49dede584cbe,2026-10-06T00:37:01.250+00:00,2026-10-06T00:37:01.472+00:00,21072-30059,washers,20632035-b,716000000,2026-10-06 00:37:01,2026-10-05 15:44:14,0,31967.0,-31967.0,,Available,website maps this code to Available
1,bab5191a-0666-4850-b122-49dede584cbe,2026-10-06T00:37:01.250+00:00,2026-10-06T00:37:01.472+00:00,21072-30059,washers,20632102-b,716000000,2026-10-06 00:37:01,2026-10-05 23:03:37,0,5604.0,-5604.0,,Available,website maps this code to Available
1,bab5191a-0666-4850-b122-49dede584cbe,2026-10-06T00:37:01.250+00:00,2026-10-06T00:37:01.472+00:00,21072-30059,washers,20632060-b,716000000,2026-10-06 00:37:01,2026-10-05 23:03:23,0,5618.0,-5618.0,,Available,website maps this code to Available
1,bab5191a-0666-4850-b122-49dede584cbe,2026-10-06T00:37:01.250+00:00,2026-10-06T00:37:01.472+00:00,21072-30059,washers,20632117-b,716000000,2026-10-06 00:37:01,2026-10-05 23:03:21,0,5620.0,-5620.0,,Available,website maps this code to Available
1,bab5191a-0666-4850-b122-49dede584cbe,2026-10-06T00:37:01.250+00:00,2026-10-06T00:37:01.472+00:00,21072-30059,washers,20632037-b,716000000,2026-10-06 00:37:01,2026-10-05 23:49:24,0,2857.0,-2857.0,,Available,website maps this code to Available
1,bab5191a-0666-4850-b122-49dede584cbe,2026-10-06T00:37:01.250+00:00,2026-10-06T00:37:01.472+00:00,21072-30059,washers,20632092-b,716000000,2026-10-06 00:37:01,2026-10-05 23:04:12,0,5569.0,-5569.0,,Available,website maps this code to Available
1,bab5191a-0666-4850-b122-49dede584cbe,2026-10-06T00:37:01.250+00:00,2026-10-06T00:37:01.472+00:00,21072-30059,washers,20632128-b,716000000,2026-10-06 00:37:01,2026-10-05 21:58:19,0,9522.0,-9522.0,,Available,website maps this code to Available
1,bab5191a-0666-4850-b122-49dede584cbe,2026-10-06T00:37:01.250+00:00,2026-10-06T00:37:01.472+00:00,21072-30059,washers,20632044-b,716000000,2026-10-06 00:37:01,2026-10-05 23:44:53,0,3128.0,-3128.0,,Available,website maps this code to Available
1,bab5191a-0666-4850-b122-49dede584cbe,2026-10-06T00:37:01.250+00:00,2026-10-06T00:37:01.472+00:00,21072-30059,washers,20632094-b,716000000,2026-10-06 00:37:01,2026-10-05 23:51:07,0,2754.0,-2754.0,,Available,website maps this code to Available
1,bab5191a-0666-4850-b122-49dede584cbe,2026-10-06T00:37:01.250+00:00,2026-10-06T00:37:01.472+00:00,21072-30059,washers,20632123-b,716000000,2026-10-06 00:37:01,2026-10-06 00:05:40,0,1881.0,-1881.0,,Available,website maps this code to Available
1,bab5191a-0666-4850-b122-49dede584cbe,2026-10-06T00:37:01.250+00:00,2026-10-06T00:37:01.472+00:00,21072-30059,washers,20632098-b,616000040,2026-10-06 00:37:01,2026-10-05 22:41:51,0,6910.0,-6910.0,,Error,
1,bab5191a-0666-4850-b122-49dede584cbe,2026-10-06T00:37:01.250+00:00,2026-10-06T00:37:01.472+00:00,21072-30059,dryers,20632096-a,716000000,2026-10-06 00:37:01,2026-10-06 00:01:59,0,2102.0,-2102.0,,Available,website maps this code to Available
1,bab5191a-0666-4850-b122-49dede584cbe,2026-10-06T00:37:01.250+00:00,2026-10-06T00:37:01.472+00:00,21072-30059,dryers,20632096-b,716000000,2026-10-06 00:37:01,2026-10-05 23:45:56,0,3065.0,-3065.0,,Available,website maps this code to Available
1,bab5191a-0666-4850-b122-49dede584cbe,2026-10-06T00:37:01.250+00:00,2026-10-06T00:37:01.472+00:00,21072-30059,dryers,20632118-a,716000000,2026-10-06 00:37:01,2026-10-06 00:02:36,0,2065.0,-2065.0,,Available,website maps this code to Available
1,bab5191a-0666-4850-b122-49dede584cbe,2026-10-06T00:37:01.250+00:00,2026-10-06T00:37:01.472+00:00,21072-30059,dryers,20632035-a,716000000,2026-10-06 00:37:01,2026-10-05 04:09:25,0,73656.0,-73656.0,,Available,website maps this code to Available
1,bab5191a-0666-4850-b122-49dede584cbe,2026-10-06T00:37:01.250+00:00,2026-10-06T00:37:01.472+00:00,21072-30059,dryers,20632102-a,716000000,2026-10-06 00:37:01,2026-10-05 23:10:05,0,5216.0,-5216.0,,Available,website maps this code to Available
1,bab5191a-0666-4850-b122-49dede584cbe,2026-10-06T00:37:01.250+00:00,2026-10-06T00:37:01.472+00:00,21072-30059,dryers,20632060-a,716000000,2026-10-06 00:37:01,2026-10-05 23:08:19,0,5322.0,-5322.0,,Available,website maps this code to Available
1,bab5191a-0666-4850-b122-49dede584cbe,2026-10-06T00:37:01.250+00:00,2026-10-06T00:37:01.472+00:00,21072-30059,dryers,20632117-a,416000000,2026-10-06 00:37:01,2026-10-06 00:07:13,45,1788.0,912.0,16,Running,
1,bab5191a-0666-4850-b122-49dede584cbe,2026-10-06T00:37:01.250+00:00,2026-10-06T00:37:01.472+00:00,21072-30059,dryers,20632037-a,416000000,2026-10-06 00:37:01,2026-10-06 00:08:17,45,1724.0,976.0,17,Running,
1,bab5191a-0666-4850-b122-49dede584cbe,2026-10-06T00:37:01.250+00:00,2026-10-06T00:37:01.472+00:00,21072-30059,dryers,20632092-a,716000000,2026-10-06 00:37:01,2026-10-06 00:00:56,0,2165.0,-2165.0,,Available,website maps this code to Available
1,bab5191a-0666-4850-b122-49dede584cbe,2026-10-06T00:37:01.250+00:00,2026-10-06T00:37:01.472+00:00,21072-30059,dryers,20632128-a,716000000,2026-10-06 00:37:01,2026-10-05 23:35:18,0,3703.0,-3703.0,,Available,website maps this code to Available
1,bab5191a-0666-4850-b122-49dede584cbe,2026-10-06T00:37:01.250+00:00,2026-10-06T00:37:01.472+00:00,21072-30059,dryers,20632044-a,716000000,2026-10-06 00:37:01,2026-10-05 22:54:15,0,6166.0,-6166.0,,Available,website maps this code to Available
1,bab5191a-0666-4850-b122-49dede584cbe,2026-10-06T00:37:01.250+00:00,2026-10-06T00:37:01.472+00:00,21072-30059,dryers,20632094-a,416000000,2026-10-06 00:37:01,2026-10-06 00:17:12,40,1189.0,1211.0,21,Running,
1,bab5191a-0666-4850-b122-49dede584cbe,2026-10-06T00:37:01.250+00:00,2026-10-06T00:37:01.472+00:00,21072-30059,dryers,20632123-a,716000000,2026-10-06 00:37:01,2026-10-06 00:05:38,0,1883.0,-1883.0,,Available,website maps this code to Available
1,bab5191a-0666-4850-b122-49dede584cbe,2026-10-06T00:37:01.250+00:00,2026-10-06T00:37:01.472+00:00,21072-30059,dryers,20632098-a,616000040,2026-10-06 00:37:01,2026-10-05 04:11:31,0,73530.0,-73530.0,,Error,
1,d9ea443f-a6b2-499d-8922-cd985a703457,2026-10-06T00:38:01.259+00:00,2026-10-06T00:38:01.465+00:00,21072-30059,washers,20632118-b,416000000,2026-10-06 00:38:01,2026-10-06 00:29:39,10,502.0,98.0,2,Running,
1,d9ea443f-a6b2-499d-8922-cd985a703457,2026-10-06T00:38:01.259+00:00,2026-10-06T00:38:01.465+00:00,21072-30059,washers,20632035-b,716000000,2026-10-06 00:38:01,2026-10-05 15:44:14,0,32027.0,-32027.0,,Available,website maps this code to Available
1,d9ea443f-a6b2-499d-8922-cd985a703457,2026-10-06T00:38:01.259+00:00,2026-10-06T00:38:01.465+00:00,21072-30059,washers,20632102-b,716000000,2026-10-06 00:38:01,2026-10-05 23:03:37,0,5664.0,-5664.0,,Available,website maps this code to Available
1,d9ea443f-a6b2-499d-8922-cd985a703457,2026-10-06T00:38:01.259+00:00,2026-10-06T00:38:01.465+00:00,21072-30059,washers,20632060-b,716000000,2026-10-06 00:38:01,2026-10-05 23:03:23,0,5678.0,-5678.0,,Available,website maps this code to Available
1,d9ea443f-a6b2-499d-8922-cd985a703457,2026-10-06T00:38:01.259+00:00,2026-10-06T00:38:01.465+00:00,21072-30059,washers,20632117-b,716000000,2026-10-06 00:38:01,2026-10-05 23:03:21,0,5680.0,-5680.0,,Available,website maps this code to Available
1,d9ea443f-a6b2-499d-8922-cd985a703457,2026-10-06T00:38:01.259+00:00,2026-10-06T00:38:01.465+00:00,21072-30059,washers,20632037-b,716000000,2026-10-06 00:38:01,2026-10-05 23:49:24,0,2917.0,-2917.0,,Available,website maps this code to Available
1,d9ea443f-a6b2-499d-8922-cd985a703457,2026-10-06T00:38:01.259+00:00,2026-10-06T00:38:01.465+00:00,21072-30059,washers,20632092-b,716000000,2026-10-06 00:38:01,2026-10-05 23:04:12,0,5629.0,-5629.0,,Available,website maps this code to Available
1,d9ea443f-a6b2-499d-8922-cd985a703457,2026-10-06T00:38:01.259+00:00,2026-10-06T00:38:01.465+00:00,21072-30059,washers,20632128-b,716000000,2026-10-06 00:38:01,2026-10-05 21:58:19,0,9582.0,-9582.0,,Available,website maps this code to Available
1,d9ea443f-a6b2-499d-8922-cd985a703457,2026-10-06T00:38:01.259+00:00,2026-10-06T00:38:01.465+00:00,21072-30059,washers,20632044-b,716000000,2026-10-06 00:38:01,2026-10-05 23:44:53,0,3188.0,-3188.0,,Available,website maps this code to Available
1,d9ea443f-a6b2-499d-8922-cd985a703457,2026-10-06T00:38:01.259+00:00,2026-10-06T00:38:01.465+00:00,21072-30059,washers,20632094-b,716000000,2026-10-06 00:38:01,2026-10-05 23:51:07,0,2814.0,-2814.0,,Available,website maps this code to Available
1,d9ea443f-a6b2-499d-8922-cd985a703457,2026-10-06T00:38:01.259+00:00,2026-10-06T00:38:01.465+00:00,21072-30059,washers,20632123-b,716000000,2026-10-06 00:38:01,2026-10-06 00:05:40,0,1941.0,-1941.0,,Available,website maps this code to Available
1,d9ea443f-a6b2-499d-8922-cd985a703457,2026-10-06T00:38:01.259+00:00,2026-10-06T00:38:01.465+00:00,21072-30059,washers,20632098-b,616000040,2026-10-06 00:38:01,2026-10-05 22:41:51,0,6970.0,-6970.0,,Error,
1,d9ea443f-a6b2-499d-8922-cd985a703457,2026-10-06T00:38:01.259+00:00,2026-10-06T00:38:01.465+00:00,21072-30059,dryers,20632096-a,716000000,2026-10-06 00:38:01,2026-10-06 00:01:59,0,2162.0,-2162.0,,Available,website maps this code to Available
1,d9ea443f-a6b2-499d-8922-cd985a703457,2026-10-06T00:38:01.259+00:00,2026-10-06T00:38:01.465+00:00,21072-30059,dryers,20632096-b,716000000,2026-10-06 00:38:01,2026-10-05 23:45:56,0,3125.0,-3125.0,,Available,website maps this code to Available
1,d9ea443f-a6b2-499d-8922-cd985a703457,2026-10-06T00:38:01.259+00:00,2026-10-06T00:38:01.465+00:00,21072-30059,dryers,20632118-a,716000000,2026-10-06 00:38:01,2026-10-06 00:02:36,0,2125.0,-2125.0,,Available,website maps this code to Available
1,d9ea443f-a6b2-499d-8922-cd985a703457,2026-10-06T00:38:01.259+00:00,2026-10-06T00:38:01.465+00:00,21072-30059,dryers,20632035-a,716000000,2026-10-06 00:38:01,2026-10-05 04:09:25,0,73716.0,-73716.0,,Available,website maps this code to Available
1,d9ea443f-a6b2-499d-8922-cd985a703457,2026-10-06T00:38:01.259+00:00,2026-10-06T00:38:01.465+00:00,21072-30059,dryers,20632102-a,716000000,2026-10-06 00:38:01,2026-10-05 23:10:05,0,5276.0,-5276.0,,Available,website maps this code to Available
1,d9ea443f-a6b2-499d-8922-cd985a703457,2026-10-06T00:38:01.259+00:00,2026-10-06T00:38:01.465+00:00,21072-30059,dryers,20632060-a,716000000,2026-10-06 00:38:01,2026-10-05 23:08:19,0,5382.0,-5382.0,,Available,website maps this code to Available
1,d9ea443f-a6b2-499d-8922-cd985a703457,2026-10-06T00:38:01.259+00:00,2026-10-06T00:38:01.465+00:00,21072-30059,dryers,20632117-a,416000000,2026-10-06 00:38:01,2026-10-06 00:07:13,45,1848.0,852.0,15,Running,
1,d9ea443f-a6b2-499d-8922-cd985a703457,2026-10-06T00:38:01.259+00:00,2026-10-06T00:38:01.465+00:00,21072-30059,dryers,20632037-a,416000000,2026-10-06 00:38:01,2026-10-06 00:08:17,45,1784.0,916.0,16,Running,
1,d9ea443f-a6b2-499d-8922-cd985a703457,2026-10-06T00:38:01.259+00:00,2026-10-06T00:38:01.465+00:00,21072-30059,dryers,20632092-a,716000000,2026-10-06 00:38:01,2026-10-06 00:00:56,0,2225.0,-2225.0,,Available,website maps this code to Available
1,d9ea443f-a6b2-499d-8922-cd985a703457,2026-10-06T00:38:01.259+00:00,2026-10-06T00:38:01.465+00:00,21072-30059,dryers,20632128-a,716000000,2026-10-06 00:38:01,2026-10-05 23:35:18,0,3763.0,-3763.0,,Available,website maps this code to Available
1,d9ea443f-a6b2-499d-8922-cd985a703457,2026-10-06T00:38:01.259+00:00,2026-10-06T00:38:01.465+00:00,21072-30059,dryers,20632044-a,716000000,2026-10-06 00:38:01,2026-10-05 22:54:15,0,6226.0,-6226.0,,Available,website maps this code to Available
1,d9ea443f-a6b2-499d-8922-cd985a703457,2026-10-06T00:38:01.259+00:00,2026-10-06T00:38:01.465+00:00,21072-30059,dryers,20632094-a,416000000,2026-10-06 00:38:01,2026-10-06 00:17:12,40,1249.0,1151.0,20,Running,
1,d9ea443f-a6b2-499d-8922-cd985a703457,2026-10-06T00:38:01.259+00:00,2026-10-06T00:38:01.465+00:00,21072-30059,dryers,20632123-a,716000000,2026-10-06 00:38:01,2026-10-06 00:05:38,0,1943.0,-1943.0,,Available,website maps this code to Available
1,d9ea443f-a6b2-499d-8922-cd985a703457,2026-10-06T00:38:01.259+00:00,2026-10-06T00:38:01.465+00:00,21072-30059,dryers,20632098-a,616000040,2026-10-06 00:38:01,2026-10-05 04:11:31,0,73590.0,-73590.0,,Error,
1,755702c4-1bff-4092-982b-d27072abbe41,2026-10-06T00:39:01.245+00:00,2026-10-06T00:39:01.432+00:00,21072-30059,washers,20632118-b,416000000,2026-10-06 00:39:01,2026-10-06 00:29:39,10,562.0,38.0,1,Running,
1,755702c4-1bff-4092-982b-d27072abbe41,2026-10-06T00:39:01.245+00:00,2026-10-06T00:39:01.432+00:00,21072-30059,washers,20632035-b,716000000,2026-10-06 00:39:01,2026-10-05 15:44:14,0,32087.0,-32087.0,,Available,website maps this code to Available
1,755702c4-1bff-4092-982b-d27072abbe41,2026-10-06T00:39:01.245+00:00,2026-10-06T00:39:01.432+00:00,21072-30059,washers,20632102-b,716000000,2026-10-06 00:39:01,2026-10-05 23:03:37,0,5724.0,-5724.0,,Available,website maps this code to Available
1,755702c4-1bff-4092-982b-d27072abbe41,2026-10-06T00:39:01.245+00:00,2026-10-06T00:39:01.432+00:00,21072-30059,washers,20632060-b,716000000,2026-10-06 00:39:01,2026-10-05 23:03:23,0,5738.0,-5738.0,,Available,website maps this code to Available
1,755702c4-1bff-4092-982b-d27072abbe41,2026-10-06T00:39:01.245+00:00,2026-10-06T00:39:01.432+00:00,21072-30059,washers,20632117-b,716000000,2026-10-06 00:39:01,2026-10-05 23:03:21,0,5740.0,-5740.0,,Available,website maps this code to Available
1,755702c4-1bff-4092-982b-d27072abbe41,2026-10-06T00:39:01.245+00:00,2026-10-06T00:39:01.432+00:00,21072-30059,washers,20632037-b,716000000,2026-10-06 00:39:01,2026-10-05 23:49:24,0,2977.0,-2977.0,,Available,website maps this code to Available
1,755702c4-1bff-4092-982b-d27072abbe41,2026-10-06T00:39:01.245+00:00,2026-10-06T00:39:01.432+00:00,21072-30059,washers,20632092-b,716000000,2026-10-06 00:39:01,2026-10-05 23:04:12,0,5689.0,-5689.0,,Available,website maps this code to Available
1,755702c4-1bff-4092-982b-d27072abbe41,2026-10-06T00:39:01.245+00:00,2026-10-06T00:39:01.432+00:00,21072-30059,washers,20632128-b,716000000,2026-10-06 00:39:01,2026-10-05 21:58:19,0,9642.0,-9642.0,,Available,website maps this code to Available
1,755702c4-1bff-4092-982b-d27072abbe41,2026-10-06T00:39:01.245+00:00,2026-10-06T00:39:01.432+00:00,21072-30059,washers,20632044-b,716000000,2026-10-06 00:39:01,2026-10-05 23:44:53,0,3248.0,-3248.0,,Available,website maps this code to Available
1,755702c4-1bff-4092-982b-d27072abbe41,2026-10-06T00:39:01.245+00:00,2026-10-06T00:39:01.432+00:00,21072-30059,washers,20632094-b,716000000,2026-10-06 00:39:01,2026-10-05 23:51:07,0,2874.0,-2874.0,,Available,website maps this code to Available
1,755702c4-1bff-4092-982b-d27072abbe41,2026-10-06T00:39:01.245+00:00,2026-10-06T00:39:01.432+00:00,21072-30059,washers,20632123-b,716000000,2026-10-06 00:39:01,2026-10-06 00:05:40,0,2001.0,-2001.0,,Available,website maps this code to Available
1,755702c4-1bff-4092-982b-d27072abbe41,2026-10-06T00:39:01.245+00:00,2026-10-06T00:39:01.432+00:00,21072-30059,washers,20632098-b,616000040,2026-10-06 00:39:01,2026-10-05 22:41:51,0,7030.0,-7030.0,,Error,
1,755702c4-1bff-4092-982b-d27072abbe41,2026-10-06T00:39:01.245+00:00,2026-10-06T00:39:01.432+00:00,21072-30059,dryers,20632096-a,716000000,2026-10-06 00:39:01,2026-10-06 00:01:59,0,2222.0,-2222.0,,Available,website maps this code to Available
1,755702c4-1bff-4092-982b-d27072abbe41,2026-10-06T00:39:01.245+00:00,2026-10-06T00:39:01.432+00:00,21072-30059,dryers,20632096-b,716000000,2026-10-06 00:39:01,2026-10-05 23:45:56,0,3185.0,-3185.0,,Available,website maps this code to Available
1,755702c4-1bff-4092-982b-d27072abbe41,2026-10-06T00:39:01.245+00:00,2026-10-06T00:39:01.432+00:00,21072-30059,dryers,20632118-a,716000000,2026-10-06 00:39:01,2026-10-06 00:02:36,0,2185.0,-2185.0,,Available,website maps this code to Available
1,755702c4-1bff-4092-982b-d27072abbe41,2026-10-06T00:39:01.245+00:00,2026-10-06T00:39:01.432+00:00,21072-30059,dryers,20632035-a,716000000,2026-10-06 00:39:01,2026-10-05 04:09:25,0,73776.0,-73776.0,,Available,website maps this code to Available
1,755702c4-1bff-4092-982b-d27072abbe41,2026-10-06T00:39:01.245+00:00,2026-10-06T00:39:01.432+00:00,21072-30059,dryers,20632102-a,716000000,2026-10-06 00:39:01,2026-10-05 23:10:05,0,5336.0,-5336.0,,Available,website maps this code to Available
1,755702c4-1bff-4092-982b-d27072abbe41,2026-10-06T00:39:01.245+00:00,2026-10-06T00:39:01.432+00:00,21072-30059,dryers,20632060-a,716000000,2026-10-06 00:39:01,2026-10-05 23:08:19,0,5442.0,-5442.0,,Available,website maps this code to Available
1,755702c4-1bff-4092-982b-d27072abbe41,2026-10-06T00:39:01.245+00:00,2026-10-06T00:39:01.432+00:00,21072-30059,dryers,20632117-a,416000000,2026-10-06 00:39:01,2026-10-06 00:07:13,45,1908.0,792.0,14,Running,
1,755702c4-1bff-4092-982b-d27072abbe41,2026-10-06T00:39:01.245+00:00,2026-10-06T00:39:01.432+00:00,21072-30059,dryers,20632037-a,416000000,2026-10-06 00:39:01,2026-10-06 00:08:17,45,1844.0,856.0,15,Running,
1,755702c4-1bff-4092-982b-d27072abbe41,2026-10-06T00:39:01.245+00:00,2026-10-06T00:39:01.432+00:00,21072-30059,dryers,20632092-a,716000000,2026-10-06 00:39:01,2026-10-06 00:00:56,0,2285.0,-2285.0,,Available,website maps this code to Available
1,755702c4-1bff-4092-982b-d27072abbe41,2026-10-06T00:39:01.245+00:00,2026-10-06T00:39:01.432+00:00,21072-30059,dryers,20632128-a,716000000,2026-10-06 00:39:01,2026-10-05 23:35:18,0,3823.0,-3823.0,,Available,website maps this code to Available
1,755702c4-1bff-4092-982b-d27072abbe41,2026-10-06T00:39:01.245+00:00,2026-10-06T00:39:01.432+00:00,21072-30059,dryers,20632044-a,716000000,2026-10-06 00:39:01,2026-10-05 22:54:15,0,6286.0,-6286.0,,Available,website maps this code to Available
1,755702c4-1bff-4092-982b-d27072abbe41,2026-10-06T00:39:01.245+00:00,2026-10-06T00:39:01.432+00:00,21072-30059,dryers,20632094-a,416000000,2026-10-06 00:39:01,2026-10-06 00:17:12,40,1309.0,1091.0,19,Running,
1,755702c4-1bff-4092-982b-d27072abbe41,2026-10-06T00:39:01.245+00:00,2026-10-06T00:39:01.432+00:00,21072-30059,dryers,20632123-a,716000000,2026-10-06 00:39:01,2026-10-06 00:05:38,0,2003.0,-2003.0,,Available,website maps this code to Available
1,755702c4-1bff-4092-982b-d27072abbe41,2026-10-06T00:39:01.245+00:00,2026-10-06T00:39:01.432+00:00,21072-30059,dryers,20632098-a,616000040,2026-10-06 00:39:01,2026-10-05 04:11:31,0,73650.0,-73650.0,,Error,
1,244930d7-866b-4861-8f9f-9687b7f3aa95,2026-10-06T00:40:00.823+00:00,2026-10-06T00:40:00.990+00:00,21072-30059,washers,20632118-b,416000000,2026-10-06 00:40:00,2026-10-06 00:39:20,2,40.0,80.0,2,Running,
1,244930d7-866b-4861-8f9f-9687b7f3aa95,2026-10-06T00:40:00.823+00:00,2026-10-06T00:40:00.990+00:00,21072-30059,washers,20632035-b,716000000,2026-10-06 00:40:00,2026-10-05 15:44:14,0,32146.0,-32146.0,,Available,website maps this code to Available
1,244930d7-866b-4861-8f9f-9687b7f3aa95,2026-10-06T00:40:00.823+00:00,2026-10-06T00:40:00.990+00:00,21072-30059,washers,20632102-b,716000000,2026-10-06 00:40:00,2026-10-05 23:03:37,0,5783.0,-5783.0,,Available,website maps this code to Available
1,244930d7-866b-4861-8f9f-9687b7f3aa95,2026-10-06T00:40:00.823+00:00,2026-10-06T00:40:00.990+00:00,21072-30059,washers,20632060-b,716000000,2026-10-06 00:40:00,2026-10-05 23:03:23,0,5797.0,-5797.0,,Available,website maps this code to Available
1,244930d7-866b-4861-8f9f-9687b7f3aa95,2026-10-06T00:40:00.823+00:00,2026-10-06T00:40:00.990+00:00,21072-30059,washers,20632117-b,716000000,2026-10-06 00:40:00,2026-10-05 23:03:21,0,5799.0,-5799.0,,Available,website maps this code to Available
1,244930d7-866b-4861-8f9f-9687b7f3aa95,2026-10-06T00:40:00.823+00:00,2026-10-06T00:40:00.990+00:00,21072-30059,washers,20632037-b,716000000,2026-10-06 00:40:00,2026-10-05 23:49:24,0,3036.0,-3036.0,,Available,website maps this code to Available
1,244930d7-866b-4861-8f9f-9687b7f3aa95,2026-10-06T00:40:00.823+00:00,2026-10-06T00:40:00.990+00:00,21072-30059,washers,20632092-b,716000000,2026-10-06 00:40:00,2026-10-05 23:04:12,0,5748.0,-5748.0,,Available,website maps this code to Available
1,244930d7-866b-4861-8f9f-9687b7f3aa95,2026-10-06T00:40:00.823+00:00,2026-10-06T00:40:00.990+00:00,21072-30059,washers,20632128-b,716000000,2026-10-06 00:40:00,2026-10-05 21:58:19,0,9701.0,-9701.0,,Available,website maps this code to Available
1,244930d7-866b-4861-8f9f-9687b7f3aa95,2026-10-06T00:40:00.823+00:00,2026-10-06T00:40:00.990+00:00,21072-30059,washers,20632044-b,716000000,2026-10-06 00:40:00,2026-10-05 23:44:53,0,3307.0,-3307.0,,Available,website maps this code to Available
1,244930d7-866b-4861-8f9f-9687b7f3aa95,2026-10-06T00:40:00.823+00:00,2026-10-06T00:40:00.990+00:00,21072-30059,washers,20632094-b,716000000,2026-10-06 00:40:00,2026-10-05 23:51:07,0,2933.0,-2933.0,,Available,website maps this code to Available
1,244930d7-866b-4861-8f9f-9687b7f3aa95,2026-10-06T00:40:00.823+00:00,2026-10-06T00:40:00.990+00:00,21072-30059,washers,20632123-b,716000000,2026-10-06 00:40:00,2026-10-06 00:05:40,0,2060.0,-2060.0,,Available,website maps this code to Available
1,244930d7-866b-4861-8f9f-9687b7f3aa95,2026-10-06T00:40:00.823+00:00,2026-10-06T00:40:00.990+00:00,21072-30059,washers,20632098-b,616000040,2026-10-06 00:40:00,2026-10-05 22:41:51,0,7089.0,-7089.0,,Error,
1,244930d7-866b-4861-8f9f-9687b7f3aa95,2026-10-06T00:40:00.823+00:00,2026-10-06T00:40:00.990+00:00,21072-30059,dryers,20632096-a,716000000,2026-10-06 00:40:00,2026-10-06 00:01:59,0,2281.0,-2281.0,,Available,website maps this code to Available
1,244930d7-866b-4861-8f9f-9687b7f3aa95,2026-10-06T00:40:00.823+00:00,2026-10-06T00:40:00.990+00:00,21072-30059,dryers,20632096-b,716000000,2026-10-06 00:40:00,2026-10-05 23:45:56,0,3244.0,-3244.0,,Available,website maps this code to Available
1,244930d7-866b-4861-8f9f-9687b7f3aa95,2026-10-06T00:40:00.823+00:00,2026-10-06T00:40:00.990+00:00,21072-30059,dryers,20632118-a,716000000,2026-10-06 00:40:00,2026-10-06 00:02:36,0,2244.0,-2244.0,,Available,website maps this code to Available
1,244930d7-866b-4861-8f9f-9687b7f3aa95,2026-10-06T00:40:00.823+00:00,2026-10-06T00:40:00.990+00:00,21072-30059,dryers,20632035-a,716000000,2026-10-06 00:40:00,2026-10-05 04:09:25,0,73835.0,-73835.0,,Available,website maps this code to Available
1,244930d7-866b-4861-8f9f-9687b7f3aa95,2026-10-06T00:40:00.823+00:00,2026-10-06T00:40:00.990+00:00,21072-30059,dryers,20632102-a,716000000,2026-10-06 00:40:00,2026-10-05 23:10:05,0,5395.0,-5395.0,,Available,website maps this code to Available
1,244930d7-866b-4861-8f9f-9687b7f3aa95,2026-10-06T00:40:00.823+00:00,2026-10-06T00:40:00.990+00:00,21072-30059,dryers,20632060-a,716000000,2026-10-06 00:40:00,2026-10-05 23:08:19,0,5501.0,-5501.0,,Available,website maps this code to Available
1,244930d7-866b-4861-8f9f-9687b7f3aa95,2026-10-06T00:40:00.823+00:00,2026-10-06T00:40:00.990+00:00,21072-30059,dryers,20632117-a,416000000,2026-10-06 00:40:00,2026-10-06 00:07:13,45,1967.0,733.0,13,Running,
1,244930d7-866b-4861-8f9f-9687b7f3aa95,2026-10-06T00:40:00.823+00:00,2026-10-06T00:40:00.990+00:00,21072-30059,dryers,20632037-a,416000000,2026-10-06 00:40:00,2026-10-06 00:08:17,45,1903.0,797.0,14,Running,
1,244930d7-866b-4861-8f9f-9687b7f3aa95,2026-10-06T00:40:00.823+00:00,2026-10-06T00:40:00.990+00:00,21072-30059,dryers,20632092-a,716000000,2026-10-06 00:40:00,2026-10-06 00:00:56,0,2344.0,-2344.0,,Available,website maps this code to Available
1,244930d7-866b-4861-8f9f-9687b7f3aa95,2026-10-06T00:40:00.823+00:00,2026-10-06T00:40:00.990+00:00,21072-30059,dryers,20632128-a,716000000,2026-10-06 00:40:00,2026-10-05 23:35:18,0,3882.0,-3882.0,,Available,website maps this code to Available
1,244930d7-866b-4861-8f9f-9687b7f3aa95,2026-10-06T00:40:00.823+00:00,2026-10-06T00:40:00.990+00:00,21072-30059,dryers,20632044-a,716000000,2026-10-06 00:40:00,2026-10-05 22:54:15,0,6345.0,-6345.0,,Available,website maps this code to Available
1,244930d7-866b-4861-8f9f-9687b7f3aa95,2026-10-06T00:40:00.823+00:00,2026-10-06T00:40:00.990+00:00,21072-30059,dryers,20632094-a,416000000,2026-10-06 00:40:00,2026-10-06 00:17:12,40,1368.0,1032.0,18,Running,
1,244930d7-866b-4861-8f9f-9687b7f3aa95,2026-10-06T00:40:00.823+00:00,2026-10-06T00:40:00.990+00:00,21072-30059,dryers,20632123-a,716000000,2026-10-06 00:40:00,2026-10-06 00:05:38,0,2062.0,-2062.0,,Available,website maps this code to Available
1,244930d7-866b-4861-8f9f-9687b7f3aa95,2026-10-06T00:40:00.823+00:00,2026-10-06T00:40:00.990+00:00,21072-30059,dryers,20632098-a,616000040,2026-10-06 00:40:00,2026-10-05 04:11:31,0,73709.0,-73709.0,,Error,
1,2b72380d-925a-4f38-ac42-1982aff884ee,2026-10-06T00:41:01.331+00:00,2026-10-06T00:41:01.510+00:00,21072-30059,washers,20632118-b,716000000,2026-10-06 00:41:01,2026-10-06 00:40:40,0,21.0,-21.0,,Available,website maps this code to Available
1,2b72380d-925a-4f38-ac42-1982aff884ee,2026-10-06T00:41:01.331+00:00,2026-10-06T00:41:01.510+00:00,21072-30059,washers,20632035-b,716000000,2026-10-06 00:41:01,2026-10-05 15:44:14,0,32207.0,-32207.0,,Available,website maps this code to Available
1,2b72380d-925a-4f38-ac42-1982aff884ee,2026-10-06T00:41:01.331+00:00,2026-10-06T00:41:01.510+00:00,21072-30059,washers,20632102-b,716000000,2026-10-06 00:41:01,2026-10-05 23:03:37,0,5844.0,-5844.0,,Available,website maps this code to Available
1,2b72380d-925a-4f38-ac42-1982aff884ee,2026-10-06T00:41:01.331+00:00,2026-10-06T00:41:01.510+00:00,21072-30059,washers,20632060-b,716000000,2026-10-06 00:41:01,2026-10-05 23:03:23,0,5858.0,-5858.0,,Available,website maps this code to Available
1,2b72380d-925a-4f38-ac42-1982aff884ee,2026-10-06T00:41:01.331+00:00,2026-10-06T00:41:01.510+00:00,21072-30059,washers,20632117-b,716000000,2026-10-06 00:41:01,2026-10-05 23:03:21,0,5860.0,-5860.0,,Available,website maps this code to Available
1,2b72380d-925a-4f38-ac42-1982aff884ee,2026-10-06T00:41:01.331+00:00,2026-10-06T00:41:01.510+00:00,21072-30059,washers,20632037-b,716000000,2026-10-06 00:41:01,2026-10-05 23:49:24,0,3097.0,-3097.0,,Available,website maps this code to Available
1,2b72380d-925a-4f38-ac42-1982aff884ee,2026-10-06T00:41:01.331+00:00,2026-10-06T00:41:01.510+00:00,21072-30059,washers,20632092-b,716000000,2026-10-06 00:41:01,2026-10-05 23:04:12,0,5809.0,-5809.0,,Available,website maps this code to Available
1,2b72380d-925a-4f38-ac42-1982aff884ee,2026-10-06T00:41:01.331+00:00,2026-10-06T00:41:01.510+00:00,21072-30059,washers,20632128-b,716000000,2026-10-06 00:41:01,2026-10-05 21:58:19,0,9762.0,-9762.0,,Available,website maps this code to Available
1,2b72380d-925a-4f38-ac42-1982aff884ee,2026-10-06T00:41:01.331+00:00,2026-10-06T00:41:01.510+00:00,21072-30059,washers,20632044-b,716000000,2026-10-06 00:41:01,2026-10-05 23:44:53,0,3368.0,-3368.0,,Available,website maps this code to Available
1,2b72380d-925a-4f38-ac42-1982aff884ee,2026-10-06T00:41:01.331+00:00,2026-10-06T00:41:01.510+00:00,21072-30059,washers,20632094-b,716000000,2026-10-06 00:41:01,2026-10-05 23:51:07,0,2994.0,-2994.0,,Available,website maps this code to Available
1,2b72380d-925a-4f38-ac42-1982aff884ee,2026-10-06T00:41:01.331+00:00,2026-10-06T00:41:01.510+00:00,21072-30059,washers,20632123-b,716000000,2026-10-06 00:41:01,2026-10-06 00:05:40,0,2121.0,-2121.0,,Available,website maps this code to Available
1,2b72380d-925a-4f38-ac42-1982aff884ee,2026-10-06T00:41:01.331+00:00,2026-10-06T00:41:01.510+00:00,21072-30059,washers,20632098-b,616000040,2026-10-06 00:41:01,2026-10-05 22:41:51,0,7150.0,-7150.0,,Error,
1,2b72380d-925a-4f38-ac42-1982aff884ee,2026-10-06T00:41:01.331+00:00,2026-10-06T00:41:01.510+00:00,21072-30059,dryers,20632096-a,716000000,2026-10-06 00:41:01,2026-10-06 00:01:59,0,2342.0,-2342.0,,Available,website maps this code to Available
1,2b72380d-925a-4f38-ac42-1982aff884ee,2026-10-06T00:41:01.331+00:00,2026-10-06T00:41:01.510+00:00,21072-30059,dryers,20632096-b,716000000,2026-10-06 00:41:01,2026-10-05 23:45:56,0,3305.0,-3305.0,,Available,website maps this code to Available
1,2b72380d-925a-4f38-ac42-1982aff884ee,2026-10-06T00:41:01.331+00:00,2026-10-06T00:41:01.510+00:00,21072-30059,dryers,20632118-a,716000000,2026-10-06 00:41:01,2026-10-06 00:02:36,0,2305.0,-2305.0,,Available,website maps this code to Available
1,2b72380d-925a-4f38-ac42-1982aff884ee,2026-10-06T00:41:01.331+00:00,2026-10-06T00:41:01.510+00:00,21072-30059,dryers,20632035-a,716000000,2026-10-06 00:41:01,2026-10-05 04:09:25,0,73896.0,-73896.0,,Available,website maps this code to Available
1,2b72380d-925a-4f38-ac42-1982aff884ee,2026-10-06T00:41:01.331+00:00,2026-10-06T00:41:01.510+00:00,21072-30059,dryers,20632102-a,716000000,2026-10-06 00:41:01,2026-10-05 23:10:05,0,5456.0,-5456.0,,Available,website maps this code to Available
1,2b72380d-925a-4f38-ac42-1982aff884ee,2026-10-06T00:41:01.331+00:00,2026-10-06T00:41:01.510+00:00,21072-30059,dryers,20632060-a,716000000,2026-10-06 00:41:01,2026-10-05 23:08:19,0,5562.0,-5562.0,,Available,website maps this code to Available
1,2b72380d-925a-4f38-ac42-1982aff884ee,2026-10-06T00:41:01.331+00:00,2026-10-06T00:41:01.510+00:00,21072-30059,dryers,20632117-a,416000000,2026-10-06 00:41:01,2026-10-06 00:07:13,45,2028.0,672.0,12,Running,
1,2b72380d-925a-4f38-ac42-1982aff884ee,2026-10-06T00:41:01.331+00:00,2026-10-06T00:41:01.510+00:00,21072-30059,dryers,20632037-a,416000000,2026-10-06 00:41:01,2026-10-06 00:08:17,45,1964.0,736.0,13,Running,
1,2b72380d-925a-4f38-ac42-1982aff884ee,2026-10-06T00:41:01.331+00:00,2026-10-06T00:41:01.510+00:00,21072-30059,dryers,20632092-a,716000000,2026-10-06 00:41:01,2026-10-06 00:00:56,0,2405.0,-2405.0,,Available,website maps this code to Available
1,2b72380d-925a-4f38-ac42-1982aff884ee,2026-10-06T00:41:01.331+00:00,2026-10-06T00:41:01.510+00:00,21072-30059,dryers,20632128-a,716000000,2026-10-06 00:41:01,2026-10-05 23:35:18,0,3943.0,-3943.0,,Available,website maps this code to Available
1,2b72380d-925a-4f38-ac42-1982aff884ee,2026-10-06T00:41:01.331+00:00,2026-10-06T00:41:01.510+00:00,21072-30059,dryers,20632044-a,716000000,2026-10-06 00:41:01,2026-10-05 22:54:15,0,6406.0,-6406.0,,Available,website maps this code to Available
1,2b72380d-925a-4f38-ac42-1982aff884ee,2026-10-06T00:41:01.331+00:00,2026-10-06T00:41:01.510+00:00,21072-30059,dryers,20632094-a,416000000,2026-10-06 00:41:01,2026-10-06 00:17:12,40,1429.0,971.0,17,Running,
1,2b72380d-925a-4f38-ac42-1982aff884ee,2026-10-06T00:41:01.331+00:00,2026-10-06T00:41:01.510+00:00,21072-30059,dryers,20632123-a,716000000,2026-10-06 00:41:01,2026-10-06 00:05:38,0,2123.0,-2123.0,,Available,website maps this code to Available
1,2b72380d-925a-4f38-ac42-1982aff884ee,2026-10-06T00:41:01.331+00:00,2026-10-06T00:41:01.510+00:00,21072-30059,dryers,20632098-a,616000040,2026-10-06 00:41:01,2026-10-05 04:11:31,0,73770.0,-73770.0,,Error,
1,ba605e60-1819-4120-807c-32958feb7b67,2026-10-06T00:42:01.247+00:00,2026-10-06T00:42:01.435+00:00,21072-30059,washers,20632118-b,716000000,2026-10-06 00:42:01,2026-10-06 00:40:40,0,81.0,-81.0,,Available,website maps this code to Available
1,ba605e60-1819-4120-807c-32958feb7b67,2026-10-06T00:42:01.247+00:00,2026-10-06T00:42:01.435+00:00,21072-30059,washers,20632035-b,716000000,2026-10-06 00:42:01,2026-10-05 15:44:14,0,32267.0,-32267.0,,Available,website maps this code to Available
1,ba605e60-1819-4120-807c-32958feb7b67,2026-10-06T00:42:01.247+00:00,2026-10-06T00:42:01.435+00:00,21072-30059,washers,20632102-b,716000000,2026-10-06 00:42:01,2026-10-05 23:03:37,0,5904.0,-5904.0,,Available,website maps this code to Available
1,ba605e60-1819-4120-807c-32958feb7b67,2026-10-06T00:42:01.247+00:00,2026-10-06T00:42:01.435+00:00,21072-30059,washers,20632060-b,716000000,2026-10-06 00:42:01,2026-10-05 23:03:23,0,5918.0,-5918.0,,Available,website maps this code to Available
1,ba605e60-1819-4120-807c-32958feb7b67,2026-10-06T00:42:01.247+00:00,2026-10-06T00:42:01.435+00:00,21072-30059,washers,20632117-b,716000000,2026-10-06 00:42:01,2026-10-05 23:03:21,0,5920.0,-5920.0,,Available,website maps this code to Available
1,ba605e60-1819-4120-807c-32958feb7b67,2026-10-06T00:42:01.247+00:00,2026-10-06T00:42:01.435+00:00,21072-30059,washers,20632037-b,716000000,2026-10-06 00:42:01,2026-10-05 23:49:24,0,3157.0,-3157.0,,Available,website maps this code to Available
1,ba605e60-1819-4120-807c-32958feb7b67,2026-10-06T00:42:01.247+00:00,2026-10-06T00:42:01.435+00:00,21072-30059,washers,20632092-b,716000000,2026-10-06 00:42:01,2026-10-05 23:04:12,0,5869.0,-5869.0,,Available,website maps this code to Available
1,ba605e60-1819-4120-807c-32958feb7b67,2026-10-06T00:42:01.247+00:00,2026-10-06T00:42:01.435+00:00,21072-30059,washers,20632128-b,716000000,2026-10-06 00:42:01,2026-10-05 21:58:19,0,9822.0,-9822.0,,Available,website maps this code to Available
1,ba605e60-1819-4120-807c-32958feb7b67,2026-10-06T00:42:01.247+00:00,2026-10-06T00:42:01.435+00:00,21072-30059,washers,20632044-b,716000000,2026-10-06 00:42:01,2026-10-05 23:44:53,0,3428.0,-3428.0,,Available,website maps this code to Available
1,ba605e60-1819-4120-807c-32958feb7b67,2026-10-06T00:42:01.247+00:00,2026-10-06T00:42:01.435+00:00,21072-30059,washers,20632094-b,716000000,2026-10-06 00:42:01,2026-10-05 23:51:07,0,3054.0,-3054.0,,Available,website maps this code to Available
1,ba605e60-1819-4120-807c-32958feb7b67,2026-10-06T00:42:01.247+00:00,2026-10-06T00:42:01.435+00:00,21072-30059,washers,20632123-b,716000000,2026-10-06 00:42:01,2026-10-06 00:05:40,0,2181.0,-2181.0,,Available,website maps this code to Available
1,ba605e60-1819-4120-807c-32958feb7b67,2026-10-06T00:42:01.247+00:00,2026-10-06T00:42:01.435+00:00,21072-30059,washers,20632098-b,616000040,2026-10-06 00:42:01,2026-10-05 22:41:51,0,7210.0,-7210.0,,Error,
1,ba605e60-1819-4120-807c-32958feb7b67,2026-10-06T00:42:01.247+00:00,2026-10-06T00:42:01.435+00:00,21072-30059,dryers,20632096-a,716000000,2026-10-06 00:42:01,2026-10-06 00:01:59,0,2402.0,-2402.0,,Available,website maps this code to Available
1,ba605e60-1819-4120-807c-32958feb7b67,2026-10-06T00:42:01.247+00:00,2026-10-06T00:42:01.435+00:00,21072-30059,dryers,20632096-b,716000000,2026-10-06 00:42:01,2026-10-05 23:45:56,0,3365.0,-3365.0,,Available,website maps this code to Available
1,ba605e60-1819-4120-807c-32958feb7b67,2026-10-06T00:42:01.247+00:00,2026-10-06T00:42:01.435+00:00,21072-30059,dryers,20632118-a,716000000,2026-10-06 00:42:01,2026-10-06 00:02:36,0,2365.0,-2365.0,,Available,website maps this code to Available
1,ba605e60-1819-4120-807c-32958feb7b67,2026-10-06T00:42:01.247+00:00,2026-10-06T00:42:01.435+00:00,21072-30059,dryers,20632035-a,716000000,2026-10-06 00:42:01,2026-10-05 04:09:25,0,73956.0,-73956.0,,Available,website maps this code to Available
1,ba605e60-1819-4120-807c-32958feb7b67,2026-10-06T00:42:01.247+00:00,2026-10-06T00:42:01.435+00:00,21072-30059,dryers,20632102-a,716000000,2026-10-06 00:42:01,2026-10-05 23:10:05,0,5516.0,-5516.0,,Available,website maps this code to Available
1,ba605e60-1819-4120-807c-32958feb7b67,2026-10-06T00:42:01.247+00:00,2026-10-06T00:42:01.435+00:00,21072-30059,dryers,20632060-a,716000000,2026-10-06 00:42:01,2026-10-05 23:08:19,0,5622.0,-5622.0,,Available,website maps this code to Available
1,ba605e60-1819-4120-807c-32958feb7b67,2026-10-06T00:42:01.247+00:00,2026-10-06T00:42:01.435+00:00,21072-30059,dryers,20632117-a,416000000,2026-10-06 00:42:01,2026-10-06 00:07:13,45,2088.0,612.0,11,Running,
1,ba605e60-1819-4120-807c-32958feb7b67,2026-10-06T00:42:01.247+00:00,2026-10-06T00:42:01.435+00:00,21072-30059,dryers,20632037-a,416000000,2026-10-06 00:42:01,2026-10-06 00:08:17,45,2024.0,676.0,12,Running,
1,ba605e60-1819-4120-807c-32958feb7b67,2026-10-06T00:42:01.247+00:00,2026-10-06T00:42:01.435+00:00,21072-30059,dryers,20632092-a,716000000,2026-10-06 00:42:01,2026-10-06 00:00:56,0,2465.0,-2465.0,,Available,website maps this code to Available
1,ba605e60-1819-4120-807c-32958feb7b67,2026-10-06T00:42:01.247+00:00,2026-10-06T00:42:01.435+00:00,21072-30059,dryers,20632128-a,716000000,2026-10-06 00:42:01,2026-10-05 23:35:18,0,4003.0,-4003.0,,Available,website maps this code to Available
1,ba605e60-1819-4120-807c-32958feb7b67,2026-10-06T00:42:01.247+00:00,2026-10-06T00:42:01.435+00:00,21072-30059,dryers,20632044-a,416000000,2026-10-06 00:42:01,2026-10-06 00:41:11,10,50.0,550.0,10,Running,
1,ba605e60-1819-4120-807c-32958feb7b67,2026-10-06T00:42:01.247+00:00,2026-10-06T00:42:01.435+00:00,21072-30059,dryers,20632094-a,416000000,2026-10-06 00:42:01,2026-10-06 00:17:12,40,1489.0,911.0,16,Running,
1,ba605e60-1819-4120-807c-32958feb7b67,2026-10-06T00:42:01.247+00:00,2026-10-06T00:42:01.435+00:00,21072-30059,dryers,20632123-a,716000000,2026-10-06 00:42:01,2026-10-06 00:05:38,0,2183.0,-2183.0,,Available,website maps this code to Available
1,ba605e60-1819-4120-807c-32958feb7b67,2026-10-06T00:42:01.247+00:00,2026-10-06T00:42:01.435+00:00,21072-30059,dryers,20632098-a,616000040,2026-10-06 00:42:01,2026-10-05 04:11:31,0,73830.0,-73830.0,,Error,
1,66e4b26f-f6b4-4148-903b-425bb6cb3572,2026-10-06T00:43:01.267+00:00,2026-10-06T00:43:01.440+00:00,21072-30059,washers,20632118-b,716000000,2026-10-06 00:43:01,2026-10-06 00:40:40,0,141.0,-141.0,,Available,website maps this code to Available
1,66e4b26f-f6b4-4148-903b-425bb6cb3572,2026-10-06T00:43:01.267+00:00,2026-10-06T00:43:01.440+00:00,21072-30059,washers,20632035-b,716000000,2026-10-06 00:43:01,2026-10-05 15:44:14,0,32327.0,-32327.0,,Available,website maps this code to Available
1,66e4b26f-f6b4-4148-903b-425bb6cb3572,2026-10-06T00:43:01.267+00:00,2026-10-06T00:43:01.440+00:00,21072-30059,washers,20632102-b,716000000,2026-10-06 00:43:01,2026-10-05 23:03:37,0,5964.0,-5964.0,,Available,website maps this code to Available
1,66e4b26f-f6b4-4148-903b-425bb6cb3572,2026-10-06T00:43:01.267+00:00,2026-10-06T00:43:01.440+00:00,21072-30059,washers,20632060-b,716000000,2026-10-06 00:43:01,2026-10-05 23:03:23,0,5978.0,-5978.0,,Available,website maps this code to Available
1,66e4b26f-f6b4-4148-903b-425bb6cb3572,2026-10-06T00:43:01.267+00:00,2026-10-06T00:43:01.440+00:00,21072-30059,washers,20632117-b,716000000,2026-10-06 00:43:01,2026-10-05 23:03:21,0,5980.0,-5980.0,,Available,website maps this code to Available
1,66e4b26f-f6b4-4148-903b-425bb6cb3572,2026-10-06T00:43:01.267+00:00,2026-10-06T00:43:01.440+00:00,21072-30059,washers,20632037-b,716000000,2026-10-06 00:43:01,2026-10-05 23:49:24,0,3217.0,-3217.0,,Available,website maps this code to Available
1,66e4b26f-f6b4-4148-903b-425bb6cb3572,2026-10-06T00:43:01.267+00:00,2026-10-06T00:43:01.440+00:00,21072-30059,washers,20632092-b,716000000,2026-10-06 00:43:01,2026-10-05 23:04:12,0,5929.0,-5929.0,,Available,website maps this code to Available
1,66e4b26f-f6b4-4148-903b-425bb6cb3572,2026-10-06T00:43:01.267+00:00,2026-10-06T00:43:01.440+00:00,21072-30059,washers,20632128-b,716000000,2026-10-06 00:43:01,2026-10-05 21:58:19,0,9882.0,-9882.0,,Available,website maps this code to Available
1,66e4b26f-f6b4-4148-903b-425bb6cb3572,2026-10-06T00:43:01.267+00:00,2026-10-06T00:43:01.440+00:00,21072-30059,washers,20632044-b,716000000,2026-10-06 00:43:01,2026-10-05 23:44:53,0,3488.0,-3488.0,,Available,website maps this code to Available
1,66e4b26f-f6b4-4148-903b-425bb6cb3572,2026-10-06T00:43:01.267+00:00,2026-10-06T00:43:01.440+00:00,21072-30059,washers,20632094-b,716000000,2026-10-06 00:43:01,2026-10-05 23:51:07,0,3114.0,-3114.0,,Available,website maps this code to Available
1,66e4b26f-f6b4-4148-903b-425bb6cb3572,2026-10-06T00:43:01.267+00:00,2026-10-06T00:43:01.440+00:00,21072-30059,washers,20632123-b,716000000,2026-10-06 00:43:01,2026-10-06 00:05:40,0,2241.0,-2241.0,,Available,website maps this code to Available
1,66e4b26f-f6b4-4148-903b-425bb6cb3572,2026-10-06T00:43:01.267+00:00,2026-10-06T00:43:01.440+00:00,21072-30059,washers,20632098-b,616000040,2026-10-06 00:43:01,2026-10-05 22:41:51,0,7270.0,-7270.0,,Error,
1,66e4b26f-f6b4-4148-903b-425bb6cb3572,2026-10-06T00:43:01.267+00:00,2026-10-06T00:43:01.440+00:00,21072-30059,dryers,20632096-a,716000000,2026-10-06 00:43:01,2026-10-06 00:01:59,0,2462.0,-2462.0,,Available,website maps this code to Available
1,66e4b26f-f6b4-4148-903b-425bb6cb3572,2026-10-06T00:43:01.267+00:00,2026-10-06T00:43:01.440+00:00,21072-30059,dryers,20632096-b,716000000,2026-10-06 00:43:01,2026-10-05 23:45:56,0,3425.0,-3425.0,,Available,website maps this code to Available
1,66e4b26f-f6b4-4148-903b-425bb6cb3572,2026-10-06T00:43:01.267+00:00,2026-10-06T00:43:01.440+00:00,21072-30059,dryers,20632118-a,716000000,2026-10-06 00:43:01,2026-10-06 00:02:36,0,2425.0,-2425.0,,Available,website maps this code to Available
1,66e4b26f-f6b4-4148-903b-425bb6cb3572,2026-10-06T00:43:01.267+00:00,2026-10-06T00:43:01.440+00:00,21072-30059,dryers,20632035-a,716000000,2026-10-06 00:43:01,2026-10-05 04:09:25,0,74016.0,-74016.0,,Available,website maps this code to Available
1,66e4b26f-f6b4-4148-903b-425bb6cb3572,2026-10-06T00:43:01.267+00:00,2026-10-06T00:43:01.440+00:00,21072-30059,dryers,20632102-a,716000000,2026-10-06 00:43:01,2026-10-05 23:10:05,0,5576.0,-5576.0,,Available,website maps this code to Available
1,66e4b26f-f6b4-4148-903b-425bb6cb3572,2026-10-06T00:43:01.267+00:00,2026-10-06T00:43:01.440+00:00,21072-30059,dryers,20632060-a,716000000,2026-10-06 00:43:01,2026-10-05 23:08:19,0,5682.0,-5682.0,,Available,website maps this code to Available
1,66e4b26f-f6b4-4148-903b-425bb6cb3572,2026-10-06T00:43:01.267+00:00,2026-10-06T00:43:01.440+00:00,21072-30059,dryers,20632117-a,416000000,2026-10-06 00:43:01,2026-10-06 00:42:11,10,50.0,550.0,10,Running,
1,66e4b26f-f6b4-4148-903b-425bb6cb3572,2026-10-06T00:43:01.267+00:00,2026-10-06T00:43:01.440+00:00,21072-30059,dryers,20632037-a,416000000,2026-10-06 00:43:01,2026-10-06 00:08:17,45,2084.0,616.0,11,Running,
1,66e4b26f-f6b4-4148-903b-425bb6cb3572,2026-10-06T00:43:01.267+00:00,2026-10-06T00:43:01.440+00:00,21072-30059,dryers,20632092-a,716000000,2026-10-06 00:43:01,2026-10-06 00:00:56,0,2525.0,-2525.0,,Available,website maps this code to Available
1,66e4b26f-f6b4-4148-903b-425bb6cb3572,2026-10-06T00:43:01.267+00:00,2026-10-06T00:43:01.440+00:00,21072-30059,dryers,20632128-a,716000000,2026-10-06 00:43:01,2026-10-05 23:35:18,0,4063.0,-4063.0,,Available,website maps this code to Available
1,66e4b26f-f6b4-4148-903b-425bb6cb3572,2026-10-06T00:43:01.267+00:00,2026-10-06T00:43:01.440+00:00,21072-30059,dryers,20632044-a,416000000,2026-10-06 00:43:01,2026-10-06 00:41:11,10,110.0,490.0,9,Running,
1,66e4b26f-f6b4-4148-903b-425bb6cb3572,2026-10-06T00:43:01.267+00:00,2026-10-06T00:43:01.440+00:00,21072-30059,dryers,20632094-a,416000000,2026-10-06 00:43:01,2026-10-06 00:17:12,40,1549.0,851.0,15,Running,
1,66e4b26f-f6b4-4148-903b-425bb6cb3572,2026-10-06T00:43:01.267+00:00,2026-10-06T00:43:01.440+00:00,21072-30059,dryers,20632123-a,716000000,2026-10-06 00:43:01,2026-10-06 00:05:38,0,2243.0,-2243.0,,Available,website maps this code to Available
1,66e4b26f-f6b4-4148-903b-425bb6cb3572,2026-10-06T00:43:01.267+00:00,2026-10-06T00:43:01.440+00:00,21072-30059,dryers,20632098-a,616000040,2026-10-06 00:43:01,2026-10-05 04:11:31,0,73890.0,-73890.0,,Error,
1,d033362b-1246-42a8-b5bd-8ac2ffe7845e,2026-10-06T00:44:01.280+00:00,2026-10-06T00:44:01.470+00:00,21072-30059,washers,20632118-b,716000000,2026-10-06 00:44:01,2026-10-06 00:40:40,0,201.0,-201.0,,Available,website maps this code to Available
1,d033362b-1246-42a8-b5bd-8ac2ffe7845e,2026-10-06T00:44:01.280+00:00,2026-10-06T00:44:01.470+00:00,21072-30059,washers,20632035-b,716000000,2026-10-06 00:44:01,2026-10-05 15:44:14,0,32387.0,-32387.0,,Available,website maps this code to Available
1,d033362b-1246-42a8-b5bd-8ac2ffe7845e,2026-10-06T00:44:01.280+00:00,2026-10-06T00:44:01.470+00:00,21072-30059,washers,20632102-b,716000000,2026-10-06 00:44:01,2026-10-05 23:03:37,0,6024.0,-6024.0,,Available,website maps this code to Available
1,d033362b-1246-42a8-b5bd-8ac2ffe7845e,2026-10-06T00:44:01.280+00:00,2026-10-06T00:44:01.470+00:00,21072-30059,washers,20632060-b,716000000,2026-10-06 00:44:01,2026-10-05 23:03:23,0,6038.0,-6038.0,,Available,website maps this code to Available
1,d033362b-1246-42a8-b5bd-8ac2ffe7845e,2026-10-06T00:44:01.280+00:00,2026-10-06T00:44:01.470+00:00,21072-30059,washers,20632117-b,716000000,2026-10-06 00:44:01,2026-10-05 23:03:21,0,6040.0,-6040.0,,Available,website maps this code to Available
1,d033362b-1246-42a8-b5bd-8ac2ffe7845e,2026-10-06T00:44:01.280+00:00,2026-10-06T00:44:01.470+00:00,21072-30059,washers,20632037-b,716000000,2026-10-06 00:44:01,2026-10-05 23:49:24,0,3277.0,-3277.0,,Available,website maps this code to Available
1,d033362b-1246-42a8-b5bd-8ac2ffe7845e,2026-10-06T00:44:01.280+00:00,2026-10-06T00:44:01.470+00:00,21072-30059,washers,20632092-b,716000000,2026-10-06 00:44:01,2026-10-05 23:04:12,0,5989.0,-5989.0,,Available,website maps this code to Available
1,d033362b-1246-42a8-b5bd-8ac2ffe7845e,2026-10-06T00:44:01.280+00:00,2026-10-06T00:44:01.470+00:00,21072-30059,washers,20632128-b,716000000,2026-10-06 00:44:01,2026-10-05 21:58:19,0,9942.0,-9942.0,,Available,website maps this code to Available
1,d033362b-1246-42a8-b5bd-8ac2ffe7845e,2026-10-06T00:44:01.280+00:00,2026-10-06T00:44:01.470+00:00,21072-30059,washers,20632044-b,716000000,2026-10-06 00:44:01,2026-10-05 23:44:53,0,3548.0,-3548.0,,Available,website maps this code to Available
1,d033362b-1246-42a8-b5bd-8ac2ffe7845e,2026-10-06T00:44:01.280+00:00,2026-10-06T00:44:01.470+00:00,21072-30059,washers,20632094-b,716000000,2026-10-06 00:44:01,2026-10-05 23:51:07,0,3174.0,-3174.0,,Available,website maps this code to Available
1,d033362b-1246-42a8-b5bd-8ac2ffe7845e,2026-10-06T00:44:01.280+00:00,2026-10-06T00:44:01.470+00:00,21072-30059,washers,20632123-b,716000000,2026-10-06 00:44:01,2026-10-06 00:05:40,0,2301.0,-2301.0,,Available,website maps this code to Available
1,d033362b-1246-42a8-b5bd-8ac2ffe7845e,2026-10-06T00:44:01.280+00:00,2026-10-06T00:44:01.470+00:00,21072-30059,washers,20632098-b,616000040,2026-10-06 00:44:01,2026-10-05 22:41:51,0,7330.0,-7330.0,,Error,
1,d033362b-1246-42a8-b5bd-8ac2ffe7845e,2026-10-06T00:44:01.280+00:00,2026-10-06T00:44:01.470+00:00,21072-30059,dryers,20632096-a,716000000,2026-10-06 00:44:01,2026-10-06 00:01:59,0,2522.0,-2522.0,,Available,website maps this code to Available
1,d033362b-1246-42a8-b5bd-8ac2ffe7845e,2026-10-06T00:44:01.280+00:00,2026-10-06T00:44:01.470+00:00,21072-30059,dryers,20632096-b,716000000,2026-10-06 00:44:01,2026-10-05 23:45:56,0,3485.0,-3485.0,,Available,website maps this code to Available
1,d033362b-1246-42a8-b5bd-8ac2ffe7845e,2026-10-06T00:44:01.280+00:00,2026-10-06T00:44:01.470+00:00,21072-30059,dryers,20632118-a,716000000,2026-10-06 00:44:01,2026-10-06 00:02:36,0,2485.0,-2485.0,,Available,website maps this code to Available
1,d033362b-1246-42a8-b5bd-8ac2ffe7845e,2026-10-06T00:44:01.280+00:00,2026-10-06T00:44:01.470+00:00,21072-30059,dryers,20632035-a,716000000,2026-10-06 00:44:01,2026-10-05 04:09:25,0,74076.0,-74076.0,,Available,website maps this code to Available
1,d033362b-1246-42a8-b5bd-8ac2ffe7845e,2026-10-06T00:44:01.280+00:00,2026-10-06T00:44:01.470+00:00,21072-30059,dryers,20632102-a,716000000,2026-10-06 00:44:01,2026-10-05 23:10:05,0,5636.0,-5636.0,,Available,website maps this code to Available
1,d033362b-1246-42a8-b5bd-8ac2ffe7845e,2026-10-06T00:44:01.280+00:00,2026-10-06T00:44:01.470+00:00,21072-30059,dryers,20632060-a,716000000,2026-10-06 00:44:01,2026-10-05 23:08:19,0,5742.0,-5742.0,,Available,website maps this code to Available
1,d033362b-1246-42a8-b5bd-8ac2ffe7845e,2026-10-06T00:44:01.280+00:00,2026-10-06T00:44:01.470+00:00,21072-30059,dryers,20632117-a,416000000,2026-10-06 00:44:01,2026-10-06 00:42:11,10,110.0,490.0,9,Running,
1,d033362b-1246-42a8-b5bd-8ac2ffe7845e,2026-10-06T00:44:01.280+00:00,2026-10-06T00:44:01.470+00:00,21072-30059,dryers,20632037-a,416000000,2026-10-06 00:44:01,2026-10-06 00:43:10,10,51.0,549.0,10,Running,
1,d033362b-1246-42a8-b5bd-8ac2ffe7845e,2026-10-06T00:44:01.280+00:00,2026-10-06T00:44:01.470+00:00,21072-30059,dryers,20632092-a,716000000,2026-10-06 00:44:01,2026-10-06 00:00:56,0,2585.0,-2585.0,,Available,website maps this code to Available
1,d033362b-1246-42a8-b5bd-8ac2ffe7845e,2026-10-06T00:44:01.280+00:00,2026-10-06T00:44:01.470+00:00,21072-30059,dryers,20632128-a,716000000,2026-10-06 00:44:01,2026-10-05 23:35:18,0,4123.0,-4123.0,,Available,website maps this code to Available
1,d033362b-1246-42a8-b5bd-8ac2ffe7845e,2026-10-06T00:44:01.280+00:00,2026-10-06T00:44:01.470+00:00,21072-30059,dryers,20632044-a,416000000,2026-10-06 00:44:01,2026-10-06 00:41:11,10,170.0,430.0,8,Running,
1,d033362b-1246-42a8-b5bd-8ac2ffe7845e,2026-10-06T00:44:01.280+00:00,2026-10-06T00:44:01.470+00:00,21072-30059,dryers,20632094-a,416000000,2026-10-06 00:44:01,2026-10-06 00:17:12,40,1609.0,791.0,14,Running,
1,d033362b-1246-42a8-b5bd-8ac2ffe7845e,2026-10-06T00:44:01.280+00:00,2026-10-06T00:44:01.470+00:00,21072-30059,dryers,20632123-a,716000000,2026-10-06 00:44:01,2026-10-06 00:05:38,0,2303.0,-2303.0,,Available,website maps this code to Available
1,d033362b-1246-42a8-b5bd-8ac2ffe7845e,2026-10-06T00:44:01.280+00:00,2026-10-06T00:44:01.470+00:00,21072-30059,dryers,20632098-a,616000040,2026-10-06 00:44:01,2026-10-05 04:11:31,0,73950.0,-73950.0,,Error,
1,8c00ead4-8768-403a-be50-c7c48b8301c7,2026-10-06T00:45:01.283+00:00,2026-10-06T00:45:01.458+00:00,21072-30059,washers,20632118-b,716000000,2026-10-06 00:45:01,2026-10-06 00:40:40,0,261.0,-261.0,,Available,website maps this code to Available
1,8c00ead4-8768-403a-be50-c7c48b8301c7,2026-10-06T00:45:01.283+00:00,2026-10-06T00:45:01.458+00:00,21072-30059,washers,20632035-b,716000000,2026-10-06 00:45:01,2026-10-05 15:44:14,0,32447.0,-32447.0,,Available,website maps this code to Available
1,8c00ead4-8768-403a-be50-c7c48b8301c7,2026-10-06T00:45:01.283+00:00,2026-10-06T00:45:01.458+00:00,21072-30059,washers,20632102-b,716000000,2026-10-06 00:45:01,2026-10-05 23:03:37,0,6084.0,-6084.0,,Available,website maps this code to Available
1,8c00ead4-8768-403a-be50-c7c48b8301c7,2026-10-06T00:45:01.283+00:00,2026-10-06T00:45:01.458+00:00,21072-30059,washers,20632060-b,716000000,2026-10-06 00:45:01,2026-10-05 23:03:23,0,6098.0,-6098.0,,Available,website maps this code to Available
1,8c00ead4-8768-403a-be50-c7c48b8301c7,2026-10-06T00:45:01.283+00:00,2026-10-06T00:45:01.458+00:00,21072-30059,washers,20632117-b,716000000,2026-10-06 00:45:01,2026-10-05 23:03:21,0,6100.0,-6100.0,,Available,website maps this code to Available
1,8c00ead4-8768-403a-be50-c7c48b8301c7,2026-10-06T00:45:01.283+00:00,2026-10-06T00:45:01.458+00:00,21072-30059,washers,20632037-b,716000000,2026-10-06 00:45:01,2026-10-05 23:49:24,0,3337.0,-3337.0,,Available,website maps this code to Available
1,8c00ead4-8768-403a-be50-c7c48b8301c7,2026-10-06T00:45:01.283+00:00,2026-10-06T00:45:01.458+00:00,21072-30059,washers,20632092-b,716000000,2026-10-06 00:45:01,2026-10-05 23:04:12,0,6049.0,-6049.0,,Available,website maps this code to Available
1,8c00ead4-8768-403a-be50-c7c48b8301c7,2026-10-06T00:45:01.283+00:00,2026-10-06T00:45:01.458+00:00,21072-30059,washers,20632128-b,716000000,2026-10-06 00:45:01,2026-10-05 21:58:19,0,10002.0,-10002.0,,Available,website maps this code to Available
1,8c00ead4-8768-403a-be50-c7c48b8301c7,2026-10-06T00:45:01.283+00:00,2026-10-06T00:45:01.458+00:00,21072-30059,washers,20632044-b,716000000,2026-10-06 00:45:01,2026-10-05 23:44:53,0,3608.0,-3608.0,,Available,website maps this code to Available
1,8c00ead4-8768-403a-be50-c7c48b8301c7,2026-10-06T00:45:01.283+00:00,2026-10-06T00:45:01.458+00:00,21072-30059,washers,20632094-b,716000000,2026-10-06 00:45:01,2026-10-05 23:51:07,0,3234.0,-3234.0,,Available,website maps this code to Available
1,8c00ead4-8768-403a-be50-c7c48b8301c7,2026-10-06T00:45:01.283+00:00,2026-10-06T00:45:01.458+00:00,21072-30059,washers,20632123-b,716000000,2026-10-06 00:45:01,2026-10-06 00:05:40,0,2361.0,-2361.0,,Available,website maps this code to Available
1,8c00ead4-8768-403a-be50-c7c48b8301c7,2026-10-06T00:45:01.283+00:00,2026-10-06T00:45:01.458+00:00,21072-30059,washers,20632098-b,616000040,2026-10-06 00:45:01,2026-10-05 22:41:51,0,7390.0,-7390.0,,Error,
1,8c00ead4-8768-403a-be50-c7c48b8301c7,2026-10-06T00:45:01.283+00:00,2026-10-06T00:45:01.458+00:00,21072-30059,dryers,20632096-a,716000000,2026-10-06 00:45:01,2026-10-06 00:01:59,0,2582.0,-2582.0,,Available,website maps this code to Available
1,8c00ead4-8768-403a-be50-c7c48b8301c7,2026-10-06T00:45:01.283+00:00,2026-10-06T00:45:01.458+00:00,21072-30059,dryers,20632096-b,716000000,2026-10-06 00:45:01,2026-10-05 23:45:56,0,3545.0,-3545.0,,Available,website maps this code to Available
1,8c00ead4-8768-403a-be50-c7c48b8301c7,2026-10-06T00:45:01.283+00:00,2026-10-06T00:45:01.458+00:00,21072-30059,dryers,20632118-a,716000000,2026-10-06 00:45:01,2026-10-06 00:02:36,0,2545.0,-2545.0,,Available,website maps this code to Available
1,8c00ead4-8768-403a-be50-c7c48b8301c7,2026-10-06T00:45:01.283+00:00,2026-10-06T00:45:01.458+00:00,21072-30059,dryers,20632035-a,716000000,2026-10-06 00:45:01,2026-10-05 04:09:25,0,74136.0,-74136.0,,Available,website maps this code to Available
1,8c00ead4-8768-403a-be50-c7c48b8301c7,2026-10-06T00:45:01.283+00:00,2026-10-06T00:45:01.458+00:00,21072-30059,dryers,20632102-a,716000000,2026-10-06 00:45:01,2026-10-05 23:10:05,0,5696.0,-5696.0,,Available,website maps this code to Available
1,8c00ead4-8768-403a-be50-c7c48b8301c7,2026-10-06T00:45:01.283+00:00,2026-10-06T00:45:01.458+00:00,21072-30059,dryers,20632060-a,716000000,2026-10-06 00:45:01,2026-10-05 23:08:19,0,5802.0,-5802.0,,Available,website maps this code to Available
1,8c00ead4-8768-403a-be50-c7c48b8301c7,2026-10-06T00:45:01.283+00:00,2026-10-06T00:45:01.458+00:00,21072-30059,dryers,20632117-a,416000000,2026-10-06 00:45:01,2026-10-06 00:42:11,10,170.0,430.0,8,Running,
1,8c00ead4-8768-403a-be50-c7c48b8301c7,2026-10-06T00:45:01.283+00:00,2026-10-06T00:45:01.458+00:00,21072-30059,dryers,20632037-a,416000000,2026-10-06 00:45:01,2026-10-06 00:43:10,10,111.0,489.0,9,Running,
1,8c00ead4-8768-403a-be50-c7c48b8301c7,2026-10-06T00:45:01.283+00:00,2026-10-06T00:45:01.458+00:00,21072-30059,dryers,20632092-a,716000000,2026-10-06 00:45:01,2026-10-06 00:00:56,0,2645.0,-2645.0,,Available,website maps this code to Available
1,8c00ead4-8768-403a-be50-c7c48b8301c7,2026-10-06T00:45:01.283+00:00,2026-10-06T00:45:01.458+00:00,21072-30059,dryers,20632128-a,716000000,2026-10-06 00:45:01,2026-10-05 23:35:18,0,4183.0,-4183.0,,Available,website maps this code to Available
1,8c00ead4-8768-403a-be50-c7c48b8301c7,2026-10-06T00:45:01.283+00:00,2026-10-06T00:45:01.458+00:00,21072-30059,dryers,20632044-a,416000000,2026-10-06 00:45:01,2026-10-06 00:41:11,10,230.0,370.0,7,Running,
1,8c00ead4-8768-403a-be50-c7c48b8301c7,2026-10-06T00:45:01.283+00:00,2026-10-06T00:45:01.458+00:00,21072-30059,dryers,20632094-a,416000000,2026-10-06 00:45:01,2026-10-06 00:17:12,40,1669.0,731.0,13,Running,
1,8c00ead4-8768-403a-be50-c7c48b8301c7,2026-10-06T00:45:01.283+00:00,2026-10-06T00:45:01.458+00:00,21072-30059,dryers,20632123-a,716000000,2026-10-06 00:45:01,2026-10-06 00:05:38,0,2363.0,-2363.0,,Available,website maps this code to Available
1,8c00ead4-8768-403a-be50-c7c48b8301c7,2026-10-06T00:45:01.283+00:00,2026-10-06T00:45:01.458+00:00,21072-30059,dryers,20632098-a,616000040,2026-10-06 00:45:01,2026-10-05 04:11:31,0,74010.0,-74010.0,,Error,
1,c3ae2525-0ac4-4f37-b004-c4562ae4a7cd,2026-10-06T00:46:01.256+00:00,2026-10-06T00:46:01.430+00:00,21072-30059,washers,20632118-b,716000000,2026-10-06 00:46:01,2026-10-06 00:40:40,0,321.0,-321.0,,Available,website maps this code to Available
1,c3ae2525-0ac4-4f37-b004-c4562ae4a7cd,2026-10-06T00:46:01.256+00:00,2026-10-06T00:46:01.430+00:00,21072-30059,washers,20632035-b,716000000,2026-10-06 00:46:01,2026-10-05 15:44:14,0,32507.0,-32507.0,,Available,website maps this code to Available
1,c3ae2525-0ac4-4f37-b004-c4562ae4a7cd,2026-10-06T00:46:01.256+00:00,2026-10-06T00:46:01.430+00:00,21072-30059,washers,20632102-b,716000000,2026-10-06 00:46:01,2026-10-05 23:03:37,0,6144.0,-6144.0,,Available,website maps this code to Available
1,c3ae2525-0ac4-4f37-b004-c4562ae4a7cd,2026-10-06T00:46:01.256+00:00,2026-10-06T00:46:01.430+00:00,21072-30059,washers,20632060-b,716000000,2026-10-06 00:46:01,2026-10-05 23:03:23,0,6158.0,-6158.0,,Available,website maps this code to Available
1,c3ae2525-0ac4-4f37-b004-c4562ae4a7cd,2026-10-06T00:46:01.256+00:00,2026-10-06T00:46:01.430+00:00,21072-30059,washers,20632117-b,716000000,2026-10-06 00:46:01,2026-10-05 23:03:21,0,6160.0,-6160.0,,Available,website maps this code to Available
1,c3ae2525-0ac4-4f37-b004-c4562ae4a7cd,2026-10-06T00:46:01.256+00:00,2026-10-06T00:46:01.430+00:00,21072-30059,washers,20632037-b,716000000,2026-10-06 00:46:01,2026-10-05 23:49:24,0,3397.0,-3397.0,,Available,website maps this code to Available
1,c3ae2525-0ac4-4f37-b004-c4562ae4a7cd,2026-10-06T00:46:01.256+00:00,2026-10-06T00:46:01.430+00:00,21072-30059,washers,20632092-b,716000000,2026-10-06 00:46:01,2026-10-05 23:04:12,0,6109.0,-6109.0,,Available,website maps this code to Available
1,c3ae2525-0ac4-4f37-b004-c4562ae4a7cd,2026-10-06T00:46:01.256+00:00,2026-10-06T00:46:01.430+00:00,21072-30059,washers,20632128-b,716000000,2026-10-06 00:46:01,2026-10-05 21:58:19,0,10062.0,-10062.0,,Available,website maps this code to Available
1,c3ae2525-0ac4-4f37-b004-c4562ae4a7cd,2026-10-06T00:46:01.256+00:00,2026-10-06T00:46:01.430+00:00,21072-30059,washers,20632044-b,716000000,2026-10-06 00:46:01,2026-10-05 23:44:53,0,3668.0,-3668.0,,Available,website maps this code to Available
1,c3ae2525-0ac4-4f37-b004-c4562ae4a7cd,2026-10-06T00:46:01.256+00:00,2026-10-06T00:46:01.430+00:00,21072-30059,washers,20632094-b,716000000,2026-10-06 00:46:01,2026-10-05 23:51:07,0,3294.0,-3294.0,,Available,website maps this code to Available
1,c3ae2525-0ac4-4f37-b004-c4562ae4a7cd,2026-10-06T00:46:01.256+00:00,2026-10-06T00:46:01.430+00:00,21072-30059,washers,20632123-b,716000000,2026-10-06 00:46:01,2026-10-06 00:05:40,0,2421.0,-2421.0,,Available,website maps this code to Available
1,c3ae2525-0ac4-4f37-b004-c4562ae4a7cd,2026-10-06T00:46:01.256+00:00,2026-10-06T00:46:01.430+00:00,21072-30059,washers,20632098-b,616000040,2026-10-06 00:46:01,2026-10-05 22:41:51,0,7450.0,-7450.0,,Error,
1,c3ae2525-0ac4-4f37-b004-c4562ae4a7cd,2026-10-06T00:46:01.256+00:00,2026-10-06T00:46:01.430+00:00,21072-30059,dryers,20632096-a,716000000,2026-10-06 00:46:01,2026-10-06 00:01:59,0,2642.0,-2642.0,,Available,website maps this code to Available
1,c3ae2525-0ac4-4f37-b004-c4562ae4a7cd,2026-10-06T00:46:01.256+00:00,2026-10-06T00:46:01.430+00:00,21072-30059,dryers,20632096-b,716000000,2026-10-06 00:46:01,2026-10-05 23:45:56,0,3605.0,-3605.0,,Available,website maps this code to Available
1,c3ae2525-0ac4-4f37-b004-c4562ae4a7cd,2026-10-06T00:46:01.256+00:00,2026-10-06T00:46:01.430+00:00,21072-30059,dryers,20632118-a,716000000,2026-10-06 00:46:01,2026-10-06 00:02:36,0,2605.0,-2605.0,,Available,website maps this code to Available
1,c3ae2525-0ac4-4f37-b004-c4562ae4a7cd,2026-10-06T00:46:01.256+00:00,2026-10-06T00:46:01.430+00:00,21072-30059,dryers,20632035-a,716000000,2026-10-06 00:46:01,2026-10-05 04:09:25,0,74196.0,-74196.0,,Available,website maps this code to Available
1,c3ae2525-0ac4-4f37-b004-c4562ae4a7cd,2026-10-06T00:46:01.256+00:00,2026-10-06T00:46:01.430+00:00,21072-30059,dryers,20632102-a,716000000,2026-10-06 00:46:01,2026-10-05 23:10:05,0,5756.0,-5756.0,,Available,website maps this code to Available
1,c3ae2525-0ac4-4f37-b004-c4562ae4a7cd,2026-10-06T00:46:01.256+00:00,2026-10-06T00:46:01.430+00:00,21072-30059,dryers,20632060-a,716000000,2026-10-06 00:46:01,2026-10-05 23:08:19,0,5862.0,-5862.0,,Available,website maps this code to Available
1,c3ae2525-0ac4-4f37-b004-c4562ae4a7cd,2026-10-06T00:46:01.256+00:00,2026-10-06T00:46:01.430+00:00,21072-30059,dryers,20632117-a,416000000,2026-10-06 00:46:01,2026-10-06 00:42:11,10,230.0,370.0,7,Running,
1,c3ae2525-0ac4-4f37-b004-c4562ae4a7cd,2026-10-06T00:46:01.256+00:00,2026-10-06T00:46:01.430+00:00,21072-30059,dryers,20632037-a,416000000,2026-10-06 00:46:01,2026-10-06 00:43:10,10,171.0,429.0,8,Running,
1,c3ae2525-0ac4-4f37-b004-c4562ae4a7cd,2026-10-06T00:46:01.256+00:00,2026-10-06T00:46:01.430+00:00,21072-30059,dryers,20632092-a,716000000,2026-10-06 00:46:01,2026-10-06 00:00:56,0,2705.0,-2705.0,,Available,website maps this code to Available
1,c3ae2525-0ac4-4f37-b004-c4562ae4a7cd,2026-10-06T00:46:01.256+00:00,2026-10-06T00:46:01.430+00:00,21072-30059,dryers,20632128-a,716000000,2026-10-06 00:46:01,2026-10-05 23:35:18,0,4243.0,-4243.0,,Available,website maps this code to Available
1,c3ae2525-0ac4-4f37-b004-c4562ae4a7cd,2026-10-06T00:46:01.256+00:00,2026-10-06T00:46:01.430+00:00,21072-30059,dryers,20632044-a,416000000,2026-10-06 00:46:01,2026-10-06 00:41:11,10,290.0,310.0,6,Running,
1,c3ae2525-0ac4-4f37-b004-c4562ae4a7cd,2026-10-06T00:46:01.256+00:00,2026-10-06T00:46:01.430+00:00,21072-30059,dryers,20632094-a,416000000,2026-10-06 00:46:01,2026-10-06 00:17:12,40,1729.0,671.0,12,Running,
1,c3ae2525-0ac4-4f37-b004-c4562ae4a7cd,2026-10-06T00:46:01.256+00:00,2026-10-06T00:46:01.430+00:00,21072-30059,dryers,20632123-a,716000000,2026-10-06 00:46:01,2026-10-06 00:05:38,0,2423.0,-2423.0,,Available,website maps this code to Available
1,c3ae2525-0ac4-4f37-b004-c4562ae4a7cd,2026-10-06T00:46:01.256+00:00,2026-10-06T00:46:01.430+00:00,21072-30059,dryers,20632098-a,616000040,2026-10-06 00:46:01,2026-10-05 04:11:31,0,74070.0,-74070.0,,Error,
1,b2dbce66-a85a-45cd-97d1-86c4a49f199b,2026-10-06T00:47:01.270+00:00,2026-10-06T00:47:01.462+00:00,21072-30059,washers,20632118-b,716000000,2026-10-06 00:47:01,2026-10-06 00:40:40,0,381.0,-381.0,,Available,website maps this code to Available
1,b2dbce66-a85a-45cd-97d1-86c4a49f199b,2026-10-06T00:47:01.270+00:00,2026-10-06T00:47:01.462+00:00,21072-30059,washers,20632035-b,716000000,2026-10-06 00:47:01,2026-10-05 15:44:14,0,32567.0,-32567.0,,Available,website maps this code to Available
1,b2dbce66-a85a-45cd-97d1-86c4a49f199b,2026-10-06T00:47:01.270+00:00,2026-10-06T00:47:01.462+00:00,21072-30059,washers,20632102-b,716000000,2026-10-06 00:47:01,2026-10-05 23:03:37,0,6204.0,-6204.0,,Available,website maps this code to Available
1,b2dbce66-a85a-45cd-97d1-86c4a49f199b,2026-10-06T00:47:01.270+00:00,2026-10-06T00:47:01.462+00:00,21072-30059,washers,20632060-b,716000000,2026-10-06 00:47:01,2026-10-05 23:03:23,0,6218.0,-6218.0,,Available,website maps this code to Available
1,b2dbce66-a85a-45cd-97d1-86c4a49f199b,2026-10-06T00:47:01.270+00:00,2026-10-06T00:47:01.462+00:00,21072-30059,washers,20632117-b,716000000,2026-10-06 00:47:01,2026-10-05 23:03:21,0,6220.0,-6220.0,,Available,website maps this code to Available
1,b2dbce66-a85a-45cd-97d1-86c4a49f199b,2026-10-06T00:47:01.270+00:00,2026-10-06T00:47:01.462+00:00,21072-30059,washers,20632037-b,716000000,2026-10-06 00:47:01,2026-10-05 23:49:24,0,3457.0,-3457.0,,Available,website maps this code to Available
1,b2dbce66-a85a-45cd-97d1-86c4a49f199b,2026-10-06T00:47:01.270+00:00,2026-10-06T00:47:01.462+00:00,21072-30059,washers,20632092-b,716000000,2026-10-06 00:47:01,2026-10-05 23:04:12,0,6169.0,-6169.0,,Available,website maps this code to Available
1,b2dbce66-a85a-45cd-97d1-86c4a49f199b,2026-10-06T00:47:01.270+00:00,2026-10-06T00:47:01.462+00:00,21072-30059,washers,20632128-b,716000000,2026-10-06 00:47:01,2026-10-05 21:58:19,0,10122.0,-10122.0,,Available,website maps this code to Available
1,b2dbce66-a85a-45cd-97d1-86c4a49f199b,2026-10-06T00:47:01.270+00:00,2026-10-06T00:47:01.462+00:00,21072-30059,washers,20632044-b,716000000,2026-10-06 00:47:01,2026-10-05 23:44:53,0,3728.0,-3728.0,,Available,website maps this code to Available
1,b2dbce66-a85a-45cd-97d1-86c4a49f199b,2026-10-06T00:47:01.270+00:00,2026-10-06T00:47:01.462+00:00,21072-30059,washers,20632094-b,716000000,2026-10-06 00:47:01,2026-10-05 23:51:07,0,3354.0,-3354.0,,Available,website maps this code to Available
1,b2dbce66-a85a-45cd-97d1-86c4a49f199b,2026-10-06T00:47:01.270+00:00,2026-10-06T00:47:01.462+00:00,21072-30059,washers,20632123-b,716000000,2026-10-06 00:47:01,2026-10-06 00:05:40,0,2481.0,-2481.0,,Available,website maps this code to Available
1,b2dbce66-a85a-45cd-97d1-86c4a49f199b,2026-10-06T00:47:01.270+00:00,2026-10-06T00:47:01.462+00:00,21072-30059,washers,20632098-b,616000040,2026-10-06 00:47:01,2026-10-05 22:41:51,0,7510.0,-7510.0,,Error,
1,b2dbce66-a85a-45cd-97d1-86c4a49f199b,2026-10-06T00:47:01.270+00:00,2026-10-06T00:47:01.462+00:00,21072-30059,dryers,20632096-a,716000000,2026-10-06 00:47:01,2026-10-06 00:01:59,0,2702.0,-2702.0,,Available,website maps this code to Available
1,b2dbce66-a85a-45cd-97d1-86c4a49f199b,2026-10-06T00:47:01.270+00:00,2026-10-06T00:47:01.462+00:00,21072-30059,dryers,20632096-b,716000000,2026-10-06 00:47:01,2026-10-05 23:45:56,0,3665.0,-3665.0,,Available,website maps this code to Available
1,b2dbce66-a85a-45cd-97d1-86c4a49f199b,2026-10-06T00:47:01.270+00:00,2026-10-06T00:47:01.462+00:00,21072-30059,dryers,20632118-a,716000000,2026-10-06 00:47:01,2026-10-06 00:02:36,0,2665.0,-2665.0,,Available,website maps this code to Available
1,b2dbce66-a85a-45cd-97d1-86c4a49f199b,2026-10-06T00:47:01.270+00:00,2026-10-06T00:47:01.462+00:00,21072-30059,dryers,20632035-a,716000000,2026-10-06 00:47:01,2026-10-05 04:09:25,0,74256.0,-74256.0,,Available,website maps this code to Available
1,b2dbce66-a85a-45cd-97d1-86c4a49f199b,2026-10-06T00:47:01.270+00:00,2026-10-06T00:47:01.462+00:00,21072-30059,dryers,20632102-a,716000000,2026-10-06 00:47:01,2026-10-05 23:10:05,0,5816.0,-5816.0,,Available,website maps this code to Available
1,b2dbce66-a85a-45cd-97d1-86c4a49f199b,2026-10-06T00:47:01.270+00:00,2026-10-06T00:47:01.462+00:00,21072-30059,dryers,20632060-a,716000000,2026-10-06 00:47:01,2026-10-05 23:08:19,0,5922.0,-5922.0,,Available,website maps this code to Available
1,b2dbce66-a85a-45cd-97d1-86c4a49f199b,2026-10-06T00:47:01.270+00:00,2026-10-06T00:47:01.462+00:00,21072-30059,dryers,20632117-a,416000000,2026-10-06 00:47:01,2026-10-06 00:42:11,10,290.0,310.0,6,Running,
1,b2dbce66-a85a-45cd-97d1-86c4a49f199b,2026-10-06T00:47:01.270+00:00,2026-10-06T00:47:01.462+00:00,21072-30059,dryers,20632037-a,416000000,2026-10-06 00:47:01,2026-10-06 00:43:10,10,231.0,369.0,7,Running,
1,b2dbce66-a85a-45cd-97d1-86c4a49f199b,2026-10-06T00:47:01.270+00:00,2026-10-06T00:47:01.462+00:00,21072-30059,dryers,20632092-a,716000000,2026-10-06 00:47:01,2026-10-06 00:00:56,0,2765.0,-2765.0,,Available,website maps this code to Available
1,b2dbce66-a85a-45cd-97d1-86c4a49f199b,2026-10-06T00:47:01.270+00:00,2026-10-06T00:47:01.462+00:00,21072-30059,dryers,20632128-a,716000000,2026-10-06 00:47:01,2026-10-05 23:35:18,0,4303.0,-4303.0,,Available,website maps this code to Available
1,b2dbce66-a85a-45cd-97d1-86c4a49f199b,2026-10-06T00:47:01.270+00:00,2026-10-06T00:47:01.462+00:00,21072-30059,dryers,20632044-a,416000000,2026-10-06 00:47:01,2026-10-06 00:41:11,10,350.0,250.0,5,Running,
1,b2dbce66-a85a-45cd-97d1-86c4a49f199b,2026-10-06T00:47:01.270+00:00,2026-10-06T00:47:01.462+00:00,21072-30059,dryers,20632094-a,416000000,2026-10-06 00:47:01,2026-10-06 00:46:34,10,27.0,573.0,10,Running,
1,b2dbce66-a85a-45cd-97d1-86c4a49f199b,2026-10-06T00:47:01.270+00:00,2026-10-06T00:47:01.462+00:00,21072-30059,dryers,20632123-a,716000000,2026-10-06 00:47:01,2026-10-06 00:05:38,0,2483.0,-2483.0,,Available,website maps this code to Available
1,b2dbce66-a85a-45cd-97d1-86c4a49f199b,2026-10-06T00:47:01.270+00:00,2026-10-06T00:47:01.462+00:00,21072-30059,dryers,20632098-a,616000040,2026-10-06 00:47:01,2026-10-05 04:11:31,0,74130.0,-74130.0,,Error,
1,8e6fe4d4-8364-4ae0-9d18-5649c5f0abf0,2026-10-06T00:48:01.290+00:00,2026-10-06T00:48:01.468+00:00,21072-30059,washers,20632118-b,716000000,2026-10-06 00:48:01,2026-10-06 00:40:40,0,441.0,-441.0,,Available,website maps this code to Available
1,8e6fe4d4-8364-4ae0-9d18-5649c5f0abf0,2026-10-06T00:48:01.290+00:00,2026-10-06T00:48:01.468+00:00,21072-30059,washers,20632035-b,716000000,2026-10-06 00:48:01,2026-10-05 15:44:14,0,32627.0,-32627.0,,Available,website maps this code to Available
1,8e6fe4d4-8364-4ae0-9d18-5649c5f0abf0,2026-10-06T00:48:01.290+00:00,2026-10-06T00:48:01.468+00:00,21072-30059,washers,20632102-b,716000000,2026-10-06 00:48:01,2026-10-05 23:03:37,0,6264.0,-6264.0,,Available,website maps this code to Available
1,8e6fe4d4-8364-4ae0-9d18-5649c5f0abf0,2026-10-06T00:48:01.290+00:00,2026-10-06T00:48:01.468+00:00,21072-30059,washers,20632060-b,716000000,2026-10-06 00:48:01,2026-10-05 23:03:23,0,6278.0,-6278.0,,Available,website maps this code to Available
1,8e6fe4d4-8364-4ae0-9d18-5649c5f0abf0,2026-10-06T00:48:01.290+00:00,2026-10-06T00:48:01.468+00:00,21072-30059,washers,20632117-b,716000000,2026-10-06 00:48:01,2026-10-05 23:03:21,0,6280.0,-6280.0,,Available,website maps this code to Available
1,8e6fe4d4-8364-4ae0-9d18-5649c5f0abf0,2026-10-06T00:48:01.290+00:00,2026-10-06T00:48:01.468+00:00,21072-30059,washers,20632037-b,716000000,2026-10-06 00:48:01,2026-10-05 23:49:24,0,3517.0,-3517.0,,Available,website maps this code to Available
1,8e6fe4d4-8364-4ae0-9d18-5649c5f0abf0,2026-10-06T00:48:01.290+00:00,2026-10-06T00:48:01.468+00:00,21072-30059,washers,20632092-b,716000000,2026-10-06 00:48:01,2026-10-05 23:04:12,0,6229.0,-6229.0,,Available,website maps this code to Available
1,8e6fe4d4-8364-4ae0-9d18-5649c5f0abf0,2026-10-06T00:48:01.290+00:00,2026-10-06T00:48:01.468+00:00,21072-30059,washers,20632128-b,716000000,2026-10-06 00:48:01,2026-10-05 21:58:19,0,10182.0,-10182.0,,Available,website maps this code to Available
1,8e6fe4d4-8364-4ae0-9d18-5649c5f0abf0,2026-10-06T00:48:01.290+00:00,2026-10-06T00:48:01.468+00:00,21072-30059,washers,20632044-b,716000000,2026-10-06 00:48:01,2026-10-05 23:44:53,0,3788.0,-3788.0,,Available,website maps this code to Available
1,8e6fe4d4-8364-4ae0-9d18-5649c5f0abf0,2026-10-06T00:48:01.290+00:00,2026-10-06T00:48:01.468+00:00,21072-30059,washers,20632094-b,716000000,2026-10-06 00:48:01,2026-10-05 23:51:07,0,3414.0,-3414.0,,Available,website maps this code to Available
1,8e6fe4d4-8364-4ae0-9d18-5649c5f0abf0,2026-10-06T00:48:01.290+00:00,2026-10-06T00:48:01.468+00:00,21072-30059,washers,20632123-b,716000000,2026-10-06 00:48:01,2026-10-06 00:05:40,0,2541.0,-2541.0,,Available,website maps this code to Available
1,8e6fe4d4-8364-4ae0-9d18-5649c5f0abf0,2026-10-06T00:48:01.290+00:00,2026-10-06T00:48:01.468+00:00,21072-30059,washers,20632098-b,616000040,2026-10-06 00:48:01,2026-10-05 22:41:51,0,7570.0,-7570.0,,Error,
1,8e6fe4d4-8364-4ae0-9d18-5649c5f0abf0,2026-10-06T00:48:01.290+00:00,2026-10-06T00:48:01.468+00:00,21072-30059,dryers,20632096-a,716000000,2026-10-06 00:48:01,2026-10-06 00:01:59,0,2762.0,-2762.0,,Available,website maps this code to Available
1,8e6fe4d4-8364-4ae0-9d18-5649c5f0abf0,2026-10-06T00:48:01.290+00:00,2026-10-06T00:48:01.468+00:00,21072-30059,dryers,20632096-b,716000000,2026-10-06 00:48:01,2026-10-05 23:45:56,0,3725.0,-3725.0,,Available,website maps this code to Available
1,8e6fe4d4-8364-4ae0-9d18-5649c5f0abf0,2026-10-06T00:48:01.290+00:00,2026-10-06T00:48:01.468+00:00,21072-30059,dryers,20632118-a,716000000,2026-10-06 00:48:01,2026-10-06 00:02:36,0,2725.0,-2725.0,,Available,website maps this code to Available
1,8e6fe4d4-8364-4ae0-9d18-5649c5f0abf0,2026-10-06T00:48:01.290+00:00,2026-10-06T00:48:01.468+00:00,21072-30059,dryers,20632035-a,716000000,2026-10-06 00:48:01,2026-10-05 04:09:25,0,74316.0,-74316.0,,Available,website maps this code to Available
1,8e6fe4d4-8364-4ae0-9d18-5649c5f0abf0,2026-10-06T00:48:01.290+00:00,2026-10-06T00:48:01.468+00:00,21072-30059,dryers,20632102-a,716000000,2026-10-06 00:48:01,2026-10-05 23:10:05,0,5876.0,-5876.0,,Available,website maps this code to Available
1,8e6fe4d4-8364-4ae0-9d18-5649c5f0abf0,2026-10-06T00:48:01.290+00:00,2026-10-06T00:48:01.468+00:00,21072-30059,dryers,20632060-a,716000000,2026-10-06 00:48:01,2026-10-05 23:08:19,0,5982.0,-5982.0,,Available,website maps this code to Available
1,8e6fe4d4-8364-4ae0-9d18-5649c5f0abf0,2026-10-06T00:48:01.290+00:00,2026-10-06T00:48:01.468+00:00,21072-30059,dryers,20632117-a,416000000,2026-10-06 00:48:01,2026-10-06 00:42:11,10,350.0,250.0,5,Running,
1,8e6fe4d4-8364-4ae0-9d18-5649c5f0abf0,2026-10-06T00:48:01.290+00:00,2026-10-06T00:48:01.468+00:00,21072-30059,dryers,20632037-a,416000000,2026-10-06 00:48:01,2026-10-06 00:43:10,10,291.0,309.0,6,Running,
1,8e6fe4d4-8364-4ae0-9d18-5649c5f0abf0,2026-10-06T00:48:01.290+00:00,2026-10-06T00:48:01.468+00:00,21072-30059,dryers,20632092-a,716000000,2026-10-06 00:48:01,2026-10-06 00:00:56,0,2825.0,-2825.0,,Available,website maps this code to Available
1,8e6fe4d4-8364-4ae0-9d18-5649c5f0abf0,2026-10-06T00:48:01.290+00:00,2026-10-06T00:48:01.468+00:00,21072-30059,dryers,20632128-a,716000000,2026-10-06 00:48:01,2026-10-05 23:35:18,0,4363.0,-4363.0,,Available,website maps this code to Available
1,8e6fe4d4-8364-4ae0-9d18-5649c5f0abf0,2026-10-06T00:48:01.290+00:00,2026-10-06T00:48:01.468+00:00,21072-30059,dryers,20632044-a,416000000,2026-10-06 00:48:01,2026-10-06 00:41:11,10,410.0,190.0,4,Running,
1,8e6fe4d4-8364-4ae0-9d18-5649c5f0abf0,2026-10-06T00:48:01.290+00:00,2026-10-06T00:48:01.468+00:00,21072-30059,dryers,20632094-a,416000000,2026-10-06 00:48:01,2026-10-06 00:46:34,10,87.0,513.0,9,Running,
1,8e6fe4d4-8364-4ae0-9d18-5649c5f0abf0,2026-10-06T00:48:01.290+00:00,2026-10-06T00:48:01.468+00:00,21072-30059,dryers,20632123-a,716000000,2026-10-06 00:48:01,2026-10-06 00:05:38,0,2543.0,-2543.0,,Available,website maps this code to Available
1,8e6fe4d4-8364-4ae0-9d18-5649c5f0abf0,2026-10-06T00:48:01.290+00:00,2026-10-06T00:48:01.468+00:00,21072-30059,dryers,20632098-a,616000040,2026-10-06 00:48:01,2026-10-05 04:11:31,0,74190.0,-74190.0,,Error,
1,fea5cee7-d520-4f27-b98d-9e5be85b6896,2026-10-06T00:49:01.267+00:00,2026-10-06T00:49:01.471+00:00,21072-30059,washers,20632118-b,716000000,2026-10-06 00:49:01,2026-10-06 00:40:40,0,501.0,-501.0,,Available,website maps this code to Available
1,fea5cee7-d520-4f27-b98d-9e5be85b6896,2026-10-06T00:49:01.267+00:00,2026-10-06T00:49:01.471+00:00,21072-30059,washers,20632035-b,716000000,2026-10-06 00:49:01,2026-10-05 15:44:14,0,32687.0,-32687.0,,Available,website maps this code to Available
1,fea5cee7-d520-4f27-b98d-9e5be85b6896,2026-10-06T00:49:01.267+00:00,2026-10-06T00:49:01.471+00:00,21072-30059,washers,20632102-b,716000000,2026-10-06 00:49:01,2026-10-05 23:03:37,0,6324.0,-6324.0,,Available,website maps this code to Available
1,fea5cee7-d520-4f27-b98d-9e5be85b6896,2026-10-06T00:49:01.267+00:00,2026-10-06T00:49:01.471+00:00,21072-30059,washers,20632060-b,716000000,2026-10-06 00:49:01,2026-10-05 23:03:23,0,6338.0,-6338.0,,Available,website maps this code to Available
1,fea5cee7-d520-4f27-b98d-9e5be85b6896,2026-10-06T00:49:01.267+00:00,2026-10-06T00:49:01.471+00:00,21072-30059,washers,20632117-b,716000000,2026-10-06 00:49:01,2026-10-05 23:03:21,0,6340.0,-6340.0,,Available,website maps this code to Available
1,fea5cee7-d520-4f27-b98d-9e5be85b6896,2026-10-06T00:49:01.267+00:00,2026-10-06T00:49:01.471+00:00,21072-30059,washers,20632037-b,716000000,2026-10-06 00:49:01,2026-10-05 23:49:24,0,3577.0,-3577.0,,Available,website maps this code to Available
1,fea5cee7-d520-4f27-b98d-9e5be85b6896,2026-10-06T00:49:01.267+00:00,2026-10-06T00:49:01.471+00:00,21072-30059,washers,20632092-b,716000000,2026-10-06 00:49:01,2026-10-05 23:04:12,0,6289.0,-6289.0,,Available,website maps this code to Available
1,fea5cee7-d520-4f27-b98d-9e5be85b6896,2026-10-06T00:49:01.267+00:00,2026-10-06T00:49:01.471+00:00,21072-30059,washers,20632128-b,716000000,2026-10-06 00:49:01,2026-10-05 21:58:19,0,10242.0,-10242.0,,Available,website maps this code to Available
1,fea5cee7-d520-4f27-b98d-9e5be85b6896,2026-10-06T00:49:01.267+00:00,2026-10-06T00:49:01.471+00:00,21072-30059,washers,20632044-b,716000000,2026-10-06 00:49:01,2026-10-05 23:44:53,0,3848.0,-3848.0,,Available,website maps this code to Available
1,fea5cee7-d520-4f27-b98d-9e5be85b6896,2026-10-06T00:49:01.267+00:00,2026-10-06T00:49:01.471+00:00,21072-30059,washers,20632094-b,716000000,2026-10-06 00:49:01,2026-10-05 23:51:07,0,3474.0,-3474.0,,Available,website maps this code to Available
1,fea5cee7-d520-4f27-b98d-9e5be85b6896,2026-10-06T00:49:01.267+00:00,2026-10-06T00:49:01.471+00:00,21072-30059,washers,20632123-b,716000000,2026-10-06 00:49:01,2026-10-06 00:05:40,0,2601.0,-2601.0,,Available,website maps this code to Available
1,fea5cee7-d520-4f27-b98d-9e5be85b6896,2026-10-06T00:49:01.267+00:00,2026-10-06T00:49:01.471+00:00,21072-30059,washers,20632098-b,616000040,2026-10-06 00:49:01,2026-10-05 22:41:51,0,7630.0,-7630.0,,Error,
1,fea5cee7-d520-4f27-b98d-9e5be85b6896,2026-10-06T00:49:01.267+00:00,2026-10-06T00:49:01.471+00:00,21072-30059,dryers,20632096-a,716000000,2026-10-06 00:49:01,2026-10-06 00:01:59,0,2822.0,-2822.0,,Available,website maps this code to Available
1,fea5cee7-d520-4f27-b98d-9e5be85b6896,2026-10-06T00:49:01.267+00:00,2026-10-06T00:49:01.471+00:00,21072-30059,dryers,20632096-b,716000000,2026-10-06 00:49:01,2026-10-05 23:45:56,0,3785.0,-3785.0,,Available,website maps this code to Available
1,fea5cee7-d520-4f27-b98d-9e5be85b6896,2026-10-06T00:49:01.267+00:00,2026-10-06T00:49:01.471+00:00,21072-30059,dryers,20632118-a,716000000,2026-10-06 00:49:01,2026-10-06 00:02:36,0,2785.0,-2785.0,,Available,website maps this code to Available
1,fea5cee7-d520-4f27-b98d-9e5be85b6896,2026-10-06T00:49:01.267+00:00,2026-10-06T00:49:01.471+00:00,21072-30059,dryers,20632035-a,716000000,2026-10-06 00:49:01,2026-10-05 04:09:25,0,74376.0,-74376.0,,Available,website maps this code to Available
1,fea5cee7-d520-4f27-b98d-9e5be85b6896,2026-10-06T00:49:01.267+00:00,2026-10-06T00:49:01.471+00:00,21072-30059,dryers,20632102-a,716000000,2026-10-06 00:49:01,2026-10-05 23:10:05,0,5936.0,-5936.0,,Available,website maps this code to Available
1,fea5cee7-d520-4f27-b98d-9e5be85b6896,2026-10-06T00:49:01.267+00:00,2026-10-06T00:49:01.471+00:00,21072-30059,dryers,20632060-a,716000000,2026-10-06 00:49:01,2026-10-05 23:08:19,0,6042.0,-6042.0,,Available,website maps this code to Available
1,fea5cee7-d520-4f27-b98d-9e5be85b6896,2026-10-06T00:49:01.267+00:00,2026-10-06T00:49:01.471+00:00,21072-30059,dryers,20632117-a,416000000,2026-10-06 00:49:01,2026-10-06 00:42:11,10,410.0,190.0,4,Running,
1,fea5cee7-d520-4f27-b98d-9e5be85b6896,2026-10-06T00:49:01.267+00:00,2026-10-06T00:49:01.471+00:00,21072-30059,dryers,20632037-a,416000000,2026-10-06 00:49:01,2026-10-06 00:43:10,10,351.0,249.0,5,Running,
1,fea5cee7-d520-4f27-b98d-9e5be85b6896,2026-10-06T00:49:01.267+00:00,2026-10-06T00:49:01.471+00:00,21072-30059,dryers,20632092-a,716000000,2026-10-06 00:49:01,2026-10-06 00:00:56,0,2885.0,-2885.0,,Available,website maps this code to Available
1,fea5cee7-d520-4f27-b98d-9e5be85b6896,2026-10-06T00:49:01.267+00:00,2026-10-06T00:49:01.471+00:00,21072-30059,dryers,20632128-a,716000000,2026-10-06 00:49:01,2026-10-05 23:35:18,0,4423.0,-4423.0,,Available,website maps this code to Available
1,fea5cee7-d520-4f27-b98d-9e5be85b6896,2026-10-06T00:49:01.267+00:00,2026-10-06T00:49:01.471+00:00,21072-30059,dryers,20632044-a,416000000,2026-10-06 00:49:01,2026-10-06 00:41:11,10,470.0,130.0,3,Running,
1,fea5cee7-d520-4f27-b98d-9e5be85b6896,2026-10-06T00:49:01.267+00:00,2026-10-06T00:49:01.471+00:00,21072-30059,dryers,20632094-a,416000000,2026-10-06 00:49:01,2026-10-06 00:46:34,10,147.0,453.0,8,Running,
1,fea5cee7-d520-4f27-b98d-9e5be85b6896,2026-10-06T00:49:01.267+00:00,2026-10-06T00:49:01.471+00:00,21072-30059,dryers,20632123-a,716000000,2026-10-06 00:49:01,2026-10-06 00:05:38,0,2603.0,-2603.0,,Available,website maps this code to Available
1,fea5cee7-d520-4f27-b98d-9e5be85b6896,2026-10-06T00:49:01.267+00:00,2026-10-06T00:49:01.471+00:00,21072-30059,dryers,20632098-a,616000040,2026-10-06 00:49:01,2026-10-05 04:11:31,0,74250.0,-74250.0,,Error,
1,5421038f-6e8e-4246-9a4c-a9c5782437b4,2026-10-06T00:50:01.374+00:00,2026-10-06T00:50:01.546+00:00,21072-30059,washers,20632118-b,716000000,2026-10-06 00:50:01,2026-10-06 00:40:40,0,561.0,-561.0,,Available,website maps this code to Available
1,5421038f-6e8e-4246-9a4c-a9c5782437b4,2026-10-06T00:50:01.374+00:00,2026-10-06T00:50:01.546+00:00,21072-30059,washers,20632035-b,716000000,2026-10-06 00:50:01,2026-10-05 15:44:14,0,32747.0,-32747.0,,Available,website maps this code to Available
1,5421038f-6e8e-4246-9a4c-a9c5782437b4,2026-10-06T00:50:01.374+00:00,2026-10-06T00:50:01.546+00:00,21072-30059,washers,20632102-b,716000000,2026-10-06 00:50:01,2026-10-05 23:03:37,0,6384.0,-6384.0,,Available,website maps this code to Available
1,5421038f-6e8e-4246-9a4c-a9c5782437b4,2026-10-06T00:50:01.374+00:00,2026-10-06T00:50:01.546+00:00,21072-30059,washers,20632060-b,716000000,2026-10-06 00:50:01,2026-10-05 23:03:23,0,6398.0,-6398.0,,Available,website maps this code to Available
1,5421038f-6e8e-4246-9a4c-a9c5782437b4,2026-10-06T00:50:01.374+00:00,2026-10-06T00:50:01.546+00:00,21072-30059,washers,20632117-b,716000000,2026-10-06 00:50:01,2026-10-05 23:03:21,0,6400.0,-6400.0,,Available,website maps this code to Available
1,5421038f-6e8e-4246-9a4c-a9c5782437b4,2026-10-06T00:50:01.374+00:00,2026-10-06T00:50:01.546+00:00,21072-30059,washers,20632037-b,716000000,2026-10-06 00:50:01,2026-10-05 23:49:24,0,3637.0,-3637.0,,Available,website maps this code to Available
1,5421038f-6e8e-4246-9a4c-a9c5782437b4,2026-10-06T00:50:01.374+00:00,2026-10-06T00:50:01.546+00:00,21072-30059,washers,20632092-b,716000000,2026-10-06 00:50:01,2026-10-05 23:04:12,0,6349.0,-6349.0,,Available,website maps this code to Available
1,5421038f-6e8e-4246-9a4c-a9c5782437b4,2026-10-06T00:50:01.374+00:00,2026-10-06T00:50:01.546+00:00,21072-30059,washers,20632128-b,716000000,2026-10-06 00:50:01,2026-10-05 21:58:19,0,10302.0,-10302.0,,Available,website maps this code to Available
1,5421038f-6e8e-4246-9a4c-a9c5782437b4,2026-10-06T00:50:01.374+00:00,2026-10-06T00:50:01.546+00:00,21072-30059,washers,20632044-b,716000000,2026-10-06 00:50:01,2026-10-05 23:44:53,0,3908.0,-3908.0,,Available,website maps this code to Available
1,5421038f-6e8e-4246-9a4c-a9c5782437b4,2026-10-06T00:50:01.374+00:00,2026-10-06T00:50:01.546+00:00,21072-30059,washers,20632094-b,716000000,2026-10-06 00:50:01,2026-10-05 23:51:07,0,3534.0,-3534.0,,Available,website maps this code to Available
1,5421038f-6e8e-4246-9a4c-a9c5782437b4,2026-10-06T00:50:01.374+00:00,2026-10-06T00:50:01.546+00:00,21072-30059,washers,20632123-b,716000000,2026-10-06 00:50:01,2026-10-06 00:05:40,0,2661.0,-2661.0,,Available,website maps this code to Available
1,5421038f-6e8e-4246-9a4c-a9c5782437b4,2026-10-06T00:50:01.374+00:00,2026-10-06T00:50:01.546+00:00,21072-30059,washers,20632098-b,616000040,2026-10-06 00:50:01,2026-10-05 22:41:51,0,7690.0,-7690.0,,Error,
1,5421038f-6e8e-4246-9a4c-a9c5782437b4,2026-10-06T00:50:01.374+00:00,2026-10-06T00:50:01.546+00:00,21072-30059,dryers,20632096-a,716000000,2026-10-06 00:50:01,2026-10-06 00:01:59,0,2882.0,-2882.0,,Available,website maps this code to Available
1,5421038f-6e8e-4246-9a4c-a9c5782437b4,2026-10-06T00:50:01.374+00:00,2026-10-06T00:50:01.546+00:00,21072-30059,dryers,20632096-b,716000000,2026-10-06 00:50:01,2026-10-05 23:45:56,0,3845.0,-3845.0,,Available,website maps this code to Available
1,5421038f-6e8e-4246-9a4c-a9c5782437b4,2026-10-06T00:50:01.374+00:00,2026-10-06T00:50:01.546+00:00,21072-30059,dryers,20632118-a,716000000,2026-10-06 00:50:01,2026-10-06 00:02:36,0,2845.0,-2845.0,,Available,website maps this code to Available
1,5421038f-6e8e-4246-9a4c-a9c5782437b4,2026-10-06T00:50:01.374+00:00,2026-10-06T00:50:01.546+00:00,21072-30059,dryers,20632035-a,716000000,2026-10-06 00:50:01,2026-10-05 04:09:25,0,74436.0,-74436.0,,Available,website maps this code to Available
1,5421038f-6e8e-4246-9a4c-a9c5782437b4,2026-10-06T00:50:01.374+00:00,2026-10-06T00:50:01.546+00:00,21072-30059,dryers,20632102-a,716000000,2026-10-06 00:50:01,2026-10-05 23:10:05,0,5996.0,-5996.0,,Available,website maps this code to Available
1,5421038f-6e8e-4246-9a4c-a9c5782437b4,2026-10-06T00:50:01.374+00:00,2026-10-06T00:50:01.546+00:00,21072-30059,dryers,20632060-a,716000000,2026-10-06 00:50:01,2026-10-05 23:08:19,0,6102.0,-6102.0,,Available,website maps this code to Available
1,5421038f-6e8e-4246-9a4c-a9c5782437b4,2026-10-06T00:50:01.374+00:00,2026-10-06T00:50:01.546+00:00,21072-30059,dryers,20632117-a,416000000,2026-10-06 00:50:01,2026-10-06 00:42:11,10,470.0,130.0,3,Running,
1,5421038f-6e8e-4246-9a4c-a9c5782437b4,2026-10-06T00:50:01.374+00:00,2026-10-06T00:50:01.546+00:00,21072-30059,dryers,20632037-a,416000000,2026-10-06 00:50:01,2026-10-06 00:43:10,10,411.0,189.0,4,Running,
1,5421038f-6e8e-4246-9a4c-a9c5782437b4,2026-10-06T00:50:01.374+00:00,2026-10-06T00:50:01.546+00:00,21072-30059,dryers,20632092-a,716000000,2026-10-06 00:50:01,2026-10-06 00:00:56,0,2945.0,-2945.0,,Available,website maps this code to Available
1,5421038f-6e8e-4246-9a4c-a9c5782437b4,2026-10-06T00:50:01.374+00:00,2026-10-06T00:50:01.546+00:00,21072-30059,dryers,20632128-a,716000000,2026-10-06 00:50:01,2026-10-05 23:35:18,0,4483.0,-4483.0,,Available,website maps this code to Available
1,5421038f-6e8e-4246-9a4c-a9c5782437b4,2026-10-06T00:50:01.374+00:00,2026-10-06T00:50:01.546+00:00,21072-30059,dryers,20632044-a,416000000,2026-10-06 00:50:01,2026-10-06 00:41:11,10,530.0,70.0,2,Running,
1,5421038f-6e8e-4246-9a4c-a9c5782437b4,2026-10-06T00:50:01.374+00:00,2026-10-06T00:50:01.546+00:00,21072-30059,dryers,20632094-a,416000000,2026-10-06 00:50:01,2026-10-06 00:46:34,10,207.0,393.0,7,Running,
1,5421038f-6e8e-4246-9a4c-a9c5782437b4,2026-10-06T00:50:01.374+00:00,2026-10-06T00:50:01.546+00:00,21072-30059,dryers,20632123-a,716000000,2026-10-06 00:50:01,2026-10-06 00:05:38,0,2663.0,-2663.0,,Available,website maps this code to Available
1,5421038f-6e8e-4246-9a4c-a9c5782437b4,2026-10-06T00:50:01.374+00:00,2026-10-06T00:50:01.546+00:00,21072-30059,dryers,20632098-a,616000040,2026-10-06 00:50:01,2026-10-05 04:11:31,0,74310.0,-74310.0,,Error,
1,a61f7682-87a9-4073-a1bd-52482011cf14,2026-10-06T00:51:01.275+00:00,2026-10-06T00:51:01.455+00:00,21072-30059,washers,20632118-b,716000000,2026-10-06 00:51:01,2026-10-06 00:40:40,0,621.0,-621.0,,Available,website maps this code to Available
1,a61f7682-87a9-4073-a1bd-52482011cf14,2026-10-06T00:51:01.275+00:00,2026-10-06T00:51:01.455+00:00,21072-30059,washers,20632035-b,716000000,2026-10-06 00:51:01,2026-10-05 15:44:14,0,32807.0,-32807.0,,Available,website maps this code to Available
1,a61f7682-87a9-4073-a1bd-52482011cf14,2026-10-06T00:51:01.275+00:00,2026-10-06T00:51:01.455+00:00,21072-30059,washers,20632102-b,716000000,2026-10-06 00:51:01,2026-10-05 23:03:37,0,6444.0,-6444.0,,Available,website maps this code to Available
1,a61f7682-87a9-4073-a1bd-52482011cf14,2026-10-06T00:51:01.275+00:00,2026-10-06T00:51:01.455+00:00,21072-30059,washers,20632060-b,716000000,2026-10-06 00:51:01,2026-10-05 23:03:23,0,6458.0,-6458.0,,Available,website maps this code to Available
1,a61f7682-87a9-4073-a1bd-52482011cf14,2026-10-06T00:51:01.275+00:00,2026-10-06T00:51:01.455+00:00,21072-30059,washers,20632117-b,716000000,2026-10-06 00:51:01,2026-10-05 23:03:21,0,6460.0,-6460.0,,Available,website maps this code to Available
1,a61f7682-87a9-4073-a1bd-52482011cf14,2026-10-06T00:51:01.275+00:00,2026-10-06T00:51:01.455+00:00,21072-30059,washers,20632037-b,716000000,2026-10-06 00:51:01,2026-10-05 23:49:24,0,3697.0,-3697.0,,Available,website maps this code to Available
1,a61f7682-87a9-4073-a1bd-52482011cf14,2026-10-06T00:51:01.275+00:00,2026-10-06T00:51:01.455+00:00,21072-30059,washers,20632092-b,716000000,2026-10-06 00:51:01,2026-10-05 23:04:12,0,6409.0,-6409.0,,Available,website maps this code to Available
1,a61f7682-87a9-4073-a1bd-52482011cf14,2026-10-06T00:51:01.275+00:00,2026-10-06T00:51:01.455+00:00,21072-30059,washers,20632128-b,716000000,2026-10-06 00:51:01,2026-10-05 21:58:19,0,10362.0,-10362.0,,Available,website maps this code to Available
1,a61f7682-87a9-4073-a1bd-52482011cf14,2026-10-06T00:51:01.275+00:00,2026-10-06T00:51:01.455+00:00,21072-30059,washers,20632044-b,716000000,2026-10-06 00:51:01,2026-10-05 23:44:53,0,3968.0,-3968.0,,Available,website maps this code to Available
1,a61f7682-87a9-4073-a1bd-52482011cf14,2026-10-06T00:51:01.275+00:00,2026-10-06T00:51:01.455+00:00,21072-30059,washers,20632094-b,716000000,2026-10-06 00:51:01,2026-10-05 23:51:07,0,3594.0,-3594.0,,Available,website maps this code to Available
1,a61f7682-87a9-4073-a1bd-52482011cf14,2026-10-06T00:51:01.275+00:00,2026-10-06T00:51:01.455+00:00,21072-30059,washers,20632123-b,716000000,2026-10-06 00:51:01,2026-10-06 00:05:40,0,2721.0,-2721.0,,Available,website maps this code to Available
1,a61f7682-87a9-4073-a1bd-52482011cf14,2026-10-06T00:51:01.275+00:00,2026-10-06T00:51:01.455+00:00,21072-30059,washers,20632098-b,616000040,2026-10-06 00:51:01,2026-10-05 22:41:51,0,7750.0,-7750.0,,Error,
1,a61f7682-87a9-4073-a1bd-52482011cf14,2026-10-06T00:51:01.275+00:00,2026-10-06T00:51:01.455+00:00,21072-30059,dryers,20632096-a,716000000,2026-10-06 00:51:01,2026-10-06 00:01:59,0,2942.0,-2942.0,,Available,website maps this code to Available
1,a61f7682-87a9-4073-a1bd-52482011cf14,2026-10-06T00:51:01.275+00:00,2026-10-06T00:51:01.455+00:00,21072-30059,dryers,20632096-b,716000000,2026-10-06 00:51:01,2026-10-05 23:45:56,0,3905.0,-3905.0,,Available,website maps this code to Available
1,a61f7682-87a9-4073-a1bd-52482011cf14,2026-10-06T00:51:01.275+00:00,2026-10-06T00:51:01.455+00:00,21072-30059,dryers,20632118-a,716000000,2026-10-06 00:51:01,2026-10-06 00:02:36,0,2905.0,-2905.0,,Available,website maps this code to Available
1,a61f7682-87a9-4073-a1bd-52482011cf14,2026-10-06T00:51:01.275+00:00,2026-10-06T00:51:01.455+00:00,21072-30059,dryers,20632035-a,716000000,2026-10-06 00:51:01,2026-10-05 04:09:25,0,74496.0,-74496.0,,Available,website maps this code to Available
1,a61f7682-87a9-4073-a1bd-52482011cf14,2026-10-06T00:51:01.275+00:00,2026-10-06T00:51:01.455+00:00,21072-30059,dryers,20632102-a,716000000,2026-10-06 00:51:01,2026-10-05 23:10:05,0,6056.0,-6056.0,,Available,website maps this code to Available
1,a61f7682-87a9-4073-a1bd-52482011cf14,2026-10-06T00:51:01.275+00:00,2026-10-06T00:51:01.455+00:00,21072-30059,dryers,20632060-a,716000000,2026-10-06 00:51:01,2026-10-05 23:08:19,0,6162.0,-6162.0,,Available,website maps this code to Available
1,a61f7682-87a9-4073-a1bd-52482011cf14,2026-10-06T00:51:01.275+00:00,2026-10-06T00:51:01.455+00:00,21072-30059,dryers,20632117-a,416000000,2026-10-06 00:51:01,2026-10-06 00:42:11,10,530.0,70.0,2,Running,
1,a61f7682-87a9-4073-a1bd-52482011cf14,2026-10-06T00:51:01.275+00:00,2026-10-06T00:51:01.455+00:00,21072-30059,dryers,20632037-a,416000000,2026-10-06 00:51:01,2026-10-06 00:43:10,10,471.0,129.0,3,Running,
1,a61f7682-87a9-4073-a1bd-52482011cf14,2026-10-06T00:51:01.275+00:00,2026-10-06T00:51:01.455+00:00,21072-30059,dryers,20632092-a,716000000,2026-10-06 00:51:01,2026-10-06 00:00:56,0,3005.0,-3005.0,,Available,website maps this code to Available
1,a61f7682-87a9-4073-a1bd-52482011cf14,2026-10-06T00:51:01.275+00:00,2026-10-06T00:51:01.455+00:00,21072-30059,dryers,20632128-a,716000000,2026-10-06 00:51:01,2026-10-05 23:35:18,0,4543.0,-4543.0,,Available,website maps this code to Available
1,a61f7682-87a9-4073-a1bd-52482011cf14,2026-10-06T00:51:01.275+00:00,2026-10-06T00:51:01.455+00:00,21072-30059,dryers,20632044-a,416000000,2026-10-06 00:51:01,2026-10-06 00:41:11,10,590.0,10.0,1,Running,
1,a61f7682-87a9-4073-a1bd-52482011cf14,2026-10-06T00:51:01.275+00:00,2026-10-06T00:51:01.455+00:00,21072-30059,dryers,20632094-a,416000000,2026-10-06 00:51:01,2026-10-06 00:46:34,10,267.0,333.0,6,Running,
1,a61f7682-87a9-4073-a1bd-52482011cf14,2026-10-06T00:51:01.275+00:00,2026-10-06T00:51:01.455+00:00,21072-30059,dryers,20632123-a,716000000,2026-10-06 00:51:01,2026-10-06 00:05:38,0,2723.0,-2723.0,,Available,website maps this code to Available
1,a61f7682-87a9-4073-a1bd-52482011cf14,2026-10-06T00:51:01.275+00:00,2026-10-06T00:51:01.455+00:00,21072-30059,dryers,20632098-a,616000040,2026-10-06 00:51:01,2026-10-05 04:11:31,0,74370.0,-74370.0,,Error,
1,8bf0214f-5df6-4f4d-a686-811186ad4745,2026-10-06T00:52:01.163+00:00,2026-10-06T00:52:01.408+00:00,21072-30059,washers,20632118-b,716000000,2026-10-06 00:52:01,2026-10-06 00:40:40,0,681.0,-681.0,,Available,website maps this code to Available
1,8bf0214f-5df6-4f4d-a686-811186ad4745,2026-10-06T00:52:01.163+00:00,2026-10-06T00:52:01.408+00:00,21072-30059,washers,20632035-b,716000000,2026-10-06 00:52:01,2026-10-05 15:44:14,0,32867.0,-32867.0,,Available,website maps this code to Available
1,8bf0214f-5df6-4f4d-a686-811186ad4745,2026-10-06T00:52:01.163+00:00,2026-10-06T00:52:01.408+00:00,21072-30059,washers,20632102-b,716000000,2026-10-06 00:52:01,2026-10-05 23:03:37,0,6504.0,-6504.0,,Available,website maps this code to Available
1,8bf0214f-5df6-4f4d-a686-811186ad4745,2026-10-06T00:52:01.163+00:00,2026-10-06T00:52:01.408+00:00,21072-30059,washers,20632060-b,716000000,2026-10-06 00:52:01,2026-10-05 23:03:23,0,6518.0,-6518.0,,Available,website maps this code to Available
1,8bf0214f-5df6-4f4d-a686-811186ad4745,2026-10-06T00:52:01.163+00:00,2026-10-06T00:52:01.408+00:00,21072-30059,washers,20632117-b,716000000,2026-10-06 00:52:01,2026-10-05 23:03:21,0,6520.0,-6520.0,,Available,website maps this code to Available
1,8bf0214f-5df6-4f4d-a686-811186ad4745,2026-10-06T00:52:01.163+00:00,2026-10-06T00:52:01.408+00:00,21072-30059,washers,20632037-b,716000000,2026-10-06 00:52:01,2026-10-05 23:49:24,0,3757.0,-3757.0,,Available,website maps this code to Available
1,8bf0214f-5df6-4f4d-a686-811186ad4745,2026-10-06T00:52:01.163+00:00,2026-10-06T00:52:01.408+00:00,21072-30059,washers,20632092-b,716000000,2026-10-06 00:52:01,2026-10-05 23:04:12,0,6469.0,-6469.0,,Available,website maps this code to Available
1,8bf0214f-5df6-4f4d-a686-811186ad4745,2026-10-06T00:52:01.163+00:00,2026-10-06T00:52:01.408+00:00,21072-30059,washers,20632128-b,716000000,2026-10-06 00:52:01,2026-10-05 21:58:19,0,10422.0,-10422.0,,Available,website maps this code to Available
1,8bf0214f-5df6-4f4d-a686-811186ad4745,2026-10-06T00:52:01.163+00:00,2026-10-06T00:52:01.408+00:00,21072-30059,washers,20632044-b,716000000,2026-10-06 00:52:01,2026-10-05 23:44:53,0,4028.0,-4028.0,,Available,website maps this code to Available
1,8bf0214f-5df6-4f4d-a686-811186ad4745,2026-10-06T00:52:01.163+00:00,2026-10-06T00:52:01.408+00:00,21072-30059,washers,20632094-b,716000000,2026-10-06 00:52:01,2026-10-05 23:51:07,0,3654.0,-3654.0,,Available,website maps this code to Available
1,8bf0214f-5df6-4f4d-a686-811186ad4745,2026-10-06T00:52:01.163+00:00,2026-10-06T00:52:01.408+00:00,21072-30059,washers,20632123-b,716000000,2026-10-06 00:52:01,2026-10-06 00:05:40,0,2781.0,-2781.0,,Available,website maps this code to Available
1,8bf0214f-5df6-4f4d-a686-811186ad4745,2026-10-06T00:52:01.163+00:00,2026-10-06T00:52:01.408+00:00,21072-30059,washers,20632098-b,616000040,2026-10-06 00:52:01,2026-10-05 22:41:51,0,7810.0,-7810.0,,Error,
1,8bf0214f-5df6-4f4d-a686-811186ad4745,2026-10-06T00:52:01.163+00:00,2026-10-06T00:52:01.408+00:00,21072-30059,dryers,20632096-a,716000000,2026-10-06 00:52:01,2026-10-06 00:01:59,0,3002.0,-3002.0,,Available,website maps this code to Available
1,8bf0214f-5df6-4f4d-a686-811186ad4745,2026-10-06T00:52:01.163+00:00,2026-10-06T00:52:01.408+00:00,21072-30059,dryers,20632096-b,716000000,2026-10-06 00:52:01,2026-10-05 23:45:56,0,3965.0,-3965.0,,Available,website maps this code to Available
1,8bf0214f-5df6-4f4d-a686-811186ad4745,2026-10-06T00:52:01.163+00:00,2026-10-06T00:52:01.408+00:00,21072-30059,dryers,20632118-a,716000000,2026-10-06 00:52:01,2026-10-06 00:02:36,0,2965.0,-2965.0,,Available,website maps this code to Available
1,8bf0214f-5df6-4f4d-a686-811186ad4745,2026-10-06T00:52:01.163+00:00,2026-10-06T00:52:01.408+00:00,21072-30059,dryers,20632035-a,716000000,2026-10-06 00:52:01,2026-10-05 04:09:25,0,74556.0,-74556.0,,Available,website maps this code to Available
1,8bf0214f-5df6-4f4d-a686-811186ad4745,2026-10-06T00:52:01.163+00:00,2026-10-06T00:52:01.408+00:00,21072-30059,dryers,20632102-a,716000000,2026-10-06 00:52:01,2026-10-05 23:10:05,0,6116.0,-6116.0,,Available,website maps this code to Available
1,8bf0214f-5df6-4f4d-a686-811186ad4745,2026-10-06T00:52:01.163+00:00,2026-10-06T00:52:01.408+00:00,21072-30059,dryers,20632060-a,716000000,2026-10-06 00:52:01,2026-10-05 23:08:19,0,6222.0,-6222.0,,Available,website maps this code to Available
1,8bf0214f-5df6-4f4d-a686-811186ad4745,2026-10-06T00:52:01.163+00:00,2026-10-06T00:52:01.408+00:00,21072-30059,dryers,20632117-a,416000000,2026-10-06 00:52:01,2026-10-06 00:42:11,10,590.0,10.0,1,Running,
1,8bf0214f-5df6-4f4d-a686-811186ad4745,2026-10-06T00:52:01.163+00:00,2026-10-06T00:52:01.408+00:00,21072-30059,dryers,20632037-a,416000000,2026-10-06 00:52:01,2026-10-06 00:43:10,10,531.0,69.0,2,Running,
1,8bf0214f-5df6-4f4d-a686-811186ad4745,2026-10-06T00:52:01.163+00:00,2026-10-06T00:52:01.408+00:00,21072-30059,dryers,20632092-a,716000000,2026-10-06 00:52:01,2026-10-06 00:00:56,0,3065.0,-3065.0,,Available,website maps this code to Available
1,8bf0214f-5df6-4f4d-a686-811186ad4745,2026-10-06T00:52:01.163+00:00,2026-10-06T00:52:01.408+00:00,21072-30059,dryers,20632128-a,716000000,2026-10-06 00:52:01,2026-10-05 23:35:18,0,4603.0,-4603.0,,Available,website maps this code to Available
1,8bf0214f-5df6-4f4d-a686-811186ad4745,2026-10-06T00:52:01.163+00:00,2026-10-06T00:52:01.408+00:00,21072-30059,dryers,20632044-a,716000000,2026-10-06 00:52:01,2026-10-06 00:51:31,0,30.0,-30.0,,Available,website maps this code to Available
1,8bf0214f-5df6-4f4d-a686-811186ad4745,2026-10-06T00:52:01.163+00:00,2026-10-06T00:52:01.408+00:00,21072-30059,dryers,20632094-a,416000000,2026-10-06 00:52:01,2026-10-06 00:46:34,10,327.0,273.0,5,Running,
1,8bf0214f-5df6-4f4d-a686-811186ad4745,2026-10-06T00:52:01.163+00:00,2026-10-06T00:52:01.408+00:00,21072-30059,dryers,20632123-a,716000000,2026-10-06 00:52:01,2026-10-06 00:05:38,0,2783.0,-2783.0,,Available,website maps this code to Available
1,8bf0214f-5df6-4f4d-a686-811186ad4745,2026-10-06T00:52:01.163+00:00,2026-10-06T00:52:01.408+00:00,21072-30059,dryers,20632098-a,616000040,2026-10-06 00:52:01,2026-10-05 04:11:31,0,74430.0,-74430.0,,Error,
1,b1f02eb4-dbca-4686-8567-3c75cbf4ee9c,2026-10-06T00:53:01.310+00:00,2026-10-06T00:53:01.524+00:00,21072-30059,washers,20632118-b,716000000,2026-10-06 00:53:01,2026-10-06 00:40:40,0,741.0,-741.0,,Available,website maps this code to Available
1,b1f02eb4-dbca-4686-8567-3c75cbf4ee9c,2026-10-06T00:53:01.310+00:00,2026-10-06T00:53:01.524+00:00,21072-30059,washers,20632035-b,716000000,2026-10-06 00:53:01,2026-10-05 15:44:14,0,32927.0,-32927.0,,Available,website maps this code to Available
1,b1f02eb4-dbca-4686-8567-3c75cbf4ee9c,2026-10-06T00:53:01.310+00:00,2026-10-06T00:53:01.524+00:00,21072-30059,washers,20632102-b,716000000,2026-10-06 00:53:01,2026-10-05 23:03:37,0,6564.0,-6564.0,,Available,website maps this code to Available
1,b1f02eb4-dbca-4686-8567-3c75cbf4ee9c,2026-10-06T00:53:01.310+00:00,2026-10-06T00:53:01.524+00:00,21072-30059,washers,20632060-b,716000000,2026-10-06 00:53:01,2026-10-05 23:03:23,0,6578.0,-6578.0,,Available,website maps this code to Available
1,b1f02eb4-dbca-4686-8567-3c75cbf4ee9c,2026-10-06T00:53:01.310+00:00,2026-10-06T00:53:01.524+00:00,21072-30059,washers,20632117-b,716000000,2026-10-06 00:53:01,2026-10-05 23:03:21,0,6580.0,-6580.0,,Available,website maps this code to Available
1,b1f02eb4-dbca-4686-8567-3c75cbf4ee9c,2026-10-06T00:53:01.310+00:00,2026-10-06T00:53:01.524+00:00,21072-30059,washers,20632037-b,716000000,2026-10-06 00:53:01,2026-10-05 23:49:24,0,3817.0,-3817.0,,Available,website maps this code to Available
1,b1f02eb4-dbca-4686-8567-3c75cbf4ee9c,2026-10-06T00:53:01.310+00:00,2026-10-06T00:53:01.524+00:00,21072-30059,washers,20632092-b,716000000,2026-10-06 00:53:01,2026-10-05 23:04:12,0,6529.0,-6529.0,,Available,website maps this code to Available
1,b1f02eb4-dbca-4686-8567-3c75cbf4ee9c,2026-10-06T00:53:01.310+00:00,2026-10-06T00:53:01.524+00:00,21072-30059,washers,20632128-b,716000000,2026-10-06 00:53:01,2026-10-05 21:58:19,0,10482.0,-10482.0,,Available,website maps this code to Available
1,b1f02eb4-dbca-4686-8567-3c75cbf4ee9c,2026-10-06T00:53:01.310+00:00,2026-10-06T00:53:01.524+00:00,21072-30059,washers,20632044-b,716000000,2026-10-06 00:53:01,2026-10-05 23:44:53,0,4088.0,-4088.0,,Available,website maps this code to Available
1,b1f02eb4-dbca-4686-8567-3c75cbf4ee9c,2026-10-06T00:53:01.310+00:00,2026-10-06T00:53:01.524+00:00,21072-30059,washers,20632094-b,716000000,2026-10-06 00:53:01,2026-10-05 23:51:07,0,3714.0,-3714.0,,Available,website maps this code to Available
1,b1f02eb4-dbca-4686-8567-3c75cbf4ee9c,2026-10-06T00:53:01.310+00:00,2026-10-06T00:53:01.524+00:00,21072-30059,washers,20632123-b,716000000,2026-10-06 00:53:01,2026-10-06 00:05:40,0,2841.0,-2841.0,,Available,website maps this code to Available
1,b1f02eb4-dbca-4686-8567-3c75cbf4ee9c,2026-10-06T00:53:01.310+00:00,2026-10-06T00:53:01.524+00:00,21072-30059,washers,20632098-b,616000040,2026-10-06 00:53:01,2026-10-05 22:41:51,0,7870.0,-7870.0,,Error,
1,b1f02eb4-dbca-4686-8567-3c75cbf4ee9c,2026-10-06T00:53:01.310+00:00,2026-10-06T00:53:01.524+00:00,21072-30059,dryers,20632096-a,716000000,2026-10-06 00:53:01,2026-10-06 00:01:59,0,3062.0,-3062.0,,Available,website maps this code to Available
1,b1f02eb4-dbca-4686-8567-3c75cbf4ee9c,2026-10-06T00:53:01.310+00:00,2026-10-06T00:53:01.524+00:00,21072-30059,dryers,20632096-b,716000000,2026-10-06 00:53:01,2026-10-05 23:45:56,0,4025.0,-4025.0,,Available,website maps this code to Available
1,b1f02eb4-dbca-4686-8567-3c75cbf4ee9c,2026-10-06T00:53:01.310+00:00,2026-10-06T00:53:01.524+00:00,21072-30059,dryers,20632118-a,716000000,2026-10-06 00:53:01,2026-10-06 00:02:36,0,3025.0,-3025.0,,Available,website maps this code to Available
1,b1f02eb4-dbca-4686-8567-3c75cbf4ee9c,2026-10-06T00:53:01.310+00:00,2026-10-06T00:53:01.524+00:00,21072-30059,dryers,20632035-a,716000000,2026-10-06 00:53:01,2026-10-05 04:09:25,0,74616.0,-74616.0,,Available,website maps this code to Available
1,b1f02eb4-dbca-4686-8567-3c75cbf4ee9c,2026-10-06T00:53:01.310+00:00,2026-10-06T00:53:01.524+00:00,21072-30059,dryers,20632102-a,716000000,2026-10-06 00:53:01,2026-10-05 23:10:05,0,6176.0,-6176.0,,Available,website maps this code to Available
1,b1f02eb4-dbca-4686-8567-3c75cbf4ee9c,2026-10-06T00:53:01.310+00:00,2026-10-06T00:53:01.524+00:00,21072-30059,dryers,20632060-a,716000000,2026-10-06 00:53:01,2026-10-05 23:08:19,0,6282.0,-6282.0,,Available,website maps this code to Available
1,b1f02eb4-dbca-4686-8567-3c75cbf4ee9c,2026-10-06T00:53:01.310+00:00,2026-10-06T00:53:01.524+00:00,21072-30059,dryers,20632117-a,716000000,2026-10-06 00:53:01,2026-10-06 00:52:29,0,32.0,-32.0,,Available,website maps this code to Available
1,b1f02eb4-dbca-4686-8567-3c75cbf4ee9c,2026-10-06T00:53:01.310+00:00,2026-10-06T00:53:01.524+00:00,21072-30059,dryers,20632037-a,416000000,2026-10-06 00:53:01,2026-10-06 00:43:10,10,591.0,9.0,1,Running,
1,b1f02eb4-dbca-4686-8567-3c75cbf4ee9c,2026-10-06T00:53:01.310+00:00,2026-10-06T00:53:01.524+00:00,21072-30059,dryers,20632092-a,716000000,2026-10-06 00:53:01,2026-10-06 00:00:56,0,3125.0,-3125.0,,Available,website maps this code to Available
1,b1f02eb4-dbca-4686-8567-3c75cbf4ee9c,2026-10-06T00:53:01.310+00:00,2026-10-06T00:53:01.524+00:00,21072-30059,dryers,20632128-a,716000000,2026-10-06 00:53:01,2026-10-05 23:35:18,0,4663.0,-4663.0,,Available,website maps this code to Available
1,b1f02eb4-dbca-4686-8567-3c75cbf4ee9c,2026-10-06T00:53:01.310+00:00,2026-10-06T00:53:01.524+00:00,21072-30059,dryers,20632044-a,716000000,2026-10-06 00:53:01,2026-10-06 00:51:31,0,90.0,-90.0,,Available,website maps this code to Available
1,b1f02eb4-dbca-4686-8567-3c75cbf4ee9c,2026-10-06T00:53:01.310+00:00,2026-10-06T00:53:01.524+00:00,21072-30059,dryers,20632094-a,416000000,2026-10-06 00:53:01,2026-10-06 00:46:34,10,387.0,213.0,4,Running,
1,b1f02eb4-dbca-4686-8567-3c75cbf4ee9c,2026-10-06T00:53:01.310+00:00,2026-10-06T00:53:01.524+00:00,21072-30059,dryers,20632123-a,716000000,2026-10-06 00:53:01,2026-10-06 00:05:38,0,2843.0,-2843.0,,Available,website maps this code to Available
1,b1f02eb4-dbca-4686-8567-3c75cbf4ee9c,2026-10-06T00:53:01.310+00:00,2026-10-06T00:53:01.524+00:00,21072-30059,dryers,20632098-a,616000040,2026-10-06 00:53:01,2026-10-05 04:11:31,0,74490.0,-74490.0,,Error,
1,2ec311b9-3321-48a4-ad04-a61d8625975c,2026-10-06T00:56:00.931+00:00,2026-10-06T00:56:01.099+00:00,21072-30059,washers,20632118-b,716000000,2026-10-06 00:56:01,2026-10-06 00:40:40,0,921.0,-921.0,,Available,website maps this code to Available
1,2ec311b9-3321-48a4-ad04-a61d8625975c,2026-10-06T00:56:00.931+00:00,2026-10-06T00:56:01.099+00:00,21072-30059,washers,20632035-b,716000000,2026-10-06 00:56:01,2026-10-05 15:44:14,0,33107.0,-33107.0,,Available,website maps this code to Available
1,2ec311b9-3321-48a4-ad04-a61d8625975c,2026-10-06T00:56:00.931+00:00,2026-10-06T00:56:01.099+00:00,21072-30059,washers,20632102-b,716000000,2026-10-06 00:56:01,2026-10-05 23:03:37,0,6744.0,-6744.0,,Available,website maps this code to Available
1,2ec311b9-3321-48a4-ad04-a61d8625975c,2026-10-06T00:56:00.931+00:00,2026-10-06T00:56:01.099+00:00,21072-30059,washers,20632060-b,716000000,2026-10-06 00:56:01,2026-10-05 23:03:23,0,6758.0,-6758.0,,Available,website maps this code to Available
1,2ec311b9-3321-48a4-ad04-a61d8625975c,2026-10-06T00:56:00.931+00:00,2026-10-06T00:56:01.099+00:00,21072-30059,washers,20632117-b,716000000,2026-10-06 00:56:01,2026-10-05 23:03:21,0,6760.0,-6760.0,,Available,website maps this code to Available
1,2ec311b9-3321-48a4-ad04-a61d8625975c,2026-10-06T00:56:00.931+00:00,2026-10-06T00:56:01.099+00:00,21072-30059,washers,20632037-b,716000000,2026-10-06 00:56:01,2026-10-05 23:49:24,0,3997.0,-3997.0,,Available,website maps this code to Available
1,2ec311b9-3321-48a4-ad04-a61d8625975c,2026-10-06T00:56:00.931+00:00,2026-10-06T00:56:01.099+00:00,21072-30059,washers,20632092-b,716000000,2026-10-06 00:56:01,2026-10-05 23:04:12,0,6709.0,-6709.0,,Available,website maps this code to Available
1,2ec311b9-3321-48a4-ad04-a61d8625975c,2026-10-06T00:56:00.931+00:00,2026-10-06T00:56:01.099+00:00,21072-30059,washers,20632128-b,716000000,2026-10-06 00:56:01,2026-10-05 21:58:19,0,10662.0,-10662.0,,Available,website maps this code to Available
1,2ec311b9-3321-48a4-ad04-a61d8625975c,2026-10-06T00:56:00.931+00:00,2026-10-06T00:56:01.099+00:00,21072-30059,washers,20632044-b,716000000,2026-10-06 00:56:01,2026-10-05 23:44:53,0,4268.0,-4268.0,,Available,website maps this code to Available
1,2ec311b9-3321-48a4-ad04-a61d8625975c,2026-10-06T00:56:00.931+00:00,2026-10-06T00:56:01.099+00:00,21072-30059,washers,20632094-b,716000000,2026-10-06 00:56:01,2026-10-05 23:51:07,0,3894.0,-3894.0,,Available,website maps this code to Available
1,2ec311b9-3321-48a4-ad04-a61d8625975c,2026-10-06T00:56:00.931+00:00,2026-10-06T00:56:01.099+00:00,21072-30059,washers,20632123-b,716000000,2026-10-06 00:56:01,2026-10-06 00:05:40,0,3021.0,-3021.0,,Available,website maps this code to Available
1,2ec311b9-3321-48a4-ad04-a61d8625975c,2026-10-06T00:56:00.931+00:00,2026-10-06T00:56:01.099+00:00,21072-30059,washers,20632098-b,616000040,2026-10-06 00:56:01,2026-10-06 00:54:40,0,81.0,-81.0,,Error,
1,2ec311b9-3321-48a4-ad04-a61d8625975c,2026-10-06T00:56:00.931+00:00,2026-10-06T00:56:01.099+00:00,21072-30059,dryers,20632096-a,716000000,2026-10-06 00:56:01,2026-10-06 00:55:08,0,53.0,-53.0,,Available,website maps this code to Available
1,2ec311b9-3321-48a4-ad04-a61d8625975c,2026-10-06T00:56:00.931+00:00,2026-10-06T00:56:01.099+00:00,21072-30059,dryers,20632096-b,716000000,2026-10-06 00:56:01,2026-10-06 00:55:10,0,51.0,-51.0,,Available,website maps this code to Available
1,2ec311b9-3321-48a4-ad04-a61d8625975c,2026-10-06T00:56:00.931+00:00,2026-10-06T00:56:01.099+00:00,21072-30059,dryers,20632118-a,716000000,2026-10-06 00:56:01,2026-10-06 00:02:36,0,3205.0,-3205.0,,Available,website maps this code to Available
1,2ec311b9-3321-48a4-ad04-a61d8625975c,2026-10-06T00:56:00.931+00:00,2026-10-06T00:56:01.099+00:00,21072-30059,dryers,20632035-a,716000000,2026-10-06 00:56:01,2026-10-05 04:09:25,0,74796.0,-74796.0,,Available,website maps this code to Available
1,2ec311b9-3321-48a4-ad04-a61d8625975c,2026-10-06T00:56:00.931+00:00,2026-10-06T00:56:01.099+00:00,21072-30059,dryers,20632102-a,716000000,2026-10-06 00:56:01,2026-10-05 23:10:05,0,6356.0,-6356.0,,Available,website maps this code to Available
1,2ec311b9-3321-48a4-ad04-a61d8625975c,2026-10-06T00:56:00.931+00:00,2026-10-06T00:56:01.099+00:00,21072-30059,dryers,20632060-a,716000000,2026-10-06 00:56:01,2026-10-05 23:08:19,0,6462.0,-6462.0,,Available,website maps this code to Available
1,2ec311b9-3321-48a4-ad04-a61d8625975c,2026-10-06T00:56:00.931+00:00,2026-10-06T00:56:01.099+00:00,21072-30059,dryers,20632117-a,716000000,2026-10-06 00:56:01,2026-10-06 00:52:29,0,212.0,-212.0,,Available,website maps this code to Available
1,2ec311b9-3321-48a4-ad04-a61d8625975c,2026-10-06T00:56:00.931+00:00,2026-10-06T00:56:01.099+00:00,21072-30059,dryers,20632037-a,716000000,2026-10-06 00:56:01,2026-10-06 00:53:33,0,148.0,-148.0,,Available,website maps this code to Available
1,2ec311b9-3321-48a4-ad04-a61d8625975c,2026-10-06T00:56:00.931+00:00,2026-10-06T00:56:01.099+00:00,21072-30059,dryers,20632092-a,716000000,2026-10-06 00:56:01,2026-10-06 00:00:56,0,3305.0,-3305.0,,Available,website maps this code to Available
1,2ec311b9-3321-48a4-ad04-a61d8625975c,2026-10-06T00:56:00.931+00:00,2026-10-06T00:56:01.099+00:00,21072-30059,dryers,20632128-a,716000000,2026-10-06 00:56:01,2026-10-05 23:35:18,0,4843.0,-4843.0,,Available,website maps this code to Available
1,2ec311b9-3321-48a4-ad04-a61d8625975c,2026-10-06T00:56:00.931+00:00,2026-10-06T00:56:01.099+00:00,21072-30059,dryers,20632044-a,716000000,2026-10-06 00:56:01,2026-10-06 00:51:31,0,270.0,-270.0,,Available,website maps this code to Available
1,2ec311b9-3321-48a4-ad04-a61d8625975c,2026-10-06T00:56:00.931+00:00,2026-10-06T00:56:01.099+00:00,21072-30059,dryers,20632094-a,416000000,2026-10-06 00:56:01,2026-10-06 00:46:34,10,567.0,33.0,1,Running,
1,2ec311b9-3321-48a4-ad04-a61d8625975c,2026-10-06T00:56:00.931+00:00,2026-10-06T00:56:01.099+00:00,21072-30059,dryers,20632123-a,716000000,2026-10-06 00:56:01,2026-10-06 00:05:38,0,3023.0,-3023.0,,Available,website maps this code to Available
1,2ec311b9-3321-48a4-ad04-a61d8625975c,2026-10-06T00:56:00.931+00:00,2026-10-06T00:56:01.099+00:00,21072-30059,dryers,20632098-a,616000040,2026-10-06 00:56:01,2026-10-06 00:54:37,0,84.0,-84.0,,Error,
1,3bc6b667-1f23-4328-86e5-8685a539e923,2026-10-06T00:57:01.261+00:00,2026-10-06T00:57:01.432+00:00,21072-30059,washers,20632118-b,716000000,2026-10-06 00:57:01,2026-10-06 00:40:40,0,981.0,-981.0,,Available,website maps this code to Available
1,3bc6b667-1f23-4328-86e5-8685a539e923,2026-10-06T00:57:01.261+00:00,2026-10-06T00:57:01.432+00:00,21072-30059,washers,20632035-b,716000000,2026-10-06 00:57:01,2026-10-05 15:44:14,0,33167.0,-33167.0,,Available,website maps this code to Available
1,3bc6b667-1f23-4328-86e5-8685a539e923,2026-10-06T00:57:01.261+00:00,2026-10-06T00:57:01.432+00:00,21072-30059,washers,20632102-b,716000000,2026-10-06 00:57:01,2026-10-05 23:03:37,0,6804.0,-6804.0,,Available,website maps this code to Available
1,3bc6b667-1f23-4328-86e5-8685a539e923,2026-10-06T00:57:01.261+00:00,2026-10-06T00:57:01.432+00:00,21072-30059,washers,20632060-b,716000000,2026-10-06 00:57:01,2026-10-05 23:03:23,0,6818.0,-6818.0,,Available,website maps this code to Available
1,3bc6b667-1f23-4328-86e5-8685a539e923,2026-10-06T00:57:01.261+00:00,2026-10-06T00:57:01.432+00:00,21072-30059,washers,20632117-b,716000000,2026-10-06 00:57:01,2026-10-05 23:03:21,0,6820.0,-6820.0,,Available,website maps this code to Available
1,3bc6b667-1f23-4328-86e5-8685a539e923,2026-10-06T00:57:01.261+00:00,2026-10-06T00:57:01.432+00:00,21072-30059,washers,20632037-b,716000000,2026-10-06 00:57:01,2026-10-05 23:49:24,0,4057.0,-4057.0,,Available,website maps this code to Available
1,3bc6b667-1f23-4328-86e5-8685a539e923,2026-10-06T00:57:01.261+00:00,2026-10-06T00:57:01.432+00:00,21072-30059,washers,20632092-b,716000000,2026-10-06 00:57:01,2026-10-05 23:04:12,0,6769.0,-6769.0,,Available,website maps this code to Available
1,3bc6b667-1f23-4328-86e5-8685a539e923,2026-10-06T00:57:01.261+00:00,2026-10-06T00:57:01.432+00:00,21072-30059,washers,20632128-b,716000000,2026-10-06 00:57:01,2026-10-05 21:58:19,0,10722.0,-10722.0,,Available,website maps this code to Available
1,3bc6b667-1f23-4328-86e5-8685a539e923,2026-10-06T00:57:01.261+00:00,2026-10-06T00:57:01.432+00:00,21072-30059,washers,20632044-b,716000000,2026-10-06 00:57:01,2026-10-05 23:44:53,0,4328.0,-4328.0,,Available,website maps this code to Available
1,3bc6b667-1f23-4328-86e5-8685a539e923,2026-10-06T00:57:01.261+00:00,2026-10-06T00:57:01.432+00:00,21072-30059,washers,20632094-b,716000000,2026-10-06 00:57:01,2026-10-05 23:51:07,0,3954.0,-3954.0,,Available,website maps this code to Available
1,3bc6b667-1f23-4328-86e5-8685a539e923,2026-10-06T00:57:01.261+00:00,2026-10-06T00:57:01.432+00:00,21072-30059,washers,20632123-b,716000000,2026-10-06 00:57:01,2026-10-06 00:05:40,0,3081.0,-3081.0,,Available,website maps this code to Available
1,3bc6b667-1f23-4328-86e5-8685a539e923,2026-10-06T00:57:01.261+00:00,2026-10-06T00:57:01.432+00:00,21072-30059,washers,20632098-b,616000040,2026-10-06 00:57:01,2026-10-06 00:54:40,0,141.0,-141.0,,Error,
1,3bc6b667-1f23-4328-86e5-8685a539e923,2026-10-06T00:57:01.261+00:00,2026-10-06T00:57:01.432+00:00,21072-30059,dryers,20632096-a,716000000,2026-10-06 00:57:01,2026-10-06 00:55:08,0,113.0,-113.0,,Available,website maps this code to Available
1,3bc6b667-1f23-4328-86e5-8685a539e923,2026-10-06T00:57:01.261+00:00,2026-10-06T00:57:01.432+00:00,21072-30059,dryers,20632096-b,716000000,2026-10-06 00:57:01,2026-10-06 00:55:10,0,111.0,-111.0,,Available,website maps this code to Available
1,3bc6b667-1f23-4328-86e5-8685a539e923,2026-10-06T00:57:01.261+00:00,2026-10-06T00:57:01.432+00:00,21072-30059,dryers,20632118-a,716000000,2026-10-06 00:57:01,2026-10-06 00:02:36,0,3265.0,-3265.0,,Available,website maps this code to Available
1,3bc6b667-1f23-4328-86e5-8685a539e923,2026-10-06T00:57:01.261+00:00,2026-10-06T00:57:01.432+00:00,21072-30059,dryers,20632035-a,716000000,2026-10-06 00:57:01,2026-10-05 04:09:25,0,74856.0,-74856.0,,Available,website maps this code to Available
1,3bc6b667-1f23-4328-86e5-8685a539e923,2026-10-06T00:57:01.261+00:00,2026-10-06T00:57:01.432+00:00,21072-30059,dryers,20632102-a,716000000,2026-10-06 00:57:01,2026-10-05 23:10:05,0,6416.0,-6416.0,,Available,website maps this code to Available
1,3bc6b667-1f23-4328-86e5-8685a539e923,2026-10-06T00:57:01.261+00:00,2026-10-06T00:57:01.432+00:00,21072-30059,dryers,20632060-a,716000000,2026-10-06 00:57:01,2026-10-05 23:08:19,0,6522.0,-6522.0,,Available,website maps this code to Available
1,3bc6b667-1f23-4328-86e5-8685a539e923,2026-10-06T00:57:01.261+00:00,2026-10-06T00:57:01.432+00:00,21072-30059,dryers,20632117-a,716000000,2026-10-06 00:57:01,2026-10-06 00:52:29,0,272.0,-272.0,,Available,website maps this code to Available
1,3bc6b667-1f23-4328-86e5-8685a539e923,2026-10-06T00:57:01.261+00:00,2026-10-06T00:57:01.432+00:00,21072-30059,dryers,20632037-a,716000000,2026-10-06 00:57:01,2026-10-06 00:53:33,0,208.0,-208.0,,Available,website maps this code to Available
1,3bc6b667-1f23-4328-86e5-8685a539e923,2026-10-06T00:57:01.261+00:00,2026-10-06T00:57:01.432+00:00,21072-30059,dryers,20632092-a,716000000,2026-10-06 00:57:01,2026-10-06 00:00:56,0,3365.0,-3365.0,,Available,website maps this code to Available
1,3bc6b667-1f23-4328-86e5-8685a539e923,2026-10-06T00:57:01.261+00:00,2026-10-06T00:57:01.432+00:00,21072-30059,dryers,20632128-a,716000000,2026-10-06 00:57:01,2026-10-05 23:35:18,0,4903.0,-4903.0,,Available,website maps this code to Available
1,3bc6b667-1f23-4328-86e5-8685a539e923,2026-10-06T00:57:01.261+00:00,2026-10-06T00:57:01.432+00:00,21072-30059,dryers,20632044-a,716000000,2026-10-06 00:57:01,2026-10-06 00:51:31,0,330.0,-330.0,,Available,website maps this code to Available
1,3bc6b667-1f23-4328-86e5-8685a539e923,2026-10-06T00:57:01.261+00:00,2026-10-06T00:57:01.432+00:00,21072-30059,dryers,20632094-a,716000000,2026-10-06 00:57:01,2026-10-06 00:56:22,0,39.0,-39.0,,Available,website maps this code to Available
1,3bc6b667-1f23-4328-86e5-8685a539e923,2026-10-06T00:57:01.261+00:00,2026-10-06T00:57:01.432+00:00,21072-30059,dryers,20632123-a,716000000,2026-10-06 00:57:01,2026-10-06 00:05:38,0,3083.0,-3083.0,,Available,website maps this code to Available
1,3bc6b667-1f23-4328-86e5-8685a539e923,2026-10-06T00:57:01.261+00:00,2026-10-06T00:57:01.432+00:00,21072-30059,dryers,20632098-a,616000040,2026-10-06 00:57:01,2026-10-06 00:54:37,0,144.0,-144.0,,Error,
1,73d45182-52c0-40d0-a7b7-d33e93c5f7a1,2026-10-06T00:58:01.283+00:00,2026-10-06T00:58:01.461+00:00,21072-30059,washers,20632118-b,716000000,2026-10-06 00:58:01,2026-10-06 00:40:40,0,1041.0,-1041.0,,Available,website maps this code to Available
1,73d45182-52c0-40d0-a7b7-d33e93c5f7a1,2026-10-06T00:58:01.283+00:00,2026-10-06T00:58:01.461+00:00,21072-30059,washers,20632035-b,716000000,2026-10-06 00:58:01,2026-10-05 15:44:14,0,33227.0,-33227.0,,Available,website maps this code to Available
1,73d45182-52c0-40d0-a7b7-d33e93c5f7a1,2026-10-06T00:58:01.283+00:00,2026-10-06T00:58:01.461+00:00,21072-30059,washers,20632102-b,716000000,2026-10-06 00:58:01,2026-10-05 23:03:37,0,6864.0,-6864.0,,Available,website maps this code to Available
1,73d45182-52c0-40d0-a7b7-d33e93c5f7a1,2026-10-06T00:58:01.283+00:00,2026-10-06T00:58:01.461+00:00,21072-30059,washers,20632060-b,716000000,2026-10-06 00:58:01,2026-10-05 23:03:23,0,6878.0,-6878.0,,Available,website maps this code to Available
1,73d45182-52c0-40d0-a7b7-d33e93c5f7a1,2026-10-06T00:58:01.283+00:00,2026-10-06T00:58:01.461+00:00,21072-30059,washers,20632117-b,716000000,2026-10-06 00:58:01,2026-10-05 23:03:21,0,6880.0,-6880.0,,Available,website maps this code to Available
1,73d45182-52c0-40d0-a7b7-d33e93c5f7a1,2026-10-06T00:58:01.283+00:00,2026-10-06T00:58:01.461+00:00,21072-30059,washers,20632037-b,716000000,2026-10-06 00:58:01,2026-10-05 23:49:24,0,4117.0,-4117.0,,Available,website maps this code to Available
1,73d45182-52c0-40d0-a7b7-d33e93c5f7a1,2026-10-06T00:58:01.283+00:00,2026-10-06T00:58:01.461+00:00,21072-30059,washers,20632092-b,716000000,2026-10-06 00:58:01,2026-10-05 23:04:12,0,6829.0,-6829.0,,Available,website maps this code to Available
1,73d45182-52c0-40d0-a7b7-d33e93c5f7a1,2026-10-06T00:58:01.283+00:00,2026-10-06T00:58:01.461+00:00,21072-30059,washers,20632128-b,716000000,2026-10-06 00:58:01,2026-10-05 21:58:19,0,10782.0,-10782.0,,Available,website maps this code to Available
1,73d45182-52c0-40d0-a7b7-d33e93c5f7a1,2026-10-06T00:58:01.283+00:00,2026-10-06T00:58:01.461+00:00,21072-30059,washers,20632044-b,716000000,2026-10-06 00:58:01,2026-10-05 23:44:53,0,4388.0,-4388.0,,Available,website maps this code to Available
1,73d45182-52c0-40d0-a7b7-d33e93c5f7a1,2026-10-06T00:58:01.283+00:00,2026-10-06T00:58:01.461+00:00,21072-30059,washers,20632094-b,716000000,2026-10-06 00:58:01,2026-10-05 23:51:07,0,4014.0,-4014.0,,Available,website maps this code to Available
1,73d45182-52c0-40d0-a7b7-d33e93c5f7a1,2026-10-06T00:58:01.283+00:00,2026-10-06T00:58:01.461+00:00,21072-30059,washers,20632123-b,716000000,2026-10-06 00:58:01,2026-10-06 00:05:40,0,3141.0,-3141.0,,Available,website maps this code to Available
1,73d45182-52c0-40d0-a7b7-d33e93c5f7a1,2026-10-06T00:58:01.283+00:00,2026-10-06T00:58:01.461+00:00,21072-30059,washers,20632098-b,616000040,2026-10-06 00:58:01,2026-10-06 00:54:40,0,201.0,-201.0,,Error,
1,73d45182-52c0-40d0-a7b7-d33e93c5f7a1,2026-10-06T00:58:01.283+00:00,2026-10-06T00:58:01.461+00:00,21072-30059,dryers,20632096-a,716000000,2026-10-06 00:58:01,2026-10-06 00:55:08,0,173.0,-173.0,,Available,website maps this code to Available
1,73d45182-52c0-40d0-a7b7-d33e93c5f7a1,2026-10-06T00:58:01.283+00:00,2026-10-06T00:58:01.461+00:00,21072-30059,dryers,20632096-b,716000000,2026-10-06 00:58:01,2026-10-06 00:55:10,0,171.0,-171.0,,Available,website maps this code to Available
1,73d45182-52c0-40d0-a7b7-d33e93c5f7a1,2026-10-06T00:58:01.283+00:00,2026-10-06T00:58:01.461+00:00,21072-30059,dryers,20632118-a,716000000,2026-10-06 00:58:01,2026-10-06 00:02:36,0,3325.0,-3325.0,,Available,website maps this code to Available
1,73d45182-52c0-40d0-a7b7-d33e93c5f7a1,2026-10-06T00:58:01.283+00:00,2026-10-06T00:58:01.461+00:00,21072-30059,dryers,20632035-a,716000000,2026-10-06 00:58:01,2026-10-05 04:09:25,0,74916.0,-74916.0,,Available,website maps this code to Available
1,73d45182-52c0-40d0-a7b7-d33e93c5f7a1,2026-10-06T00:58:01.283+00:00,2026-10-06T00:58:01.461+00:00,21072-30059,dryers,20632102-a,716000000,2026-10-06 00:58:01,2026-10-05 23:10:05,0,6476.0,-6476.0,,Available,website maps this code to Available
1,73d45182-52c0-40d0-a7b7-d33e93c5f7a1,2026-10-06T00:58:01.283+00:00,2026-10-06T00:58:01.461+00:00,21072-30059,dryers,20632060-a,716000000,2026-10-06 00:58:01,2026-10-05 23:08:19,0,6582.0,-6582.0,,Available,website maps this code to Available
1,73d45182-52c0-40d0-a7b7-d33e93c5f7a1,2026-10-06T00:58:01.283+00:00,2026-10-06T00:58:01.461+00:00,21072-30059,dryers,20632117-a,716000000,2026-10-06 00:58:01,2026-10-06 00:52:29,0,332.0,-332.0,,Available,website maps this code to Available
1,73d45182-52c0-40d0-a7b7-d33e93c5f7a1,2026-10-06T00:58:01.283+00:00,2026-10-06T00:58:01.461+00:00,21072-30059,dryers,20632037-a,716000000,2026-10-06 00:58:01,2026-10-06 00:53:33,0,268.0,-268.0,,Available,website maps this code to Available
1,73d45182-52c0-40d0-a7b7-d33e93c5f7a1,2026-10-06T00:58:01.283+00:00,2026-10-06T00:58:01.461+00:00,21072-30059,dryers,20632092-a,716000000,2026-10-06 00:58:01,2026-10-06 00:00:56,0,3425.0,-3425.0,,Available,website maps this code to Available
1,73d45182-52c0-40d0-a7b7-d33e93c5f7a1,2026-10-06T00:58:01.283+00:00,2026-10-06T00:58:01.461+00:00,21072-30059,dryers,20632128-a,716000000,2026-10-06 00:58:01,2026-10-05 23:35:18,0,4963.0,-4963.0,,Available,website maps this code to Available
1,73d45182-52c0-40d0-a7b7-d33e93c5f7a1,2026-10-06T00:58:01.283+00:00,2026-10-06T00:58:01.461+00:00,21072-30059,dryers,20632044-a,716000000,2026-10-06 00:58:01,2026-10-06 00:51:31,0,390.0,-390.0,,Available,website maps this code to Available
1,73d45182-52c0-40d0-a7b7-d33e93c5f7a1,2026-10-06T00:58:01.283+00:00,2026-10-06T00:58:01.461+00:00,21072-30059,dryers,20632094-a,716000000,2026-10-06 00:58:01,2026-10-06 00:56:22,0,99.0,-99.0,,Available,website maps this code to Available
1,73d45182-52c0-40d0-a7b7-d33e93c5f7a1,2026-10-06T00:58:01.283+00:00,2026-10-06T00:58:01.461+00:00,21072-30059,dryers,20632123-a,716000000,2026-10-06 00:58:01,2026-10-06 00:05:38,0,3143.0,-3143.0,,Available,website maps this code to Available
1,73d45182-52c0-40d0-a7b7-d33e93c5f7a1,2026-10-06T00:58:01.283+00:00,2026-10-06T00:58:01.461+00:00,21072-30059,dryers,20632098-a,616000040,2026-10-06 00:58:01,2026-10-06 00:54:37,0,204.0,-204.0,,Error,
1,125066c5-3e26-4a98-ba3c-e8bdd1639702,2026-10-06T00:59:01.254+00:00,2026-10-06T00:59:01.441+00:00,21072-30059,washers,20632118-b,716000000,2026-10-06 00:59:01,2026-10-06 00:40:40,0,1101.0,-1101.0,,Available,website maps this code to Available
1,125066c5-3e26-4a98-ba3c-e8bdd1639702,2026-10-06T00:59:01.254+00:00,2026-10-06T00:59:01.441+00:00,21072-30059,washers,20632035-b,716000000,2026-10-06 00:59:01,2026-10-05 15:44:14,0,33287.0,-33287.0,,Available,website maps this code to Available
1,125066c5-3e26-4a98-ba3c-e8bdd1639702,2026-10-06T00:59:01.254+00:00,2026-10-06T00:59:01.441+00:00,21072-30059,washers,20632102-b,716000000,2026-10-06 00:59:01,2026-10-05 23:03:37,0,6924.0,-6924.0,,Available,website maps this code to Available
1,125066c5-3e26-4a98-ba3c-e8bdd1639702,2026-10-06T00:59:01.254+00:00,2026-10-06T00:59:01.441+00:00,21072-30059,washers,20632060-b,716000000,2026-10-06 00:59:01,2026-10-05 23:03:23,0,6938.0,-6938.0,,Available,website maps this code to Available
1,125066c5-3e26-4a98-ba3c-e8bdd1639702,2026-10-06T00:59:01.254+00:00,2026-10-06T00:59:01.441+00:00,21072-30059,washers,20632117-b,716000000,2026-10-06 00:59:01,2026-10-05 23:03:21,0,6940.0,-6940.0,,Available,website maps this code to Available
1,125066c5-3e26-4a98-ba3c-e8bdd1639702,2026-10-06T00:59:01.254+00:00,2026-10-06T00:59:01.441+00:00,21072-30059,washers,20632037-b,716000000,2026-10-06 00:59:01,2026-10-05 23:49:24,0,4177.0,-4177.0,,Available,website maps this code to Available
1,125066c5-3e26-4a98-ba3c-e8bdd1639702,2026-10-06T00:59:01.254+00:00,2026-10-06T00:59:01.441+00:00,21072-30059,washers,20632092-b,716000000,2026-10-06 00:59:01,2026-10-05 23:04:12,0,6889.0,-6889.0,,Available,website maps this code to Available
1,125066c5-3e26-4a98-ba3c-e8bdd1639702,2026-10-06T00:59:01.254+00:00,2026-10-06T00:59:01.441+00:00,21072-30059,washers,20632128-b,716000000,2026-10-06 00:59:01,2026-10-05 21:58:19,0,10842.0,-10842.0,,Available,website maps this code to Available
1,125066c5-3e26-4a98-ba3c-e8bdd1639702,2026-10-06T00:59:01.254+00:00,2026-10-06T00:59:01.441+00:00,21072-30059,washers,20632044-b,716000000,2026-10-06 00:59:01,2026-10-05 23:44:53,0,4448.0,-4448.0,,Available,website maps this code to Available
1,125066c5-3e26-4a98-ba3c-e8bdd1639702,2026-10-06T00:59:01.254+00:00,2026-10-06T00:59:01.441+00:00,21072-30059,washers,20632094-b,416000000,2026-10-06 00:59:01,2026-10-06 00:58:25,31,36.0,1824.0,31,Running,
1,125066c5-3e26-4a98-ba3c-e8bdd1639702,2026-10-06T00:59:01.254+00:00,2026-10-06T00:59:01.441+00:00,21072-30059,washers,20632123-b,716000000,2026-10-06 00:59:01,2026-10-06 00:05:40,0,3201.0,-3201.0,,Available,website maps this code to Available
1,125066c5-3e26-4a98-ba3c-e8bdd1639702,2026-10-06T00:59:01.254+00:00,2026-10-06T00:59:01.441+00:00,21072-30059,washers,20632098-b,616000040,2026-10-06 00:59:01,2026-10-06 00:54:40,0,261.0,-261.0,,Error,
1,125066c5-3e26-4a98-ba3c-e8bdd1639702,2026-10-06T00:59:01.254+00:00,2026-10-06T00:59:01.441+00:00,21072-30059,dryers,20632096-a,716000000,2026-10-06 00:59:01,2026-10-06 00:55:08,0,233.0,-233.0,,Available,website maps this code to Available
1,125066c5-3e26-4a98-ba3c-e8bdd1639702,2026-10-06T00:59:01.254+00:00,2026-10-06T00:59:01.441+00:00,21072-30059,dryers,20632096-b,716000000,2026-10-06 00:59:01,2026-10-06 00:55:10,0,231.0,-231.0,,Available,website maps this code to Available
1,125066c5-3e26-4a98-ba3c-e8bdd1639702,2026-10-06T00:59:01.254+00:00,2026-10-06T00:59:01.441+00:00,21072-30059,dryers,20632118-a,716000000,2026-10-06 00:59:01,2026-10-06 00:02:36,0,3385.0,-3385.0,,Available,website maps this code to Available
1,125066c5-3e26-4a98-ba3c-e8bdd1639702,2026-10-06T00:59:01.254+00:00,2026-10-06T00:59:01.441+00:00,21072-30059,dryers,20632035-a,716000000,2026-10-06 00:59:01,2026-10-05 04:09:25,0,74976.0,-74976.0,,Available,website maps this code to Available
1,125066c5-3e26-4a98-ba3c-e8bdd1639702,2026-10-06T00:59:01.254+00:00,2026-10-06T00:59:01.441+00:00,21072-30059,dryers,20632102-a,716000000,2026-10-06 00:59:01,2026-10-05 23:10:05,0,6536.0,-6536.0,,Available,website maps this code to Available
1,125066c5-3e26-4a98-ba3c-e8bdd1639702,2026-10-06T00:59:01.254+00:00,2026-10-06T00:59:01.441+00:00,21072-30059,dryers,20632060-a,716000000,2026-10-06 00:59:01,2026-10-05 23:08:19,0,6642.0,-6642.0,,Available,website maps this code to Available
1,125066c5-3e26-4a98-ba3c-e8bdd1639702,2026-10-06T00:59:01.254+00:00,2026-10-06T00:59:01.441+00:00,21072-30059,dryers,20632117-a,716000000,2026-10-06 00:59:01,2026-10-06 00:52:29,0,392.0,-392.0,,Available,website maps this code to Available
1,125066c5-3e26-4a98-ba3c-e8bdd1639702,2026-10-06T00:59:01.254+00:00,2026-10-06T00:59:01.441+00:00,21072-30059,dryers,20632037-a,716000000,2026-10-06 00:59:01,2026-10-06 00:53:33,0,328.0,-328.0,,Available,website maps this code to Available
1,125066c5-3e26-4a98-ba3c-e8bdd1639702,2026-10-06T00:59:01.254+00:00,2026-10-06T00:59:01.441+00:00,21072-30059,dryers,20632092-a,716000000,2026-10-06 00:59:01,2026-10-06 00:00:56,0,3485.0,-3485.0,,Available,website maps this code to Available
1,125066c5-3e26-4a98-ba3c-e8bdd1639702,2026-10-06T00:59:01.254+00:00,2026-10-06T00:59:01.441+00:00,21072-30059,dryers,20632128-a,716000000,2026-10-06 00:59:01,2026-10-05 23:35:18,0,5023.0,-5023.0,,Available,website maps this code to Available
1,125066c5-3e26-4a98-ba3c-e8bdd1639702,2026-10-06T00:59:01.254+00:00,2026-10-06T00:59:01.441+00:00,21072-30059,dryers,20632044-a,716000000,2026-10-06 00:59:01,2026-10-06 00:51:31,0,450.0,-450.0,,Available,website maps this code to Available
1,125066c5-3e26-4a98-ba3c-e8bdd1639702,2026-10-06T00:59:01.254+00:00,2026-10-06T00:59:01.441+00:00,21072-30059,dryers,20632094-a,716000000,2026-10-06 00:59:01,2026-10-06 00:56:22,0,159.0,-159.0,,Available,website maps this code to Available
1,125066c5-3e26-4a98-ba3c-e8bdd1639702,2026-10-06T00:59:01.254+00:00,2026-10-06T00:59:01.441+00:00,21072-30059,dryers,20632123-a,716000000,2026-10-06 00:59:01,2026-10-06 00:05:38,0,3203.0,-3203.0,,Available,website maps this code to Available
1,125066c5-3e26-4a98-ba3c-e8bdd1639702,2026-10-06T00:59:01.254+00:00,2026-10-06T00:59:01.441+00:00,21072-30059,dryers,20632098-a,616000040,2026-10-06 00:59:01,2026-10-06 00:54:37,0,264.0,-264.0,,Error,
1,c59dceac-7e21-46e6-b37e-63a1564a2061,2026-10-06T01:00:01.349+00:00,2026-10-06T01:00:01.626+00:00,21072-30059,washers,20632118-b,716000000,2026-10-06 01:00:01,2026-10-06 00:40:40,0,1161.0,-1161.0,,Available,website maps this code to Available
1,c59dceac-7e21-46e6-b37e-63a1564a2061,2026-10-06T01:00:01.349+00:00,2026-10-06T01:00:01.626+00:00,21072-30059,washers,20632035-b,716000000,2026-10-06 01:00:01,2026-10-05 15:44:14,0,33347.0,-33347.0,,Available,website maps this code to Available
1,c59dceac-7e21-46e6-b37e-63a1564a2061,2026-10-06T01:00:01.349+00:00,2026-10-06T01:00:01.626+00:00,21072-30059,washers,20632102-b,716000000,2026-10-06 01:00:01,2026-10-05 23:03:37,0,6984.0,-6984.0,,Available,website maps this code to Available
1,c59dceac-7e21-46e6-b37e-63a1564a2061,2026-10-06T01:00:01.349+00:00,2026-10-06T01:00:01.626+00:00,21072-30059,washers,20632060-b,716000000,2026-10-06 01:00:01,2026-10-05 23:03:23,0,6998.0,-6998.0,,Available,website maps this code to Available
1,c59dceac-7e21-46e6-b37e-63a1564a2061,2026-10-06T01:00:01.349+00:00,2026-10-06T01:00:01.626+00:00,21072-30059,washers,20632117-b,716000000,2026-10-06 01:00:01,2026-10-05 23:03:21,0,7000.0,-7000.0,,Available,website maps this code to Available
1,c59dceac-7e21-46e6-b37e-63a1564a2061,2026-10-06T01:00:01.349+00:00,2026-10-06T01:00:01.626+00:00,21072-30059,washers,20632037-b,716000000,2026-10-06 01:00:01,2026-10-05 23:49:24,0,4237.0,-4237.0,,Available,website maps this code to Available
1,c59dceac-7e21-46e6-b37e-63a1564a2061,2026-10-06T01:00:01.349+00:00,2026-10-06T01:00:01.626+00:00,21072-30059,washers,20632092-b,716000000,2026-10-06 01:00:01,2026-10-05 23:04:12,0,6949.0,-6949.0,,Available,website maps this code to Available
1,c59dceac-7e21-46e6-b37e-63a1564a2061,2026-10-06T01:00:01.349+00:00,2026-10-06T01:00:01.626+00:00,21072-30059,washers,20632128-b,716000000,2026-10-06 01:00:01,2026-10-05 21:58:19,0,10902.0,-10902.0,,Available,website maps this code to Available
1,c59dceac-7e21-46e6-b37e-63a1564a2061,2026-10-06T01:00:01.349+00:00,2026-10-06T01:00:01.626+00:00,21072-30059,washers,20632044-b,716000000,2026-10-06 01:00:01,2026-10-05 23:44:53,0,4508.0,-4508.0,,Available,website maps this code to Available
1,c59dceac-7e21-46e6-b37e-63a1564a2061,2026-10-06T01:00:01.349+00:00,2026-10-06T01:00:01.626+00:00,21072-30059,washers,20632094-b,416000000,2026-10-06 01:00:01,2026-10-06 00:58:25,31,96.0,1764.0,30,Running,
1,c59dceac-7e21-46e6-b37e-63a1564a2061,2026-10-06T01:00:01.349+00:00,2026-10-06T01:00:01.626+00:00,21072-30059,washers,20632123-b,716000000,2026-10-06 01:00:01,2026-10-06 00:05:40,0,3261.0,-3261.0,,Available,website maps this code to Available
1,c59dceac-7e21-46e6-b37e-63a1564a2061,2026-10-06T01:00:01.349+00:00,2026-10-06T01:00:01.626+00:00,21072-30059,washers,20632098-b,616000040,2026-10-06 01:00:01,2026-10-06 00:54:40,0,321.0,-321.0,,Error,
1,c59dceac-7e21-46e6-b37e-63a1564a2061,2026-10-06T01:00:01.349+00:00,2026-10-06T01:00:01.626+00:00,21072-30059,dryers,20632096-a,716000000,2026-10-06 01:00:01,2026-10-06 00:55:08,0,293.0,-293.0,,Available,website maps this code to Available
1,c59dceac-7e21-46e6-b37e-63a1564a2061,2026-10-06T01:00:01.349+00:00,2026-10-06T01:00:01.626+00:00,21072-30059,dryers,20632096-b,716000000,2026-10-06 01:00:01,2026-10-06 00:55:10,0,291.0,-291.0,,Available,website maps this code to Available
1,c59dceac-7e21-46e6-b37e-63a1564a2061,2026-10-06T01:00:01.349+00:00,2026-10-06T01:00:01.626+00:00,21072-30059,dryers,20632118-a,716000000,2026-10-06 01:00:01,2026-10-06 00:02:36,0,3445.0,-3445.0,,Available,website maps this code to Available
1,c59dceac-7e21-46e6-b37e-63a1564a2061,2026-10-06T01:00:01.349+00:00,2026-10-06T01:00:01.626+00:00,21072-30059,dryers,20632035-a,716000000,2026-10-06 01:00:01,2026-10-05 04:09:25,0,75036.0,-75036.0,,Available,website maps this code to Available
1,c59dceac-7e21-46e6-b37e-63a1564a2061,2026-10-06T01:00:01.349+00:00,2026-10-06T01:00:01.626+00:00,21072-30059,dryers,20632102-a,716000000,2026-10-06 01:00:01,2026-10-05 23:10:05,0,6596.0,-6596.0,,Available,website maps this code to Available
1,c59dceac-7e21-46e6-b37e-63a1564a2061,2026-10-06T01:00:01.349+00:00,2026-10-06T01:00:01.626+00:00,21072-30059,dryers,20632060-a,716000000,2026-10-06 01:00:01,2026-10-05 23:08:19,0,6702.0,-6702.0,,Available,website maps this code to Available
1,c59dceac-7e21-46e6-b37e-63a1564a2061,2026-10-06T01:00:01.349+00:00,2026-10-06T01:00:01.626+00:00,21072-30059,dryers,20632117-a,716000000,2026-10-06 01:00:01,2026-10-06 00:52:29,0,452.0,-452.0,,Available,website maps this code to Available
1,c59dceac-7e21-46e6-b37e-63a1564a2061,2026-10-06T01:00:01.349+00:00,2026-10-06T01:00:01.626+00:00,21072-30059,dryers,20632037-a,716000000,2026-10-06 01:00:01,2026-10-06 00:53:33,0,388.0,-388.0,,Available,website maps this code to Available
1,c59dceac-7e21-46e6-b37e-63a1564a2061,2026-10-06T01:00:01.349+00:00,2026-10-06T01:00:01.626+00:00,21072-30059,dryers,20632092-a,716000000,2026-10-06 01:00:01,2026-10-06 00:00:56,0,3545.0,-3545.0,,Available,website maps this code to Available
1,c59dceac-7e21-46e6-b37e-63a1564a2061,2026-10-06T01:00:01.349+00:00,2026-10-06T01:00:01.626+00:00,21072-30059,dryers,20632128-a,716000000,2026-10-06 01:00:01,2026-10-05 23:35:18,0,5083.0,-5083.0,,Available,website maps this code to Available
1,c59dceac-7e21-46e6-b37e-63a1564a2061,2026-10-06T01:00:01.349+00:00,2026-10-06T01:00:01.626+00:00,21072-30059,dryers,20632044-a,716000000,2026-10-06 01:00:01,2026-10-06 00:51:31,0,510.0,-510.0,,Available,website maps this code to Available
1,c59dceac-7e21-46e6-b37e-63a1564a2061,2026-10-06T01:00:01.349+00:00,2026-10-06T01:00:01.626+00:00,21072-30059,dryers,20632094-a,716000000,2026-10-06 01:00:01,2026-10-06 00:56:22,0,219.0,-219.0,,Available,website maps this code to Available
1,c59dceac-7e21-46e6-b37e-63a1564a2061,2026-10-06T01:00:01.349+00:00,2026-10-06T01:00:01.626+00:00,21072-30059,dryers,20632123-a,716000000,2026-10-06 01:00:01,2026-10-06 00:05:38,0,3263.0,-3263.0,,Available,website maps this code to Available
1,c59dceac-7e21-46e6-b37e-63a1564a2061,2026-10-06T01:00:01.349+00:00,2026-10-06T01:00:01.626+00:00,21072-30059,dryers,20632098-a,616000040,2026-10-06 01:00:01,2026-10-06 00:54:37,0,324.0,-324.0,,Error,
