schema_version,poll_id,request_started_at_utc,observed_at_utc,room_id,machine_type,machine_id,raw_lmc_status,server_timestamp_raw,machine_report_time_raw,remaining_min_raw,report_age_seconds,adjusted_remaining_seconds,display_minutes_left,website_state,interpretation_note
1,07667655-db08-471e-9809-51ec81ddf821,2026-09-28T00:00:01.608+00:00,2026-09-28T00:00:02.142+00:00,21072-30059,washers,50170051,52000000,2026-09-28 00:00:02,2026-09-27 22:40:14,29,4788.0,-3048.0,,Available,website fallback: report over 1 hour old
1,07667655-db08-471e-9809-51ec81ddf821,2026-09-28T00:00:01.608+00:00,2026-09-28T00:00:02.142+00:00,21072-30059,washers,50170080,42000000,2026-09-28 00:00:02,2026-09-27 23:37:51,28,1331.0,349.0,6,Running,
1,07667655-db08-471e-9809-51ec81ddf821,2026-09-28T00:00:01.608+00:00,2026-09-28T00:00:02.142+00:00,21072-30059,washers,50170075,42000000,2026-09-28 00:00:02,2026-09-27 23:36:44,28,1398.0,282.0,5,Running,
1,07667655-db08-471e-9809-51ec81ddf821,2026-09-28T00:00:01.608+00:00,2026-09-28T00:00:02.142+00:00,21072-30059,washers,50170082,42000000,2026-09-28 00:00:02,2026-09-27 23:37:05,28,1377.0,303.0,6,Running,
1,07667655-db08-471e-9809-51ec81ddf821,2026-09-28T00:00:01.608+00:00,2026-09-28T00:00:02.142+00:00,21072-30059,washers,50170050,42000000,2026-09-28 00:00:02,2026-09-27 23:58:15,10,107.0,493.0,9,Running,
1,07667655-db08-471e-9809-51ec81ddf821,2026-09-28T00:00:01.608+00:00,2026-09-28T00:00:02.142+00:00,21072-30059,washers,50170052,52000000,2026-09-28 00:00:02,2026-09-27 23:55:32,29,270.0,1470.0,,Finished,
1,07667655-db08-471e-9809-51ec81ddf821,2026-09-28T00:00:01.608+00:00,2026-09-28T00:00:02.142+00:00,21072-30059,washers,50170078,52000000,2026-09-28 00:00:02,2026-09-27 23:51:55,29,487.0,1253.0,,Finished,
1,07667655-db08-471e-9809-51ec81ddf821,2026-09-28T00:00:01.608+00:00,2026-09-28T00:00:02.142+00:00,21072-30059,washers,50170084,52000000,2026-09-28 00:00:02,2026-09-27 23:54:06,29,356.0,1384.0,,Finished,
1,07667655-db08-471e-9809-51ec81ddf821,2026-09-28T00:00:01.608+00:00,2026-09-28T00:00:02.142+00:00,21072-30059,washers,50170068,52000000,2026-09-28 00:00:02,2026-09-27 22:12:30,29,6452.0,-4712.0,,Available,website fallback: report over 1 hour old
1,07667655-db08-471e-9809-51ec81ddf821,2026-09-28T00:00:01.608+00:00,2026-09-28T00:00:02.142+00:00,21072-30059,washers,50170072,72000000,2026-09-28 00:00:02,2026-09-27 23:01:12,29,3530.0,-1790.0,,Available,website maps this code to Available
1,07667655-db08-471e-9809-51ec81ddf821,2026-09-28T00:00:01.608+00:00,2026-09-28T00:00:02.142+00:00,21072-30059,washers,20483408,72000000,2026-09-28 00:00:02,2024-12-20 00:43:32,0,55898190.0,-55898190.0,,Available,website maps this code to Available
1,07667655-db08-471e-9809-51ec81ddf821,2026-09-28T00:00:01.608+00:00,2026-09-28T00:00:02.142+00:00,21072-30059,washers,50170055,72000000,2026-09-28 00:00:02,2026-09-27 23:45:55,29,847.0,893.0,,Available,website maps this code to Available
1,07667655-db08-471e-9809-51ec81ddf821,2026-09-28T00:00:01.608+00:00,2026-09-28T00:00:02.142+00:00,21072-30059,dryers,50170058,D2000000,2026-09-28 00:00:02,2026-09-26 17:53:29,45,108393.0,-105693.0,,Start Mode After PF,
1,07667655-db08-471e-9809-51ec81ddf821,2026-09-28T00:00:01.608+00:00,2026-09-28T00:00:02.142+00:00,21072-30059,dryers,50170061,72000000,2026-09-28 00:00:02,2026-09-27 22:41:12,46,4730.0,-1970.0,,Available,website maps this code to Available
1,07667655-db08-471e-9809-51ec81ddf821,2026-09-28T00:00:01.608+00:00,2026-09-28T00:00:02.142+00:00,21072-30059,dryers,50170081,72000000,2026-09-28 00:00:02,2026-09-27 23:03:05,46,3417.0,-657.0,,Available,website maps this code to Available
1,07667655-db08-471e-9809-51ec81ddf821,2026-09-28T00:00:01.608+00:00,2026-09-28T00:00:02.142+00:00,21072-30059,dryers,50170060,72000000,2026-09-28 00:00:02,2026-09-27 22:41:30,46,4712.0,-1952.0,,Available,website maps this code to Available
1,07667655-db08-471e-9809-51ec81ddf821,2026-09-28T00:00:01.608+00:00,2026-09-28T00:00:02.142+00:00,21072-30059,dryers,50170087,72000000,2026-09-28 00:00:02,2026-09-27 22:41:40,46,4702.0,-1942.0,,Available,website maps this code to Available
1,07667655-db08-471e-9809-51ec81ddf821,2026-09-28T00:00:01.608+00:00,2026-09-28T00:00:02.142+00:00,21072-30059,dryers,50170064,72000000,2026-09-28 00:00:02,2026-09-27 23:01:59,46,3483.0,-723.0,,Available,website maps this code to Available
1,07667655-db08-471e-9809-51ec81ddf821,2026-09-28T00:00:01.608+00:00,2026-09-28T00:00:02.142+00:00,21072-30059,dryers,50170065,72000000,2026-09-28 00:00:02,2026-09-27 22:41:30,46,4712.0,-1952.0,,Available,website maps this code to Available
1,07667655-db08-471e-9809-51ec81ddf821,2026-09-28T00:00:01.608+00:00,2026-09-28T00:00:02.142+00:00,21072-30059,dryers,50170059,72000000,2026-09-28 00:00:02,2026-09-27 22:41:42,46,4700.0,-1940.0,,Available,website maps this code to Available
1,07667655-db08-471e-9809-51ec81ddf821,2026-09-28T00:00:01.608+00:00,2026-09-28T00:00:02.142+00:00,21072-30059,dryers,50170057,72000000,2026-09-28 00:00:02,2026-09-27 22:41:28,46,4714.0,-1954.0,,Available,website maps this code to Available
1,07667655-db08-471e-9809-51ec81ddf821,2026-09-28T00:00:01.608+00:00,2026-09-28T00:00:02.142+00:00,21072-30059,dryers,50170062,72000000,2026-09-28 00:00:02,2026-09-27 07:03:28,46,60994.0,-58234.0,,Available,website maps this code to Available
1,07667655-db08-471e-9809-51ec81ddf821,2026-09-28T00:00:01.608+00:00,2026-09-28T00:00:02.142+00:00,21072-30059,dryers,50170067,72000000,2026-09-28 00:00:02,2026-09-27 22:42:28,46,4654.0,-1894.0,,Available,website maps this code to Available
1,07667655-db08-471e-9809-51ec81ddf821,2026-09-28T00:00:01.608+00:00,2026-09-28T00:00:02.142+00:00,21072-30059,dryers,50170074,42000000,2026-09-28 00:00:02,2026-09-27 23:48:57,53,665.0,2515.0,42,Running,
1,07667655-db08-471e-9809-51ec81ddf821,2026-09-28T00:00:01.608+00:00,2026-09-28T00:00:02.142+00:00,21072-30059,dryers,50170071,72000000,2026-09-28 00:00:02,2026-09-27 22:41:47,46,4695.0,-1935.0,,Available,website maps this code to Available
1,07667655-db08-471e-9809-51ec81ddf821,2026-09-28T00:00:01.608+00:00,2026-09-28T00:00:02.142+00:00,21072-30059,dryers,50170054,72000000,2026-09-28 00:00:02,2026-09-27 22:42:01,46,4681.0,-1921.0,,Available,website maps this code to Available
1,ffaff082-230a-4840-8593-84868f444c19,2026-09-28T00:01:00.738+00:00,2026-09-28T00:01:00.926+00:00,21072-30059,washers,50170051,52000000,2026-09-28 00:01:00,2026-09-27 22:40:14,29,4846.0,-3106.0,,Available,website fallback: report over 1 hour old
1,ffaff082-230a-4840-8593-84868f444c19,2026-09-28T00:01:00.738+00:00,2026-09-28T00:01:00.926+00:00,21072-30059,washers,50170080,42000000,2026-09-28 00:01:00,2026-09-27 23:37:51,28,1389.0,291.0,5,Running,
1,ffaff082-230a-4840-8593-84868f444c19,2026-09-28T00:01:00.738+00:00,2026-09-28T00:01:00.926+00:00,21072-30059,washers,50170075,42000000,2026-09-28 00:01:00,2026-09-27 23:36:44,28,1456.0,224.0,4,Running,
1,ffaff082-230a-4840-8593-84868f444c19,2026-09-28T00:01:00.738+00:00,2026-09-28T00:01:00.926+00:00,21072-30059,washers,50170082,42000000,2026-09-28 00:01:00,2026-09-28 00:00:27,10,33.0,567.0,10,Running,
1,ffaff082-230a-4840-8593-84868f444c19,2026-09-28T00:01:00.738+00:00,2026-09-28T00:01:00.926+00:00,21072-30059,washers,50170050,42000000,2026-09-28 00:01:00,2026-09-27 23:58:15,10,165.0,435.0,8,Running,
1,ffaff082-230a-4840-8593-84868f444c19,2026-09-28T00:01:00.738+00:00,2026-09-28T00:01:00.926+00:00,21072-30059,washers,50170052,52000000,2026-09-28 00:01:00,2026-09-27 23:55:32,29,328.0,1412.0,,Finished,
1,ffaff082-230a-4840-8593-84868f444c19,2026-09-28T00:01:00.738+00:00,2026-09-28T00:01:00.926+00:00,21072-30059,washers,50170078,52000000,2026-09-28 00:01:00,2026-09-27 23:51:55,29,545.0,1195.0,,Finished,
1,ffaff082-230a-4840-8593-84868f444c19,2026-09-28T00:01:00.738+00:00,2026-09-28T00:01:00.926+00:00,21072-30059,washers,50170084,52000000,2026-09-28 00:01:00,2026-09-27 23:54:06,29,414.0,1326.0,,Finished,
1,ffaff082-230a-4840-8593-84868f444c19,2026-09-28T00:01:00.738+00:00,2026-09-28T00:01:00.926+00:00,21072-30059,washers,50170068,52000000,2026-09-28 00:01:00,2026-09-27 22:12:30,29,6510.0,-4770.0,,Available,website fallback: report over 1 hour old
1,ffaff082-230a-4840-8593-84868f444c19,2026-09-28T00:01:00.738+00:00,2026-09-28T00:01:00.926+00:00,21072-30059,washers,50170072,72000000,2026-09-28 00:01:00,2026-09-27 23:01:12,29,3588.0,-1848.0,,Available,website maps this code to Available
1,ffaff082-230a-4840-8593-84868f444c19,2026-09-28T00:01:00.738+00:00,2026-09-28T00:01:00.926+00:00,21072-30059,washers,20483408,72000000,2026-09-28 00:01:00,2024-12-20 00:43:32,0,55898248.0,-55898248.0,,Available,website maps this code to Available
1,ffaff082-230a-4840-8593-84868f444c19,2026-09-28T00:01:00.738+00:00,2026-09-28T00:01:00.926+00:00,21072-30059,washers,50170055,72000000,2026-09-28 00:01:00,2026-09-27 23:45:55,29,905.0,835.0,,Available,website maps this code to Available
1,ffaff082-230a-4840-8593-84868f444c19,2026-09-28T00:01:00.738+00:00,2026-09-28T00:01:00.926+00:00,21072-30059,dryers,50170058,D2000000,2026-09-28 00:01:00,2026-09-26 17:53:29,45,108451.0,-105751.0,,Start Mode After PF,
1,ffaff082-230a-4840-8593-84868f444c19,2026-09-28T00:01:00.738+00:00,2026-09-28T00:01:00.926+00:00,21072-30059,dryers,50170061,72000000,2026-09-28 00:01:00,2026-09-27 22:41:12,46,4788.0,-2028.0,,Available,website maps this code to Available
1,ffaff082-230a-4840-8593-84868f444c19,2026-09-28T00:01:00.738+00:00,2026-09-28T00:01:00.926+00:00,21072-30059,dryers,50170081,72000000,2026-09-28 00:01:00,2026-09-27 23:03:05,46,3475.0,-715.0,,Available,website maps this code to Available
1,ffaff082-230a-4840-8593-84868f444c19,2026-09-28T00:01:00.738+00:00,2026-09-28T00:01:00.926+00:00,21072-30059,dryers,50170060,72000000,2026-09-28 00:01:00,2026-09-27 22:41:30,46,4770.0,-2010.0,,Available,website maps this code to Available
1,ffaff082-230a-4840-8593-84868f444c19,2026-09-28T00:01:00.738+00:00,2026-09-28T00:01:00.926+00:00,21072-30059,dryers,50170087,72000000,2026-09-28 00:01:00,2026-09-27 22:41:40,46,4760.0,-2000.0,,Available,website maps this code to Available
1,ffaff082-230a-4840-8593-84868f444c19,2026-09-28T00:01:00.738+00:00,2026-09-28T00:01:00.926+00:00,21072-30059,dryers,50170064,72000000,2026-09-28 00:01:00,2026-09-27 23:01:59,46,3541.0,-781.0,,Available,website maps this code to Available
1,ffaff082-230a-4840-8593-84868f444c19,2026-09-28T00:01:00.738+00:00,2026-09-28T00:01:00.926+00:00,21072-30059,dryers,50170065,72000000,2026-09-28 00:01:00,2026-09-27 22:41:30,46,4770.0,-2010.0,,Available,website maps this code to Available
1,ffaff082-230a-4840-8593-84868f444c19,2026-09-28T00:01:00.738+00:00,2026-09-28T00:01:00.926+00:00,21072-30059,dryers,50170059,72000000,2026-09-28 00:01:00,2026-09-27 22:41:42,46,4758.0,-1998.0,,Available,website maps this code to Available
1,ffaff082-230a-4840-8593-84868f444c19,2026-09-28T00:01:00.738+00:00,2026-09-28T00:01:00.926+00:00,21072-30059,dryers,50170057,72000000,2026-09-28 00:01:00,2026-09-27 22:41:28,46,4772.0,-2012.0,,Available,website maps this code to Available
1,ffaff082-230a-4840-8593-84868f444c19,2026-09-28T00:01:00.738+00:00,2026-09-28T00:01:00.926+00:00,21072-30059,dryers,50170062,72000000,2026-09-28 00:01:00,2026-09-27 07:03:28,46,61052.0,-58292.0,,Available,website maps this code to Available
1,ffaff082-230a-4840-8593-84868f444c19,2026-09-28T00:01:00.738+00:00,2026-09-28T00:01:00.926+00:00,21072-30059,dryers,50170067,72000000,2026-09-28 00:01:00,2026-09-27 22:42:28,46,4712.0,-1952.0,,Available,website maps this code to Available
1,ffaff082-230a-4840-8593-84868f444c19,2026-09-28T00:01:00.738+00:00,2026-09-28T00:01:00.926+00:00,21072-30059,dryers,50170074,42000000,2026-09-28 00:01:00,2026-09-27 23:48:57,53,723.0,2457.0,41,Running,
1,ffaff082-230a-4840-8593-84868f444c19,2026-09-28T00:01:00.738+00:00,2026-09-28T00:01:00.926+00:00,21072-30059,dryers,50170071,72000000,2026-09-28 00:01:00,2026-09-27 22:41:47,46,4753.0,-1993.0,,Available,website maps this code to Available
1,ffaff082-230a-4840-8593-84868f444c19,2026-09-28T00:01:00.738+00:00,2026-09-28T00:01:00.926+00:00,21072-30059,dryers,50170054,72000000,2026-09-28 00:01:00,2026-09-27 22:42:01,46,4739.0,-1979.0,,Available,website maps this code to Available
1,8de80591-f955-49d9-9b7b-eec97a8cc7b6,2026-09-28T00:02:01.300+00:00,2026-09-28T00:02:01.481+00:00,21072-30059,washers,50170051,52000000,2026-09-28 00:02:01,2026-09-27 22:40:14,29,4907.0,-3167.0,,Available,website fallback: report over 1 hour old
1,8de80591-f955-49d9-9b7b-eec97a8cc7b6,2026-09-28T00:02:01.300+00:00,2026-09-28T00:02:01.481+00:00,21072-30059,washers,50170080,42000000,2026-09-28 00:02:01,2026-09-27 23:37:51,28,1450.0,230.0,4,Running,
1,8de80591-f955-49d9-9b7b-eec97a8cc7b6,2026-09-28T00:02:01.300+00:00,2026-09-28T00:02:01.481+00:00,21072-30059,washers,50170075,42000000,2026-09-28 00:02:01,2026-09-27 23:36:44,28,1517.0,163.0,3,Running,
1,8de80591-f955-49d9-9b7b-eec97a8cc7b6,2026-09-28T00:02:01.300+00:00,2026-09-28T00:02:01.481+00:00,21072-30059,washers,50170082,42000000,2026-09-28 00:02:01,2026-09-28 00:00:27,10,94.0,506.0,9,Running,
1,8de80591-f955-49d9-9b7b-eec97a8cc7b6,2026-09-28T00:02:01.300+00:00,2026-09-28T00:02:01.481+00:00,21072-30059,washers,50170050,42000000,2026-09-28 00:02:01,2026-09-27 23:58:15,10,226.0,374.0,7,Running,
1,8de80591-f955-49d9-9b7b-eec97a8cc7b6,2026-09-28T00:02:01.300+00:00,2026-09-28T00:02:01.481+00:00,21072-30059,washers,50170052,52000000,2026-09-28 00:02:01,2026-09-27 23:55:32,29,389.0,1351.0,,Finished,
1,8de80591-f955-49d9-9b7b-eec97a8cc7b6,2026-09-28T00:02:01.300+00:00,2026-09-28T00:02:01.481+00:00,21072-30059,washers,50170078,52000000,2026-09-28 00:02:01,2026-09-27 23:51:55,29,606.0,1134.0,,Finished,
1,8de80591-f955-49d9-9b7b-eec97a8cc7b6,2026-09-28T00:02:01.300+00:00,2026-09-28T00:02:01.481+00:00,21072-30059,washers,50170084,52000000,2026-09-28 00:02:01,2026-09-27 23:54:06,29,475.0,1265.0,,Finished,
1,8de80591-f955-49d9-9b7b-eec97a8cc7b6,2026-09-28T00:02:01.300+00:00,2026-09-28T00:02:01.481+00:00,21072-30059,washers,50170068,52000000,2026-09-28 00:02:01,2026-09-27 22:12:30,29,6571.0,-4831.0,,Available,website fallback: report over 1 hour old
1,8de80591-f955-49d9-9b7b-eec97a8cc7b6,2026-09-28T00:02:01.300+00:00,2026-09-28T00:02:01.481+00:00,21072-30059,washers,50170072,72000000,2026-09-28 00:02:01,2026-09-27 23:01:12,29,3649.0,-1909.0,,Available,website maps this code to Available
1,8de80591-f955-49d9-9b7b-eec97a8cc7b6,2026-09-28T00:02:01.300+00:00,2026-09-28T00:02:01.481+00:00,21072-30059,washers,20483408,72000000,2026-09-28 00:02:01,2024-12-20 00:43:32,0,55898309.0,-55898309.0,,Available,website maps this code to Available
1,8de80591-f955-49d9-9b7b-eec97a8cc7b6,2026-09-28T00:02:01.300+00:00,2026-09-28T00:02:01.481+00:00,21072-30059,washers,50170055,72000000,2026-09-28 00:02:01,2026-09-27 23:45:55,29,966.0,774.0,,Available,website maps this code to Available
1,8de80591-f955-49d9-9b7b-eec97a8cc7b6,2026-09-28T00:02:01.300+00:00,2026-09-28T00:02:01.481+00:00,21072-30059,dryers,50170058,D2000000,2026-09-28 00:02:01,2026-09-26 17:53:29,45,108512.0,-105812.0,,Start Mode After PF,
1,8de80591-f955-49d9-9b7b-eec97a8cc7b6,2026-09-28T00:02:01.300+00:00,2026-09-28T00:02:01.481+00:00,21072-30059,dryers,50170061,72000000,2026-09-28 00:02:01,2026-09-27 22:41:12,46,4849.0,-2089.0,,Available,website maps this code to Available
1,8de80591-f955-49d9-9b7b-eec97a8cc7b6,2026-09-28T00:02:01.300+00:00,2026-09-28T00:02:01.481+00:00,21072-30059,dryers,50170081,72000000,2026-09-28 00:02:01,2026-09-27 23:03:05,46,3536.0,-776.0,,Available,website maps this code to Available
1,8de80591-f955-49d9-9b7b-eec97a8cc7b6,2026-09-28T00:02:01.300+00:00,2026-09-28T00:02:01.481+00:00,21072-30059,dryers,50170060,72000000,2026-09-28 00:02:01,2026-09-27 22:41:30,46,4831.0,-2071.0,,Available,website maps this code to Available
1,8de80591-f955-49d9-9b7b-eec97a8cc7b6,2026-09-28T00:02:01.300+00:00,2026-09-28T00:02:01.481+00:00,21072-30059,dryers,50170087,72000000,2026-09-28 00:02:01,2026-09-27 22:41:40,46,4821.0,-2061.0,,Available,website maps this code to Available
1,8de80591-f955-49d9-9b7b-eec97a8cc7b6,2026-09-28T00:02:01.300+00:00,2026-09-28T00:02:01.481+00:00,21072-30059,dryers,50170064,72000000,2026-09-28 00:02:01,2026-09-27 23:01:59,46,3602.0,-842.0,,Available,website maps this code to Available
1,8de80591-f955-49d9-9b7b-eec97a8cc7b6,2026-09-28T00:02:01.300+00:00,2026-09-28T00:02:01.481+00:00,21072-30059,dryers,50170065,72000000,2026-09-28 00:02:01,2026-09-27 22:41:30,46,4831.0,-2071.0,,Available,website maps this code to Available
1,8de80591-f955-49d9-9b7b-eec97a8cc7b6,2026-09-28T00:02:01.300+00:00,2026-09-28T00:02:01.481+00:00,21072-30059,dryers,50170059,72000000,2026-09-28 00:02:01,2026-09-27 22:41:42,46,4819.0,-2059.0,,Available,website maps this code to Available
1,8de80591-f955-49d9-9b7b-eec97a8cc7b6,2026-09-28T00:02:01.300+00:00,2026-09-28T00:02:01.481+00:00,21072-30059,dryers,50170057,72000000,2026-09-28 00:02:01,2026-09-27 22:41:28,46,4833.0,-2073.0,,Available,website maps this code to Available
1,8de80591-f955-49d9-9b7b-eec97a8cc7b6,2026-09-28T00:02:01.300+00:00,2026-09-28T00:02:01.481+00:00,21072-30059,dryers,50170062,72000000,2026-09-28 00:02:01,2026-09-27 07:03:28,46,61113.0,-58353.0,,Available,website maps this code to Available
1,8de80591-f955-49d9-9b7b-eec97a8cc7b6,2026-09-28T00:02:01.300+00:00,2026-09-28T00:02:01.481+00:00,21072-30059,dryers,50170067,72000000,2026-09-28 00:02:01,2026-09-27 22:42:28,46,4773.0,-2013.0,,Available,website maps this code to Available
1,8de80591-f955-49d9-9b7b-eec97a8cc7b6,2026-09-28T00:02:01.300+00:00,2026-09-28T00:02:01.481+00:00,21072-30059,dryers,50170074,42000000,2026-09-28 00:02:01,2026-09-27 23:48:57,53,784.0,2396.0,40,Running,
1,8de80591-f955-49d9-9b7b-eec97a8cc7b6,2026-09-28T00:02:01.300+00:00,2026-09-28T00:02:01.481+00:00,21072-30059,dryers,50170071,72000000,2026-09-28 00:02:01,2026-09-27 22:41:47,46,4814.0,-2054.0,,Available,website maps this code to Available
1,8de80591-f955-49d9-9b7b-eec97a8cc7b6,2026-09-28T00:02:01.300+00:00,2026-09-28T00:02:01.481+00:00,21072-30059,dryers,50170054,72000000,2026-09-28 00:02:01,2026-09-27 22:42:01,46,4800.0,-2040.0,,Available,website maps this code to Available
1,d56f9900-505d-4f26-8051-8d6621e95371,2026-09-28T00:03:01.325+00:00,2026-09-28T00:03:01.518+00:00,21072-30059,washers,50170051,52000000,2026-09-28 00:03:01,2026-09-27 22:40:14,29,4967.0,-3227.0,,Available,website fallback: report over 1 hour old
1,d56f9900-505d-4f26-8051-8d6621e95371,2026-09-28T00:03:01.325+00:00,2026-09-28T00:03:01.518+00:00,21072-30059,washers,50170080,42000000,2026-09-28 00:03:01,2026-09-28 00:02:18,10,43.0,557.0,10,Running,
1,d56f9900-505d-4f26-8051-8d6621e95371,2026-09-28T00:03:01.325+00:00,2026-09-28T00:03:01.518+00:00,21072-30059,washers,50170075,42000000,2026-09-28 00:03:01,2026-09-27 23:36:44,28,1577.0,103.0,2,Running,
1,d56f9900-505d-4f26-8051-8d6621e95371,2026-09-28T00:03:01.325+00:00,2026-09-28T00:03:01.518+00:00,21072-30059,washers,50170082,42000000,2026-09-28 00:03:01,2026-09-28 00:00:27,10,154.0,446.0,8,Running,
1,d56f9900-505d-4f26-8051-8d6621e95371,2026-09-28T00:03:01.325+00:00,2026-09-28T00:03:01.518+00:00,21072-30059,washers,50170050,42000000,2026-09-28 00:03:01,2026-09-27 23:58:15,10,286.0,314.0,6,Running,
1,d56f9900-505d-4f26-8051-8d6621e95371,2026-09-28T00:03:01.325+00:00,2026-09-28T00:03:01.518+00:00,21072-30059,washers,50170052,52000000,2026-09-28 00:03:01,2026-09-27 23:55:32,29,449.0,1291.0,,Finished,
1,d56f9900-505d-4f26-8051-8d6621e95371,2026-09-28T00:03:01.325+00:00,2026-09-28T00:03:01.518+00:00,21072-30059,washers,50170078,52000000,2026-09-28 00:03:01,2026-09-27 23:51:55,29,666.0,1074.0,,Finished,
1,d56f9900-505d-4f26-8051-8d6621e95371,2026-09-28T00:03:01.325+00:00,2026-09-28T00:03:01.518+00:00,21072-30059,washers,50170084,52000000,2026-09-28 00:03:01,2026-09-27 23:54:06,29,535.0,1205.0,,Finished,
1,d56f9900-505d-4f26-8051-8d6621e95371,2026-09-28T00:03:01.325+00:00,2026-09-28T00:03:01.518+00:00,21072-30059,washers,50170068,52000000,2026-09-28 00:03:01,2026-09-27 22:12:30,29,6631.0,-4891.0,,Available,website fallback: report over 1 hour old
1,d56f9900-505d-4f26-8051-8d6621e95371,2026-09-28T00:03:01.325+00:00,2026-09-28T00:03:01.518+00:00,21072-30059,washers,50170072,72000000,2026-09-28 00:03:01,2026-09-27 23:01:12,29,3709.0,-1969.0,,Available,website maps this code to Available
1,d56f9900-505d-4f26-8051-8d6621e95371,2026-09-28T00:03:01.325+00:00,2026-09-28T00:03:01.518+00:00,21072-30059,washers,20483408,72000000,2026-09-28 00:03:01,2024-12-20 00:43:32,0,55898369.0,-55898369.0,,Available,website maps this code to Available
1,d56f9900-505d-4f26-8051-8d6621e95371,2026-09-28T00:03:01.325+00:00,2026-09-28T00:03:01.518+00:00,21072-30059,washers,50170055,72000000,2026-09-28 00:03:01,2026-09-27 23:45:55,29,1026.0,714.0,,Available,website maps this code to Available
1,d56f9900-505d-4f26-8051-8d6621e95371,2026-09-28T00:03:01.325+00:00,2026-09-28T00:03:01.518+00:00,21072-30059,dryers,50170058,D2000000,2026-09-28 00:03:01,2026-09-26 17:53:29,45,108572.0,-105872.0,,Start Mode After PF,
1,d56f9900-505d-4f26-8051-8d6621e95371,2026-09-28T00:03:01.325+00:00,2026-09-28T00:03:01.518+00:00,21072-30059,dryers,50170061,72000000,2026-09-28 00:03:01,2026-09-27 22:41:12,46,4909.0,-2149.0,,Available,website maps this code to Available
1,d56f9900-505d-4f26-8051-8d6621e95371,2026-09-28T00:03:01.325+00:00,2026-09-28T00:03:01.518+00:00,21072-30059,dryers,50170081,72000000,2026-09-28 00:03:01,2026-09-27 23:03:05,46,3596.0,-836.0,,Available,website maps this code to Available
1,d56f9900-505d-4f26-8051-8d6621e95371,2026-09-28T00:03:01.325+00:00,2026-09-28T00:03:01.518+00:00,21072-30059,dryers,50170060,72000000,2026-09-28 00:03:01,2026-09-27 22:41:30,46,4891.0,-2131.0,,Available,website maps this code to Available
1,d56f9900-505d-4f26-8051-8d6621e95371,2026-09-28T00:03:01.325+00:00,2026-09-28T00:03:01.518+00:00,21072-30059,dryers,50170087,72000000,2026-09-28 00:03:01,2026-09-27 22:41:40,46,4881.0,-2121.0,,Available,website maps this code to Available
1,d56f9900-505d-4f26-8051-8d6621e95371,2026-09-28T00:03:01.325+00:00,2026-09-28T00:03:01.518+00:00,21072-30059,dryers,50170064,72000000,2026-09-28 00:03:01,2026-09-27 23:01:59,46,3662.0,-902.0,,Available,website maps this code to Available
1,d56f9900-505d-4f26-8051-8d6621e95371,2026-09-28T00:03:01.325+00:00,2026-09-28T00:03:01.518+00:00,21072-30059,dryers,50170065,72000000,2026-09-28 00:03:01,2026-09-27 22:41:30,46,4891.0,-2131.0,,Available,website maps this code to Available
1,d56f9900-505d-4f26-8051-8d6621e95371,2026-09-28T00:03:01.325+00:00,2026-09-28T00:03:01.518+00:00,21072-30059,dryers,50170059,72000000,2026-09-28 00:03:01,2026-09-27 22:41:42,46,4879.0,-2119.0,,Available,website maps this code to Available
1,d56f9900-505d-4f26-8051-8d6621e95371,2026-09-28T00:03:01.325+00:00,2026-09-28T00:03:01.518+00:00,21072-30059,dryers,50170057,72000000,2026-09-28 00:03:01,2026-09-27 22:41:28,46,4893.0,-2133.0,,Available,website maps this code to Available
1,d56f9900-505d-4f26-8051-8d6621e95371,2026-09-28T00:03:01.325+00:00,2026-09-28T00:03:01.518+00:00,21072-30059,dryers,50170062,72000000,2026-09-28 00:03:01,2026-09-27 07:03:28,46,61173.0,-58413.0,,Available,website maps this code to Available
1,d56f9900-505d-4f26-8051-8d6621e95371,2026-09-28T00:03:01.325+00:00,2026-09-28T00:03:01.518+00:00,21072-30059,dryers,50170067,72000000,2026-09-28 00:03:01,2026-09-27 22:42:28,46,4833.0,-2073.0,,Available,website maps this code to Available
1,d56f9900-505d-4f26-8051-8d6621e95371,2026-09-28T00:03:01.325+00:00,2026-09-28T00:03:01.518+00:00,21072-30059,dryers,50170074,42000000,2026-09-28 00:03:01,2026-09-27 23:48:57,53,844.0,2336.0,39,Running,
1,d56f9900-505d-4f26-8051-8d6621e95371,2026-09-28T00:03:01.325+00:00,2026-09-28T00:03:01.518+00:00,21072-30059,dryers,50170071,72000000,2026-09-28 00:03:01,2026-09-27 22:41:47,46,4874.0,-2114.0,,Available,website maps this code to Available
1,d56f9900-505d-4f26-8051-8d6621e95371,2026-09-28T00:03:01.325+00:00,2026-09-28T00:03:01.518+00:00,21072-30059,dryers,50170054,72000000,2026-09-28 00:03:01,2026-09-27 22:42:01,46,4860.0,-2100.0,,Available,website maps this code to Available
1,692e2c65-ae93-4f0e-82fb-1f873932ca00,2026-09-28T00:04:01.267+00:00,2026-09-28T00:04:01.443+00:00,21072-30059,washers,50170051,52000000,2026-09-28 00:04:01,2026-09-27 22:40:14,29,5027.0,-3287.0,,Available,website fallback: report over 1 hour old
1,692e2c65-ae93-4f0e-82fb-1f873932ca00,2026-09-28T00:04:01.267+00:00,2026-09-28T00:04:01.443+00:00,21072-30059,washers,50170080,42000000,2026-09-28 00:04:01,2026-09-28 00:02:18,10,103.0,497.0,9,Running,
1,692e2c65-ae93-4f0e-82fb-1f873932ca00,2026-09-28T00:04:01.267+00:00,2026-09-28T00:04:01.443+00:00,21072-30059,washers,50170075,42000000,2026-09-28 00:04:01,2026-09-27 23:36:44,28,1637.0,43.0,1,Running,
1,692e2c65-ae93-4f0e-82fb-1f873932ca00,2026-09-28T00:04:01.267+00:00,2026-09-28T00:04:01.443+00:00,21072-30059,washers,50170082,42000000,2026-09-28 00:04:01,2026-09-28 00:00:27,10,214.0,386.0,7,Running,
1,692e2c65-ae93-4f0e-82fb-1f873932ca00,2026-09-28T00:04:01.267+00:00,2026-09-28T00:04:01.443+00:00,21072-30059,washers,50170050,42000000,2026-09-28 00:04:01,2026-09-27 23:58:15,10,346.0,254.0,5,Running,
1,692e2c65-ae93-4f0e-82fb-1f873932ca00,2026-09-28T00:04:01.267+00:00,2026-09-28T00:04:01.443+00:00,21072-30059,washers,50170052,52000000,2026-09-28 00:04:01,2026-09-27 23:55:32,29,509.0,1231.0,,Finished,
1,692e2c65-ae93-4f0e-82fb-1f873932ca00,2026-09-28T00:04:01.267+00:00,2026-09-28T00:04:01.443+00:00,21072-30059,washers,50170078,52000000,2026-09-28 00:04:01,2026-09-27 23:51:55,29,726.0,1014.0,,Finished,
1,692e2c65-ae93-4f0e-82fb-1f873932ca00,2026-09-28T00:04:01.267+00:00,2026-09-28T00:04:01.443+00:00,21072-30059,washers,50170084,52000000,2026-09-28 00:04:01,2026-09-27 23:54:06,29,595.0,1145.0,,Finished,
1,692e2c65-ae93-4f0e-82fb-1f873932ca00,2026-09-28T00:04:01.267+00:00,2026-09-28T00:04:01.443+00:00,21072-30059,washers,50170068,52000000,2026-09-28 00:04:01,2026-09-27 22:12:30,29,6691.0,-4951.0,,Available,website fallback: report over 1 hour old
1,692e2c65-ae93-4f0e-82fb-1f873932ca00,2026-09-28T00:04:01.267+00:00,2026-09-28T00:04:01.443+00:00,21072-30059,washers,50170072,72000000,2026-09-28 00:04:01,2026-09-27 23:01:12,29,3769.0,-2029.0,,Available,website maps this code to Available
1,692e2c65-ae93-4f0e-82fb-1f873932ca00,2026-09-28T00:04:01.267+00:00,2026-09-28T00:04:01.443+00:00,21072-30059,washers,20483408,72000000,2026-09-28 00:04:01,2024-12-20 00:43:32,0,55898429.0,-55898429.0,,Available,website maps this code to Available
1,692e2c65-ae93-4f0e-82fb-1f873932ca00,2026-09-28T00:04:01.267+00:00,2026-09-28T00:04:01.443+00:00,21072-30059,washers,50170055,72000000,2026-09-28 00:04:01,2026-09-27 23:45:55,29,1086.0,654.0,,Available,website maps this code to Available
1,692e2c65-ae93-4f0e-82fb-1f873932ca00,2026-09-28T00:04:01.267+00:00,2026-09-28T00:04:01.443+00:00,21072-30059,dryers,50170058,D2000000,2026-09-28 00:04:01,2026-09-26 17:53:29,45,108632.0,-105932.0,,Start Mode After PF,
1,692e2c65-ae93-4f0e-82fb-1f873932ca00,2026-09-28T00:04:01.267+00:00,2026-09-28T00:04:01.443+00:00,21072-30059,dryers,50170061,72000000,2026-09-28 00:04:01,2026-09-27 22:41:12,46,4969.0,-2209.0,,Available,website maps this code to Available
1,692e2c65-ae93-4f0e-82fb-1f873932ca00,2026-09-28T00:04:01.267+00:00,2026-09-28T00:04:01.443+00:00,21072-30059,dryers,50170081,72000000,2026-09-28 00:04:01,2026-09-27 23:03:05,46,3656.0,-896.0,,Available,website maps this code to Available
1,692e2c65-ae93-4f0e-82fb-1f873932ca00,2026-09-28T00:04:01.267+00:00,2026-09-28T00:04:01.443+00:00,21072-30059,dryers,50170060,72000000,2026-09-28 00:04:01,2026-09-27 22:41:30,46,4951.0,-2191.0,,Available,website maps this code to Available
1,692e2c65-ae93-4f0e-82fb-1f873932ca00,2026-09-28T00:04:01.267+00:00,2026-09-28T00:04:01.443+00:00,21072-30059,dryers,50170087,72000000,2026-09-28 00:04:01,2026-09-27 22:41:40,46,4941.0,-2181.0,,Available,website maps this code to Available
1,692e2c65-ae93-4f0e-82fb-1f873932ca00,2026-09-28T00:04:01.267+00:00,2026-09-28T00:04:01.443+00:00,21072-30059,dryers,50170064,72000000,2026-09-28 00:04:01,2026-09-27 23:01:59,46,3722.0,-962.0,,Available,website maps this code to Available
1,692e2c65-ae93-4f0e-82fb-1f873932ca00,2026-09-28T00:04:01.267+00:00,2026-09-28T00:04:01.443+00:00,21072-30059,dryers,50170065,72000000,2026-09-28 00:04:01,2026-09-27 22:41:30,46,4951.0,-2191.0,,Available,website maps this code to Available
1,692e2c65-ae93-4f0e-82fb-1f873932ca00,2026-09-28T00:04:01.267+00:00,2026-09-28T00:04:01.443+00:00,21072-30059,dryers,50170059,72000000,2026-09-28 00:04:01,2026-09-27 22:41:42,46,4939.0,-2179.0,,Available,website maps this code to Available
1,692e2c65-ae93-4f0e-82fb-1f873932ca00,2026-09-28T00:04:01.267+00:00,2026-09-28T00:04:01.443+00:00,21072-30059,dryers,50170057,72000000,2026-09-28 00:04:01,2026-09-27 22:41:28,46,4953.0,-2193.0,,Available,website maps this code to Available
1,692e2c65-ae93-4f0e-82fb-1f873932ca00,2026-09-28T00:04:01.267+00:00,2026-09-28T00:04:01.443+00:00,21072-30059,dryers,50170062,72000000,2026-09-28 00:04:01,2026-09-27 07:03:28,46,61233.0,-58473.0,,Available,website maps this code to Available
1,692e2c65-ae93-4f0e-82fb-1f873932ca00,2026-09-28T00:04:01.267+00:00,2026-09-28T00:04:01.443+00:00,21072-30059,dryers,50170067,72000000,2026-09-28 00:04:01,2026-09-27 22:42:28,46,4893.0,-2133.0,,Available,website maps this code to Available
1,692e2c65-ae93-4f0e-82fb-1f873932ca00,2026-09-28T00:04:01.267+00:00,2026-09-28T00:04:01.443+00:00,21072-30059,dryers,50170074,42000000,2026-09-28 00:04:01,2026-09-27 23:48:57,53,904.0,2276.0,38,Running,
1,692e2c65-ae93-4f0e-82fb-1f873932ca00,2026-09-28T00:04:01.267+00:00,2026-09-28T00:04:01.443+00:00,21072-30059,dryers,50170071,72000000,2026-09-28 00:04:01,2026-09-27 22:41:47,46,4934.0,-2174.0,,Available,website maps this code to Available
1,692e2c65-ae93-4f0e-82fb-1f873932ca00,2026-09-28T00:04:01.267+00:00,2026-09-28T00:04:01.443+00:00,21072-30059,dryers,50170054,72000000,2026-09-28 00:04:01,2026-09-27 22:42:01,46,4920.0,-2160.0,,Available,website maps this code to Available
1,a5e43387-f5b1-48e2-a0ed-a41ded5aeed5,2026-09-28T00:05:01.305+00:00,2026-09-28T00:05:01.496+00:00,21072-30059,washers,50170051,52000000,2026-09-28 00:05:01,2026-09-27 22:40:14,29,5087.0,-3347.0,,Available,website fallback: report over 1 hour old
1,a5e43387-f5b1-48e2-a0ed-a41ded5aeed5,2026-09-28T00:05:01.305+00:00,2026-09-28T00:05:01.496+00:00,21072-30059,washers,50170080,42000000,2026-09-28 00:05:01,2026-09-28 00:02:18,10,163.0,437.0,8,Running,
1,a5e43387-f5b1-48e2-a0ed-a41ded5aeed5,2026-09-28T00:05:01.305+00:00,2026-09-28T00:05:01.496+00:00,21072-30059,washers,50170075,42000000,2026-09-28 00:05:01,2026-09-27 23:36:44,28,1697.0,-17.0,,Available,website fallback: countdown expired
1,a5e43387-f5b1-48e2-a0ed-a41ded5aeed5,2026-09-28T00:05:01.305+00:00,2026-09-28T00:05:01.496+00:00,21072-30059,washers,50170082,42000000,2026-09-28 00:05:01,2026-09-28 00:00:27,10,274.0,326.0,6,Running,
1,a5e43387-f5b1-48e2-a0ed-a41ded5aeed5,2026-09-28T00:05:01.305+00:00,2026-09-28T00:05:01.496+00:00,21072-30059,washers,50170050,42000000,2026-09-28 00:05:01,2026-09-27 23:58:15,10,406.0,194.0,4,Running,
1,a5e43387-f5b1-48e2-a0ed-a41ded5aeed5,2026-09-28T00:05:01.305+00:00,2026-09-28T00:05:01.496+00:00,21072-30059,washers,50170052,52000000,2026-09-28 00:05:01,2026-09-27 23:55:32,29,569.0,1171.0,,Finished,
1,a5e43387-f5b1-48e2-a0ed-a41ded5aeed5,2026-09-28T00:05:01.305+00:00,2026-09-28T00:05:01.496+00:00,21072-30059,washers,50170078,52000000,2026-09-28 00:05:01,2026-09-27 23:51:55,29,786.0,954.0,,Finished,
1,a5e43387-f5b1-48e2-a0ed-a41ded5aeed5,2026-09-28T00:05:01.305+00:00,2026-09-28T00:05:01.496+00:00,21072-30059,washers,50170084,52000000,2026-09-28 00:05:01,2026-09-27 23:54:06,29,655.0,1085.0,,Finished,
1,a5e43387-f5b1-48e2-a0ed-a41ded5aeed5,2026-09-28T00:05:01.305+00:00,2026-09-28T00:05:01.496+00:00,21072-30059,washers,50170068,52000000,2026-09-28 00:05:01,2026-09-27 22:12:30,29,6751.0,-5011.0,,Available,website fallback: report over 1 hour old
1,a5e43387-f5b1-48e2-a0ed-a41ded5aeed5,2026-09-28T00:05:01.305+00:00,2026-09-28T00:05:01.496+00:00,21072-30059,washers,50170072,72000000,2026-09-28 00:05:01,2026-09-27 23:01:12,29,3829.0,-2089.0,,Available,website maps this code to Available
1,a5e43387-f5b1-48e2-a0ed-a41ded5aeed5,2026-09-28T00:05:01.305+00:00,2026-09-28T00:05:01.496+00:00,21072-30059,washers,20483408,72000000,2026-09-28 00:05:01,2024-12-20 00:43:32,0,55898489.0,-55898489.0,,Available,website maps this code to Available
1,a5e43387-f5b1-48e2-a0ed-a41ded5aeed5,2026-09-28T00:05:01.305+00:00,2026-09-28T00:05:01.496+00:00,21072-30059,washers,50170055,72000000,2026-09-28 00:05:01,2026-09-27 23:45:55,29,1146.0,594.0,,Available,website maps this code to Available
1,a5e43387-f5b1-48e2-a0ed-a41ded5aeed5,2026-09-28T00:05:01.305+00:00,2026-09-28T00:05:01.496+00:00,21072-30059,dryers,50170058,D2000000,2026-09-28 00:05:01,2026-09-26 17:53:29,45,108692.0,-105992.0,,Start Mode After PF,
1,a5e43387-f5b1-48e2-a0ed-a41ded5aeed5,2026-09-28T00:05:01.305+00:00,2026-09-28T00:05:01.496+00:00,21072-30059,dryers,50170061,72000000,2026-09-28 00:05:01,2026-09-27 22:41:12,46,5029.0,-2269.0,,Available,website maps this code to Available
1,a5e43387-f5b1-48e2-a0ed-a41ded5aeed5,2026-09-28T00:05:01.305+00:00,2026-09-28T00:05:01.496+00:00,21072-30059,dryers,50170081,72000000,2026-09-28 00:05:01,2026-09-27 23:03:05,46,3716.0,-956.0,,Available,website maps this code to Available
1,a5e43387-f5b1-48e2-a0ed-a41ded5aeed5,2026-09-28T00:05:01.305+00:00,2026-09-28T00:05:01.496+00:00,21072-30059,dryers,50170060,72000000,2026-09-28 00:05:01,2026-09-27 22:41:30,46,5011.0,-2251.0,,Available,website maps this code to Available
1,a5e43387-f5b1-48e2-a0ed-a41ded5aeed5,2026-09-28T00:05:01.305+00:00,2026-09-28T00:05:01.496+00:00,21072-30059,dryers,50170087,72000000,2026-09-28 00:05:01,2026-09-27 22:41:40,46,5001.0,-2241.0,,Available,website maps this code to Available
1,a5e43387-f5b1-48e2-a0ed-a41ded5aeed5,2026-09-28T00:05:01.305+00:00,2026-09-28T00:05:01.496+00:00,21072-30059,dryers,50170064,72000000,2026-09-28 00:05:01,2026-09-27 23:01:59,46,3782.0,-1022.0,,Available,website maps this code to Available
1,a5e43387-f5b1-48e2-a0ed-a41ded5aeed5,2026-09-28T00:05:01.305+00:00,2026-09-28T00:05:01.496+00:00,21072-30059,dryers,50170065,72000000,2026-09-28 00:05:01,2026-09-27 22:41:30,46,5011.0,-2251.0,,Available,website maps this code to Available
1,a5e43387-f5b1-48e2-a0ed-a41ded5aeed5,2026-09-28T00:05:01.305+00:00,2026-09-28T00:05:01.496+00:00,21072-30059,dryers,50170059,72000000,2026-09-28 00:05:01,2026-09-27 22:41:42,46,4999.0,-2239.0,,Available,website maps this code to Available
1,a5e43387-f5b1-48e2-a0ed-a41ded5aeed5,2026-09-28T00:05:01.305+00:00,2026-09-28T00:05:01.496+00:00,21072-30059,dryers,50170057,72000000,2026-09-28 00:05:01,2026-09-27 22:41:28,46,5013.0,-2253.0,,Available,website maps this code to Available
1,a5e43387-f5b1-48e2-a0ed-a41ded5aeed5,2026-09-28T00:05:01.305+00:00,2026-09-28T00:05:01.496+00:00,21072-30059,dryers,50170062,72000000,2026-09-28 00:05:01,2026-09-27 07:03:28,46,61293.0,-58533.0,,Available,website maps this code to Available
1,a5e43387-f5b1-48e2-a0ed-a41ded5aeed5,2026-09-28T00:05:01.305+00:00,2026-09-28T00:05:01.496+00:00,21072-30059,dryers,50170067,72000000,2026-09-28 00:05:01,2026-09-27 22:42:28,46,4953.0,-2193.0,,Available,website maps this code to Available
1,a5e43387-f5b1-48e2-a0ed-a41ded5aeed5,2026-09-28T00:05:01.305+00:00,2026-09-28T00:05:01.496+00:00,21072-30059,dryers,50170074,42000000,2026-09-28 00:05:01,2026-09-27 23:48:57,53,964.0,2216.0,37,Running,
1,a5e43387-f5b1-48e2-a0ed-a41ded5aeed5,2026-09-28T00:05:01.305+00:00,2026-09-28T00:05:01.496+00:00,21072-30059,dryers,50170071,72000000,2026-09-28 00:05:01,2026-09-27 22:41:47,46,4994.0,-2234.0,,Available,website maps this code to Available
1,a5e43387-f5b1-48e2-a0ed-a41ded5aeed5,2026-09-28T00:05:01.305+00:00,2026-09-28T00:05:01.496+00:00,21072-30059,dryers,50170054,72000000,2026-09-28 00:05:01,2026-09-27 22:42:01,46,4980.0,-2220.0,,Available,website maps this code to Available
1,107ec105-f1d7-479f-8a7c-3c3ce6a59581,2026-09-28T00:06:01.329+00:00,2026-09-28T00:06:01.544+00:00,21072-30059,washers,50170051,52000000,2026-09-28 00:06:01,2026-09-27 22:40:14,29,5147.0,-3407.0,,Available,website fallback: report over 1 hour old
1,107ec105-f1d7-479f-8a7c-3c3ce6a59581,2026-09-28T00:06:01.329+00:00,2026-09-28T00:06:01.544+00:00,21072-30059,washers,50170080,42000000,2026-09-28 00:06:01,2026-09-28 00:02:18,10,223.0,377.0,7,Running,
1,107ec105-f1d7-479f-8a7c-3c3ce6a59581,2026-09-28T00:06:01.329+00:00,2026-09-28T00:06:01.544+00:00,21072-30059,washers,50170075,42000000,2026-09-28 00:06:01,2026-09-28 00:05:09,10,52.0,548.0,10,Running,
1,107ec105-f1d7-479f-8a7c-3c3ce6a59581,2026-09-28T00:06:01.329+00:00,2026-09-28T00:06:01.544+00:00,21072-30059,washers,50170082,42000000,2026-09-28 00:06:01,2026-09-28 00:00:27,10,334.0,266.0,5,Running,
1,107ec105-f1d7-479f-8a7c-3c3ce6a59581,2026-09-28T00:06:01.329+00:00,2026-09-28T00:06:01.544+00:00,21072-30059,washers,50170050,42000000,2026-09-28 00:06:01,2026-09-27 23:58:15,10,466.0,134.0,3,Running,
1,107ec105-f1d7-479f-8a7c-3c3ce6a59581,2026-09-28T00:06:01.329+00:00,2026-09-28T00:06:01.544+00:00,21072-30059,washers,50170052,52000000,2026-09-28 00:06:01,2026-09-27 23:55:32,29,629.0,1111.0,,Finished,
1,107ec105-f1d7-479f-8a7c-3c3ce6a59581,2026-09-28T00:06:01.329+00:00,2026-09-28T00:06:01.544+00:00,21072-30059,washers,50170078,52000000,2026-09-28 00:06:01,2026-09-27 23:51:55,29,846.0,894.0,,Finished,
1,107ec105-f1d7-479f-8a7c-3c3ce6a59581,2026-09-28T00:06:01.329+00:00,2026-09-28T00:06:01.544+00:00,21072-30059,washers,50170084,52000000,2026-09-28 00:06:01,2026-09-27 23:54:06,29,715.0,1025.0,,Finished,
1,107ec105-f1d7-479f-8a7c-3c3ce6a59581,2026-09-28T00:06:01.329+00:00,2026-09-28T00:06:01.544+00:00,21072-30059,washers,50170068,52000000,2026-09-28 00:06:01,2026-09-27 22:12:30,29,6811.0,-5071.0,,Available,website fallback: report over 1 hour old
1,107ec105-f1d7-479f-8a7c-3c3ce6a59581,2026-09-28T00:06:01.329+00:00,2026-09-28T00:06:01.544+00:00,21072-30059,washers,50170072,72000000,2026-09-28 00:06:01,2026-09-27 23:01:12,29,3889.0,-2149.0,,Available,website maps this code to Available
1,107ec105-f1d7-479f-8a7c-3c3ce6a59581,2026-09-28T00:06:01.329+00:00,2026-09-28T00:06:01.544+00:00,21072-30059,washers,20483408,72000000,2026-09-28 00:06:01,2024-12-20 00:43:32,0,55898549.0,-55898549.0,,Available,website maps this code to Available
1,107ec105-f1d7-479f-8a7c-3c3ce6a59581,2026-09-28T00:06:01.329+00:00,2026-09-28T00:06:01.544+00:00,21072-30059,washers,50170055,72000000,2026-09-28 00:06:01,2026-09-27 23:45:55,29,1206.0,534.0,,Available,website maps this code to Available
1,107ec105-f1d7-479f-8a7c-3c3ce6a59581,2026-09-28T00:06:01.329+00:00,2026-09-28T00:06:01.544+00:00,21072-30059,dryers,50170058,D2000000,2026-09-28 00:06:01,2026-09-26 17:53:29,45,108752.0,-106052.0,,Start Mode After PF,
1,107ec105-f1d7-479f-8a7c-3c3ce6a59581,2026-09-28T00:06:01.329+00:00,2026-09-28T00:06:01.544+00:00,21072-30059,dryers,50170061,72000000,2026-09-28 00:06:01,2026-09-27 22:41:12,46,5089.0,-2329.0,,Available,website maps this code to Available
1,107ec105-f1d7-479f-8a7c-3c3ce6a59581,2026-09-28T00:06:01.329+00:00,2026-09-28T00:06:01.544+00:00,21072-30059,dryers,50170081,72000000,2026-09-28 00:06:01,2026-09-27 23:03:05,46,3776.0,-1016.0,,Available,website maps this code to Available
1,107ec105-f1d7-479f-8a7c-3c3ce6a59581,2026-09-28T00:06:01.329+00:00,2026-09-28T00:06:01.544+00:00,21072-30059,dryers,50170060,72000000,2026-09-28 00:06:01,2026-09-27 22:41:30,46,5071.0,-2311.0,,Available,website maps this code to Available
1,107ec105-f1d7-479f-8a7c-3c3ce6a59581,2026-09-28T00:06:01.329+00:00,2026-09-28T00:06:01.544+00:00,21072-30059,dryers,50170087,72000000,2026-09-28 00:06:01,2026-09-27 22:41:40,46,5061.0,-2301.0,,Available,website maps this code to Available
1,107ec105-f1d7-479f-8a7c-3c3ce6a59581,2026-09-28T00:06:01.329+00:00,2026-09-28T00:06:01.544+00:00,21072-30059,dryers,50170064,72000000,2026-09-28 00:06:01,2026-09-27 23:01:59,46,3842.0,-1082.0,,Available,website maps this code to Available
1,107ec105-f1d7-479f-8a7c-3c3ce6a59581,2026-09-28T00:06:01.329+00:00,2026-09-28T00:06:01.544+00:00,21072-30059,dryers,50170065,72000000,2026-09-28 00:06:01,2026-09-27 22:41:30,46,5071.0,-2311.0,,Available,website maps this code to Available
1,107ec105-f1d7-479f-8a7c-3c3ce6a59581,2026-09-28T00:06:01.329+00:00,2026-09-28T00:06:01.544+00:00,21072-30059,dryers,50170059,72000000,2026-09-28 00:06:01,2026-09-27 22:41:42,46,5059.0,-2299.0,,Available,website maps this code to Available
1,107ec105-f1d7-479f-8a7c-3c3ce6a59581,2026-09-28T00:06:01.329+00:00,2026-09-28T00:06:01.544+00:00,21072-30059,dryers,50170057,72000000,2026-09-28 00:06:01,2026-09-27 22:41:28,46,5073.0,-2313.0,,Available,website maps this code to Available
1,107ec105-f1d7-479f-8a7c-3c3ce6a59581,2026-09-28T00:06:01.329+00:00,2026-09-28T00:06:01.544+00:00,21072-30059,dryers,50170062,72000000,2026-09-28 00:06:01,2026-09-27 07:03:28,46,61353.0,-58593.0,,Available,website maps this code to Available
1,107ec105-f1d7-479f-8a7c-3c3ce6a59581,2026-09-28T00:06:01.329+00:00,2026-09-28T00:06:01.544+00:00,21072-30059,dryers,50170067,72000000,2026-09-28 00:06:01,2026-09-27 22:42:28,46,5013.0,-2253.0,,Available,website maps this code to Available
1,107ec105-f1d7-479f-8a7c-3c3ce6a59581,2026-09-28T00:06:01.329+00:00,2026-09-28T00:06:01.544+00:00,21072-30059,dryers,50170074,42000000,2026-09-28 00:06:01,2026-09-27 23:48:57,53,1024.0,2156.0,36,Running,
1,107ec105-f1d7-479f-8a7c-3c3ce6a59581,2026-09-28T00:06:01.329+00:00,2026-09-28T00:06:01.544+00:00,21072-30059,dryers,50170071,72000000,2026-09-28 00:06:01,2026-09-27 22:41:47,46,5054.0,-2294.0,,Available,website maps this code to Available
1,107ec105-f1d7-479f-8a7c-3c3ce6a59581,2026-09-28T00:06:01.329+00:00,2026-09-28T00:06:01.544+00:00,21072-30059,dryers,50170054,72000000,2026-09-28 00:06:01,2026-09-27 22:42:01,46,5040.0,-2280.0,,Available,website maps this code to Available
1,dcccc818-3249-4a4e-976a-6eed1638d531,2026-09-28T00:07:01.446+00:00,2026-09-28T00:07:01.631+00:00,21072-30059,washers,50170051,52000000,2026-09-28 00:07:01,2026-09-27 22:40:14,29,5207.0,-3467.0,,Available,website fallback: report over 1 hour old
1,dcccc818-3249-4a4e-976a-6eed1638d531,2026-09-28T00:07:01.446+00:00,2026-09-28T00:07:01.631+00:00,21072-30059,washers,50170080,42000000,2026-09-28 00:07:01,2026-09-28 00:02:18,10,283.0,317.0,6,Running,
1,dcccc818-3249-4a4e-976a-6eed1638d531,2026-09-28T00:07:01.446+00:00,2026-09-28T00:07:01.631+00:00,21072-30059,washers,50170075,42000000,2026-09-28 00:07:01,2026-09-28 00:05:09,10,112.0,488.0,9,Running,
1,dcccc818-3249-4a4e-976a-6eed1638d531,2026-09-28T00:07:01.446+00:00,2026-09-28T00:07:01.631+00:00,21072-30059,washers,50170082,42000000,2026-09-28 00:07:01,2026-09-28 00:00:27,10,394.0,206.0,4,Running,
1,dcccc818-3249-4a4e-976a-6eed1638d531,2026-09-28T00:07:01.446+00:00,2026-09-28T00:07:01.631+00:00,21072-30059,washers,50170050,42000000,2026-09-28 00:07:01,2026-09-27 23:58:15,10,526.0,74.0,2,Running,
1,dcccc818-3249-4a4e-976a-6eed1638d531,2026-09-28T00:07:01.446+00:00,2026-09-28T00:07:01.631+00:00,21072-30059,washers,50170052,52000000,2026-09-28 00:07:01,2026-09-27 23:55:32,29,689.0,1051.0,,Finished,
1,dcccc818-3249-4a4e-976a-6eed1638d531,2026-09-28T00:07:01.446+00:00,2026-09-28T00:07:01.631+00:00,21072-30059,washers,50170078,52000000,2026-09-28 00:07:01,2026-09-27 23:51:55,29,906.0,834.0,,Finished,
1,dcccc818-3249-4a4e-976a-6eed1638d531,2026-09-28T00:07:01.446+00:00,2026-09-28T00:07:01.631+00:00,21072-30059,washers,50170084,52000000,2026-09-28 00:07:01,2026-09-27 23:54:06,29,775.0,965.0,,Finished,
1,dcccc818-3249-4a4e-976a-6eed1638d531,2026-09-28T00:07:01.446+00:00,2026-09-28T00:07:01.631+00:00,21072-30059,washers,50170068,52000000,2026-09-28 00:07:01,2026-09-27 22:12:30,29,6871.0,-5131.0,,Available,website fallback: report over 1 hour old
1,dcccc818-3249-4a4e-976a-6eed1638d531,2026-09-28T00:07:01.446+00:00,2026-09-28T00:07:01.631+00:00,21072-30059,washers,50170072,72000000,2026-09-28 00:07:01,2026-09-27 23:01:12,29,3949.0,-2209.0,,Available,website maps this code to Available
1,dcccc818-3249-4a4e-976a-6eed1638d531,2026-09-28T00:07:01.446+00:00,2026-09-28T00:07:01.631+00:00,21072-30059,washers,20483408,72000000,2026-09-28 00:07:01,2024-12-20 00:43:32,0,55898609.0,-55898609.0,,Available,website maps this code to Available
1,dcccc818-3249-4a4e-976a-6eed1638d531,2026-09-28T00:07:01.446+00:00,2026-09-28T00:07:01.631+00:00,21072-30059,washers,50170055,72000000,2026-09-28 00:07:01,2026-09-27 23:45:55,29,1266.0,474.0,,Available,website maps this code to Available
1,dcccc818-3249-4a4e-976a-6eed1638d531,2026-09-28T00:07:01.446+00:00,2026-09-28T00:07:01.631+00:00,21072-30059,dryers,50170058,D2000000,2026-09-28 00:07:01,2026-09-26 17:53:29,45,108812.0,-106112.0,,Start Mode After PF,
1,dcccc818-3249-4a4e-976a-6eed1638d531,2026-09-28T00:07:01.446+00:00,2026-09-28T00:07:01.631+00:00,21072-30059,dryers,50170061,72000000,2026-09-28 00:07:01,2026-09-27 22:41:12,46,5149.0,-2389.0,,Available,website maps this code to Available
1,dcccc818-3249-4a4e-976a-6eed1638d531,2026-09-28T00:07:01.446+00:00,2026-09-28T00:07:01.631+00:00,21072-30059,dryers,50170081,72000000,2026-09-28 00:07:01,2026-09-27 23:03:05,46,3836.0,-1076.0,,Available,website maps this code to Available
1,dcccc818-3249-4a4e-976a-6eed1638d531,2026-09-28T00:07:01.446+00:00,2026-09-28T00:07:01.631+00:00,21072-30059,dryers,50170060,72000000,2026-09-28 00:07:01,2026-09-27 22:41:30,46,5131.0,-2371.0,,Available,website maps this code to Available
1,dcccc818-3249-4a4e-976a-6eed1638d531,2026-09-28T00:07:01.446+00:00,2026-09-28T00:07:01.631+00:00,21072-30059,dryers,50170087,72000000,2026-09-28 00:07:01,2026-09-27 22:41:40,46,5121.0,-2361.0,,Available,website maps this code to Available
1,dcccc818-3249-4a4e-976a-6eed1638d531,2026-09-28T00:07:01.446+00:00,2026-09-28T00:07:01.631+00:00,21072-30059,dryers,50170064,72000000,2026-09-28 00:07:01,2026-09-27 23:01:59,46,3902.0,-1142.0,,Available,website maps this code to Available
1,dcccc818-3249-4a4e-976a-6eed1638d531,2026-09-28T00:07:01.446+00:00,2026-09-28T00:07:01.631+00:00,21072-30059,dryers,50170065,72000000,2026-09-28 00:07:01,2026-09-27 22:41:30,46,5131.0,-2371.0,,Available,website maps this code to Available
1,dcccc818-3249-4a4e-976a-6eed1638d531,2026-09-28T00:07:01.446+00:00,2026-09-28T00:07:01.631+00:00,21072-30059,dryers,50170059,72000000,2026-09-28 00:07:01,2026-09-27 22:41:42,46,5119.0,-2359.0,,Available,website maps this code to Available
1,dcccc818-3249-4a4e-976a-6eed1638d531,2026-09-28T00:07:01.446+00:00,2026-09-28T00:07:01.631+00:00,21072-30059,dryers,50170057,72000000,2026-09-28 00:07:01,2026-09-27 22:41:28,46,5133.0,-2373.0,,Available,website maps this code to Available
1,dcccc818-3249-4a4e-976a-6eed1638d531,2026-09-28T00:07:01.446+00:00,2026-09-28T00:07:01.631+00:00,21072-30059,dryers,50170062,72000000,2026-09-28 00:07:01,2026-09-27 07:03:28,46,61413.0,-58653.0,,Available,website maps this code to Available
1,dcccc818-3249-4a4e-976a-6eed1638d531,2026-09-28T00:07:01.446+00:00,2026-09-28T00:07:01.631+00:00,21072-30059,dryers,50170067,72000000,2026-09-28 00:07:01,2026-09-27 22:42:28,46,5073.0,-2313.0,,Available,website maps this code to Available
1,dcccc818-3249-4a4e-976a-6eed1638d531,2026-09-28T00:07:01.446+00:00,2026-09-28T00:07:01.631+00:00,21072-30059,dryers,50170074,42000000,2026-09-28 00:07:01,2026-09-27 23:48:57,53,1084.0,2096.0,35,Running,
1,dcccc818-3249-4a4e-976a-6eed1638d531,2026-09-28T00:07:01.446+00:00,2026-09-28T00:07:01.631+00:00,21072-30059,dryers,50170071,72000000,2026-09-28 00:07:01,2026-09-27 22:41:47,46,5114.0,-2354.0,,Available,website maps this code to Available
1,dcccc818-3249-4a4e-976a-6eed1638d531,2026-09-28T00:07:01.446+00:00,2026-09-28T00:07:01.631+00:00,21072-30059,dryers,50170054,72000000,2026-09-28 00:07:01,2026-09-27 22:42:01,46,5100.0,-2340.0,,Available,website maps this code to Available
1,deb3c4bf-07db-4d75-8e73-b293edf51bdd,2026-09-28T00:08:01.293+00:00,2026-09-28T00:08:01.485+00:00,21072-30059,washers,50170051,52000000,2026-09-28 00:08:01,2026-09-27 22:40:14,29,5267.0,-3527.0,,Available,website fallback: report over 1 hour old
1,deb3c4bf-07db-4d75-8e73-b293edf51bdd,2026-09-28T00:08:01.293+00:00,2026-09-28T00:08:01.485+00:00,21072-30059,washers,50170080,42000000,2026-09-28 00:08:01,2026-09-28 00:02:18,10,343.0,257.0,5,Running,
1,deb3c4bf-07db-4d75-8e73-b293edf51bdd,2026-09-28T00:08:01.293+00:00,2026-09-28T00:08:01.485+00:00,21072-30059,washers,50170075,42000000,2026-09-28 00:08:01,2026-09-28 00:05:09,10,172.0,428.0,8,Running,
1,deb3c4bf-07db-4d75-8e73-b293edf51bdd,2026-09-28T00:08:01.293+00:00,2026-09-28T00:08:01.485+00:00,21072-30059,washers,50170082,42000000,2026-09-28 00:08:01,2026-09-28 00:00:27,10,454.0,146.0,3,Running,
1,deb3c4bf-07db-4d75-8e73-b293edf51bdd,2026-09-28T00:08:01.293+00:00,2026-09-28T00:08:01.485+00:00,21072-30059,washers,50170050,42000000,2026-09-28 00:08:01,2026-09-27 23:58:15,10,586.0,14.0,1,Running,
1,deb3c4bf-07db-4d75-8e73-b293edf51bdd,2026-09-28T00:08:01.293+00:00,2026-09-28T00:08:01.485+00:00,21072-30059,washers,50170052,52000000,2026-09-28 00:08:01,2026-09-27 23:55:32,29,749.0,991.0,,Finished,
1,deb3c4bf-07db-4d75-8e73-b293edf51bdd,2026-09-28T00:08:01.293+00:00,2026-09-28T00:08:01.485+00:00,21072-30059,washers,50170078,52000000,2026-09-28 00:08:01,2026-09-27 23:51:55,29,966.0,774.0,,Finished,
1,deb3c4bf-07db-4d75-8e73-b293edf51bdd,2026-09-28T00:08:01.293+00:00,2026-09-28T00:08:01.485+00:00,21072-30059,washers,50170084,52000000,2026-09-28 00:08:01,2026-09-27 23:54:06,29,835.0,905.0,,Finished,
1,deb3c4bf-07db-4d75-8e73-b293edf51bdd,2026-09-28T00:08:01.293+00:00,2026-09-28T00:08:01.485+00:00,21072-30059,washers,50170068,52000000,2026-09-28 00:08:01,2026-09-27 22:12:30,29,6931.0,-5191.0,,Available,website fallback: report over 1 hour old
1,deb3c4bf-07db-4d75-8e73-b293edf51bdd,2026-09-28T00:08:01.293+00:00,2026-09-28T00:08:01.485+00:00,21072-30059,washers,50170072,72000000,2026-09-28 00:08:01,2026-09-27 23:01:12,29,4009.0,-2269.0,,Available,website maps this code to Available
1,deb3c4bf-07db-4d75-8e73-b293edf51bdd,2026-09-28T00:08:01.293+00:00,2026-09-28T00:08:01.485+00:00,21072-30059,washers,20483408,72000000,2026-09-28 00:08:01,2024-12-20 00:43:32,0,55898669.0,-55898669.0,,Available,website maps this code to Available
1,deb3c4bf-07db-4d75-8e73-b293edf51bdd,2026-09-28T00:08:01.293+00:00,2026-09-28T00:08:01.485+00:00,21072-30059,washers,50170055,72000000,2026-09-28 00:08:01,2026-09-27 23:45:55,29,1326.0,414.0,,Available,website maps this code to Available
1,deb3c4bf-07db-4d75-8e73-b293edf51bdd,2026-09-28T00:08:01.293+00:00,2026-09-28T00:08:01.485+00:00,21072-30059,dryers,50170058,D2000000,2026-09-28 00:08:01,2026-09-26 17:53:29,45,108872.0,-106172.0,,Start Mode After PF,
1,deb3c4bf-07db-4d75-8e73-b293edf51bdd,2026-09-28T00:08:01.293+00:00,2026-09-28T00:08:01.485+00:00,21072-30059,dryers,50170061,72000000,2026-09-28 00:08:01,2026-09-27 22:41:12,46,5209.0,-2449.0,,Available,website maps this code to Available
1,deb3c4bf-07db-4d75-8e73-b293edf51bdd,2026-09-28T00:08:01.293+00:00,2026-09-28T00:08:01.485+00:00,21072-30059,dryers,50170081,72000000,2026-09-28 00:08:01,2026-09-27 23:03:05,46,3896.0,-1136.0,,Available,website maps this code to Available
1,deb3c4bf-07db-4d75-8e73-b293edf51bdd,2026-09-28T00:08:01.293+00:00,2026-09-28T00:08:01.485+00:00,21072-30059,dryers,50170060,72000000,2026-09-28 00:08:01,2026-09-27 22:41:30,46,5191.0,-2431.0,,Available,website maps this code to Available
1,deb3c4bf-07db-4d75-8e73-b293edf51bdd,2026-09-28T00:08:01.293+00:00,2026-09-28T00:08:01.485+00:00,21072-30059,dryers,50170087,72000000,2026-09-28 00:08:01,2026-09-27 22:41:40,46,5181.0,-2421.0,,Available,website maps this code to Available
1,deb3c4bf-07db-4d75-8e73-b293edf51bdd,2026-09-28T00:08:01.293+00:00,2026-09-28T00:08:01.485+00:00,21072-30059,dryers,50170064,72000000,2026-09-28 00:08:01,2026-09-27 23:01:59,46,3962.0,-1202.0,,Available,website maps this code to Available
1,deb3c4bf-07db-4d75-8e73-b293edf51bdd,2026-09-28T00:08:01.293+00:00,2026-09-28T00:08:01.485+00:00,21072-30059,dryers,50170065,72000000,2026-09-28 00:08:01,2026-09-27 22:41:30,46,5191.0,-2431.0,,Available,website maps this code to Available
1,deb3c4bf-07db-4d75-8e73-b293edf51bdd,2026-09-28T00:08:01.293+00:00,2026-09-28T00:08:01.485+00:00,21072-30059,dryers,50170059,72000000,2026-09-28 00:08:01,2026-09-27 22:41:42,46,5179.0,-2419.0,,Available,website maps this code to Available
1,deb3c4bf-07db-4d75-8e73-b293edf51bdd,2026-09-28T00:08:01.293+00:00,2026-09-28T00:08:01.485+00:00,21072-30059,dryers,50170057,72000000,2026-09-28 00:08:01,2026-09-27 22:41:28,46,5193.0,-2433.0,,Available,website maps this code to Available
1,deb3c4bf-07db-4d75-8e73-b293edf51bdd,2026-09-28T00:08:01.293+00:00,2026-09-28T00:08:01.485+00:00,21072-30059,dryers,50170062,72000000,2026-09-28 00:08:01,2026-09-27 07:03:28,46,61473.0,-58713.0,,Available,website maps this code to Available
1,deb3c4bf-07db-4d75-8e73-b293edf51bdd,2026-09-28T00:08:01.293+00:00,2026-09-28T00:08:01.485+00:00,21072-30059,dryers,50170067,72000000,2026-09-28 00:08:01,2026-09-27 22:42:28,46,5133.0,-2373.0,,Available,website maps this code to Available
1,deb3c4bf-07db-4d75-8e73-b293edf51bdd,2026-09-28T00:08:01.293+00:00,2026-09-28T00:08:01.485+00:00,21072-30059,dryers,50170074,42000000,2026-09-28 00:08:01,2026-09-27 23:48:57,53,1144.0,2036.0,34,Running,
1,deb3c4bf-07db-4d75-8e73-b293edf51bdd,2026-09-28T00:08:01.293+00:00,2026-09-28T00:08:01.485+00:00,21072-30059,dryers,50170071,72000000,2026-09-28 00:08:01,2026-09-27 22:41:47,46,5174.0,-2414.0,,Available,website maps this code to Available
1,deb3c4bf-07db-4d75-8e73-b293edf51bdd,2026-09-28T00:08:01.293+00:00,2026-09-28T00:08:01.485+00:00,21072-30059,dryers,50170054,72000000,2026-09-28 00:08:01,2026-09-27 22:42:01,46,5160.0,-2400.0,,Available,website maps this code to Available
1,45d6fecc-76e1-48e8-8344-302fdb94ac07,2026-09-28T00:09:01.320+00:00,2026-09-28T00:09:01.497+00:00,21072-30059,washers,50170051,52000000,2026-09-28 00:09:01,2026-09-27 22:40:14,29,5327.0,-3587.0,,Available,website fallback: report over 1 hour old
1,45d6fecc-76e1-48e8-8344-302fdb94ac07,2026-09-28T00:09:01.320+00:00,2026-09-28T00:09:01.497+00:00,21072-30059,washers,50170080,42000000,2026-09-28 00:09:01,2026-09-28 00:02:18,10,403.0,197.0,4,Running,
1,45d6fecc-76e1-48e8-8344-302fdb94ac07,2026-09-28T00:09:01.320+00:00,2026-09-28T00:09:01.497+00:00,21072-30059,washers,50170075,42000000,2026-09-28 00:09:01,2026-09-28 00:05:09,10,232.0,368.0,7,Running,
1,45d6fecc-76e1-48e8-8344-302fdb94ac07,2026-09-28T00:09:01.320+00:00,2026-09-28T00:09:01.497+00:00,21072-30059,washers,50170082,42000000,2026-09-28 00:09:01,2026-09-28 00:00:27,10,514.0,86.0,2,Running,
1,45d6fecc-76e1-48e8-8344-302fdb94ac07,2026-09-28T00:09:01.320+00:00,2026-09-28T00:09:01.497+00:00,21072-30059,washers,50170050,42000000,2026-09-28 00:09:01,2026-09-27 23:58:15,10,646.0,-46.0,,Available,website fallback: countdown expired
1,45d6fecc-76e1-48e8-8344-302fdb94ac07,2026-09-28T00:09:01.320+00:00,2026-09-28T00:09:01.497+00:00,21072-30059,washers,50170052,52000000,2026-09-28 00:09:01,2026-09-27 23:55:32,29,809.0,931.0,,Finished,
1,45d6fecc-76e1-48e8-8344-302fdb94ac07,2026-09-28T00:09:01.320+00:00,2026-09-28T00:09:01.497+00:00,21072-30059,washers,50170078,52000000,2026-09-28 00:09:01,2026-09-27 23:51:55,29,1026.0,714.0,,Finished,
1,45d6fecc-76e1-48e8-8344-302fdb94ac07,2026-09-28T00:09:01.320+00:00,2026-09-28T00:09:01.497+00:00,21072-30059,washers,50170084,52000000,2026-09-28 00:09:01,2026-09-27 23:54:06,29,895.0,845.0,,Finished,
1,45d6fecc-76e1-48e8-8344-302fdb94ac07,2026-09-28T00:09:01.320+00:00,2026-09-28T00:09:01.497+00:00,21072-30059,washers,50170068,52000000,2026-09-28 00:09:01,2026-09-27 22:12:30,29,6991.0,-5251.0,,Available,website fallback: report over 1 hour old
1,45d6fecc-76e1-48e8-8344-302fdb94ac07,2026-09-28T00:09:01.320+00:00,2026-09-28T00:09:01.497+00:00,21072-30059,washers,50170072,72000000,2026-09-28 00:09:01,2026-09-27 23:01:12,29,4069.0,-2329.0,,Available,website maps this code to Available
1,45d6fecc-76e1-48e8-8344-302fdb94ac07,2026-09-28T00:09:01.320+00:00,2026-09-28T00:09:01.497+00:00,21072-30059,washers,20483408,72000000,2026-09-28 00:09:01,2024-12-20 00:43:32,0,55898729.0,-55898729.0,,Available,website maps this code to Available
1,45d6fecc-76e1-48e8-8344-302fdb94ac07,2026-09-28T00:09:01.320+00:00,2026-09-28T00:09:01.497+00:00,21072-30059,washers,50170055,72000000,2026-09-28 00:09:01,2026-09-27 23:45:55,29,1386.0,354.0,,Available,website maps this code to Available
1,45d6fecc-76e1-48e8-8344-302fdb94ac07,2026-09-28T00:09:01.320+00:00,2026-09-28T00:09:01.497+00:00,21072-30059,dryers,50170058,D2000000,2026-09-28 00:09:01,2026-09-26 17:53:29,45,108932.0,-106232.0,,Start Mode After PF,
1,45d6fecc-76e1-48e8-8344-302fdb94ac07,2026-09-28T00:09:01.320+00:00,2026-09-28T00:09:01.497+00:00,21072-30059,dryers,50170061,72000000,2026-09-28 00:09:01,2026-09-27 22:41:12,46,5269.0,-2509.0,,Available,website maps this code to Available
1,45d6fecc-76e1-48e8-8344-302fdb94ac07,2026-09-28T00:09:01.320+00:00,2026-09-28T00:09:01.497+00:00,21072-30059,dryers,50170081,72000000,2026-09-28 00:09:01,2026-09-27 23:03:05,46,3956.0,-1196.0,,Available,website maps this code to Available
1,45d6fecc-76e1-48e8-8344-302fdb94ac07,2026-09-28T00:09:01.320+00:00,2026-09-28T00:09:01.497+00:00,21072-30059,dryers,50170060,72000000,2026-09-28 00:09:01,2026-09-27 22:41:30,46,5251.0,-2491.0,,Available,website maps this code to Available
1,45d6fecc-76e1-48e8-8344-302fdb94ac07,2026-09-28T00:09:01.320+00:00,2026-09-28T00:09:01.497+00:00,21072-30059,dryers,50170087,72000000,2026-09-28 00:09:01,2026-09-27 22:41:40,46,5241.0,-2481.0,,Available,website maps this code to Available
1,45d6fecc-76e1-48e8-8344-302fdb94ac07,2026-09-28T00:09:01.320+00:00,2026-09-28T00:09:01.497+00:00,21072-30059,dryers,50170064,72000000,2026-09-28 00:09:01,2026-09-27 23:01:59,46,4022.0,-1262.0,,Available,website maps this code to Available
1,45d6fecc-76e1-48e8-8344-302fdb94ac07,2026-09-28T00:09:01.320+00:00,2026-09-28T00:09:01.497+00:00,21072-30059,dryers,50170065,72000000,2026-09-28 00:09:01,2026-09-27 22:41:30,46,5251.0,-2491.0,,Available,website maps this code to Available
1,45d6fecc-76e1-48e8-8344-302fdb94ac07,2026-09-28T00:09:01.320+00:00,2026-09-28T00:09:01.497+00:00,21072-30059,dryers,50170059,72000000,2026-09-28 00:09:01,2026-09-27 22:41:42,46,5239.0,-2479.0,,Available,website maps this code to Available
1,45d6fecc-76e1-48e8-8344-302fdb94ac07,2026-09-28T00:09:01.320+00:00,2026-09-28T00:09:01.497+00:00,21072-30059,dryers,50170057,72000000,2026-09-28 00:09:01,2026-09-27 22:41:28,46,5253.0,-2493.0,,Available,website maps this code to Available
1,45d6fecc-76e1-48e8-8344-302fdb94ac07,2026-09-28T00:09:01.320+00:00,2026-09-28T00:09:01.497+00:00,21072-30059,dryers,50170062,72000000,2026-09-28 00:09:01,2026-09-27 07:03:28,46,61533.0,-58773.0,,Available,website maps this code to Available
1,45d6fecc-76e1-48e8-8344-302fdb94ac07,2026-09-28T00:09:01.320+00:00,2026-09-28T00:09:01.497+00:00,21072-30059,dryers,50170067,72000000,2026-09-28 00:09:01,2026-09-27 22:42:28,46,5193.0,-2433.0,,Available,website maps this code to Available
1,45d6fecc-76e1-48e8-8344-302fdb94ac07,2026-09-28T00:09:01.320+00:00,2026-09-28T00:09:01.497+00:00,21072-30059,dryers,50170074,42000000,2026-09-28 00:09:01,2026-09-27 23:48:57,53,1204.0,1976.0,33,Running,
1,45d6fecc-76e1-48e8-8344-302fdb94ac07,2026-09-28T00:09:01.320+00:00,2026-09-28T00:09:01.497+00:00,21072-30059,dryers,50170071,72000000,2026-09-28 00:09:01,2026-09-27 22:41:47,46,5234.0,-2474.0,,Available,website maps this code to Available
1,45d6fecc-76e1-48e8-8344-302fdb94ac07,2026-09-28T00:09:01.320+00:00,2026-09-28T00:09:01.497+00:00,21072-30059,dryers,50170054,72000000,2026-09-28 00:09:01,2026-09-27 22:42:01,46,5220.0,-2460.0,,Available,website maps this code to Available
1,2125bc02-84d6-4c1e-afc6-6486cc46fe70,2026-09-28T00:10:01.290+00:00,2026-09-28T00:10:01.491+00:00,21072-30059,washers,50170051,52000000,2026-09-28 00:10:01,2026-09-27 22:40:14,29,5387.0,-3647.0,,Available,website fallback: report over 1 hour old
1,2125bc02-84d6-4c1e-afc6-6486cc46fe70,2026-09-28T00:10:01.290+00:00,2026-09-28T00:10:01.491+00:00,21072-30059,washers,50170080,42000000,2026-09-28 00:10:01,2026-09-28 00:02:18,10,463.0,137.0,3,Running,
1,2125bc02-84d6-4c1e-afc6-6486cc46fe70,2026-09-28T00:10:01.290+00:00,2026-09-28T00:10:01.491+00:00,21072-30059,washers,50170075,42000000,2026-09-28 00:10:01,2026-09-28 00:05:09,10,292.0,308.0,6,Running,
1,2125bc02-84d6-4c1e-afc6-6486cc46fe70,2026-09-28T00:10:01.290+00:00,2026-09-28T00:10:01.491+00:00,21072-30059,washers,50170082,42000000,2026-09-28 00:10:01,2026-09-28 00:00:27,10,574.0,26.0,1,Running,
1,2125bc02-84d6-4c1e-afc6-6486cc46fe70,2026-09-28T00:10:01.290+00:00,2026-09-28T00:10:01.491+00:00,21072-30059,washers,50170050,42000000,2026-09-28 00:10:01,2026-09-27 23:58:15,10,706.0,-106.0,,Available,website fallback: countdown expired
1,2125bc02-84d6-4c1e-afc6-6486cc46fe70,2026-09-28T00:10:01.290+00:00,2026-09-28T00:10:01.491+00:00,21072-30059,washers,50170052,52000000,2026-09-28 00:10:01,2026-09-27 23:55:32,29,869.0,871.0,,Finished,
1,2125bc02-84d6-4c1e-afc6-6486cc46fe70,2026-09-28T00:10:01.290+00:00,2026-09-28T00:10:01.491+00:00,21072-30059,washers,50170078,52000000,2026-09-28 00:10:01,2026-09-27 23:51:55,29,1086.0,654.0,,Finished,
1,2125bc02-84d6-4c1e-afc6-6486cc46fe70,2026-09-28T00:10:01.290+00:00,2026-09-28T00:10:01.491+00:00,21072-30059,washers,50170084,52000000,2026-09-28 00:10:01,2026-09-27 23:54:06,29,955.0,785.0,,Finished,
1,2125bc02-84d6-4c1e-afc6-6486cc46fe70,2026-09-28T00:10:01.290+00:00,2026-09-28T00:10:01.491+00:00,21072-30059,washers,50170068,52000000,2026-09-28 00:10:01,2026-09-27 22:12:30,29,7051.0,-5311.0,,Available,website fallback: report over 1 hour old
1,2125bc02-84d6-4c1e-afc6-6486cc46fe70,2026-09-28T00:10:01.290+00:00,2026-09-28T00:10:01.491+00:00,21072-30059,washers,50170072,72000000,2026-09-28 00:10:01,2026-09-27 23:01:12,29,4129.0,-2389.0,,Available,website maps this code to Available
1,2125bc02-84d6-4c1e-afc6-6486cc46fe70,2026-09-28T00:10:01.290+00:00,2026-09-28T00:10:01.491+00:00,21072-30059,washers,20483408,72000000,2026-09-28 00:10:01,2024-12-20 00:43:32,0,55898789.0,-55898789.0,,Available,website maps this code to Available
1,2125bc02-84d6-4c1e-afc6-6486cc46fe70,2026-09-28T00:10:01.290+00:00,2026-09-28T00:10:01.491+00:00,21072-30059,washers,50170055,72000000,2026-09-28 00:10:01,2026-09-27 23:45:55,29,1446.0,294.0,,Available,website maps this code to Available
1,2125bc02-84d6-4c1e-afc6-6486cc46fe70,2026-09-28T00:10:01.290+00:00,2026-09-28T00:10:01.491+00:00,21072-30059,dryers,50170058,D2000000,2026-09-28 00:10:01,2026-09-26 17:53:29,45,108992.0,-106292.0,,Start Mode After PF,
1,2125bc02-84d6-4c1e-afc6-6486cc46fe70,2026-09-28T00:10:01.290+00:00,2026-09-28T00:10:01.491+00:00,21072-30059,dryers,50170061,72000000,2026-09-28 00:10:01,2026-09-27 22:41:12,46,5329.0,-2569.0,,Available,website maps this code to Available
1,2125bc02-84d6-4c1e-afc6-6486cc46fe70,2026-09-28T00:10:01.290+00:00,2026-09-28T00:10:01.491+00:00,21072-30059,dryers,50170081,72000000,2026-09-28 00:10:01,2026-09-27 23:03:05,46,4016.0,-1256.0,,Available,website maps this code to Available
1,2125bc02-84d6-4c1e-afc6-6486cc46fe70,2026-09-28T00:10:01.290+00:00,2026-09-28T00:10:01.491+00:00,21072-30059,dryers,50170060,72000000,2026-09-28 00:10:01,2026-09-27 22:41:30,46,5311.0,-2551.0,,Available,website maps this code to Available
1,2125bc02-84d6-4c1e-afc6-6486cc46fe70,2026-09-28T00:10:01.290+00:00,2026-09-28T00:10:01.491+00:00,21072-30059,dryers,50170087,72000000,2026-09-28 00:10:01,2026-09-27 22:41:40,46,5301.0,-2541.0,,Available,website maps this code to Available
1,2125bc02-84d6-4c1e-afc6-6486cc46fe70,2026-09-28T00:10:01.290+00:00,2026-09-28T00:10:01.491+00:00,21072-30059,dryers,50170064,72000000,2026-09-28 00:10:01,2026-09-27 23:01:59,46,4082.0,-1322.0,,Available,website maps this code to Available
1,2125bc02-84d6-4c1e-afc6-6486cc46fe70,2026-09-28T00:10:01.290+00:00,2026-09-28T00:10:01.491+00:00,21072-30059,dryers,50170065,72000000,2026-09-28 00:10:01,2026-09-27 22:41:30,46,5311.0,-2551.0,,Available,website maps this code to Available
1,2125bc02-84d6-4c1e-afc6-6486cc46fe70,2026-09-28T00:10:01.290+00:00,2026-09-28T00:10:01.491+00:00,21072-30059,dryers,50170059,72000000,2026-09-28 00:10:01,2026-09-27 22:41:42,46,5299.0,-2539.0,,Available,website maps this code to Available
1,2125bc02-84d6-4c1e-afc6-6486cc46fe70,2026-09-28T00:10:01.290+00:00,2026-09-28T00:10:01.491+00:00,21072-30059,dryers,50170057,72000000,2026-09-28 00:10:01,2026-09-27 22:41:28,46,5313.0,-2553.0,,Available,website maps this code to Available
1,2125bc02-84d6-4c1e-afc6-6486cc46fe70,2026-09-28T00:10:01.290+00:00,2026-09-28T00:10:01.491+00:00,21072-30059,dryers,50170062,72000000,2026-09-28 00:10:01,2026-09-27 07:03:28,46,61593.0,-58833.0,,Available,website maps this code to Available
1,2125bc02-84d6-4c1e-afc6-6486cc46fe70,2026-09-28T00:10:01.290+00:00,2026-09-28T00:10:01.491+00:00,21072-30059,dryers,50170067,72000000,2026-09-28 00:10:01,2026-09-27 22:42:28,46,5253.0,-2493.0,,Available,website maps this code to Available
1,2125bc02-84d6-4c1e-afc6-6486cc46fe70,2026-09-28T00:10:01.290+00:00,2026-09-28T00:10:01.491+00:00,21072-30059,dryers,50170074,42000000,2026-09-28 00:10:01,2026-09-27 23:48:57,53,1264.0,1916.0,32,Running,
1,2125bc02-84d6-4c1e-afc6-6486cc46fe70,2026-09-28T00:10:01.290+00:00,2026-09-28T00:10:01.491+00:00,21072-30059,dryers,50170071,72000000,2026-09-28 00:10:01,2026-09-27 22:41:47,46,5294.0,-2534.0,,Available,website maps this code to Available
1,2125bc02-84d6-4c1e-afc6-6486cc46fe70,2026-09-28T00:10:01.290+00:00,2026-09-28T00:10:01.491+00:00,21072-30059,dryers,50170054,72000000,2026-09-28 00:10:01,2026-09-27 22:42:01,46,5280.0,-2520.0,,Available,website maps this code to Available
1,21265efa-d818-489b-b8e1-7b01826ec218,2026-09-28T00:11:01.272+00:00,2026-09-28T00:11:01.458+00:00,21072-30059,washers,50170051,52000000,2026-09-28 00:11:01,2026-09-27 22:40:14,29,5447.0,-3707.0,,Available,website fallback: report over 1 hour old
1,21265efa-d818-489b-b8e1-7b01826ec218,2026-09-28T00:11:01.272+00:00,2026-09-28T00:11:01.458+00:00,21072-30059,washers,50170080,42000000,2026-09-28 00:11:01,2026-09-28 00:02:18,10,523.0,77.0,2,Running,
1,21265efa-d818-489b-b8e1-7b01826ec218,2026-09-28T00:11:01.272+00:00,2026-09-28T00:11:01.458+00:00,21072-30059,washers,50170075,42000000,2026-09-28 00:11:01,2026-09-28 00:05:09,10,352.0,248.0,5,Running,
1,21265efa-d818-489b-b8e1-7b01826ec218,2026-09-28T00:11:01.272+00:00,2026-09-28T00:11:01.458+00:00,21072-30059,washers,50170082,42000000,2026-09-28 00:11:01,2026-09-28 00:00:27,10,634.0,-34.0,,Available,website fallback: countdown expired
1,21265efa-d818-489b-b8e1-7b01826ec218,2026-09-28T00:11:01.272+00:00,2026-09-28T00:11:01.458+00:00,21072-30059,washers,50170050,52000000,2026-09-28 00:11:01,2026-09-28 00:10:26,29,35.0,1705.0,,Finished,
1,21265efa-d818-489b-b8e1-7b01826ec218,2026-09-28T00:11:01.272+00:00,2026-09-28T00:11:01.458+00:00,21072-30059,washers,50170052,52000000,2026-09-28 00:11:01,2026-09-27 23:55:32,29,929.0,811.0,,Finished,
1,21265efa-d818-489b-b8e1-7b01826ec218,2026-09-28T00:11:01.272+00:00,2026-09-28T00:11:01.458+00:00,21072-30059,washers,50170078,52000000,2026-09-28 00:11:01,2026-09-27 23:51:55,29,1146.0,594.0,,Finished,
1,21265efa-d818-489b-b8e1-7b01826ec218,2026-09-28T00:11:01.272+00:00,2026-09-28T00:11:01.458+00:00,21072-30059,washers,50170084,52000000,2026-09-28 00:11:01,2026-09-27 23:54:06,29,1015.0,725.0,,Finished,
1,21265efa-d818-489b-b8e1-7b01826ec218,2026-09-28T00:11:01.272+00:00,2026-09-28T00:11:01.458+00:00,21072-30059,washers,50170068,52000000,2026-09-28 00:11:01,2026-09-27 22:12:30,29,7111.0,-5371.0,,Available,website fallback: report over 1 hour old
1,21265efa-d818-489b-b8e1-7b01826ec218,2026-09-28T00:11:01.272+00:00,2026-09-28T00:11:01.458+00:00,21072-30059,washers,50170072,72000000,2026-09-28 00:11:01,2026-09-27 23:01:12,29,4189.0,-2449.0,,Available,website maps this code to Available
1,21265efa-d818-489b-b8e1-7b01826ec218,2026-09-28T00:11:01.272+00:00,2026-09-28T00:11:01.458+00:00,21072-30059,washers,20483408,72000000,2026-09-28 00:11:01,2024-12-20 00:43:32,0,55898849.0,-55898849.0,,Available,website maps this code to Available
1,21265efa-d818-489b-b8e1-7b01826ec218,2026-09-28T00:11:01.272+00:00,2026-09-28T00:11:01.458+00:00,21072-30059,washers,50170055,72000000,2026-09-28 00:11:01,2026-09-27 23:45:55,29,1506.0,234.0,,Available,website maps this code to Available
1,21265efa-d818-489b-b8e1-7b01826ec218,2026-09-28T00:11:01.272+00:00,2026-09-28T00:11:01.458+00:00,21072-30059,dryers,50170058,D2000000,2026-09-28 00:11:01,2026-09-26 17:53:29,45,109052.0,-106352.0,,Start Mode After PF,
1,21265efa-d818-489b-b8e1-7b01826ec218,2026-09-28T00:11:01.272+00:00,2026-09-28T00:11:01.458+00:00,21072-30059,dryers,50170061,72000000,2026-09-28 00:11:01,2026-09-27 22:41:12,46,5389.0,-2629.0,,Available,website maps this code to Available
1,21265efa-d818-489b-b8e1-7b01826ec218,2026-09-28T00:11:01.272+00:00,2026-09-28T00:11:01.458+00:00,21072-30059,dryers,50170081,72000000,2026-09-28 00:11:01,2026-09-27 23:03:05,46,4076.0,-1316.0,,Available,website maps this code to Available
1,21265efa-d818-489b-b8e1-7b01826ec218,2026-09-28T00:11:01.272+00:00,2026-09-28T00:11:01.458+00:00,21072-30059,dryers,50170060,72000000,2026-09-28 00:11:01,2026-09-27 22:41:30,46,5371.0,-2611.0,,Available,website maps this code to Available
1,21265efa-d818-489b-b8e1-7b01826ec218,2026-09-28T00:11:01.272+00:00,2026-09-28T00:11:01.458+00:00,21072-30059,dryers,50170087,72000000,2026-09-28 00:11:01,2026-09-27 22:41:40,46,5361.0,-2601.0,,Available,website maps this code to Available
1,21265efa-d818-489b-b8e1-7b01826ec218,2026-09-28T00:11:01.272+00:00,2026-09-28T00:11:01.458+00:00,21072-30059,dryers,50170064,72000000,2026-09-28 00:11:01,2026-09-27 23:01:59,46,4142.0,-1382.0,,Available,website maps this code to Available
1,21265efa-d818-489b-b8e1-7b01826ec218,2026-09-28T00:11:01.272+00:00,2026-09-28T00:11:01.458+00:00,21072-30059,dryers,50170065,72000000,2026-09-28 00:11:01,2026-09-27 22:41:30,46,5371.0,-2611.0,,Available,website maps this code to Available
1,21265efa-d818-489b-b8e1-7b01826ec218,2026-09-28T00:11:01.272+00:00,2026-09-28T00:11:01.458+00:00,21072-30059,dryers,50170059,72000000,2026-09-28 00:11:01,2026-09-27 22:41:42,46,5359.0,-2599.0,,Available,website maps this code to Available
1,21265efa-d818-489b-b8e1-7b01826ec218,2026-09-28T00:11:01.272+00:00,2026-09-28T00:11:01.458+00:00,21072-30059,dryers,50170057,72000000,2026-09-28 00:11:01,2026-09-27 22:41:28,46,5373.0,-2613.0,,Available,website maps this code to Available
1,21265efa-d818-489b-b8e1-7b01826ec218,2026-09-28T00:11:01.272+00:00,2026-09-28T00:11:01.458+00:00,21072-30059,dryers,50170062,72000000,2026-09-28 00:11:01,2026-09-27 07:03:28,46,61653.0,-58893.0,,Available,website maps this code to Available
1,21265efa-d818-489b-b8e1-7b01826ec218,2026-09-28T00:11:01.272+00:00,2026-09-28T00:11:01.458+00:00,21072-30059,dryers,50170067,72000000,2026-09-28 00:11:01,2026-09-27 22:42:28,46,5313.0,-2553.0,,Available,website maps this code to Available
1,21265efa-d818-489b-b8e1-7b01826ec218,2026-09-28T00:11:01.272+00:00,2026-09-28T00:11:01.458+00:00,21072-30059,dryers,50170074,42000000,2026-09-28 00:11:01,2026-09-27 23:48:57,53,1324.0,1856.0,31,Running,
1,21265efa-d818-489b-b8e1-7b01826ec218,2026-09-28T00:11:01.272+00:00,2026-09-28T00:11:01.458+00:00,21072-30059,dryers,50170071,72000000,2026-09-28 00:11:01,2026-09-27 22:41:47,46,5354.0,-2594.0,,Available,website maps this code to Available
1,21265efa-d818-489b-b8e1-7b01826ec218,2026-09-28T00:11:01.272+00:00,2026-09-28T00:11:01.458+00:00,21072-30059,dryers,50170054,72000000,2026-09-28 00:11:01,2026-09-27 22:42:01,46,5340.0,-2580.0,,Available,website maps this code to Available
1,d889edfc-b83c-443a-98cb-8addf668d068,2026-09-28T00:12:01.359+00:00,2026-09-28T00:12:01.559+00:00,21072-30059,washers,50170051,52000000,2026-09-28 00:12:01,2026-09-27 22:40:14,29,5507.0,-3767.0,,Available,website fallback: report over 1 hour old
1,d889edfc-b83c-443a-98cb-8addf668d068,2026-09-28T00:12:01.359+00:00,2026-09-28T00:12:01.559+00:00,21072-30059,washers,50170080,42000000,2026-09-28 00:12:01,2026-09-28 00:02:18,10,583.0,17.0,1,Running,
1,d889edfc-b83c-443a-98cb-8addf668d068,2026-09-28T00:12:01.359+00:00,2026-09-28T00:12:01.559+00:00,21072-30059,washers,50170075,42000000,2026-09-28 00:12:01,2026-09-28 00:05:09,10,412.0,188.0,4,Running,
1,d889edfc-b83c-443a-98cb-8addf668d068,2026-09-28T00:12:01.359+00:00,2026-09-28T00:12:01.559+00:00,21072-30059,washers,50170082,42000000,2026-09-28 00:12:01,2026-09-28 00:00:27,10,694.0,-94.0,,Available,website fallback: countdown expired
1,d889edfc-b83c-443a-98cb-8addf668d068,2026-09-28T00:12:01.359+00:00,2026-09-28T00:12:01.559+00:00,21072-30059,washers,50170050,52000000,2026-09-28 00:12:01,2026-09-28 00:10:26,29,95.0,1645.0,,Finished,
1,d889edfc-b83c-443a-98cb-8addf668d068,2026-09-28T00:12:01.359+00:00,2026-09-28T00:12:01.559+00:00,21072-30059,washers,50170052,52000000,2026-09-28 00:12:01,2026-09-27 23:55:32,29,989.0,751.0,,Finished,
1,d889edfc-b83c-443a-98cb-8addf668d068,2026-09-28T00:12:01.359+00:00,2026-09-28T00:12:01.559+00:00,21072-30059,washers,50170078,52000000,2026-09-28 00:12:01,2026-09-27 23:51:55,29,1206.0,534.0,,Finished,
1,d889edfc-b83c-443a-98cb-8addf668d068,2026-09-28T00:12:01.359+00:00,2026-09-28T00:12:01.559+00:00,21072-30059,washers,50170084,52000000,2026-09-28 00:12:01,2026-09-27 23:54:06,29,1075.0,665.0,,Finished,
1,d889edfc-b83c-443a-98cb-8addf668d068,2026-09-28T00:12:01.359+00:00,2026-09-28T00:12:01.559+00:00,21072-30059,washers,50170068,52000000,2026-09-28 00:12:01,2026-09-27 22:12:30,29,7171.0,-5431.0,,Available,website fallback: report over 1 hour old
1,d889edfc-b83c-443a-98cb-8addf668d068,2026-09-28T00:12:01.359+00:00,2026-09-28T00:12:01.559+00:00,21072-30059,washers,50170072,72000000,2026-09-28 00:12:01,2026-09-27 23:01:12,29,4249.0,-2509.0,,Available,website maps this code to Available
1,d889edfc-b83c-443a-98cb-8addf668d068,2026-09-28T00:12:01.359+00:00,2026-09-28T00:12:01.559+00:00,21072-30059,washers,20483408,72000000,2026-09-28 00:12:01,2024-12-20 00:43:32,0,55898909.0,-55898909.0,,Available,website maps this code to Available
1,d889edfc-b83c-443a-98cb-8addf668d068,2026-09-28T00:12:01.359+00:00,2026-09-28T00:12:01.559+00:00,21072-30059,washers,50170055,72000000,2026-09-28 00:12:01,2026-09-27 23:45:55,29,1566.0,174.0,,Available,website maps this code to Available
1,d889edfc-b83c-443a-98cb-8addf668d068,2026-09-28T00:12:01.359+00:00,2026-09-28T00:12:01.559+00:00,21072-30059,dryers,50170058,D2000000,2026-09-28 00:12:01,2026-09-26 17:53:29,45,109112.0,-106412.0,,Start Mode After PF,
1,d889edfc-b83c-443a-98cb-8addf668d068,2026-09-28T00:12:01.359+00:00,2026-09-28T00:12:01.559+00:00,21072-30059,dryers,50170061,72000000,2026-09-28 00:12:01,2026-09-27 22:41:12,46,5449.0,-2689.0,,Available,website maps this code to Available
1,d889edfc-b83c-443a-98cb-8addf668d068,2026-09-28T00:12:01.359+00:00,2026-09-28T00:12:01.559+00:00,21072-30059,dryers,50170081,72000000,2026-09-28 00:12:01,2026-09-27 23:03:05,46,4136.0,-1376.0,,Available,website maps this code to Available
1,d889edfc-b83c-443a-98cb-8addf668d068,2026-09-28T00:12:01.359+00:00,2026-09-28T00:12:01.559+00:00,21072-30059,dryers,50170060,72000000,2026-09-28 00:12:01,2026-09-27 22:41:30,46,5431.0,-2671.0,,Available,website maps this code to Available
1,d889edfc-b83c-443a-98cb-8addf668d068,2026-09-28T00:12:01.359+00:00,2026-09-28T00:12:01.559+00:00,21072-30059,dryers,50170087,72000000,2026-09-28 00:12:01,2026-09-27 22:41:40,46,5421.0,-2661.0,,Available,website maps this code to Available
1,d889edfc-b83c-443a-98cb-8addf668d068,2026-09-28T00:12:01.359+00:00,2026-09-28T00:12:01.559+00:00,21072-30059,dryers,50170064,72000000,2026-09-28 00:12:01,2026-09-27 23:01:59,46,4202.0,-1442.0,,Available,website maps this code to Available
1,d889edfc-b83c-443a-98cb-8addf668d068,2026-09-28T00:12:01.359+00:00,2026-09-28T00:12:01.559+00:00,21072-30059,dryers,50170065,72000000,2026-09-28 00:12:01,2026-09-27 22:41:30,46,5431.0,-2671.0,,Available,website maps this code to Available
1,d889edfc-b83c-443a-98cb-8addf668d068,2026-09-28T00:12:01.359+00:00,2026-09-28T00:12:01.559+00:00,21072-30059,dryers,50170059,72000000,2026-09-28 00:12:01,2026-09-27 22:41:42,46,5419.0,-2659.0,,Available,website maps this code to Available
1,d889edfc-b83c-443a-98cb-8addf668d068,2026-09-28T00:12:01.359+00:00,2026-09-28T00:12:01.559+00:00,21072-30059,dryers,50170057,72000000,2026-09-28 00:12:01,2026-09-27 22:41:28,46,5433.0,-2673.0,,Available,website maps this code to Available
1,d889edfc-b83c-443a-98cb-8addf668d068,2026-09-28T00:12:01.359+00:00,2026-09-28T00:12:01.559+00:00,21072-30059,dryers,50170062,72000000,2026-09-28 00:12:01,2026-09-27 07:03:28,46,61713.0,-58953.0,,Available,website maps this code to Available
1,d889edfc-b83c-443a-98cb-8addf668d068,2026-09-28T00:12:01.359+00:00,2026-09-28T00:12:01.559+00:00,21072-30059,dryers,50170067,72000000,2026-09-28 00:12:01,2026-09-27 22:42:28,46,5373.0,-2613.0,,Available,website maps this code to Available
1,d889edfc-b83c-443a-98cb-8addf668d068,2026-09-28T00:12:01.359+00:00,2026-09-28T00:12:01.559+00:00,21072-30059,dryers,50170074,42000000,2026-09-28 00:12:01,2026-09-27 23:48:57,53,1384.0,1796.0,30,Running,
1,d889edfc-b83c-443a-98cb-8addf668d068,2026-09-28T00:12:01.359+00:00,2026-09-28T00:12:01.559+00:00,21072-30059,dryers,50170071,72000000,2026-09-28 00:12:01,2026-09-27 22:41:47,46,5414.0,-2654.0,,Available,website maps this code to Available
1,d889edfc-b83c-443a-98cb-8addf668d068,2026-09-28T00:12:01.359+00:00,2026-09-28T00:12:01.559+00:00,21072-30059,dryers,50170054,72000000,2026-09-28 00:12:01,2026-09-27 22:42:01,46,5400.0,-2640.0,,Available,website maps this code to Available
1,571d8391-5d6a-4f10-bcac-f10520df9d8d,2026-09-28T00:13:01.287+00:00,2026-09-28T00:13:01.471+00:00,21072-30059,washers,50170051,52000000,2026-09-28 00:13:01,2026-09-27 22:40:14,29,5567.0,-3827.0,,Available,website fallback: report over 1 hour old
1,571d8391-5d6a-4f10-bcac-f10520df9d8d,2026-09-28T00:13:01.287+00:00,2026-09-28T00:13:01.471+00:00,21072-30059,washers,50170080,42000000,2026-09-28 00:13:01,2026-09-28 00:02:18,10,643.0,-43.0,,Available,website fallback: countdown expired
1,571d8391-5d6a-4f10-bcac-f10520df9d8d,2026-09-28T00:13:01.287+00:00,2026-09-28T00:13:01.471+00:00,21072-30059,washers,50170075,42000000,2026-09-28 00:13:01,2026-09-28 00:05:09,10,472.0,128.0,3,Running,
1,571d8391-5d6a-4f10-bcac-f10520df9d8d,2026-09-28T00:13:01.287+00:00,2026-09-28T00:13:01.471+00:00,21072-30059,washers,50170082,42000000,2026-09-28 00:13:01,2026-09-28 00:00:27,10,754.0,-154.0,,Available,website fallback: countdown expired
1,571d8391-5d6a-4f10-bcac-f10520df9d8d,2026-09-28T00:13:01.287+00:00,2026-09-28T00:13:01.471+00:00,21072-30059,washers,50170050,72000000,2026-09-28 00:13:01,2026-09-28 00:12:30,29,31.0,1709.0,,Available,website maps this code to Available
1,571d8391-5d6a-4f10-bcac-f10520df9d8d,2026-09-28T00:13:01.287+00:00,2026-09-28T00:13:01.471+00:00,21072-30059,washers,50170052,52000000,2026-09-28 00:13:01,2026-09-27 23:55:32,29,1049.0,691.0,,Finished,
1,571d8391-5d6a-4f10-bcac-f10520df9d8d,2026-09-28T00:13:01.287+00:00,2026-09-28T00:13:01.471+00:00,21072-30059,washers,50170078,52000000,2026-09-28 00:13:01,2026-09-27 23:51:55,29,1266.0,474.0,,Finished,
1,571d8391-5d6a-4f10-bcac-f10520df9d8d,2026-09-28T00:13:01.287+00:00,2026-09-28T00:13:01.471+00:00,21072-30059,washers,50170084,52000000,2026-09-28 00:13:01,2026-09-27 23:54:06,29,1135.0,605.0,,Finished,
1,571d8391-5d6a-4f10-bcac-f10520df9d8d,2026-09-28T00:13:01.287+00:00,2026-09-28T00:13:01.471+00:00,21072-30059,washers,50170068,52000000,2026-09-28 00:13:01,2026-09-27 22:12:30,29,7231.0,-5491.0,,Available,website fallback: report over 1 hour old
1,571d8391-5d6a-4f10-bcac-f10520df9d8d,2026-09-28T00:13:01.287+00:00,2026-09-28T00:13:01.471+00:00,21072-30059,washers,50170072,72000000,2026-09-28 00:13:01,2026-09-27 23:01:12,29,4309.0,-2569.0,,Available,website maps this code to Available
1,571d8391-5d6a-4f10-bcac-f10520df9d8d,2026-09-28T00:13:01.287+00:00,2026-09-28T00:13:01.471+00:00,21072-30059,washers,20483408,72000000,2026-09-28 00:13:01,2024-12-20 00:43:32,0,55898969.0,-55898969.0,,Available,website maps this code to Available
1,571d8391-5d6a-4f10-bcac-f10520df9d8d,2026-09-28T00:13:01.287+00:00,2026-09-28T00:13:01.471+00:00,21072-30059,washers,50170055,72000000,2026-09-28 00:13:01,2026-09-27 23:45:55,29,1626.0,114.0,,Available,website maps this code to Available
1,571d8391-5d6a-4f10-bcac-f10520df9d8d,2026-09-28T00:13:01.287+00:00,2026-09-28T00:13:01.471+00:00,21072-30059,dryers,50170058,D2000000,2026-09-28 00:13:01,2026-09-26 17:53:29,45,109172.0,-106472.0,,Start Mode After PF,
1,571d8391-5d6a-4f10-bcac-f10520df9d8d,2026-09-28T00:13:01.287+00:00,2026-09-28T00:13:01.471+00:00,21072-30059,dryers,50170061,72000000,2026-09-28 00:13:01,2026-09-27 22:41:12,46,5509.0,-2749.0,,Available,website maps this code to Available
1,571d8391-5d6a-4f10-bcac-f10520df9d8d,2026-09-28T00:13:01.287+00:00,2026-09-28T00:13:01.471+00:00,21072-30059,dryers,50170081,72000000,2026-09-28 00:13:01,2026-09-27 23:03:05,46,4196.0,-1436.0,,Available,website maps this code to Available
1,571d8391-5d6a-4f10-bcac-f10520df9d8d,2026-09-28T00:13:01.287+00:00,2026-09-28T00:13:01.471+00:00,21072-30059,dryers,50170060,72000000,2026-09-28 00:13:01,2026-09-27 22:41:30,46,5491.0,-2731.0,,Available,website maps this code to Available
1,571d8391-5d6a-4f10-bcac-f10520df9d8d,2026-09-28T00:13:01.287+00:00,2026-09-28T00:13:01.471+00:00,21072-30059,dryers,50170087,72000000,2026-09-28 00:13:01,2026-09-27 22:41:40,46,5481.0,-2721.0,,Available,website maps this code to Available
1,571d8391-5d6a-4f10-bcac-f10520df9d8d,2026-09-28T00:13:01.287+00:00,2026-09-28T00:13:01.471+00:00,21072-30059,dryers,50170064,72000000,2026-09-28 00:13:01,2026-09-27 23:01:59,46,4262.0,-1502.0,,Available,website maps this code to Available
1,571d8391-5d6a-4f10-bcac-f10520df9d8d,2026-09-28T00:13:01.287+00:00,2026-09-28T00:13:01.471+00:00,21072-30059,dryers,50170065,72000000,2026-09-28 00:13:01,2026-09-27 22:41:30,46,5491.0,-2731.0,,Available,website maps this code to Available
1,571d8391-5d6a-4f10-bcac-f10520df9d8d,2026-09-28T00:13:01.287+00:00,2026-09-28T00:13:01.471+00:00,21072-30059,dryers,50170059,72000000,2026-09-28 00:13:01,2026-09-27 22:41:42,46,5479.0,-2719.0,,Available,website maps this code to Available
1,571d8391-5d6a-4f10-bcac-f10520df9d8d,2026-09-28T00:13:01.287+00:00,2026-09-28T00:13:01.471+00:00,21072-30059,dryers,50170057,72000000,2026-09-28 00:13:01,2026-09-27 22:41:28,46,5493.0,-2733.0,,Available,website maps this code to Available
1,571d8391-5d6a-4f10-bcac-f10520df9d8d,2026-09-28T00:13:01.287+00:00,2026-09-28T00:13:01.471+00:00,21072-30059,dryers,50170062,72000000,2026-09-28 00:13:01,2026-09-27 07:03:28,46,61773.0,-59013.0,,Available,website maps this code to Available
1,571d8391-5d6a-4f10-bcac-f10520df9d8d,2026-09-28T00:13:01.287+00:00,2026-09-28T00:13:01.471+00:00,21072-30059,dryers,50170067,72000000,2026-09-28 00:13:01,2026-09-27 22:42:28,46,5433.0,-2673.0,,Available,website maps this code to Available
1,571d8391-5d6a-4f10-bcac-f10520df9d8d,2026-09-28T00:13:01.287+00:00,2026-09-28T00:13:01.471+00:00,21072-30059,dryers,50170074,42000000,2026-09-28 00:13:01,2026-09-27 23:48:57,53,1444.0,1736.0,29,Running,
1,571d8391-5d6a-4f10-bcac-f10520df9d8d,2026-09-28T00:13:01.287+00:00,2026-09-28T00:13:01.471+00:00,21072-30059,dryers,50170071,72000000,2026-09-28 00:13:01,2026-09-27 22:41:47,46,5474.0,-2714.0,,Available,website maps this code to Available
1,571d8391-5d6a-4f10-bcac-f10520df9d8d,2026-09-28T00:13:01.287+00:00,2026-09-28T00:13:01.471+00:00,21072-30059,dryers,50170054,72000000,2026-09-28 00:13:01,2026-09-27 22:42:01,46,5460.0,-2700.0,,Available,website maps this code to Available
1,748d7e7d-4dbc-44fd-bbb0-29a201a48798,2026-09-28T00:14:01.263+00:00,2026-09-28T00:14:01.435+00:00,21072-30059,washers,50170051,52000000,2026-09-28 00:14:01,2026-09-27 22:40:14,29,5627.0,-3887.0,,Available,website fallback: report over 1 hour old
1,748d7e7d-4dbc-44fd-bbb0-29a201a48798,2026-09-28T00:14:01.263+00:00,2026-09-28T00:14:01.435+00:00,21072-30059,washers,50170080,42000000,2026-09-28 00:14:01,2026-09-28 00:02:18,10,703.0,-103.0,,Available,website fallback: countdown expired
1,748d7e7d-4dbc-44fd-bbb0-29a201a48798,2026-09-28T00:14:01.263+00:00,2026-09-28T00:14:01.435+00:00,21072-30059,washers,50170075,42000000,2026-09-28 00:14:01,2026-09-28 00:05:09,10,532.0,68.0,2,Running,
1,748d7e7d-4dbc-44fd-bbb0-29a201a48798,2026-09-28T00:14:01.263+00:00,2026-09-28T00:14:01.435+00:00,21072-30059,washers,50170082,52000000,2026-09-28 00:14:01,2026-09-28 00:13:39,29,22.0,1718.0,,Finished,
1,748d7e7d-4dbc-44fd-bbb0-29a201a48798,2026-09-28T00:14:01.263+00:00,2026-09-28T00:14:01.435+00:00,21072-30059,washers,50170050,42000000,2026-09-28 00:14:01,2026-09-28 00:13:34,28,27.0,1653.0,28,Running,
1,748d7e7d-4dbc-44fd-bbb0-29a201a48798,2026-09-28T00:14:01.263+00:00,2026-09-28T00:14:01.435+00:00,21072-30059,washers,50170052,52000000,2026-09-28 00:14:01,2026-09-27 23:55:32,29,1109.0,631.0,,Finished,
1,748d7e7d-4dbc-44fd-bbb0-29a201a48798,2026-09-28T00:14:01.263+00:00,2026-09-28T00:14:01.435+00:00,21072-30059,washers,50170078,52000000,2026-09-28 00:14:01,2026-09-27 23:51:55,29,1326.0,414.0,,Finished,
1,748d7e7d-4dbc-44fd-bbb0-29a201a48798,2026-09-28T00:14:01.263+00:00,2026-09-28T00:14:01.435+00:00,21072-30059,washers,50170084,52000000,2026-09-28 00:14:01,2026-09-27 23:54:06,29,1195.0,545.0,,Finished,
1,748d7e7d-4dbc-44fd-bbb0-29a201a48798,2026-09-28T00:14:01.263+00:00,2026-09-28T00:14:01.435+00:00,21072-30059,washers,50170068,52000000,2026-09-28 00:14:01,2026-09-27 22:12:30,29,7291.0,-5551.0,,Available,website fallback: report over 1 hour old
1,748d7e7d-4dbc-44fd-bbb0-29a201a48798,2026-09-28T00:14:01.263+00:00,2026-09-28T00:14:01.435+00:00,21072-30059,washers,50170072,72000000,2026-09-28 00:14:01,2026-09-27 23:01:12,29,4369.0,-2629.0,,Available,website maps this code to Available
1,748d7e7d-4dbc-44fd-bbb0-29a201a48798,2026-09-28T00:14:01.263+00:00,2026-09-28T00:14:01.435+00:00,21072-30059,washers,20483408,72000000,2026-09-28 00:14:01,2024-12-20 00:43:32,0,55899029.0,-55899029.0,,Available,website maps this code to Available
1,748d7e7d-4dbc-44fd-bbb0-29a201a48798,2026-09-28T00:14:01.263+00:00,2026-09-28T00:14:01.435+00:00,21072-30059,washers,50170055,72000000,2026-09-28 00:14:01,2026-09-27 23:45:55,29,1686.0,54.0,,Available,website maps this code to Available
1,748d7e7d-4dbc-44fd-bbb0-29a201a48798,2026-09-28T00:14:01.263+00:00,2026-09-28T00:14:01.435+00:00,21072-30059,dryers,50170058,D2000000,2026-09-28 00:14:01,2026-09-26 17:53:29,45,109232.0,-106532.0,,Start Mode After PF,
1,748d7e7d-4dbc-44fd-bbb0-29a201a48798,2026-09-28T00:14:01.263+00:00,2026-09-28T00:14:01.435+00:00,21072-30059,dryers,50170061,72000000,2026-09-28 00:14:01,2026-09-27 22:41:12,46,5569.0,-2809.0,,Available,website maps this code to Available
1,748d7e7d-4dbc-44fd-bbb0-29a201a48798,2026-09-28T00:14:01.263+00:00,2026-09-28T00:14:01.435+00:00,21072-30059,dryers,50170081,72000000,2026-09-28 00:14:01,2026-09-27 23:03:05,46,4256.0,-1496.0,,Available,website maps this code to Available
1,748d7e7d-4dbc-44fd-bbb0-29a201a48798,2026-09-28T00:14:01.263+00:00,2026-09-28T00:14:01.435+00:00,21072-30059,dryers,50170060,72000000,2026-09-28 00:14:01,2026-09-27 22:41:30,46,5551.0,-2791.0,,Available,website maps this code to Available
1,748d7e7d-4dbc-44fd-bbb0-29a201a48798,2026-09-28T00:14:01.263+00:00,2026-09-28T00:14:01.435+00:00,21072-30059,dryers,50170087,72000000,2026-09-28 00:14:01,2026-09-27 22:41:40,46,5541.0,-2781.0,,Available,website maps this code to Available
1,748d7e7d-4dbc-44fd-bbb0-29a201a48798,2026-09-28T00:14:01.263+00:00,2026-09-28T00:14:01.435+00:00,21072-30059,dryers,50170064,72000000,2026-09-28 00:14:01,2026-09-27 23:01:59,46,4322.0,-1562.0,,Available,website maps this code to Available
1,748d7e7d-4dbc-44fd-bbb0-29a201a48798,2026-09-28T00:14:01.263+00:00,2026-09-28T00:14:01.435+00:00,21072-30059,dryers,50170065,72000000,2026-09-28 00:14:01,2026-09-27 22:41:30,46,5551.0,-2791.0,,Available,website maps this code to Available
1,748d7e7d-4dbc-44fd-bbb0-29a201a48798,2026-09-28T00:14:01.263+00:00,2026-09-28T00:14:01.435+00:00,21072-30059,dryers,50170059,72000000,2026-09-28 00:14:01,2026-09-27 22:41:42,46,5539.0,-2779.0,,Available,website maps this code to Available
1,748d7e7d-4dbc-44fd-bbb0-29a201a48798,2026-09-28T00:14:01.263+00:00,2026-09-28T00:14:01.435+00:00,21072-30059,dryers,50170057,72000000,2026-09-28 00:14:01,2026-09-27 22:41:28,46,5553.0,-2793.0,,Available,website maps this code to Available
1,748d7e7d-4dbc-44fd-bbb0-29a201a48798,2026-09-28T00:14:01.263+00:00,2026-09-28T00:14:01.435+00:00,21072-30059,dryers,50170062,72000000,2026-09-28 00:14:01,2026-09-27 07:03:28,46,61833.0,-59073.0,,Available,website maps this code to Available
1,748d7e7d-4dbc-44fd-bbb0-29a201a48798,2026-09-28T00:14:01.263+00:00,2026-09-28T00:14:01.435+00:00,21072-30059,dryers,50170067,72000000,2026-09-28 00:14:01,2026-09-27 22:42:28,46,5493.0,-2733.0,,Available,website maps this code to Available
1,748d7e7d-4dbc-44fd-bbb0-29a201a48798,2026-09-28T00:14:01.263+00:00,2026-09-28T00:14:01.435+00:00,21072-30059,dryers,50170074,42000000,2026-09-28 00:14:01,2026-09-27 23:48:57,53,1504.0,1676.0,28,Running,
1,748d7e7d-4dbc-44fd-bbb0-29a201a48798,2026-09-28T00:14:01.263+00:00,2026-09-28T00:14:01.435+00:00,21072-30059,dryers,50170071,72000000,2026-09-28 00:14:01,2026-09-27 22:41:47,46,5534.0,-2774.0,,Available,website maps this code to Available
1,748d7e7d-4dbc-44fd-bbb0-29a201a48798,2026-09-28T00:14:01.263+00:00,2026-09-28T00:14:01.435+00:00,21072-30059,dryers,50170054,72000000,2026-09-28 00:14:01,2026-09-27 22:42:01,46,5520.0,-2760.0,,Available,website maps this code to Available
1,e9e4babb-cfba-4281-83c4-1e3d25572292,2026-09-28T00:15:01.280+00:00,2026-09-28T00:15:01.578+00:00,21072-30059,washers,50170051,52000000,2026-09-28 00:15:01,2026-09-27 22:40:14,29,5687.0,-3947.0,,Available,website fallback: report over 1 hour old
1,e9e4babb-cfba-4281-83c4-1e3d25572292,2026-09-28T00:15:01.280+00:00,2026-09-28T00:15:01.578+00:00,21072-30059,washers,50170080,42000000,2026-09-28 00:15:01,2026-09-28 00:02:18,10,763.0,-163.0,,Available,website fallback: countdown expired
1,e9e4babb-cfba-4281-83c4-1e3d25572292,2026-09-28T00:15:01.280+00:00,2026-09-28T00:15:01.578+00:00,21072-30059,washers,50170075,42000000,2026-09-28 00:15:01,2026-09-28 00:05:09,10,592.0,8.0,1,Running,
1,e9e4babb-cfba-4281-83c4-1e3d25572292,2026-09-28T00:15:01.280+00:00,2026-09-28T00:15:01.578+00:00,21072-30059,washers,50170082,72000000,2026-09-28 00:15:01,2026-09-28 00:14:48,29,13.0,1727.0,,Available,website maps this code to Available
1,e9e4babb-cfba-4281-83c4-1e3d25572292,2026-09-28T00:15:01.280+00:00,2026-09-28T00:15:01.578+00:00,21072-30059,washers,50170050,42000000,2026-09-28 00:15:01,2026-09-28 00:13:34,28,87.0,1593.0,27,Running,
1,e9e4babb-cfba-4281-83c4-1e3d25572292,2026-09-28T00:15:01.280+00:00,2026-09-28T00:15:01.578+00:00,21072-30059,washers,50170052,52000000,2026-09-28 00:15:01,2026-09-27 23:55:32,29,1169.0,571.0,,Finished,
1,e9e4babb-cfba-4281-83c4-1e3d25572292,2026-09-28T00:15:01.280+00:00,2026-09-28T00:15:01.578+00:00,21072-30059,washers,50170078,52000000,2026-09-28 00:15:01,2026-09-27 23:51:55,29,1386.0,354.0,,Finished,
1,e9e4babb-cfba-4281-83c4-1e3d25572292,2026-09-28T00:15:01.280+00:00,2026-09-28T00:15:01.578+00:00,21072-30059,washers,50170084,52000000,2026-09-28 00:15:01,2026-09-27 23:54:06,29,1255.0,485.0,,Finished,
1,e9e4babb-cfba-4281-83c4-1e3d25572292,2026-09-28T00:15:01.280+00:00,2026-09-28T00:15:01.578+00:00,21072-30059,washers,50170068,52000000,2026-09-28 00:15:01,2026-09-27 22:12:30,29,7351.0,-5611.0,,Available,website fallback: report over 1 hour old
1,e9e4babb-cfba-4281-83c4-1e3d25572292,2026-09-28T00:15:01.280+00:00,2026-09-28T00:15:01.578+00:00,21072-30059,washers,50170072,72000000,2026-09-28 00:15:01,2026-09-27 23:01:12,29,4429.0,-2689.0,,Available,website maps this code to Available
1,e9e4babb-cfba-4281-83c4-1e3d25572292,2026-09-28T00:15:01.280+00:00,2026-09-28T00:15:01.578+00:00,21072-30059,washers,20483408,72000000,2026-09-28 00:15:01,2024-12-20 00:43:32,0,55899089.0,-55899089.0,,Available,website maps this code to Available
1,e9e4babb-cfba-4281-83c4-1e3d25572292,2026-09-28T00:15:01.280+00:00,2026-09-28T00:15:01.578+00:00,21072-30059,washers,50170055,72000000,2026-09-28 00:15:01,2026-09-27 23:45:55,29,1746.0,-6.0,,Available,website maps this code to Available
1,e9e4babb-cfba-4281-83c4-1e3d25572292,2026-09-28T00:15:01.280+00:00,2026-09-28T00:15:01.578+00:00,21072-30059,dryers,50170058,D2000000,2026-09-28 00:15:01,2026-09-26 17:53:29,45,109292.0,-106592.0,,Start Mode After PF,
1,e9e4babb-cfba-4281-83c4-1e3d25572292,2026-09-28T00:15:01.280+00:00,2026-09-28T00:15:01.578+00:00,21072-30059,dryers,50170061,72000000,2026-09-28 00:15:01,2026-09-27 22:41:12,46,5629.0,-2869.0,,Available,website maps this code to Available
1,e9e4babb-cfba-4281-83c4-1e3d25572292,2026-09-28T00:15:01.280+00:00,2026-09-28T00:15:01.578+00:00,21072-30059,dryers,50170081,72000000,2026-09-28 00:15:01,2026-09-27 23:03:05,46,4316.0,-1556.0,,Available,website maps this code to Available
1,e9e4babb-cfba-4281-83c4-1e3d25572292,2026-09-28T00:15:01.280+00:00,2026-09-28T00:15:01.578+00:00,21072-30059,dryers,50170060,72000000,2026-09-28 00:15:01,2026-09-27 22:41:30,46,5611.0,-2851.0,,Available,website maps this code to Available
1,e9e4babb-cfba-4281-83c4-1e3d25572292,2026-09-28T00:15:01.280+00:00,2026-09-28T00:15:01.578+00:00,21072-30059,dryers,50170087,72000000,2026-09-28 00:15:01,2026-09-27 22:41:40,46,5601.0,-2841.0,,Available,website maps this code to Available
1,e9e4babb-cfba-4281-83c4-1e3d25572292,2026-09-28T00:15:01.280+00:00,2026-09-28T00:15:01.578+00:00,21072-30059,dryers,50170064,72000000,2026-09-28 00:15:01,2026-09-27 23:01:59,46,4382.0,-1622.0,,Available,website maps this code to Available
1,e9e4babb-cfba-4281-83c4-1e3d25572292,2026-09-28T00:15:01.280+00:00,2026-09-28T00:15:01.578+00:00,21072-30059,dryers,50170065,72000000,2026-09-28 00:15:01,2026-09-27 22:41:30,46,5611.0,-2851.0,,Available,website maps this code to Available
1,e9e4babb-cfba-4281-83c4-1e3d25572292,2026-09-28T00:15:01.280+00:00,2026-09-28T00:15:01.578+00:00,21072-30059,dryers,50170059,72000000,2026-09-28 00:15:01,2026-09-27 22:41:42,46,5599.0,-2839.0,,Available,website maps this code to Available
1,e9e4babb-cfba-4281-83c4-1e3d25572292,2026-09-28T00:15:01.280+00:00,2026-09-28T00:15:01.578+00:00,21072-30059,dryers,50170057,72000000,2026-09-28 00:15:01,2026-09-27 22:41:28,46,5613.0,-2853.0,,Available,website maps this code to Available
1,e9e4babb-cfba-4281-83c4-1e3d25572292,2026-09-28T00:15:01.280+00:00,2026-09-28T00:15:01.578+00:00,21072-30059,dryers,50170062,72000000,2026-09-28 00:15:01,2026-09-27 07:03:28,46,61893.0,-59133.0,,Available,website maps this code to Available
1,e9e4babb-cfba-4281-83c4-1e3d25572292,2026-09-28T00:15:01.280+00:00,2026-09-28T00:15:01.578+00:00,21072-30059,dryers,50170067,72000000,2026-09-28 00:15:01,2026-09-27 22:42:28,46,5553.0,-2793.0,,Available,website maps this code to Available
1,e9e4babb-cfba-4281-83c4-1e3d25572292,2026-09-28T00:15:01.280+00:00,2026-09-28T00:15:01.578+00:00,21072-30059,dryers,50170074,42000000,2026-09-28 00:15:01,2026-09-27 23:48:57,53,1564.0,1616.0,27,Running,
1,e9e4babb-cfba-4281-83c4-1e3d25572292,2026-09-28T00:15:01.280+00:00,2026-09-28T00:15:01.578+00:00,21072-30059,dryers,50170071,72000000,2026-09-28 00:15:01,2026-09-27 22:41:47,46,5594.0,-2834.0,,Available,website maps this code to Available
1,e9e4babb-cfba-4281-83c4-1e3d25572292,2026-09-28T00:15:01.280+00:00,2026-09-28T00:15:01.578+00:00,21072-30059,dryers,50170054,72000000,2026-09-28 00:15:01,2026-09-27 22:42:01,46,5580.0,-2820.0,,Available,website maps this code to Available
1,4e66026f-4478-4ad6-b2fa-031e9a2e9a71,2026-09-28T00:16:01.295+00:00,2026-09-28T00:16:01.513+00:00,21072-30059,washers,50170051,52000000,2026-09-28 00:16:01,2026-09-27 22:40:14,29,5747.0,-4007.0,,Available,website fallback: report over 1 hour old
1,4e66026f-4478-4ad6-b2fa-031e9a2e9a71,2026-09-28T00:16:01.295+00:00,2026-09-28T00:16:01.513+00:00,21072-30059,washers,50170080,42000000,2026-09-28 00:16:01,2026-09-28 00:02:18,10,823.0,-223.0,,Available,website fallback: countdown expired
1,4e66026f-4478-4ad6-b2fa-031e9a2e9a71,2026-09-28T00:16:01.295+00:00,2026-09-28T00:16:01.513+00:00,21072-30059,washers,50170075,42000000,2026-09-28 00:16:01,2026-09-28 00:05:09,10,652.0,-52.0,,Available,website fallback: countdown expired
1,4e66026f-4478-4ad6-b2fa-031e9a2e9a71,2026-09-28T00:16:01.295+00:00,2026-09-28T00:16:01.513+00:00,21072-30059,washers,50170082,72000000,2026-09-28 00:16:01,2026-09-28 00:14:48,29,73.0,1667.0,,Available,website maps this code to Available
1,4e66026f-4478-4ad6-b2fa-031e9a2e9a71,2026-09-28T00:16:01.295+00:00,2026-09-28T00:16:01.513+00:00,21072-30059,washers,50170050,42000000,2026-09-28 00:16:01,2026-09-28 00:13:34,28,147.0,1533.0,26,Running,
1,4e66026f-4478-4ad6-b2fa-031e9a2e9a71,2026-09-28T00:16:01.295+00:00,2026-09-28T00:16:01.513+00:00,21072-30059,washers,50170052,52000000,2026-09-28 00:16:01,2026-09-27 23:55:32,29,1229.0,511.0,,Finished,
1,4e66026f-4478-4ad6-b2fa-031e9a2e9a71,2026-09-28T00:16:01.295+00:00,2026-09-28T00:16:01.513+00:00,21072-30059,washers,50170078,52000000,2026-09-28 00:16:01,2026-09-27 23:51:55,29,1446.0,294.0,,Finished,
1,4e66026f-4478-4ad6-b2fa-031e9a2e9a71,2026-09-28T00:16:01.295+00:00,2026-09-28T00:16:01.513+00:00,21072-30059,washers,50170084,52000000,2026-09-28 00:16:01,2026-09-27 23:54:06,29,1315.0,425.0,,Finished,
1,4e66026f-4478-4ad6-b2fa-031e9a2e9a71,2026-09-28T00:16:01.295+00:00,2026-09-28T00:16:01.513+00:00,21072-30059,washers,50170068,52000000,2026-09-28 00:16:01,2026-09-27 22:12:30,29,7411.0,-5671.0,,Available,website fallback: report over 1 hour old
1,4e66026f-4478-4ad6-b2fa-031e9a2e9a71,2026-09-28T00:16:01.295+00:00,2026-09-28T00:16:01.513+00:00,21072-30059,washers,50170072,72000000,2026-09-28 00:16:01,2026-09-27 23:01:12,29,4489.0,-2749.0,,Available,website maps this code to Available
1,4e66026f-4478-4ad6-b2fa-031e9a2e9a71,2026-09-28T00:16:01.295+00:00,2026-09-28T00:16:01.513+00:00,21072-30059,washers,20483408,72000000,2026-09-28 00:16:01,2024-12-20 00:43:32,0,55899149.0,-55899149.0,,Available,website maps this code to Available
1,4e66026f-4478-4ad6-b2fa-031e9a2e9a71,2026-09-28T00:16:01.295+00:00,2026-09-28T00:16:01.513+00:00,21072-30059,washers,50170055,72000000,2026-09-28 00:16:01,2026-09-27 23:45:55,29,1806.0,-66.0,,Available,website maps this code to Available
1,4e66026f-4478-4ad6-b2fa-031e9a2e9a71,2026-09-28T00:16:01.295+00:00,2026-09-28T00:16:01.513+00:00,21072-30059,dryers,50170058,D2000000,2026-09-28 00:16:01,2026-09-26 17:53:29,45,109352.0,-106652.0,,Start Mode After PF,
1,4e66026f-4478-4ad6-b2fa-031e9a2e9a71,2026-09-28T00:16:01.295+00:00,2026-09-28T00:16:01.513+00:00,21072-30059,dryers,50170061,72000000,2026-09-28 00:16:01,2026-09-27 22:41:12,46,5689.0,-2929.0,,Available,website maps this code to Available
1,4e66026f-4478-4ad6-b2fa-031e9a2e9a71,2026-09-28T00:16:01.295+00:00,2026-09-28T00:16:01.513+00:00,21072-30059,dryers,50170081,72000000,2026-09-28 00:16:01,2026-09-27 23:03:05,46,4376.0,-1616.0,,Available,website maps this code to Available
1,4e66026f-4478-4ad6-b2fa-031e9a2e9a71,2026-09-28T00:16:01.295+00:00,2026-09-28T00:16:01.513+00:00,21072-30059,dryers,50170060,72000000,2026-09-28 00:16:01,2026-09-27 22:41:30,46,5671.0,-2911.0,,Available,website maps this code to Available
1,4e66026f-4478-4ad6-b2fa-031e9a2e9a71,2026-09-28T00:16:01.295+00:00,2026-09-28T00:16:01.513+00:00,21072-30059,dryers,50170087,72000000,2026-09-28 00:16:01,2026-09-27 22:41:40,46,5661.0,-2901.0,,Available,website maps this code to Available
1,4e66026f-4478-4ad6-b2fa-031e9a2e9a71,2026-09-28T00:16:01.295+00:00,2026-09-28T00:16:01.513+00:00,21072-30059,dryers,50170064,72000000,2026-09-28 00:16:01,2026-09-27 23:01:59,46,4442.0,-1682.0,,Available,website maps this code to Available
1,4e66026f-4478-4ad6-b2fa-031e9a2e9a71,2026-09-28T00:16:01.295+00:00,2026-09-28T00:16:01.513+00:00,21072-30059,dryers,50170065,72000000,2026-09-28 00:16:01,2026-09-27 22:41:30,46,5671.0,-2911.0,,Available,website maps this code to Available
1,4e66026f-4478-4ad6-b2fa-031e9a2e9a71,2026-09-28T00:16:01.295+00:00,2026-09-28T00:16:01.513+00:00,21072-30059,dryers,50170059,72000000,2026-09-28 00:16:01,2026-09-27 22:41:42,46,5659.0,-2899.0,,Available,website maps this code to Available
1,4e66026f-4478-4ad6-b2fa-031e9a2e9a71,2026-09-28T00:16:01.295+00:00,2026-09-28T00:16:01.513+00:00,21072-30059,dryers,50170057,72000000,2026-09-28 00:16:01,2026-09-27 22:41:28,46,5673.0,-2913.0,,Available,website maps this code to Available
1,4e66026f-4478-4ad6-b2fa-031e9a2e9a71,2026-09-28T00:16:01.295+00:00,2026-09-28T00:16:01.513+00:00,21072-30059,dryers,50170062,72000000,2026-09-28 00:16:01,2026-09-27 07:03:28,46,61953.0,-59193.0,,Available,website maps this code to Available
1,4e66026f-4478-4ad6-b2fa-031e9a2e9a71,2026-09-28T00:16:01.295+00:00,2026-09-28T00:16:01.513+00:00,21072-30059,dryers,50170067,72000000,2026-09-28 00:16:01,2026-09-27 22:42:28,46,5613.0,-2853.0,,Available,website maps this code to Available
1,4e66026f-4478-4ad6-b2fa-031e9a2e9a71,2026-09-28T00:16:01.295+00:00,2026-09-28T00:16:01.513+00:00,21072-30059,dryers,50170074,42000000,2026-09-28 00:16:01,2026-09-27 23:48:57,53,1624.0,1556.0,26,Running,
1,4e66026f-4478-4ad6-b2fa-031e9a2e9a71,2026-09-28T00:16:01.295+00:00,2026-09-28T00:16:01.513+00:00,21072-30059,dryers,50170071,72000000,2026-09-28 00:16:01,2026-09-27 22:41:47,46,5654.0,-2894.0,,Available,website maps this code to Available
1,4e66026f-4478-4ad6-b2fa-031e9a2e9a71,2026-09-28T00:16:01.295+00:00,2026-09-28T00:16:01.513+00:00,21072-30059,dryers,50170054,72000000,2026-09-28 00:16:01,2026-09-27 22:42:01,46,5640.0,-2880.0,,Available,website maps this code to Available
1,c7a6485b-6234-4361-b406-32ed94cda0da,2026-09-28T00:17:01.297+00:00,2026-09-28T00:17:01.491+00:00,21072-30059,washers,50170051,52000000,2026-09-28 00:17:01,2026-09-27 22:40:14,29,5807.0,-4067.0,,Available,website fallback: report over 1 hour old
1,c7a6485b-6234-4361-b406-32ed94cda0da,2026-09-28T00:17:01.297+00:00,2026-09-28T00:17:01.491+00:00,21072-30059,washers,50170080,42000000,2026-09-28 00:17:01,2026-09-28 00:02:18,10,883.0,-283.0,,Available,website fallback: countdown expired
1,c7a6485b-6234-4361-b406-32ed94cda0da,2026-09-28T00:17:01.297+00:00,2026-09-28T00:17:01.491+00:00,21072-30059,washers,50170075,42000000,2026-09-28 00:17:01,2026-09-28 00:05:09,10,712.0,-112.0,,Available,website fallback: countdown expired
1,c7a6485b-6234-4361-b406-32ed94cda0da,2026-09-28T00:17:01.297+00:00,2026-09-28T00:17:01.491+00:00,21072-30059,washers,50170082,72000000,2026-09-28 00:17:01,2026-09-28 00:14:48,29,133.0,1607.0,,Available,website maps this code to Available
1,c7a6485b-6234-4361-b406-32ed94cda0da,2026-09-28T00:17:01.297+00:00,2026-09-28T00:17:01.491+00:00,21072-30059,washers,50170050,42000000,2026-09-28 00:17:01,2026-09-28 00:13:34,28,207.0,1473.0,25,Running,
1,c7a6485b-6234-4361-b406-32ed94cda0da,2026-09-28T00:17:01.297+00:00,2026-09-28T00:17:01.491+00:00,21072-30059,washers,50170052,52000000,2026-09-28 00:17:01,2026-09-27 23:55:32,29,1289.0,451.0,,Finished,
1,c7a6485b-6234-4361-b406-32ed94cda0da,2026-09-28T00:17:01.297+00:00,2026-09-28T00:17:01.491+00:00,21072-30059,washers,50170078,52000000,2026-09-28 00:17:01,2026-09-27 23:51:55,29,1506.0,234.0,,Finished,
1,c7a6485b-6234-4361-b406-32ed94cda0da,2026-09-28T00:17:01.297+00:00,2026-09-28T00:17:01.491+00:00,21072-30059,washers,50170084,52000000,2026-09-28 00:17:01,2026-09-27 23:54:06,29,1375.0,365.0,,Finished,
1,c7a6485b-6234-4361-b406-32ed94cda0da,2026-09-28T00:17:01.297+00:00,2026-09-28T00:17:01.491+00:00,21072-30059,washers,50170068,52000000,2026-09-28 00:17:01,2026-09-27 22:12:30,29,7471.0,-5731.0,,Available,website fallback: report over 1 hour old
1,c7a6485b-6234-4361-b406-32ed94cda0da,2026-09-28T00:17:01.297+00:00,2026-09-28T00:17:01.491+00:00,21072-30059,washers,50170072,72000000,2026-09-28 00:17:01,2026-09-27 23:01:12,29,4549.0,-2809.0,,Available,website maps this code to Available
1,c7a6485b-6234-4361-b406-32ed94cda0da,2026-09-28T00:17:01.297+00:00,2026-09-28T00:17:01.491+00:00,21072-30059,washers,20483408,72000000,2026-09-28 00:17:01,2024-12-20 00:43:32,0,55899209.0,-55899209.0,,Available,website maps this code to Available
1,c7a6485b-6234-4361-b406-32ed94cda0da,2026-09-28T00:17:01.297+00:00,2026-09-28T00:17:01.491+00:00,21072-30059,washers,50170055,72000000,2026-09-28 00:17:01,2026-09-27 23:45:55,29,1866.0,-126.0,,Available,website maps this code to Available
1,c7a6485b-6234-4361-b406-32ed94cda0da,2026-09-28T00:17:01.297+00:00,2026-09-28T00:17:01.491+00:00,21072-30059,dryers,50170058,D2000000,2026-09-28 00:17:01,2026-09-26 17:53:29,45,109412.0,-106712.0,,Start Mode After PF,
1,c7a6485b-6234-4361-b406-32ed94cda0da,2026-09-28T00:17:01.297+00:00,2026-09-28T00:17:01.491+00:00,21072-30059,dryers,50170061,72000000,2026-09-28 00:17:01,2026-09-27 22:41:12,46,5749.0,-2989.0,,Available,website maps this code to Available
1,c7a6485b-6234-4361-b406-32ed94cda0da,2026-09-28T00:17:01.297+00:00,2026-09-28T00:17:01.491+00:00,21072-30059,dryers,50170081,72000000,2026-09-28 00:17:01,2026-09-27 23:03:05,46,4436.0,-1676.0,,Available,website maps this code to Available
1,c7a6485b-6234-4361-b406-32ed94cda0da,2026-09-28T00:17:01.297+00:00,2026-09-28T00:17:01.491+00:00,21072-30059,dryers,50170060,72000000,2026-09-28 00:17:01,2026-09-27 22:41:30,46,5731.0,-2971.0,,Available,website maps this code to Available
1,c7a6485b-6234-4361-b406-32ed94cda0da,2026-09-28T00:17:01.297+00:00,2026-09-28T00:17:01.491+00:00,21072-30059,dryers,50170087,72000000,2026-09-28 00:17:01,2026-09-27 22:41:40,46,5721.0,-2961.0,,Available,website maps this code to Available
1,c7a6485b-6234-4361-b406-32ed94cda0da,2026-09-28T00:17:01.297+00:00,2026-09-28T00:17:01.491+00:00,21072-30059,dryers,50170064,72000000,2026-09-28 00:17:01,2026-09-27 23:01:59,46,4502.0,-1742.0,,Available,website maps this code to Available
1,c7a6485b-6234-4361-b406-32ed94cda0da,2026-09-28T00:17:01.297+00:00,2026-09-28T00:17:01.491+00:00,21072-30059,dryers,50170065,72000000,2026-09-28 00:17:01,2026-09-27 22:41:30,46,5731.0,-2971.0,,Available,website maps this code to Available
1,c7a6485b-6234-4361-b406-32ed94cda0da,2026-09-28T00:17:01.297+00:00,2026-09-28T00:17:01.491+00:00,21072-30059,dryers,50170059,72000000,2026-09-28 00:17:01,2026-09-27 22:41:42,46,5719.0,-2959.0,,Available,website maps this code to Available
1,c7a6485b-6234-4361-b406-32ed94cda0da,2026-09-28T00:17:01.297+00:00,2026-09-28T00:17:01.491+00:00,21072-30059,dryers,50170057,72000000,2026-09-28 00:17:01,2026-09-27 22:41:28,46,5733.0,-2973.0,,Available,website maps this code to Available
1,c7a6485b-6234-4361-b406-32ed94cda0da,2026-09-28T00:17:01.297+00:00,2026-09-28T00:17:01.491+00:00,21072-30059,dryers,50170062,72000000,2026-09-28 00:17:01,2026-09-27 07:03:28,46,62013.0,-59253.0,,Available,website maps this code to Available
1,c7a6485b-6234-4361-b406-32ed94cda0da,2026-09-28T00:17:01.297+00:00,2026-09-28T00:17:01.491+00:00,21072-30059,dryers,50170067,72000000,2026-09-28 00:17:01,2026-09-27 22:42:28,46,5673.0,-2913.0,,Available,website maps this code to Available
1,c7a6485b-6234-4361-b406-32ed94cda0da,2026-09-28T00:17:01.297+00:00,2026-09-28T00:17:01.491+00:00,21072-30059,dryers,50170074,42000000,2026-09-28 00:17:01,2026-09-27 23:48:57,53,1684.0,1496.0,25,Running,
1,c7a6485b-6234-4361-b406-32ed94cda0da,2026-09-28T00:17:01.297+00:00,2026-09-28T00:17:01.491+00:00,21072-30059,dryers,50170071,72000000,2026-09-28 00:17:01,2026-09-27 22:41:47,46,5714.0,-2954.0,,Available,website maps this code to Available
1,c7a6485b-6234-4361-b406-32ed94cda0da,2026-09-28T00:17:01.297+00:00,2026-09-28T00:17:01.491+00:00,21072-30059,dryers,50170054,72000000,2026-09-28 00:17:01,2026-09-27 22:42:01,46,5700.0,-2940.0,,Available,website maps this code to Available
1,eb9fff8a-2204-439a-b4fa-1e8abeee5c18,2026-09-28T00:18:01.304+00:00,2026-09-28T00:18:01.503+00:00,21072-30059,washers,50170051,52000000,2026-09-28 00:18:01,2026-09-27 22:40:14,29,5867.0,-4127.0,,Available,website fallback: report over 1 hour old
1,eb9fff8a-2204-439a-b4fa-1e8abeee5c18,2026-09-28T00:18:01.304+00:00,2026-09-28T00:18:01.503+00:00,21072-30059,washers,50170080,42000000,2026-09-28 00:18:01,2026-09-28 00:02:18,10,943.0,-343.0,,Available,website fallback: countdown expired
1,eb9fff8a-2204-439a-b4fa-1e8abeee5c18,2026-09-28T00:18:01.304+00:00,2026-09-28T00:18:01.503+00:00,21072-30059,washers,50170075,42000000,2026-09-28 00:18:01,2026-09-28 00:05:09,10,772.0,-172.0,,Available,website fallback: countdown expired
1,eb9fff8a-2204-439a-b4fa-1e8abeee5c18,2026-09-28T00:18:01.304+00:00,2026-09-28T00:18:01.503+00:00,21072-30059,washers,50170082,72000000,2026-09-28 00:18:01,2026-09-28 00:14:48,29,193.0,1547.0,,Available,website maps this code to Available
1,eb9fff8a-2204-439a-b4fa-1e8abeee5c18,2026-09-28T00:18:01.304+00:00,2026-09-28T00:18:01.503+00:00,21072-30059,washers,50170050,42000000,2026-09-28 00:18:01,2026-09-28 00:13:34,28,267.0,1413.0,24,Running,
1,eb9fff8a-2204-439a-b4fa-1e8abeee5c18,2026-09-28T00:18:01.304+00:00,2026-09-28T00:18:01.503+00:00,21072-30059,washers,50170052,52000000,2026-09-28 00:18:01,2026-09-27 23:55:32,29,1349.0,391.0,,Finished,
1,eb9fff8a-2204-439a-b4fa-1e8abeee5c18,2026-09-28T00:18:01.304+00:00,2026-09-28T00:18:01.503+00:00,21072-30059,washers,50170078,52000000,2026-09-28 00:18:01,2026-09-27 23:51:55,29,1566.0,174.0,,Finished,
1,eb9fff8a-2204-439a-b4fa-1e8abeee5c18,2026-09-28T00:18:01.304+00:00,2026-09-28T00:18:01.503+00:00,21072-30059,washers,50170084,52000000,2026-09-28 00:18:01,2026-09-27 23:54:06,29,1435.0,305.0,,Finished,
1,eb9fff8a-2204-439a-b4fa-1e8abeee5c18,2026-09-28T00:18:01.304+00:00,2026-09-28T00:18:01.503+00:00,21072-30059,washers,50170068,52000000,2026-09-28 00:18:01,2026-09-27 22:12:30,29,7531.0,-5791.0,,Available,website fallback: report over 1 hour old
1,eb9fff8a-2204-439a-b4fa-1e8abeee5c18,2026-09-28T00:18:01.304+00:00,2026-09-28T00:18:01.503+00:00,21072-30059,washers,50170072,72000000,2026-09-28 00:18:01,2026-09-27 23:01:12,29,4609.0,-2869.0,,Available,website maps this code to Available
1,eb9fff8a-2204-439a-b4fa-1e8abeee5c18,2026-09-28T00:18:01.304+00:00,2026-09-28T00:18:01.503+00:00,21072-30059,washers,20483408,72000000,2026-09-28 00:18:01,2024-12-20 00:43:32,0,55899269.0,-55899269.0,,Available,website maps this code to Available
1,eb9fff8a-2204-439a-b4fa-1e8abeee5c18,2026-09-28T00:18:01.304+00:00,2026-09-28T00:18:01.503+00:00,21072-30059,washers,50170055,72000000,2026-09-28 00:18:01,2026-09-27 23:45:55,29,1926.0,-186.0,,Available,website maps this code to Available
1,eb9fff8a-2204-439a-b4fa-1e8abeee5c18,2026-09-28T00:18:01.304+00:00,2026-09-28T00:18:01.503+00:00,21072-30059,dryers,50170058,D2000000,2026-09-28 00:18:01,2026-09-26 17:53:29,45,109472.0,-106772.0,,Start Mode After PF,
1,eb9fff8a-2204-439a-b4fa-1e8abeee5c18,2026-09-28T00:18:01.304+00:00,2026-09-28T00:18:01.503+00:00,21072-30059,dryers,50170061,72000000,2026-09-28 00:18:01,2026-09-27 22:41:12,46,5809.0,-3049.0,,Available,website maps this code to Available
1,eb9fff8a-2204-439a-b4fa-1e8abeee5c18,2026-09-28T00:18:01.304+00:00,2026-09-28T00:18:01.503+00:00,21072-30059,dryers,50170081,72000000,2026-09-28 00:18:01,2026-09-27 23:03:05,46,4496.0,-1736.0,,Available,website maps this code to Available
1,eb9fff8a-2204-439a-b4fa-1e8abeee5c18,2026-09-28T00:18:01.304+00:00,2026-09-28T00:18:01.503+00:00,21072-30059,dryers,50170060,72000000,2026-09-28 00:18:01,2026-09-27 22:41:30,46,5791.0,-3031.0,,Available,website maps this code to Available
1,eb9fff8a-2204-439a-b4fa-1e8abeee5c18,2026-09-28T00:18:01.304+00:00,2026-09-28T00:18:01.503+00:00,21072-30059,dryers,50170087,72000000,2026-09-28 00:18:01,2026-09-27 22:41:40,46,5781.0,-3021.0,,Available,website maps this code to Available
1,eb9fff8a-2204-439a-b4fa-1e8abeee5c18,2026-09-28T00:18:01.304+00:00,2026-09-28T00:18:01.503+00:00,21072-30059,dryers,50170064,72000000,2026-09-28 00:18:01,2026-09-27 23:01:59,46,4562.0,-1802.0,,Available,website maps this code to Available
1,eb9fff8a-2204-439a-b4fa-1e8abeee5c18,2026-09-28T00:18:01.304+00:00,2026-09-28T00:18:01.503+00:00,21072-30059,dryers,50170065,72000000,2026-09-28 00:18:01,2026-09-27 22:41:30,46,5791.0,-3031.0,,Available,website maps this code to Available
1,eb9fff8a-2204-439a-b4fa-1e8abeee5c18,2026-09-28T00:18:01.304+00:00,2026-09-28T00:18:01.503+00:00,21072-30059,dryers,50170059,72000000,2026-09-28 00:18:01,2026-09-27 22:41:42,46,5779.0,-3019.0,,Available,website maps this code to Available
1,eb9fff8a-2204-439a-b4fa-1e8abeee5c18,2026-09-28T00:18:01.304+00:00,2026-09-28T00:18:01.503+00:00,21072-30059,dryers,50170057,72000000,2026-09-28 00:18:01,2026-09-27 22:41:28,46,5793.0,-3033.0,,Available,website maps this code to Available
1,eb9fff8a-2204-439a-b4fa-1e8abeee5c18,2026-09-28T00:18:01.304+00:00,2026-09-28T00:18:01.503+00:00,21072-30059,dryers,50170062,72000000,2026-09-28 00:18:01,2026-09-27 07:03:28,46,62073.0,-59313.0,,Available,website maps this code to Available
1,eb9fff8a-2204-439a-b4fa-1e8abeee5c18,2026-09-28T00:18:01.304+00:00,2026-09-28T00:18:01.503+00:00,21072-30059,dryers,50170067,72000000,2026-09-28 00:18:01,2026-09-27 22:42:28,46,5733.0,-2973.0,,Available,website maps this code to Available
1,eb9fff8a-2204-439a-b4fa-1e8abeee5c18,2026-09-28T00:18:01.304+00:00,2026-09-28T00:18:01.503+00:00,21072-30059,dryers,50170074,42000000,2026-09-28 00:18:01,2026-09-27 23:48:57,53,1744.0,1436.0,24,Running,
1,eb9fff8a-2204-439a-b4fa-1e8abeee5c18,2026-09-28T00:18:01.304+00:00,2026-09-28T00:18:01.503+00:00,21072-30059,dryers,50170071,72000000,2026-09-28 00:18:01,2026-09-27 22:41:47,46,5774.0,-3014.0,,Available,website maps this code to Available
1,eb9fff8a-2204-439a-b4fa-1e8abeee5c18,2026-09-28T00:18:01.304+00:00,2026-09-28T00:18:01.503+00:00,21072-30059,dryers,50170054,72000000,2026-09-28 00:18:01,2026-09-27 22:42:01,46,5760.0,-3000.0,,Available,website maps this code to Available
1,0208a077-51a3-48e3-9a74-2823d2ddea88,2026-09-28T00:19:01.304+00:00,2026-09-28T00:19:01.490+00:00,21072-30059,washers,50170051,52000000,2026-09-28 00:19:01,2026-09-27 22:40:14,29,5927.0,-4187.0,,Available,website fallback: report over 1 hour old
1,0208a077-51a3-48e3-9a74-2823d2ddea88,2026-09-28T00:19:01.304+00:00,2026-09-28T00:19:01.490+00:00,21072-30059,washers,50170080,42000000,2026-09-28 00:19:01,2026-09-28 00:02:18,10,1003.0,-403.0,,Available,website fallback: countdown expired
1,0208a077-51a3-48e3-9a74-2823d2ddea88,2026-09-28T00:19:01.304+00:00,2026-09-28T00:19:01.490+00:00,21072-30059,washers,50170075,42000000,2026-09-28 00:19:01,2026-09-28 00:05:09,10,832.0,-232.0,,Available,website fallback: countdown expired
1,0208a077-51a3-48e3-9a74-2823d2ddea88,2026-09-28T00:19:01.304+00:00,2026-09-28T00:19:01.490+00:00,21072-30059,washers,50170082,72000000,2026-09-28 00:19:01,2026-09-28 00:14:48,29,253.0,1487.0,,Available,website maps this code to Available
1,0208a077-51a3-48e3-9a74-2823d2ddea88,2026-09-28T00:19:01.304+00:00,2026-09-28T00:19:01.490+00:00,21072-30059,washers,50170050,42000000,2026-09-28 00:19:01,2026-09-28 00:13:34,28,327.0,1353.0,23,Running,
1,0208a077-51a3-48e3-9a74-2823d2ddea88,2026-09-28T00:19:01.304+00:00,2026-09-28T00:19:01.490+00:00,21072-30059,washers,50170052,52000000,2026-09-28 00:19:01,2026-09-27 23:55:32,29,1409.0,331.0,,Finished,
1,0208a077-51a3-48e3-9a74-2823d2ddea88,2026-09-28T00:19:01.304+00:00,2026-09-28T00:19:01.490+00:00,21072-30059,washers,50170078,52000000,2026-09-28 00:19:01,2026-09-27 23:51:55,29,1626.0,114.0,,Finished,
1,0208a077-51a3-48e3-9a74-2823d2ddea88,2026-09-28T00:19:01.304+00:00,2026-09-28T00:19:01.490+00:00,21072-30059,washers,50170084,52000000,2026-09-28 00:19:01,2026-09-27 23:54:06,29,1495.0,245.0,,Finished,
1,0208a077-51a3-48e3-9a74-2823d2ddea88,2026-09-28T00:19:01.304+00:00,2026-09-28T00:19:01.490+00:00,21072-30059,washers,50170068,52000000,2026-09-28 00:19:01,2026-09-27 22:12:30,29,7591.0,-5851.0,,Available,website fallback: report over 1 hour old
1,0208a077-51a3-48e3-9a74-2823d2ddea88,2026-09-28T00:19:01.304+00:00,2026-09-28T00:19:01.490+00:00,21072-30059,washers,50170072,72000000,2026-09-28 00:19:01,2026-09-27 23:01:12,29,4669.0,-2929.0,,Available,website maps this code to Available
1,0208a077-51a3-48e3-9a74-2823d2ddea88,2026-09-28T00:19:01.304+00:00,2026-09-28T00:19:01.490+00:00,21072-30059,washers,20483408,72000000,2026-09-28 00:19:01,2024-12-20 00:43:32,0,55899329.0,-55899329.0,,Available,website maps this code to Available
1,0208a077-51a3-48e3-9a74-2823d2ddea88,2026-09-28T00:19:01.304+00:00,2026-09-28T00:19:01.490+00:00,21072-30059,washers,50170055,72000000,2026-09-28 00:19:01,2026-09-27 23:45:55,29,1986.0,-246.0,,Available,website maps this code to Available
1,0208a077-51a3-48e3-9a74-2823d2ddea88,2026-09-28T00:19:01.304+00:00,2026-09-28T00:19:01.490+00:00,21072-30059,dryers,50170058,D2000000,2026-09-28 00:19:01,2026-09-26 17:53:29,45,109532.0,-106832.0,,Start Mode After PF,
1,0208a077-51a3-48e3-9a74-2823d2ddea88,2026-09-28T00:19:01.304+00:00,2026-09-28T00:19:01.490+00:00,21072-30059,dryers,50170061,72000000,2026-09-28 00:19:01,2026-09-27 22:41:12,46,5869.0,-3109.0,,Available,website maps this code to Available
1,0208a077-51a3-48e3-9a74-2823d2ddea88,2026-09-28T00:19:01.304+00:00,2026-09-28T00:19:01.490+00:00,21072-30059,dryers,50170081,72000000,2026-09-28 00:19:01,2026-09-27 23:03:05,46,4556.0,-1796.0,,Available,website maps this code to Available
1,0208a077-51a3-48e3-9a74-2823d2ddea88,2026-09-28T00:19:01.304+00:00,2026-09-28T00:19:01.490+00:00,21072-30059,dryers,50170060,72000000,2026-09-28 00:19:01,2026-09-27 22:41:30,46,5851.0,-3091.0,,Available,website maps this code to Available
1,0208a077-51a3-48e3-9a74-2823d2ddea88,2026-09-28T00:19:01.304+00:00,2026-09-28T00:19:01.490+00:00,21072-30059,dryers,50170087,72000000,2026-09-28 00:19:01,2026-09-27 22:41:40,46,5841.0,-3081.0,,Available,website maps this code to Available
1,0208a077-51a3-48e3-9a74-2823d2ddea88,2026-09-28T00:19:01.304+00:00,2026-09-28T00:19:01.490+00:00,21072-30059,dryers,50170064,72000000,2026-09-28 00:19:01,2026-09-27 23:01:59,46,4622.0,-1862.0,,Available,website maps this code to Available
1,0208a077-51a3-48e3-9a74-2823d2ddea88,2026-09-28T00:19:01.304+00:00,2026-09-28T00:19:01.490+00:00,21072-30059,dryers,50170065,72000000,2026-09-28 00:19:01,2026-09-27 22:41:30,46,5851.0,-3091.0,,Available,website maps this code to Available
1,0208a077-51a3-48e3-9a74-2823d2ddea88,2026-09-28T00:19:01.304+00:00,2026-09-28T00:19:01.490+00:00,21072-30059,dryers,50170059,72000000,2026-09-28 00:19:01,2026-09-27 22:41:42,46,5839.0,-3079.0,,Available,website maps this code to Available
1,0208a077-51a3-48e3-9a74-2823d2ddea88,2026-09-28T00:19:01.304+00:00,2026-09-28T00:19:01.490+00:00,21072-30059,dryers,50170057,72000000,2026-09-28 00:19:01,2026-09-27 22:41:28,46,5853.0,-3093.0,,Available,website maps this code to Available
1,0208a077-51a3-48e3-9a74-2823d2ddea88,2026-09-28T00:19:01.304+00:00,2026-09-28T00:19:01.490+00:00,21072-30059,dryers,50170062,72000000,2026-09-28 00:19:01,2026-09-27 07:03:28,46,62133.0,-59373.0,,Available,website maps this code to Available
1,0208a077-51a3-48e3-9a74-2823d2ddea88,2026-09-28T00:19:01.304+00:00,2026-09-28T00:19:01.490+00:00,21072-30059,dryers,50170067,72000000,2026-09-28 00:19:01,2026-09-27 22:42:28,46,5793.0,-3033.0,,Available,website maps this code to Available
1,0208a077-51a3-48e3-9a74-2823d2ddea88,2026-09-28T00:19:01.304+00:00,2026-09-28T00:19:01.490+00:00,21072-30059,dryers,50170074,42000000,2026-09-28 00:19:01,2026-09-27 23:48:57,53,1804.0,1376.0,23,Running,
1,0208a077-51a3-48e3-9a74-2823d2ddea88,2026-09-28T00:19:01.304+00:00,2026-09-28T00:19:01.490+00:00,21072-30059,dryers,50170071,72000000,2026-09-28 00:19:01,2026-09-27 22:41:47,46,5834.0,-3074.0,,Available,website maps this code to Available
1,0208a077-51a3-48e3-9a74-2823d2ddea88,2026-09-28T00:19:01.304+00:00,2026-09-28T00:19:01.490+00:00,21072-30059,dryers,50170054,72000000,2026-09-28 00:19:01,2026-09-27 22:42:01,46,5820.0,-3060.0,,Available,website maps this code to Available
1,a643c388-e290-4f0f-b150-1a8d155c634b,2026-09-28T00:20:01.365+00:00,2026-09-28T00:20:01.617+00:00,21072-30059,washers,50170051,52000000,2026-09-28 00:20:01,2026-09-27 22:40:14,29,5987.0,-4247.0,,Available,website fallback: report over 1 hour old
1,a643c388-e290-4f0f-b150-1a8d155c634b,2026-09-28T00:20:01.365+00:00,2026-09-28T00:20:01.617+00:00,21072-30059,washers,50170080,42000000,2026-09-28 00:20:01,2026-09-28 00:02:18,10,1063.0,-463.0,,Available,website fallback: countdown expired
1,a643c388-e290-4f0f-b150-1a8d155c634b,2026-09-28T00:20:01.365+00:00,2026-09-28T00:20:01.617+00:00,21072-30059,washers,50170075,42000000,2026-09-28 00:20:01,2026-09-28 00:05:09,10,892.0,-292.0,,Available,website fallback: countdown expired
1,a643c388-e290-4f0f-b150-1a8d155c634b,2026-09-28T00:20:01.365+00:00,2026-09-28T00:20:01.617+00:00,21072-30059,washers,50170082,72000000,2026-09-28 00:20:01,2026-09-28 00:14:48,29,313.0,1427.0,,Available,website maps this code to Available
1,a643c388-e290-4f0f-b150-1a8d155c634b,2026-09-28T00:20:01.365+00:00,2026-09-28T00:20:01.617+00:00,21072-30059,washers,50170050,42000000,2026-09-28 00:20:01,2026-09-28 00:13:34,28,387.0,1293.0,22,Running,
1,a643c388-e290-4f0f-b150-1a8d155c634b,2026-09-28T00:20:01.365+00:00,2026-09-28T00:20:01.617+00:00,21072-30059,washers,50170052,52000000,2026-09-28 00:20:01,2026-09-27 23:55:32,29,1469.0,271.0,,Finished,
1,a643c388-e290-4f0f-b150-1a8d155c634b,2026-09-28T00:20:01.365+00:00,2026-09-28T00:20:01.617+00:00,21072-30059,washers,50170078,52000000,2026-09-28 00:20:01,2026-09-27 23:51:55,29,1686.0,54.0,,Finished,
1,a643c388-e290-4f0f-b150-1a8d155c634b,2026-09-28T00:20:01.365+00:00,2026-09-28T00:20:01.617+00:00,21072-30059,washers,50170084,52000000,2026-09-28 00:20:01,2026-09-27 23:54:06,29,1555.0,185.0,,Finished,
1,a643c388-e290-4f0f-b150-1a8d155c634b,2026-09-28T00:20:01.365+00:00,2026-09-28T00:20:01.617+00:00,21072-30059,washers,50170068,52000000,2026-09-28 00:20:01,2026-09-27 22:12:30,29,7651.0,-5911.0,,Available,website fallback: report over 1 hour old
1,a643c388-e290-4f0f-b150-1a8d155c634b,2026-09-28T00:20:01.365+00:00,2026-09-28T00:20:01.617+00:00,21072-30059,washers,50170072,72000000,2026-09-28 00:20:01,2026-09-27 23:01:12,29,4729.0,-2989.0,,Available,website maps this code to Available
1,a643c388-e290-4f0f-b150-1a8d155c634b,2026-09-28T00:20:01.365+00:00,2026-09-28T00:20:01.617+00:00,21072-30059,washers,20483408,72000000,2026-09-28 00:20:01,2024-12-20 00:43:32,0,55899389.0,-55899389.0,,Available,website maps this code to Available
1,a643c388-e290-4f0f-b150-1a8d155c634b,2026-09-28T00:20:01.365+00:00,2026-09-28T00:20:01.617+00:00,21072-30059,washers,50170055,72000000,2026-09-28 00:20:01,2026-09-27 23:45:55,29,2046.0,-306.0,,Available,website maps this code to Available
1,a643c388-e290-4f0f-b150-1a8d155c634b,2026-09-28T00:20:01.365+00:00,2026-09-28T00:20:01.617+00:00,21072-30059,dryers,50170058,D2000000,2026-09-28 00:20:01,2026-09-26 17:53:29,45,109592.0,-106892.0,,Start Mode After PF,
1,a643c388-e290-4f0f-b150-1a8d155c634b,2026-09-28T00:20:01.365+00:00,2026-09-28T00:20:01.617+00:00,21072-30059,dryers,50170061,72000000,2026-09-28 00:20:01,2026-09-27 22:41:12,46,5929.0,-3169.0,,Available,website maps this code to Available
1,a643c388-e290-4f0f-b150-1a8d155c634b,2026-09-28T00:20:01.365+00:00,2026-09-28T00:20:01.617+00:00,21072-30059,dryers,50170081,72000000,2026-09-28 00:20:01,2026-09-27 23:03:05,46,4616.0,-1856.0,,Available,website maps this code to Available
1,a643c388-e290-4f0f-b150-1a8d155c634b,2026-09-28T00:20:01.365+00:00,2026-09-28T00:20:01.617+00:00,21072-30059,dryers,50170060,72000000,2026-09-28 00:20:01,2026-09-27 22:41:30,46,5911.0,-3151.0,,Available,website maps this code to Available
1,a643c388-e290-4f0f-b150-1a8d155c634b,2026-09-28T00:20:01.365+00:00,2026-09-28T00:20:01.617+00:00,21072-30059,dryers,50170087,72000000,2026-09-28 00:20:01,2026-09-27 22:41:40,46,5901.0,-3141.0,,Available,website maps this code to Available
1,a643c388-e290-4f0f-b150-1a8d155c634b,2026-09-28T00:20:01.365+00:00,2026-09-28T00:20:01.617+00:00,21072-30059,dryers,50170064,72000000,2026-09-28 00:20:01,2026-09-27 23:01:59,46,4682.0,-1922.0,,Available,website maps this code to Available
1,a643c388-e290-4f0f-b150-1a8d155c634b,2026-09-28T00:20:01.365+00:00,2026-09-28T00:20:01.617+00:00,21072-30059,dryers,50170065,72000000,2026-09-28 00:20:01,2026-09-27 22:41:30,46,5911.0,-3151.0,,Available,website maps this code to Available
1,a643c388-e290-4f0f-b150-1a8d155c634b,2026-09-28T00:20:01.365+00:00,2026-09-28T00:20:01.617+00:00,21072-30059,dryers,50170059,72000000,2026-09-28 00:20:01,2026-09-27 22:41:42,46,5899.0,-3139.0,,Available,website maps this code to Available
1,a643c388-e290-4f0f-b150-1a8d155c634b,2026-09-28T00:20:01.365+00:00,2026-09-28T00:20:01.617+00:00,21072-30059,dryers,50170057,72000000,2026-09-28 00:20:01,2026-09-27 22:41:28,46,5913.0,-3153.0,,Available,website maps this code to Available
1,a643c388-e290-4f0f-b150-1a8d155c634b,2026-09-28T00:20:01.365+00:00,2026-09-28T00:20:01.617+00:00,21072-30059,dryers,50170062,72000000,2026-09-28 00:20:01,2026-09-27 07:03:28,46,62193.0,-59433.0,,Available,website maps this code to Available
1,a643c388-e290-4f0f-b150-1a8d155c634b,2026-09-28T00:20:01.365+00:00,2026-09-28T00:20:01.617+00:00,21072-30059,dryers,50170067,72000000,2026-09-28 00:20:01,2026-09-27 22:42:28,46,5853.0,-3093.0,,Available,website maps this code to Available
1,a643c388-e290-4f0f-b150-1a8d155c634b,2026-09-28T00:20:01.365+00:00,2026-09-28T00:20:01.617+00:00,21072-30059,dryers,50170074,42000000,2026-09-28 00:20:01,2026-09-27 23:48:57,53,1864.0,1316.0,22,Running,
1,a643c388-e290-4f0f-b150-1a8d155c634b,2026-09-28T00:20:01.365+00:00,2026-09-28T00:20:01.617+00:00,21072-30059,dryers,50170071,72000000,2026-09-28 00:20:01,2026-09-27 22:41:47,46,5894.0,-3134.0,,Available,website maps this code to Available
1,a643c388-e290-4f0f-b150-1a8d155c634b,2026-09-28T00:20:01.365+00:00,2026-09-28T00:20:01.617+00:00,21072-30059,dryers,50170054,72000000,2026-09-28 00:20:01,2026-09-27 22:42:01,46,5880.0,-3120.0,,Available,website maps this code to Available
1,7959c10c-a1de-4746-9ad6-be11877a4055,2026-09-28T00:21:00.828+00:00,2026-09-28T00:21:01.007+00:00,21072-30059,washers,50170051,52000000,2026-09-28 00:21:00,2026-09-27 22:40:14,29,6046.0,-4306.0,,Available,website fallback: report over 1 hour old
1,7959c10c-a1de-4746-9ad6-be11877a4055,2026-09-28T00:21:00.828+00:00,2026-09-28T00:21:01.007+00:00,21072-30059,washers,50170080,42000000,2026-09-28 00:21:00,2026-09-28 00:02:18,10,1122.0,-522.0,,Available,website fallback: countdown expired
1,7959c10c-a1de-4746-9ad6-be11877a4055,2026-09-28T00:21:00.828+00:00,2026-09-28T00:21:01.007+00:00,21072-30059,washers,50170075,42000000,2026-09-28 00:21:00,2026-09-28 00:05:09,10,951.0,-351.0,,Available,website fallback: countdown expired
1,7959c10c-a1de-4746-9ad6-be11877a4055,2026-09-28T00:21:00.828+00:00,2026-09-28T00:21:01.007+00:00,21072-30059,washers,50170082,72000000,2026-09-28 00:21:00,2026-09-28 00:14:48,29,372.0,1368.0,,Available,website maps this code to Available
1,7959c10c-a1de-4746-9ad6-be11877a4055,2026-09-28T00:21:00.828+00:00,2026-09-28T00:21:01.007+00:00,21072-30059,washers,50170050,42000000,2026-09-28 00:21:00,2026-09-28 00:13:34,28,446.0,1234.0,21,Running,
1,7959c10c-a1de-4746-9ad6-be11877a4055,2026-09-28T00:21:00.828+00:00,2026-09-28T00:21:01.007+00:00,21072-30059,washers,50170052,52000000,2026-09-28 00:21:00,2026-09-27 23:55:32,29,1528.0,212.0,,Finished,
1,7959c10c-a1de-4746-9ad6-be11877a4055,2026-09-28T00:21:00.828+00:00,2026-09-28T00:21:01.007+00:00,21072-30059,washers,50170078,52000000,2026-09-28 00:21:00,2026-09-27 23:51:55,29,1745.0,-5.0,,Finished,
1,7959c10c-a1de-4746-9ad6-be11877a4055,2026-09-28T00:21:00.828+00:00,2026-09-28T00:21:01.007+00:00,21072-30059,washers,50170084,52000000,2026-09-28 00:21:00,2026-09-27 23:54:06,29,1614.0,126.0,,Finished,
1,7959c10c-a1de-4746-9ad6-be11877a4055,2026-09-28T00:21:00.828+00:00,2026-09-28T00:21:01.007+00:00,21072-30059,washers,50170068,52000000,2026-09-28 00:21:00,2026-09-27 22:12:30,29,7710.0,-5970.0,,Available,website fallback: report over 1 hour old
1,7959c10c-a1de-4746-9ad6-be11877a4055,2026-09-28T00:21:00.828+00:00,2026-09-28T00:21:01.007+00:00,21072-30059,washers,50170072,72000000,2026-09-28 00:21:00,2026-09-27 23:01:12,29,4788.0,-3048.0,,Available,website maps this code to Available
1,7959c10c-a1de-4746-9ad6-be11877a4055,2026-09-28T00:21:00.828+00:00,2026-09-28T00:21:01.007+00:00,21072-30059,washers,20483408,72000000,2026-09-28 00:21:00,2024-12-20 00:43:32,0,55899448.0,-55899448.0,,Available,website maps this code to Available
1,7959c10c-a1de-4746-9ad6-be11877a4055,2026-09-28T00:21:00.828+00:00,2026-09-28T00:21:01.007+00:00,21072-30059,washers,50170055,72000000,2026-09-28 00:21:00,2026-09-27 23:45:55,29,2105.0,-365.0,,Available,website maps this code to Available
1,7959c10c-a1de-4746-9ad6-be11877a4055,2026-09-28T00:21:00.828+00:00,2026-09-28T00:21:01.007+00:00,21072-30059,dryers,50170058,D2000000,2026-09-28 00:21:00,2026-09-26 17:53:29,45,109651.0,-106951.0,,Start Mode After PF,
1,7959c10c-a1de-4746-9ad6-be11877a4055,2026-09-28T00:21:00.828+00:00,2026-09-28T00:21:01.007+00:00,21072-30059,dryers,50170061,72000000,2026-09-28 00:21:00,2026-09-27 22:41:12,46,5988.0,-3228.0,,Available,website maps this code to Available
1,7959c10c-a1de-4746-9ad6-be11877a4055,2026-09-28T00:21:00.828+00:00,2026-09-28T00:21:01.007+00:00,21072-30059,dryers,50170081,72000000,2026-09-28 00:21:00,2026-09-27 23:03:05,46,4675.0,-1915.0,,Available,website maps this code to Available
1,7959c10c-a1de-4746-9ad6-be11877a4055,2026-09-28T00:21:00.828+00:00,2026-09-28T00:21:01.007+00:00,21072-30059,dryers,50170060,42000000,2026-09-28 00:21:00,2026-09-28 00:20:53,45,7.0,2693.0,45,Running,
1,7959c10c-a1de-4746-9ad6-be11877a4055,2026-09-28T00:21:00.828+00:00,2026-09-28T00:21:01.007+00:00,21072-30059,dryers,50170087,42000000,2026-09-28 00:21:00,2026-09-28 00:20:04,45,56.0,2644.0,45,Running,
1,7959c10c-a1de-4746-9ad6-be11877a4055,2026-09-28T00:21:00.828+00:00,2026-09-28T00:21:01.007+00:00,21072-30059,dryers,50170064,72000000,2026-09-28 00:21:00,2026-09-27 23:01:59,46,4741.0,-1981.0,,Available,website maps this code to Available
1,7959c10c-a1de-4746-9ad6-be11877a4055,2026-09-28T00:21:00.828+00:00,2026-09-28T00:21:01.007+00:00,21072-30059,dryers,50170065,72000000,2026-09-28 00:21:00,2026-09-27 22:41:30,46,5970.0,-3210.0,,Available,website maps this code to Available
1,7959c10c-a1de-4746-9ad6-be11877a4055,2026-09-28T00:21:00.828+00:00,2026-09-28T00:21:01.007+00:00,21072-30059,dryers,50170059,72000000,2026-09-28 00:21:00,2026-09-27 22:41:42,46,5958.0,-3198.0,,Available,website maps this code to Available
1,7959c10c-a1de-4746-9ad6-be11877a4055,2026-09-28T00:21:00.828+00:00,2026-09-28T00:21:01.007+00:00,21072-30059,dryers,50170057,72000000,2026-09-28 00:21:00,2026-09-27 22:41:28,46,5972.0,-3212.0,,Available,website maps this code to Available
1,7959c10c-a1de-4746-9ad6-be11877a4055,2026-09-28T00:21:00.828+00:00,2026-09-28T00:21:01.007+00:00,21072-30059,dryers,50170062,72000000,2026-09-28 00:21:00,2026-09-27 07:03:28,46,62252.0,-59492.0,,Available,website maps this code to Available
1,7959c10c-a1de-4746-9ad6-be11877a4055,2026-09-28T00:21:00.828+00:00,2026-09-28T00:21:01.007+00:00,21072-30059,dryers,50170067,72000000,2026-09-28 00:21:00,2026-09-27 22:42:28,46,5912.0,-3152.0,,Available,website maps this code to Available
1,7959c10c-a1de-4746-9ad6-be11877a4055,2026-09-28T00:21:00.828+00:00,2026-09-28T00:21:01.007+00:00,21072-30059,dryers,50170074,42000000,2026-09-28 00:21:00,2026-09-27 23:48:57,53,1923.0,1257.0,21,Running,
1,7959c10c-a1de-4746-9ad6-be11877a4055,2026-09-28T00:21:00.828+00:00,2026-09-28T00:21:01.007+00:00,21072-30059,dryers,50170071,72000000,2026-09-28 00:21:00,2026-09-27 22:41:47,46,5953.0,-3193.0,,Available,website maps this code to Available
1,7959c10c-a1de-4746-9ad6-be11877a4055,2026-09-28T00:21:00.828+00:00,2026-09-28T00:21:01.007+00:00,21072-30059,dryers,50170054,72000000,2026-09-28 00:21:00,2026-09-27 22:42:01,46,5939.0,-3179.0,,Available,website maps this code to Available
1,5a2f9fe1-325e-4de2-9cc6-f0a46184c117,2026-09-28T00:22:01.325+00:00,2026-09-28T00:22:01.514+00:00,21072-30059,washers,50170051,52000000,2026-09-28 00:22:01,2026-09-27 22:40:14,29,6107.0,-4367.0,,Available,website fallback: report over 1 hour old
1,5a2f9fe1-325e-4de2-9cc6-f0a46184c117,2026-09-28T00:22:01.325+00:00,2026-09-28T00:22:01.514+00:00,21072-30059,washers,50170080,42000000,2026-09-28 00:22:01,2026-09-28 00:02:18,10,1183.0,-583.0,,Available,website fallback: countdown expired
1,5a2f9fe1-325e-4de2-9cc6-f0a46184c117,2026-09-28T00:22:01.325+00:00,2026-09-28T00:22:01.514+00:00,21072-30059,washers,50170075,52000000,2026-09-28 00:22:01,2026-09-28 00:21:23,29,38.0,1702.0,,Finished,
1,5a2f9fe1-325e-4de2-9cc6-f0a46184c117,2026-09-28T00:22:01.325+00:00,2026-09-28T00:22:01.514+00:00,21072-30059,washers,50170082,72000000,2026-09-28 00:22:01,2026-09-28 00:14:48,29,433.0,1307.0,,Available,website maps this code to Available
1,5a2f9fe1-325e-4de2-9cc6-f0a46184c117,2026-09-28T00:22:01.325+00:00,2026-09-28T00:22:01.514+00:00,21072-30059,washers,50170050,42000000,2026-09-28 00:22:01,2026-09-28 00:13:34,28,507.0,1173.0,20,Running,
1,5a2f9fe1-325e-4de2-9cc6-f0a46184c117,2026-09-28T00:22:01.325+00:00,2026-09-28T00:22:01.514+00:00,21072-30059,washers,50170052,52000000,2026-09-28 00:22:01,2026-09-27 23:55:32,29,1589.0,151.0,,Finished,
1,5a2f9fe1-325e-4de2-9cc6-f0a46184c117,2026-09-28T00:22:01.325+00:00,2026-09-28T00:22:01.514+00:00,21072-30059,washers,50170078,52000000,2026-09-28 00:22:01,2026-09-27 23:51:55,29,1806.0,-66.0,,Finished,
1,5a2f9fe1-325e-4de2-9cc6-f0a46184c117,2026-09-28T00:22:01.325+00:00,2026-09-28T00:22:01.514+00:00,21072-30059,washers,50170084,52000000,2026-09-28 00:22:01,2026-09-27 23:54:06,29,1675.0,65.0,,Finished,
1,5a2f9fe1-325e-4de2-9cc6-f0a46184c117,2026-09-28T00:22:01.325+00:00,2026-09-28T00:22:01.514+00:00,21072-30059,washers,50170068,52000000,2026-09-28 00:22:01,2026-09-27 22:12:30,29,7771.0,-6031.0,,Available,website fallback: report over 1 hour old
1,5a2f9fe1-325e-4de2-9cc6-f0a46184c117,2026-09-28T00:22:01.325+00:00,2026-09-28T00:22:01.514+00:00,21072-30059,washers,50170072,72000000,2026-09-28 00:22:01,2026-09-27 23:01:12,29,4849.0,-3109.0,,Available,website maps this code to Available
1,5a2f9fe1-325e-4de2-9cc6-f0a46184c117,2026-09-28T00:22:01.325+00:00,2026-09-28T00:22:01.514+00:00,21072-30059,washers,20483408,72000000,2026-09-28 00:22:01,2024-12-20 00:43:32,0,55899509.0,-55899509.0,,Available,website maps this code to Available
1,5a2f9fe1-325e-4de2-9cc6-f0a46184c117,2026-09-28T00:22:01.325+00:00,2026-09-28T00:22:01.514+00:00,21072-30059,washers,50170055,72000000,2026-09-28 00:22:01,2026-09-27 23:45:55,29,2166.0,-426.0,,Available,website maps this code to Available
1,5a2f9fe1-325e-4de2-9cc6-f0a46184c117,2026-09-28T00:22:01.325+00:00,2026-09-28T00:22:01.514+00:00,21072-30059,dryers,50170058,D2000000,2026-09-28 00:22:01,2026-09-26 17:53:29,45,109712.0,-107012.0,,Start Mode After PF,
1,5a2f9fe1-325e-4de2-9cc6-f0a46184c117,2026-09-28T00:22:01.325+00:00,2026-09-28T00:22:01.514+00:00,21072-30059,dryers,50170061,72000000,2026-09-28 00:22:01,2026-09-27 22:41:12,46,6049.0,-3289.0,,Available,website maps this code to Available
1,5a2f9fe1-325e-4de2-9cc6-f0a46184c117,2026-09-28T00:22:01.325+00:00,2026-09-28T00:22:01.514+00:00,21072-30059,dryers,50170081,72000000,2026-09-28 00:22:01,2026-09-27 23:03:05,46,4736.0,-1976.0,,Available,website maps this code to Available
1,5a2f9fe1-325e-4de2-9cc6-f0a46184c117,2026-09-28T00:22:01.325+00:00,2026-09-28T00:22:01.514+00:00,21072-30059,dryers,50170060,42000000,2026-09-28 00:22:01,2026-09-28 00:20:53,45,68.0,2632.0,44,Running,
1,5a2f9fe1-325e-4de2-9cc6-f0a46184c117,2026-09-28T00:22:01.325+00:00,2026-09-28T00:22:01.514+00:00,21072-30059,dryers,50170087,42000000,2026-09-28 00:22:01,2026-09-28 00:20:04,45,117.0,2583.0,44,Running,
1,5a2f9fe1-325e-4de2-9cc6-f0a46184c117,2026-09-28T00:22:01.325+00:00,2026-09-28T00:22:01.514+00:00,21072-30059,dryers,50170064,72000000,2026-09-28 00:22:01,2026-09-27 23:01:59,46,4802.0,-2042.0,,Available,website maps this code to Available
1,5a2f9fe1-325e-4de2-9cc6-f0a46184c117,2026-09-28T00:22:01.325+00:00,2026-09-28T00:22:01.514+00:00,21072-30059,dryers,50170065,72000000,2026-09-28 00:22:01,2026-09-27 22:41:30,46,6031.0,-3271.0,,Available,website maps this code to Available
1,5a2f9fe1-325e-4de2-9cc6-f0a46184c117,2026-09-28T00:22:01.325+00:00,2026-09-28T00:22:01.514+00:00,21072-30059,dryers,50170059,72000000,2026-09-28 00:22:01,2026-09-27 22:41:42,46,6019.0,-3259.0,,Available,website maps this code to Available
1,5a2f9fe1-325e-4de2-9cc6-f0a46184c117,2026-09-28T00:22:01.325+00:00,2026-09-28T00:22:01.514+00:00,21072-30059,dryers,50170057,72000000,2026-09-28 00:22:01,2026-09-27 22:41:28,46,6033.0,-3273.0,,Available,website maps this code to Available
1,5a2f9fe1-325e-4de2-9cc6-f0a46184c117,2026-09-28T00:22:01.325+00:00,2026-09-28T00:22:01.514+00:00,21072-30059,dryers,50170062,72000000,2026-09-28 00:22:01,2026-09-27 07:03:28,46,62313.0,-59553.0,,Available,website maps this code to Available
1,5a2f9fe1-325e-4de2-9cc6-f0a46184c117,2026-09-28T00:22:01.325+00:00,2026-09-28T00:22:01.514+00:00,21072-30059,dryers,50170067,72000000,2026-09-28 00:22:01,2026-09-27 22:42:28,46,5973.0,-3213.0,,Available,website maps this code to Available
1,5a2f9fe1-325e-4de2-9cc6-f0a46184c117,2026-09-28T00:22:01.325+00:00,2026-09-28T00:22:01.514+00:00,21072-30059,dryers,50170074,42000000,2026-09-28 00:22:01,2026-09-27 23:48:57,53,1984.0,1196.0,20,Running,
1,5a2f9fe1-325e-4de2-9cc6-f0a46184c117,2026-09-28T00:22:01.325+00:00,2026-09-28T00:22:01.514+00:00,21072-30059,dryers,50170071,72000000,2026-09-28 00:22:01,2026-09-27 22:41:47,46,6014.0,-3254.0,,Available,website maps this code to Available
1,5a2f9fe1-325e-4de2-9cc6-f0a46184c117,2026-09-28T00:22:01.325+00:00,2026-09-28T00:22:01.514+00:00,21072-30059,dryers,50170054,72000000,2026-09-28 00:22:01,2026-09-27 22:42:01,46,6000.0,-3240.0,,Available,website maps this code to Available
1,8db41454-c301-4dc3-8268-53d3446c3bab,2026-09-28T00:23:01.359+00:00,2026-09-28T00:23:01.546+00:00,21072-30059,washers,50170051,52000000,2026-09-28 00:23:01,2026-09-27 22:40:14,29,6167.0,-4427.0,,Available,website fallback: report over 1 hour old
1,8db41454-c301-4dc3-8268-53d3446c3bab,2026-09-28T00:23:01.359+00:00,2026-09-28T00:23:01.546+00:00,21072-30059,washers,50170080,42000000,2026-09-28 00:23:01,2026-09-28 00:02:18,10,1243.0,-643.0,,Available,website fallback: countdown expired
1,8db41454-c301-4dc3-8268-53d3446c3bab,2026-09-28T00:23:01.359+00:00,2026-09-28T00:23:01.546+00:00,21072-30059,washers,50170075,52000000,2026-09-28 00:23:01,2026-09-28 00:21:23,29,98.0,1642.0,,Finished,
1,8db41454-c301-4dc3-8268-53d3446c3bab,2026-09-28T00:23:01.359+00:00,2026-09-28T00:23:01.546+00:00,21072-30059,washers,50170082,72000000,2026-09-28 00:23:01,2026-09-28 00:14:48,29,493.0,1247.0,,Available,website maps this code to Available
1,8db41454-c301-4dc3-8268-53d3446c3bab,2026-09-28T00:23:01.359+00:00,2026-09-28T00:23:01.546+00:00,21072-30059,washers,50170050,42000000,2026-09-28 00:23:01,2026-09-28 00:13:34,28,567.0,1113.0,19,Running,
1,8db41454-c301-4dc3-8268-53d3446c3bab,2026-09-28T00:23:01.359+00:00,2026-09-28T00:23:01.546+00:00,21072-30059,washers,50170052,52000000,2026-09-28 00:23:01,2026-09-27 23:55:32,29,1649.0,91.0,,Finished,
1,8db41454-c301-4dc3-8268-53d3446c3bab,2026-09-28T00:23:01.359+00:00,2026-09-28T00:23:01.546+00:00,21072-30059,washers,50170078,52000000,2026-09-28 00:23:01,2026-09-27 23:51:55,29,1866.0,-126.0,,Finished,
1,8db41454-c301-4dc3-8268-53d3446c3bab,2026-09-28T00:23:01.359+00:00,2026-09-28T00:23:01.546+00:00,21072-30059,washers,50170084,52000000,2026-09-28 00:23:01,2026-09-27 23:54:06,29,1735.0,5.0,,Finished,
1,8db41454-c301-4dc3-8268-53d3446c3bab,2026-09-28T00:23:01.359+00:00,2026-09-28T00:23:01.546+00:00,21072-30059,washers,50170068,52000000,2026-09-28 00:23:01,2026-09-27 22:12:30,29,7831.0,-6091.0,,Available,website fallback: report over 1 hour old
1,8db41454-c301-4dc3-8268-53d3446c3bab,2026-09-28T00:23:01.359+00:00,2026-09-28T00:23:01.546+00:00,21072-30059,washers,50170072,72000000,2026-09-28 00:23:01,2026-09-27 23:01:12,29,4909.0,-3169.0,,Available,website maps this code to Available
1,8db41454-c301-4dc3-8268-53d3446c3bab,2026-09-28T00:23:01.359+00:00,2026-09-28T00:23:01.546+00:00,21072-30059,washers,20483408,72000000,2026-09-28 00:23:01,2024-12-20 00:43:32,0,55899569.0,-55899569.0,,Available,website maps this code to Available
1,8db41454-c301-4dc3-8268-53d3446c3bab,2026-09-28T00:23:01.359+00:00,2026-09-28T00:23:01.546+00:00,21072-30059,washers,50170055,72000000,2026-09-28 00:23:01,2026-09-27 23:45:55,29,2226.0,-486.0,,Available,website maps this code to Available
1,8db41454-c301-4dc3-8268-53d3446c3bab,2026-09-28T00:23:01.359+00:00,2026-09-28T00:23:01.546+00:00,21072-30059,dryers,50170058,D2000000,2026-09-28 00:23:01,2026-09-26 17:53:29,45,109772.0,-107072.0,,Start Mode After PF,
1,8db41454-c301-4dc3-8268-53d3446c3bab,2026-09-28T00:23:01.359+00:00,2026-09-28T00:23:01.546+00:00,21072-30059,dryers,50170061,72000000,2026-09-28 00:23:01,2026-09-27 22:41:12,46,6109.0,-3349.0,,Available,website maps this code to Available
1,8db41454-c301-4dc3-8268-53d3446c3bab,2026-09-28T00:23:01.359+00:00,2026-09-28T00:23:01.546+00:00,21072-30059,dryers,50170081,72000000,2026-09-28 00:23:01,2026-09-27 23:03:05,46,4796.0,-2036.0,,Available,website maps this code to Available
1,8db41454-c301-4dc3-8268-53d3446c3bab,2026-09-28T00:23:01.359+00:00,2026-09-28T00:23:01.546+00:00,21072-30059,dryers,50170060,42000000,2026-09-28 00:23:01,2026-09-28 00:20:53,45,128.0,2572.0,43,Running,
1,8db41454-c301-4dc3-8268-53d3446c3bab,2026-09-28T00:23:01.359+00:00,2026-09-28T00:23:01.546+00:00,21072-30059,dryers,50170087,42000000,2026-09-28 00:23:01,2026-09-28 00:20:04,45,177.0,2523.0,43,Running,
1,8db41454-c301-4dc3-8268-53d3446c3bab,2026-09-28T00:23:01.359+00:00,2026-09-28T00:23:01.546+00:00,21072-30059,dryers,50170064,72000000,2026-09-28 00:23:01,2026-09-27 23:01:59,46,4862.0,-2102.0,,Available,website maps this code to Available
1,8db41454-c301-4dc3-8268-53d3446c3bab,2026-09-28T00:23:01.359+00:00,2026-09-28T00:23:01.546+00:00,21072-30059,dryers,50170065,72000000,2026-09-28 00:23:01,2026-09-27 22:41:30,46,6091.0,-3331.0,,Available,website maps this code to Available
1,8db41454-c301-4dc3-8268-53d3446c3bab,2026-09-28T00:23:01.359+00:00,2026-09-28T00:23:01.546+00:00,21072-30059,dryers,50170059,72000000,2026-09-28 00:23:01,2026-09-27 22:41:42,46,6079.0,-3319.0,,Available,website maps this code to Available
1,8db41454-c301-4dc3-8268-53d3446c3bab,2026-09-28T00:23:01.359+00:00,2026-09-28T00:23:01.546+00:00,21072-30059,dryers,50170057,72000000,2026-09-28 00:23:01,2026-09-27 22:41:28,46,6093.0,-3333.0,,Available,website maps this code to Available
1,8db41454-c301-4dc3-8268-53d3446c3bab,2026-09-28T00:23:01.359+00:00,2026-09-28T00:23:01.546+00:00,21072-30059,dryers,50170062,72000000,2026-09-28 00:23:01,2026-09-27 07:03:28,46,62373.0,-59613.0,,Available,website maps this code to Available
1,8db41454-c301-4dc3-8268-53d3446c3bab,2026-09-28T00:23:01.359+00:00,2026-09-28T00:23:01.546+00:00,21072-30059,dryers,50170067,72000000,2026-09-28 00:23:01,2026-09-27 22:42:28,46,6033.0,-3273.0,,Available,website maps this code to Available
1,8db41454-c301-4dc3-8268-53d3446c3bab,2026-09-28T00:23:01.359+00:00,2026-09-28T00:23:01.546+00:00,21072-30059,dryers,50170074,42000000,2026-09-28 00:23:01,2026-09-27 23:48:57,53,2044.0,1136.0,19,Running,
1,8db41454-c301-4dc3-8268-53d3446c3bab,2026-09-28T00:23:01.359+00:00,2026-09-28T00:23:01.546+00:00,21072-30059,dryers,50170071,72000000,2026-09-28 00:23:01,2026-09-27 22:41:47,46,6074.0,-3314.0,,Available,website maps this code to Available
1,8db41454-c301-4dc3-8268-53d3446c3bab,2026-09-28T00:23:01.359+00:00,2026-09-28T00:23:01.546+00:00,21072-30059,dryers,50170054,72000000,2026-09-28 00:23:01,2026-09-27 22:42:01,46,6060.0,-3300.0,,Available,website maps this code to Available
1,62dce96b-c8a7-404e-9c1a-c14f69455356,2026-09-28T00:24:01.257+00:00,2026-09-28T00:24:01.452+00:00,21072-30059,washers,50170051,52000000,2026-09-28 00:24:01,2026-09-27 22:40:14,29,6227.0,-4487.0,,Available,website fallback: report over 1 hour old
1,62dce96b-c8a7-404e-9c1a-c14f69455356,2026-09-28T00:24:01.257+00:00,2026-09-28T00:24:01.452+00:00,21072-30059,washers,50170080,A2000000,2026-09-28 00:24:01,2026-09-28 00:23:32,1,29.0,31.0,,Door Unlock Mode,
1,62dce96b-c8a7-404e-9c1a-c14f69455356,2026-09-28T00:24:01.257+00:00,2026-09-28T00:24:01.452+00:00,21072-30059,washers,50170075,52000000,2026-09-28 00:24:01,2026-09-28 00:21:23,29,158.0,1582.0,,Finished,
1,62dce96b-c8a7-404e-9c1a-c14f69455356,2026-09-28T00:24:01.257+00:00,2026-09-28T00:24:01.452+00:00,21072-30059,washers,50170082,72000000,2026-09-28 00:24:01,2026-09-28 00:14:48,29,553.0,1187.0,,Available,website maps this code to Available
1,62dce96b-c8a7-404e-9c1a-c14f69455356,2026-09-28T00:24:01.257+00:00,2026-09-28T00:24:01.452+00:00,21072-30059,washers,50170050,42000000,2026-09-28 00:24:01,2026-09-28 00:13:34,28,627.0,1053.0,18,Running,
1,62dce96b-c8a7-404e-9c1a-c14f69455356,2026-09-28T00:24:01.257+00:00,2026-09-28T00:24:01.452+00:00,21072-30059,washers,50170052,52000000,2026-09-28 00:24:01,2026-09-27 23:55:32,29,1709.0,31.0,,Finished,
1,62dce96b-c8a7-404e-9c1a-c14f69455356,2026-09-28T00:24:01.257+00:00,2026-09-28T00:24:01.452+00:00,21072-30059,washers,50170078,52000000,2026-09-28 00:24:01,2026-09-27 23:51:55,29,1926.0,-186.0,,Finished,
1,62dce96b-c8a7-404e-9c1a-c14f69455356,2026-09-28T00:24:01.257+00:00,2026-09-28T00:24:01.452+00:00,21072-30059,washers,50170084,52000000,2026-09-28 00:24:01,2026-09-27 23:54:06,29,1795.0,-55.0,,Finished,
1,62dce96b-c8a7-404e-9c1a-c14f69455356,2026-09-28T00:24:01.257+00:00,2026-09-28T00:24:01.452+00:00,21072-30059,washers,50170068,52000000,2026-09-28 00:24:01,2026-09-27 22:12:30,29,7891.0,-6151.0,,Available,website fallback: report over 1 hour old
1,62dce96b-c8a7-404e-9c1a-c14f69455356,2026-09-28T00:24:01.257+00:00,2026-09-28T00:24:01.452+00:00,21072-30059,washers,50170072,72000000,2026-09-28 00:24:01,2026-09-27 23:01:12,29,4969.0,-3229.0,,Available,website maps this code to Available
1,62dce96b-c8a7-404e-9c1a-c14f69455356,2026-09-28T00:24:01.257+00:00,2026-09-28T00:24:01.452+00:00,21072-30059,washers,20483408,72000000,2026-09-28 00:24:01,2024-12-20 00:43:32,0,55899629.0,-55899629.0,,Available,website maps this code to Available
1,62dce96b-c8a7-404e-9c1a-c14f69455356,2026-09-28T00:24:01.257+00:00,2026-09-28T00:24:01.452+00:00,21072-30059,washers,50170055,72000000,2026-09-28 00:24:01,2026-09-27 23:45:55,29,2286.0,-546.0,,Available,website maps this code to Available
1,62dce96b-c8a7-404e-9c1a-c14f69455356,2026-09-28T00:24:01.257+00:00,2026-09-28T00:24:01.452+00:00,21072-30059,dryers,50170058,D2000000,2026-09-28 00:24:01,2026-09-26 17:53:29,45,109832.0,-107132.0,,Start Mode After PF,
1,62dce96b-c8a7-404e-9c1a-c14f69455356,2026-09-28T00:24:01.257+00:00,2026-09-28T00:24:01.452+00:00,21072-30059,dryers,50170061,72000000,2026-09-28 00:24:01,2026-09-27 22:41:12,46,6169.0,-3409.0,,Available,website maps this code to Available
1,62dce96b-c8a7-404e-9c1a-c14f69455356,2026-09-28T00:24:01.257+00:00,2026-09-28T00:24:01.452+00:00,21072-30059,dryers,50170081,72000000,2026-09-28 00:24:01,2026-09-27 23:03:05,46,4856.0,-2096.0,,Available,website maps this code to Available
1,62dce96b-c8a7-404e-9c1a-c14f69455356,2026-09-28T00:24:01.257+00:00,2026-09-28T00:24:01.452+00:00,21072-30059,dryers,50170060,42000000,2026-09-28 00:24:01,2026-09-28 00:20:53,45,188.0,2512.0,42,Running,
1,62dce96b-c8a7-404e-9c1a-c14f69455356,2026-09-28T00:24:01.257+00:00,2026-09-28T00:24:01.452+00:00,21072-30059,dryers,50170087,42000000,2026-09-28 00:24:01,2026-09-28 00:20:04,45,237.0,2463.0,42,Running,
1,62dce96b-c8a7-404e-9c1a-c14f69455356,2026-09-28T00:24:01.257+00:00,2026-09-28T00:24:01.452+00:00,21072-30059,dryers,50170064,72000000,2026-09-28 00:24:01,2026-09-27 23:01:59,46,4922.0,-2162.0,,Available,website maps this code to Available
1,62dce96b-c8a7-404e-9c1a-c14f69455356,2026-09-28T00:24:01.257+00:00,2026-09-28T00:24:01.452+00:00,21072-30059,dryers,50170065,72000000,2026-09-28 00:24:01,2026-09-27 22:41:30,46,6151.0,-3391.0,,Available,website maps this code to Available
1,62dce96b-c8a7-404e-9c1a-c14f69455356,2026-09-28T00:24:01.257+00:00,2026-09-28T00:24:01.452+00:00,21072-30059,dryers,50170059,72000000,2026-09-28 00:24:01,2026-09-27 22:41:42,46,6139.0,-3379.0,,Available,website maps this code to Available
1,62dce96b-c8a7-404e-9c1a-c14f69455356,2026-09-28T00:24:01.257+00:00,2026-09-28T00:24:01.452+00:00,21072-30059,dryers,50170057,72000000,2026-09-28 00:24:01,2026-09-27 22:41:28,46,6153.0,-3393.0,,Available,website maps this code to Available
1,62dce96b-c8a7-404e-9c1a-c14f69455356,2026-09-28T00:24:01.257+00:00,2026-09-28T00:24:01.452+00:00,21072-30059,dryers,50170062,72000000,2026-09-28 00:24:01,2026-09-27 07:03:28,46,62433.0,-59673.0,,Available,website maps this code to Available
1,62dce96b-c8a7-404e-9c1a-c14f69455356,2026-09-28T00:24:01.257+00:00,2026-09-28T00:24:01.452+00:00,21072-30059,dryers,50170067,72000000,2026-09-28 00:24:01,2026-09-27 22:42:28,46,6093.0,-3333.0,,Available,website maps this code to Available
1,62dce96b-c8a7-404e-9c1a-c14f69455356,2026-09-28T00:24:01.257+00:00,2026-09-28T00:24:01.452+00:00,21072-30059,dryers,50170074,42000000,2026-09-28 00:24:01,2026-09-27 23:48:57,53,2104.0,1076.0,18,Running,
1,62dce96b-c8a7-404e-9c1a-c14f69455356,2026-09-28T00:24:01.257+00:00,2026-09-28T00:24:01.452+00:00,21072-30059,dryers,50170071,72000000,2026-09-28 00:24:01,2026-09-27 22:41:47,46,6134.0,-3374.0,,Available,website maps this code to Available
1,62dce96b-c8a7-404e-9c1a-c14f69455356,2026-09-28T00:24:01.257+00:00,2026-09-28T00:24:01.452+00:00,21072-30059,dryers,50170054,72000000,2026-09-28 00:24:01,2026-09-27 22:42:01,46,6120.0,-3360.0,,Available,website maps this code to Available
1,059f3aab-c873-4889-a198-c90f98a2b73f,2026-09-28T00:25:00.846+00:00,2026-09-28T00:25:01.018+00:00,21072-30059,washers,50170051,52000000,2026-09-28 00:25:00,2026-09-27 22:40:14,29,6286.0,-4546.0,,Available,website fallback: report over 1 hour old
1,059f3aab-c873-4889-a198-c90f98a2b73f,2026-09-28T00:25:00.846+00:00,2026-09-28T00:25:01.018+00:00,21072-30059,washers,50170080,52000000,2026-09-28 00:25:00,2026-09-28 00:24:34,29,26.0,1714.0,,Finished,
1,059f3aab-c873-4889-a198-c90f98a2b73f,2026-09-28T00:25:00.846+00:00,2026-09-28T00:25:01.018+00:00,21072-30059,washers,50170075,52000000,2026-09-28 00:25:00,2026-09-28 00:21:23,29,217.0,1523.0,,Finished,
1,059f3aab-c873-4889-a198-c90f98a2b73f,2026-09-28T00:25:00.846+00:00,2026-09-28T00:25:01.018+00:00,21072-30059,washers,50170082,72000000,2026-09-28 00:25:00,2026-09-28 00:14:48,29,612.0,1128.0,,Available,website maps this code to Available
1,059f3aab-c873-4889-a198-c90f98a2b73f,2026-09-28T00:25:00.846+00:00,2026-09-28T00:25:01.018+00:00,21072-30059,washers,50170050,42000000,2026-09-28 00:25:00,2026-09-28 00:13:34,28,686.0,994.0,17,Running,
1,059f3aab-c873-4889-a198-c90f98a2b73f,2026-09-28T00:25:00.846+00:00,2026-09-28T00:25:01.018+00:00,21072-30059,washers,50170052,52000000,2026-09-28 00:25:00,2026-09-27 23:55:32,29,1768.0,-28.0,,Finished,
1,059f3aab-c873-4889-a198-c90f98a2b73f,2026-09-28T00:25:00.846+00:00,2026-09-28T00:25:01.018+00:00,21072-30059,washers,50170078,52000000,2026-09-28 00:25:00,2026-09-27 23:51:55,29,1985.0,-245.0,,Finished,
1,059f3aab-c873-4889-a198-c90f98a2b73f,2026-09-28T00:25:00.846+00:00,2026-09-28T00:25:01.018+00:00,21072-30059,washers,50170084,52000000,2026-09-28 00:25:00,2026-09-27 23:54:06,29,1854.0,-114.0,,Finished,
1,059f3aab-c873-4889-a198-c90f98a2b73f,2026-09-28T00:25:00.846+00:00,2026-09-28T00:25:01.018+00:00,21072-30059,washers,50170068,52000000,2026-09-28 00:25:00,2026-09-27 22:12:30,29,7950.0,-6210.0,,Available,website fallback: report over 1 hour old
1,059f3aab-c873-4889-a198-c90f98a2b73f,2026-09-28T00:25:00.846+00:00,2026-09-28T00:25:01.018+00:00,21072-30059,washers,50170072,72000000,2026-09-28 00:25:00,2026-09-27 23:01:12,29,5028.0,-3288.0,,Available,website maps this code to Available
1,059f3aab-c873-4889-a198-c90f98a2b73f,2026-09-28T00:25:00.846+00:00,2026-09-28T00:25:01.018+00:00,21072-30059,washers,20483408,72000000,2026-09-28 00:25:00,2024-12-20 00:43:32,0,55899688.0,-55899688.0,,Available,website maps this code to Available
1,059f3aab-c873-4889-a198-c90f98a2b73f,2026-09-28T00:25:00.846+00:00,2026-09-28T00:25:01.018+00:00,21072-30059,washers,50170055,72000000,2026-09-28 00:25:00,2026-09-27 23:45:55,29,2345.0,-605.0,,Available,website maps this code to Available
1,059f3aab-c873-4889-a198-c90f98a2b73f,2026-09-28T00:25:00.846+00:00,2026-09-28T00:25:01.018+00:00,21072-30059,dryers,50170058,D2000000,2026-09-28 00:25:00,2026-09-26 17:53:29,45,109891.0,-107191.0,,Start Mode After PF,
1,059f3aab-c873-4889-a198-c90f98a2b73f,2026-09-28T00:25:00.846+00:00,2026-09-28T00:25:01.018+00:00,21072-30059,dryers,50170061,72000000,2026-09-28 00:25:00,2026-09-27 22:41:12,46,6228.0,-3468.0,,Available,website maps this code to Available
1,059f3aab-c873-4889-a198-c90f98a2b73f,2026-09-28T00:25:00.846+00:00,2026-09-28T00:25:01.018+00:00,21072-30059,dryers,50170081,72000000,2026-09-28 00:25:00,2026-09-27 23:03:05,46,4915.0,-2155.0,,Available,website maps this code to Available
1,059f3aab-c873-4889-a198-c90f98a2b73f,2026-09-28T00:25:00.846+00:00,2026-09-28T00:25:01.018+00:00,21072-30059,dryers,50170060,42000000,2026-09-28 00:25:00,2026-09-28 00:20:53,45,247.0,2453.0,41,Running,
1,059f3aab-c873-4889-a198-c90f98a2b73f,2026-09-28T00:25:00.846+00:00,2026-09-28T00:25:01.018+00:00,21072-30059,dryers,50170087,42000000,2026-09-28 00:25:00,2026-09-28 00:20:04,45,296.0,2404.0,41,Running,
1,059f3aab-c873-4889-a198-c90f98a2b73f,2026-09-28T00:25:00.846+00:00,2026-09-28T00:25:01.018+00:00,21072-30059,dryers,50170064,72000000,2026-09-28 00:25:00,2026-09-27 23:01:59,46,4981.0,-2221.0,,Available,website maps this code to Available
1,059f3aab-c873-4889-a198-c90f98a2b73f,2026-09-28T00:25:00.846+00:00,2026-09-28T00:25:01.018+00:00,21072-30059,dryers,50170065,72000000,2026-09-28 00:25:00,2026-09-27 22:41:30,46,6210.0,-3450.0,,Available,website maps this code to Available
1,059f3aab-c873-4889-a198-c90f98a2b73f,2026-09-28T00:25:00.846+00:00,2026-09-28T00:25:01.018+00:00,21072-30059,dryers,50170059,72000000,2026-09-28 00:25:00,2026-09-27 22:41:42,46,6198.0,-3438.0,,Available,website maps this code to Available
1,059f3aab-c873-4889-a198-c90f98a2b73f,2026-09-28T00:25:00.846+00:00,2026-09-28T00:25:01.018+00:00,21072-30059,dryers,50170057,72000000,2026-09-28 00:25:00,2026-09-27 22:41:28,46,6212.0,-3452.0,,Available,website maps this code to Available
1,059f3aab-c873-4889-a198-c90f98a2b73f,2026-09-28T00:25:00.846+00:00,2026-09-28T00:25:01.018+00:00,21072-30059,dryers,50170062,72000000,2026-09-28 00:25:00,2026-09-27 07:03:28,46,62492.0,-59732.0,,Available,website maps this code to Available
1,059f3aab-c873-4889-a198-c90f98a2b73f,2026-09-28T00:25:00.846+00:00,2026-09-28T00:25:01.018+00:00,21072-30059,dryers,50170067,72000000,2026-09-28 00:25:00,2026-09-27 22:42:28,46,6152.0,-3392.0,,Available,website maps this code to Available
1,059f3aab-c873-4889-a198-c90f98a2b73f,2026-09-28T00:25:00.846+00:00,2026-09-28T00:25:01.018+00:00,21072-30059,dryers,50170074,42000000,2026-09-28 00:25:00,2026-09-27 23:48:57,53,2163.0,1017.0,17,Running,
1,059f3aab-c873-4889-a198-c90f98a2b73f,2026-09-28T00:25:00.846+00:00,2026-09-28T00:25:01.018+00:00,21072-30059,dryers,50170071,72000000,2026-09-28 00:25:00,2026-09-27 22:41:47,46,6193.0,-3433.0,,Available,website maps this code to Available
1,059f3aab-c873-4889-a198-c90f98a2b73f,2026-09-28T00:25:00.846+00:00,2026-09-28T00:25:01.018+00:00,21072-30059,dryers,50170054,72000000,2026-09-28 00:25:00,2026-09-27 22:42:01,46,6179.0,-3419.0,,Available,website maps this code to Available
1,4c71b80b-e2ab-41e2-9604-783e50bc5da7,2026-09-28T00:26:01.278+00:00,2026-09-28T00:26:01.510+00:00,21072-30059,washers,50170051,52000000,2026-09-28 00:26:01,2026-09-27 22:40:14,29,6347.0,-4607.0,,Available,website fallback: report over 1 hour old
1,4c71b80b-e2ab-41e2-9604-783e50bc5da7,2026-09-28T00:26:01.278+00:00,2026-09-28T00:26:01.510+00:00,21072-30059,washers,50170080,52000000,2026-09-28 00:26:01,2026-09-28 00:24:34,29,87.0,1653.0,,Finished,
1,4c71b80b-e2ab-41e2-9604-783e50bc5da7,2026-09-28T00:26:01.278+00:00,2026-09-28T00:26:01.510+00:00,21072-30059,washers,50170075,72000000,2026-09-28 00:26:01,2026-09-28 00:25:28,29,33.0,1707.0,,Available,website maps this code to Available
1,4c71b80b-e2ab-41e2-9604-783e50bc5da7,2026-09-28T00:26:01.278+00:00,2026-09-28T00:26:01.510+00:00,21072-30059,washers,50170082,72000000,2026-09-28 00:26:01,2026-09-28 00:14:48,29,673.0,1067.0,,Available,website maps this code to Available
1,4c71b80b-e2ab-41e2-9604-783e50bc5da7,2026-09-28T00:26:01.278+00:00,2026-09-28T00:26:01.510+00:00,21072-30059,washers,50170050,42000000,2026-09-28 00:26:01,2026-09-28 00:13:34,28,747.0,933.0,16,Running,
1,4c71b80b-e2ab-41e2-9604-783e50bc5da7,2026-09-28T00:26:01.278+00:00,2026-09-28T00:26:01.510+00:00,21072-30059,washers,50170052,52000000,2026-09-28 00:26:01,2026-09-27 23:55:32,29,1829.0,-89.0,,Finished,
1,4c71b80b-e2ab-41e2-9604-783e50bc5da7,2026-09-28T00:26:01.278+00:00,2026-09-28T00:26:01.510+00:00,21072-30059,washers,50170078,52000000,2026-09-28 00:26:01,2026-09-27 23:51:55,29,2046.0,-306.0,,Finished,
1,4c71b80b-e2ab-41e2-9604-783e50bc5da7,2026-09-28T00:26:01.278+00:00,2026-09-28T00:26:01.510+00:00,21072-30059,washers,50170084,52000000,2026-09-28 00:26:01,2026-09-27 23:54:06,29,1915.0,-175.0,,Finished,
1,4c71b80b-e2ab-41e2-9604-783e50bc5da7,2026-09-28T00:26:01.278+00:00,2026-09-28T00:26:01.510+00:00,21072-30059,washers,50170068,52000000,2026-09-28 00:26:01,2026-09-27 22:12:30,29,8011.0,-6271.0,,Available,website fallback: report over 1 hour old
1,4c71b80b-e2ab-41e2-9604-783e50bc5da7,2026-09-28T00:26:01.278+00:00,2026-09-28T00:26:01.510+00:00,21072-30059,washers,50170072,72000000,2026-09-28 00:26:01,2026-09-27 23:01:12,29,5089.0,-3349.0,,Available,website maps this code to Available
1,4c71b80b-e2ab-41e2-9604-783e50bc5da7,2026-09-28T00:26:01.278+00:00,2026-09-28T00:26:01.510+00:00,21072-30059,washers,20483408,72000000,2026-09-28 00:26:01,2024-12-20 00:43:32,0,55899749.0,-55899749.0,,Available,website maps this code to Available
1,4c71b80b-e2ab-41e2-9604-783e50bc5da7,2026-09-28T00:26:01.278+00:00,2026-09-28T00:26:01.510+00:00,21072-30059,washers,50170055,72000000,2026-09-28 00:26:01,2026-09-27 23:45:55,29,2406.0,-666.0,,Available,website maps this code to Available
1,4c71b80b-e2ab-41e2-9604-783e50bc5da7,2026-09-28T00:26:01.278+00:00,2026-09-28T00:26:01.510+00:00,21072-30059,dryers,50170058,D2000000,2026-09-28 00:26:01,2026-09-26 17:53:29,45,109952.0,-107252.0,,Start Mode After PF,
1,4c71b80b-e2ab-41e2-9604-783e50bc5da7,2026-09-28T00:26:01.278+00:00,2026-09-28T00:26:01.510+00:00,21072-30059,dryers,50170061,72000000,2026-09-28 00:26:01,2026-09-27 22:41:12,46,6289.0,-3529.0,,Available,website maps this code to Available
1,4c71b80b-e2ab-41e2-9604-783e50bc5da7,2026-09-28T00:26:01.278+00:00,2026-09-28T00:26:01.510+00:00,21072-30059,dryers,50170081,72000000,2026-09-28 00:26:01,2026-09-27 23:03:05,46,4976.0,-2216.0,,Available,website maps this code to Available
1,4c71b80b-e2ab-41e2-9604-783e50bc5da7,2026-09-28T00:26:01.278+00:00,2026-09-28T00:26:01.510+00:00,21072-30059,dryers,50170060,42000000,2026-09-28 00:26:01,2026-09-28 00:20:53,45,308.0,2392.0,40,Running,
1,4c71b80b-e2ab-41e2-9604-783e50bc5da7,2026-09-28T00:26:01.278+00:00,2026-09-28T00:26:01.510+00:00,21072-30059,dryers,50170087,42000000,2026-09-28 00:26:01,2026-09-28 00:20:04,45,357.0,2343.0,40,Running,
1,4c71b80b-e2ab-41e2-9604-783e50bc5da7,2026-09-28T00:26:01.278+00:00,2026-09-28T00:26:01.510+00:00,21072-30059,dryers,50170064,72000000,2026-09-28 00:26:01,2026-09-27 23:01:59,46,5042.0,-2282.0,,Available,website maps this code to Available
1,4c71b80b-e2ab-41e2-9604-783e50bc5da7,2026-09-28T00:26:01.278+00:00,2026-09-28T00:26:01.510+00:00,21072-30059,dryers,50170065,72000000,2026-09-28 00:26:01,2026-09-27 22:41:30,46,6271.0,-3511.0,,Available,website maps this code to Available
1,4c71b80b-e2ab-41e2-9604-783e50bc5da7,2026-09-28T00:26:01.278+00:00,2026-09-28T00:26:01.510+00:00,21072-30059,dryers,50170059,72000000,2026-09-28 00:26:01,2026-09-27 22:41:42,46,6259.0,-3499.0,,Available,website maps this code to Available
1,4c71b80b-e2ab-41e2-9604-783e50bc5da7,2026-09-28T00:26:01.278+00:00,2026-09-28T00:26:01.510+00:00,21072-30059,dryers,50170057,72000000,2026-09-28 00:26:01,2026-09-27 22:41:28,46,6273.0,-3513.0,,Available,website maps this code to Available
1,4c71b80b-e2ab-41e2-9604-783e50bc5da7,2026-09-28T00:26:01.278+00:00,2026-09-28T00:26:01.510+00:00,21072-30059,dryers,50170062,72000000,2026-09-28 00:26:01,2026-09-27 07:03:28,46,62553.0,-59793.0,,Available,website maps this code to Available
1,4c71b80b-e2ab-41e2-9604-783e50bc5da7,2026-09-28T00:26:01.278+00:00,2026-09-28T00:26:01.510+00:00,21072-30059,dryers,50170067,72000000,2026-09-28 00:26:01,2026-09-27 22:42:28,46,6213.0,-3453.0,,Available,website maps this code to Available
1,4c71b80b-e2ab-41e2-9604-783e50bc5da7,2026-09-28T00:26:01.278+00:00,2026-09-28T00:26:01.510+00:00,21072-30059,dryers,50170074,42000000,2026-09-28 00:26:01,2026-09-27 23:48:57,53,2224.0,956.0,16,Running,
1,4c71b80b-e2ab-41e2-9604-783e50bc5da7,2026-09-28T00:26:01.278+00:00,2026-09-28T00:26:01.510+00:00,21072-30059,dryers,50170071,72000000,2026-09-28 00:26:01,2026-09-27 22:41:47,46,6254.0,-3494.0,,Available,website maps this code to Available
1,4c71b80b-e2ab-41e2-9604-783e50bc5da7,2026-09-28T00:26:01.278+00:00,2026-09-28T00:26:01.510+00:00,21072-30059,dryers,50170054,72000000,2026-09-28 00:26:01,2026-09-27 22:42:01,46,6240.0,-3480.0,,Available,website maps this code to Available
1,0af3b6d1-6ce2-4297-a9d5-ee4f4547e638,2026-09-28T00:27:01.323+00:00,2026-09-28T00:27:01.547+00:00,21072-30059,washers,50170051,52000000,2026-09-28 00:27:01,2026-09-27 22:40:14,29,6407.0,-4667.0,,Available,website fallback: report over 1 hour old
1,0af3b6d1-6ce2-4297-a9d5-ee4f4547e638,2026-09-28T00:27:01.323+00:00,2026-09-28T00:27:01.547+00:00,21072-30059,washers,50170080,72000000,2026-09-28 00:27:01,2026-09-28 00:26:38,29,23.0,1717.0,,Available,website maps this code to Available
1,0af3b6d1-6ce2-4297-a9d5-ee4f4547e638,2026-09-28T00:27:01.323+00:00,2026-09-28T00:27:01.547+00:00,21072-30059,washers,50170075,72000000,2026-09-28 00:27:01,2026-09-28 00:25:28,29,93.0,1647.0,,Available,website maps this code to Available
1,0af3b6d1-6ce2-4297-a9d5-ee4f4547e638,2026-09-28T00:27:01.323+00:00,2026-09-28T00:27:01.547+00:00,21072-30059,washers,50170082,72000000,2026-09-28 00:27:01,2026-09-28 00:14:48,29,733.0,1007.0,,Available,website maps this code to Available
1,0af3b6d1-6ce2-4297-a9d5-ee4f4547e638,2026-09-28T00:27:01.323+00:00,2026-09-28T00:27:01.547+00:00,21072-30059,washers,50170050,42000000,2026-09-28 00:27:01,2026-09-28 00:13:34,28,807.0,873.0,15,Running,
1,0af3b6d1-6ce2-4297-a9d5-ee4f4547e638,2026-09-28T00:27:01.323+00:00,2026-09-28T00:27:01.547+00:00,21072-30059,washers,50170052,52000000,2026-09-28 00:27:01,2026-09-27 23:55:32,29,1889.0,-149.0,,Finished,
1,0af3b6d1-6ce2-4297-a9d5-ee4f4547e638,2026-09-28T00:27:01.323+00:00,2026-09-28T00:27:01.547+00:00,21072-30059,washers,50170078,52000000,2026-09-28 00:27:01,2026-09-27 23:51:55,29,2106.0,-366.0,,Finished,
1,0af3b6d1-6ce2-4297-a9d5-ee4f4547e638,2026-09-28T00:27:01.323+00:00,2026-09-28T00:27:01.547+00:00,21072-30059,washers,50170084,52000000,2026-09-28 00:27:01,2026-09-27 23:54:06,29,1975.0,-235.0,,Finished,
1,0af3b6d1-6ce2-4297-a9d5-ee4f4547e638,2026-09-28T00:27:01.323+00:00,2026-09-28T00:27:01.547+00:00,21072-30059,washers,50170068,52000000,2026-09-28 00:27:01,2026-09-27 22:12:30,29,8071.0,-6331.0,,Available,website fallback: report over 1 hour old
1,0af3b6d1-6ce2-4297-a9d5-ee4f4547e638,2026-09-28T00:27:01.323+00:00,2026-09-28T00:27:01.547+00:00,21072-30059,washers,50170072,72000000,2026-09-28 00:27:01,2026-09-27 23:01:12,29,5149.0,-3409.0,,Available,website maps this code to Available
1,0af3b6d1-6ce2-4297-a9d5-ee4f4547e638,2026-09-28T00:27:01.323+00:00,2026-09-28T00:27:01.547+00:00,21072-30059,washers,20483408,72000000,2026-09-28 00:27:01,2024-12-20 00:43:32,0,55899809.0,-55899809.0,,Available,website maps this code to Available
1,0af3b6d1-6ce2-4297-a9d5-ee4f4547e638,2026-09-28T00:27:01.323+00:00,2026-09-28T00:27:01.547+00:00,21072-30059,washers,50170055,72000000,2026-09-28 00:27:01,2026-09-27 23:45:55,29,2466.0,-726.0,,Available,website maps this code to Available
1,0af3b6d1-6ce2-4297-a9d5-ee4f4547e638,2026-09-28T00:27:01.323+00:00,2026-09-28T00:27:01.547+00:00,21072-30059,dryers,50170058,D2000000,2026-09-28 00:27:01,2026-09-26 17:53:29,45,110012.0,-107312.0,,Start Mode After PF,
1,0af3b6d1-6ce2-4297-a9d5-ee4f4547e638,2026-09-28T00:27:01.323+00:00,2026-09-28T00:27:01.547+00:00,21072-30059,dryers,50170061,42000000,2026-09-28 00:27:01,2026-09-28 00:26:39,45,22.0,2678.0,45,Running,
1,0af3b6d1-6ce2-4297-a9d5-ee4f4547e638,2026-09-28T00:27:01.323+00:00,2026-09-28T00:27:01.547+00:00,21072-30059,dryers,50170081,42000000,2026-09-28 00:27:01,2026-09-28 00:26:15,45,46.0,2654.0,45,Running,
1,0af3b6d1-6ce2-4297-a9d5-ee4f4547e638,2026-09-28T00:27:01.323+00:00,2026-09-28T00:27:01.547+00:00,21072-30059,dryers,50170060,42000000,2026-09-28 00:27:01,2026-09-28 00:20:53,45,368.0,2332.0,39,Running,
1,0af3b6d1-6ce2-4297-a9d5-ee4f4547e638,2026-09-28T00:27:01.323+00:00,2026-09-28T00:27:01.547+00:00,21072-30059,dryers,50170087,42000000,2026-09-28 00:27:01,2026-09-28 00:20:04,45,417.0,2283.0,39,Running,
1,0af3b6d1-6ce2-4297-a9d5-ee4f4547e638,2026-09-28T00:27:01.323+00:00,2026-09-28T00:27:01.547+00:00,21072-30059,dryers,50170064,72000000,2026-09-28 00:27:01,2026-09-27 23:01:59,46,5102.0,-2342.0,,Available,website maps this code to Available
1,0af3b6d1-6ce2-4297-a9d5-ee4f4547e638,2026-09-28T00:27:01.323+00:00,2026-09-28T00:27:01.547+00:00,21072-30059,dryers,50170065,72000000,2026-09-28 00:27:01,2026-09-27 22:41:30,46,6331.0,-3571.0,,Available,website maps this code to Available
1,0af3b6d1-6ce2-4297-a9d5-ee4f4547e638,2026-09-28T00:27:01.323+00:00,2026-09-28T00:27:01.547+00:00,21072-30059,dryers,50170059,72000000,2026-09-28 00:27:01,2026-09-27 22:41:42,46,6319.0,-3559.0,,Available,website maps this code to Available
1,0af3b6d1-6ce2-4297-a9d5-ee4f4547e638,2026-09-28T00:27:01.323+00:00,2026-09-28T00:27:01.547+00:00,21072-30059,dryers,50170057,72000000,2026-09-28 00:27:01,2026-09-27 22:41:28,46,6333.0,-3573.0,,Available,website maps this code to Available
1,0af3b6d1-6ce2-4297-a9d5-ee4f4547e638,2026-09-28T00:27:01.323+00:00,2026-09-28T00:27:01.547+00:00,21072-30059,dryers,50170062,72000000,2026-09-28 00:27:01,2026-09-27 07:03:28,46,62613.0,-59853.0,,Available,website maps this code to Available
1,0af3b6d1-6ce2-4297-a9d5-ee4f4547e638,2026-09-28T00:27:01.323+00:00,2026-09-28T00:27:01.547+00:00,21072-30059,dryers,50170067,72000000,2026-09-28 00:27:01,2026-09-27 22:42:28,46,6273.0,-3513.0,,Available,website maps this code to Available
1,0af3b6d1-6ce2-4297-a9d5-ee4f4547e638,2026-09-28T00:27:01.323+00:00,2026-09-28T00:27:01.547+00:00,21072-30059,dryers,50170074,42000000,2026-09-28 00:27:01,2026-09-27 23:48:57,53,2284.0,896.0,15,Running,
1,0af3b6d1-6ce2-4297-a9d5-ee4f4547e638,2026-09-28T00:27:01.323+00:00,2026-09-28T00:27:01.547+00:00,21072-30059,dryers,50170071,72000000,2026-09-28 00:27:01,2026-09-27 22:41:47,46,6314.0,-3554.0,,Available,website maps this code to Available
1,0af3b6d1-6ce2-4297-a9d5-ee4f4547e638,2026-09-28T00:27:01.323+00:00,2026-09-28T00:27:01.547+00:00,21072-30059,dryers,50170054,72000000,2026-09-28 00:27:01,2026-09-27 22:42:01,46,6300.0,-3540.0,,Available,website maps this code to Available
1,83fdb2ca-c7c3-426d-8b38-0c62b8ffcf45,2026-09-28T00:28:01.270+00:00,2026-09-28T00:28:01.524+00:00,21072-30059,washers,50170051,52000000,2026-09-28 00:28:01,2026-09-27 22:40:14,29,6467.0,-4727.0,,Available,website fallback: report over 1 hour old
1,83fdb2ca-c7c3-426d-8b38-0c62b8ffcf45,2026-09-28T00:28:01.270+00:00,2026-09-28T00:28:01.524+00:00,21072-30059,washers,50170080,72000000,2026-09-28 00:28:01,2026-09-28 00:26:38,29,83.0,1657.0,,Available,website maps this code to Available
1,83fdb2ca-c7c3-426d-8b38-0c62b8ffcf45,2026-09-28T00:28:01.270+00:00,2026-09-28T00:28:01.524+00:00,21072-30059,washers,50170075,72000000,2026-09-28 00:28:01,2026-09-28 00:25:28,29,153.0,1587.0,,Available,website maps this code to Available
1,83fdb2ca-c7c3-426d-8b38-0c62b8ffcf45,2026-09-28T00:28:01.270+00:00,2026-09-28T00:28:01.524+00:00,21072-30059,washers,50170082,72000000,2026-09-28 00:28:01,2026-09-28 00:14:48,29,793.0,947.0,,Available,website maps this code to Available
1,83fdb2ca-c7c3-426d-8b38-0c62b8ffcf45,2026-09-28T00:28:01.270+00:00,2026-09-28T00:28:01.524+00:00,21072-30059,washers,50170050,42000000,2026-09-28 00:28:01,2026-09-28 00:13:34,28,867.0,813.0,14,Running,
1,83fdb2ca-c7c3-426d-8b38-0c62b8ffcf45,2026-09-28T00:28:01.270+00:00,2026-09-28T00:28:01.524+00:00,21072-30059,washers,50170052,52000000,2026-09-28 00:28:01,2026-09-27 23:55:32,29,1949.0,-209.0,,Finished,
1,83fdb2ca-c7c3-426d-8b38-0c62b8ffcf45,2026-09-28T00:28:01.270+00:00,2026-09-28T00:28:01.524+00:00,21072-30059,washers,50170078,52000000,2026-09-28 00:28:01,2026-09-27 23:51:55,29,2166.0,-426.0,,Finished,
1,83fdb2ca-c7c3-426d-8b38-0c62b8ffcf45,2026-09-28T00:28:01.270+00:00,2026-09-28T00:28:01.524+00:00,21072-30059,washers,50170084,52000000,2026-09-28 00:28:01,2026-09-27 23:54:06,29,2035.0,-295.0,,Finished,
1,83fdb2ca-c7c3-426d-8b38-0c62b8ffcf45,2026-09-28T00:28:01.270+00:00,2026-09-28T00:28:01.524+00:00,21072-30059,washers,50170068,52000000,2026-09-28 00:28:01,2026-09-27 22:12:30,29,8131.0,-6391.0,,Available,website fallback: report over 1 hour old
1,83fdb2ca-c7c3-426d-8b38-0c62b8ffcf45,2026-09-28T00:28:01.270+00:00,2026-09-28T00:28:01.524+00:00,21072-30059,washers,50170072,72000000,2026-09-28 00:28:01,2026-09-27 23:01:12,29,5209.0,-3469.0,,Available,website maps this code to Available
1,83fdb2ca-c7c3-426d-8b38-0c62b8ffcf45,2026-09-28T00:28:01.270+00:00,2026-09-28T00:28:01.524+00:00,21072-30059,washers,20483408,72000000,2026-09-28 00:28:01,2024-12-20 00:43:32,0,55899869.0,-55899869.0,,Available,website maps this code to Available
1,83fdb2ca-c7c3-426d-8b38-0c62b8ffcf45,2026-09-28T00:28:01.270+00:00,2026-09-28T00:28:01.524+00:00,21072-30059,washers,50170055,72000000,2026-09-28 00:28:01,2026-09-27 23:45:55,29,2526.0,-786.0,,Available,website maps this code to Available
1,83fdb2ca-c7c3-426d-8b38-0c62b8ffcf45,2026-09-28T00:28:01.270+00:00,2026-09-28T00:28:01.524+00:00,21072-30059,dryers,50170058,D2000000,2026-09-28 00:28:01,2026-09-26 17:53:29,45,110072.0,-107372.0,,Start Mode After PF,
1,83fdb2ca-c7c3-426d-8b38-0c62b8ffcf45,2026-09-28T00:28:01.270+00:00,2026-09-28T00:28:01.524+00:00,21072-30059,dryers,50170061,42000000,2026-09-28 00:28:01,2026-09-28 00:26:39,45,82.0,2618.0,44,Running,
1,83fdb2ca-c7c3-426d-8b38-0c62b8ffcf45,2026-09-28T00:28:01.270+00:00,2026-09-28T00:28:01.524+00:00,21072-30059,dryers,50170081,42000000,2026-09-28 00:28:01,2026-09-28 00:26:15,45,106.0,2594.0,44,Running,
1,83fdb2ca-c7c3-426d-8b38-0c62b8ffcf45,2026-09-28T00:28:01.270+00:00,2026-09-28T00:28:01.524+00:00,21072-30059,dryers,50170060,42000000,2026-09-28 00:28:01,2026-09-28 00:20:53,45,428.0,2272.0,38,Running,
1,83fdb2ca-c7c3-426d-8b38-0c62b8ffcf45,2026-09-28T00:28:01.270+00:00,2026-09-28T00:28:01.524+00:00,21072-30059,dryers,50170087,42000000,2026-09-28 00:28:01,2026-09-28 00:20:04,45,477.0,2223.0,38,Running,
1,83fdb2ca-c7c3-426d-8b38-0c62b8ffcf45,2026-09-28T00:28:01.270+00:00,2026-09-28T00:28:01.524+00:00,21072-30059,dryers,50170064,72000000,2026-09-28 00:28:01,2026-09-27 23:01:59,46,5162.0,-2402.0,,Available,website maps this code to Available
1,83fdb2ca-c7c3-426d-8b38-0c62b8ffcf45,2026-09-28T00:28:01.270+00:00,2026-09-28T00:28:01.524+00:00,21072-30059,dryers,50170065,72000000,2026-09-28 00:28:01,2026-09-27 22:41:30,46,6391.0,-3631.0,,Available,website maps this code to Available
1,83fdb2ca-c7c3-426d-8b38-0c62b8ffcf45,2026-09-28T00:28:01.270+00:00,2026-09-28T00:28:01.524+00:00,21072-30059,dryers,50170059,72000000,2026-09-28 00:28:01,2026-09-27 22:41:42,46,6379.0,-3619.0,,Available,website maps this code to Available
1,83fdb2ca-c7c3-426d-8b38-0c62b8ffcf45,2026-09-28T00:28:01.270+00:00,2026-09-28T00:28:01.524+00:00,21072-30059,dryers,50170057,72000000,2026-09-28 00:28:01,2026-09-27 22:41:28,46,6393.0,-3633.0,,Available,website maps this code to Available
1,83fdb2ca-c7c3-426d-8b38-0c62b8ffcf45,2026-09-28T00:28:01.270+00:00,2026-09-28T00:28:01.524+00:00,21072-30059,dryers,50170062,72000000,2026-09-28 00:28:01,2026-09-27 07:03:28,46,62673.0,-59913.0,,Available,website maps this code to Available
1,83fdb2ca-c7c3-426d-8b38-0c62b8ffcf45,2026-09-28T00:28:01.270+00:00,2026-09-28T00:28:01.524+00:00,21072-30059,dryers,50170067,72000000,2026-09-28 00:28:01,2026-09-27 22:42:28,46,6333.0,-3573.0,,Available,website maps this code to Available
1,83fdb2ca-c7c3-426d-8b38-0c62b8ffcf45,2026-09-28T00:28:01.270+00:00,2026-09-28T00:28:01.524+00:00,21072-30059,dryers,50170074,42000000,2026-09-28 00:28:01,2026-09-27 23:48:57,53,2344.0,836.0,14,Running,
1,83fdb2ca-c7c3-426d-8b38-0c62b8ffcf45,2026-09-28T00:28:01.270+00:00,2026-09-28T00:28:01.524+00:00,21072-30059,dryers,50170071,72000000,2026-09-28 00:28:01,2026-09-27 22:41:47,46,6374.0,-3614.0,,Available,website maps this code to Available
1,83fdb2ca-c7c3-426d-8b38-0c62b8ffcf45,2026-09-28T00:28:01.270+00:00,2026-09-28T00:28:01.524+00:00,21072-30059,dryers,50170054,72000000,2026-09-28 00:28:01,2026-09-27 22:42:01,46,6360.0,-3600.0,,Available,website maps this code to Available
1,f0b66f23-d692-4ad6-8347-428b959c4f4c,2026-09-28T00:29:01.291+00:00,2026-09-28T00:29:01.469+00:00,21072-30059,washers,50170051,52000000,2026-09-28 00:29:01,2026-09-27 22:40:14,29,6527.0,-4787.0,,Available,website fallback: report over 1 hour old
1,f0b66f23-d692-4ad6-8347-428b959c4f4c,2026-09-28T00:29:01.291+00:00,2026-09-28T00:29:01.469+00:00,21072-30059,washers,50170080,72000000,2026-09-28 00:29:01,2026-09-28 00:26:38,29,143.0,1597.0,,Available,website maps this code to Available
1,f0b66f23-d692-4ad6-8347-428b959c4f4c,2026-09-28T00:29:01.291+00:00,2026-09-28T00:29:01.469+00:00,21072-30059,washers,50170075,72000000,2026-09-28 00:29:01,2026-09-28 00:25:28,29,213.0,1527.0,,Available,website maps this code to Available
1,f0b66f23-d692-4ad6-8347-428b959c4f4c,2026-09-28T00:29:01.291+00:00,2026-09-28T00:29:01.469+00:00,21072-30059,washers,50170082,72000000,2026-09-28 00:29:01,2026-09-28 00:14:48,29,853.0,887.0,,Available,website maps this code to Available
1,f0b66f23-d692-4ad6-8347-428b959c4f4c,2026-09-28T00:29:01.291+00:00,2026-09-28T00:29:01.469+00:00,21072-30059,washers,50170050,42000000,2026-09-28 00:29:01,2026-09-28 00:13:34,28,927.0,753.0,13,Running,
1,f0b66f23-d692-4ad6-8347-428b959c4f4c,2026-09-28T00:29:01.291+00:00,2026-09-28T00:29:01.469+00:00,21072-30059,washers,50170052,52000000,2026-09-28 00:29:01,2026-09-27 23:55:32,29,2009.0,-269.0,,Finished,
1,f0b66f23-d692-4ad6-8347-428b959c4f4c,2026-09-28T00:29:01.291+00:00,2026-09-28T00:29:01.469+00:00,21072-30059,washers,50170078,52000000,2026-09-28 00:29:01,2026-09-27 23:51:55,29,2226.0,-486.0,,Finished,
1,f0b66f23-d692-4ad6-8347-428b959c4f4c,2026-09-28T00:29:01.291+00:00,2026-09-28T00:29:01.469+00:00,21072-30059,washers,50170084,52000000,2026-09-28 00:29:01,2026-09-27 23:54:06,29,2095.0,-355.0,,Finished,
1,f0b66f23-d692-4ad6-8347-428b959c4f4c,2026-09-28T00:29:01.291+00:00,2026-09-28T00:29:01.469+00:00,21072-30059,washers,50170068,52000000,2026-09-28 00:29:01,2026-09-27 22:12:30,29,8191.0,-6451.0,,Available,website fallback: report over 1 hour old
1,f0b66f23-d692-4ad6-8347-428b959c4f4c,2026-09-28T00:29:01.291+00:00,2026-09-28T00:29:01.469+00:00,21072-30059,washers,50170072,72000000,2026-09-28 00:29:01,2026-09-27 23:01:12,29,5269.0,-3529.0,,Available,website maps this code to Available
1,f0b66f23-d692-4ad6-8347-428b959c4f4c,2026-09-28T00:29:01.291+00:00,2026-09-28T00:29:01.469+00:00,21072-30059,washers,20483408,72000000,2026-09-28 00:29:01,2024-12-20 00:43:32,0,55899929.0,-55899929.0,,Available,website maps this code to Available
1,f0b66f23-d692-4ad6-8347-428b959c4f4c,2026-09-28T00:29:01.291+00:00,2026-09-28T00:29:01.469+00:00,21072-30059,washers,50170055,72000000,2026-09-28 00:29:01,2026-09-27 23:45:55,29,2586.0,-846.0,,Available,website maps this code to Available
1,f0b66f23-d692-4ad6-8347-428b959c4f4c,2026-09-28T00:29:01.291+00:00,2026-09-28T00:29:01.469+00:00,21072-30059,dryers,50170058,D2000000,2026-09-28 00:29:01,2026-09-26 17:53:29,45,110132.0,-107432.0,,Start Mode After PF,
1,f0b66f23-d692-4ad6-8347-428b959c4f4c,2026-09-28T00:29:01.291+00:00,2026-09-28T00:29:01.469+00:00,21072-30059,dryers,50170061,42000000,2026-09-28 00:29:01,2026-09-28 00:26:39,45,142.0,2558.0,43,Running,
1,f0b66f23-d692-4ad6-8347-428b959c4f4c,2026-09-28T00:29:01.291+00:00,2026-09-28T00:29:01.469+00:00,21072-30059,dryers,50170081,42000000,2026-09-28 00:29:01,2026-09-28 00:26:15,45,166.0,2534.0,43,Running,
1,f0b66f23-d692-4ad6-8347-428b959c4f4c,2026-09-28T00:29:01.291+00:00,2026-09-28T00:29:01.469+00:00,21072-30059,dryers,50170060,42000000,2026-09-28 00:29:01,2026-09-28 00:20:53,45,488.0,2212.0,37,Running,
1,f0b66f23-d692-4ad6-8347-428b959c4f4c,2026-09-28T00:29:01.291+00:00,2026-09-28T00:29:01.469+00:00,21072-30059,dryers,50170087,42000000,2026-09-28 00:29:01,2026-09-28 00:20:04,45,537.0,2163.0,37,Running,
1,f0b66f23-d692-4ad6-8347-428b959c4f4c,2026-09-28T00:29:01.291+00:00,2026-09-28T00:29:01.469+00:00,21072-30059,dryers,50170064,72000000,2026-09-28 00:29:01,2026-09-27 23:01:59,46,5222.0,-2462.0,,Available,website maps this code to Available
1,f0b66f23-d692-4ad6-8347-428b959c4f4c,2026-09-28T00:29:01.291+00:00,2026-09-28T00:29:01.469+00:00,21072-30059,dryers,50170065,42000000,2026-09-28 00:29:01,2026-09-28 00:29:00,46,1.0,2759.0,46,Running,
1,f0b66f23-d692-4ad6-8347-428b959c4f4c,2026-09-28T00:29:01.291+00:00,2026-09-28T00:29:01.469+00:00,21072-30059,dryers,50170059,72000000,2026-09-28 00:29:01,2026-09-27 22:41:42,46,6439.0,-3679.0,,Available,website maps this code to Available
1,f0b66f23-d692-4ad6-8347-428b959c4f4c,2026-09-28T00:29:01.291+00:00,2026-09-28T00:29:01.469+00:00,21072-30059,dryers,50170057,72000000,2026-09-28 00:29:01,2026-09-27 22:41:28,46,6453.0,-3693.0,,Available,website maps this code to Available
1,f0b66f23-d692-4ad6-8347-428b959c4f4c,2026-09-28T00:29:01.291+00:00,2026-09-28T00:29:01.469+00:00,21072-30059,dryers,50170062,72000000,2026-09-28 00:29:01,2026-09-27 07:03:28,46,62733.0,-59973.0,,Available,website maps this code to Available
1,f0b66f23-d692-4ad6-8347-428b959c4f4c,2026-09-28T00:29:01.291+00:00,2026-09-28T00:29:01.469+00:00,21072-30059,dryers,50170067,72000000,2026-09-28 00:29:01,2026-09-27 22:42:28,46,6393.0,-3633.0,,Available,website maps this code to Available
1,f0b66f23-d692-4ad6-8347-428b959c4f4c,2026-09-28T00:29:01.291+00:00,2026-09-28T00:29:01.469+00:00,21072-30059,dryers,50170074,42000000,2026-09-28 00:29:01,2026-09-27 23:48:57,53,2404.0,776.0,13,Running,
1,f0b66f23-d692-4ad6-8347-428b959c4f4c,2026-09-28T00:29:01.291+00:00,2026-09-28T00:29:01.469+00:00,21072-30059,dryers,50170071,72000000,2026-09-28 00:29:01,2026-09-27 22:41:47,46,6434.0,-3674.0,,Available,website maps this code to Available
1,f0b66f23-d692-4ad6-8347-428b959c4f4c,2026-09-28T00:29:01.291+00:00,2026-09-28T00:29:01.469+00:00,21072-30059,dryers,50170054,72000000,2026-09-28 00:29:01,2026-09-27 22:42:01,46,6420.0,-3660.0,,Available,website maps this code to Available
1,f3174e13-e709-402b-add2-931f7ae284ff,2026-09-28T00:30:01.412+00:00,2026-09-28T00:30:01.653+00:00,21072-30059,washers,50170051,52000000,2026-09-28 00:30:01,2026-09-27 22:40:14,29,6587.0,-4847.0,,Available,website fallback: report over 1 hour old
1,f3174e13-e709-402b-add2-931f7ae284ff,2026-09-28T00:30:01.412+00:00,2026-09-28T00:30:01.653+00:00,21072-30059,washers,50170080,72000000,2026-09-28 00:30:01,2026-09-28 00:26:38,29,203.0,1537.0,,Available,website maps this code to Available
1,f3174e13-e709-402b-add2-931f7ae284ff,2026-09-28T00:30:01.412+00:00,2026-09-28T00:30:01.653+00:00,21072-30059,washers,50170075,72000000,2026-09-28 00:30:01,2026-09-28 00:25:28,29,273.0,1467.0,,Available,website maps this code to Available
1,f3174e13-e709-402b-add2-931f7ae284ff,2026-09-28T00:30:01.412+00:00,2026-09-28T00:30:01.653+00:00,21072-30059,washers,50170082,72000000,2026-09-28 00:30:01,2026-09-28 00:14:48,29,913.0,827.0,,Available,website maps this code to Available
1,f3174e13-e709-402b-add2-931f7ae284ff,2026-09-28T00:30:01.412+00:00,2026-09-28T00:30:01.653+00:00,21072-30059,washers,50170050,42000000,2026-09-28 00:30:01,2026-09-28 00:13:34,28,987.0,693.0,12,Running,
1,f3174e13-e709-402b-add2-931f7ae284ff,2026-09-28T00:30:01.412+00:00,2026-09-28T00:30:01.653+00:00,21072-30059,washers,50170052,52000000,2026-09-28 00:30:01,2026-09-27 23:55:32,29,2069.0,-329.0,,Finished,
1,f3174e13-e709-402b-add2-931f7ae284ff,2026-09-28T00:30:01.412+00:00,2026-09-28T00:30:01.653+00:00,21072-30059,washers,50170078,52000000,2026-09-28 00:30:01,2026-09-27 23:51:55,29,2286.0,-546.0,,Finished,
1,f3174e13-e709-402b-add2-931f7ae284ff,2026-09-28T00:30:01.412+00:00,2026-09-28T00:30:01.653+00:00,21072-30059,washers,50170084,72000000,2026-09-28 00:30:01,2026-09-28 00:29:34,29,27.0,1713.0,,Available,website maps this code to Available
1,f3174e13-e709-402b-add2-931f7ae284ff,2026-09-28T00:30:01.412+00:00,2026-09-28T00:30:01.653+00:00,21072-30059,washers,50170068,52000000,2026-09-28 00:30:01,2026-09-27 22:12:30,29,8251.0,-6511.0,,Available,website fallback: report over 1 hour old
1,f3174e13-e709-402b-add2-931f7ae284ff,2026-09-28T00:30:01.412+00:00,2026-09-28T00:30:01.653+00:00,21072-30059,washers,50170072,72000000,2026-09-28 00:30:01,2026-09-27 23:01:12,29,5329.0,-3589.0,,Available,website maps this code to Available
1,f3174e13-e709-402b-add2-931f7ae284ff,2026-09-28T00:30:01.412+00:00,2026-09-28T00:30:01.653+00:00,21072-30059,washers,20483408,72000000,2026-09-28 00:30:01,2024-12-20 00:43:32,0,55899989.0,-55899989.0,,Available,website maps this code to Available
1,f3174e13-e709-402b-add2-931f7ae284ff,2026-09-28T00:30:01.412+00:00,2026-09-28T00:30:01.653+00:00,21072-30059,washers,50170055,72000000,2026-09-28 00:30:01,2026-09-27 23:45:55,29,2646.0,-906.0,,Available,website maps this code to Available
1,f3174e13-e709-402b-add2-931f7ae284ff,2026-09-28T00:30:01.412+00:00,2026-09-28T00:30:01.653+00:00,21072-30059,dryers,50170058,D2000000,2026-09-28 00:30:01,2026-09-26 17:53:29,45,110192.0,-107492.0,,Start Mode After PF,
1,f3174e13-e709-402b-add2-931f7ae284ff,2026-09-28T00:30:01.412+00:00,2026-09-28T00:30:01.653+00:00,21072-30059,dryers,50170061,42000000,2026-09-28 00:30:01,2026-09-28 00:26:39,45,202.0,2498.0,42,Running,
1,f3174e13-e709-402b-add2-931f7ae284ff,2026-09-28T00:30:01.412+00:00,2026-09-28T00:30:01.653+00:00,21072-30059,dryers,50170081,42000000,2026-09-28 00:30:01,2026-09-28 00:26:15,45,226.0,2474.0,42,Running,
1,f3174e13-e709-402b-add2-931f7ae284ff,2026-09-28T00:30:01.412+00:00,2026-09-28T00:30:01.653+00:00,21072-30059,dryers,50170060,42000000,2026-09-28 00:30:01,2026-09-28 00:20:53,45,548.0,2152.0,36,Running,
1,f3174e13-e709-402b-add2-931f7ae284ff,2026-09-28T00:30:01.412+00:00,2026-09-28T00:30:01.653+00:00,21072-30059,dryers,50170087,42000000,2026-09-28 00:30:01,2026-09-28 00:20:04,45,597.0,2103.0,36,Running,
1,f3174e13-e709-402b-add2-931f7ae284ff,2026-09-28T00:30:01.412+00:00,2026-09-28T00:30:01.653+00:00,21072-30059,dryers,50170064,72000000,2026-09-28 00:30:01,2026-09-27 23:01:59,46,5282.0,-2522.0,,Available,website maps this code to Available
1,f3174e13-e709-402b-add2-931f7ae284ff,2026-09-28T00:30:01.412+00:00,2026-09-28T00:30:01.653+00:00,21072-30059,dryers,50170065,42000000,2026-09-28 00:30:01,2026-09-28 00:29:00,46,61.0,2699.0,45,Running,
1,f3174e13-e709-402b-add2-931f7ae284ff,2026-09-28T00:30:01.412+00:00,2026-09-28T00:30:01.653+00:00,21072-30059,dryers,50170059,72000000,2026-09-28 00:30:01,2026-09-27 22:41:42,46,6499.0,-3739.0,,Available,website maps this code to Available
1,f3174e13-e709-402b-add2-931f7ae284ff,2026-09-28T00:30:01.412+00:00,2026-09-28T00:30:01.653+00:00,21072-30059,dryers,50170057,72000000,2026-09-28 00:30:01,2026-09-27 22:41:28,46,6513.0,-3753.0,,Available,website maps this code to Available
1,f3174e13-e709-402b-add2-931f7ae284ff,2026-09-28T00:30:01.412+00:00,2026-09-28T00:30:01.653+00:00,21072-30059,dryers,50170062,72000000,2026-09-28 00:30:01,2026-09-27 07:03:28,46,62793.0,-60033.0,,Available,website maps this code to Available
1,f3174e13-e709-402b-add2-931f7ae284ff,2026-09-28T00:30:01.412+00:00,2026-09-28T00:30:01.653+00:00,21072-30059,dryers,50170067,72000000,2026-09-28 00:30:01,2026-09-27 22:42:28,46,6453.0,-3693.0,,Available,website maps this code to Available
1,f3174e13-e709-402b-add2-931f7ae284ff,2026-09-28T00:30:01.412+00:00,2026-09-28T00:30:01.653+00:00,21072-30059,dryers,50170074,42000000,2026-09-28 00:30:01,2026-09-27 23:48:57,53,2464.0,716.0,12,Running,
1,f3174e13-e709-402b-add2-931f7ae284ff,2026-09-28T00:30:01.412+00:00,2026-09-28T00:30:01.653+00:00,21072-30059,dryers,50170071,72000000,2026-09-28 00:30:01,2026-09-27 22:41:47,46,6494.0,-3734.0,,Available,website maps this code to Available
1,f3174e13-e709-402b-add2-931f7ae284ff,2026-09-28T00:30:01.412+00:00,2026-09-28T00:30:01.653+00:00,21072-30059,dryers,50170054,72000000,2026-09-28 00:30:01,2026-09-27 22:42:01,46,6480.0,-3720.0,,Available,website maps this code to Available
1,e4266309-c88f-4b96-9dc6-63613c598736,2026-09-28T00:31:01.281+00:00,2026-09-28T00:31:01.479+00:00,21072-30059,washers,50170051,52000000,2026-09-28 00:31:01,2026-09-27 22:40:14,29,6647.0,-4907.0,,Available,website fallback: report over 1 hour old
1,e4266309-c88f-4b96-9dc6-63613c598736,2026-09-28T00:31:01.281+00:00,2026-09-28T00:31:01.479+00:00,21072-30059,washers,50170080,72000000,2026-09-28 00:31:01,2026-09-28 00:26:38,29,263.0,1477.0,,Available,website maps this code to Available
1,e4266309-c88f-4b96-9dc6-63613c598736,2026-09-28T00:31:01.281+00:00,2026-09-28T00:31:01.479+00:00,21072-30059,washers,50170075,72000000,2026-09-28 00:31:01,2026-09-28 00:25:28,29,333.0,1407.0,,Available,website maps this code to Available
1,e4266309-c88f-4b96-9dc6-63613c598736,2026-09-28T00:31:01.281+00:00,2026-09-28T00:31:01.479+00:00,21072-30059,washers,50170082,72000000,2026-09-28 00:31:01,2026-09-28 00:14:48,29,973.0,767.0,,Available,website maps this code to Available
1,e4266309-c88f-4b96-9dc6-63613c598736,2026-09-28T00:31:01.281+00:00,2026-09-28T00:31:01.479+00:00,21072-30059,washers,50170050,42000000,2026-09-28 00:31:01,2026-09-28 00:13:34,28,1047.0,633.0,11,Running,
1,e4266309-c88f-4b96-9dc6-63613c598736,2026-09-28T00:31:01.281+00:00,2026-09-28T00:31:01.479+00:00,21072-30059,washers,50170052,52000000,2026-09-28 00:31:01,2026-09-27 23:55:32,29,2129.0,-389.0,,Finished,
1,e4266309-c88f-4b96-9dc6-63613c598736,2026-09-28T00:31:01.281+00:00,2026-09-28T00:31:01.479+00:00,21072-30059,washers,50170078,52000000,2026-09-28 00:31:01,2026-09-27 23:51:55,29,2346.0,-606.0,,Finished,
1,e4266309-c88f-4b96-9dc6-63613c598736,2026-09-28T00:31:01.281+00:00,2026-09-28T00:31:01.479+00:00,21072-30059,washers,50170084,72000000,2026-09-28 00:31:01,2026-09-28 00:29:34,29,87.0,1653.0,,Available,website maps this code to Available
1,e4266309-c88f-4b96-9dc6-63613c598736,2026-09-28T00:31:01.281+00:00,2026-09-28T00:31:01.479+00:00,21072-30059,washers,50170068,52000000,2026-09-28 00:31:01,2026-09-27 22:12:30,29,8311.0,-6571.0,,Available,website fallback: report over 1 hour old
1,e4266309-c88f-4b96-9dc6-63613c598736,2026-09-28T00:31:01.281+00:00,2026-09-28T00:31:01.479+00:00,21072-30059,washers,50170072,72000000,2026-09-28 00:31:01,2026-09-27 23:01:12,29,5389.0,-3649.0,,Available,website maps this code to Available
1,e4266309-c88f-4b96-9dc6-63613c598736,2026-09-28T00:31:01.281+00:00,2026-09-28T00:31:01.479+00:00,21072-30059,washers,20483408,72000000,2026-09-28 00:31:01,2024-12-20 00:43:32,0,55900049.0,-55900049.0,,Available,website maps this code to Available
1,e4266309-c88f-4b96-9dc6-63613c598736,2026-09-28T00:31:01.281+00:00,2026-09-28T00:31:01.479+00:00,21072-30059,washers,50170055,72000000,2026-09-28 00:31:01,2026-09-27 23:45:55,29,2706.0,-966.0,,Available,website maps this code to Available
1,e4266309-c88f-4b96-9dc6-63613c598736,2026-09-28T00:31:01.281+00:00,2026-09-28T00:31:01.479+00:00,21072-30059,dryers,50170058,D2000000,2026-09-28 00:31:01,2026-09-26 17:53:29,45,110252.0,-107552.0,,Start Mode After PF,
1,e4266309-c88f-4b96-9dc6-63613c598736,2026-09-28T00:31:01.281+00:00,2026-09-28T00:31:01.479+00:00,21072-30059,dryers,50170061,42000000,2026-09-28 00:31:01,2026-09-28 00:26:39,45,262.0,2438.0,41,Running,
1,e4266309-c88f-4b96-9dc6-63613c598736,2026-09-28T00:31:01.281+00:00,2026-09-28T00:31:01.479+00:00,21072-30059,dryers,50170081,42000000,2026-09-28 00:31:01,2026-09-28 00:26:15,45,286.0,2414.0,41,Running,
1,e4266309-c88f-4b96-9dc6-63613c598736,2026-09-28T00:31:01.281+00:00,2026-09-28T00:31:01.479+00:00,21072-30059,dryers,50170060,42000000,2026-09-28 00:31:01,2026-09-28 00:20:53,45,608.0,2092.0,35,Running,
1,e4266309-c88f-4b96-9dc6-63613c598736,2026-09-28T00:31:01.281+00:00,2026-09-28T00:31:01.479+00:00,21072-30059,dryers,50170087,42000000,2026-09-28 00:31:01,2026-09-28 00:20:04,45,657.0,2043.0,35,Running,
1,e4266309-c88f-4b96-9dc6-63613c598736,2026-09-28T00:31:01.281+00:00,2026-09-28T00:31:01.479+00:00,21072-30059,dryers,50170064,72000000,2026-09-28 00:31:01,2026-09-27 23:01:59,46,5342.0,-2582.0,,Available,website maps this code to Available
1,e4266309-c88f-4b96-9dc6-63613c598736,2026-09-28T00:31:01.281+00:00,2026-09-28T00:31:01.479+00:00,21072-30059,dryers,50170065,42000000,2026-09-28 00:31:01,2026-09-28 00:29:00,46,121.0,2639.0,44,Running,
1,e4266309-c88f-4b96-9dc6-63613c598736,2026-09-28T00:31:01.281+00:00,2026-09-28T00:31:01.479+00:00,21072-30059,dryers,50170059,72000000,2026-09-28 00:31:01,2026-09-27 22:41:42,46,6559.0,-3799.0,,Available,website maps this code to Available
1,e4266309-c88f-4b96-9dc6-63613c598736,2026-09-28T00:31:01.281+00:00,2026-09-28T00:31:01.479+00:00,21072-30059,dryers,50170057,42000000,2026-09-28 00:31:01,2026-09-28 00:30:58,45,3.0,2697.0,45,Running,
1,e4266309-c88f-4b96-9dc6-63613c598736,2026-09-28T00:31:01.281+00:00,2026-09-28T00:31:01.479+00:00,21072-30059,dryers,50170062,72000000,2026-09-28 00:31:01,2026-09-27 07:03:28,46,62853.0,-60093.0,,Available,website maps this code to Available
1,e4266309-c88f-4b96-9dc6-63613c598736,2026-09-28T00:31:01.281+00:00,2026-09-28T00:31:01.479+00:00,21072-30059,dryers,50170067,72000000,2026-09-28 00:31:01,2026-09-27 22:42:28,46,6513.0,-3753.0,,Available,website maps this code to Available
1,e4266309-c88f-4b96-9dc6-63613c598736,2026-09-28T00:31:01.281+00:00,2026-09-28T00:31:01.479+00:00,21072-30059,dryers,50170074,42000000,2026-09-28 00:31:01,2026-09-27 23:48:57,53,2524.0,656.0,11,Running,
1,e4266309-c88f-4b96-9dc6-63613c598736,2026-09-28T00:31:01.281+00:00,2026-09-28T00:31:01.479+00:00,21072-30059,dryers,50170071,72000000,2026-09-28 00:31:01,2026-09-27 22:41:47,46,6554.0,-3794.0,,Available,website maps this code to Available
1,e4266309-c88f-4b96-9dc6-63613c598736,2026-09-28T00:31:01.281+00:00,2026-09-28T00:31:01.479+00:00,21072-30059,dryers,50170054,72000000,2026-09-28 00:31:01,2026-09-27 22:42:01,46,6540.0,-3780.0,,Available,website maps this code to Available
1,fba85514-18f0-41a7-881c-d9f97c2b27b2,2026-09-28T00:32:01.320+00:00,2026-09-28T00:32:01.525+00:00,21072-30059,washers,50170051,52000000,2026-09-28 00:32:01,2026-09-27 22:40:14,29,6707.0,-4967.0,,Available,website fallback: report over 1 hour old
1,fba85514-18f0-41a7-881c-d9f97c2b27b2,2026-09-28T00:32:01.320+00:00,2026-09-28T00:32:01.525+00:00,21072-30059,washers,50170080,72000000,2026-09-28 00:32:01,2026-09-28 00:26:38,29,323.0,1417.0,,Available,website maps this code to Available
1,fba85514-18f0-41a7-881c-d9f97c2b27b2,2026-09-28T00:32:01.320+00:00,2026-09-28T00:32:01.525+00:00,21072-30059,washers,50170075,72000000,2026-09-28 00:32:01,2026-09-28 00:25:28,29,393.0,1347.0,,Available,website maps this code to Available
1,fba85514-18f0-41a7-881c-d9f97c2b27b2,2026-09-28T00:32:01.320+00:00,2026-09-28T00:32:01.525+00:00,21072-30059,washers,50170082,72000000,2026-09-28 00:32:01,2026-09-28 00:14:48,29,1033.0,707.0,,Available,website maps this code to Available
1,fba85514-18f0-41a7-881c-d9f97c2b27b2,2026-09-28T00:32:01.320+00:00,2026-09-28T00:32:01.525+00:00,21072-30059,washers,50170050,42000000,2026-09-28 00:32:01,2026-09-28 00:13:34,28,1107.0,573.0,10,Running,
1,fba85514-18f0-41a7-881c-d9f97c2b27b2,2026-09-28T00:32:01.320+00:00,2026-09-28T00:32:01.525+00:00,21072-30059,washers,50170052,72000000,2026-09-28 00:32:01,2026-09-28 00:32:00,29,1.0,1739.0,,Available,website maps this code to Available
1,fba85514-18f0-41a7-881c-d9f97c2b27b2,2026-09-28T00:32:01.320+00:00,2026-09-28T00:32:01.525+00:00,21072-30059,washers,50170078,72000000,2026-09-28 00:32:01,2026-09-28 00:31:25,29,36.0,1704.0,,Available,website maps this code to Available
1,fba85514-18f0-41a7-881c-d9f97c2b27b2,2026-09-28T00:32:01.320+00:00,2026-09-28T00:32:01.525+00:00,21072-30059,washers,50170084,72000000,2026-09-28 00:32:01,2026-09-28 00:29:34,29,147.0,1593.0,,Available,website maps this code to Available
1,fba85514-18f0-41a7-881c-d9f97c2b27b2,2026-09-28T00:32:01.320+00:00,2026-09-28T00:32:01.525+00:00,21072-30059,washers,50170068,52000000,2026-09-28 00:32:01,2026-09-27 22:12:30,29,8371.0,-6631.0,,Available,website fallback: report over 1 hour old
1,fba85514-18f0-41a7-881c-d9f97c2b27b2,2026-09-28T00:32:01.320+00:00,2026-09-28T00:32:01.525+00:00,21072-30059,washers,50170072,72000000,2026-09-28 00:32:01,2026-09-27 23:01:12,29,5449.0,-3709.0,,Available,website maps this code to Available
1,fba85514-18f0-41a7-881c-d9f97c2b27b2,2026-09-28T00:32:01.320+00:00,2026-09-28T00:32:01.525+00:00,21072-30059,washers,20483408,72000000,2026-09-28 00:32:01,2024-12-20 00:43:32,0,55900109.0,-55900109.0,,Available,website maps this code to Available
1,fba85514-18f0-41a7-881c-d9f97c2b27b2,2026-09-28T00:32:01.320+00:00,2026-09-28T00:32:01.525+00:00,21072-30059,washers,50170055,72000000,2026-09-28 00:32:01,2026-09-27 23:45:55,29,2766.0,-1026.0,,Available,website maps this code to Available
1,fba85514-18f0-41a7-881c-d9f97c2b27b2,2026-09-28T00:32:01.320+00:00,2026-09-28T00:32:01.525+00:00,21072-30059,dryers,50170058,D2000000,2026-09-28 00:32:01,2026-09-26 17:53:29,45,110312.0,-107612.0,,Start Mode After PF,
1,fba85514-18f0-41a7-881c-d9f97c2b27b2,2026-09-28T00:32:01.320+00:00,2026-09-28T00:32:01.525+00:00,21072-30059,dryers,50170061,42000000,2026-09-28 00:32:01,2026-09-28 00:26:39,45,322.0,2378.0,40,Running,
1,fba85514-18f0-41a7-881c-d9f97c2b27b2,2026-09-28T00:32:01.320+00:00,2026-09-28T00:32:01.525+00:00,21072-30059,dryers,50170081,42000000,2026-09-28 00:32:01,2026-09-28 00:26:15,45,346.0,2354.0,40,Running,
1,fba85514-18f0-41a7-881c-d9f97c2b27b2,2026-09-28T00:32:01.320+00:00,2026-09-28T00:32:01.525+00:00,21072-30059,dryers,50170060,42000000,2026-09-28 00:32:01,2026-09-28 00:20:53,45,668.0,2032.0,34,Running,
1,fba85514-18f0-41a7-881c-d9f97c2b27b2,2026-09-28T00:32:01.320+00:00,2026-09-28T00:32:01.525+00:00,21072-30059,dryers,50170087,42000000,2026-09-28 00:32:01,2026-09-28 00:20:04,45,717.0,1983.0,34,Running,
1,fba85514-18f0-41a7-881c-d9f97c2b27b2,2026-09-28T00:32:01.320+00:00,2026-09-28T00:32:01.525+00:00,21072-30059,dryers,50170064,72000000,2026-09-28 00:32:01,2026-09-27 23:01:59,46,5402.0,-2642.0,,Available,website maps this code to Available
1,fba85514-18f0-41a7-881c-d9f97c2b27b2,2026-09-28T00:32:01.320+00:00,2026-09-28T00:32:01.525+00:00,21072-30059,dryers,50170065,42000000,2026-09-28 00:32:01,2026-09-28 00:29:00,46,181.0,2579.0,43,Running,
1,fba85514-18f0-41a7-881c-d9f97c2b27b2,2026-09-28T00:32:01.320+00:00,2026-09-28T00:32:01.525+00:00,21072-30059,dryers,50170059,42000000,2026-09-28 00:32:01,2026-09-28 00:31:11,45,50.0,2650.0,45,Running,
1,fba85514-18f0-41a7-881c-d9f97c2b27b2,2026-09-28T00:32:01.320+00:00,2026-09-28T00:32:01.525+00:00,21072-30059,dryers,50170057,42000000,2026-09-28 00:32:01,2026-09-28 00:30:58,45,63.0,2637.0,44,Running,
1,fba85514-18f0-41a7-881c-d9f97c2b27b2,2026-09-28T00:32:01.320+00:00,2026-09-28T00:32:01.525+00:00,21072-30059,dryers,50170062,72000000,2026-09-28 00:32:01,2026-09-27 07:03:28,46,62913.0,-60153.0,,Available,website maps this code to Available
1,fba85514-18f0-41a7-881c-d9f97c2b27b2,2026-09-28T00:32:01.320+00:00,2026-09-28T00:32:01.525+00:00,21072-30059,dryers,50170067,72000000,2026-09-28 00:32:01,2026-09-27 22:42:28,46,6573.0,-3813.0,,Available,website maps this code to Available
1,fba85514-18f0-41a7-881c-d9f97c2b27b2,2026-09-28T00:32:01.320+00:00,2026-09-28T00:32:01.525+00:00,21072-30059,dryers,50170074,42000000,2026-09-28 00:32:01,2026-09-28 00:31:32,10,29.0,571.0,10,Running,
1,fba85514-18f0-41a7-881c-d9f97c2b27b2,2026-09-28T00:32:01.320+00:00,2026-09-28T00:32:01.525+00:00,21072-30059,dryers,50170071,72000000,2026-09-28 00:32:01,2026-09-27 22:41:47,46,6614.0,-3854.0,,Available,website maps this code to Available
1,fba85514-18f0-41a7-881c-d9f97c2b27b2,2026-09-28T00:32:01.320+00:00,2026-09-28T00:32:01.525+00:00,21072-30059,dryers,50170054,72000000,2026-09-28 00:32:01,2026-09-27 22:42:01,46,6600.0,-3840.0,,Available,website maps this code to Available
1,ea05b022-e6e1-42a0-9f0e-4c5cda43411d,2026-09-28T00:33:01.263+00:00,2026-09-28T00:33:01.471+00:00,21072-30059,washers,50170051,52000000,2026-09-28 00:33:01,2026-09-27 22:40:14,29,6767.0,-5027.0,,Available,website fallback: report over 1 hour old
1,ea05b022-e6e1-42a0-9f0e-4c5cda43411d,2026-09-28T00:33:01.263+00:00,2026-09-28T00:33:01.471+00:00,21072-30059,washers,50170080,72000000,2026-09-28 00:33:01,2026-09-28 00:26:38,29,383.0,1357.0,,Available,website maps this code to Available
1,ea05b022-e6e1-42a0-9f0e-4c5cda43411d,2026-09-28T00:33:01.263+00:00,2026-09-28T00:33:01.471+00:00,21072-30059,washers,50170075,72000000,2026-09-28 00:33:01,2026-09-28 00:25:28,29,453.0,1287.0,,Available,website maps this code to Available
1,ea05b022-e6e1-42a0-9f0e-4c5cda43411d,2026-09-28T00:33:01.263+00:00,2026-09-28T00:33:01.471+00:00,21072-30059,washers,50170082,72000000,2026-09-28 00:33:01,2026-09-28 00:14:48,29,1093.0,647.0,,Available,website maps this code to Available
1,ea05b022-e6e1-42a0-9f0e-4c5cda43411d,2026-09-28T00:33:01.263+00:00,2026-09-28T00:33:01.471+00:00,21072-30059,washers,50170050,42000000,2026-09-28 00:33:01,2026-09-28 00:13:34,28,1167.0,513.0,9,Running,
1,ea05b022-e6e1-42a0-9f0e-4c5cda43411d,2026-09-28T00:33:01.263+00:00,2026-09-28T00:33:01.471+00:00,21072-30059,washers,50170052,72000000,2026-09-28 00:33:01,2026-09-28 00:32:00,29,61.0,1679.0,,Available,website maps this code to Available
1,ea05b022-e6e1-42a0-9f0e-4c5cda43411d,2026-09-28T00:33:01.263+00:00,2026-09-28T00:33:01.471+00:00,21072-30059,washers,50170078,72000000,2026-09-28 00:33:01,2026-09-28 00:31:25,29,96.0,1644.0,,Available,website maps this code to Available
1,ea05b022-e6e1-42a0-9f0e-4c5cda43411d,2026-09-28T00:33:01.263+00:00,2026-09-28T00:33:01.471+00:00,21072-30059,washers,50170084,72000000,2026-09-28 00:33:01,2026-09-28 00:29:34,29,207.0,1533.0,,Available,website maps this code to Available
1,ea05b022-e6e1-42a0-9f0e-4c5cda43411d,2026-09-28T00:33:01.263+00:00,2026-09-28T00:33:01.471+00:00,21072-30059,washers,50170068,52000000,2026-09-28 00:33:01,2026-09-27 22:12:30,29,8431.0,-6691.0,,Available,website fallback: report over 1 hour old
1,ea05b022-e6e1-42a0-9f0e-4c5cda43411d,2026-09-28T00:33:01.263+00:00,2026-09-28T00:33:01.471+00:00,21072-30059,washers,50170072,72000000,2026-09-28 00:33:01,2026-09-27 23:01:12,29,5509.0,-3769.0,,Available,website maps this code to Available
1,ea05b022-e6e1-42a0-9f0e-4c5cda43411d,2026-09-28T00:33:01.263+00:00,2026-09-28T00:33:01.471+00:00,21072-30059,washers,20483408,72000000,2026-09-28 00:33:01,2024-12-20 00:43:32,0,55900169.0,-55900169.0,,Available,website maps this code to Available
1,ea05b022-e6e1-42a0-9f0e-4c5cda43411d,2026-09-28T00:33:01.263+00:00,2026-09-28T00:33:01.471+00:00,21072-30059,washers,50170055,72000000,2026-09-28 00:33:01,2026-09-27 23:45:55,29,2826.0,-1086.0,,Available,website maps this code to Available
1,ea05b022-e6e1-42a0-9f0e-4c5cda43411d,2026-09-28T00:33:01.263+00:00,2026-09-28T00:33:01.471+00:00,21072-30059,dryers,50170058,D2000000,2026-09-28 00:33:01,2026-09-26 17:53:29,45,110372.0,-107672.0,,Start Mode After PF,
1,ea05b022-e6e1-42a0-9f0e-4c5cda43411d,2026-09-28T00:33:01.263+00:00,2026-09-28T00:33:01.471+00:00,21072-30059,dryers,50170061,42000000,2026-09-28 00:33:01,2026-09-28 00:26:39,45,382.0,2318.0,39,Running,
1,ea05b022-e6e1-42a0-9f0e-4c5cda43411d,2026-09-28T00:33:01.263+00:00,2026-09-28T00:33:01.471+00:00,21072-30059,dryers,50170081,42000000,2026-09-28 00:33:01,2026-09-28 00:26:15,45,406.0,2294.0,39,Running,
1,ea05b022-e6e1-42a0-9f0e-4c5cda43411d,2026-09-28T00:33:01.263+00:00,2026-09-28T00:33:01.471+00:00,21072-30059,dryers,50170060,42000000,2026-09-28 00:33:01,2026-09-28 00:20:53,45,728.0,1972.0,33,Running,
1,ea05b022-e6e1-42a0-9f0e-4c5cda43411d,2026-09-28T00:33:01.263+00:00,2026-09-28T00:33:01.471+00:00,21072-30059,dryers,50170087,42000000,2026-09-28 00:33:01,2026-09-28 00:20:04,45,777.0,1923.0,33,Running,
1,ea05b022-e6e1-42a0-9f0e-4c5cda43411d,2026-09-28T00:33:01.263+00:00,2026-09-28T00:33:01.471+00:00,21072-30059,dryers,50170064,72000000,2026-09-28 00:33:01,2026-09-27 23:01:59,46,5462.0,-2702.0,,Available,website maps this code to Available
1,ea05b022-e6e1-42a0-9f0e-4c5cda43411d,2026-09-28T00:33:01.263+00:00,2026-09-28T00:33:01.471+00:00,21072-30059,dryers,50170065,42000000,2026-09-28 00:33:01,2026-09-28 00:29:00,46,241.0,2519.0,42,Running,
1,ea05b022-e6e1-42a0-9f0e-4c5cda43411d,2026-09-28T00:33:01.263+00:00,2026-09-28T00:33:01.471+00:00,21072-30059,dryers,50170059,42000000,2026-09-28 00:33:01,2026-09-28 00:31:11,45,110.0,2590.0,44,Running,
1,ea05b022-e6e1-42a0-9f0e-4c5cda43411d,2026-09-28T00:33:01.263+00:00,2026-09-28T00:33:01.471+00:00,21072-30059,dryers,50170057,42000000,2026-09-28 00:33:01,2026-09-28 00:30:58,45,123.0,2577.0,43,Running,
1,ea05b022-e6e1-42a0-9f0e-4c5cda43411d,2026-09-28T00:33:01.263+00:00,2026-09-28T00:33:01.471+00:00,21072-30059,dryers,50170062,72000000,2026-09-28 00:33:01,2026-09-27 07:03:28,46,62973.0,-60213.0,,Available,website maps this code to Available
1,ea05b022-e6e1-42a0-9f0e-4c5cda43411d,2026-09-28T00:33:01.263+00:00,2026-09-28T00:33:01.471+00:00,21072-30059,dryers,50170067,42000000,2026-09-28 00:33:01,2026-09-28 00:32:57,45,4.0,2696.0,45,Running,
1,ea05b022-e6e1-42a0-9f0e-4c5cda43411d,2026-09-28T00:33:01.263+00:00,2026-09-28T00:33:01.471+00:00,21072-30059,dryers,50170074,42000000,2026-09-28 00:33:01,2026-09-28 00:31:32,10,89.0,511.0,9,Running,
1,ea05b022-e6e1-42a0-9f0e-4c5cda43411d,2026-09-28T00:33:01.263+00:00,2026-09-28T00:33:01.471+00:00,21072-30059,dryers,50170071,72000000,2026-09-28 00:33:01,2026-09-27 22:41:47,46,6674.0,-3914.0,,Available,website maps this code to Available
1,ea05b022-e6e1-42a0-9f0e-4c5cda43411d,2026-09-28T00:33:01.263+00:00,2026-09-28T00:33:01.471+00:00,21072-30059,dryers,50170054,72000000,2026-09-28 00:33:01,2026-09-27 22:42:01,46,6660.0,-3900.0,,Available,website maps this code to Available
1,19881a9a-0356-4d31-be49-2feacde2e463,2026-09-28T00:34:01.303+00:00,2026-09-28T00:34:01.494+00:00,21072-30059,washers,50170051,52000000,2026-09-28 00:34:01,2026-09-27 22:40:14,29,6827.0,-5087.0,,Available,website fallback: report over 1 hour old
1,19881a9a-0356-4d31-be49-2feacde2e463,2026-09-28T00:34:01.303+00:00,2026-09-28T00:34:01.494+00:00,21072-30059,washers,50170080,72000000,2026-09-28 00:34:01,2026-09-28 00:26:38,29,443.0,1297.0,,Available,website maps this code to Available
1,19881a9a-0356-4d31-be49-2feacde2e463,2026-09-28T00:34:01.303+00:00,2026-09-28T00:34:01.494+00:00,21072-30059,washers,50170075,72000000,2026-09-28 00:34:01,2026-09-28 00:25:28,29,513.0,1227.0,,Available,website maps this code to Available
1,19881a9a-0356-4d31-be49-2feacde2e463,2026-09-28T00:34:01.303+00:00,2026-09-28T00:34:01.494+00:00,21072-30059,washers,50170082,72000000,2026-09-28 00:34:01,2026-09-28 00:14:48,29,1153.0,587.0,,Available,website maps this code to Available
1,19881a9a-0356-4d31-be49-2feacde2e463,2026-09-28T00:34:01.303+00:00,2026-09-28T00:34:01.494+00:00,21072-30059,washers,50170050,42000000,2026-09-28 00:34:01,2026-09-28 00:13:34,28,1227.0,453.0,8,Running,
1,19881a9a-0356-4d31-be49-2feacde2e463,2026-09-28T00:34:01.303+00:00,2026-09-28T00:34:01.494+00:00,21072-30059,washers,50170052,72000000,2026-09-28 00:34:01,2026-09-28 00:32:00,29,121.0,1619.0,,Available,website maps this code to Available
1,19881a9a-0356-4d31-be49-2feacde2e463,2026-09-28T00:34:01.303+00:00,2026-09-28T00:34:01.494+00:00,21072-30059,washers,50170078,72000000,2026-09-28 00:34:01,2026-09-28 00:31:25,29,156.0,1584.0,,Available,website maps this code to Available
1,19881a9a-0356-4d31-be49-2feacde2e463,2026-09-28T00:34:01.303+00:00,2026-09-28T00:34:01.494+00:00,21072-30059,washers,50170084,72000000,2026-09-28 00:34:01,2026-09-28 00:29:34,29,267.0,1473.0,,Available,website maps this code to Available
1,19881a9a-0356-4d31-be49-2feacde2e463,2026-09-28T00:34:01.303+00:00,2026-09-28T00:34:01.494+00:00,21072-30059,washers,50170068,52000000,2026-09-28 00:34:01,2026-09-27 22:12:30,29,8491.0,-6751.0,,Available,website fallback: report over 1 hour old
1,19881a9a-0356-4d31-be49-2feacde2e463,2026-09-28T00:34:01.303+00:00,2026-09-28T00:34:01.494+00:00,21072-30059,washers,50170072,72000000,2026-09-28 00:34:01,2026-09-27 23:01:12,29,5569.0,-3829.0,,Available,website maps this code to Available
1,19881a9a-0356-4d31-be49-2feacde2e463,2026-09-28T00:34:01.303+00:00,2026-09-28T00:34:01.494+00:00,21072-30059,washers,20483408,72000000,2026-09-28 00:34:01,2024-12-20 00:43:32,0,55900229.0,-55900229.0,,Available,website maps this code to Available
1,19881a9a-0356-4d31-be49-2feacde2e463,2026-09-28T00:34:01.303+00:00,2026-09-28T00:34:01.494+00:00,21072-30059,washers,50170055,72000000,2026-09-28 00:34:01,2026-09-27 23:45:55,29,2886.0,-1146.0,,Available,website maps this code to Available
1,19881a9a-0356-4d31-be49-2feacde2e463,2026-09-28T00:34:01.303+00:00,2026-09-28T00:34:01.494+00:00,21072-30059,dryers,50170058,D2000000,2026-09-28 00:34:01,2026-09-26 17:53:29,45,110432.0,-107732.0,,Start Mode After PF,
1,19881a9a-0356-4d31-be49-2feacde2e463,2026-09-28T00:34:01.303+00:00,2026-09-28T00:34:01.494+00:00,21072-30059,dryers,50170061,42000000,2026-09-28 00:34:01,2026-09-28 00:26:39,45,442.0,2258.0,38,Running,
1,19881a9a-0356-4d31-be49-2feacde2e463,2026-09-28T00:34:01.303+00:00,2026-09-28T00:34:01.494+00:00,21072-30059,dryers,50170081,42000000,2026-09-28 00:34:01,2026-09-28 00:26:15,45,466.0,2234.0,38,Running,
1,19881a9a-0356-4d31-be49-2feacde2e463,2026-09-28T00:34:01.303+00:00,2026-09-28T00:34:01.494+00:00,21072-30059,dryers,50170060,42000000,2026-09-28 00:34:01,2026-09-28 00:20:53,45,788.0,1912.0,32,Running,
1,19881a9a-0356-4d31-be49-2feacde2e463,2026-09-28T00:34:01.303+00:00,2026-09-28T00:34:01.494+00:00,21072-30059,dryers,50170087,42000000,2026-09-28 00:34:01,2026-09-28 00:20:04,45,837.0,1863.0,32,Running,
1,19881a9a-0356-4d31-be49-2feacde2e463,2026-09-28T00:34:01.303+00:00,2026-09-28T00:34:01.494+00:00,21072-30059,dryers,50170064,72000000,2026-09-28 00:34:01,2026-09-27 23:01:59,46,5522.0,-2762.0,,Available,website maps this code to Available
1,19881a9a-0356-4d31-be49-2feacde2e463,2026-09-28T00:34:01.303+00:00,2026-09-28T00:34:01.494+00:00,21072-30059,dryers,50170065,42000000,2026-09-28 00:34:01,2026-09-28 00:29:00,46,301.0,2459.0,41,Running,
1,19881a9a-0356-4d31-be49-2feacde2e463,2026-09-28T00:34:01.303+00:00,2026-09-28T00:34:01.494+00:00,21072-30059,dryers,50170059,42000000,2026-09-28 00:34:01,2026-09-28 00:31:11,45,170.0,2530.0,43,Running,
1,19881a9a-0356-4d31-be49-2feacde2e463,2026-09-28T00:34:01.303+00:00,2026-09-28T00:34:01.494+00:00,21072-30059,dryers,50170057,42000000,2026-09-28 00:34:01,2026-09-28 00:30:58,45,183.0,2517.0,42,Running,
1,19881a9a-0356-4d31-be49-2feacde2e463,2026-09-28T00:34:01.303+00:00,2026-09-28T00:34:01.494+00:00,21072-30059,dryers,50170062,72000000,2026-09-28 00:34:01,2026-09-27 07:03:28,46,63033.0,-60273.0,,Available,website maps this code to Available
1,19881a9a-0356-4d31-be49-2feacde2e463,2026-09-28T00:34:01.303+00:00,2026-09-28T00:34:01.494+00:00,21072-30059,dryers,50170067,42000000,2026-09-28 00:34:01,2026-09-28 00:32:57,45,64.0,2636.0,44,Running,
1,19881a9a-0356-4d31-be49-2feacde2e463,2026-09-28T00:34:01.303+00:00,2026-09-28T00:34:01.494+00:00,21072-30059,dryers,50170074,42000000,2026-09-28 00:34:01,2026-09-28 00:31:32,10,149.0,451.0,8,Running,
1,19881a9a-0356-4d31-be49-2feacde2e463,2026-09-28T00:34:01.303+00:00,2026-09-28T00:34:01.494+00:00,21072-30059,dryers,50170071,72000000,2026-09-28 00:34:01,2026-09-27 22:41:47,46,6734.0,-3974.0,,Available,website maps this code to Available
1,19881a9a-0356-4d31-be49-2feacde2e463,2026-09-28T00:34:01.303+00:00,2026-09-28T00:34:01.494+00:00,21072-30059,dryers,50170054,72000000,2026-09-28 00:34:01,2026-09-27 22:42:01,46,6720.0,-3960.0,,Available,website maps this code to Available
1,06365ffa-2648-45e7-880c-66c9e1f2f330,2026-09-28T00:35:01.270+00:00,2026-09-28T00:35:01.451+00:00,21072-30059,washers,50170051,52000000,2026-09-28 00:35:01,2026-09-27 22:40:14,29,6887.0,-5147.0,,Available,website fallback: report over 1 hour old
1,06365ffa-2648-45e7-880c-66c9e1f2f330,2026-09-28T00:35:01.270+00:00,2026-09-28T00:35:01.451+00:00,21072-30059,washers,50170080,72000000,2026-09-28 00:35:01,2026-09-28 00:26:38,29,503.0,1237.0,,Available,website maps this code to Available
1,06365ffa-2648-45e7-880c-66c9e1f2f330,2026-09-28T00:35:01.270+00:00,2026-09-28T00:35:01.451+00:00,21072-30059,washers,50170075,72000000,2026-09-28 00:35:01,2026-09-28 00:25:28,29,573.0,1167.0,,Available,website maps this code to Available
1,06365ffa-2648-45e7-880c-66c9e1f2f330,2026-09-28T00:35:01.270+00:00,2026-09-28T00:35:01.451+00:00,21072-30059,washers,50170082,72000000,2026-09-28 00:35:01,2026-09-28 00:14:48,29,1213.0,527.0,,Available,website maps this code to Available
1,06365ffa-2648-45e7-880c-66c9e1f2f330,2026-09-28T00:35:01.270+00:00,2026-09-28T00:35:01.451+00:00,21072-30059,washers,50170050,42000000,2026-09-28 00:35:01,2026-09-28 00:13:34,28,1287.0,393.0,7,Running,
1,06365ffa-2648-45e7-880c-66c9e1f2f330,2026-09-28T00:35:01.270+00:00,2026-09-28T00:35:01.451+00:00,21072-30059,washers,50170052,72000000,2026-09-28 00:35:01,2026-09-28 00:32:00,29,181.0,1559.0,,Available,website maps this code to Available
1,06365ffa-2648-45e7-880c-66c9e1f2f330,2026-09-28T00:35:01.270+00:00,2026-09-28T00:35:01.451+00:00,21072-30059,washers,50170078,72000000,2026-09-28 00:35:01,2026-09-28 00:31:25,29,216.0,1524.0,,Available,website maps this code to Available
1,06365ffa-2648-45e7-880c-66c9e1f2f330,2026-09-28T00:35:01.270+00:00,2026-09-28T00:35:01.451+00:00,21072-30059,washers,50170084,72000000,2026-09-28 00:35:01,2026-09-28 00:29:34,29,327.0,1413.0,,Available,website maps this code to Available
1,06365ffa-2648-45e7-880c-66c9e1f2f330,2026-09-28T00:35:01.270+00:00,2026-09-28T00:35:01.451+00:00,21072-30059,washers,50170068,52000000,2026-09-28 00:35:01,2026-09-27 22:12:30,29,8551.0,-6811.0,,Available,website fallback: report over 1 hour old
1,06365ffa-2648-45e7-880c-66c9e1f2f330,2026-09-28T00:35:01.270+00:00,2026-09-28T00:35:01.451+00:00,21072-30059,washers,50170072,72000000,2026-09-28 00:35:01,2026-09-27 23:01:12,29,5629.0,-3889.0,,Available,website maps this code to Available
1,06365ffa-2648-45e7-880c-66c9e1f2f330,2026-09-28T00:35:01.270+00:00,2026-09-28T00:35:01.451+00:00,21072-30059,washers,20483408,72000000,2026-09-28 00:35:01,2024-12-20 00:43:32,0,55900289.0,-55900289.0,,Available,website maps this code to Available
1,06365ffa-2648-45e7-880c-66c9e1f2f330,2026-09-28T00:35:01.270+00:00,2026-09-28T00:35:01.451+00:00,21072-30059,washers,50170055,72000000,2026-09-28 00:35:01,2026-09-27 23:45:55,29,2946.0,-1206.0,,Available,website maps this code to Available
1,06365ffa-2648-45e7-880c-66c9e1f2f330,2026-09-28T00:35:01.270+00:00,2026-09-28T00:35:01.451+00:00,21072-30059,dryers,50170058,D2000000,2026-09-28 00:35:01,2026-09-26 17:53:29,45,110492.0,-107792.0,,Start Mode After PF,
1,06365ffa-2648-45e7-880c-66c9e1f2f330,2026-09-28T00:35:01.270+00:00,2026-09-28T00:35:01.451+00:00,21072-30059,dryers,50170061,42000000,2026-09-28 00:35:01,2026-09-28 00:26:39,45,502.0,2198.0,37,Running,
1,06365ffa-2648-45e7-880c-66c9e1f2f330,2026-09-28T00:35:01.270+00:00,2026-09-28T00:35:01.451+00:00,21072-30059,dryers,50170081,42000000,2026-09-28 00:35:01,2026-09-28 00:26:15,45,526.0,2174.0,37,Running,
1,06365ffa-2648-45e7-880c-66c9e1f2f330,2026-09-28T00:35:01.270+00:00,2026-09-28T00:35:01.451+00:00,21072-30059,dryers,50170060,42000000,2026-09-28 00:35:01,2026-09-28 00:20:53,45,848.0,1852.0,31,Running,
1,06365ffa-2648-45e7-880c-66c9e1f2f330,2026-09-28T00:35:01.270+00:00,2026-09-28T00:35:01.451+00:00,21072-30059,dryers,50170087,42000000,2026-09-28 00:35:01,2026-09-28 00:20:04,45,897.0,1803.0,31,Running,
1,06365ffa-2648-45e7-880c-66c9e1f2f330,2026-09-28T00:35:01.270+00:00,2026-09-28T00:35:01.451+00:00,21072-30059,dryers,50170064,72000000,2026-09-28 00:35:01,2026-09-27 23:01:59,46,5582.0,-2822.0,,Available,website maps this code to Available
1,06365ffa-2648-45e7-880c-66c9e1f2f330,2026-09-28T00:35:01.270+00:00,2026-09-28T00:35:01.451+00:00,21072-30059,dryers,50170065,42000000,2026-09-28 00:35:01,2026-09-28 00:29:00,46,361.0,2399.0,40,Running,
1,06365ffa-2648-45e7-880c-66c9e1f2f330,2026-09-28T00:35:01.270+00:00,2026-09-28T00:35:01.451+00:00,21072-30059,dryers,50170059,42000000,2026-09-28 00:35:01,2026-09-28 00:31:11,45,230.0,2470.0,42,Running,
1,06365ffa-2648-45e7-880c-66c9e1f2f330,2026-09-28T00:35:01.270+00:00,2026-09-28T00:35:01.451+00:00,21072-30059,dryers,50170057,42000000,2026-09-28 00:35:01,2026-09-28 00:30:58,45,243.0,2457.0,41,Running,
1,06365ffa-2648-45e7-880c-66c9e1f2f330,2026-09-28T00:35:01.270+00:00,2026-09-28T00:35:01.451+00:00,21072-30059,dryers,50170062,72000000,2026-09-28 00:35:01,2026-09-27 07:03:28,46,63093.0,-60333.0,,Available,website maps this code to Available
1,06365ffa-2648-45e7-880c-66c9e1f2f330,2026-09-28T00:35:01.270+00:00,2026-09-28T00:35:01.451+00:00,21072-30059,dryers,50170067,42000000,2026-09-28 00:35:01,2026-09-28 00:32:57,45,124.0,2576.0,43,Running,
1,06365ffa-2648-45e7-880c-66c9e1f2f330,2026-09-28T00:35:01.270+00:00,2026-09-28T00:35:01.451+00:00,21072-30059,dryers,50170074,42000000,2026-09-28 00:35:01,2026-09-28 00:31:32,10,209.0,391.0,7,Running,
1,06365ffa-2648-45e7-880c-66c9e1f2f330,2026-09-28T00:35:01.270+00:00,2026-09-28T00:35:01.451+00:00,21072-30059,dryers,50170071,42000000,2026-09-28 00:35:01,2026-09-28 00:34:18,45,43.0,2657.0,45,Running,
1,06365ffa-2648-45e7-880c-66c9e1f2f330,2026-09-28T00:35:01.270+00:00,2026-09-28T00:35:01.451+00:00,21072-30059,dryers,50170054,72000000,2026-09-28 00:35:01,2026-09-27 22:42:01,46,6780.0,-4020.0,,Available,website maps this code to Available
1,9be5945d-dd5d-43ec-afc5-0d73a2cc6a17,2026-09-28T00:36:01.301+00:00,2026-09-28T00:36:01.516+00:00,21072-30059,washers,50170051,52000000,2026-09-28 00:36:01,2026-09-27 22:40:14,29,6947.0,-5207.0,,Available,website fallback: report over 1 hour old
1,9be5945d-dd5d-43ec-afc5-0d73a2cc6a17,2026-09-28T00:36:01.301+00:00,2026-09-28T00:36:01.516+00:00,21072-30059,washers,50170080,72000000,2026-09-28 00:36:01,2026-09-28 00:26:38,29,563.0,1177.0,,Available,website maps this code to Available
1,9be5945d-dd5d-43ec-afc5-0d73a2cc6a17,2026-09-28T00:36:01.301+00:00,2026-09-28T00:36:01.516+00:00,21072-30059,washers,50170075,72000000,2026-09-28 00:36:01,2026-09-28 00:25:28,29,633.0,1107.0,,Available,website maps this code to Available
1,9be5945d-dd5d-43ec-afc5-0d73a2cc6a17,2026-09-28T00:36:01.301+00:00,2026-09-28T00:36:01.516+00:00,21072-30059,washers,50170082,72000000,2026-09-28 00:36:01,2026-09-28 00:14:48,29,1273.0,467.0,,Available,website maps this code to Available
1,9be5945d-dd5d-43ec-afc5-0d73a2cc6a17,2026-09-28T00:36:01.301+00:00,2026-09-28T00:36:01.516+00:00,21072-30059,washers,50170050,42000000,2026-09-28 00:36:01,2026-09-28 00:13:34,28,1347.0,333.0,6,Running,
1,9be5945d-dd5d-43ec-afc5-0d73a2cc6a17,2026-09-28T00:36:01.301+00:00,2026-09-28T00:36:01.516+00:00,21072-30059,washers,50170052,72000000,2026-09-28 00:36:01,2026-09-28 00:32:00,29,241.0,1499.0,,Available,website maps this code to Available
1,9be5945d-dd5d-43ec-afc5-0d73a2cc6a17,2026-09-28T00:36:01.301+00:00,2026-09-28T00:36:01.516+00:00,21072-30059,washers,50170078,72000000,2026-09-28 00:36:01,2026-09-28 00:31:25,29,276.0,1464.0,,Available,website maps this code to Available
1,9be5945d-dd5d-43ec-afc5-0d73a2cc6a17,2026-09-28T00:36:01.301+00:00,2026-09-28T00:36:01.516+00:00,21072-30059,washers,50170084,72000000,2026-09-28 00:36:01,2026-09-28 00:29:34,29,387.0,1353.0,,Available,website maps this code to Available
1,9be5945d-dd5d-43ec-afc5-0d73a2cc6a17,2026-09-28T00:36:01.301+00:00,2026-09-28T00:36:01.516+00:00,21072-30059,washers,50170068,52000000,2026-09-28 00:36:01,2026-09-27 22:12:30,29,8611.0,-6871.0,,Available,website fallback: report over 1 hour old
1,9be5945d-dd5d-43ec-afc5-0d73a2cc6a17,2026-09-28T00:36:01.301+00:00,2026-09-28T00:36:01.516+00:00,21072-30059,washers,50170072,72000000,2026-09-28 00:36:01,2026-09-27 23:01:12,29,5689.0,-3949.0,,Available,website maps this code to Available
1,9be5945d-dd5d-43ec-afc5-0d73a2cc6a17,2026-09-28T00:36:01.301+00:00,2026-09-28T00:36:01.516+00:00,21072-30059,washers,20483408,72000000,2026-09-28 00:36:01,2024-12-20 00:43:32,0,55900349.0,-55900349.0,,Available,website maps this code to Available
1,9be5945d-dd5d-43ec-afc5-0d73a2cc6a17,2026-09-28T00:36:01.301+00:00,2026-09-28T00:36:01.516+00:00,21072-30059,washers,50170055,72000000,2026-09-28 00:36:01,2026-09-27 23:45:55,29,3006.0,-1266.0,,Available,website maps this code to Available
1,9be5945d-dd5d-43ec-afc5-0d73a2cc6a17,2026-09-28T00:36:01.301+00:00,2026-09-28T00:36:01.516+00:00,21072-30059,dryers,50170058,D2000000,2026-09-28 00:36:01,2026-09-26 17:53:29,45,110552.0,-107852.0,,Start Mode After PF,
1,9be5945d-dd5d-43ec-afc5-0d73a2cc6a17,2026-09-28T00:36:01.301+00:00,2026-09-28T00:36:01.516+00:00,21072-30059,dryers,50170061,42000000,2026-09-28 00:36:01,2026-09-28 00:26:39,45,562.0,2138.0,36,Running,
1,9be5945d-dd5d-43ec-afc5-0d73a2cc6a17,2026-09-28T00:36:01.301+00:00,2026-09-28T00:36:01.516+00:00,21072-30059,dryers,50170081,42000000,2026-09-28 00:36:01,2026-09-28 00:26:15,45,586.0,2114.0,36,Running,
1,9be5945d-dd5d-43ec-afc5-0d73a2cc6a17,2026-09-28T00:36:01.301+00:00,2026-09-28T00:36:01.516+00:00,21072-30059,dryers,50170060,42000000,2026-09-28 00:36:01,2026-09-28 00:20:53,45,908.0,1792.0,30,Running,
1,9be5945d-dd5d-43ec-afc5-0d73a2cc6a17,2026-09-28T00:36:01.301+00:00,2026-09-28T00:36:01.516+00:00,21072-30059,dryers,50170087,42000000,2026-09-28 00:36:01,2026-09-28 00:20:04,45,957.0,1743.0,30,Running,
1,9be5945d-dd5d-43ec-afc5-0d73a2cc6a17,2026-09-28T00:36:01.301+00:00,2026-09-28T00:36:01.516+00:00,21072-30059,dryers,50170064,72000000,2026-09-28 00:36:01,2026-09-27 23:01:59,46,5642.0,-2882.0,,Available,website maps this code to Available
1,9be5945d-dd5d-43ec-afc5-0d73a2cc6a17,2026-09-28T00:36:01.301+00:00,2026-09-28T00:36:01.516+00:00,21072-30059,dryers,50170065,42000000,2026-09-28 00:36:01,2026-09-28 00:29:00,46,421.0,2339.0,39,Running,
1,9be5945d-dd5d-43ec-afc5-0d73a2cc6a17,2026-09-28T00:36:01.301+00:00,2026-09-28T00:36:01.516+00:00,21072-30059,dryers,50170059,42000000,2026-09-28 00:36:01,2026-09-28 00:31:11,45,290.0,2410.0,41,Running,
1,9be5945d-dd5d-43ec-afc5-0d73a2cc6a17,2026-09-28T00:36:01.301+00:00,2026-09-28T00:36:01.516+00:00,21072-30059,dryers,50170057,42000000,2026-09-28 00:36:01,2026-09-28 00:30:58,45,303.0,2397.0,40,Running,
1,9be5945d-dd5d-43ec-afc5-0d73a2cc6a17,2026-09-28T00:36:01.301+00:00,2026-09-28T00:36:01.516+00:00,21072-30059,dryers,50170062,72000000,2026-09-28 00:36:01,2026-09-27 07:03:28,46,63153.0,-60393.0,,Available,website maps this code to Available
1,9be5945d-dd5d-43ec-afc5-0d73a2cc6a17,2026-09-28T00:36:01.301+00:00,2026-09-28T00:36:01.516+00:00,21072-30059,dryers,50170067,42000000,2026-09-28 00:36:01,2026-09-28 00:32:57,45,184.0,2516.0,42,Running,
1,9be5945d-dd5d-43ec-afc5-0d73a2cc6a17,2026-09-28T00:36:01.301+00:00,2026-09-28T00:36:01.516+00:00,21072-30059,dryers,50170074,42000000,2026-09-28 00:36:01,2026-09-28 00:31:32,10,269.0,331.0,6,Running,
1,9be5945d-dd5d-43ec-afc5-0d73a2cc6a17,2026-09-28T00:36:01.301+00:00,2026-09-28T00:36:01.516+00:00,21072-30059,dryers,50170071,42000000,2026-09-28 00:36:01,2026-09-28 00:34:18,45,103.0,2597.0,44,Running,
1,9be5945d-dd5d-43ec-afc5-0d73a2cc6a17,2026-09-28T00:36:01.301+00:00,2026-09-28T00:36:01.516+00:00,21072-30059,dryers,50170054,72000000,2026-09-28 00:36:01,2026-09-27 22:42:01,46,6840.0,-4080.0,,Available,website maps this code to Available
1,241dc34e-e614-435b-93fc-fff00a2c0011,2026-09-28T00:37:01.290+00:00,2026-09-28T00:37:01.468+00:00,21072-30059,washers,50170051,52000000,2026-09-28 00:37:01,2026-09-27 22:40:14,29,7007.0,-5267.0,,Available,website fallback: report over 1 hour old
1,241dc34e-e614-435b-93fc-fff00a2c0011,2026-09-28T00:37:01.290+00:00,2026-09-28T00:37:01.468+00:00,21072-30059,washers,50170080,72000000,2026-09-28 00:37:01,2026-09-28 00:26:38,29,623.0,1117.0,,Available,website maps this code to Available
1,241dc34e-e614-435b-93fc-fff00a2c0011,2026-09-28T00:37:01.290+00:00,2026-09-28T00:37:01.468+00:00,21072-30059,washers,50170075,72000000,2026-09-28 00:37:01,2026-09-28 00:25:28,29,693.0,1047.0,,Available,website maps this code to Available
1,241dc34e-e614-435b-93fc-fff00a2c0011,2026-09-28T00:37:01.290+00:00,2026-09-28T00:37:01.468+00:00,21072-30059,washers,50170082,72000000,2026-09-28 00:37:01,2026-09-28 00:14:48,29,1333.0,407.0,,Available,website maps this code to Available
1,241dc34e-e614-435b-93fc-fff00a2c0011,2026-09-28T00:37:01.290+00:00,2026-09-28T00:37:01.468+00:00,21072-30059,washers,50170050,42000000,2026-09-28 00:37:01,2026-09-28 00:13:34,28,1407.0,273.0,5,Running,
1,241dc34e-e614-435b-93fc-fff00a2c0011,2026-09-28T00:37:01.290+00:00,2026-09-28T00:37:01.468+00:00,21072-30059,washers,50170052,72000000,2026-09-28 00:37:01,2026-09-28 00:32:00,29,301.0,1439.0,,Available,website maps this code to Available
1,241dc34e-e614-435b-93fc-fff00a2c0011,2026-09-28T00:37:01.290+00:00,2026-09-28T00:37:01.468+00:00,21072-30059,washers,50170078,72000000,2026-09-28 00:37:01,2026-09-28 00:31:25,29,336.0,1404.0,,Available,website maps this code to Available
1,241dc34e-e614-435b-93fc-fff00a2c0011,2026-09-28T00:37:01.290+00:00,2026-09-28T00:37:01.468+00:00,21072-30059,washers,50170084,72000000,2026-09-28 00:37:01,2026-09-28 00:29:34,29,447.0,1293.0,,Available,website maps this code to Available
1,241dc34e-e614-435b-93fc-fff00a2c0011,2026-09-28T00:37:01.290+00:00,2026-09-28T00:37:01.468+00:00,21072-30059,washers,50170068,52000000,2026-09-28 00:37:01,2026-09-27 22:12:30,29,8671.0,-6931.0,,Available,website fallback: report over 1 hour old
1,241dc34e-e614-435b-93fc-fff00a2c0011,2026-09-28T00:37:01.290+00:00,2026-09-28T00:37:01.468+00:00,21072-30059,washers,50170072,72000000,2026-09-28 00:37:01,2026-09-27 23:01:12,29,5749.0,-4009.0,,Available,website maps this code to Available
1,241dc34e-e614-435b-93fc-fff00a2c0011,2026-09-28T00:37:01.290+00:00,2026-09-28T00:37:01.468+00:00,21072-30059,washers,20483408,72000000,2026-09-28 00:37:01,2024-12-20 00:43:32,0,55900409.0,-55900409.0,,Available,website maps this code to Available
1,241dc34e-e614-435b-93fc-fff00a2c0011,2026-09-28T00:37:01.290+00:00,2026-09-28T00:37:01.468+00:00,21072-30059,washers,50170055,72000000,2026-09-28 00:37:01,2026-09-27 23:45:55,29,3066.0,-1326.0,,Available,website maps this code to Available
1,241dc34e-e614-435b-93fc-fff00a2c0011,2026-09-28T00:37:01.290+00:00,2026-09-28T00:37:01.468+00:00,21072-30059,dryers,50170058,D2000000,2026-09-28 00:37:01,2026-09-26 17:53:29,45,110612.0,-107912.0,,Start Mode After PF,
1,241dc34e-e614-435b-93fc-fff00a2c0011,2026-09-28T00:37:01.290+00:00,2026-09-28T00:37:01.468+00:00,21072-30059,dryers,50170061,42000000,2026-09-28 00:37:01,2026-09-28 00:26:39,45,622.0,2078.0,35,Running,
1,241dc34e-e614-435b-93fc-fff00a2c0011,2026-09-28T00:37:01.290+00:00,2026-09-28T00:37:01.468+00:00,21072-30059,dryers,50170081,42000000,2026-09-28 00:37:01,2026-09-28 00:26:15,45,646.0,2054.0,35,Running,
1,241dc34e-e614-435b-93fc-fff00a2c0011,2026-09-28T00:37:01.290+00:00,2026-09-28T00:37:01.468+00:00,21072-30059,dryers,50170060,42000000,2026-09-28 00:37:01,2026-09-28 00:20:53,45,968.0,1732.0,29,Running,
1,241dc34e-e614-435b-93fc-fff00a2c0011,2026-09-28T00:37:01.290+00:00,2026-09-28T00:37:01.468+00:00,21072-30059,dryers,50170087,42000000,2026-09-28 00:37:01,2026-09-28 00:20:04,45,1017.0,1683.0,29,Running,
1,241dc34e-e614-435b-93fc-fff00a2c0011,2026-09-28T00:37:01.290+00:00,2026-09-28T00:37:01.468+00:00,21072-30059,dryers,50170064,72000000,2026-09-28 00:37:01,2026-09-27 23:01:59,46,5702.0,-2942.0,,Available,website maps this code to Available
1,241dc34e-e614-435b-93fc-fff00a2c0011,2026-09-28T00:37:01.290+00:00,2026-09-28T00:37:01.468+00:00,21072-30059,dryers,50170065,42000000,2026-09-28 00:37:01,2026-09-28 00:29:00,46,481.0,2279.0,38,Running,
1,241dc34e-e614-435b-93fc-fff00a2c0011,2026-09-28T00:37:01.290+00:00,2026-09-28T00:37:01.468+00:00,21072-30059,dryers,50170059,42000000,2026-09-28 00:37:01,2026-09-28 00:31:11,45,350.0,2350.0,40,Running,
1,241dc34e-e614-435b-93fc-fff00a2c0011,2026-09-28T00:37:01.290+00:00,2026-09-28T00:37:01.468+00:00,21072-30059,dryers,50170057,42000000,2026-09-28 00:37:01,2026-09-28 00:30:58,45,363.0,2337.0,39,Running,
1,241dc34e-e614-435b-93fc-fff00a2c0011,2026-09-28T00:37:01.290+00:00,2026-09-28T00:37:01.468+00:00,21072-30059,dryers,50170062,72000000,2026-09-28 00:37:01,2026-09-27 07:03:28,46,63213.0,-60453.0,,Available,website maps this code to Available
1,241dc34e-e614-435b-93fc-fff00a2c0011,2026-09-28T00:37:01.290+00:00,2026-09-28T00:37:01.468+00:00,21072-30059,dryers,50170067,42000000,2026-09-28 00:37:01,2026-09-28 00:32:57,45,244.0,2456.0,41,Running,
1,241dc34e-e614-435b-93fc-fff00a2c0011,2026-09-28T00:37:01.290+00:00,2026-09-28T00:37:01.468+00:00,21072-30059,dryers,50170074,42000000,2026-09-28 00:37:01,2026-09-28 00:31:32,10,329.0,271.0,5,Running,
1,241dc34e-e614-435b-93fc-fff00a2c0011,2026-09-28T00:37:01.290+00:00,2026-09-28T00:37:01.468+00:00,21072-30059,dryers,50170071,42000000,2026-09-28 00:37:01,2026-09-28 00:34:18,45,163.0,2537.0,43,Running,
1,241dc34e-e614-435b-93fc-fff00a2c0011,2026-09-28T00:37:01.290+00:00,2026-09-28T00:37:01.468+00:00,21072-30059,dryers,50170054,72000000,2026-09-28 00:37:01,2026-09-27 22:42:01,46,6900.0,-4140.0,,Available,website maps this code to Available
1,6c5a7f39-ce8f-4cbf-a6d1-65658d848c21,2026-09-28T00:38:01.382+00:00,2026-09-28T00:38:01.564+00:00,21072-30059,washers,50170051,52000000,2026-09-28 00:38:01,2026-09-27 22:40:14,29,7067.0,-5327.0,,Available,website fallback: report over 1 hour old
1,6c5a7f39-ce8f-4cbf-a6d1-65658d848c21,2026-09-28T00:38:01.382+00:00,2026-09-28T00:38:01.564+00:00,21072-30059,washers,50170080,72000000,2026-09-28 00:38:01,2026-09-28 00:26:38,29,683.0,1057.0,,Available,website maps this code to Available
1,6c5a7f39-ce8f-4cbf-a6d1-65658d848c21,2026-09-28T00:38:01.382+00:00,2026-09-28T00:38:01.564+00:00,21072-30059,washers,50170075,72000000,2026-09-28 00:38:01,2026-09-28 00:25:28,29,753.0,987.0,,Available,website maps this code to Available
1,6c5a7f39-ce8f-4cbf-a6d1-65658d848c21,2026-09-28T00:38:01.382+00:00,2026-09-28T00:38:01.564+00:00,21072-30059,washers,50170082,72000000,2026-09-28 00:38:01,2026-09-28 00:14:48,29,1393.0,347.0,,Available,website maps this code to Available
1,6c5a7f39-ce8f-4cbf-a6d1-65658d848c21,2026-09-28T00:38:01.382+00:00,2026-09-28T00:38:01.564+00:00,21072-30059,washers,50170050,42000000,2026-09-28 00:38:01,2026-09-28 00:37:55,10,6.0,594.0,10,Running,
1,6c5a7f39-ce8f-4cbf-a6d1-65658d848c21,2026-09-28T00:38:01.382+00:00,2026-09-28T00:38:01.564+00:00,21072-30059,washers,50170052,72000000,2026-09-28 00:38:01,2026-09-28 00:32:00,29,361.0,1379.0,,Available,website maps this code to Available
1,6c5a7f39-ce8f-4cbf-a6d1-65658d848c21,2026-09-28T00:38:01.382+00:00,2026-09-28T00:38:01.564+00:00,21072-30059,washers,50170078,72000000,2026-09-28 00:38:01,2026-09-28 00:31:25,29,396.0,1344.0,,Available,website maps this code to Available
1,6c5a7f39-ce8f-4cbf-a6d1-65658d848c21,2026-09-28T00:38:01.382+00:00,2026-09-28T00:38:01.564+00:00,21072-30059,washers,50170084,72000000,2026-09-28 00:38:01,2026-09-28 00:29:34,29,507.0,1233.0,,Available,website maps this code to Available
1,6c5a7f39-ce8f-4cbf-a6d1-65658d848c21,2026-09-28T00:38:01.382+00:00,2026-09-28T00:38:01.564+00:00,21072-30059,washers,50170068,52000000,2026-09-28 00:38:01,2026-09-27 22:12:30,29,8731.0,-6991.0,,Available,website fallback: report over 1 hour old
1,6c5a7f39-ce8f-4cbf-a6d1-65658d848c21,2026-09-28T00:38:01.382+00:00,2026-09-28T00:38:01.564+00:00,21072-30059,washers,50170072,72000000,2026-09-28 00:38:01,2026-09-27 23:01:12,29,5809.0,-4069.0,,Available,website maps this code to Available
1,6c5a7f39-ce8f-4cbf-a6d1-65658d848c21,2026-09-28T00:38:01.382+00:00,2026-09-28T00:38:01.564+00:00,21072-30059,washers,20483408,72000000,2026-09-28 00:38:01,2024-12-20 00:43:32,0,55900469.0,-55900469.0,,Available,website maps this code to Available
1,6c5a7f39-ce8f-4cbf-a6d1-65658d848c21,2026-09-28T00:38:01.382+00:00,2026-09-28T00:38:01.564+00:00,21072-30059,washers,50170055,72000000,2026-09-28 00:38:01,2026-09-27 23:45:55,29,3126.0,-1386.0,,Available,website maps this code to Available
1,6c5a7f39-ce8f-4cbf-a6d1-65658d848c21,2026-09-28T00:38:01.382+00:00,2026-09-28T00:38:01.564+00:00,21072-30059,dryers,50170058,D2000000,2026-09-28 00:38:01,2026-09-26 17:53:29,45,110672.0,-107972.0,,Start Mode After PF,
1,6c5a7f39-ce8f-4cbf-a6d1-65658d848c21,2026-09-28T00:38:01.382+00:00,2026-09-28T00:38:01.564+00:00,21072-30059,dryers,50170061,42000000,2026-09-28 00:38:01,2026-09-28 00:26:39,45,682.0,2018.0,34,Running,
1,6c5a7f39-ce8f-4cbf-a6d1-65658d848c21,2026-09-28T00:38:01.382+00:00,2026-09-28T00:38:01.564+00:00,21072-30059,dryers,50170081,42000000,2026-09-28 00:38:01,2026-09-28 00:26:15,45,706.0,1994.0,34,Running,
1,6c5a7f39-ce8f-4cbf-a6d1-65658d848c21,2026-09-28T00:38:01.382+00:00,2026-09-28T00:38:01.564+00:00,21072-30059,dryers,50170060,42000000,2026-09-28 00:38:01,2026-09-28 00:20:53,45,1028.0,1672.0,28,Running,
1,6c5a7f39-ce8f-4cbf-a6d1-65658d848c21,2026-09-28T00:38:01.382+00:00,2026-09-28T00:38:01.564+00:00,21072-30059,dryers,50170087,42000000,2026-09-28 00:38:01,2026-09-28 00:20:04,45,1077.0,1623.0,28,Running,
1,6c5a7f39-ce8f-4cbf-a6d1-65658d848c21,2026-09-28T00:38:01.382+00:00,2026-09-28T00:38:01.564+00:00,21072-30059,dryers,50170064,72000000,2026-09-28 00:38:01,2026-09-27 23:01:59,46,5762.0,-3002.0,,Available,website maps this code to Available
1,6c5a7f39-ce8f-4cbf-a6d1-65658d848c21,2026-09-28T00:38:01.382+00:00,2026-09-28T00:38:01.564+00:00,21072-30059,dryers,50170065,42000000,2026-09-28 00:38:01,2026-09-28 00:29:00,46,541.0,2219.0,37,Running,
1,6c5a7f39-ce8f-4cbf-a6d1-65658d848c21,2026-09-28T00:38:01.382+00:00,2026-09-28T00:38:01.564+00:00,21072-30059,dryers,50170059,42000000,2026-09-28 00:38:01,2026-09-28 00:31:11,45,410.0,2290.0,39,Running,
1,6c5a7f39-ce8f-4cbf-a6d1-65658d848c21,2026-09-28T00:38:01.382+00:00,2026-09-28T00:38:01.564+00:00,21072-30059,dryers,50170057,42000000,2026-09-28 00:38:01,2026-09-28 00:30:58,45,423.0,2277.0,38,Running,
1,6c5a7f39-ce8f-4cbf-a6d1-65658d848c21,2026-09-28T00:38:01.382+00:00,2026-09-28T00:38:01.564+00:00,21072-30059,dryers,50170062,72000000,2026-09-28 00:38:01,2026-09-27 07:03:28,46,63273.0,-60513.0,,Available,website maps this code to Available
1,6c5a7f39-ce8f-4cbf-a6d1-65658d848c21,2026-09-28T00:38:01.382+00:00,2026-09-28T00:38:01.564+00:00,21072-30059,dryers,50170067,42000000,2026-09-28 00:38:01,2026-09-28 00:32:57,45,304.0,2396.0,40,Running,
1,6c5a7f39-ce8f-4cbf-a6d1-65658d848c21,2026-09-28T00:38:01.382+00:00,2026-09-28T00:38:01.564+00:00,21072-30059,dryers,50170074,42000000,2026-09-28 00:38:01,2026-09-28 00:31:32,10,389.0,211.0,4,Running,
1,6c5a7f39-ce8f-4cbf-a6d1-65658d848c21,2026-09-28T00:38:01.382+00:00,2026-09-28T00:38:01.564+00:00,21072-30059,dryers,50170071,42000000,2026-09-28 00:38:01,2026-09-28 00:34:18,45,223.0,2477.0,42,Running,
1,6c5a7f39-ce8f-4cbf-a6d1-65658d848c21,2026-09-28T00:38:01.382+00:00,2026-09-28T00:38:01.564+00:00,21072-30059,dryers,50170054,72000000,2026-09-28 00:38:01,2026-09-27 22:42:01,46,6960.0,-4200.0,,Available,website maps this code to Available
1,f3b7535a-a534-49e7-9d6c-167a983e64c2,2026-09-28T00:39:01.294+00:00,2026-09-28T00:39:01.483+00:00,21072-30059,washers,50170051,52000000,2026-09-28 00:39:01,2026-09-27 22:40:14,29,7127.0,-5387.0,,Available,website fallback: report over 1 hour old
1,f3b7535a-a534-49e7-9d6c-167a983e64c2,2026-09-28T00:39:01.294+00:00,2026-09-28T00:39:01.483+00:00,21072-30059,washers,50170080,72000000,2026-09-28 00:39:01,2026-09-28 00:26:38,29,743.0,997.0,,Available,website maps this code to Available
1,f3b7535a-a534-49e7-9d6c-167a983e64c2,2026-09-28T00:39:01.294+00:00,2026-09-28T00:39:01.483+00:00,21072-30059,washers,50170075,72000000,2026-09-28 00:39:01,2026-09-28 00:25:28,29,813.0,927.0,,Available,website maps this code to Available
1,f3b7535a-a534-49e7-9d6c-167a983e64c2,2026-09-28T00:39:01.294+00:00,2026-09-28T00:39:01.483+00:00,21072-30059,washers,50170082,72000000,2026-09-28 00:39:01,2026-09-28 00:14:48,29,1453.0,287.0,,Available,website maps this code to Available
1,f3b7535a-a534-49e7-9d6c-167a983e64c2,2026-09-28T00:39:01.294+00:00,2026-09-28T00:39:01.483+00:00,21072-30059,washers,50170050,42000000,2026-09-28 00:39:01,2026-09-28 00:37:55,10,66.0,534.0,9,Running,
1,f3b7535a-a534-49e7-9d6c-167a983e64c2,2026-09-28T00:39:01.294+00:00,2026-09-28T00:39:01.483+00:00,21072-30059,washers,50170052,72000000,2026-09-28 00:39:01,2026-09-28 00:32:00,29,421.0,1319.0,,Available,website maps this code to Available
1,f3b7535a-a534-49e7-9d6c-167a983e64c2,2026-09-28T00:39:01.294+00:00,2026-09-28T00:39:01.483+00:00,21072-30059,washers,50170078,72000000,2026-09-28 00:39:01,2026-09-28 00:31:25,29,456.0,1284.0,,Available,website maps this code to Available
1,f3b7535a-a534-49e7-9d6c-167a983e64c2,2026-09-28T00:39:01.294+00:00,2026-09-28T00:39:01.483+00:00,21072-30059,washers,50170084,72000000,2026-09-28 00:39:01,2026-09-28 00:29:34,29,567.0,1173.0,,Available,website maps this code to Available
1,f3b7535a-a534-49e7-9d6c-167a983e64c2,2026-09-28T00:39:01.294+00:00,2026-09-28T00:39:01.483+00:00,21072-30059,washers,50170068,52000000,2026-09-28 00:39:01,2026-09-27 22:12:30,29,8791.0,-7051.0,,Available,website fallback: report over 1 hour old
1,f3b7535a-a534-49e7-9d6c-167a983e64c2,2026-09-28T00:39:01.294+00:00,2026-09-28T00:39:01.483+00:00,21072-30059,washers,50170072,72000000,2026-09-28 00:39:01,2026-09-27 23:01:12,29,5869.0,-4129.0,,Available,website maps this code to Available
1,f3b7535a-a534-49e7-9d6c-167a983e64c2,2026-09-28T00:39:01.294+00:00,2026-09-28T00:39:01.483+00:00,21072-30059,washers,20483408,72000000,2026-09-28 00:39:01,2024-12-20 00:43:32,0,55900529.0,-55900529.0,,Available,website maps this code to Available
1,f3b7535a-a534-49e7-9d6c-167a983e64c2,2026-09-28T00:39:01.294+00:00,2026-09-28T00:39:01.483+00:00,21072-30059,washers,50170055,72000000,2026-09-28 00:39:01,2026-09-27 23:45:55,29,3186.0,-1446.0,,Available,website maps this code to Available
1,f3b7535a-a534-49e7-9d6c-167a983e64c2,2026-09-28T00:39:01.294+00:00,2026-09-28T00:39:01.483+00:00,21072-30059,dryers,50170058,D2000000,2026-09-28 00:39:01,2026-09-26 17:53:29,45,110732.0,-108032.0,,Start Mode After PF,
1,f3b7535a-a534-49e7-9d6c-167a983e64c2,2026-09-28T00:39:01.294+00:00,2026-09-28T00:39:01.483+00:00,21072-30059,dryers,50170061,42000000,2026-09-28 00:39:01,2026-09-28 00:26:39,45,742.0,1958.0,33,Running,
1,f3b7535a-a534-49e7-9d6c-167a983e64c2,2026-09-28T00:39:01.294+00:00,2026-09-28T00:39:01.483+00:00,21072-30059,dryers,50170081,42000000,2026-09-28 00:39:01,2026-09-28 00:26:15,45,766.0,1934.0,33,Running,
1,f3b7535a-a534-49e7-9d6c-167a983e64c2,2026-09-28T00:39:01.294+00:00,2026-09-28T00:39:01.483+00:00,21072-30059,dryers,50170060,42000000,2026-09-28 00:39:01,2026-09-28 00:20:53,45,1088.0,1612.0,27,Running,
1,f3b7535a-a534-49e7-9d6c-167a983e64c2,2026-09-28T00:39:01.294+00:00,2026-09-28T00:39:01.483+00:00,21072-30059,dryers,50170087,42000000,2026-09-28 00:39:01,2026-09-28 00:20:04,45,1137.0,1563.0,27,Running,
1,f3b7535a-a534-49e7-9d6c-167a983e64c2,2026-09-28T00:39:01.294+00:00,2026-09-28T00:39:01.483+00:00,21072-30059,dryers,50170064,72000000,2026-09-28 00:39:01,2026-09-27 23:01:59,46,5822.0,-3062.0,,Available,website maps this code to Available
1,f3b7535a-a534-49e7-9d6c-167a983e64c2,2026-09-28T00:39:01.294+00:00,2026-09-28T00:39:01.483+00:00,21072-30059,dryers,50170065,42000000,2026-09-28 00:39:01,2026-09-28 00:29:00,46,601.0,2159.0,36,Running,
1,f3b7535a-a534-49e7-9d6c-167a983e64c2,2026-09-28T00:39:01.294+00:00,2026-09-28T00:39:01.483+00:00,21072-30059,dryers,50170059,42000000,2026-09-28 00:39:01,2026-09-28 00:31:11,45,470.0,2230.0,38,Running,
1,f3b7535a-a534-49e7-9d6c-167a983e64c2,2026-09-28T00:39:01.294+00:00,2026-09-28T00:39:01.483+00:00,21072-30059,dryers,50170057,42000000,2026-09-28 00:39:01,2026-09-28 00:30:58,45,483.0,2217.0,37,Running,
1,f3b7535a-a534-49e7-9d6c-167a983e64c2,2026-09-28T00:39:01.294+00:00,2026-09-28T00:39:01.483+00:00,21072-30059,dryers,50170062,72000000,2026-09-28 00:39:01,2026-09-27 07:03:28,46,63333.0,-60573.0,,Available,website maps this code to Available
1,f3b7535a-a534-49e7-9d6c-167a983e64c2,2026-09-28T00:39:01.294+00:00,2026-09-28T00:39:01.483+00:00,21072-30059,dryers,50170067,42000000,2026-09-28 00:39:01,2026-09-28 00:32:57,45,364.0,2336.0,39,Running,
1,f3b7535a-a534-49e7-9d6c-167a983e64c2,2026-09-28T00:39:01.294+00:00,2026-09-28T00:39:01.483+00:00,21072-30059,dryers,50170074,42000000,2026-09-28 00:39:01,2026-09-28 00:31:32,10,449.0,151.0,3,Running,
1,f3b7535a-a534-49e7-9d6c-167a983e64c2,2026-09-28T00:39:01.294+00:00,2026-09-28T00:39:01.483+00:00,21072-30059,dryers,50170071,42000000,2026-09-28 00:39:01,2026-09-28 00:34:18,45,283.0,2417.0,41,Running,
1,f3b7535a-a534-49e7-9d6c-167a983e64c2,2026-09-28T00:39:01.294+00:00,2026-09-28T00:39:01.483+00:00,21072-30059,dryers,50170054,72000000,2026-09-28 00:39:01,2026-09-27 22:42:01,46,7020.0,-4260.0,,Available,website maps this code to Available
1,3a561901-47ff-452d-b2b4-099719e88895,2026-09-28T00:40:01.382+00:00,2026-09-28T00:40:01.616+00:00,21072-30059,washers,50170051,52000000,2026-09-28 00:40:01,2026-09-27 22:40:14,29,7187.0,-5447.0,,Available,website fallback: report over 1 hour old
1,3a561901-47ff-452d-b2b4-099719e88895,2026-09-28T00:40:01.382+00:00,2026-09-28T00:40:01.616+00:00,21072-30059,washers,50170080,72000000,2026-09-28 00:40:01,2026-09-28 00:26:38,29,803.0,937.0,,Available,website maps this code to Available
1,3a561901-47ff-452d-b2b4-099719e88895,2026-09-28T00:40:01.382+00:00,2026-09-28T00:40:01.616+00:00,21072-30059,washers,50170075,72000000,2026-09-28 00:40:01,2026-09-28 00:25:28,29,873.0,867.0,,Available,website maps this code to Available
1,3a561901-47ff-452d-b2b4-099719e88895,2026-09-28T00:40:01.382+00:00,2026-09-28T00:40:01.616+00:00,21072-30059,washers,50170082,72000000,2026-09-28 00:40:01,2026-09-28 00:14:48,29,1513.0,227.0,,Available,website maps this code to Available
1,3a561901-47ff-452d-b2b4-099719e88895,2026-09-28T00:40:01.382+00:00,2026-09-28T00:40:01.616+00:00,21072-30059,washers,50170050,42000000,2026-09-28 00:40:01,2026-09-28 00:37:55,10,126.0,474.0,8,Running,
1,3a561901-47ff-452d-b2b4-099719e88895,2026-09-28T00:40:01.382+00:00,2026-09-28T00:40:01.616+00:00,21072-30059,washers,50170052,72000000,2026-09-28 00:40:01,2026-09-28 00:32:00,29,481.0,1259.0,,Available,website maps this code to Available
1,3a561901-47ff-452d-b2b4-099719e88895,2026-09-28T00:40:01.382+00:00,2026-09-28T00:40:01.616+00:00,21072-30059,washers,50170078,72000000,2026-09-28 00:40:01,2026-09-28 00:31:25,29,516.0,1224.0,,Available,website maps this code to Available
1,3a561901-47ff-452d-b2b4-099719e88895,2026-09-28T00:40:01.382+00:00,2026-09-28T00:40:01.616+00:00,21072-30059,washers,50170084,72000000,2026-09-28 00:40:01,2026-09-28 00:29:34,29,627.0,1113.0,,Available,website maps this code to Available
1,3a561901-47ff-452d-b2b4-099719e88895,2026-09-28T00:40:01.382+00:00,2026-09-28T00:40:01.616+00:00,21072-30059,washers,50170068,52000000,2026-09-28 00:40:01,2026-09-27 22:12:30,29,8851.0,-7111.0,,Available,website fallback: report over 1 hour old
1,3a561901-47ff-452d-b2b4-099719e88895,2026-09-28T00:40:01.382+00:00,2026-09-28T00:40:01.616+00:00,21072-30059,washers,50170072,72000000,2026-09-28 00:40:01,2026-09-27 23:01:12,29,5929.0,-4189.0,,Available,website maps this code to Available
1,3a561901-47ff-452d-b2b4-099719e88895,2026-09-28T00:40:01.382+00:00,2026-09-28T00:40:01.616+00:00,21072-30059,washers,20483408,72000000,2026-09-28 00:40:01,2024-12-20 00:43:32,0,55900589.0,-55900589.0,,Available,website maps this code to Available
1,3a561901-47ff-452d-b2b4-099719e88895,2026-09-28T00:40:01.382+00:00,2026-09-28T00:40:01.616+00:00,21072-30059,washers,50170055,42000000,2026-09-28 00:40:01,2026-09-28 00:39:43,26,18.0,1542.0,26,Running,
1,3a561901-47ff-452d-b2b4-099719e88895,2026-09-28T00:40:01.382+00:00,2026-09-28T00:40:01.616+00:00,21072-30059,dryers,50170058,D2000000,2026-09-28 00:40:01,2026-09-26 17:53:29,45,110792.0,-108092.0,,Start Mode After PF,
1,3a561901-47ff-452d-b2b4-099719e88895,2026-09-28T00:40:01.382+00:00,2026-09-28T00:40:01.616+00:00,21072-30059,dryers,50170061,42000000,2026-09-28 00:40:01,2026-09-28 00:26:39,45,802.0,1898.0,32,Running,
1,3a561901-47ff-452d-b2b4-099719e88895,2026-09-28T00:40:01.382+00:00,2026-09-28T00:40:01.616+00:00,21072-30059,dryers,50170081,42000000,2026-09-28 00:40:01,2026-09-28 00:26:15,45,826.0,1874.0,32,Running,
1,3a561901-47ff-452d-b2b4-099719e88895,2026-09-28T00:40:01.382+00:00,2026-09-28T00:40:01.616+00:00,21072-30059,dryers,50170060,42000000,2026-09-28 00:40:01,2026-09-28 00:20:53,45,1148.0,1552.0,26,Running,
1,3a561901-47ff-452d-b2b4-099719e88895,2026-09-28T00:40:01.382+00:00,2026-09-28T00:40:01.616+00:00,21072-30059,dryers,50170087,42000000,2026-09-28 00:40:01,2026-09-28 00:20:04,45,1197.0,1503.0,26,Running,
1,3a561901-47ff-452d-b2b4-099719e88895,2026-09-28T00:40:01.382+00:00,2026-09-28T00:40:01.616+00:00,21072-30059,dryers,50170064,72000000,2026-09-28 00:40:01,2026-09-27 23:01:59,46,5882.0,-3122.0,,Available,website maps this code to Available
1,3a561901-47ff-452d-b2b4-099719e88895,2026-09-28T00:40:01.382+00:00,2026-09-28T00:40:01.616+00:00,21072-30059,dryers,50170065,42000000,2026-09-28 00:40:01,2026-09-28 00:29:00,46,661.0,2099.0,35,Running,
1,3a561901-47ff-452d-b2b4-099719e88895,2026-09-28T00:40:01.382+00:00,2026-09-28T00:40:01.616+00:00,21072-30059,dryers,50170059,42000000,2026-09-28 00:40:01,2026-09-28 00:31:11,45,530.0,2170.0,37,Running,
1,3a561901-47ff-452d-b2b4-099719e88895,2026-09-28T00:40:01.382+00:00,2026-09-28T00:40:01.616+00:00,21072-30059,dryers,50170057,42000000,2026-09-28 00:40:01,2026-09-28 00:30:58,45,543.0,2157.0,36,Running,
1,3a561901-47ff-452d-b2b4-099719e88895,2026-09-28T00:40:01.382+00:00,2026-09-28T00:40:01.616+00:00,21072-30059,dryers,50170062,72000000,2026-09-28 00:40:01,2026-09-27 07:03:28,46,63393.0,-60633.0,,Available,website maps this code to Available
1,3a561901-47ff-452d-b2b4-099719e88895,2026-09-28T00:40:01.382+00:00,2026-09-28T00:40:01.616+00:00,21072-30059,dryers,50170067,42000000,2026-09-28 00:40:01,2026-09-28 00:32:57,45,424.0,2276.0,38,Running,
1,3a561901-47ff-452d-b2b4-099719e88895,2026-09-28T00:40:01.382+00:00,2026-09-28T00:40:01.616+00:00,21072-30059,dryers,50170074,42000000,2026-09-28 00:40:01,2026-09-28 00:31:32,10,509.0,91.0,2,Running,
1,3a561901-47ff-452d-b2b4-099719e88895,2026-09-28T00:40:01.382+00:00,2026-09-28T00:40:01.616+00:00,21072-30059,dryers,50170071,42000000,2026-09-28 00:40:01,2026-09-28 00:34:18,45,343.0,2357.0,40,Running,
1,3a561901-47ff-452d-b2b4-099719e88895,2026-09-28T00:40:01.382+00:00,2026-09-28T00:40:01.616+00:00,21072-30059,dryers,50170054,72000000,2026-09-28 00:40:01,2026-09-27 22:42:01,46,7080.0,-4320.0,,Available,website maps this code to Available
1,221f1ba9-6f4e-4e7b-9e84-30738c669d76,2026-09-28T00:41:01.292+00:00,2026-09-28T00:41:01.494+00:00,21072-30059,washers,50170051,52000000,2026-09-28 00:41:01,2026-09-27 22:40:14,29,7247.0,-5507.0,,Available,website fallback: report over 1 hour old
1,221f1ba9-6f4e-4e7b-9e84-30738c669d76,2026-09-28T00:41:01.292+00:00,2026-09-28T00:41:01.494+00:00,21072-30059,washers,50170080,72000000,2026-09-28 00:41:01,2026-09-28 00:26:38,29,863.0,877.0,,Available,website maps this code to Available
1,221f1ba9-6f4e-4e7b-9e84-30738c669d76,2026-09-28T00:41:01.292+00:00,2026-09-28T00:41:01.494+00:00,21072-30059,washers,50170075,72000000,2026-09-28 00:41:01,2026-09-28 00:25:28,29,933.0,807.0,,Available,website maps this code to Available
1,221f1ba9-6f4e-4e7b-9e84-30738c669d76,2026-09-28T00:41:01.292+00:00,2026-09-28T00:41:01.494+00:00,21072-30059,washers,50170082,72000000,2026-09-28 00:41:01,2026-09-28 00:14:48,29,1573.0,167.0,,Available,website maps this code to Available
1,221f1ba9-6f4e-4e7b-9e84-30738c669d76,2026-09-28T00:41:01.292+00:00,2026-09-28T00:41:01.494+00:00,21072-30059,washers,50170050,42000000,2026-09-28 00:41:01,2026-09-28 00:37:55,10,186.0,414.0,7,Running,
1,221f1ba9-6f4e-4e7b-9e84-30738c669d76,2026-09-28T00:41:01.292+00:00,2026-09-28T00:41:01.494+00:00,21072-30059,washers,50170052,72000000,2026-09-28 00:41:01,2026-09-28 00:32:00,29,541.0,1199.0,,Available,website maps this code to Available
1,221f1ba9-6f4e-4e7b-9e84-30738c669d76,2026-09-28T00:41:01.292+00:00,2026-09-28T00:41:01.494+00:00,21072-30059,washers,50170078,72000000,2026-09-28 00:41:01,2026-09-28 00:31:25,29,576.0,1164.0,,Available,website maps this code to Available
1,221f1ba9-6f4e-4e7b-9e84-30738c669d76,2026-09-28T00:41:01.292+00:00,2026-09-28T00:41:01.494+00:00,21072-30059,washers,50170084,72000000,2026-09-28 00:41:01,2026-09-28 00:29:34,29,687.0,1053.0,,Available,website maps this code to Available
1,221f1ba9-6f4e-4e7b-9e84-30738c669d76,2026-09-28T00:41:01.292+00:00,2026-09-28T00:41:01.494+00:00,21072-30059,washers,50170068,52000000,2026-09-28 00:41:01,2026-09-27 22:12:30,29,8911.0,-7171.0,,Available,website fallback: report over 1 hour old
1,221f1ba9-6f4e-4e7b-9e84-30738c669d76,2026-09-28T00:41:01.292+00:00,2026-09-28T00:41:01.494+00:00,21072-30059,washers,50170072,72000000,2026-09-28 00:41:01,2026-09-27 23:01:12,29,5989.0,-4249.0,,Available,website maps this code to Available
1,221f1ba9-6f4e-4e7b-9e84-30738c669d76,2026-09-28T00:41:01.292+00:00,2026-09-28T00:41:01.494+00:00,21072-30059,washers,20483408,72000000,2026-09-28 00:41:01,2024-12-20 00:43:32,0,55900649.0,-55900649.0,,Available,website maps this code to Available
1,221f1ba9-6f4e-4e7b-9e84-30738c669d76,2026-09-28T00:41:01.292+00:00,2026-09-28T00:41:01.494+00:00,21072-30059,washers,50170055,42000000,2026-09-28 00:41:01,2026-09-28 00:39:43,26,78.0,1482.0,25,Running,
1,221f1ba9-6f4e-4e7b-9e84-30738c669d76,2026-09-28T00:41:01.292+00:00,2026-09-28T00:41:01.494+00:00,21072-30059,dryers,50170058,D2000000,2026-09-28 00:41:01,2026-09-26 17:53:29,45,110852.0,-108152.0,,Start Mode After PF,
1,221f1ba9-6f4e-4e7b-9e84-30738c669d76,2026-09-28T00:41:01.292+00:00,2026-09-28T00:41:01.494+00:00,21072-30059,dryers,50170061,42000000,2026-09-28 00:41:01,2026-09-28 00:26:39,45,862.0,1838.0,31,Running,
1,221f1ba9-6f4e-4e7b-9e84-30738c669d76,2026-09-28T00:41:01.292+00:00,2026-09-28T00:41:01.494+00:00,21072-30059,dryers,50170081,42000000,2026-09-28 00:41:01,2026-09-28 00:26:15,45,886.0,1814.0,31,Running,
1,221f1ba9-6f4e-4e7b-9e84-30738c669d76,2026-09-28T00:41:01.292+00:00,2026-09-28T00:41:01.494+00:00,21072-30059,dryers,50170060,42000000,2026-09-28 00:41:01,2026-09-28 00:20:53,45,1208.0,1492.0,25,Running,
1,221f1ba9-6f4e-4e7b-9e84-30738c669d76,2026-09-28T00:41:01.292+00:00,2026-09-28T00:41:01.494+00:00,21072-30059,dryers,50170087,42000000,2026-09-28 00:41:01,2026-09-28 00:20:04,45,1257.0,1443.0,25,Running,
1,221f1ba9-6f4e-4e7b-9e84-30738c669d76,2026-09-28T00:41:01.292+00:00,2026-09-28T00:41:01.494+00:00,21072-30059,dryers,50170064,72000000,2026-09-28 00:41:01,2026-09-27 23:01:59,46,5942.0,-3182.0,,Available,website maps this code to Available
1,221f1ba9-6f4e-4e7b-9e84-30738c669d76,2026-09-28T00:41:01.292+00:00,2026-09-28T00:41:01.494+00:00,21072-30059,dryers,50170065,42000000,2026-09-28 00:41:01,2026-09-28 00:29:00,46,721.0,2039.0,34,Running,
1,221f1ba9-6f4e-4e7b-9e84-30738c669d76,2026-09-28T00:41:01.292+00:00,2026-09-28T00:41:01.494+00:00,21072-30059,dryers,50170059,42000000,2026-09-28 00:41:01,2026-09-28 00:31:11,45,590.0,2110.0,36,Running,
1,221f1ba9-6f4e-4e7b-9e84-30738c669d76,2026-09-28T00:41:01.292+00:00,2026-09-28T00:41:01.494+00:00,21072-30059,dryers,50170057,42000000,2026-09-28 00:41:01,2026-09-28 00:30:58,45,603.0,2097.0,35,Running,
1,221f1ba9-6f4e-4e7b-9e84-30738c669d76,2026-09-28T00:41:01.292+00:00,2026-09-28T00:41:01.494+00:00,21072-30059,dryers,50170062,72000000,2026-09-28 00:41:01,2026-09-27 07:03:28,46,63453.0,-60693.0,,Available,website maps this code to Available
1,221f1ba9-6f4e-4e7b-9e84-30738c669d76,2026-09-28T00:41:01.292+00:00,2026-09-28T00:41:01.494+00:00,21072-30059,dryers,50170067,42000000,2026-09-28 00:41:01,2026-09-28 00:32:57,45,484.0,2216.0,37,Running,
1,221f1ba9-6f4e-4e7b-9e84-30738c669d76,2026-09-28T00:41:01.292+00:00,2026-09-28T00:41:01.494+00:00,21072-30059,dryers,50170074,52000000,2026-09-28 00:41:01,2026-09-28 00:40:41,23,20.0,1360.0,,Finished,
1,221f1ba9-6f4e-4e7b-9e84-30738c669d76,2026-09-28T00:41:01.292+00:00,2026-09-28T00:41:01.494+00:00,21072-30059,dryers,50170071,42000000,2026-09-28 00:41:01,2026-09-28 00:34:18,45,403.0,2297.0,39,Running,
1,221f1ba9-6f4e-4e7b-9e84-30738c669d76,2026-09-28T00:41:01.292+00:00,2026-09-28T00:41:01.494+00:00,21072-30059,dryers,50170054,72000000,2026-09-28 00:41:01,2026-09-27 22:42:01,46,7140.0,-4380.0,,Available,website maps this code to Available
1,ea558392-bd68-40ed-b589-dcd959c37f2b,2026-09-28T00:42:01.321+00:00,2026-09-28T00:42:01.579+00:00,21072-30059,washers,50170051,52000000,2026-09-28 00:42:01,2026-09-27 22:40:14,29,7307.0,-5567.0,,Available,website fallback: report over 1 hour old
1,ea558392-bd68-40ed-b589-dcd959c37f2b,2026-09-28T00:42:01.321+00:00,2026-09-28T00:42:01.579+00:00,21072-30059,washers,50170080,72000000,2026-09-28 00:42:01,2026-09-28 00:26:38,29,923.0,817.0,,Available,website maps this code to Available
1,ea558392-bd68-40ed-b589-dcd959c37f2b,2026-09-28T00:42:01.321+00:00,2026-09-28T00:42:01.579+00:00,21072-30059,washers,50170075,72000000,2026-09-28 00:42:01,2026-09-28 00:25:28,29,993.0,747.0,,Available,website maps this code to Available
1,ea558392-bd68-40ed-b589-dcd959c37f2b,2026-09-28T00:42:01.321+00:00,2026-09-28T00:42:01.579+00:00,21072-30059,washers,50170082,72000000,2026-09-28 00:42:01,2026-09-28 00:14:48,29,1633.0,107.0,,Available,website maps this code to Available
1,ea558392-bd68-40ed-b589-dcd959c37f2b,2026-09-28T00:42:01.321+00:00,2026-09-28T00:42:01.579+00:00,21072-30059,washers,50170050,42000000,2026-09-28 00:42:01,2026-09-28 00:37:55,10,246.0,354.0,6,Running,
1,ea558392-bd68-40ed-b589-dcd959c37f2b,2026-09-28T00:42:01.321+00:00,2026-09-28T00:42:01.579+00:00,21072-30059,washers,50170052,72000000,2026-09-28 00:42:01,2026-09-28 00:32:00,29,601.0,1139.0,,Available,website maps this code to Available
1,ea558392-bd68-40ed-b589-dcd959c37f2b,2026-09-28T00:42:01.321+00:00,2026-09-28T00:42:01.579+00:00,21072-30059,washers,50170078,72000000,2026-09-28 00:42:01,2026-09-28 00:31:25,29,636.0,1104.0,,Available,website maps this code to Available
1,ea558392-bd68-40ed-b589-dcd959c37f2b,2026-09-28T00:42:01.321+00:00,2026-09-28T00:42:01.579+00:00,21072-30059,washers,50170084,72000000,2026-09-28 00:42:01,2026-09-28 00:29:34,29,747.0,993.0,,Available,website maps this code to Available
1,ea558392-bd68-40ed-b589-dcd959c37f2b,2026-09-28T00:42:01.321+00:00,2026-09-28T00:42:01.579+00:00,21072-30059,washers,50170068,52000000,2026-09-28 00:42:01,2026-09-27 22:12:30,29,8971.0,-7231.0,,Available,website fallback: report over 1 hour old
1,ea558392-bd68-40ed-b589-dcd959c37f2b,2026-09-28T00:42:01.321+00:00,2026-09-28T00:42:01.579+00:00,21072-30059,washers,50170072,72000000,2026-09-28 00:42:01,2026-09-27 23:01:12,29,6049.0,-4309.0,,Available,website maps this code to Available
1,ea558392-bd68-40ed-b589-dcd959c37f2b,2026-09-28T00:42:01.321+00:00,2026-09-28T00:42:01.579+00:00,21072-30059,washers,20483408,72000000,2026-09-28 00:42:01,2024-12-20 00:43:32,0,55900709.0,-55900709.0,,Available,website maps this code to Available
1,ea558392-bd68-40ed-b589-dcd959c37f2b,2026-09-28T00:42:01.321+00:00,2026-09-28T00:42:01.579+00:00,21072-30059,washers,50170055,42000000,2026-09-28 00:42:01,2026-09-28 00:39:43,26,138.0,1422.0,24,Running,
1,ea558392-bd68-40ed-b589-dcd959c37f2b,2026-09-28T00:42:01.321+00:00,2026-09-28T00:42:01.579+00:00,21072-30059,dryers,50170058,D2000000,2026-09-28 00:42:01,2026-09-26 17:53:29,45,110912.0,-108212.0,,Start Mode After PF,
1,ea558392-bd68-40ed-b589-dcd959c37f2b,2026-09-28T00:42:01.321+00:00,2026-09-28T00:42:01.579+00:00,21072-30059,dryers,50170061,42000000,2026-09-28 00:42:01,2026-09-28 00:26:39,45,922.0,1778.0,30,Running,
1,ea558392-bd68-40ed-b589-dcd959c37f2b,2026-09-28T00:42:01.321+00:00,2026-09-28T00:42:01.579+00:00,21072-30059,dryers,50170081,42000000,2026-09-28 00:42:01,2026-09-28 00:26:15,45,946.0,1754.0,30,Running,
1,ea558392-bd68-40ed-b589-dcd959c37f2b,2026-09-28T00:42:01.321+00:00,2026-09-28T00:42:01.579+00:00,21072-30059,dryers,50170060,42000000,2026-09-28 00:42:01,2026-09-28 00:20:53,45,1268.0,1432.0,24,Running,
1,ea558392-bd68-40ed-b589-dcd959c37f2b,2026-09-28T00:42:01.321+00:00,2026-09-28T00:42:01.579+00:00,21072-30059,dryers,50170087,42000000,2026-09-28 00:42:01,2026-09-28 00:20:04,45,1317.0,1383.0,24,Running,
1,ea558392-bd68-40ed-b589-dcd959c37f2b,2026-09-28T00:42:01.321+00:00,2026-09-28T00:42:01.579+00:00,21072-30059,dryers,50170064,72000000,2026-09-28 00:42:01,2026-09-27 23:01:59,46,6002.0,-3242.0,,Available,website maps this code to Available
1,ea558392-bd68-40ed-b589-dcd959c37f2b,2026-09-28T00:42:01.321+00:00,2026-09-28T00:42:01.579+00:00,21072-30059,dryers,50170065,42000000,2026-09-28 00:42:01,2026-09-28 00:29:00,46,781.0,1979.0,33,Running,
1,ea558392-bd68-40ed-b589-dcd959c37f2b,2026-09-28T00:42:01.321+00:00,2026-09-28T00:42:01.579+00:00,21072-30059,dryers,50170059,42000000,2026-09-28 00:42:01,2026-09-28 00:31:11,45,650.0,2050.0,35,Running,
1,ea558392-bd68-40ed-b589-dcd959c37f2b,2026-09-28T00:42:01.321+00:00,2026-09-28T00:42:01.579+00:00,21072-30059,dryers,50170057,42000000,2026-09-28 00:42:01,2026-09-28 00:30:58,45,663.0,2037.0,34,Running,
1,ea558392-bd68-40ed-b589-dcd959c37f2b,2026-09-28T00:42:01.321+00:00,2026-09-28T00:42:01.579+00:00,21072-30059,dryers,50170062,72000000,2026-09-28 00:42:01,2026-09-27 07:03:28,46,63513.0,-60753.0,,Available,website maps this code to Available
1,ea558392-bd68-40ed-b589-dcd959c37f2b,2026-09-28T00:42:01.321+00:00,2026-09-28T00:42:01.579+00:00,21072-30059,dryers,50170067,42000000,2026-09-28 00:42:01,2026-09-28 00:32:57,45,544.0,2156.0,36,Running,
1,ea558392-bd68-40ed-b589-dcd959c37f2b,2026-09-28T00:42:01.321+00:00,2026-09-28T00:42:01.579+00:00,21072-30059,dryers,50170074,52000000,2026-09-28 00:42:01,2026-09-28 00:40:41,23,80.0,1300.0,,Finished,
1,ea558392-bd68-40ed-b589-dcd959c37f2b,2026-09-28T00:42:01.321+00:00,2026-09-28T00:42:01.579+00:00,21072-30059,dryers,50170071,42000000,2026-09-28 00:42:01,2026-09-28 00:34:18,45,463.0,2237.0,38,Running,
1,ea558392-bd68-40ed-b589-dcd959c37f2b,2026-09-28T00:42:01.321+00:00,2026-09-28T00:42:01.579+00:00,21072-30059,dryers,50170054,72000000,2026-09-28 00:42:01,2026-09-27 22:42:01,46,7200.0,-4440.0,,Available,website maps this code to Available
1,fc8f8af4-a90c-4d10-9889-93c7a0105e0e,2026-09-28T00:43:01.303+00:00,2026-09-28T00:43:01.492+00:00,21072-30059,washers,50170051,52000000,2026-09-28 00:43:01,2026-09-27 22:40:14,29,7367.0,-5627.0,,Available,website fallback: report over 1 hour old
1,fc8f8af4-a90c-4d10-9889-93c7a0105e0e,2026-09-28T00:43:01.303+00:00,2026-09-28T00:43:01.492+00:00,21072-30059,washers,50170080,72000000,2026-09-28 00:43:01,2026-09-28 00:26:38,29,983.0,757.0,,Available,website maps this code to Available
1,fc8f8af4-a90c-4d10-9889-93c7a0105e0e,2026-09-28T00:43:01.303+00:00,2026-09-28T00:43:01.492+00:00,21072-30059,washers,50170075,72000000,2026-09-28 00:43:01,2026-09-28 00:25:28,29,1053.0,687.0,,Available,website maps this code to Available
1,fc8f8af4-a90c-4d10-9889-93c7a0105e0e,2026-09-28T00:43:01.303+00:00,2026-09-28T00:43:01.492+00:00,21072-30059,washers,50170082,72000000,2026-09-28 00:43:01,2026-09-28 00:14:48,29,1693.0,47.0,,Available,website maps this code to Available
1,fc8f8af4-a90c-4d10-9889-93c7a0105e0e,2026-09-28T00:43:01.303+00:00,2026-09-28T00:43:01.492+00:00,21072-30059,washers,50170050,42000000,2026-09-28 00:43:01,2026-09-28 00:37:55,10,306.0,294.0,5,Running,
1,fc8f8af4-a90c-4d10-9889-93c7a0105e0e,2026-09-28T00:43:01.303+00:00,2026-09-28T00:43:01.492+00:00,21072-30059,washers,50170052,72000000,2026-09-28 00:43:01,2026-09-28 00:32:00,29,661.0,1079.0,,Available,website maps this code to Available
1,fc8f8af4-a90c-4d10-9889-93c7a0105e0e,2026-09-28T00:43:01.303+00:00,2026-09-28T00:43:01.492+00:00,21072-30059,washers,50170078,72000000,2026-09-28 00:43:01,2026-09-28 00:31:25,29,696.0,1044.0,,Available,website maps this code to Available
1,fc8f8af4-a90c-4d10-9889-93c7a0105e0e,2026-09-28T00:43:01.303+00:00,2026-09-28T00:43:01.492+00:00,21072-30059,washers,50170084,72000000,2026-09-28 00:43:01,2026-09-28 00:29:34,29,807.0,933.0,,Available,website maps this code to Available
1,fc8f8af4-a90c-4d10-9889-93c7a0105e0e,2026-09-28T00:43:01.303+00:00,2026-09-28T00:43:01.492+00:00,21072-30059,washers,50170068,52000000,2026-09-28 00:43:01,2026-09-27 22:12:30,29,9031.0,-7291.0,,Available,website fallback: report over 1 hour old
1,fc8f8af4-a90c-4d10-9889-93c7a0105e0e,2026-09-28T00:43:01.303+00:00,2026-09-28T00:43:01.492+00:00,21072-30059,washers,50170072,72000000,2026-09-28 00:43:01,2026-09-27 23:01:12,29,6109.0,-4369.0,,Available,website maps this code to Available
1,fc8f8af4-a90c-4d10-9889-93c7a0105e0e,2026-09-28T00:43:01.303+00:00,2026-09-28T00:43:01.492+00:00,21072-30059,washers,20483408,72000000,2026-09-28 00:43:01,2024-12-20 00:43:32,0,55900769.0,-55900769.0,,Available,website maps this code to Available
1,fc8f8af4-a90c-4d10-9889-93c7a0105e0e,2026-09-28T00:43:01.303+00:00,2026-09-28T00:43:01.492+00:00,21072-30059,washers,50170055,42000000,2026-09-28 00:43:01,2026-09-28 00:39:43,26,198.0,1362.0,23,Running,
1,fc8f8af4-a90c-4d10-9889-93c7a0105e0e,2026-09-28T00:43:01.303+00:00,2026-09-28T00:43:01.492+00:00,21072-30059,dryers,50170058,D2000000,2026-09-28 00:43:01,2026-09-26 17:53:29,45,110972.0,-108272.0,,Start Mode After PF,
1,fc8f8af4-a90c-4d10-9889-93c7a0105e0e,2026-09-28T00:43:01.303+00:00,2026-09-28T00:43:01.492+00:00,21072-30059,dryers,50170061,42000000,2026-09-28 00:43:01,2026-09-28 00:26:39,45,982.0,1718.0,29,Running,
1,fc8f8af4-a90c-4d10-9889-93c7a0105e0e,2026-09-28T00:43:01.303+00:00,2026-09-28T00:43:01.492+00:00,21072-30059,dryers,50170081,42000000,2026-09-28 00:43:01,2026-09-28 00:26:15,45,1006.0,1694.0,29,Running,
1,fc8f8af4-a90c-4d10-9889-93c7a0105e0e,2026-09-28T00:43:01.303+00:00,2026-09-28T00:43:01.492+00:00,21072-30059,dryers,50170060,42000000,2026-09-28 00:43:01,2026-09-28 00:20:53,45,1328.0,1372.0,23,Running,
1,fc8f8af4-a90c-4d10-9889-93c7a0105e0e,2026-09-28T00:43:01.303+00:00,2026-09-28T00:43:01.492+00:00,21072-30059,dryers,50170087,42000000,2026-09-28 00:43:01,2026-09-28 00:20:04,45,1377.0,1323.0,23,Running,
1,fc8f8af4-a90c-4d10-9889-93c7a0105e0e,2026-09-28T00:43:01.303+00:00,2026-09-28T00:43:01.492+00:00,21072-30059,dryers,50170064,72000000,2026-09-28 00:43:01,2026-09-27 23:01:59,46,6062.0,-3302.0,,Available,website maps this code to Available
1,fc8f8af4-a90c-4d10-9889-93c7a0105e0e,2026-09-28T00:43:01.303+00:00,2026-09-28T00:43:01.492+00:00,21072-30059,dryers,50170065,42000000,2026-09-28 00:43:01,2026-09-28 00:29:00,46,841.0,1919.0,32,Running,
1,fc8f8af4-a90c-4d10-9889-93c7a0105e0e,2026-09-28T00:43:01.303+00:00,2026-09-28T00:43:01.492+00:00,21072-30059,dryers,50170059,42000000,2026-09-28 00:43:01,2026-09-28 00:31:11,45,710.0,1990.0,34,Running,
1,fc8f8af4-a90c-4d10-9889-93c7a0105e0e,2026-09-28T00:43:01.303+00:00,2026-09-28T00:43:01.492+00:00,21072-30059,dryers,50170057,42000000,2026-09-28 00:43:01,2026-09-28 00:30:58,45,723.0,1977.0,33,Running,
1,fc8f8af4-a90c-4d10-9889-93c7a0105e0e,2026-09-28T00:43:01.303+00:00,2026-09-28T00:43:01.492+00:00,21072-30059,dryers,50170062,72000000,2026-09-28 00:43:01,2026-09-27 07:03:28,46,63573.0,-60813.0,,Available,website maps this code to Available
1,fc8f8af4-a90c-4d10-9889-93c7a0105e0e,2026-09-28T00:43:01.303+00:00,2026-09-28T00:43:01.492+00:00,21072-30059,dryers,50170067,42000000,2026-09-28 00:43:01,2026-09-28 00:32:57,45,604.0,2096.0,35,Running,
1,fc8f8af4-a90c-4d10-9889-93c7a0105e0e,2026-09-28T00:43:01.303+00:00,2026-09-28T00:43:01.492+00:00,21072-30059,dryers,50170074,52000000,2026-09-28 00:43:01,2026-09-28 00:40:41,23,140.0,1240.0,,Finished,
1,fc8f8af4-a90c-4d10-9889-93c7a0105e0e,2026-09-28T00:43:01.303+00:00,2026-09-28T00:43:01.492+00:00,21072-30059,dryers,50170071,42000000,2026-09-28 00:43:01,2026-09-28 00:34:18,45,523.0,2177.0,37,Running,
1,fc8f8af4-a90c-4d10-9889-93c7a0105e0e,2026-09-28T00:43:01.303+00:00,2026-09-28T00:43:01.492+00:00,21072-30059,dryers,50170054,72000000,2026-09-28 00:43:01,2026-09-27 22:42:01,46,7260.0,-4500.0,,Available,website maps this code to Available
1,9ad440ee-59a2-4844-8421-7351686b8c1c,2026-09-28T00:44:01.287+00:00,2026-09-28T00:44:01.550+00:00,21072-30059,washers,50170051,52000000,2026-09-28 00:44:01,2026-09-27 22:40:14,29,7427.0,-5687.0,,Available,website fallback: report over 1 hour old
1,9ad440ee-59a2-4844-8421-7351686b8c1c,2026-09-28T00:44:01.287+00:00,2026-09-28T00:44:01.550+00:00,21072-30059,washers,50170080,72000000,2026-09-28 00:44:01,2026-09-28 00:26:38,29,1043.0,697.0,,Available,website maps this code to Available
1,9ad440ee-59a2-4844-8421-7351686b8c1c,2026-09-28T00:44:01.287+00:00,2026-09-28T00:44:01.550+00:00,21072-30059,washers,50170075,72000000,2026-09-28 00:44:01,2026-09-28 00:25:28,29,1113.0,627.0,,Available,website maps this code to Available
1,9ad440ee-59a2-4844-8421-7351686b8c1c,2026-09-28T00:44:01.287+00:00,2026-09-28T00:44:01.550+00:00,21072-30059,washers,50170082,72000000,2026-09-28 00:44:01,2026-09-28 00:14:48,29,1753.0,-13.0,,Available,website maps this code to Available
1,9ad440ee-59a2-4844-8421-7351686b8c1c,2026-09-28T00:44:01.287+00:00,2026-09-28T00:44:01.550+00:00,21072-30059,washers,50170050,42000000,2026-09-28 00:44:01,2026-09-28 00:37:55,10,366.0,234.0,4,Running,
1,9ad440ee-59a2-4844-8421-7351686b8c1c,2026-09-28T00:44:01.287+00:00,2026-09-28T00:44:01.550+00:00,21072-30059,washers,50170052,72000000,2026-09-28 00:44:01,2026-09-28 00:32:00,29,721.0,1019.0,,Available,website maps this code to Available
1,9ad440ee-59a2-4844-8421-7351686b8c1c,2026-09-28T00:44:01.287+00:00,2026-09-28T00:44:01.550+00:00,21072-30059,washers,50170078,72000000,2026-09-28 00:44:01,2026-09-28 00:31:25,29,756.0,984.0,,Available,website maps this code to Available
1,9ad440ee-59a2-4844-8421-7351686b8c1c,2026-09-28T00:44:01.287+00:00,2026-09-28T00:44:01.550+00:00,21072-30059,washers,50170084,72000000,2026-09-28 00:44:01,2026-09-28 00:29:34,29,867.0,873.0,,Available,website maps this code to Available
1,9ad440ee-59a2-4844-8421-7351686b8c1c,2026-09-28T00:44:01.287+00:00,2026-09-28T00:44:01.550+00:00,21072-30059,washers,50170068,52000000,2026-09-28 00:44:01,2026-09-27 22:12:30,29,9091.0,-7351.0,,Available,website fallback: report over 1 hour old
1,9ad440ee-59a2-4844-8421-7351686b8c1c,2026-09-28T00:44:01.287+00:00,2026-09-28T00:44:01.550+00:00,21072-30059,washers,50170072,72000000,2026-09-28 00:44:01,2026-09-27 23:01:12,29,6169.0,-4429.0,,Available,website maps this code to Available
1,9ad440ee-59a2-4844-8421-7351686b8c1c,2026-09-28T00:44:01.287+00:00,2026-09-28T00:44:01.550+00:00,21072-30059,washers,20483408,72000000,2026-09-28 00:44:01,2024-12-20 00:43:32,0,55900829.0,-55900829.0,,Available,website maps this code to Available
1,9ad440ee-59a2-4844-8421-7351686b8c1c,2026-09-28T00:44:01.287+00:00,2026-09-28T00:44:01.550+00:00,21072-30059,washers,50170055,42000000,2026-09-28 00:44:01,2026-09-28 00:39:43,26,258.0,1302.0,22,Running,
1,9ad440ee-59a2-4844-8421-7351686b8c1c,2026-09-28T00:44:01.287+00:00,2026-09-28T00:44:01.550+00:00,21072-30059,dryers,50170058,D2000000,2026-09-28 00:44:01,2026-09-26 17:53:29,45,111032.0,-108332.0,,Start Mode After PF,
1,9ad440ee-59a2-4844-8421-7351686b8c1c,2026-09-28T00:44:01.287+00:00,2026-09-28T00:44:01.550+00:00,21072-30059,dryers,50170061,42000000,2026-09-28 00:44:01,2026-09-28 00:26:39,45,1042.0,1658.0,28,Running,
1,9ad440ee-59a2-4844-8421-7351686b8c1c,2026-09-28T00:44:01.287+00:00,2026-09-28T00:44:01.550+00:00,21072-30059,dryers,50170081,42000000,2026-09-28 00:44:01,2026-09-28 00:26:15,45,1066.0,1634.0,28,Running,
1,9ad440ee-59a2-4844-8421-7351686b8c1c,2026-09-28T00:44:01.287+00:00,2026-09-28T00:44:01.550+00:00,21072-30059,dryers,50170060,42000000,2026-09-28 00:44:01,2026-09-28 00:20:53,45,1388.0,1312.0,22,Running,
1,9ad440ee-59a2-4844-8421-7351686b8c1c,2026-09-28T00:44:01.287+00:00,2026-09-28T00:44:01.550+00:00,21072-30059,dryers,50170087,42000000,2026-09-28 00:44:01,2026-09-28 00:20:04,45,1437.0,1263.0,22,Running,
1,9ad440ee-59a2-4844-8421-7351686b8c1c,2026-09-28T00:44:01.287+00:00,2026-09-28T00:44:01.550+00:00,21072-30059,dryers,50170064,72000000,2026-09-28 00:44:01,2026-09-27 23:01:59,46,6122.0,-3362.0,,Available,website maps this code to Available
1,9ad440ee-59a2-4844-8421-7351686b8c1c,2026-09-28T00:44:01.287+00:00,2026-09-28T00:44:01.550+00:00,21072-30059,dryers,50170065,42000000,2026-09-28 00:44:01,2026-09-28 00:29:00,46,901.0,1859.0,31,Running,
1,9ad440ee-59a2-4844-8421-7351686b8c1c,2026-09-28T00:44:01.287+00:00,2026-09-28T00:44:01.550+00:00,21072-30059,dryers,50170059,42000000,2026-09-28 00:44:01,2026-09-28 00:31:11,45,770.0,1930.0,33,Running,
1,9ad440ee-59a2-4844-8421-7351686b8c1c,2026-09-28T00:44:01.287+00:00,2026-09-28T00:44:01.550+00:00,21072-30059,dryers,50170057,42000000,2026-09-28 00:44:01,2026-09-28 00:30:58,45,783.0,1917.0,32,Running,
1,9ad440ee-59a2-4844-8421-7351686b8c1c,2026-09-28T00:44:01.287+00:00,2026-09-28T00:44:01.550+00:00,21072-30059,dryers,50170062,72000000,2026-09-28 00:44:01,2026-09-27 07:03:28,46,63633.0,-60873.0,,Available,website maps this code to Available
1,9ad440ee-59a2-4844-8421-7351686b8c1c,2026-09-28T00:44:01.287+00:00,2026-09-28T00:44:01.550+00:00,21072-30059,dryers,50170067,42000000,2026-09-28 00:44:01,2026-09-28 00:32:57,45,664.0,2036.0,34,Running,
1,9ad440ee-59a2-4844-8421-7351686b8c1c,2026-09-28T00:44:01.287+00:00,2026-09-28T00:44:01.550+00:00,21072-30059,dryers,50170074,52000000,2026-09-28 00:44:01,2026-09-28 00:40:41,23,200.0,1180.0,,Finished,
1,9ad440ee-59a2-4844-8421-7351686b8c1c,2026-09-28T00:44:01.287+00:00,2026-09-28T00:44:01.550+00:00,21072-30059,dryers,50170071,42000000,2026-09-28 00:44:01,2026-09-28 00:34:18,45,583.0,2117.0,36,Running,
1,9ad440ee-59a2-4844-8421-7351686b8c1c,2026-09-28T00:44:01.287+00:00,2026-09-28T00:44:01.550+00:00,21072-30059,dryers,50170054,72000000,2026-09-28 00:44:01,2026-09-27 22:42:01,46,7320.0,-4560.0,,Available,website maps this code to Available
1,546517fd-8513-449c-855c-e355bba234ef,2026-09-28T00:45:00.753+00:00,2026-09-28T00:45:00.939+00:00,21072-30059,washers,50170051,52000000,2026-09-28 00:45:00,2026-09-27 22:40:14,29,7486.0,-5746.0,,Available,website fallback: report over 1 hour old
1,546517fd-8513-449c-855c-e355bba234ef,2026-09-28T00:45:00.753+00:00,2026-09-28T00:45:00.939+00:00,21072-30059,washers,50170080,72000000,2026-09-28 00:45:00,2026-09-28 00:26:38,29,1102.0,638.0,,Available,website maps this code to Available
1,546517fd-8513-449c-855c-e355bba234ef,2026-09-28T00:45:00.753+00:00,2026-09-28T00:45:00.939+00:00,21072-30059,washers,50170075,72000000,2026-09-28 00:45:00,2026-09-28 00:25:28,29,1172.0,568.0,,Available,website maps this code to Available
1,546517fd-8513-449c-855c-e355bba234ef,2026-09-28T00:45:00.753+00:00,2026-09-28T00:45:00.939+00:00,21072-30059,washers,50170082,72000000,2026-09-28 00:45:00,2026-09-28 00:14:48,29,1812.0,-72.0,,Available,website maps this code to Available
1,546517fd-8513-449c-855c-e355bba234ef,2026-09-28T00:45:00.753+00:00,2026-09-28T00:45:00.939+00:00,21072-30059,washers,50170050,42000000,2026-09-28 00:45:00,2026-09-28 00:37:55,10,425.0,175.0,3,Running,
1,546517fd-8513-449c-855c-e355bba234ef,2026-09-28T00:45:00.753+00:00,2026-09-28T00:45:00.939+00:00,21072-30059,washers,50170052,72000000,2026-09-28 00:45:00,2026-09-28 00:32:00,29,780.0,960.0,,Available,website maps this code to Available
1,546517fd-8513-449c-855c-e355bba234ef,2026-09-28T00:45:00.753+00:00,2026-09-28T00:45:00.939+00:00,21072-30059,washers,50170078,72000000,2026-09-28 00:45:00,2026-09-28 00:31:25,29,815.0,925.0,,Available,website maps this code to Available
1,546517fd-8513-449c-855c-e355bba234ef,2026-09-28T00:45:00.753+00:00,2026-09-28T00:45:00.939+00:00,21072-30059,washers,50170084,72000000,2026-09-28 00:45:00,2026-09-28 00:29:34,29,926.0,814.0,,Available,website maps this code to Available
1,546517fd-8513-449c-855c-e355bba234ef,2026-09-28T00:45:00.753+00:00,2026-09-28T00:45:00.939+00:00,21072-30059,washers,50170068,52000000,2026-09-28 00:45:00,2026-09-27 22:12:30,29,9150.0,-7410.0,,Available,website fallback: report over 1 hour old
1,546517fd-8513-449c-855c-e355bba234ef,2026-09-28T00:45:00.753+00:00,2026-09-28T00:45:00.939+00:00,21072-30059,washers,50170072,72000000,2026-09-28 00:45:00,2026-09-27 23:01:12,29,6228.0,-4488.0,,Available,website maps this code to Available
1,546517fd-8513-449c-855c-e355bba234ef,2026-09-28T00:45:00.753+00:00,2026-09-28T00:45:00.939+00:00,21072-30059,washers,20483408,72000000,2026-09-28 00:45:00,2024-12-20 00:43:32,0,55900888.0,-55900888.0,,Available,website maps this code to Available
1,546517fd-8513-449c-855c-e355bba234ef,2026-09-28T00:45:00.753+00:00,2026-09-28T00:45:00.939+00:00,21072-30059,washers,50170055,42000000,2026-09-28 00:45:00,2026-09-28 00:39:43,26,317.0,1243.0,21,Running,
1,546517fd-8513-449c-855c-e355bba234ef,2026-09-28T00:45:00.753+00:00,2026-09-28T00:45:00.939+00:00,21072-30059,dryers,50170058,D2000000,2026-09-28 00:45:00,2026-09-26 17:53:29,45,111091.0,-108391.0,,Start Mode After PF,
1,546517fd-8513-449c-855c-e355bba234ef,2026-09-28T00:45:00.753+00:00,2026-09-28T00:45:00.939+00:00,21072-30059,dryers,50170061,42000000,2026-09-28 00:45:00,2026-09-28 00:26:39,45,1101.0,1599.0,27,Running,
1,546517fd-8513-449c-855c-e355bba234ef,2026-09-28T00:45:00.753+00:00,2026-09-28T00:45:00.939+00:00,21072-30059,dryers,50170081,42000000,2026-09-28 00:45:00,2026-09-28 00:26:15,45,1125.0,1575.0,27,Running,
1,546517fd-8513-449c-855c-e355bba234ef,2026-09-28T00:45:00.753+00:00,2026-09-28T00:45:00.939+00:00,21072-30059,dryers,50170060,42000000,2026-09-28 00:45:00,2026-09-28 00:20:53,45,1447.0,1253.0,21,Running,
1,546517fd-8513-449c-855c-e355bba234ef,2026-09-28T00:45:00.753+00:00,2026-09-28T00:45:00.939+00:00,21072-30059,dryers,50170087,42000000,2026-09-28 00:45:00,2026-09-28 00:20:04,45,1496.0,1204.0,21,Running,
1,546517fd-8513-449c-855c-e355bba234ef,2026-09-28T00:45:00.753+00:00,2026-09-28T00:45:00.939+00:00,21072-30059,dryers,50170064,72000000,2026-09-28 00:45:00,2026-09-27 23:01:59,46,6181.0,-3421.0,,Available,website maps this code to Available
1,546517fd-8513-449c-855c-e355bba234ef,2026-09-28T00:45:00.753+00:00,2026-09-28T00:45:00.939+00:00,21072-30059,dryers,50170065,42000000,2026-09-28 00:45:00,2026-09-28 00:29:00,46,960.0,1800.0,30,Running,
1,546517fd-8513-449c-855c-e355bba234ef,2026-09-28T00:45:00.753+00:00,2026-09-28T00:45:00.939+00:00,21072-30059,dryers,50170059,42000000,2026-09-28 00:45:00,2026-09-28 00:31:11,45,829.0,1871.0,32,Running,
1,546517fd-8513-449c-855c-e355bba234ef,2026-09-28T00:45:00.753+00:00,2026-09-28T00:45:00.939+00:00,21072-30059,dryers,50170057,42000000,2026-09-28 00:45:00,2026-09-28 00:30:58,45,842.0,1858.0,31,Running,
1,546517fd-8513-449c-855c-e355bba234ef,2026-09-28T00:45:00.753+00:00,2026-09-28T00:45:00.939+00:00,21072-30059,dryers,50170062,72000000,2026-09-28 00:45:00,2026-09-27 07:03:28,46,63692.0,-60932.0,,Available,website maps this code to Available
1,546517fd-8513-449c-855c-e355bba234ef,2026-09-28T00:45:00.753+00:00,2026-09-28T00:45:00.939+00:00,21072-30059,dryers,50170067,42000000,2026-09-28 00:45:00,2026-09-28 00:32:57,45,723.0,1977.0,33,Running,
1,546517fd-8513-449c-855c-e355bba234ef,2026-09-28T00:45:00.753+00:00,2026-09-28T00:45:00.939+00:00,21072-30059,dryers,50170074,52000000,2026-09-28 00:45:00,2026-09-28 00:40:41,23,259.0,1121.0,,Finished,
1,546517fd-8513-449c-855c-e355bba234ef,2026-09-28T00:45:00.753+00:00,2026-09-28T00:45:00.939+00:00,21072-30059,dryers,50170071,42000000,2026-09-28 00:45:00,2026-09-28 00:34:18,45,642.0,2058.0,35,Running,
1,546517fd-8513-449c-855c-e355bba234ef,2026-09-28T00:45:00.753+00:00,2026-09-28T00:45:00.939+00:00,21072-30059,dryers,50170054,72000000,2026-09-28 00:45:00,2026-09-27 22:42:01,46,7379.0,-4619.0,,Available,website maps this code to Available
1,c02bea4c-5084-4985-8c4d-0272f2107a11,2026-09-28T00:46:01.295+00:00,2026-09-28T00:46:01.508+00:00,21072-30059,washers,50170051,52000000,2026-09-28 00:46:01,2026-09-27 22:40:14,29,7547.0,-5807.0,,Available,website fallback: report over 1 hour old
1,c02bea4c-5084-4985-8c4d-0272f2107a11,2026-09-28T00:46:01.295+00:00,2026-09-28T00:46:01.508+00:00,21072-30059,washers,50170080,72000000,2026-09-28 00:46:01,2026-09-28 00:26:38,29,1163.0,577.0,,Available,website maps this code to Available
1,c02bea4c-5084-4985-8c4d-0272f2107a11,2026-09-28T00:46:01.295+00:00,2026-09-28T00:46:01.508+00:00,21072-30059,washers,50170075,72000000,2026-09-28 00:46:01,2026-09-28 00:25:28,29,1233.0,507.0,,Available,website maps this code to Available
1,c02bea4c-5084-4985-8c4d-0272f2107a11,2026-09-28T00:46:01.295+00:00,2026-09-28T00:46:01.508+00:00,21072-30059,washers,50170082,72000000,2026-09-28 00:46:01,2026-09-28 00:14:48,29,1873.0,-133.0,,Available,website maps this code to Available
1,c02bea4c-5084-4985-8c4d-0272f2107a11,2026-09-28T00:46:01.295+00:00,2026-09-28T00:46:01.508+00:00,21072-30059,washers,50170050,42000000,2026-09-28 00:46:01,2026-09-28 00:37:55,10,486.0,114.0,2,Running,
1,c02bea4c-5084-4985-8c4d-0272f2107a11,2026-09-28T00:46:01.295+00:00,2026-09-28T00:46:01.508+00:00,21072-30059,washers,50170052,72000000,2026-09-28 00:46:01,2026-09-28 00:32:00,29,841.0,899.0,,Available,website maps this code to Available
1,c02bea4c-5084-4985-8c4d-0272f2107a11,2026-09-28T00:46:01.295+00:00,2026-09-28T00:46:01.508+00:00,21072-30059,washers,50170078,72000000,2026-09-28 00:46:01,2026-09-28 00:31:25,29,876.0,864.0,,Available,website maps this code to Available
1,c02bea4c-5084-4985-8c4d-0272f2107a11,2026-09-28T00:46:01.295+00:00,2026-09-28T00:46:01.508+00:00,21072-30059,washers,50170084,72000000,2026-09-28 00:46:01,2026-09-28 00:29:34,29,987.0,753.0,,Available,website maps this code to Available
1,c02bea4c-5084-4985-8c4d-0272f2107a11,2026-09-28T00:46:01.295+00:00,2026-09-28T00:46:01.508+00:00,21072-30059,washers,50170068,52000000,2026-09-28 00:46:01,2026-09-27 22:12:30,29,9211.0,-7471.0,,Available,website fallback: report over 1 hour old
1,c02bea4c-5084-4985-8c4d-0272f2107a11,2026-09-28T00:46:01.295+00:00,2026-09-28T00:46:01.508+00:00,21072-30059,washers,50170072,72000000,2026-09-28 00:46:01,2026-09-27 23:01:12,29,6289.0,-4549.0,,Available,website maps this code to Available
1,c02bea4c-5084-4985-8c4d-0272f2107a11,2026-09-28T00:46:01.295+00:00,2026-09-28T00:46:01.508+00:00,21072-30059,washers,20483408,72000000,2026-09-28 00:46:01,2024-12-20 00:43:32,0,55900949.0,-55900949.0,,Available,website maps this code to Available
1,c02bea4c-5084-4985-8c4d-0272f2107a11,2026-09-28T00:46:01.295+00:00,2026-09-28T00:46:01.508+00:00,21072-30059,washers,50170055,42000000,2026-09-28 00:46:01,2026-09-28 00:39:43,26,378.0,1182.0,20,Running,
1,c02bea4c-5084-4985-8c4d-0272f2107a11,2026-09-28T00:46:01.295+00:00,2026-09-28T00:46:01.508+00:00,21072-30059,dryers,50170058,D2000000,2026-09-28 00:46:01,2026-09-26 17:53:29,45,111152.0,-108452.0,,Start Mode After PF,
1,c02bea4c-5084-4985-8c4d-0272f2107a11,2026-09-28T00:46:01.295+00:00,2026-09-28T00:46:01.508+00:00,21072-30059,dryers,50170061,42000000,2026-09-28 00:46:01,2026-09-28 00:26:39,45,1162.0,1538.0,26,Running,
1,c02bea4c-5084-4985-8c4d-0272f2107a11,2026-09-28T00:46:01.295+00:00,2026-09-28T00:46:01.508+00:00,21072-30059,dryers,50170081,42000000,2026-09-28 00:46:01,2026-09-28 00:26:15,45,1186.0,1514.0,26,Running,
1,c02bea4c-5084-4985-8c4d-0272f2107a11,2026-09-28T00:46:01.295+00:00,2026-09-28T00:46:01.508+00:00,21072-30059,dryers,50170060,42000000,2026-09-28 00:46:01,2026-09-28 00:20:53,45,1508.0,1192.0,20,Running,
1,c02bea4c-5084-4985-8c4d-0272f2107a11,2026-09-28T00:46:01.295+00:00,2026-09-28T00:46:01.508+00:00,21072-30059,dryers,50170087,42000000,2026-09-28 00:46:01,2026-09-28 00:20:04,45,1557.0,1143.0,20,Running,
1,c02bea4c-5084-4985-8c4d-0272f2107a11,2026-09-28T00:46:01.295+00:00,2026-09-28T00:46:01.508+00:00,21072-30059,dryers,50170064,72000000,2026-09-28 00:46:01,2026-09-27 23:01:59,46,6242.0,-3482.0,,Available,website maps this code to Available
1,c02bea4c-5084-4985-8c4d-0272f2107a11,2026-09-28T00:46:01.295+00:00,2026-09-28T00:46:01.508+00:00,21072-30059,dryers,50170065,42000000,2026-09-28 00:46:01,2026-09-28 00:29:00,46,1021.0,1739.0,29,Running,
1,c02bea4c-5084-4985-8c4d-0272f2107a11,2026-09-28T00:46:01.295+00:00,2026-09-28T00:46:01.508+00:00,21072-30059,dryers,50170059,42000000,2026-09-28 00:46:01,2026-09-28 00:31:11,45,890.0,1810.0,31,Running,
1,c02bea4c-5084-4985-8c4d-0272f2107a11,2026-09-28T00:46:01.295+00:00,2026-09-28T00:46:01.508+00:00,21072-30059,dryers,50170057,42000000,2026-09-28 00:46:01,2026-09-28 00:30:58,45,903.0,1797.0,30,Running,
1,c02bea4c-5084-4985-8c4d-0272f2107a11,2026-09-28T00:46:01.295+00:00,2026-09-28T00:46:01.508+00:00,21072-30059,dryers,50170062,72000000,2026-09-28 00:46:01,2026-09-27 07:03:28,46,63753.0,-60993.0,,Available,website maps this code to Available
1,c02bea4c-5084-4985-8c4d-0272f2107a11,2026-09-28T00:46:01.295+00:00,2026-09-28T00:46:01.508+00:00,21072-30059,dryers,50170067,42000000,2026-09-28 00:46:01,2026-09-28 00:32:57,45,784.0,1916.0,32,Running,
1,c02bea4c-5084-4985-8c4d-0272f2107a11,2026-09-28T00:46:01.295+00:00,2026-09-28T00:46:01.508+00:00,21072-30059,dryers,50170074,52000000,2026-09-28 00:46:01,2026-09-28 00:40:41,23,320.0,1060.0,,Finished,
1,c02bea4c-5084-4985-8c4d-0272f2107a11,2026-09-28T00:46:01.295+00:00,2026-09-28T00:46:01.508+00:00,21072-30059,dryers,50170071,42000000,2026-09-28 00:46:01,2026-09-28 00:34:18,45,703.0,1997.0,34,Running,
1,c02bea4c-5084-4985-8c4d-0272f2107a11,2026-09-28T00:46:01.295+00:00,2026-09-28T00:46:01.508+00:00,21072-30059,dryers,50170054,72000000,2026-09-28 00:46:01,2026-09-27 22:42:01,46,7440.0,-4680.0,,Available,website maps this code to Available
1,0d21364f-ebc2-4273-b9f7-675da691f7b7,2026-09-28T00:47:01.307+00:00,2026-09-28T00:47:01.485+00:00,21072-30059,washers,50170051,52000000,2026-09-28 00:47:01,2026-09-27 22:40:14,29,7607.0,-5867.0,,Available,website fallback: report over 1 hour old
1,0d21364f-ebc2-4273-b9f7-675da691f7b7,2026-09-28T00:47:01.307+00:00,2026-09-28T00:47:01.485+00:00,21072-30059,washers,50170080,72000000,2026-09-28 00:47:01,2026-09-28 00:26:38,29,1223.0,517.0,,Available,website maps this code to Available
1,0d21364f-ebc2-4273-b9f7-675da691f7b7,2026-09-28T00:47:01.307+00:00,2026-09-28T00:47:01.485+00:00,21072-30059,washers,50170075,72000000,2026-09-28 00:47:01,2026-09-28 00:25:28,29,1293.0,447.0,,Available,website maps this code to Available
1,0d21364f-ebc2-4273-b9f7-675da691f7b7,2026-09-28T00:47:01.307+00:00,2026-09-28T00:47:01.485+00:00,21072-30059,washers,50170082,72000000,2026-09-28 00:47:01,2026-09-28 00:14:48,29,1933.0,-193.0,,Available,website maps this code to Available
1,0d21364f-ebc2-4273-b9f7-675da691f7b7,2026-09-28T00:47:01.307+00:00,2026-09-28T00:47:01.485+00:00,21072-30059,washers,50170050,42000000,2026-09-28 00:47:01,2026-09-28 00:37:55,10,546.0,54.0,1,Running,
1,0d21364f-ebc2-4273-b9f7-675da691f7b7,2026-09-28T00:47:01.307+00:00,2026-09-28T00:47:01.485+00:00,21072-30059,washers,50170052,72000000,2026-09-28 00:47:01,2026-09-28 00:32:00,29,901.0,839.0,,Available,website maps this code to Available
1,0d21364f-ebc2-4273-b9f7-675da691f7b7,2026-09-28T00:47:01.307+00:00,2026-09-28T00:47:01.485+00:00,21072-30059,washers,50170078,72000000,2026-09-28 00:47:01,2026-09-28 00:31:25,29,936.0,804.0,,Available,website maps this code to Available
1,0d21364f-ebc2-4273-b9f7-675da691f7b7,2026-09-28T00:47:01.307+00:00,2026-09-28T00:47:01.485+00:00,21072-30059,washers,50170084,72000000,2026-09-28 00:47:01,2026-09-28 00:29:34,29,1047.0,693.0,,Available,website maps this code to Available
1,0d21364f-ebc2-4273-b9f7-675da691f7b7,2026-09-28T00:47:01.307+00:00,2026-09-28T00:47:01.485+00:00,21072-30059,washers,50170068,52000000,2026-09-28 00:47:01,2026-09-27 22:12:30,29,9271.0,-7531.0,,Available,website fallback: report over 1 hour old
1,0d21364f-ebc2-4273-b9f7-675da691f7b7,2026-09-28T00:47:01.307+00:00,2026-09-28T00:47:01.485+00:00,21072-30059,washers,50170072,72000000,2026-09-28 00:47:01,2026-09-27 23:01:12,29,6349.0,-4609.0,,Available,website maps this code to Available
1,0d21364f-ebc2-4273-b9f7-675da691f7b7,2026-09-28T00:47:01.307+00:00,2026-09-28T00:47:01.485+00:00,21072-30059,washers,20483408,72000000,2026-09-28 00:47:01,2024-12-20 00:43:32,0,55901009.0,-55901009.0,,Available,website maps this code to Available
1,0d21364f-ebc2-4273-b9f7-675da691f7b7,2026-09-28T00:47:01.307+00:00,2026-09-28T00:47:01.485+00:00,21072-30059,washers,50170055,42000000,2026-09-28 00:47:01,2026-09-28 00:39:43,26,438.0,1122.0,19,Running,
1,0d21364f-ebc2-4273-b9f7-675da691f7b7,2026-09-28T00:47:01.307+00:00,2026-09-28T00:47:01.485+00:00,21072-30059,dryers,50170058,D2000000,2026-09-28 00:47:01,2026-09-26 17:53:29,45,111212.0,-108512.0,,Start Mode After PF,
1,0d21364f-ebc2-4273-b9f7-675da691f7b7,2026-09-28T00:47:01.307+00:00,2026-09-28T00:47:01.485+00:00,21072-30059,dryers,50170061,42000000,2026-09-28 00:47:01,2026-09-28 00:26:39,45,1222.0,1478.0,25,Running,
1,0d21364f-ebc2-4273-b9f7-675da691f7b7,2026-09-28T00:47:01.307+00:00,2026-09-28T00:47:01.485+00:00,21072-30059,dryers,50170081,42000000,2026-09-28 00:47:01,2026-09-28 00:26:15,45,1246.0,1454.0,25,Running,
1,0d21364f-ebc2-4273-b9f7-675da691f7b7,2026-09-28T00:47:01.307+00:00,2026-09-28T00:47:01.485+00:00,21072-30059,dryers,50170060,42000000,2026-09-28 00:47:01,2026-09-28 00:20:53,45,1568.0,1132.0,19,Running,
1,0d21364f-ebc2-4273-b9f7-675da691f7b7,2026-09-28T00:47:01.307+00:00,2026-09-28T00:47:01.485+00:00,21072-30059,dryers,50170087,42000000,2026-09-28 00:47:01,2026-09-28 00:20:04,45,1617.0,1083.0,19,Running,
1,0d21364f-ebc2-4273-b9f7-675da691f7b7,2026-09-28T00:47:01.307+00:00,2026-09-28T00:47:01.485+00:00,21072-30059,dryers,50170064,72000000,2026-09-28 00:47:01,2026-09-27 23:01:59,46,6302.0,-3542.0,,Available,website maps this code to Available
1,0d21364f-ebc2-4273-b9f7-675da691f7b7,2026-09-28T00:47:01.307+00:00,2026-09-28T00:47:01.485+00:00,21072-30059,dryers,50170065,42000000,2026-09-28 00:47:01,2026-09-28 00:29:00,46,1081.0,1679.0,28,Running,
1,0d21364f-ebc2-4273-b9f7-675da691f7b7,2026-09-28T00:47:01.307+00:00,2026-09-28T00:47:01.485+00:00,21072-30059,dryers,50170059,42000000,2026-09-28 00:47:01,2026-09-28 00:31:11,45,950.0,1750.0,30,Running,
1,0d21364f-ebc2-4273-b9f7-675da691f7b7,2026-09-28T00:47:01.307+00:00,2026-09-28T00:47:01.485+00:00,21072-30059,dryers,50170057,42000000,2026-09-28 00:47:01,2026-09-28 00:30:58,45,963.0,1737.0,29,Running,
1,0d21364f-ebc2-4273-b9f7-675da691f7b7,2026-09-28T00:47:01.307+00:00,2026-09-28T00:47:01.485+00:00,21072-30059,dryers,50170062,72000000,2026-09-28 00:47:01,2026-09-27 07:03:28,46,63813.0,-61053.0,,Available,website maps this code to Available
1,0d21364f-ebc2-4273-b9f7-675da691f7b7,2026-09-28T00:47:01.307+00:00,2026-09-28T00:47:01.485+00:00,21072-30059,dryers,50170067,42000000,2026-09-28 00:47:01,2026-09-28 00:32:57,45,844.0,1856.0,31,Running,
1,0d21364f-ebc2-4273-b9f7-675da691f7b7,2026-09-28T00:47:01.307+00:00,2026-09-28T00:47:01.485+00:00,21072-30059,dryers,50170074,52000000,2026-09-28 00:47:01,2026-09-28 00:40:41,23,380.0,1000.0,,Finished,
1,0d21364f-ebc2-4273-b9f7-675da691f7b7,2026-09-28T00:47:01.307+00:00,2026-09-28T00:47:01.485+00:00,21072-30059,dryers,50170071,42000000,2026-09-28 00:47:01,2026-09-28 00:34:18,45,763.0,1937.0,33,Running,
1,0d21364f-ebc2-4273-b9f7-675da691f7b7,2026-09-28T00:47:01.307+00:00,2026-09-28T00:47:01.485+00:00,21072-30059,dryers,50170054,72000000,2026-09-28 00:47:01,2026-09-27 22:42:01,46,7500.0,-4740.0,,Available,website maps this code to Available
1,1d9a1f22-c025-49d3-abb1-89ed4896b72b,2026-09-28T00:48:01.268+00:00,2026-09-28T00:48:01.462+00:00,21072-30059,washers,50170051,52000000,2026-09-28 00:48:01,2026-09-27 22:40:14,29,7667.0,-5927.0,,Available,website fallback: report over 1 hour old
1,1d9a1f22-c025-49d3-abb1-89ed4896b72b,2026-09-28T00:48:01.268+00:00,2026-09-28T00:48:01.462+00:00,21072-30059,washers,50170080,72000000,2026-09-28 00:48:01,2026-09-28 00:26:38,29,1283.0,457.0,,Available,website maps this code to Available
1,1d9a1f22-c025-49d3-abb1-89ed4896b72b,2026-09-28T00:48:01.268+00:00,2026-09-28T00:48:01.462+00:00,21072-30059,washers,50170075,72000000,2026-09-28 00:48:01,2026-09-28 00:25:28,29,1353.0,387.0,,Available,website maps this code to Available
1,1d9a1f22-c025-49d3-abb1-89ed4896b72b,2026-09-28T00:48:01.268+00:00,2026-09-28T00:48:01.462+00:00,21072-30059,washers,50170082,72000000,2026-09-28 00:48:01,2026-09-28 00:14:48,29,1993.0,-253.0,,Available,website maps this code to Available
1,1d9a1f22-c025-49d3-abb1-89ed4896b72b,2026-09-28T00:48:01.268+00:00,2026-09-28T00:48:01.462+00:00,21072-30059,washers,50170050,42000000,2026-09-28 00:48:01,2026-09-28 00:37:55,10,606.0,-6.0,,Available,website fallback: countdown expired
1,1d9a1f22-c025-49d3-abb1-89ed4896b72b,2026-09-28T00:48:01.268+00:00,2026-09-28T00:48:01.462+00:00,21072-30059,washers,50170052,72000000,2026-09-28 00:48:01,2026-09-28 00:32:00,29,961.0,779.0,,Available,website maps this code to Available
1,1d9a1f22-c025-49d3-abb1-89ed4896b72b,2026-09-28T00:48:01.268+00:00,2026-09-28T00:48:01.462+00:00,21072-30059,washers,50170078,72000000,2026-09-28 00:48:01,2026-09-28 00:31:25,29,996.0,744.0,,Available,website maps this code to Available
1,1d9a1f22-c025-49d3-abb1-89ed4896b72b,2026-09-28T00:48:01.268+00:00,2026-09-28T00:48:01.462+00:00,21072-30059,washers,50170084,72000000,2026-09-28 00:48:01,2026-09-28 00:29:34,29,1107.0,633.0,,Available,website maps this code to Available
1,1d9a1f22-c025-49d3-abb1-89ed4896b72b,2026-09-28T00:48:01.268+00:00,2026-09-28T00:48:01.462+00:00,21072-30059,washers,50170068,52000000,2026-09-28 00:48:01,2026-09-27 22:12:30,29,9331.0,-7591.0,,Available,website fallback: report over 1 hour old
1,1d9a1f22-c025-49d3-abb1-89ed4896b72b,2026-09-28T00:48:01.268+00:00,2026-09-28T00:48:01.462+00:00,21072-30059,washers,50170072,72000000,2026-09-28 00:48:01,2026-09-27 23:01:12,29,6409.0,-4669.0,,Available,website maps this code to Available
1,1d9a1f22-c025-49d3-abb1-89ed4896b72b,2026-09-28T00:48:01.268+00:00,2026-09-28T00:48:01.462+00:00,21072-30059,washers,20483408,72000000,2026-09-28 00:48:01,2024-12-20 00:43:32,0,55901069.0,-55901069.0,,Available,website maps this code to Available
1,1d9a1f22-c025-49d3-abb1-89ed4896b72b,2026-09-28T00:48:01.268+00:00,2026-09-28T00:48:01.462+00:00,21072-30059,washers,50170055,42000000,2026-09-28 00:48:01,2026-09-28 00:39:43,26,498.0,1062.0,18,Running,
1,1d9a1f22-c025-49d3-abb1-89ed4896b72b,2026-09-28T00:48:01.268+00:00,2026-09-28T00:48:01.462+00:00,21072-30059,dryers,50170058,D2000000,2026-09-28 00:48:01,2026-09-26 17:53:29,45,111272.0,-108572.0,,Start Mode After PF,
1,1d9a1f22-c025-49d3-abb1-89ed4896b72b,2026-09-28T00:48:01.268+00:00,2026-09-28T00:48:01.462+00:00,21072-30059,dryers,50170061,42000000,2026-09-28 00:48:01,2026-09-28 00:26:39,45,1282.0,1418.0,24,Running,
1,1d9a1f22-c025-49d3-abb1-89ed4896b72b,2026-09-28T00:48:01.268+00:00,2026-09-28T00:48:01.462+00:00,21072-30059,dryers,50170081,42000000,2026-09-28 00:48:01,2026-09-28 00:26:15,45,1306.0,1394.0,24,Running,
1,1d9a1f22-c025-49d3-abb1-89ed4896b72b,2026-09-28T00:48:01.268+00:00,2026-09-28T00:48:01.462+00:00,21072-30059,dryers,50170060,42000000,2026-09-28 00:48:01,2026-09-28 00:20:53,45,1628.0,1072.0,18,Running,
1,1d9a1f22-c025-49d3-abb1-89ed4896b72b,2026-09-28T00:48:01.268+00:00,2026-09-28T00:48:01.462+00:00,21072-30059,dryers,50170087,42000000,2026-09-28 00:48:01,2026-09-28 00:20:04,45,1677.0,1023.0,18,Running,
1,1d9a1f22-c025-49d3-abb1-89ed4896b72b,2026-09-28T00:48:01.268+00:00,2026-09-28T00:48:01.462+00:00,21072-30059,dryers,50170064,72000000,2026-09-28 00:48:01,2026-09-27 23:01:59,46,6362.0,-3602.0,,Available,website maps this code to Available
1,1d9a1f22-c025-49d3-abb1-89ed4896b72b,2026-09-28T00:48:01.268+00:00,2026-09-28T00:48:01.462+00:00,21072-30059,dryers,50170065,42000000,2026-09-28 00:48:01,2026-09-28 00:29:00,46,1141.0,1619.0,27,Running,
1,1d9a1f22-c025-49d3-abb1-89ed4896b72b,2026-09-28T00:48:01.268+00:00,2026-09-28T00:48:01.462+00:00,21072-30059,dryers,50170059,42000000,2026-09-28 00:48:01,2026-09-28 00:31:11,45,1010.0,1690.0,29,Running,
1,1d9a1f22-c025-49d3-abb1-89ed4896b72b,2026-09-28T00:48:01.268+00:00,2026-09-28T00:48:01.462+00:00,21072-30059,dryers,50170057,42000000,2026-09-28 00:48:01,2026-09-28 00:30:58,45,1023.0,1677.0,28,Running,
1,1d9a1f22-c025-49d3-abb1-89ed4896b72b,2026-09-28T00:48:01.268+00:00,2026-09-28T00:48:01.462+00:00,21072-30059,dryers,50170062,72000000,2026-09-28 00:48:01,2026-09-27 07:03:28,46,63873.0,-61113.0,,Available,website maps this code to Available
1,1d9a1f22-c025-49d3-abb1-89ed4896b72b,2026-09-28T00:48:01.268+00:00,2026-09-28T00:48:01.462+00:00,21072-30059,dryers,50170067,42000000,2026-09-28 00:48:01,2026-09-28 00:32:57,45,904.0,1796.0,30,Running,
1,1d9a1f22-c025-49d3-abb1-89ed4896b72b,2026-09-28T00:48:01.268+00:00,2026-09-28T00:48:01.462+00:00,21072-30059,dryers,50170074,52000000,2026-09-28 00:48:01,2026-09-28 00:40:41,23,440.0,940.0,,Finished,
1,1d9a1f22-c025-49d3-abb1-89ed4896b72b,2026-09-28T00:48:01.268+00:00,2026-09-28T00:48:01.462+00:00,21072-30059,dryers,50170071,42000000,2026-09-28 00:48:01,2026-09-28 00:34:18,45,823.0,1877.0,32,Running,
1,1d9a1f22-c025-49d3-abb1-89ed4896b72b,2026-09-28T00:48:01.268+00:00,2026-09-28T00:48:01.462+00:00,21072-30059,dryers,50170054,72000000,2026-09-28 00:48:01,2026-09-27 22:42:01,46,7560.0,-4800.0,,Available,website maps this code to Available
1,8db8a72b-c2a5-4717-bb5a-54090263a742,2026-09-28T00:49:01.312+00:00,2026-09-28T00:49:01.512+00:00,21072-30059,washers,50170051,52000000,2026-09-28 00:49:01,2026-09-27 22:40:14,29,7727.0,-5987.0,,Available,website fallback: report over 1 hour old
1,8db8a72b-c2a5-4717-bb5a-54090263a742,2026-09-28T00:49:01.312+00:00,2026-09-28T00:49:01.512+00:00,21072-30059,washers,50170080,72000000,2026-09-28 00:49:01,2026-09-28 00:26:38,29,1343.0,397.0,,Available,website maps this code to Available
1,8db8a72b-c2a5-4717-bb5a-54090263a742,2026-09-28T00:49:01.312+00:00,2026-09-28T00:49:01.512+00:00,21072-30059,washers,50170075,72000000,2026-09-28 00:49:01,2026-09-28 00:25:28,29,1413.0,327.0,,Available,website maps this code to Available
1,8db8a72b-c2a5-4717-bb5a-54090263a742,2026-09-28T00:49:01.312+00:00,2026-09-28T00:49:01.512+00:00,21072-30059,washers,50170082,72000000,2026-09-28 00:49:01,2026-09-28 00:14:48,29,2053.0,-313.0,,Available,website maps this code to Available
1,8db8a72b-c2a5-4717-bb5a-54090263a742,2026-09-28T00:49:01.312+00:00,2026-09-28T00:49:01.512+00:00,21072-30059,washers,50170050,42000000,2026-09-28 00:49:01,2026-09-28 00:37:55,10,666.0,-66.0,,Available,website fallback: countdown expired
1,8db8a72b-c2a5-4717-bb5a-54090263a742,2026-09-28T00:49:01.312+00:00,2026-09-28T00:49:01.512+00:00,21072-30059,washers,50170052,72000000,2026-09-28 00:49:01,2026-09-28 00:32:00,29,1021.0,719.0,,Available,website maps this code to Available
1,8db8a72b-c2a5-4717-bb5a-54090263a742,2026-09-28T00:49:01.312+00:00,2026-09-28T00:49:01.512+00:00,21072-30059,washers,50170078,72000000,2026-09-28 00:49:01,2026-09-28 00:31:25,29,1056.0,684.0,,Available,website maps this code to Available
1,8db8a72b-c2a5-4717-bb5a-54090263a742,2026-09-28T00:49:01.312+00:00,2026-09-28T00:49:01.512+00:00,21072-30059,washers,50170084,72000000,2026-09-28 00:49:01,2026-09-28 00:29:34,29,1167.0,573.0,,Available,website maps this code to Available
1,8db8a72b-c2a5-4717-bb5a-54090263a742,2026-09-28T00:49:01.312+00:00,2026-09-28T00:49:01.512+00:00,21072-30059,washers,50170068,52000000,2026-09-28 00:49:01,2026-09-27 22:12:30,29,9391.0,-7651.0,,Available,website fallback: report over 1 hour old
1,8db8a72b-c2a5-4717-bb5a-54090263a742,2026-09-28T00:49:01.312+00:00,2026-09-28T00:49:01.512+00:00,21072-30059,washers,50170072,72000000,2026-09-28 00:49:01,2026-09-27 23:01:12,29,6469.0,-4729.0,,Available,website maps this code to Available
1,8db8a72b-c2a5-4717-bb5a-54090263a742,2026-09-28T00:49:01.312+00:00,2026-09-28T00:49:01.512+00:00,21072-30059,washers,20483408,72000000,2026-09-28 00:49:01,2024-12-20 00:43:32,0,55901129.0,-55901129.0,,Available,website maps this code to Available
1,8db8a72b-c2a5-4717-bb5a-54090263a742,2026-09-28T00:49:01.312+00:00,2026-09-28T00:49:01.512+00:00,21072-30059,washers,50170055,42000000,2026-09-28 00:49:01,2026-09-28 00:39:43,26,558.0,1002.0,17,Running,
1,8db8a72b-c2a5-4717-bb5a-54090263a742,2026-09-28T00:49:01.312+00:00,2026-09-28T00:49:01.512+00:00,21072-30059,dryers,50170058,D2000000,2026-09-28 00:49:01,2026-09-26 17:53:29,45,111332.0,-108632.0,,Start Mode After PF,
1,8db8a72b-c2a5-4717-bb5a-54090263a742,2026-09-28T00:49:01.312+00:00,2026-09-28T00:49:01.512+00:00,21072-30059,dryers,50170061,42000000,2026-09-28 00:49:01,2026-09-28 00:26:39,45,1342.0,1358.0,23,Running,
1,8db8a72b-c2a5-4717-bb5a-54090263a742,2026-09-28T00:49:01.312+00:00,2026-09-28T00:49:01.512+00:00,21072-30059,dryers,50170081,42000000,2026-09-28 00:49:01,2026-09-28 00:26:15,45,1366.0,1334.0,23,Running,
1,8db8a72b-c2a5-4717-bb5a-54090263a742,2026-09-28T00:49:01.312+00:00,2026-09-28T00:49:01.512+00:00,21072-30059,dryers,50170060,42000000,2026-09-28 00:49:01,2026-09-28 00:20:53,45,1688.0,1012.0,17,Running,
1,8db8a72b-c2a5-4717-bb5a-54090263a742,2026-09-28T00:49:01.312+00:00,2026-09-28T00:49:01.512+00:00,21072-30059,dryers,50170087,42000000,2026-09-28 00:49:01,2026-09-28 00:20:04,45,1737.0,963.0,17,Running,
1,8db8a72b-c2a5-4717-bb5a-54090263a742,2026-09-28T00:49:01.312+00:00,2026-09-28T00:49:01.512+00:00,21072-30059,dryers,50170064,72000000,2026-09-28 00:49:01,2026-09-27 23:01:59,46,6422.0,-3662.0,,Available,website maps this code to Available
1,8db8a72b-c2a5-4717-bb5a-54090263a742,2026-09-28T00:49:01.312+00:00,2026-09-28T00:49:01.512+00:00,21072-30059,dryers,50170065,42000000,2026-09-28 00:49:01,2026-09-28 00:29:00,46,1201.0,1559.0,26,Running,
1,8db8a72b-c2a5-4717-bb5a-54090263a742,2026-09-28T00:49:01.312+00:00,2026-09-28T00:49:01.512+00:00,21072-30059,dryers,50170059,42000000,2026-09-28 00:49:01,2026-09-28 00:31:11,45,1070.0,1630.0,28,Running,
1,8db8a72b-c2a5-4717-bb5a-54090263a742,2026-09-28T00:49:01.312+00:00,2026-09-28T00:49:01.512+00:00,21072-30059,dryers,50170057,42000000,2026-09-28 00:49:01,2026-09-28 00:30:58,45,1083.0,1617.0,27,Running,
1,8db8a72b-c2a5-4717-bb5a-54090263a742,2026-09-28T00:49:01.312+00:00,2026-09-28T00:49:01.512+00:00,21072-30059,dryers,50170062,72000000,2026-09-28 00:49:01,2026-09-27 07:03:28,46,63933.0,-61173.0,,Available,website maps this code to Available
1,8db8a72b-c2a5-4717-bb5a-54090263a742,2026-09-28T00:49:01.312+00:00,2026-09-28T00:49:01.512+00:00,21072-30059,dryers,50170067,42000000,2026-09-28 00:49:01,2026-09-28 00:32:57,45,964.0,1736.0,29,Running,
1,8db8a72b-c2a5-4717-bb5a-54090263a742,2026-09-28T00:49:01.312+00:00,2026-09-28T00:49:01.512+00:00,21072-30059,dryers,50170074,52000000,2026-09-28 00:49:01,2026-09-28 00:40:41,23,500.0,880.0,,Finished,
1,8db8a72b-c2a5-4717-bb5a-54090263a742,2026-09-28T00:49:01.312+00:00,2026-09-28T00:49:01.512+00:00,21072-30059,dryers,50170071,42000000,2026-09-28 00:49:01,2026-09-28 00:34:18,45,883.0,1817.0,31,Running,
1,8db8a72b-c2a5-4717-bb5a-54090263a742,2026-09-28T00:49:01.312+00:00,2026-09-28T00:49:01.512+00:00,21072-30059,dryers,50170054,72000000,2026-09-28 00:49:01,2026-09-27 22:42:01,46,7620.0,-4860.0,,Available,website maps this code to Available
1,ffd2a26b-2e2b-4c27-b064-8b7af55338f1,2026-09-28T00:50:01.387+00:00,2026-09-28T00:50:01.597+00:00,21072-30059,washers,50170051,52000000,2026-09-28 00:50:01,2026-09-27 22:40:14,29,7787.0,-6047.0,,Available,website fallback: report over 1 hour old
1,ffd2a26b-2e2b-4c27-b064-8b7af55338f1,2026-09-28T00:50:01.387+00:00,2026-09-28T00:50:01.597+00:00,21072-30059,washers,50170080,72000000,2026-09-28 00:50:01,2026-09-28 00:26:38,29,1403.0,337.0,,Available,website maps this code to Available
1,ffd2a26b-2e2b-4c27-b064-8b7af55338f1,2026-09-28T00:50:01.387+00:00,2026-09-28T00:50:01.597+00:00,21072-30059,washers,50170075,72000000,2026-09-28 00:50:01,2026-09-28 00:25:28,29,1473.0,267.0,,Available,website maps this code to Available
1,ffd2a26b-2e2b-4c27-b064-8b7af55338f1,2026-09-28T00:50:01.387+00:00,2026-09-28T00:50:01.597+00:00,21072-30059,washers,50170082,72000000,2026-09-28 00:50:01,2026-09-28 00:14:48,29,2113.0,-373.0,,Available,website maps this code to Available
1,ffd2a26b-2e2b-4c27-b064-8b7af55338f1,2026-09-28T00:50:01.387+00:00,2026-09-28T00:50:01.597+00:00,21072-30059,washers,50170050,42000000,2026-09-28 00:50:01,2026-09-28 00:37:55,10,726.0,-126.0,,Available,website fallback: countdown expired
1,ffd2a26b-2e2b-4c27-b064-8b7af55338f1,2026-09-28T00:50:01.387+00:00,2026-09-28T00:50:01.597+00:00,21072-30059,washers,50170052,72000000,2026-09-28 00:50:01,2026-09-28 00:32:00,29,1081.0,659.0,,Available,website maps this code to Available
1,ffd2a26b-2e2b-4c27-b064-8b7af55338f1,2026-09-28T00:50:01.387+00:00,2026-09-28T00:50:01.597+00:00,21072-30059,washers,50170078,72000000,2026-09-28 00:50:01,2026-09-28 00:31:25,29,1116.0,624.0,,Available,website maps this code to Available
1,ffd2a26b-2e2b-4c27-b064-8b7af55338f1,2026-09-28T00:50:01.387+00:00,2026-09-28T00:50:01.597+00:00,21072-30059,washers,50170084,72000000,2026-09-28 00:50:01,2026-09-28 00:29:34,29,1227.0,513.0,,Available,website maps this code to Available
1,ffd2a26b-2e2b-4c27-b064-8b7af55338f1,2026-09-28T00:50:01.387+00:00,2026-09-28T00:50:01.597+00:00,21072-30059,washers,50170068,52000000,2026-09-28 00:50:01,2026-09-27 22:12:30,29,9451.0,-7711.0,,Available,website fallback: report over 1 hour old
1,ffd2a26b-2e2b-4c27-b064-8b7af55338f1,2026-09-28T00:50:01.387+00:00,2026-09-28T00:50:01.597+00:00,21072-30059,washers,50170072,72000000,2026-09-28 00:50:01,2026-09-27 23:01:12,29,6529.0,-4789.0,,Available,website maps this code to Available
1,ffd2a26b-2e2b-4c27-b064-8b7af55338f1,2026-09-28T00:50:01.387+00:00,2026-09-28T00:50:01.597+00:00,21072-30059,washers,20483408,72000000,2026-09-28 00:50:01,2024-12-20 00:43:32,0,55901189.0,-55901189.0,,Available,website maps this code to Available
1,ffd2a26b-2e2b-4c27-b064-8b7af55338f1,2026-09-28T00:50:01.387+00:00,2026-09-28T00:50:01.597+00:00,21072-30059,washers,50170055,42000000,2026-09-28 00:50:01,2026-09-28 00:39:43,26,618.0,942.0,16,Running,
1,ffd2a26b-2e2b-4c27-b064-8b7af55338f1,2026-09-28T00:50:01.387+00:00,2026-09-28T00:50:01.597+00:00,21072-30059,dryers,50170058,D2000000,2026-09-28 00:50:01,2026-09-26 17:53:29,45,111392.0,-108692.0,,Start Mode After PF,
1,ffd2a26b-2e2b-4c27-b064-8b7af55338f1,2026-09-28T00:50:01.387+00:00,2026-09-28T00:50:01.597+00:00,21072-30059,dryers,50170061,42000000,2026-09-28 00:50:01,2026-09-28 00:26:39,45,1402.0,1298.0,22,Running,
1,ffd2a26b-2e2b-4c27-b064-8b7af55338f1,2026-09-28T00:50:01.387+00:00,2026-09-28T00:50:01.597+00:00,21072-30059,dryers,50170081,42000000,2026-09-28 00:50:01,2026-09-28 00:26:15,45,1426.0,1274.0,22,Running,
1,ffd2a26b-2e2b-4c27-b064-8b7af55338f1,2026-09-28T00:50:01.387+00:00,2026-09-28T00:50:01.597+00:00,21072-30059,dryers,50170060,42000000,2026-09-28 00:50:01,2026-09-28 00:20:53,45,1748.0,952.0,16,Running,
1,ffd2a26b-2e2b-4c27-b064-8b7af55338f1,2026-09-28T00:50:01.387+00:00,2026-09-28T00:50:01.597+00:00,21072-30059,dryers,50170087,42000000,2026-09-28 00:50:01,2026-09-28 00:20:04,45,1797.0,903.0,16,Running,
1,ffd2a26b-2e2b-4c27-b064-8b7af55338f1,2026-09-28T00:50:01.387+00:00,2026-09-28T00:50:01.597+00:00,21072-30059,dryers,50170064,72000000,2026-09-28 00:50:01,2026-09-27 23:01:59,46,6482.0,-3722.0,,Available,website maps this code to Available
1,ffd2a26b-2e2b-4c27-b064-8b7af55338f1,2026-09-28T00:50:01.387+00:00,2026-09-28T00:50:01.597+00:00,21072-30059,dryers,50170065,42000000,2026-09-28 00:50:01,2026-09-28 00:29:00,46,1261.0,1499.0,25,Running,
1,ffd2a26b-2e2b-4c27-b064-8b7af55338f1,2026-09-28T00:50:01.387+00:00,2026-09-28T00:50:01.597+00:00,21072-30059,dryers,50170059,42000000,2026-09-28 00:50:01,2026-09-28 00:31:11,45,1130.0,1570.0,27,Running,
1,ffd2a26b-2e2b-4c27-b064-8b7af55338f1,2026-09-28T00:50:01.387+00:00,2026-09-28T00:50:01.597+00:00,21072-30059,dryers,50170057,42000000,2026-09-28 00:50:01,2026-09-28 00:30:58,45,1143.0,1557.0,26,Running,
1,ffd2a26b-2e2b-4c27-b064-8b7af55338f1,2026-09-28T00:50:01.387+00:00,2026-09-28T00:50:01.597+00:00,21072-30059,dryers,50170062,72000000,2026-09-28 00:50:01,2026-09-27 07:03:28,46,63993.0,-61233.0,,Available,website maps this code to Available
1,ffd2a26b-2e2b-4c27-b064-8b7af55338f1,2026-09-28T00:50:01.387+00:00,2026-09-28T00:50:01.597+00:00,21072-30059,dryers,50170067,42000000,2026-09-28 00:50:01,2026-09-28 00:32:57,45,1024.0,1676.0,28,Running,
1,ffd2a26b-2e2b-4c27-b064-8b7af55338f1,2026-09-28T00:50:01.387+00:00,2026-09-28T00:50:01.597+00:00,21072-30059,dryers,50170074,72000000,2026-09-28 00:50:01,2026-09-28 00:49:53,46,8.0,2752.0,,Available,website maps this code to Available
1,ffd2a26b-2e2b-4c27-b064-8b7af55338f1,2026-09-28T00:50:01.387+00:00,2026-09-28T00:50:01.597+00:00,21072-30059,dryers,50170071,42000000,2026-09-28 00:50:01,2026-09-28 00:34:18,45,943.0,1757.0,30,Running,
1,ffd2a26b-2e2b-4c27-b064-8b7af55338f1,2026-09-28T00:50:01.387+00:00,2026-09-28T00:50:01.597+00:00,21072-30059,dryers,50170054,72000000,2026-09-28 00:50:01,2026-09-27 22:42:01,46,7680.0,-4920.0,,Available,website maps this code to Available
1,02af0cc2-c20f-4c22-b3f7-9986c5fe6848,2026-09-28T00:51:01.401+00:00,2026-09-28T00:51:01.595+00:00,21072-30059,washers,50170051,52000000,2026-09-28 00:51:01,2026-09-27 22:40:14,29,7847.0,-6107.0,,Available,website fallback: report over 1 hour old
1,02af0cc2-c20f-4c22-b3f7-9986c5fe6848,2026-09-28T00:51:01.401+00:00,2026-09-28T00:51:01.595+00:00,21072-30059,washers,50170080,72000000,2026-09-28 00:51:01,2026-09-28 00:26:38,29,1463.0,277.0,,Available,website maps this code to Available
1,02af0cc2-c20f-4c22-b3f7-9986c5fe6848,2026-09-28T00:51:01.401+00:00,2026-09-28T00:51:01.595+00:00,21072-30059,washers,50170075,72000000,2026-09-28 00:51:01,2026-09-28 00:25:28,29,1533.0,207.0,,Available,website maps this code to Available
1,02af0cc2-c20f-4c22-b3f7-9986c5fe6848,2026-09-28T00:51:01.401+00:00,2026-09-28T00:51:01.595+00:00,21072-30059,washers,50170082,72000000,2026-09-28 00:51:01,2026-09-28 00:14:48,29,2173.0,-433.0,,Available,website maps this code to Available
1,02af0cc2-c20f-4c22-b3f7-9986c5fe6848,2026-09-28T00:51:01.401+00:00,2026-09-28T00:51:01.595+00:00,21072-30059,washers,50170050,42000000,2026-09-28 00:51:01,2026-09-28 00:37:55,10,786.0,-186.0,,Available,website fallback: countdown expired
1,02af0cc2-c20f-4c22-b3f7-9986c5fe6848,2026-09-28T00:51:01.401+00:00,2026-09-28T00:51:01.595+00:00,21072-30059,washers,50170052,72000000,2026-09-28 00:51:01,2026-09-28 00:32:00,29,1141.0,599.0,,Available,website maps this code to Available
1,02af0cc2-c20f-4c22-b3f7-9986c5fe6848,2026-09-28T00:51:01.401+00:00,2026-09-28T00:51:01.595+00:00,21072-30059,washers,50170078,72000000,2026-09-28 00:51:01,2026-09-28 00:31:25,29,1176.0,564.0,,Available,website maps this code to Available
1,02af0cc2-c20f-4c22-b3f7-9986c5fe6848,2026-09-28T00:51:01.401+00:00,2026-09-28T00:51:01.595+00:00,21072-30059,washers,50170084,72000000,2026-09-28 00:51:01,2026-09-28 00:29:34,29,1287.0,453.0,,Available,website maps this code to Available
1,02af0cc2-c20f-4c22-b3f7-9986c5fe6848,2026-09-28T00:51:01.401+00:00,2026-09-28T00:51:01.595+00:00,21072-30059,washers,50170068,52000000,2026-09-28 00:51:01,2026-09-27 22:12:30,29,9511.0,-7771.0,,Available,website fallback: report over 1 hour old
1,02af0cc2-c20f-4c22-b3f7-9986c5fe6848,2026-09-28T00:51:01.401+00:00,2026-09-28T00:51:01.595+00:00,21072-30059,washers,50170072,72000000,2026-09-28 00:51:01,2026-09-27 23:01:12,29,6589.0,-4849.0,,Available,website maps this code to Available
1,02af0cc2-c20f-4c22-b3f7-9986c5fe6848,2026-09-28T00:51:01.401+00:00,2026-09-28T00:51:01.595+00:00,21072-30059,washers,20483408,72000000,2026-09-28 00:51:01,2024-12-20 00:43:32,0,55901249.0,-55901249.0,,Available,website maps this code to Available
1,02af0cc2-c20f-4c22-b3f7-9986c5fe6848,2026-09-28T00:51:01.401+00:00,2026-09-28T00:51:01.595+00:00,21072-30059,washers,50170055,42000000,2026-09-28 00:51:01,2026-09-28 00:39:43,26,678.0,882.0,15,Running,
1,02af0cc2-c20f-4c22-b3f7-9986c5fe6848,2026-09-28T00:51:01.401+00:00,2026-09-28T00:51:01.595+00:00,21072-30059,dryers,50170058,D2000000,2026-09-28 00:51:01,2026-09-26 17:53:29,45,111452.0,-108752.0,,Start Mode After PF,
1,02af0cc2-c20f-4c22-b3f7-9986c5fe6848,2026-09-28T00:51:01.401+00:00,2026-09-28T00:51:01.595+00:00,21072-30059,dryers,50170061,42000000,2026-09-28 00:51:01,2026-09-28 00:26:39,45,1462.0,1238.0,21,Running,
1,02af0cc2-c20f-4c22-b3f7-9986c5fe6848,2026-09-28T00:51:01.401+00:00,2026-09-28T00:51:01.595+00:00,21072-30059,dryers,50170081,42000000,2026-09-28 00:51:01,2026-09-28 00:26:15,45,1486.0,1214.0,21,Running,
1,02af0cc2-c20f-4c22-b3f7-9986c5fe6848,2026-09-28T00:51:01.401+00:00,2026-09-28T00:51:01.595+00:00,21072-30059,dryers,50170060,42000000,2026-09-28 00:51:01,2026-09-28 00:20:53,45,1808.0,892.0,15,Running,
1,02af0cc2-c20f-4c22-b3f7-9986c5fe6848,2026-09-28T00:51:01.401+00:00,2026-09-28T00:51:01.595+00:00,21072-30059,dryers,50170087,42000000,2026-09-28 00:51:01,2026-09-28 00:20:04,45,1857.0,843.0,15,Running,
1,02af0cc2-c20f-4c22-b3f7-9986c5fe6848,2026-09-28T00:51:01.401+00:00,2026-09-28T00:51:01.595+00:00,21072-30059,dryers,50170064,72000000,2026-09-28 00:51:01,2026-09-27 23:01:59,46,6542.0,-3782.0,,Available,website maps this code to Available
1,02af0cc2-c20f-4c22-b3f7-9986c5fe6848,2026-09-28T00:51:01.401+00:00,2026-09-28T00:51:01.595+00:00,21072-30059,dryers,50170065,42000000,2026-09-28 00:51:01,2026-09-28 00:29:00,46,1321.0,1439.0,24,Running,
1,02af0cc2-c20f-4c22-b3f7-9986c5fe6848,2026-09-28T00:51:01.401+00:00,2026-09-28T00:51:01.595+00:00,21072-30059,dryers,50170059,42000000,2026-09-28 00:51:01,2026-09-28 00:31:11,45,1190.0,1510.0,26,Running,
1,02af0cc2-c20f-4c22-b3f7-9986c5fe6848,2026-09-28T00:51:01.401+00:00,2026-09-28T00:51:01.595+00:00,21072-30059,dryers,50170057,42000000,2026-09-28 00:51:01,2026-09-28 00:30:58,45,1203.0,1497.0,25,Running,
1,02af0cc2-c20f-4c22-b3f7-9986c5fe6848,2026-09-28T00:51:01.401+00:00,2026-09-28T00:51:01.595+00:00,21072-30059,dryers,50170062,72000000,2026-09-28 00:51:01,2026-09-27 07:03:28,46,64053.0,-61293.0,,Available,website maps this code to Available
1,02af0cc2-c20f-4c22-b3f7-9986c5fe6848,2026-09-28T00:51:01.401+00:00,2026-09-28T00:51:01.595+00:00,21072-30059,dryers,50170067,42000000,2026-09-28 00:51:01,2026-09-28 00:32:57,45,1084.0,1616.0,27,Running,
1,02af0cc2-c20f-4c22-b3f7-9986c5fe6848,2026-09-28T00:51:01.401+00:00,2026-09-28T00:51:01.595+00:00,21072-30059,dryers,50170074,72000000,2026-09-28 00:51:01,2026-09-28 00:49:53,46,68.0,2692.0,,Available,website maps this code to Available
1,02af0cc2-c20f-4c22-b3f7-9986c5fe6848,2026-09-28T00:51:01.401+00:00,2026-09-28T00:51:01.595+00:00,21072-30059,dryers,50170071,42000000,2026-09-28 00:51:01,2026-09-28 00:34:18,45,1003.0,1697.0,29,Running,
1,02af0cc2-c20f-4c22-b3f7-9986c5fe6848,2026-09-28T00:51:01.401+00:00,2026-09-28T00:51:01.595+00:00,21072-30059,dryers,50170054,72000000,2026-09-28 00:51:01,2026-09-27 22:42:01,46,7740.0,-4980.0,,Available,website maps this code to Available
1,7f4e48c0-8569-41fd-b46f-e88754ad98d8,2026-09-28T00:52:01.349+00:00,2026-09-28T00:52:01.532+00:00,21072-30059,washers,50170051,52000000,2026-09-28 00:52:01,2026-09-27 22:40:14,29,7907.0,-6167.0,,Available,website fallback: report over 1 hour old
1,7f4e48c0-8569-41fd-b46f-e88754ad98d8,2026-09-28T00:52:01.349+00:00,2026-09-28T00:52:01.532+00:00,21072-30059,washers,50170080,72000000,2026-09-28 00:52:01,2026-09-28 00:26:38,29,1523.0,217.0,,Available,website maps this code to Available
1,7f4e48c0-8569-41fd-b46f-e88754ad98d8,2026-09-28T00:52:01.349+00:00,2026-09-28T00:52:01.532+00:00,21072-30059,washers,50170075,72000000,2026-09-28 00:52:01,2026-09-28 00:25:28,29,1593.0,147.0,,Available,website maps this code to Available
1,7f4e48c0-8569-41fd-b46f-e88754ad98d8,2026-09-28T00:52:01.349+00:00,2026-09-28T00:52:01.532+00:00,21072-30059,washers,50170082,72000000,2026-09-28 00:52:01,2026-09-28 00:14:48,29,2233.0,-493.0,,Available,website maps this code to Available
1,7f4e48c0-8569-41fd-b46f-e88754ad98d8,2026-09-28T00:52:01.349+00:00,2026-09-28T00:52:01.532+00:00,21072-30059,washers,50170050,42000000,2026-09-28 00:52:01,2026-09-28 00:37:55,10,846.0,-246.0,,Available,website fallback: countdown expired
1,7f4e48c0-8569-41fd-b46f-e88754ad98d8,2026-09-28T00:52:01.349+00:00,2026-09-28T00:52:01.532+00:00,21072-30059,washers,50170052,72000000,2026-09-28 00:52:01,2026-09-28 00:32:00,29,1201.0,539.0,,Available,website maps this code to Available
1,7f4e48c0-8569-41fd-b46f-e88754ad98d8,2026-09-28T00:52:01.349+00:00,2026-09-28T00:52:01.532+00:00,21072-30059,washers,50170078,72000000,2026-09-28 00:52:01,2026-09-28 00:31:25,29,1236.0,504.0,,Available,website maps this code to Available
1,7f4e48c0-8569-41fd-b46f-e88754ad98d8,2026-09-28T00:52:01.349+00:00,2026-09-28T00:52:01.532+00:00,21072-30059,washers,50170084,72000000,2026-09-28 00:52:01,2026-09-28 00:29:34,29,1347.0,393.0,,Available,website maps this code to Available
1,7f4e48c0-8569-41fd-b46f-e88754ad98d8,2026-09-28T00:52:01.349+00:00,2026-09-28T00:52:01.532+00:00,21072-30059,washers,50170068,52000000,2026-09-28 00:52:01,2026-09-27 22:12:30,29,9571.0,-7831.0,,Available,website fallback: report over 1 hour old
1,7f4e48c0-8569-41fd-b46f-e88754ad98d8,2026-09-28T00:52:01.349+00:00,2026-09-28T00:52:01.532+00:00,21072-30059,washers,50170072,72000000,2026-09-28 00:52:01,2026-09-27 23:01:12,29,6649.0,-4909.0,,Available,website maps this code to Available
1,7f4e48c0-8569-41fd-b46f-e88754ad98d8,2026-09-28T00:52:01.349+00:00,2026-09-28T00:52:01.532+00:00,21072-30059,washers,20483408,72000000,2026-09-28 00:52:01,2024-12-20 00:43:32,0,55901309.0,-55901309.0,,Available,website maps this code to Available
1,7f4e48c0-8569-41fd-b46f-e88754ad98d8,2026-09-28T00:52:01.349+00:00,2026-09-28T00:52:01.532+00:00,21072-30059,washers,50170055,42000000,2026-09-28 00:52:01,2026-09-28 00:39:43,26,738.0,822.0,14,Running,
1,7f4e48c0-8569-41fd-b46f-e88754ad98d8,2026-09-28T00:52:01.349+00:00,2026-09-28T00:52:01.532+00:00,21072-30059,dryers,50170058,D2000000,2026-09-28 00:52:01,2026-09-26 17:53:29,45,111512.0,-108812.0,,Start Mode After PF,
1,7f4e48c0-8569-41fd-b46f-e88754ad98d8,2026-09-28T00:52:01.349+00:00,2026-09-28T00:52:01.532+00:00,21072-30059,dryers,50170061,42000000,2026-09-28 00:52:01,2026-09-28 00:26:39,45,1522.0,1178.0,20,Running,
1,7f4e48c0-8569-41fd-b46f-e88754ad98d8,2026-09-28T00:52:01.349+00:00,2026-09-28T00:52:01.532+00:00,21072-30059,dryers,50170081,42000000,2026-09-28 00:52:01,2026-09-28 00:26:15,45,1546.0,1154.0,20,Running,
1,7f4e48c0-8569-41fd-b46f-e88754ad98d8,2026-09-28T00:52:01.349+00:00,2026-09-28T00:52:01.532+00:00,21072-30059,dryers,50170060,42000000,2026-09-28 00:52:01,2026-09-28 00:20:53,45,1868.0,832.0,14,Running,
1,7f4e48c0-8569-41fd-b46f-e88754ad98d8,2026-09-28T00:52:01.349+00:00,2026-09-28T00:52:01.532+00:00,21072-30059,dryers,50170087,42000000,2026-09-28 00:52:01,2026-09-28 00:20:04,45,1917.0,783.0,14,Running,
1,7f4e48c0-8569-41fd-b46f-e88754ad98d8,2026-09-28T00:52:01.349+00:00,2026-09-28T00:52:01.532+00:00,21072-30059,dryers,50170064,72000000,2026-09-28 00:52:01,2026-09-27 23:01:59,46,6602.0,-3842.0,,Available,website maps this code to Available
1,7f4e48c0-8569-41fd-b46f-e88754ad98d8,2026-09-28T00:52:01.349+00:00,2026-09-28T00:52:01.532+00:00,21072-30059,dryers,50170065,42000000,2026-09-28 00:52:01,2026-09-28 00:29:00,46,1381.0,1379.0,23,Running,
1,7f4e48c0-8569-41fd-b46f-e88754ad98d8,2026-09-28T00:52:01.349+00:00,2026-09-28T00:52:01.532+00:00,21072-30059,dryers,50170059,42000000,2026-09-28 00:52:01,2026-09-28 00:31:11,45,1250.0,1450.0,25,Running,
1,7f4e48c0-8569-41fd-b46f-e88754ad98d8,2026-09-28T00:52:01.349+00:00,2026-09-28T00:52:01.532+00:00,21072-30059,dryers,50170057,42000000,2026-09-28 00:52:01,2026-09-28 00:30:58,45,1263.0,1437.0,24,Running,
1,7f4e48c0-8569-41fd-b46f-e88754ad98d8,2026-09-28T00:52:01.349+00:00,2026-09-28T00:52:01.532+00:00,21072-30059,dryers,50170062,72000000,2026-09-28 00:52:01,2026-09-27 07:03:28,46,64113.0,-61353.0,,Available,website maps this code to Available
1,7f4e48c0-8569-41fd-b46f-e88754ad98d8,2026-09-28T00:52:01.349+00:00,2026-09-28T00:52:01.532+00:00,21072-30059,dryers,50170067,42000000,2026-09-28 00:52:01,2026-09-28 00:32:57,45,1144.0,1556.0,26,Running,
1,7f4e48c0-8569-41fd-b46f-e88754ad98d8,2026-09-28T00:52:01.349+00:00,2026-09-28T00:52:01.532+00:00,21072-30059,dryers,50170074,72000000,2026-09-28 00:52:01,2026-09-28 00:49:53,46,128.0,2632.0,,Available,website maps this code to Available
1,7f4e48c0-8569-41fd-b46f-e88754ad98d8,2026-09-28T00:52:01.349+00:00,2026-09-28T00:52:01.532+00:00,21072-30059,dryers,50170071,42000000,2026-09-28 00:52:01,2026-09-28 00:34:18,45,1063.0,1637.0,28,Running,
1,7f4e48c0-8569-41fd-b46f-e88754ad98d8,2026-09-28T00:52:01.349+00:00,2026-09-28T00:52:01.532+00:00,21072-30059,dryers,50170054,72000000,2026-09-28 00:52:01,2026-09-27 22:42:01,46,7800.0,-5040.0,,Available,website maps this code to Available
1,be97c6c3-5629-4e82-976d-38dae59e7082,2026-09-28T00:53:01.278+00:00,2026-09-28T00:53:01.462+00:00,21072-30059,washers,50170051,52000000,2026-09-28 00:53:01,2026-09-27 22:40:14,29,7967.0,-6227.0,,Available,website fallback: report over 1 hour old
1,be97c6c3-5629-4e82-976d-38dae59e7082,2026-09-28T00:53:01.278+00:00,2026-09-28T00:53:01.462+00:00,21072-30059,washers,50170080,72000000,2026-09-28 00:53:01,2026-09-28 00:26:38,29,1583.0,157.0,,Available,website maps this code to Available
1,be97c6c3-5629-4e82-976d-38dae59e7082,2026-09-28T00:53:01.278+00:00,2026-09-28T00:53:01.462+00:00,21072-30059,washers,50170075,72000000,2026-09-28 00:53:01,2026-09-28 00:25:28,29,1653.0,87.0,,Available,website maps this code to Available
1,be97c6c3-5629-4e82-976d-38dae59e7082,2026-09-28T00:53:01.278+00:00,2026-09-28T00:53:01.462+00:00,21072-30059,washers,50170082,72000000,2026-09-28 00:53:01,2026-09-28 00:14:48,29,2293.0,-553.0,,Available,website maps this code to Available
1,be97c6c3-5629-4e82-976d-38dae59e7082,2026-09-28T00:53:01.278+00:00,2026-09-28T00:53:01.462+00:00,21072-30059,washers,50170050,42000000,2026-09-28 00:53:01,2026-09-28 00:37:55,10,906.0,-306.0,,Available,website fallback: countdown expired
1,be97c6c3-5629-4e82-976d-38dae59e7082,2026-09-28T00:53:01.278+00:00,2026-09-28T00:53:01.462+00:00,21072-30059,washers,50170052,72000000,2026-09-28 00:53:01,2026-09-28 00:32:00,29,1261.0,479.0,,Available,website maps this code to Available
1,be97c6c3-5629-4e82-976d-38dae59e7082,2026-09-28T00:53:01.278+00:00,2026-09-28T00:53:01.462+00:00,21072-30059,washers,50170078,72000000,2026-09-28 00:53:01,2026-09-28 00:31:25,29,1296.0,444.0,,Available,website maps this code to Available
1,be97c6c3-5629-4e82-976d-38dae59e7082,2026-09-28T00:53:01.278+00:00,2026-09-28T00:53:01.462+00:00,21072-30059,washers,50170084,72000000,2026-09-28 00:53:01,2026-09-28 00:29:34,29,1407.0,333.0,,Available,website maps this code to Available
1,be97c6c3-5629-4e82-976d-38dae59e7082,2026-09-28T00:53:01.278+00:00,2026-09-28T00:53:01.462+00:00,21072-30059,washers,50170068,52000000,2026-09-28 00:53:01,2026-09-27 22:12:30,29,9631.0,-7891.0,,Available,website fallback: report over 1 hour old
1,be97c6c3-5629-4e82-976d-38dae59e7082,2026-09-28T00:53:01.278+00:00,2026-09-28T00:53:01.462+00:00,21072-30059,washers,50170072,72000000,2026-09-28 00:53:01,2026-09-27 23:01:12,29,6709.0,-4969.0,,Available,website maps this code to Available
1,be97c6c3-5629-4e82-976d-38dae59e7082,2026-09-28T00:53:01.278+00:00,2026-09-28T00:53:01.462+00:00,21072-30059,washers,20483408,72000000,2026-09-28 00:53:01,2024-12-20 00:43:32,0,55901369.0,-55901369.0,,Available,website maps this code to Available
1,be97c6c3-5629-4e82-976d-38dae59e7082,2026-09-28T00:53:01.278+00:00,2026-09-28T00:53:01.462+00:00,21072-30059,washers,50170055,42000000,2026-09-28 00:53:01,2026-09-28 00:39:43,26,798.0,762.0,13,Running,
1,be97c6c3-5629-4e82-976d-38dae59e7082,2026-09-28T00:53:01.278+00:00,2026-09-28T00:53:01.462+00:00,21072-30059,dryers,50170058,D2000000,2026-09-28 00:53:01,2026-09-26 17:53:29,45,111572.0,-108872.0,,Start Mode After PF,
1,be97c6c3-5629-4e82-976d-38dae59e7082,2026-09-28T00:53:01.278+00:00,2026-09-28T00:53:01.462+00:00,21072-30059,dryers,50170061,42000000,2026-09-28 00:53:01,2026-09-28 00:26:39,45,1582.0,1118.0,19,Running,
1,be97c6c3-5629-4e82-976d-38dae59e7082,2026-09-28T00:53:01.278+00:00,2026-09-28T00:53:01.462+00:00,21072-30059,dryers,50170081,42000000,2026-09-28 00:53:01,2026-09-28 00:26:15,45,1606.0,1094.0,19,Running,
1,be97c6c3-5629-4e82-976d-38dae59e7082,2026-09-28T00:53:01.278+00:00,2026-09-28T00:53:01.462+00:00,21072-30059,dryers,50170060,42000000,2026-09-28 00:53:01,2026-09-28 00:20:53,45,1928.0,772.0,13,Running,
1,be97c6c3-5629-4e82-976d-38dae59e7082,2026-09-28T00:53:01.278+00:00,2026-09-28T00:53:01.462+00:00,21072-30059,dryers,50170087,42000000,2026-09-28 00:53:01,2026-09-28 00:20:04,45,1977.0,723.0,13,Running,
1,be97c6c3-5629-4e82-976d-38dae59e7082,2026-09-28T00:53:01.278+00:00,2026-09-28T00:53:01.462+00:00,21072-30059,dryers,50170064,72000000,2026-09-28 00:53:01,2026-09-27 23:01:59,46,6662.0,-3902.0,,Available,website maps this code to Available
1,be97c6c3-5629-4e82-976d-38dae59e7082,2026-09-28T00:53:01.278+00:00,2026-09-28T00:53:01.462+00:00,21072-30059,dryers,50170065,42000000,2026-09-28 00:53:01,2026-09-28 00:29:00,46,1441.0,1319.0,22,Running,
1,be97c6c3-5629-4e82-976d-38dae59e7082,2026-09-28T00:53:01.278+00:00,2026-09-28T00:53:01.462+00:00,21072-30059,dryers,50170059,42000000,2026-09-28 00:53:01,2026-09-28 00:31:11,45,1310.0,1390.0,24,Running,
1,be97c6c3-5629-4e82-976d-38dae59e7082,2026-09-28T00:53:01.278+00:00,2026-09-28T00:53:01.462+00:00,21072-30059,dryers,50170057,42000000,2026-09-28 00:53:01,2026-09-28 00:30:58,45,1323.0,1377.0,23,Running,
1,be97c6c3-5629-4e82-976d-38dae59e7082,2026-09-28T00:53:01.278+00:00,2026-09-28T00:53:01.462+00:00,21072-30059,dryers,50170062,72000000,2026-09-28 00:53:01,2026-09-27 07:03:28,46,64173.0,-61413.0,,Available,website maps this code to Available
1,be97c6c3-5629-4e82-976d-38dae59e7082,2026-09-28T00:53:01.278+00:00,2026-09-28T00:53:01.462+00:00,21072-30059,dryers,50170067,42000000,2026-09-28 00:53:01,2026-09-28 00:32:57,45,1204.0,1496.0,25,Running,
1,be97c6c3-5629-4e82-976d-38dae59e7082,2026-09-28T00:53:01.278+00:00,2026-09-28T00:53:01.462+00:00,21072-30059,dryers,50170074,72000000,2026-09-28 00:53:01,2026-09-28 00:49:53,46,188.0,2572.0,,Available,website maps this code to Available
1,be97c6c3-5629-4e82-976d-38dae59e7082,2026-09-28T00:53:01.278+00:00,2026-09-28T00:53:01.462+00:00,21072-30059,dryers,50170071,42000000,2026-09-28 00:53:01,2026-09-28 00:34:18,45,1123.0,1577.0,27,Running,
1,be97c6c3-5629-4e82-976d-38dae59e7082,2026-09-28T00:53:01.278+00:00,2026-09-28T00:53:01.462+00:00,21072-30059,dryers,50170054,72000000,2026-09-28 00:53:01,2026-09-27 22:42:01,46,7860.0,-5100.0,,Available,website maps this code to Available
1,2bace534-1a50-4c30-bab7-bfc009607bba,2026-09-28T00:54:01.392+00:00,2026-09-28T00:54:01.603+00:00,21072-30059,washers,50170051,52000000,2026-09-28 00:54:01,2026-09-27 22:40:14,29,8027.0,-6287.0,,Available,website fallback: report over 1 hour old
1,2bace534-1a50-4c30-bab7-bfc009607bba,2026-09-28T00:54:01.392+00:00,2026-09-28T00:54:01.603+00:00,21072-30059,washers,50170080,72000000,2026-09-28 00:54:01,2026-09-28 00:26:38,29,1643.0,97.0,,Available,website maps this code to Available
1,2bace534-1a50-4c30-bab7-bfc009607bba,2026-09-28T00:54:01.392+00:00,2026-09-28T00:54:01.603+00:00,21072-30059,washers,50170075,72000000,2026-09-28 00:54:01,2026-09-28 00:25:28,29,1713.0,27.0,,Available,website maps this code to Available
1,2bace534-1a50-4c30-bab7-bfc009607bba,2026-09-28T00:54:01.392+00:00,2026-09-28T00:54:01.603+00:00,21072-30059,washers,50170082,72000000,2026-09-28 00:54:01,2026-09-28 00:14:48,29,2353.0,-613.0,,Available,website maps this code to Available
1,2bace534-1a50-4c30-bab7-bfc009607bba,2026-09-28T00:54:01.392+00:00,2026-09-28T00:54:01.603+00:00,21072-30059,washers,50170050,42000000,2026-09-28 00:54:01,2026-09-28 00:37:55,10,966.0,-366.0,,Available,website fallback: countdown expired
1,2bace534-1a50-4c30-bab7-bfc009607bba,2026-09-28T00:54:01.392+00:00,2026-09-28T00:54:01.603+00:00,21072-30059,washers,50170052,72000000,2026-09-28 00:54:01,2026-09-28 00:32:00,29,1321.0,419.0,,Available,website maps this code to Available
1,2bace534-1a50-4c30-bab7-bfc009607bba,2026-09-28T00:54:01.392+00:00,2026-09-28T00:54:01.603+00:00,21072-30059,washers,50170078,72000000,2026-09-28 00:54:01,2026-09-28 00:31:25,29,1356.0,384.0,,Available,website maps this code to Available
1,2bace534-1a50-4c30-bab7-bfc009607bba,2026-09-28T00:54:01.392+00:00,2026-09-28T00:54:01.603+00:00,21072-30059,washers,50170084,72000000,2026-09-28 00:54:01,2026-09-28 00:29:34,29,1467.0,273.0,,Available,website maps this code to Available
1,2bace534-1a50-4c30-bab7-bfc009607bba,2026-09-28T00:54:01.392+00:00,2026-09-28T00:54:01.603+00:00,21072-30059,washers,50170068,52000000,2026-09-28 00:54:01,2026-09-27 22:12:30,29,9691.0,-7951.0,,Available,website fallback: report over 1 hour old
1,2bace534-1a50-4c30-bab7-bfc009607bba,2026-09-28T00:54:01.392+00:00,2026-09-28T00:54:01.603+00:00,21072-30059,washers,50170072,72000000,2026-09-28 00:54:01,2026-09-27 23:01:12,29,6769.0,-5029.0,,Available,website maps this code to Available
1,2bace534-1a50-4c30-bab7-bfc009607bba,2026-09-28T00:54:01.392+00:00,2026-09-28T00:54:01.603+00:00,21072-30059,washers,20483408,72000000,2026-09-28 00:54:01,2024-12-20 00:43:32,0,55901429.0,-55901429.0,,Available,website maps this code to Available
1,2bace534-1a50-4c30-bab7-bfc009607bba,2026-09-28T00:54:01.392+00:00,2026-09-28T00:54:01.603+00:00,21072-30059,washers,50170055,42000000,2026-09-28 00:54:01,2026-09-28 00:39:43,26,858.0,702.0,12,Running,
1,2bace534-1a50-4c30-bab7-bfc009607bba,2026-09-28T00:54:01.392+00:00,2026-09-28T00:54:01.603+00:00,21072-30059,dryers,50170058,D2000000,2026-09-28 00:54:01,2026-09-26 17:53:29,45,111632.0,-108932.0,,Start Mode After PF,
1,2bace534-1a50-4c30-bab7-bfc009607bba,2026-09-28T00:54:01.392+00:00,2026-09-28T00:54:01.603+00:00,21072-30059,dryers,50170061,42000000,2026-09-28 00:54:01,2026-09-28 00:26:39,45,1642.0,1058.0,18,Running,
1,2bace534-1a50-4c30-bab7-bfc009607bba,2026-09-28T00:54:01.392+00:00,2026-09-28T00:54:01.603+00:00,21072-30059,dryers,50170081,42000000,2026-09-28 00:54:01,2026-09-28 00:26:15,45,1666.0,1034.0,18,Running,
1,2bace534-1a50-4c30-bab7-bfc009607bba,2026-09-28T00:54:01.392+00:00,2026-09-28T00:54:01.603+00:00,21072-30059,dryers,50170060,42000000,2026-09-28 00:54:01,2026-09-28 00:20:53,45,1988.0,712.0,12,Running,
1,2bace534-1a50-4c30-bab7-bfc009607bba,2026-09-28T00:54:01.392+00:00,2026-09-28T00:54:01.603+00:00,21072-30059,dryers,50170087,42000000,2026-09-28 00:54:01,2026-09-28 00:20:04,45,2037.0,663.0,12,Running,
1,2bace534-1a50-4c30-bab7-bfc009607bba,2026-09-28T00:54:01.392+00:00,2026-09-28T00:54:01.603+00:00,21072-30059,dryers,50170064,72000000,2026-09-28 00:54:01,2026-09-27 23:01:59,46,6722.0,-3962.0,,Available,website maps this code to Available
1,2bace534-1a50-4c30-bab7-bfc009607bba,2026-09-28T00:54:01.392+00:00,2026-09-28T00:54:01.603+00:00,21072-30059,dryers,50170065,42000000,2026-09-28 00:54:01,2026-09-28 00:29:00,46,1501.0,1259.0,21,Running,
1,2bace534-1a50-4c30-bab7-bfc009607bba,2026-09-28T00:54:01.392+00:00,2026-09-28T00:54:01.603+00:00,21072-30059,dryers,50170059,42000000,2026-09-28 00:54:01,2026-09-28 00:31:11,45,1370.0,1330.0,23,Running,
1,2bace534-1a50-4c30-bab7-bfc009607bba,2026-09-28T00:54:01.392+00:00,2026-09-28T00:54:01.603+00:00,21072-30059,dryers,50170057,42000000,2026-09-28 00:54:01,2026-09-28 00:30:58,45,1383.0,1317.0,22,Running,
1,2bace534-1a50-4c30-bab7-bfc009607bba,2026-09-28T00:54:01.392+00:00,2026-09-28T00:54:01.603+00:00,21072-30059,dryers,50170062,72000000,2026-09-28 00:54:01,2026-09-27 07:03:28,46,64233.0,-61473.0,,Available,website maps this code to Available
1,2bace534-1a50-4c30-bab7-bfc009607bba,2026-09-28T00:54:01.392+00:00,2026-09-28T00:54:01.603+00:00,21072-30059,dryers,50170067,42000000,2026-09-28 00:54:01,2026-09-28 00:32:57,45,1264.0,1436.0,24,Running,
1,2bace534-1a50-4c30-bab7-bfc009607bba,2026-09-28T00:54:01.392+00:00,2026-09-28T00:54:01.603+00:00,21072-30059,dryers,50170074,72000000,2026-09-28 00:54:01,2026-09-28 00:49:53,46,248.0,2512.0,,Available,website maps this code to Available
1,2bace534-1a50-4c30-bab7-bfc009607bba,2026-09-28T00:54:01.392+00:00,2026-09-28T00:54:01.603+00:00,21072-30059,dryers,50170071,42000000,2026-09-28 00:54:01,2026-09-28 00:34:18,45,1183.0,1517.0,26,Running,
1,2bace534-1a50-4c30-bab7-bfc009607bba,2026-09-28T00:54:01.392+00:00,2026-09-28T00:54:01.603+00:00,21072-30059,dryers,50170054,72000000,2026-09-28 00:54:01,2026-09-27 22:42:01,46,7920.0,-5160.0,,Available,website maps this code to Available
1,ab70a623-9a33-4210-9d65-54abc43ac356,2026-09-28T00:55:01.272+00:00,2026-09-28T00:55:01.477+00:00,21072-30059,washers,50170051,52000000,2026-09-28 00:55:01,2026-09-27 22:40:14,29,8087.0,-6347.0,,Available,website fallback: report over 1 hour old
1,ab70a623-9a33-4210-9d65-54abc43ac356,2026-09-28T00:55:01.272+00:00,2026-09-28T00:55:01.477+00:00,21072-30059,washers,50170080,72000000,2026-09-28 00:55:01,2026-09-28 00:26:38,29,1703.0,37.0,,Available,website maps this code to Available
1,ab70a623-9a33-4210-9d65-54abc43ac356,2026-09-28T00:55:01.272+00:00,2026-09-28T00:55:01.477+00:00,21072-30059,washers,50170075,72000000,2026-09-28 00:55:01,2026-09-28 00:25:28,29,1773.0,-33.0,,Available,website maps this code to Available
1,ab70a623-9a33-4210-9d65-54abc43ac356,2026-09-28T00:55:01.272+00:00,2026-09-28T00:55:01.477+00:00,21072-30059,washers,50170082,72000000,2026-09-28 00:55:01,2026-09-28 00:14:48,29,2413.0,-673.0,,Available,website maps this code to Available
1,ab70a623-9a33-4210-9d65-54abc43ac356,2026-09-28T00:55:01.272+00:00,2026-09-28T00:55:01.477+00:00,21072-30059,washers,50170050,42000000,2026-09-28 00:55:01,2026-09-28 00:37:55,10,1026.0,-426.0,,Available,website fallback: countdown expired
1,ab70a623-9a33-4210-9d65-54abc43ac356,2026-09-28T00:55:01.272+00:00,2026-09-28T00:55:01.477+00:00,21072-30059,washers,50170052,72000000,2026-09-28 00:55:01,2026-09-28 00:32:00,29,1381.0,359.0,,Available,website maps this code to Available
1,ab70a623-9a33-4210-9d65-54abc43ac356,2026-09-28T00:55:01.272+00:00,2026-09-28T00:55:01.477+00:00,21072-30059,washers,50170078,72000000,2026-09-28 00:55:01,2026-09-28 00:31:25,29,1416.0,324.0,,Available,website maps this code to Available
1,ab70a623-9a33-4210-9d65-54abc43ac356,2026-09-28T00:55:01.272+00:00,2026-09-28T00:55:01.477+00:00,21072-30059,washers,50170084,72000000,2026-09-28 00:55:01,2026-09-28 00:29:34,29,1527.0,213.0,,Available,website maps this code to Available
1,ab70a623-9a33-4210-9d65-54abc43ac356,2026-09-28T00:55:01.272+00:00,2026-09-28T00:55:01.477+00:00,21072-30059,washers,50170068,52000000,2026-09-28 00:55:01,2026-09-27 22:12:30,29,9751.0,-8011.0,,Available,website fallback: report over 1 hour old
1,ab70a623-9a33-4210-9d65-54abc43ac356,2026-09-28T00:55:01.272+00:00,2026-09-28T00:55:01.477+00:00,21072-30059,washers,50170072,72000000,2026-09-28 00:55:01,2026-09-27 23:01:12,29,6829.0,-5089.0,,Available,website maps this code to Available
1,ab70a623-9a33-4210-9d65-54abc43ac356,2026-09-28T00:55:01.272+00:00,2026-09-28T00:55:01.477+00:00,21072-30059,washers,20483408,72000000,2026-09-28 00:55:01,2024-12-20 00:43:32,0,55901489.0,-55901489.0,,Available,website maps this code to Available
1,ab70a623-9a33-4210-9d65-54abc43ac356,2026-09-28T00:55:01.272+00:00,2026-09-28T00:55:01.477+00:00,21072-30059,washers,50170055,42000000,2026-09-28 00:55:01,2026-09-28 00:39:43,26,918.0,642.0,11,Running,
1,ab70a623-9a33-4210-9d65-54abc43ac356,2026-09-28T00:55:01.272+00:00,2026-09-28T00:55:01.477+00:00,21072-30059,dryers,50170058,D2000000,2026-09-28 00:55:01,2026-09-26 17:53:29,45,111692.0,-108992.0,,Start Mode After PF,
1,ab70a623-9a33-4210-9d65-54abc43ac356,2026-09-28T00:55:01.272+00:00,2026-09-28T00:55:01.477+00:00,21072-30059,dryers,50170061,42000000,2026-09-28 00:55:01,2026-09-28 00:26:39,45,1702.0,998.0,17,Running,
1,ab70a623-9a33-4210-9d65-54abc43ac356,2026-09-28T00:55:01.272+00:00,2026-09-28T00:55:01.477+00:00,21072-30059,dryers,50170081,42000000,2026-09-28 00:55:01,2026-09-28 00:26:15,45,1726.0,974.0,17,Running,
1,ab70a623-9a33-4210-9d65-54abc43ac356,2026-09-28T00:55:01.272+00:00,2026-09-28T00:55:01.477+00:00,21072-30059,dryers,50170060,42000000,2026-09-28 00:55:01,2026-09-28 00:20:53,45,2048.0,652.0,11,Running,
1,ab70a623-9a33-4210-9d65-54abc43ac356,2026-09-28T00:55:01.272+00:00,2026-09-28T00:55:01.477+00:00,21072-30059,dryers,50170087,42000000,2026-09-28 00:55:01,2026-09-28 00:20:04,45,2097.0,603.0,11,Running,
1,ab70a623-9a33-4210-9d65-54abc43ac356,2026-09-28T00:55:01.272+00:00,2026-09-28T00:55:01.477+00:00,21072-30059,dryers,50170064,72000000,2026-09-28 00:55:01,2026-09-27 23:01:59,46,6782.0,-4022.0,,Available,website maps this code to Available
1,ab70a623-9a33-4210-9d65-54abc43ac356,2026-09-28T00:55:01.272+00:00,2026-09-28T00:55:01.477+00:00,21072-30059,dryers,50170065,42000000,2026-09-28 00:55:01,2026-09-28 00:29:00,46,1561.0,1199.0,20,Running,
1,ab70a623-9a33-4210-9d65-54abc43ac356,2026-09-28T00:55:01.272+00:00,2026-09-28T00:55:01.477+00:00,21072-30059,dryers,50170059,42000000,2026-09-28 00:55:01,2026-09-28 00:31:11,45,1430.0,1270.0,22,Running,
1,ab70a623-9a33-4210-9d65-54abc43ac356,2026-09-28T00:55:01.272+00:00,2026-09-28T00:55:01.477+00:00,21072-30059,dryers,50170057,42000000,2026-09-28 00:55:01,2026-09-28 00:30:58,45,1443.0,1257.0,21,Running,
1,ab70a623-9a33-4210-9d65-54abc43ac356,2026-09-28T00:55:01.272+00:00,2026-09-28T00:55:01.477+00:00,21072-30059,dryers,50170062,72000000,2026-09-28 00:55:01,2026-09-27 07:03:28,46,64293.0,-61533.0,,Available,website maps this code to Available
1,ab70a623-9a33-4210-9d65-54abc43ac356,2026-09-28T00:55:01.272+00:00,2026-09-28T00:55:01.477+00:00,21072-30059,dryers,50170067,42000000,2026-09-28 00:55:01,2026-09-28 00:32:57,45,1324.0,1376.0,23,Running,
1,ab70a623-9a33-4210-9d65-54abc43ac356,2026-09-28T00:55:01.272+00:00,2026-09-28T00:55:01.477+00:00,21072-30059,dryers,50170074,72000000,2026-09-28 00:55:01,2026-09-28 00:49:53,46,308.0,2452.0,,Available,website maps this code to Available
1,ab70a623-9a33-4210-9d65-54abc43ac356,2026-09-28T00:55:01.272+00:00,2026-09-28T00:55:01.477+00:00,21072-30059,dryers,50170071,42000000,2026-09-28 00:55:01,2026-09-28 00:34:18,45,1243.0,1457.0,25,Running,
1,ab70a623-9a33-4210-9d65-54abc43ac356,2026-09-28T00:55:01.272+00:00,2026-09-28T00:55:01.477+00:00,21072-30059,dryers,50170054,72000000,2026-09-28 00:55:01,2026-09-27 22:42:01,46,7980.0,-5220.0,,Available,website maps this code to Available
1,80144b0b-217d-413a-80b1-b6faa12cccc4,2026-09-28T00:56:01.289+00:00,2026-09-28T00:56:01.494+00:00,21072-30059,washers,50170051,52000000,2026-09-28 00:56:01,2026-09-27 22:40:14,29,8147.0,-6407.0,,Available,website fallback: report over 1 hour old
1,80144b0b-217d-413a-80b1-b6faa12cccc4,2026-09-28T00:56:01.289+00:00,2026-09-28T00:56:01.494+00:00,21072-30059,washers,50170080,72000000,2026-09-28 00:56:01,2026-09-28 00:26:38,29,1763.0,-23.0,,Available,website maps this code to Available
1,80144b0b-217d-413a-80b1-b6faa12cccc4,2026-09-28T00:56:01.289+00:00,2026-09-28T00:56:01.494+00:00,21072-30059,washers,50170075,72000000,2026-09-28 00:56:01,2026-09-28 00:25:28,29,1833.0,-93.0,,Available,website maps this code to Available
1,80144b0b-217d-413a-80b1-b6faa12cccc4,2026-09-28T00:56:01.289+00:00,2026-09-28T00:56:01.494+00:00,21072-30059,washers,50170082,72000000,2026-09-28 00:56:01,2026-09-28 00:14:48,29,2473.0,-733.0,,Available,website maps this code to Available
1,80144b0b-217d-413a-80b1-b6faa12cccc4,2026-09-28T00:56:01.289+00:00,2026-09-28T00:56:01.494+00:00,21072-30059,washers,50170050,A2000000,2026-09-28 00:56:01,2026-09-28 00:55:12,1,49.0,11.0,,Door Unlock Mode,
1,80144b0b-217d-413a-80b1-b6faa12cccc4,2026-09-28T00:56:01.289+00:00,2026-09-28T00:56:01.494+00:00,21072-30059,washers,50170052,72000000,2026-09-28 00:56:01,2026-09-28 00:32:00,29,1441.0,299.0,,Available,website maps this code to Available
1,80144b0b-217d-413a-80b1-b6faa12cccc4,2026-09-28T00:56:01.289+00:00,2026-09-28T00:56:01.494+00:00,21072-30059,washers,50170078,72000000,2026-09-28 00:56:01,2026-09-28 00:31:25,29,1476.0,264.0,,Available,website maps this code to Available
1,80144b0b-217d-413a-80b1-b6faa12cccc4,2026-09-28T00:56:01.289+00:00,2026-09-28T00:56:01.494+00:00,21072-30059,washers,50170084,72000000,2026-09-28 00:56:01,2026-09-28 00:29:34,29,1587.0,153.0,,Available,website maps this code to Available
1,80144b0b-217d-413a-80b1-b6faa12cccc4,2026-09-28T00:56:01.289+00:00,2026-09-28T00:56:01.494+00:00,21072-30059,washers,50170068,52000000,2026-09-28 00:56:01,2026-09-27 22:12:30,29,9811.0,-8071.0,,Available,website fallback: report over 1 hour old
1,80144b0b-217d-413a-80b1-b6faa12cccc4,2026-09-28T00:56:01.289+00:00,2026-09-28T00:56:01.494+00:00,21072-30059,washers,50170072,72000000,2026-09-28 00:56:01,2026-09-27 23:01:12,29,6889.0,-5149.0,,Available,website maps this code to Available
1,80144b0b-217d-413a-80b1-b6faa12cccc4,2026-09-28T00:56:01.289+00:00,2026-09-28T00:56:01.494+00:00,21072-30059,washers,20483408,72000000,2026-09-28 00:56:01,2024-12-20 00:43:32,0,55901549.0,-55901549.0,,Available,website maps this code to Available
1,80144b0b-217d-413a-80b1-b6faa12cccc4,2026-09-28T00:56:01.289+00:00,2026-09-28T00:56:01.494+00:00,21072-30059,washers,50170055,42000000,2026-09-28 00:56:01,2026-09-28 00:39:43,26,978.0,582.0,10,Running,
1,80144b0b-217d-413a-80b1-b6faa12cccc4,2026-09-28T00:56:01.289+00:00,2026-09-28T00:56:01.494+00:00,21072-30059,dryers,50170058,D2000000,2026-09-28 00:56:01,2026-09-26 17:53:29,45,111752.0,-109052.0,,Start Mode After PF,
1,80144b0b-217d-413a-80b1-b6faa12cccc4,2026-09-28T00:56:01.289+00:00,2026-09-28T00:56:01.494+00:00,21072-30059,dryers,50170061,42000000,2026-09-28 00:56:01,2026-09-28 00:26:39,45,1762.0,938.0,16,Running,
1,80144b0b-217d-413a-80b1-b6faa12cccc4,2026-09-28T00:56:01.289+00:00,2026-09-28T00:56:01.494+00:00,21072-30059,dryers,50170081,42000000,2026-09-28 00:56:01,2026-09-28 00:26:15,45,1786.0,914.0,16,Running,
1,80144b0b-217d-413a-80b1-b6faa12cccc4,2026-09-28T00:56:01.289+00:00,2026-09-28T00:56:01.494+00:00,21072-30059,dryers,50170060,42000000,2026-09-28 00:56:01,2026-09-28 00:55:23,10,38.0,562.0,10,Running,
1,80144b0b-217d-413a-80b1-b6faa12cccc4,2026-09-28T00:56:01.289+00:00,2026-09-28T00:56:01.494+00:00,21072-30059,dryers,50170087,42000000,2026-09-28 00:56:01,2026-09-28 00:55:35,10,26.0,574.0,10,Running,
1,80144b0b-217d-413a-80b1-b6faa12cccc4,2026-09-28T00:56:01.289+00:00,2026-09-28T00:56:01.494+00:00,21072-30059,dryers,50170064,72000000,2026-09-28 00:56:01,2026-09-27 23:01:59,46,6842.0,-4082.0,,Available,website maps this code to Available
1,80144b0b-217d-413a-80b1-b6faa12cccc4,2026-09-28T00:56:01.289+00:00,2026-09-28T00:56:01.494+00:00,21072-30059,dryers,50170065,42000000,2026-09-28 00:56:01,2026-09-28 00:29:00,46,1621.0,1139.0,19,Running,
1,80144b0b-217d-413a-80b1-b6faa12cccc4,2026-09-28T00:56:01.289+00:00,2026-09-28T00:56:01.494+00:00,21072-30059,dryers,50170059,42000000,2026-09-28 00:56:01,2026-09-28 00:31:11,45,1490.0,1210.0,21,Running,
1,80144b0b-217d-413a-80b1-b6faa12cccc4,2026-09-28T00:56:01.289+00:00,2026-09-28T00:56:01.494+00:00,21072-30059,dryers,50170057,42000000,2026-09-28 00:56:01,2026-09-28 00:30:58,45,1503.0,1197.0,20,Running,
1,80144b0b-217d-413a-80b1-b6faa12cccc4,2026-09-28T00:56:01.289+00:00,2026-09-28T00:56:01.494+00:00,21072-30059,dryers,50170062,72000000,2026-09-28 00:56:01,2026-09-27 07:03:28,46,64353.0,-61593.0,,Available,website maps this code to Available
1,80144b0b-217d-413a-80b1-b6faa12cccc4,2026-09-28T00:56:01.289+00:00,2026-09-28T00:56:01.494+00:00,21072-30059,dryers,50170067,42000000,2026-09-28 00:56:01,2026-09-28 00:32:57,45,1384.0,1316.0,22,Running,
1,80144b0b-217d-413a-80b1-b6faa12cccc4,2026-09-28T00:56:01.289+00:00,2026-09-28T00:56:01.494+00:00,21072-30059,dryers,50170074,72000000,2026-09-28 00:56:01,2026-09-28 00:49:53,46,368.0,2392.0,,Available,website maps this code to Available
1,80144b0b-217d-413a-80b1-b6faa12cccc4,2026-09-28T00:56:01.289+00:00,2026-09-28T00:56:01.494+00:00,21072-30059,dryers,50170071,42000000,2026-09-28 00:56:01,2026-09-28 00:34:18,45,1303.0,1397.0,24,Running,
1,80144b0b-217d-413a-80b1-b6faa12cccc4,2026-09-28T00:56:01.289+00:00,2026-09-28T00:56:01.494+00:00,21072-30059,dryers,50170054,72000000,2026-09-28 00:56:01,2026-09-27 22:42:01,46,8040.0,-5280.0,,Available,website maps this code to Available
1,1d368e6c-bcae-45f8-b29d-5c0145b54f74,2026-09-28T00:57:01.284+00:00,2026-09-28T00:57:01.469+00:00,21072-30059,washers,50170051,52000000,2026-09-28 00:57:01,2026-09-27 22:40:14,29,8207.0,-6467.0,,Available,website fallback: report over 1 hour old
1,1d368e6c-bcae-45f8-b29d-5c0145b54f74,2026-09-28T00:57:01.284+00:00,2026-09-28T00:57:01.469+00:00,21072-30059,washers,50170080,72000000,2026-09-28 00:57:01,2026-09-28 00:26:38,29,1823.0,-83.0,,Available,website maps this code to Available
1,1d368e6c-bcae-45f8-b29d-5c0145b54f74,2026-09-28T00:57:01.284+00:00,2026-09-28T00:57:01.469+00:00,21072-30059,washers,50170075,72000000,2026-09-28 00:57:01,2026-09-28 00:25:28,29,1893.0,-153.0,,Available,website maps this code to Available
1,1d368e6c-bcae-45f8-b29d-5c0145b54f74,2026-09-28T00:57:01.284+00:00,2026-09-28T00:57:01.469+00:00,21072-30059,washers,50170082,72000000,2026-09-28 00:57:01,2026-09-28 00:14:48,29,2533.0,-793.0,,Available,website maps this code to Available
1,1d368e6c-bcae-45f8-b29d-5c0145b54f74,2026-09-28T00:57:01.284+00:00,2026-09-28T00:57:01.469+00:00,21072-30059,washers,50170050,52000000,2026-09-28 00:57:01,2026-09-28 00:56:15,29,46.0,1694.0,,Finished,
1,1d368e6c-bcae-45f8-b29d-5c0145b54f74,2026-09-28T00:57:01.284+00:00,2026-09-28T00:57:01.469+00:00,21072-30059,washers,50170052,72000000,2026-09-28 00:57:01,2026-09-28 00:32:00,29,1501.0,239.0,,Available,website maps this code to Available
1,1d368e6c-bcae-45f8-b29d-5c0145b54f74,2026-09-28T00:57:01.284+00:00,2026-09-28T00:57:01.469+00:00,21072-30059,washers,50170078,72000000,2026-09-28 00:57:01,2026-09-28 00:31:25,29,1536.0,204.0,,Available,website maps this code to Available
1,1d368e6c-bcae-45f8-b29d-5c0145b54f74,2026-09-28T00:57:01.284+00:00,2026-09-28T00:57:01.469+00:00,21072-30059,washers,50170084,72000000,2026-09-28 00:57:01,2026-09-28 00:29:34,29,1647.0,93.0,,Available,website maps this code to Available
1,1d368e6c-bcae-45f8-b29d-5c0145b54f74,2026-09-28T00:57:01.284+00:00,2026-09-28T00:57:01.469+00:00,21072-30059,washers,50170068,52000000,2026-09-28 00:57:01,2026-09-27 22:12:30,29,9871.0,-8131.0,,Available,website fallback: report over 1 hour old
1,1d368e6c-bcae-45f8-b29d-5c0145b54f74,2026-09-28T00:57:01.284+00:00,2026-09-28T00:57:01.469+00:00,21072-30059,washers,50170072,72000000,2026-09-28 00:57:01,2026-09-27 23:01:12,29,6949.0,-5209.0,,Available,website maps this code to Available
1,1d368e6c-bcae-45f8-b29d-5c0145b54f74,2026-09-28T00:57:01.284+00:00,2026-09-28T00:57:01.469+00:00,21072-30059,washers,20483408,72000000,2026-09-28 00:57:01,2024-12-20 00:43:32,0,55901609.0,-55901609.0,,Available,website maps this code to Available
1,1d368e6c-bcae-45f8-b29d-5c0145b54f74,2026-09-28T00:57:01.284+00:00,2026-09-28T00:57:01.469+00:00,21072-30059,washers,50170055,42000000,2026-09-28 00:57:01,2026-09-28 00:39:43,26,1038.0,522.0,9,Running,
1,1d368e6c-bcae-45f8-b29d-5c0145b54f74,2026-09-28T00:57:01.284+00:00,2026-09-28T00:57:01.469+00:00,21072-30059,dryers,50170058,D2000000,2026-09-28 00:57:01,2026-09-26 17:53:29,45,111812.0,-109112.0,,Start Mode After PF,
1,1d368e6c-bcae-45f8-b29d-5c0145b54f74,2026-09-28T00:57:01.284+00:00,2026-09-28T00:57:01.469+00:00,21072-30059,dryers,50170061,42000000,2026-09-28 00:57:01,2026-09-28 00:26:39,45,1822.0,878.0,15,Running,
1,1d368e6c-bcae-45f8-b29d-5c0145b54f74,2026-09-28T00:57:01.284+00:00,2026-09-28T00:57:01.469+00:00,21072-30059,dryers,50170081,42000000,2026-09-28 00:57:01,2026-09-28 00:26:15,45,1846.0,854.0,15,Running,
1,1d368e6c-bcae-45f8-b29d-5c0145b54f74,2026-09-28T00:57:01.284+00:00,2026-09-28T00:57:01.469+00:00,21072-30059,dryers,50170060,42000000,2026-09-28 00:57:01,2026-09-28 00:55:23,10,98.0,502.0,9,Running,
1,1d368e6c-bcae-45f8-b29d-5c0145b54f74,2026-09-28T00:57:01.284+00:00,2026-09-28T00:57:01.469+00:00,21072-30059,dryers,50170087,42000000,2026-09-28 00:57:01,2026-09-28 00:55:35,10,86.0,514.0,9,Running,
1,1d368e6c-bcae-45f8-b29d-5c0145b54f74,2026-09-28T00:57:01.284+00:00,2026-09-28T00:57:01.469+00:00,21072-30059,dryers,50170064,72000000,2026-09-28 00:57:01,2026-09-27 23:01:59,46,6902.0,-4142.0,,Available,website maps this code to Available
1,1d368e6c-bcae-45f8-b29d-5c0145b54f74,2026-09-28T00:57:01.284+00:00,2026-09-28T00:57:01.469+00:00,21072-30059,dryers,50170065,42000000,2026-09-28 00:57:01,2026-09-28 00:29:00,46,1681.0,1079.0,18,Running,
1,1d368e6c-bcae-45f8-b29d-5c0145b54f74,2026-09-28T00:57:01.284+00:00,2026-09-28T00:57:01.469+00:00,21072-30059,dryers,50170059,42000000,2026-09-28 00:57:01,2026-09-28 00:31:11,45,1550.0,1150.0,20,Running,
1,1d368e6c-bcae-45f8-b29d-5c0145b54f74,2026-09-28T00:57:01.284+00:00,2026-09-28T00:57:01.469+00:00,21072-30059,dryers,50170057,42000000,2026-09-28 00:57:01,2026-09-28 00:30:58,45,1563.0,1137.0,19,Running,
1,1d368e6c-bcae-45f8-b29d-5c0145b54f74,2026-09-28T00:57:01.284+00:00,2026-09-28T00:57:01.469+00:00,21072-30059,dryers,50170062,72000000,2026-09-28 00:57:01,2026-09-27 07:03:28,46,64413.0,-61653.0,,Available,website maps this code to Available
1,1d368e6c-bcae-45f8-b29d-5c0145b54f74,2026-09-28T00:57:01.284+00:00,2026-09-28T00:57:01.469+00:00,21072-30059,dryers,50170067,42000000,2026-09-28 00:57:01,2026-09-28 00:32:57,45,1444.0,1256.0,21,Running,
1,1d368e6c-bcae-45f8-b29d-5c0145b54f74,2026-09-28T00:57:01.284+00:00,2026-09-28T00:57:01.469+00:00,21072-30059,dryers,50170074,72000000,2026-09-28 00:57:01,2026-09-28 00:49:53,46,428.0,2332.0,,Available,website maps this code to Available
1,1d368e6c-bcae-45f8-b29d-5c0145b54f74,2026-09-28T00:57:01.284+00:00,2026-09-28T00:57:01.469+00:00,21072-30059,dryers,50170071,42000000,2026-09-28 00:57:01,2026-09-28 00:34:18,45,1363.0,1337.0,23,Running,
1,1d368e6c-bcae-45f8-b29d-5c0145b54f74,2026-09-28T00:57:01.284+00:00,2026-09-28T00:57:01.469+00:00,21072-30059,dryers,50170054,72000000,2026-09-28 00:57:01,2026-09-27 22:42:01,46,8100.0,-5340.0,,Available,website maps this code to Available
1,961f6585-cafd-46cd-993e-0d6f7e6d0056,2026-09-28T00:58:01.301+00:00,2026-09-28T00:58:01.479+00:00,21072-30059,washers,50170051,52000000,2026-09-28 00:58:01,2026-09-27 22:40:14,29,8267.0,-6527.0,,Available,website fallback: report over 1 hour old
1,961f6585-cafd-46cd-993e-0d6f7e6d0056,2026-09-28T00:58:01.301+00:00,2026-09-28T00:58:01.479+00:00,21072-30059,washers,50170080,72000000,2026-09-28 00:58:01,2026-09-28 00:26:38,29,1883.0,-143.0,,Available,website maps this code to Available
1,961f6585-cafd-46cd-993e-0d6f7e6d0056,2026-09-28T00:58:01.301+00:00,2026-09-28T00:58:01.479+00:00,21072-30059,washers,50170075,72000000,2026-09-28 00:58:01,2026-09-28 00:25:28,29,1953.0,-213.0,,Available,website maps this code to Available
1,961f6585-cafd-46cd-993e-0d6f7e6d0056,2026-09-28T00:58:01.301+00:00,2026-09-28T00:58:01.479+00:00,21072-30059,washers,50170082,72000000,2026-09-28 00:58:01,2026-09-28 00:14:48,29,2593.0,-853.0,,Available,website maps this code to Available
1,961f6585-cafd-46cd-993e-0d6f7e6d0056,2026-09-28T00:58:01.301+00:00,2026-09-28T00:58:01.479+00:00,21072-30059,washers,50170050,52000000,2026-09-28 00:58:01,2026-09-28 00:56:15,29,106.0,1634.0,,Finished,
1,961f6585-cafd-46cd-993e-0d6f7e6d0056,2026-09-28T00:58:01.301+00:00,2026-09-28T00:58:01.479+00:00,21072-30059,washers,50170052,72000000,2026-09-28 00:58:01,2026-09-28 00:32:00,29,1561.0,179.0,,Available,website maps this code to Available
1,961f6585-cafd-46cd-993e-0d6f7e6d0056,2026-09-28T00:58:01.301+00:00,2026-09-28T00:58:01.479+00:00,21072-30059,washers,50170078,72000000,2026-09-28 00:58:01,2026-09-28 00:31:25,29,1596.0,144.0,,Available,website maps this code to Available
1,961f6585-cafd-46cd-993e-0d6f7e6d0056,2026-09-28T00:58:01.301+00:00,2026-09-28T00:58:01.479+00:00,21072-30059,washers,50170084,72000000,2026-09-28 00:58:01,2026-09-28 00:29:34,29,1707.0,33.0,,Available,website maps this code to Available
1,961f6585-cafd-46cd-993e-0d6f7e6d0056,2026-09-28T00:58:01.301+00:00,2026-09-28T00:58:01.479+00:00,21072-30059,washers,50170068,52000000,2026-09-28 00:58:01,2026-09-27 22:12:30,29,9931.0,-8191.0,,Available,website fallback: report over 1 hour old
1,961f6585-cafd-46cd-993e-0d6f7e6d0056,2026-09-28T00:58:01.301+00:00,2026-09-28T00:58:01.479+00:00,21072-30059,washers,50170072,72000000,2026-09-28 00:58:01,2026-09-27 23:01:12,29,7009.0,-5269.0,,Available,website maps this code to Available
1,961f6585-cafd-46cd-993e-0d6f7e6d0056,2026-09-28T00:58:01.301+00:00,2026-09-28T00:58:01.479+00:00,21072-30059,washers,20483408,72000000,2026-09-28 00:58:01,2024-12-20 00:43:32,0,55901669.0,-55901669.0,,Available,website maps this code to Available
1,961f6585-cafd-46cd-993e-0d6f7e6d0056,2026-09-28T00:58:01.301+00:00,2026-09-28T00:58:01.479+00:00,21072-30059,washers,50170055,42000000,2026-09-28 00:58:01,2026-09-28 00:58:00,10,1.0,599.0,10,Running,
1,961f6585-cafd-46cd-993e-0d6f7e6d0056,2026-09-28T00:58:01.301+00:00,2026-09-28T00:58:01.479+00:00,21072-30059,dryers,50170058,D2000000,2026-09-28 00:58:01,2026-09-26 17:53:29,45,111872.0,-109172.0,,Start Mode After PF,
1,961f6585-cafd-46cd-993e-0d6f7e6d0056,2026-09-28T00:58:01.301+00:00,2026-09-28T00:58:01.479+00:00,21072-30059,dryers,50170061,42000000,2026-09-28 00:58:01,2026-09-28 00:26:39,45,1882.0,818.0,14,Running,
1,961f6585-cafd-46cd-993e-0d6f7e6d0056,2026-09-28T00:58:01.301+00:00,2026-09-28T00:58:01.479+00:00,21072-30059,dryers,50170081,42000000,2026-09-28 00:58:01,2026-09-28 00:26:15,45,1906.0,794.0,14,Running,
1,961f6585-cafd-46cd-993e-0d6f7e6d0056,2026-09-28T00:58:01.301+00:00,2026-09-28T00:58:01.479+00:00,21072-30059,dryers,50170060,42000000,2026-09-28 00:58:01,2026-09-28 00:55:23,10,158.0,442.0,8,Running,
1,961f6585-cafd-46cd-993e-0d6f7e6d0056,2026-09-28T00:58:01.301+00:00,2026-09-28T00:58:01.479+00:00,21072-30059,dryers,50170087,42000000,2026-09-28 00:58:01,2026-09-28 00:55:35,10,146.0,454.0,8,Running,
1,961f6585-cafd-46cd-993e-0d6f7e6d0056,2026-09-28T00:58:01.301+00:00,2026-09-28T00:58:01.479+00:00,21072-30059,dryers,50170064,72000000,2026-09-28 00:58:01,2026-09-27 23:01:59,46,6962.0,-4202.0,,Available,website maps this code to Available
1,961f6585-cafd-46cd-993e-0d6f7e6d0056,2026-09-28T00:58:01.301+00:00,2026-09-28T00:58:01.479+00:00,21072-30059,dryers,50170065,42000000,2026-09-28 00:58:01,2026-09-28 00:29:00,46,1741.0,1019.0,17,Running,
1,961f6585-cafd-46cd-993e-0d6f7e6d0056,2026-09-28T00:58:01.301+00:00,2026-09-28T00:58:01.479+00:00,21072-30059,dryers,50170059,42000000,2026-09-28 00:58:01,2026-09-28 00:31:11,45,1610.0,1090.0,19,Running,
1,961f6585-cafd-46cd-993e-0d6f7e6d0056,2026-09-28T00:58:01.301+00:00,2026-09-28T00:58:01.479+00:00,21072-30059,dryers,50170057,42000000,2026-09-28 00:58:01,2026-09-28 00:30:58,45,1623.0,1077.0,18,Running,
1,961f6585-cafd-46cd-993e-0d6f7e6d0056,2026-09-28T00:58:01.301+00:00,2026-09-28T00:58:01.479+00:00,21072-30059,dryers,50170062,72000000,2026-09-28 00:58:01,2026-09-27 07:03:28,46,64473.0,-61713.0,,Available,website maps this code to Available
1,961f6585-cafd-46cd-993e-0d6f7e6d0056,2026-09-28T00:58:01.301+00:00,2026-09-28T00:58:01.479+00:00,21072-30059,dryers,50170067,42000000,2026-09-28 00:58:01,2026-09-28 00:32:57,45,1504.0,1196.0,20,Running,
1,961f6585-cafd-46cd-993e-0d6f7e6d0056,2026-09-28T00:58:01.301+00:00,2026-09-28T00:58:01.479+00:00,21072-30059,dryers,50170074,72000000,2026-09-28 00:58:01,2026-09-28 00:49:53,46,488.0,2272.0,,Available,website maps this code to Available
1,961f6585-cafd-46cd-993e-0d6f7e6d0056,2026-09-28T00:58:01.301+00:00,2026-09-28T00:58:01.479+00:00,21072-30059,dryers,50170071,42000000,2026-09-28 00:58:01,2026-09-28 00:34:18,45,1423.0,1277.0,22,Running,
1,961f6585-cafd-46cd-993e-0d6f7e6d0056,2026-09-28T00:58:01.301+00:00,2026-09-28T00:58:01.479+00:00,21072-30059,dryers,50170054,72000000,2026-09-28 00:58:01,2026-09-27 22:42:01,46,8160.0,-5400.0,,Available,website maps this code to Available
1,948e9cb1-ad7d-45e0-b372-e42256a187fc,2026-09-28T00:59:01.341+00:00,2026-09-28T00:59:01.550+00:00,21072-30059,washers,50170051,52000000,2026-09-28 00:59:01,2026-09-27 22:40:14,29,8327.0,-6587.0,,Available,website fallback: report over 1 hour old
1,948e9cb1-ad7d-45e0-b372-e42256a187fc,2026-09-28T00:59:01.341+00:00,2026-09-28T00:59:01.550+00:00,21072-30059,washers,50170080,72000000,2026-09-28 00:59:01,2026-09-28 00:26:38,29,1943.0,-203.0,,Available,website maps this code to Available
1,948e9cb1-ad7d-45e0-b372-e42256a187fc,2026-09-28T00:59:01.341+00:00,2026-09-28T00:59:01.550+00:00,21072-30059,washers,50170075,72000000,2026-09-28 00:59:01,2026-09-28 00:25:28,29,2013.0,-273.0,,Available,website maps this code to Available
1,948e9cb1-ad7d-45e0-b372-e42256a187fc,2026-09-28T00:59:01.341+00:00,2026-09-28T00:59:01.550+00:00,21072-30059,washers,50170082,72000000,2026-09-28 00:59:01,2026-09-28 00:14:48,29,2653.0,-913.0,,Available,website maps this code to Available
1,948e9cb1-ad7d-45e0-b372-e42256a187fc,2026-09-28T00:59:01.341+00:00,2026-09-28T00:59:01.550+00:00,21072-30059,washers,50170050,52000000,2026-09-28 00:59:01,2026-09-28 00:56:15,29,166.0,1574.0,,Finished,
1,948e9cb1-ad7d-45e0-b372-e42256a187fc,2026-09-28T00:59:01.341+00:00,2026-09-28T00:59:01.550+00:00,21072-30059,washers,50170052,72000000,2026-09-28 00:59:01,2026-09-28 00:32:00,29,1621.0,119.0,,Available,website maps this code to Available
1,948e9cb1-ad7d-45e0-b372-e42256a187fc,2026-09-28T00:59:01.341+00:00,2026-09-28T00:59:01.550+00:00,21072-30059,washers,50170078,72000000,2026-09-28 00:59:01,2026-09-28 00:31:25,29,1656.0,84.0,,Available,website maps this code to Available
1,948e9cb1-ad7d-45e0-b372-e42256a187fc,2026-09-28T00:59:01.341+00:00,2026-09-28T00:59:01.550+00:00,21072-30059,washers,50170084,72000000,2026-09-28 00:59:01,2026-09-28 00:29:34,29,1767.0,-27.0,,Available,website maps this code to Available
1,948e9cb1-ad7d-45e0-b372-e42256a187fc,2026-09-28T00:59:01.341+00:00,2026-09-28T00:59:01.550+00:00,21072-30059,washers,50170068,52000000,2026-09-28 00:59:01,2026-09-27 22:12:30,29,9991.0,-8251.0,,Available,website fallback: report over 1 hour old
1,948e9cb1-ad7d-45e0-b372-e42256a187fc,2026-09-28T00:59:01.341+00:00,2026-09-28T00:59:01.550+00:00,21072-30059,washers,50170072,72000000,2026-09-28 00:59:01,2026-09-27 23:01:12,29,7069.0,-5329.0,,Available,website maps this code to Available
1,948e9cb1-ad7d-45e0-b372-e42256a187fc,2026-09-28T00:59:01.341+00:00,2026-09-28T00:59:01.550+00:00,21072-30059,washers,20483408,72000000,2026-09-28 00:59:01,2024-12-20 00:43:32,0,55901729.0,-55901729.0,,Available,website maps this code to Available
1,948e9cb1-ad7d-45e0-b372-e42256a187fc,2026-09-28T00:59:01.341+00:00,2026-09-28T00:59:01.550+00:00,21072-30059,washers,50170055,42000000,2026-09-28 00:59:01,2026-09-28 00:58:00,10,61.0,539.0,9,Running,
1,948e9cb1-ad7d-45e0-b372-e42256a187fc,2026-09-28T00:59:01.341+00:00,2026-09-28T00:59:01.550+00:00,21072-30059,dryers,50170058,D2000000,2026-09-28 00:59:01,2026-09-26 17:53:29,45,111932.0,-109232.0,,Start Mode After PF,
1,948e9cb1-ad7d-45e0-b372-e42256a187fc,2026-09-28T00:59:01.341+00:00,2026-09-28T00:59:01.550+00:00,21072-30059,dryers,50170061,42000000,2026-09-28 00:59:01,2026-09-28 00:26:39,45,1942.0,758.0,13,Running,
1,948e9cb1-ad7d-45e0-b372-e42256a187fc,2026-09-28T00:59:01.341+00:00,2026-09-28T00:59:01.550+00:00,21072-30059,dryers,50170081,42000000,2026-09-28 00:59:01,2026-09-28 00:26:15,45,1966.0,734.0,13,Running,
1,948e9cb1-ad7d-45e0-b372-e42256a187fc,2026-09-28T00:59:01.341+00:00,2026-09-28T00:59:01.550+00:00,21072-30059,dryers,50170060,42000000,2026-09-28 00:59:01,2026-09-28 00:55:23,10,218.0,382.0,7,Running,
1,948e9cb1-ad7d-45e0-b372-e42256a187fc,2026-09-28T00:59:01.341+00:00,2026-09-28T00:59:01.550+00:00,21072-30059,dryers,50170087,42000000,2026-09-28 00:59:01,2026-09-28 00:55:35,10,206.0,394.0,7,Running,
1,948e9cb1-ad7d-45e0-b372-e42256a187fc,2026-09-28T00:59:01.341+00:00,2026-09-28T00:59:01.550+00:00,21072-30059,dryers,50170064,72000000,2026-09-28 00:59:01,2026-09-27 23:01:59,46,7022.0,-4262.0,,Available,website maps this code to Available
1,948e9cb1-ad7d-45e0-b372-e42256a187fc,2026-09-28T00:59:01.341+00:00,2026-09-28T00:59:01.550+00:00,21072-30059,dryers,50170065,42000000,2026-09-28 00:59:01,2026-09-28 00:29:00,46,1801.0,959.0,16,Running,
1,948e9cb1-ad7d-45e0-b372-e42256a187fc,2026-09-28T00:59:01.341+00:00,2026-09-28T00:59:01.550+00:00,21072-30059,dryers,50170059,42000000,2026-09-28 00:59:01,2026-09-28 00:31:11,45,1670.0,1030.0,18,Running,
1,948e9cb1-ad7d-45e0-b372-e42256a187fc,2026-09-28T00:59:01.341+00:00,2026-09-28T00:59:01.550+00:00,21072-30059,dryers,50170057,42000000,2026-09-28 00:59:01,2026-09-28 00:30:58,45,1683.0,1017.0,17,Running,
1,948e9cb1-ad7d-45e0-b372-e42256a187fc,2026-09-28T00:59:01.341+00:00,2026-09-28T00:59:01.550+00:00,21072-30059,dryers,50170062,72000000,2026-09-28 00:59:01,2026-09-27 07:03:28,46,64533.0,-61773.0,,Available,website maps this code to Available
1,948e9cb1-ad7d-45e0-b372-e42256a187fc,2026-09-28T00:59:01.341+00:00,2026-09-28T00:59:01.550+00:00,21072-30059,dryers,50170067,42000000,2026-09-28 00:59:01,2026-09-28 00:32:57,45,1564.0,1136.0,19,Running,
1,948e9cb1-ad7d-45e0-b372-e42256a187fc,2026-09-28T00:59:01.341+00:00,2026-09-28T00:59:01.550+00:00,21072-30059,dryers,50170074,72000000,2026-09-28 00:59:01,2026-09-28 00:49:53,46,548.0,2212.0,,Available,website maps this code to Available
1,948e9cb1-ad7d-45e0-b372-e42256a187fc,2026-09-28T00:59:01.341+00:00,2026-09-28T00:59:01.550+00:00,21072-30059,dryers,50170071,42000000,2026-09-28 00:59:01,2026-09-28 00:34:18,45,1483.0,1217.0,21,Running,
1,948e9cb1-ad7d-45e0-b372-e42256a187fc,2026-09-28T00:59:01.341+00:00,2026-09-28T00:59:01.550+00:00,21072-30059,dryers,50170054,72000000,2026-09-28 00:59:01,2026-09-27 22:42:01,46,8220.0,-5460.0,,Available,website maps this code to Available
1,e4b579f3-6d21-4266-8f38-7c923dc3c160,2026-09-28T01:00:01.347+00:00,2026-09-28T01:00:01.556+00:00,21072-30059,washers,50170051,52000000,2026-09-28 01:00:01,2026-09-27 22:40:14,29,8387.0,-6647.0,,Available,website fallback: report over 1 hour old
1,e4b579f3-6d21-4266-8f38-7c923dc3c160,2026-09-28T01:00:01.347+00:00,2026-09-28T01:00:01.556+00:00,21072-30059,washers,50170080,72000000,2026-09-28 01:00:01,2026-09-28 00:26:38,29,2003.0,-263.0,,Available,website maps this code to Available
1,e4b579f3-6d21-4266-8f38-7c923dc3c160,2026-09-28T01:00:01.347+00:00,2026-09-28T01:00:01.556+00:00,21072-30059,washers,50170075,72000000,2026-09-28 01:00:01,2026-09-28 00:25:28,29,2073.0,-333.0,,Available,website maps this code to Available
1,e4b579f3-6d21-4266-8f38-7c923dc3c160,2026-09-28T01:00:01.347+00:00,2026-09-28T01:00:01.556+00:00,21072-30059,washers,50170082,72000000,2026-09-28 01:00:01,2026-09-28 00:14:48,29,2713.0,-973.0,,Available,website maps this code to Available
1,e4b579f3-6d21-4266-8f38-7c923dc3c160,2026-09-28T01:00:01.347+00:00,2026-09-28T01:00:01.556+00:00,21072-30059,washers,50170050,52000000,2026-09-28 01:00:01,2026-09-28 00:56:15,29,226.0,1514.0,,Finished,
1,e4b579f3-6d21-4266-8f38-7c923dc3c160,2026-09-28T01:00:01.347+00:00,2026-09-28T01:00:01.556+00:00,21072-30059,washers,50170052,72000000,2026-09-28 01:00:01,2026-09-28 00:32:00,29,1681.0,59.0,,Available,website maps this code to Available
1,e4b579f3-6d21-4266-8f38-7c923dc3c160,2026-09-28T01:00:01.347+00:00,2026-09-28T01:00:01.556+00:00,21072-30059,washers,50170078,72000000,2026-09-28 01:00:01,2026-09-28 00:31:25,29,1716.0,24.0,,Available,website maps this code to Available
1,e4b579f3-6d21-4266-8f38-7c923dc3c160,2026-09-28T01:00:01.347+00:00,2026-09-28T01:00:01.556+00:00,21072-30059,washers,50170084,72000000,2026-09-28 01:00:01,2026-09-28 00:29:34,29,1827.0,-87.0,,Available,website maps this code to Available
1,e4b579f3-6d21-4266-8f38-7c923dc3c160,2026-09-28T01:00:01.347+00:00,2026-09-28T01:00:01.556+00:00,21072-30059,washers,50170068,52000000,2026-09-28 01:00:01,2026-09-27 22:12:30,29,10051.0,-8311.0,,Available,website fallback: report over 1 hour old
1,e4b579f3-6d21-4266-8f38-7c923dc3c160,2026-09-28T01:00:01.347+00:00,2026-09-28T01:00:01.556+00:00,21072-30059,washers,50170072,72000000,2026-09-28 01:00:01,2026-09-27 23:01:12,29,7129.0,-5389.0,,Available,website maps this code to Available
1,e4b579f3-6d21-4266-8f38-7c923dc3c160,2026-09-28T01:00:01.347+00:00,2026-09-28T01:00:01.556+00:00,21072-30059,washers,20483408,72000000,2026-09-28 01:00:01,2024-12-20 00:43:32,0,55901789.0,-55901789.0,,Available,website maps this code to Available
1,e4b579f3-6d21-4266-8f38-7c923dc3c160,2026-09-28T01:00:01.347+00:00,2026-09-28T01:00:01.556+00:00,21072-30059,washers,50170055,42000000,2026-09-28 01:00:01,2026-09-28 00:58:00,10,121.0,479.0,8,Running,
1,e4b579f3-6d21-4266-8f38-7c923dc3c160,2026-09-28T01:00:01.347+00:00,2026-09-28T01:00:01.556+00:00,21072-30059,dryers,50170058,D2000000,2026-09-28 01:00:01,2026-09-26 17:53:29,45,111992.0,-109292.0,,Start Mode After PF,
1,e4b579f3-6d21-4266-8f38-7c923dc3c160,2026-09-28T01:00:01.347+00:00,2026-09-28T01:00:01.556+00:00,21072-30059,dryers,50170061,42000000,2026-09-28 01:00:01,2026-09-28 00:26:39,45,2002.0,698.0,12,Running,
1,e4b579f3-6d21-4266-8f38-7c923dc3c160,2026-09-28T01:00:01.347+00:00,2026-09-28T01:00:01.556+00:00,21072-30059,dryers,50170081,42000000,2026-09-28 01:00:01,2026-09-28 00:26:15,45,2026.0,674.0,12,Running,
1,e4b579f3-6d21-4266-8f38-7c923dc3c160,2026-09-28T01:00:01.347+00:00,2026-09-28T01:00:01.556+00:00,21072-30059,dryers,50170060,42000000,2026-09-28 01:00:01,2026-09-28 00:55:23,10,278.0,322.0,6,Running,
1,e4b579f3-6d21-4266-8f38-7c923dc3c160,2026-09-28T01:00:01.347+00:00,2026-09-28T01:00:01.556+00:00,21072-30059,dryers,50170087,42000000,2026-09-28 01:00:01,2026-09-28 00:55:35,10,266.0,334.0,6,Running,
1,e4b579f3-6d21-4266-8f38-7c923dc3c160,2026-09-28T01:00:01.347+00:00,2026-09-28T01:00:01.556+00:00,21072-30059,dryers,50170064,72000000,2026-09-28 01:00:01,2026-09-27 23:01:59,46,7082.0,-4322.0,,Available,website maps this code to Available
1,e4b579f3-6d21-4266-8f38-7c923dc3c160,2026-09-28T01:00:01.347+00:00,2026-09-28T01:00:01.556+00:00,21072-30059,dryers,50170065,42000000,2026-09-28 01:00:01,2026-09-28 00:29:00,46,1861.0,899.0,15,Running,
1,e4b579f3-6d21-4266-8f38-7c923dc3c160,2026-09-28T01:00:01.347+00:00,2026-09-28T01:00:01.556+00:00,21072-30059,dryers,50170059,42000000,2026-09-28 01:00:01,2026-09-28 00:31:11,45,1730.0,970.0,17,Running,
1,e4b579f3-6d21-4266-8f38-7c923dc3c160,2026-09-28T01:00:01.347+00:00,2026-09-28T01:00:01.556+00:00,21072-30059,dryers,50170057,42000000,2026-09-28 01:00:01,2026-09-28 00:30:58,45,1743.0,957.0,16,Running,
1,e4b579f3-6d21-4266-8f38-7c923dc3c160,2026-09-28T01:00:01.347+00:00,2026-09-28T01:00:01.556+00:00,21072-30059,dryers,50170062,72000000,2026-09-28 01:00:01,2026-09-27 07:03:28,46,64593.0,-61833.0,,Available,website maps this code to Available
1,e4b579f3-6d21-4266-8f38-7c923dc3c160,2026-09-28T01:00:01.347+00:00,2026-09-28T01:00:01.556+00:00,21072-30059,dryers,50170067,42000000,2026-09-28 01:00:01,2026-09-28 00:32:57,45,1624.0,1076.0,18,Running,
1,e4b579f3-6d21-4266-8f38-7c923dc3c160,2026-09-28T01:00:01.347+00:00,2026-09-28T01:00:01.556+00:00,21072-30059,dryers,50170074,72000000,2026-09-28 01:00:01,2026-09-28 00:49:53,46,608.0,2152.0,,Available,website maps this code to Available
1,e4b579f3-6d21-4266-8f38-7c923dc3c160,2026-09-28T01:00:01.347+00:00,2026-09-28T01:00:01.556+00:00,21072-30059,dryers,50170071,42000000,2026-09-28 01:00:01,2026-09-28 00:34:18,45,1543.0,1157.0,20,Running,
1,e4b579f3-6d21-4266-8f38-7c923dc3c160,2026-09-28T01:00:01.347+00:00,2026-09-28T01:00:01.556+00:00,21072-30059,dryers,50170054,72000000,2026-09-28 01:00:01,2026-09-27 22:42:01,46,8280.0,-5520.0,,Available,website maps this code to Available
1,c3fd5907-9d1e-46a5-a644-1ee4bbed2537,2026-09-28T01:01:01.356+00:00,2026-09-28T01:01:01.541+00:00,21072-30059,washers,50170051,52000000,2026-09-28 01:01:01,2026-09-27 22:40:14,29,8447.0,-6707.0,,Available,website fallback: report over 1 hour old
1,c3fd5907-9d1e-46a5-a644-1ee4bbed2537,2026-09-28T01:01:01.356+00:00,2026-09-28T01:01:01.541+00:00,21072-30059,washers,50170080,72000000,2026-09-28 01:01:01,2026-09-28 00:26:38,29,2063.0,-323.0,,Available,website maps this code to Available
1,c3fd5907-9d1e-46a5-a644-1ee4bbed2537,2026-09-28T01:01:01.356+00:00,2026-09-28T01:01:01.541+00:00,21072-30059,washers,50170075,72000000,2026-09-28 01:01:01,2026-09-28 00:25:28,29,2133.0,-393.0,,Available,website maps this code to Available
1,c3fd5907-9d1e-46a5-a644-1ee4bbed2537,2026-09-28T01:01:01.356+00:00,2026-09-28T01:01:01.541+00:00,21072-30059,washers,50170082,72000000,2026-09-28 01:01:01,2026-09-28 00:14:48,29,2773.0,-1033.0,,Available,website maps this code to Available
1,c3fd5907-9d1e-46a5-a644-1ee4bbed2537,2026-09-28T01:01:01.356+00:00,2026-09-28T01:01:01.541+00:00,21072-30059,washers,50170050,52000000,2026-09-28 01:01:01,2026-09-28 00:56:15,29,286.0,1454.0,,Finished,
1,c3fd5907-9d1e-46a5-a644-1ee4bbed2537,2026-09-28T01:01:01.356+00:00,2026-09-28T01:01:01.541+00:00,21072-30059,washers,50170052,72000000,2026-09-28 01:01:01,2026-09-28 00:32:00,29,1741.0,-1.0,,Available,website maps this code to Available
1,c3fd5907-9d1e-46a5-a644-1ee4bbed2537,2026-09-28T01:01:01.356+00:00,2026-09-28T01:01:01.541+00:00,21072-30059,washers,50170078,72000000,2026-09-28 01:01:01,2026-09-28 00:31:25,29,1776.0,-36.0,,Available,website maps this code to Available
1,c3fd5907-9d1e-46a5-a644-1ee4bbed2537,2026-09-28T01:01:01.356+00:00,2026-09-28T01:01:01.541+00:00,21072-30059,washers,50170084,72000000,2026-09-28 01:01:01,2026-09-28 00:29:34,29,1887.0,-147.0,,Available,website maps this code to Available
1,c3fd5907-9d1e-46a5-a644-1ee4bbed2537,2026-09-28T01:01:01.356+00:00,2026-09-28T01:01:01.541+00:00,21072-30059,washers,50170068,52000000,2026-09-28 01:01:01,2026-09-27 22:12:30,29,10111.0,-8371.0,,Available,website fallback: report over 1 hour old
1,c3fd5907-9d1e-46a5-a644-1ee4bbed2537,2026-09-28T01:01:01.356+00:00,2026-09-28T01:01:01.541+00:00,21072-30059,washers,50170072,72000000,2026-09-28 01:01:01,2026-09-27 23:01:12,29,7189.0,-5449.0,,Available,website maps this code to Available
1,c3fd5907-9d1e-46a5-a644-1ee4bbed2537,2026-09-28T01:01:01.356+00:00,2026-09-28T01:01:01.541+00:00,21072-30059,washers,20483408,72000000,2026-09-28 01:01:01,2024-12-20 00:43:32,0,55901849.0,-55901849.0,,Available,website maps this code to Available
1,c3fd5907-9d1e-46a5-a644-1ee4bbed2537,2026-09-28T01:01:01.356+00:00,2026-09-28T01:01:01.541+00:00,21072-30059,washers,50170055,42000000,2026-09-28 01:01:01,2026-09-28 00:58:00,10,181.0,419.0,7,Running,
1,c3fd5907-9d1e-46a5-a644-1ee4bbed2537,2026-09-28T01:01:01.356+00:00,2026-09-28T01:01:01.541+00:00,21072-30059,dryers,50170058,D2000000,2026-09-28 01:01:01,2026-09-26 17:53:29,45,112052.0,-109352.0,,Start Mode After PF,
1,c3fd5907-9d1e-46a5-a644-1ee4bbed2537,2026-09-28T01:01:01.356+00:00,2026-09-28T01:01:01.541+00:00,21072-30059,dryers,50170061,42000000,2026-09-28 01:01:01,2026-09-28 00:26:39,45,2062.0,638.0,11,Running,
1,c3fd5907-9d1e-46a5-a644-1ee4bbed2537,2026-09-28T01:01:01.356+00:00,2026-09-28T01:01:01.541+00:00,21072-30059,dryers,50170081,42000000,2026-09-28 01:01:01,2026-09-28 00:26:15,45,2086.0,614.0,11,Running,
1,c3fd5907-9d1e-46a5-a644-1ee4bbed2537,2026-09-28T01:01:01.356+00:00,2026-09-28T01:01:01.541+00:00,21072-30059,dryers,50170060,42000000,2026-09-28 01:01:01,2026-09-28 00:55:23,10,338.0,262.0,5,Running,
1,c3fd5907-9d1e-46a5-a644-1ee4bbed2537,2026-09-28T01:01:01.356+00:00,2026-09-28T01:01:01.541+00:00,21072-30059,dryers,50170087,42000000,2026-09-28 01:01:01,2026-09-28 00:55:35,10,326.0,274.0,5,Running,
1,c3fd5907-9d1e-46a5-a644-1ee4bbed2537,2026-09-28T01:01:01.356+00:00,2026-09-28T01:01:01.541+00:00,21072-30059,dryers,50170064,72000000,2026-09-28 01:01:01,2026-09-27 23:01:59,46,7142.0,-4382.0,,Available,website maps this code to Available
1,c3fd5907-9d1e-46a5-a644-1ee4bbed2537,2026-09-28T01:01:01.356+00:00,2026-09-28T01:01:01.541+00:00,21072-30059,dryers,50170065,42000000,2026-09-28 01:01:01,2026-09-28 00:29:00,46,1921.0,839.0,14,Running,
1,c3fd5907-9d1e-46a5-a644-1ee4bbed2537,2026-09-28T01:01:01.356+00:00,2026-09-28T01:01:01.541+00:00,21072-30059,dryers,50170059,42000000,2026-09-28 01:01:01,2026-09-28 00:31:11,45,1790.0,910.0,16,Running,
1,c3fd5907-9d1e-46a5-a644-1ee4bbed2537,2026-09-28T01:01:01.356+00:00,2026-09-28T01:01:01.541+00:00,21072-30059,dryers,50170057,42000000,2026-09-28 01:01:01,2026-09-28 00:30:58,45,1803.0,897.0,15,Running,
1,c3fd5907-9d1e-46a5-a644-1ee4bbed2537,2026-09-28T01:01:01.356+00:00,2026-09-28T01:01:01.541+00:00,21072-30059,dryers,50170062,72000000,2026-09-28 01:01:01,2026-09-27 07:03:28,46,64653.0,-61893.0,,Available,website maps this code to Available
1,c3fd5907-9d1e-46a5-a644-1ee4bbed2537,2026-09-28T01:01:01.356+00:00,2026-09-28T01:01:01.541+00:00,21072-30059,dryers,50170067,42000000,2026-09-28 01:01:01,2026-09-28 00:32:57,45,1684.0,1016.0,17,Running,
1,c3fd5907-9d1e-46a5-a644-1ee4bbed2537,2026-09-28T01:01:01.356+00:00,2026-09-28T01:01:01.541+00:00,21072-30059,dryers,50170074,72000000,2026-09-28 01:01:01,2026-09-28 00:49:53,46,668.0,2092.0,,Available,website maps this code to Available
1,c3fd5907-9d1e-46a5-a644-1ee4bbed2537,2026-09-28T01:01:01.356+00:00,2026-09-28T01:01:01.541+00:00,21072-30059,dryers,50170071,42000000,2026-09-28 01:01:01,2026-09-28 00:34:18,45,1603.0,1097.0,19,Running,
1,c3fd5907-9d1e-46a5-a644-1ee4bbed2537,2026-09-28T01:01:01.356+00:00,2026-09-28T01:01:01.541+00:00,21072-30059,dryers,50170054,72000000,2026-09-28 01:01:01,2026-09-27 22:42:01,46,8340.0,-5580.0,,Available,website maps this code to Available
1,216d0d26-47ee-45b5-8dc2-88af0746efc0,2026-09-28T01:02:01.284+00:00,2026-09-28T01:02:01.597+00:00,21072-30059,washers,50170051,52000000,2026-09-28 01:02:01,2026-09-27 22:40:14,29,8507.0,-6767.0,,Available,website fallback: report over 1 hour old
1,216d0d26-47ee-45b5-8dc2-88af0746efc0,2026-09-28T01:02:01.284+00:00,2026-09-28T01:02:01.597+00:00,21072-30059,washers,50170080,72000000,2026-09-28 01:02:01,2026-09-28 00:26:38,29,2123.0,-383.0,,Available,website maps this code to Available
1,216d0d26-47ee-45b5-8dc2-88af0746efc0,2026-09-28T01:02:01.284+00:00,2026-09-28T01:02:01.597+00:00,21072-30059,washers,50170075,72000000,2026-09-28 01:02:01,2026-09-28 00:25:28,29,2193.0,-453.0,,Available,website maps this code to Available
1,216d0d26-47ee-45b5-8dc2-88af0746efc0,2026-09-28T01:02:01.284+00:00,2026-09-28T01:02:01.597+00:00,21072-30059,washers,50170082,72000000,2026-09-28 01:02:01,2026-09-28 00:14:48,29,2833.0,-1093.0,,Available,website maps this code to Available
1,216d0d26-47ee-45b5-8dc2-88af0746efc0,2026-09-28T01:02:01.284+00:00,2026-09-28T01:02:01.597+00:00,21072-30059,washers,50170050,52000000,2026-09-28 01:02:01,2026-09-28 00:56:15,29,346.0,1394.0,,Finished,
1,216d0d26-47ee-45b5-8dc2-88af0746efc0,2026-09-28T01:02:01.284+00:00,2026-09-28T01:02:01.597+00:00,21072-30059,washers,50170052,72000000,2026-09-28 01:02:01,2026-09-28 00:32:00,29,1801.0,-61.0,,Available,website maps this code to Available
1,216d0d26-47ee-45b5-8dc2-88af0746efc0,2026-09-28T01:02:01.284+00:00,2026-09-28T01:02:01.597+00:00,21072-30059,washers,50170078,72000000,2026-09-28 01:02:01,2026-09-28 00:31:25,29,1836.0,-96.0,,Available,website maps this code to Available
1,216d0d26-47ee-45b5-8dc2-88af0746efc0,2026-09-28T01:02:01.284+00:00,2026-09-28T01:02:01.597+00:00,21072-30059,washers,50170084,72000000,2026-09-28 01:02:01,2026-09-28 00:29:34,29,1947.0,-207.0,,Available,website maps this code to Available
1,216d0d26-47ee-45b5-8dc2-88af0746efc0,2026-09-28T01:02:01.284+00:00,2026-09-28T01:02:01.597+00:00,21072-30059,washers,50170068,52000000,2026-09-28 01:02:01,2026-09-27 22:12:30,29,10171.0,-8431.0,,Available,website fallback: report over 1 hour old
1,216d0d26-47ee-45b5-8dc2-88af0746efc0,2026-09-28T01:02:01.284+00:00,2026-09-28T01:02:01.597+00:00,21072-30059,washers,50170072,72000000,2026-09-28 01:02:01,2026-09-27 23:01:12,29,7249.0,-5509.0,,Available,website maps this code to Available
1,216d0d26-47ee-45b5-8dc2-88af0746efc0,2026-09-28T01:02:01.284+00:00,2026-09-28T01:02:01.597+00:00,21072-30059,washers,20483408,72000000,2026-09-28 01:02:01,2024-12-20 00:43:32,0,55901909.0,-55901909.0,,Available,website maps this code to Available
1,216d0d26-47ee-45b5-8dc2-88af0746efc0,2026-09-28T01:02:01.284+00:00,2026-09-28T01:02:01.597+00:00,21072-30059,washers,50170055,42000000,2026-09-28 01:02:01,2026-09-28 00:58:00,10,241.0,359.0,6,Running,
1,216d0d26-47ee-45b5-8dc2-88af0746efc0,2026-09-28T01:02:01.284+00:00,2026-09-28T01:02:01.597+00:00,21072-30059,dryers,50170058,D2000000,2026-09-28 01:02:01,2026-09-26 17:53:29,45,112112.0,-109412.0,,Start Mode After PF,
1,216d0d26-47ee-45b5-8dc2-88af0746efc0,2026-09-28T01:02:01.284+00:00,2026-09-28T01:02:01.597+00:00,21072-30059,dryers,50170061,42000000,2026-09-28 01:02:01,2026-09-28 01:01:08,10,53.0,547.0,10,Running,
1,216d0d26-47ee-45b5-8dc2-88af0746efc0,2026-09-28T01:02:01.284+00:00,2026-09-28T01:02:01.597+00:00,21072-30059,dryers,50170081,42000000,2026-09-28 01:02:01,2026-09-28 01:01:47,10,14.0,586.0,10,Running,
1,216d0d26-47ee-45b5-8dc2-88af0746efc0,2026-09-28T01:02:01.284+00:00,2026-09-28T01:02:01.597+00:00,21072-30059,dryers,50170060,42000000,2026-09-28 01:02:01,2026-09-28 00:55:23,10,398.0,202.0,4,Running,
1,216d0d26-47ee-45b5-8dc2-88af0746efc0,2026-09-28T01:02:01.284+00:00,2026-09-28T01:02:01.597+00:00,21072-30059,dryers,50170087,42000000,2026-09-28 01:02:01,2026-09-28 00:55:35,10,386.0,214.0,4,Running,
1,216d0d26-47ee-45b5-8dc2-88af0746efc0,2026-09-28T01:02:01.284+00:00,2026-09-28T01:02:01.597+00:00,21072-30059,dryers,50170064,72000000,2026-09-28 01:02:01,2026-09-27 23:01:59,46,7202.0,-4442.0,,Available,website maps this code to Available
1,216d0d26-47ee-45b5-8dc2-88af0746efc0,2026-09-28T01:02:01.284+00:00,2026-09-28T01:02:01.597+00:00,21072-30059,dryers,50170065,42000000,2026-09-28 01:02:01,2026-09-28 00:29:00,46,1981.0,779.0,13,Running,
1,216d0d26-47ee-45b5-8dc2-88af0746efc0,2026-09-28T01:02:01.284+00:00,2026-09-28T01:02:01.597+00:00,21072-30059,dryers,50170059,42000000,2026-09-28 01:02:01,2026-09-28 00:31:11,45,1850.0,850.0,15,Running,
1,216d0d26-47ee-45b5-8dc2-88af0746efc0,2026-09-28T01:02:01.284+00:00,2026-09-28T01:02:01.597+00:00,21072-30059,dryers,50170057,42000000,2026-09-28 01:02:01,2026-09-28 00:30:58,45,1863.0,837.0,14,Running,
1,216d0d26-47ee-45b5-8dc2-88af0746efc0,2026-09-28T01:02:01.284+00:00,2026-09-28T01:02:01.597+00:00,21072-30059,dryers,50170062,72000000,2026-09-28 01:02:01,2026-09-27 07:03:28,46,64713.0,-61953.0,,Available,website maps this code to Available
1,216d0d26-47ee-45b5-8dc2-88af0746efc0,2026-09-28T01:02:01.284+00:00,2026-09-28T01:02:01.597+00:00,21072-30059,dryers,50170067,42000000,2026-09-28 01:02:01,2026-09-28 00:32:57,45,1744.0,956.0,16,Running,
1,216d0d26-47ee-45b5-8dc2-88af0746efc0,2026-09-28T01:02:01.284+00:00,2026-09-28T01:02:01.597+00:00,21072-30059,dryers,50170074,72000000,2026-09-28 01:02:01,2026-09-28 00:49:53,46,728.0,2032.0,,Available,website maps this code to Available
1,216d0d26-47ee-45b5-8dc2-88af0746efc0,2026-09-28T01:02:01.284+00:00,2026-09-28T01:02:01.597+00:00,21072-30059,dryers,50170071,42000000,2026-09-28 01:02:01,2026-09-28 00:34:18,45,1663.0,1037.0,18,Running,
1,216d0d26-47ee-45b5-8dc2-88af0746efc0,2026-09-28T01:02:01.284+00:00,2026-09-28T01:02:01.597+00:00,21072-30059,dryers,50170054,72000000,2026-09-28 01:02:01,2026-09-27 22:42:01,46,8400.0,-5640.0,,Available,website maps this code to Available
1,e56f2b00-9820-4b22-a225-2961b8916beb,2026-09-28T01:03:01.285+00:00,2026-09-28T01:03:01.480+00:00,21072-30059,washers,50170051,52000000,2026-09-28 01:03:01,2026-09-27 22:40:14,29,8567.0,-6827.0,,Available,website fallback: report over 1 hour old
1,e56f2b00-9820-4b22-a225-2961b8916beb,2026-09-28T01:03:01.285+00:00,2026-09-28T01:03:01.480+00:00,21072-30059,washers,50170080,72000000,2026-09-28 01:03:01,2026-09-28 00:26:38,29,2183.0,-443.0,,Available,website maps this code to Available
1,e56f2b00-9820-4b22-a225-2961b8916beb,2026-09-28T01:03:01.285+00:00,2026-09-28T01:03:01.480+00:00,21072-30059,washers,50170075,72000000,2026-09-28 01:03:01,2026-09-28 00:25:28,29,2253.0,-513.0,,Available,website maps this code to Available
1,e56f2b00-9820-4b22-a225-2961b8916beb,2026-09-28T01:03:01.285+00:00,2026-09-28T01:03:01.480+00:00,21072-30059,washers,50170082,72000000,2026-09-28 01:03:01,2026-09-28 00:14:48,29,2893.0,-1153.0,,Available,website maps this code to Available
1,e56f2b00-9820-4b22-a225-2961b8916beb,2026-09-28T01:03:01.285+00:00,2026-09-28T01:03:01.480+00:00,21072-30059,washers,50170050,52000000,2026-09-28 01:03:01,2026-09-28 00:56:15,29,406.0,1334.0,,Finished,
1,e56f2b00-9820-4b22-a225-2961b8916beb,2026-09-28T01:03:01.285+00:00,2026-09-28T01:03:01.480+00:00,21072-30059,washers,50170052,72000000,2026-09-28 01:03:01,2026-09-28 00:32:00,29,1861.0,-121.0,,Available,website maps this code to Available
1,e56f2b00-9820-4b22-a225-2961b8916beb,2026-09-28T01:03:01.285+00:00,2026-09-28T01:03:01.480+00:00,21072-30059,washers,50170078,72000000,2026-09-28 01:03:01,2026-09-28 00:31:25,29,1896.0,-156.0,,Available,website maps this code to Available
1,e56f2b00-9820-4b22-a225-2961b8916beb,2026-09-28T01:03:01.285+00:00,2026-09-28T01:03:01.480+00:00,21072-30059,washers,50170084,72000000,2026-09-28 01:03:01,2026-09-28 00:29:34,29,2007.0,-267.0,,Available,website maps this code to Available
1,e56f2b00-9820-4b22-a225-2961b8916beb,2026-09-28T01:03:01.285+00:00,2026-09-28T01:03:01.480+00:00,21072-30059,washers,50170068,52000000,2026-09-28 01:03:01,2026-09-27 22:12:30,29,10231.0,-8491.0,,Available,website fallback: report over 1 hour old
1,e56f2b00-9820-4b22-a225-2961b8916beb,2026-09-28T01:03:01.285+00:00,2026-09-28T01:03:01.480+00:00,21072-30059,washers,50170072,72000000,2026-09-28 01:03:01,2026-09-27 23:01:12,29,7309.0,-5569.0,,Available,website maps this code to Available
1,e56f2b00-9820-4b22-a225-2961b8916beb,2026-09-28T01:03:01.285+00:00,2026-09-28T01:03:01.480+00:00,21072-30059,washers,20483408,72000000,2026-09-28 01:03:01,2024-12-20 00:43:32,0,55901969.0,-55901969.0,,Available,website maps this code to Available
1,e56f2b00-9820-4b22-a225-2961b8916beb,2026-09-28T01:03:01.285+00:00,2026-09-28T01:03:01.480+00:00,21072-30059,washers,50170055,42000000,2026-09-28 01:03:01,2026-09-28 00:58:00,10,301.0,299.0,5,Running,
1,e56f2b00-9820-4b22-a225-2961b8916beb,2026-09-28T01:03:01.285+00:00,2026-09-28T01:03:01.480+00:00,21072-30059,dryers,50170058,D2000000,2026-09-28 01:03:01,2026-09-26 17:53:29,45,112172.0,-109472.0,,Start Mode After PF,
1,e56f2b00-9820-4b22-a225-2961b8916beb,2026-09-28T01:03:01.285+00:00,2026-09-28T01:03:01.480+00:00,21072-30059,dryers,50170061,42000000,2026-09-28 01:03:01,2026-09-28 01:01:08,10,113.0,487.0,9,Running,
1,e56f2b00-9820-4b22-a225-2961b8916beb,2026-09-28T01:03:01.285+00:00,2026-09-28T01:03:01.480+00:00,21072-30059,dryers,50170081,42000000,2026-09-28 01:03:01,2026-09-28 01:01:47,10,74.0,526.0,9,Running,
1,e56f2b00-9820-4b22-a225-2961b8916beb,2026-09-28T01:03:01.285+00:00,2026-09-28T01:03:01.480+00:00,21072-30059,dryers,50170060,42000000,2026-09-28 01:03:01,2026-09-28 00:55:23,10,458.0,142.0,3,Running,
1,e56f2b00-9820-4b22-a225-2961b8916beb,2026-09-28T01:03:01.285+00:00,2026-09-28T01:03:01.480+00:00,21072-30059,dryers,50170087,42000000,2026-09-28 01:03:01,2026-09-28 00:55:35,10,446.0,154.0,3,Running,
1,e56f2b00-9820-4b22-a225-2961b8916beb,2026-09-28T01:03:01.285+00:00,2026-09-28T01:03:01.480+00:00,21072-30059,dryers,50170064,72000000,2026-09-28 01:03:01,2026-09-27 23:01:59,46,7262.0,-4502.0,,Available,website maps this code to Available
1,e56f2b00-9820-4b22-a225-2961b8916beb,2026-09-28T01:03:01.285+00:00,2026-09-28T01:03:01.480+00:00,21072-30059,dryers,50170065,42000000,2026-09-28 01:03:01,2026-09-28 00:29:00,46,2041.0,719.0,12,Running,
1,e56f2b00-9820-4b22-a225-2961b8916beb,2026-09-28T01:03:01.285+00:00,2026-09-28T01:03:01.480+00:00,21072-30059,dryers,50170059,42000000,2026-09-28 01:03:01,2026-09-28 00:31:11,45,1910.0,790.0,14,Running,
1,e56f2b00-9820-4b22-a225-2961b8916beb,2026-09-28T01:03:01.285+00:00,2026-09-28T01:03:01.480+00:00,21072-30059,dryers,50170057,42000000,2026-09-28 01:03:01,2026-09-28 00:30:58,45,1923.0,777.0,13,Running,
1,e56f2b00-9820-4b22-a225-2961b8916beb,2026-09-28T01:03:01.285+00:00,2026-09-28T01:03:01.480+00:00,21072-30059,dryers,50170062,72000000,2026-09-28 01:03:01,2026-09-27 07:03:28,46,64773.0,-62013.0,,Available,website maps this code to Available
1,e56f2b00-9820-4b22-a225-2961b8916beb,2026-09-28T01:03:01.285+00:00,2026-09-28T01:03:01.480+00:00,21072-30059,dryers,50170067,42000000,2026-09-28 01:03:01,2026-09-28 00:32:57,45,1804.0,896.0,15,Running,
1,e56f2b00-9820-4b22-a225-2961b8916beb,2026-09-28T01:03:01.285+00:00,2026-09-28T01:03:01.480+00:00,21072-30059,dryers,50170074,72000000,2026-09-28 01:03:01,2026-09-28 00:49:53,46,788.0,1972.0,,Available,website maps this code to Available
1,e56f2b00-9820-4b22-a225-2961b8916beb,2026-09-28T01:03:01.285+00:00,2026-09-28T01:03:01.480+00:00,21072-30059,dryers,50170071,42000000,2026-09-28 01:03:01,2026-09-28 00:34:18,45,1723.0,977.0,17,Running,
1,e56f2b00-9820-4b22-a225-2961b8916beb,2026-09-28T01:03:01.285+00:00,2026-09-28T01:03:01.480+00:00,21072-30059,dryers,50170054,72000000,2026-09-28 01:03:01,2026-09-27 22:42:01,46,8460.0,-5700.0,,Available,website maps this code to Available
1,cc4073b4-5816-49ca-a95f-44de07889518,2026-09-28T01:04:01.330+00:00,2026-09-28T01:04:01.528+00:00,21072-30059,washers,50170051,52000000,2026-09-28 01:04:01,2026-09-27 22:40:14,29,8627.0,-6887.0,,Available,website fallback: report over 1 hour old
1,cc4073b4-5816-49ca-a95f-44de07889518,2026-09-28T01:04:01.330+00:00,2026-09-28T01:04:01.528+00:00,21072-30059,washers,50170080,72000000,2026-09-28 01:04:01,2026-09-28 00:26:38,29,2243.0,-503.0,,Available,website maps this code to Available
1,cc4073b4-5816-49ca-a95f-44de07889518,2026-09-28T01:04:01.330+00:00,2026-09-28T01:04:01.528+00:00,21072-30059,washers,50170075,72000000,2026-09-28 01:04:01,2026-09-28 00:25:28,29,2313.0,-573.0,,Available,website maps this code to Available
1,cc4073b4-5816-49ca-a95f-44de07889518,2026-09-28T01:04:01.330+00:00,2026-09-28T01:04:01.528+00:00,21072-30059,washers,50170082,72000000,2026-09-28 01:04:01,2026-09-28 00:14:48,29,2953.0,-1213.0,,Available,website maps this code to Available
1,cc4073b4-5816-49ca-a95f-44de07889518,2026-09-28T01:04:01.330+00:00,2026-09-28T01:04:01.528+00:00,21072-30059,washers,50170050,52000000,2026-09-28 01:04:01,2026-09-28 00:56:15,29,466.0,1274.0,,Finished,
1,cc4073b4-5816-49ca-a95f-44de07889518,2026-09-28T01:04:01.330+00:00,2026-09-28T01:04:01.528+00:00,21072-30059,washers,50170052,72000000,2026-09-28 01:04:01,2026-09-28 00:32:00,29,1921.0,-181.0,,Available,website maps this code to Available
1,cc4073b4-5816-49ca-a95f-44de07889518,2026-09-28T01:04:01.330+00:00,2026-09-28T01:04:01.528+00:00,21072-30059,washers,50170078,72000000,2026-09-28 01:04:01,2026-09-28 00:31:25,29,1956.0,-216.0,,Available,website maps this code to Available
1,cc4073b4-5816-49ca-a95f-44de07889518,2026-09-28T01:04:01.330+00:00,2026-09-28T01:04:01.528+00:00,21072-30059,washers,50170084,72000000,2026-09-28 01:04:01,2026-09-28 00:29:34,29,2067.0,-327.0,,Available,website maps this code to Available
1,cc4073b4-5816-49ca-a95f-44de07889518,2026-09-28T01:04:01.330+00:00,2026-09-28T01:04:01.528+00:00,21072-30059,washers,50170068,52000000,2026-09-28 01:04:01,2026-09-27 22:12:30,29,10291.0,-8551.0,,Available,website fallback: report over 1 hour old
1,cc4073b4-5816-49ca-a95f-44de07889518,2026-09-28T01:04:01.330+00:00,2026-09-28T01:04:01.528+00:00,21072-30059,washers,50170072,72000000,2026-09-28 01:04:01,2026-09-27 23:01:12,29,7369.0,-5629.0,,Available,website maps this code to Available
1,cc4073b4-5816-49ca-a95f-44de07889518,2026-09-28T01:04:01.330+00:00,2026-09-28T01:04:01.528+00:00,21072-30059,washers,20483408,72000000,2026-09-28 01:04:01,2024-12-20 00:43:32,0,55902029.0,-55902029.0,,Available,website maps this code to Available
1,cc4073b4-5816-49ca-a95f-44de07889518,2026-09-28T01:04:01.330+00:00,2026-09-28T01:04:01.528+00:00,21072-30059,washers,50170055,42000000,2026-09-28 01:04:01,2026-09-28 00:58:00,10,361.0,239.0,4,Running,
1,cc4073b4-5816-49ca-a95f-44de07889518,2026-09-28T01:04:01.330+00:00,2026-09-28T01:04:01.528+00:00,21072-30059,dryers,50170058,D2000000,2026-09-28 01:04:01,2026-09-26 17:53:29,45,112232.0,-109532.0,,Start Mode After PF,
1,cc4073b4-5816-49ca-a95f-44de07889518,2026-09-28T01:04:01.330+00:00,2026-09-28T01:04:01.528+00:00,21072-30059,dryers,50170061,42000000,2026-09-28 01:04:01,2026-09-28 01:01:08,10,173.0,427.0,8,Running,
1,cc4073b4-5816-49ca-a95f-44de07889518,2026-09-28T01:04:01.330+00:00,2026-09-28T01:04:01.528+00:00,21072-30059,dryers,50170081,42000000,2026-09-28 01:04:01,2026-09-28 01:01:47,10,134.0,466.0,8,Running,
1,cc4073b4-5816-49ca-a95f-44de07889518,2026-09-28T01:04:01.330+00:00,2026-09-28T01:04:01.528+00:00,21072-30059,dryers,50170060,42000000,2026-09-28 01:04:01,2026-09-28 00:55:23,10,518.0,82.0,2,Running,
1,cc4073b4-5816-49ca-a95f-44de07889518,2026-09-28T01:04:01.330+00:00,2026-09-28T01:04:01.528+00:00,21072-30059,dryers,50170087,42000000,2026-09-28 01:04:01,2026-09-28 00:55:35,10,506.0,94.0,2,Running,
1,cc4073b4-5816-49ca-a95f-44de07889518,2026-09-28T01:04:01.330+00:00,2026-09-28T01:04:01.528+00:00,21072-30059,dryers,50170064,72000000,2026-09-28 01:04:01,2026-09-27 23:01:59,46,7322.0,-4562.0,,Available,website maps this code to Available
1,cc4073b4-5816-49ca-a95f-44de07889518,2026-09-28T01:04:01.330+00:00,2026-09-28T01:04:01.528+00:00,21072-30059,dryers,50170065,42000000,2026-09-28 01:04:01,2026-09-28 00:29:00,46,2101.0,659.0,11,Running,
1,cc4073b4-5816-49ca-a95f-44de07889518,2026-09-28T01:04:01.330+00:00,2026-09-28T01:04:01.528+00:00,21072-30059,dryers,50170059,42000000,2026-09-28 01:04:01,2026-09-28 00:31:11,45,1970.0,730.0,13,Running,
1,cc4073b4-5816-49ca-a95f-44de07889518,2026-09-28T01:04:01.330+00:00,2026-09-28T01:04:01.528+00:00,21072-30059,dryers,50170057,42000000,2026-09-28 01:04:01,2026-09-28 00:30:58,45,1983.0,717.0,12,Running,
1,cc4073b4-5816-49ca-a95f-44de07889518,2026-09-28T01:04:01.330+00:00,2026-09-28T01:04:01.528+00:00,21072-30059,dryers,50170062,72000000,2026-09-28 01:04:01,2026-09-27 07:03:28,46,64833.0,-62073.0,,Available,website maps this code to Available
1,cc4073b4-5816-49ca-a95f-44de07889518,2026-09-28T01:04:01.330+00:00,2026-09-28T01:04:01.528+00:00,21072-30059,dryers,50170067,42000000,2026-09-28 01:04:01,2026-09-28 00:32:57,45,1864.0,836.0,14,Running,
1,cc4073b4-5816-49ca-a95f-44de07889518,2026-09-28T01:04:01.330+00:00,2026-09-28T01:04:01.528+00:00,21072-30059,dryers,50170074,72000000,2026-09-28 01:04:01,2026-09-28 00:49:53,46,848.0,1912.0,,Available,website maps this code to Available
1,cc4073b4-5816-49ca-a95f-44de07889518,2026-09-28T01:04:01.330+00:00,2026-09-28T01:04:01.528+00:00,21072-30059,dryers,50170071,42000000,2026-09-28 01:04:01,2026-09-28 00:34:18,45,1783.0,917.0,16,Running,
1,cc4073b4-5816-49ca-a95f-44de07889518,2026-09-28T01:04:01.330+00:00,2026-09-28T01:04:01.528+00:00,21072-30059,dryers,50170054,72000000,2026-09-28 01:04:01,2026-09-27 22:42:01,46,8520.0,-5760.0,,Available,website maps this code to Available
1,951f3df9-ad70-4c33-a85c-02b10fb5caf6,2026-09-28T01:05:01.318+00:00,2026-09-28T01:05:01.501+00:00,21072-30059,washers,50170051,52000000,2026-09-28 01:05:01,2026-09-27 22:40:14,29,8687.0,-6947.0,,Available,website fallback: report over 1 hour old
1,951f3df9-ad70-4c33-a85c-02b10fb5caf6,2026-09-28T01:05:01.318+00:00,2026-09-28T01:05:01.501+00:00,21072-30059,washers,50170080,72000000,2026-09-28 01:05:01,2026-09-28 00:26:38,29,2303.0,-563.0,,Available,website maps this code to Available
1,951f3df9-ad70-4c33-a85c-02b10fb5caf6,2026-09-28T01:05:01.318+00:00,2026-09-28T01:05:01.501+00:00,21072-30059,washers,50170075,72000000,2026-09-28 01:05:01,2026-09-28 00:25:28,29,2373.0,-633.0,,Available,website maps this code to Available
1,951f3df9-ad70-4c33-a85c-02b10fb5caf6,2026-09-28T01:05:01.318+00:00,2026-09-28T01:05:01.501+00:00,21072-30059,washers,50170082,72000000,2026-09-28 01:05:01,2026-09-28 00:14:48,29,3013.0,-1273.0,,Available,website maps this code to Available
1,951f3df9-ad70-4c33-a85c-02b10fb5caf6,2026-09-28T01:05:01.318+00:00,2026-09-28T01:05:01.501+00:00,21072-30059,washers,50170050,52000000,2026-09-28 01:05:01,2026-09-28 00:56:15,29,526.0,1214.0,,Finished,
1,951f3df9-ad70-4c33-a85c-02b10fb5caf6,2026-09-28T01:05:01.318+00:00,2026-09-28T01:05:01.501+00:00,21072-30059,washers,50170052,72000000,2026-09-28 01:05:01,2026-09-28 00:32:00,29,1981.0,-241.0,,Available,website maps this code to Available
1,951f3df9-ad70-4c33-a85c-02b10fb5caf6,2026-09-28T01:05:01.318+00:00,2026-09-28T01:05:01.501+00:00,21072-30059,washers,50170078,72000000,2026-09-28 01:05:01,2026-09-28 00:31:25,29,2016.0,-276.0,,Available,website maps this code to Available
1,951f3df9-ad70-4c33-a85c-02b10fb5caf6,2026-09-28T01:05:01.318+00:00,2026-09-28T01:05:01.501+00:00,21072-30059,washers,50170084,72000000,2026-09-28 01:05:01,2026-09-28 00:29:34,29,2127.0,-387.0,,Available,website maps this code to Available
1,951f3df9-ad70-4c33-a85c-02b10fb5caf6,2026-09-28T01:05:01.318+00:00,2026-09-28T01:05:01.501+00:00,21072-30059,washers,50170068,52000000,2026-09-28 01:05:01,2026-09-27 22:12:30,29,10351.0,-8611.0,,Available,website fallback: report over 1 hour old
1,951f3df9-ad70-4c33-a85c-02b10fb5caf6,2026-09-28T01:05:01.318+00:00,2026-09-28T01:05:01.501+00:00,21072-30059,washers,50170072,72000000,2026-09-28 01:05:01,2026-09-27 23:01:12,29,7429.0,-5689.0,,Available,website maps this code to Available
1,951f3df9-ad70-4c33-a85c-02b10fb5caf6,2026-09-28T01:05:01.318+00:00,2026-09-28T01:05:01.501+00:00,21072-30059,washers,20483408,72000000,2026-09-28 01:05:01,2024-12-20 00:43:32,0,55902089.0,-55902089.0,,Available,website maps this code to Available
1,951f3df9-ad70-4c33-a85c-02b10fb5caf6,2026-09-28T01:05:01.318+00:00,2026-09-28T01:05:01.501+00:00,21072-30059,washers,50170055,42000000,2026-09-28 01:05:01,2026-09-28 00:58:00,10,421.0,179.0,3,Running,
1,951f3df9-ad70-4c33-a85c-02b10fb5caf6,2026-09-28T01:05:01.318+00:00,2026-09-28T01:05:01.501+00:00,21072-30059,dryers,50170058,D2000000,2026-09-28 01:05:01,2026-09-26 17:53:29,45,112292.0,-109592.0,,Start Mode After PF,
1,951f3df9-ad70-4c33-a85c-02b10fb5caf6,2026-09-28T01:05:01.318+00:00,2026-09-28T01:05:01.501+00:00,21072-30059,dryers,50170061,42000000,2026-09-28 01:05:01,2026-09-28 01:01:08,10,233.0,367.0,7,Running,
1,951f3df9-ad70-4c33-a85c-02b10fb5caf6,2026-09-28T01:05:01.318+00:00,2026-09-28T01:05:01.501+00:00,21072-30059,dryers,50170081,42000000,2026-09-28 01:05:01,2026-09-28 01:01:47,10,194.0,406.0,7,Running,
1,951f3df9-ad70-4c33-a85c-02b10fb5caf6,2026-09-28T01:05:01.318+00:00,2026-09-28T01:05:01.501+00:00,21072-30059,dryers,50170060,42000000,2026-09-28 01:05:01,2026-09-28 00:55:23,10,578.0,22.0,1,Running,
1,951f3df9-ad70-4c33-a85c-02b10fb5caf6,2026-09-28T01:05:01.318+00:00,2026-09-28T01:05:01.501+00:00,21072-30059,dryers,50170087,42000000,2026-09-28 01:05:01,2026-09-28 00:55:35,10,566.0,34.0,1,Running,
1,951f3df9-ad70-4c33-a85c-02b10fb5caf6,2026-09-28T01:05:01.318+00:00,2026-09-28T01:05:01.501+00:00,21072-30059,dryers,50170064,72000000,2026-09-28 01:05:01,2026-09-27 23:01:59,46,7382.0,-4622.0,,Available,website maps this code to Available
1,951f3df9-ad70-4c33-a85c-02b10fb5caf6,2026-09-28T01:05:01.318+00:00,2026-09-28T01:05:01.501+00:00,21072-30059,dryers,50170065,42000000,2026-09-28 01:05:01,2026-09-28 01:04:30,10,31.0,569.0,10,Running,
1,951f3df9-ad70-4c33-a85c-02b10fb5caf6,2026-09-28T01:05:01.318+00:00,2026-09-28T01:05:01.501+00:00,21072-30059,dryers,50170059,42000000,2026-09-28 01:05:01,2026-09-28 00:31:11,45,2030.0,670.0,12,Running,
1,951f3df9-ad70-4c33-a85c-02b10fb5caf6,2026-09-28T01:05:01.318+00:00,2026-09-28T01:05:01.501+00:00,21072-30059,dryers,50170057,42000000,2026-09-28 01:05:01,2026-09-28 00:30:58,45,2043.0,657.0,11,Running,
1,951f3df9-ad70-4c33-a85c-02b10fb5caf6,2026-09-28T01:05:01.318+00:00,2026-09-28T01:05:01.501+00:00,21072-30059,dryers,50170062,72000000,2026-09-28 01:05:01,2026-09-27 07:03:28,46,64893.0,-62133.0,,Available,website maps this code to Available
1,951f3df9-ad70-4c33-a85c-02b10fb5caf6,2026-09-28T01:05:01.318+00:00,2026-09-28T01:05:01.501+00:00,21072-30059,dryers,50170067,42000000,2026-09-28 01:05:01,2026-09-28 00:32:57,45,1924.0,776.0,13,Running,
1,951f3df9-ad70-4c33-a85c-02b10fb5caf6,2026-09-28T01:05:01.318+00:00,2026-09-28T01:05:01.501+00:00,21072-30059,dryers,50170074,72000000,2026-09-28 01:05:01,2026-09-28 00:49:53,46,908.0,1852.0,,Available,website maps this code to Available
1,951f3df9-ad70-4c33-a85c-02b10fb5caf6,2026-09-28T01:05:01.318+00:00,2026-09-28T01:05:01.501+00:00,21072-30059,dryers,50170071,42000000,2026-09-28 01:05:01,2026-09-28 00:34:18,45,1843.0,857.0,15,Running,
1,951f3df9-ad70-4c33-a85c-02b10fb5caf6,2026-09-28T01:05:01.318+00:00,2026-09-28T01:05:01.501+00:00,21072-30059,dryers,50170054,72000000,2026-09-28 01:05:01,2026-09-27 22:42:01,46,8580.0,-5820.0,,Available,website maps this code to Available
1,3b922158-872c-4188-8614-63f6ee75baf5,2026-09-28T01:06:01.266+00:00,2026-09-28T01:06:01.505+00:00,21072-30059,washers,50170051,52000000,2026-09-28 01:06:01,2026-09-27 22:40:14,29,8747.0,-7007.0,,Available,website fallback: report over 1 hour old
1,3b922158-872c-4188-8614-63f6ee75baf5,2026-09-28T01:06:01.266+00:00,2026-09-28T01:06:01.505+00:00,21072-30059,washers,50170080,72000000,2026-09-28 01:06:01,2026-09-28 00:26:38,29,2363.0,-623.0,,Available,website maps this code to Available
1,3b922158-872c-4188-8614-63f6ee75baf5,2026-09-28T01:06:01.266+00:00,2026-09-28T01:06:01.505+00:00,21072-30059,washers,50170075,72000000,2026-09-28 01:06:01,2026-09-28 00:25:28,29,2433.0,-693.0,,Available,website maps this code to Available
1,3b922158-872c-4188-8614-63f6ee75baf5,2026-09-28T01:06:01.266+00:00,2026-09-28T01:06:01.505+00:00,21072-30059,washers,50170082,72000000,2026-09-28 01:06:01,2026-09-28 00:14:48,29,3073.0,-1333.0,,Available,website maps this code to Available
1,3b922158-872c-4188-8614-63f6ee75baf5,2026-09-28T01:06:01.266+00:00,2026-09-28T01:06:01.505+00:00,21072-30059,washers,50170050,52000000,2026-09-28 01:06:01,2026-09-28 00:56:15,29,586.0,1154.0,,Finished,
1,3b922158-872c-4188-8614-63f6ee75baf5,2026-09-28T01:06:01.266+00:00,2026-09-28T01:06:01.505+00:00,21072-30059,washers,50170052,72000000,2026-09-28 01:06:01,2026-09-28 00:32:00,29,2041.0,-301.0,,Available,website maps this code to Available
1,3b922158-872c-4188-8614-63f6ee75baf5,2026-09-28T01:06:01.266+00:00,2026-09-28T01:06:01.505+00:00,21072-30059,washers,50170078,72000000,2026-09-28 01:06:01,2026-09-28 00:31:25,29,2076.0,-336.0,,Available,website maps this code to Available
1,3b922158-872c-4188-8614-63f6ee75baf5,2026-09-28T01:06:01.266+00:00,2026-09-28T01:06:01.505+00:00,21072-30059,washers,50170084,72000000,2026-09-28 01:06:01,2026-09-28 00:29:34,29,2187.0,-447.0,,Available,website maps this code to Available
1,3b922158-872c-4188-8614-63f6ee75baf5,2026-09-28T01:06:01.266+00:00,2026-09-28T01:06:01.505+00:00,21072-30059,washers,50170068,52000000,2026-09-28 01:06:01,2026-09-27 22:12:30,29,10411.0,-8671.0,,Available,website fallback: report over 1 hour old
1,3b922158-872c-4188-8614-63f6ee75baf5,2026-09-28T01:06:01.266+00:00,2026-09-28T01:06:01.505+00:00,21072-30059,washers,50170072,72000000,2026-09-28 01:06:01,2026-09-27 23:01:12,29,7489.0,-5749.0,,Available,website maps this code to Available
1,3b922158-872c-4188-8614-63f6ee75baf5,2026-09-28T01:06:01.266+00:00,2026-09-28T01:06:01.505+00:00,21072-30059,washers,20483408,72000000,2026-09-28 01:06:01,2024-12-20 00:43:32,0,55902149.0,-55902149.0,,Available,website maps this code to Available
1,3b922158-872c-4188-8614-63f6ee75baf5,2026-09-28T01:06:01.266+00:00,2026-09-28T01:06:01.505+00:00,21072-30059,washers,50170055,42000000,2026-09-28 01:06:01,2026-09-28 00:58:00,10,481.0,119.0,2,Running,
1,3b922158-872c-4188-8614-63f6ee75baf5,2026-09-28T01:06:01.266+00:00,2026-09-28T01:06:01.505+00:00,21072-30059,dryers,50170058,D2000000,2026-09-28 01:06:01,2026-09-26 17:53:29,45,112352.0,-109652.0,,Start Mode After PF,
1,3b922158-872c-4188-8614-63f6ee75baf5,2026-09-28T01:06:01.266+00:00,2026-09-28T01:06:01.505+00:00,21072-30059,dryers,50170061,42000000,2026-09-28 01:06:01,2026-09-28 01:01:08,10,293.0,307.0,6,Running,
1,3b922158-872c-4188-8614-63f6ee75baf5,2026-09-28T01:06:01.266+00:00,2026-09-28T01:06:01.505+00:00,21072-30059,dryers,50170081,42000000,2026-09-28 01:06:01,2026-09-28 01:01:47,10,254.0,346.0,6,Running,
1,3b922158-872c-4188-8614-63f6ee75baf5,2026-09-28T01:06:01.266+00:00,2026-09-28T01:06:01.505+00:00,21072-30059,dryers,50170060,52000000,2026-09-28 01:06:01,2026-09-28 01:05:33,23,28.0,1352.0,,Finished,
1,3b922158-872c-4188-8614-63f6ee75baf5,2026-09-28T01:06:01.266+00:00,2026-09-28T01:06:01.505+00:00,21072-30059,dryers,50170087,52000000,2026-09-28 01:06:01,2026-09-28 01:05:46,23,15.0,1365.0,,Finished,
1,3b922158-872c-4188-8614-63f6ee75baf5,2026-09-28T01:06:01.266+00:00,2026-09-28T01:06:01.505+00:00,21072-30059,dryers,50170064,72000000,2026-09-28 01:06:01,2026-09-27 23:01:59,46,7442.0,-4682.0,,Available,website maps this code to Available
1,3b922158-872c-4188-8614-63f6ee75baf5,2026-09-28T01:06:01.266+00:00,2026-09-28T01:06:01.505+00:00,21072-30059,dryers,50170065,42000000,2026-09-28 01:06:01,2026-09-28 01:04:30,10,91.0,509.0,9,Running,
1,3b922158-872c-4188-8614-63f6ee75baf5,2026-09-28T01:06:01.266+00:00,2026-09-28T01:06:01.505+00:00,21072-30059,dryers,50170059,42000000,2026-09-28 01:06:01,2026-09-28 00:31:11,45,2090.0,610.0,11,Running,
1,3b922158-872c-4188-8614-63f6ee75baf5,2026-09-28T01:06:01.266+00:00,2026-09-28T01:06:01.505+00:00,21072-30059,dryers,50170057,42000000,2026-09-28 01:06:01,2026-09-28 01:05:27,10,34.0,566.0,10,Running,
1,3b922158-872c-4188-8614-63f6ee75baf5,2026-09-28T01:06:01.266+00:00,2026-09-28T01:06:01.505+00:00,21072-30059,dryers,50170062,72000000,2026-09-28 01:06:01,2026-09-27 07:03:28,46,64953.0,-62193.0,,Available,website maps this code to Available
1,3b922158-872c-4188-8614-63f6ee75baf5,2026-09-28T01:06:01.266+00:00,2026-09-28T01:06:01.505+00:00,21072-30059,dryers,50170067,42000000,2026-09-28 01:06:01,2026-09-28 00:32:57,45,1984.0,716.0,12,Running,
1,3b922158-872c-4188-8614-63f6ee75baf5,2026-09-28T01:06:01.266+00:00,2026-09-28T01:06:01.505+00:00,21072-30059,dryers,50170074,72000000,2026-09-28 01:06:01,2026-09-28 00:49:53,46,968.0,1792.0,,Available,website maps this code to Available
1,3b922158-872c-4188-8614-63f6ee75baf5,2026-09-28T01:06:01.266+00:00,2026-09-28T01:06:01.505+00:00,21072-30059,dryers,50170071,42000000,2026-09-28 01:06:01,2026-09-28 00:34:18,45,1903.0,797.0,14,Running,
1,3b922158-872c-4188-8614-63f6ee75baf5,2026-09-28T01:06:01.266+00:00,2026-09-28T01:06:01.505+00:00,21072-30059,dryers,50170054,72000000,2026-09-28 01:06:01,2026-09-27 22:42:01,46,8640.0,-5880.0,,Available,website maps this code to Available
1,d6ed9d1f-19d2-4ea2-9609-389828a54c2c,2026-09-28T01:07:01.262+00:00,2026-09-28T01:07:01.439+00:00,21072-30059,washers,50170051,52000000,2026-09-28 01:07:01,2026-09-27 22:40:14,29,8807.0,-7067.0,,Available,website fallback: report over 1 hour old
1,d6ed9d1f-19d2-4ea2-9609-389828a54c2c,2026-09-28T01:07:01.262+00:00,2026-09-28T01:07:01.439+00:00,21072-30059,washers,50170080,72000000,2026-09-28 01:07:01,2026-09-28 00:26:38,29,2423.0,-683.0,,Available,website maps this code to Available
1,d6ed9d1f-19d2-4ea2-9609-389828a54c2c,2026-09-28T01:07:01.262+00:00,2026-09-28T01:07:01.439+00:00,21072-30059,washers,50170075,72000000,2026-09-28 01:07:01,2026-09-28 00:25:28,29,2493.0,-753.0,,Available,website maps this code to Available
1,d6ed9d1f-19d2-4ea2-9609-389828a54c2c,2026-09-28T01:07:01.262+00:00,2026-09-28T01:07:01.439+00:00,21072-30059,washers,50170082,72000000,2026-09-28 01:07:01,2026-09-28 00:14:48,29,3133.0,-1393.0,,Available,website maps this code to Available
1,d6ed9d1f-19d2-4ea2-9609-389828a54c2c,2026-09-28T01:07:01.262+00:00,2026-09-28T01:07:01.439+00:00,21072-30059,washers,50170050,52000000,2026-09-28 01:07:01,2026-09-28 00:56:15,29,646.0,1094.0,,Finished,
1,d6ed9d1f-19d2-4ea2-9609-389828a54c2c,2026-09-28T01:07:01.262+00:00,2026-09-28T01:07:01.439+00:00,21072-30059,washers,50170052,72000000,2026-09-28 01:07:01,2026-09-28 00:32:00,29,2101.0,-361.0,,Available,website maps this code to Available
1,d6ed9d1f-19d2-4ea2-9609-389828a54c2c,2026-09-28T01:07:01.262+00:00,2026-09-28T01:07:01.439+00:00,21072-30059,washers,50170078,72000000,2026-09-28 01:07:01,2026-09-28 00:31:25,29,2136.0,-396.0,,Available,website maps this code to Available
1,d6ed9d1f-19d2-4ea2-9609-389828a54c2c,2026-09-28T01:07:01.262+00:00,2026-09-28T01:07:01.439+00:00,21072-30059,washers,50170084,72000000,2026-09-28 01:07:01,2026-09-28 00:29:34,29,2247.0,-507.0,,Available,website maps this code to Available
1,d6ed9d1f-19d2-4ea2-9609-389828a54c2c,2026-09-28T01:07:01.262+00:00,2026-09-28T01:07:01.439+00:00,21072-30059,washers,50170068,52000000,2026-09-28 01:07:01,2026-09-27 22:12:30,29,10471.0,-8731.0,,Available,website fallback: report over 1 hour old
1,d6ed9d1f-19d2-4ea2-9609-389828a54c2c,2026-09-28T01:07:01.262+00:00,2026-09-28T01:07:01.439+00:00,21072-30059,washers,50170072,72000000,2026-09-28 01:07:01,2026-09-27 23:01:12,29,7549.0,-5809.0,,Available,website maps this code to Available
1,d6ed9d1f-19d2-4ea2-9609-389828a54c2c,2026-09-28T01:07:01.262+00:00,2026-09-28T01:07:01.439+00:00,21072-30059,washers,20483408,72000000,2026-09-28 01:07:01,2024-12-20 00:43:32,0,55902209.0,-55902209.0,,Available,website maps this code to Available
1,d6ed9d1f-19d2-4ea2-9609-389828a54c2c,2026-09-28T01:07:01.262+00:00,2026-09-28T01:07:01.439+00:00,21072-30059,washers,50170055,42000000,2026-09-28 01:07:01,2026-09-28 00:58:00,10,541.0,59.0,1,Running,
1,d6ed9d1f-19d2-4ea2-9609-389828a54c2c,2026-09-28T01:07:01.262+00:00,2026-09-28T01:07:01.439+00:00,21072-30059,dryers,50170058,D2000000,2026-09-28 01:07:01,2026-09-26 17:53:29,45,112412.0,-109712.0,,Start Mode After PF,
1,d6ed9d1f-19d2-4ea2-9609-389828a54c2c,2026-09-28T01:07:01.262+00:00,2026-09-28T01:07:01.439+00:00,21072-30059,dryers,50170061,42000000,2026-09-28 01:07:01,2026-09-28 01:01:08,10,353.0,247.0,5,Running,
1,d6ed9d1f-19d2-4ea2-9609-389828a54c2c,2026-09-28T01:07:01.262+00:00,2026-09-28T01:07:01.439+00:00,21072-30059,dryers,50170081,42000000,2026-09-28 01:07:01,2026-09-28 01:01:47,10,314.0,286.0,5,Running,
1,d6ed9d1f-19d2-4ea2-9609-389828a54c2c,2026-09-28T01:07:01.262+00:00,2026-09-28T01:07:01.439+00:00,21072-30059,dryers,50170060,52000000,2026-09-28 01:07:01,2026-09-28 01:05:33,23,88.0,1292.0,,Finished,
1,d6ed9d1f-19d2-4ea2-9609-389828a54c2c,2026-09-28T01:07:01.262+00:00,2026-09-28T01:07:01.439+00:00,21072-30059,dryers,50170087,52000000,2026-09-28 01:07:01,2026-09-28 01:05:46,23,75.0,1305.0,,Finished,
1,d6ed9d1f-19d2-4ea2-9609-389828a54c2c,2026-09-28T01:07:01.262+00:00,2026-09-28T01:07:01.439+00:00,21072-30059,dryers,50170064,72000000,2026-09-28 01:07:01,2026-09-27 23:01:59,46,7502.0,-4742.0,,Available,website maps this code to Available
1,d6ed9d1f-19d2-4ea2-9609-389828a54c2c,2026-09-28T01:07:01.262+00:00,2026-09-28T01:07:01.439+00:00,21072-30059,dryers,50170065,42000000,2026-09-28 01:07:01,2026-09-28 01:04:30,10,151.0,449.0,8,Running,
1,d6ed9d1f-19d2-4ea2-9609-389828a54c2c,2026-09-28T01:07:01.262+00:00,2026-09-28T01:07:01.439+00:00,21072-30059,dryers,50170059,42000000,2026-09-28 01:07:01,2026-09-28 01:06:44,10,17.0,583.0,10,Running,
1,d6ed9d1f-19d2-4ea2-9609-389828a54c2c,2026-09-28T01:07:01.262+00:00,2026-09-28T01:07:01.439+00:00,21072-30059,dryers,50170057,42000000,2026-09-28 01:07:01,2026-09-28 01:05:27,10,94.0,506.0,9,Running,
1,d6ed9d1f-19d2-4ea2-9609-389828a54c2c,2026-09-28T01:07:01.262+00:00,2026-09-28T01:07:01.439+00:00,21072-30059,dryers,50170062,72000000,2026-09-28 01:07:01,2026-09-27 07:03:28,46,65013.0,-62253.0,,Available,website maps this code to Available
1,d6ed9d1f-19d2-4ea2-9609-389828a54c2c,2026-09-28T01:07:01.262+00:00,2026-09-28T01:07:01.439+00:00,21072-30059,dryers,50170067,42000000,2026-09-28 01:07:01,2026-09-28 00:32:57,45,2044.0,656.0,11,Running,
1,d6ed9d1f-19d2-4ea2-9609-389828a54c2c,2026-09-28T01:07:01.262+00:00,2026-09-28T01:07:01.439+00:00,21072-30059,dryers,50170074,72000000,2026-09-28 01:07:01,2026-09-28 00:49:53,46,1028.0,1732.0,,Available,website maps this code to Available
1,d6ed9d1f-19d2-4ea2-9609-389828a54c2c,2026-09-28T01:07:01.262+00:00,2026-09-28T01:07:01.439+00:00,21072-30059,dryers,50170071,42000000,2026-09-28 01:07:01,2026-09-28 00:34:18,45,1963.0,737.0,13,Running,
1,d6ed9d1f-19d2-4ea2-9609-389828a54c2c,2026-09-28T01:07:01.262+00:00,2026-09-28T01:07:01.439+00:00,21072-30059,dryers,50170054,72000000,2026-09-28 01:07:01,2026-09-27 22:42:01,46,8700.0,-5940.0,,Available,website maps this code to Available
1,26d25d24-b484-4fb0-9201-5285c2509269,2026-09-28T01:08:01.310+00:00,2026-09-28T01:08:01.502+00:00,21072-30059,washers,50170051,52000000,2026-09-28 01:08:01,2026-09-27 22:40:14,29,8867.0,-7127.0,,Available,website fallback: report over 1 hour old
1,26d25d24-b484-4fb0-9201-5285c2509269,2026-09-28T01:08:01.310+00:00,2026-09-28T01:08:01.502+00:00,21072-30059,washers,50170080,72000000,2026-09-28 01:08:01,2026-09-28 00:26:38,29,2483.0,-743.0,,Available,website maps this code to Available
1,26d25d24-b484-4fb0-9201-5285c2509269,2026-09-28T01:08:01.310+00:00,2026-09-28T01:08:01.502+00:00,21072-30059,washers,50170075,72000000,2026-09-28 01:08:01,2026-09-28 00:25:28,29,2553.0,-813.0,,Available,website maps this code to Available
1,26d25d24-b484-4fb0-9201-5285c2509269,2026-09-28T01:08:01.310+00:00,2026-09-28T01:08:01.502+00:00,21072-30059,washers,50170082,72000000,2026-09-28 01:08:01,2026-09-28 00:14:48,29,3193.0,-1453.0,,Available,website maps this code to Available
1,26d25d24-b484-4fb0-9201-5285c2509269,2026-09-28T01:08:01.310+00:00,2026-09-28T01:08:01.502+00:00,21072-30059,washers,50170050,52000000,2026-09-28 01:08:01,2026-09-28 00:56:15,29,706.0,1034.0,,Finished,
1,26d25d24-b484-4fb0-9201-5285c2509269,2026-09-28T01:08:01.310+00:00,2026-09-28T01:08:01.502+00:00,21072-30059,washers,50170052,72000000,2026-09-28 01:08:01,2026-09-28 00:32:00,29,2161.0,-421.0,,Available,website maps this code to Available
1,26d25d24-b484-4fb0-9201-5285c2509269,2026-09-28T01:08:01.310+00:00,2026-09-28T01:08:01.502+00:00,21072-30059,washers,50170078,72000000,2026-09-28 01:08:01,2026-09-28 00:31:25,29,2196.0,-456.0,,Available,website maps this code to Available
1,26d25d24-b484-4fb0-9201-5285c2509269,2026-09-28T01:08:01.310+00:00,2026-09-28T01:08:01.502+00:00,21072-30059,washers,50170084,72000000,2026-09-28 01:08:01,2026-09-28 00:29:34,29,2307.0,-567.0,,Available,website maps this code to Available
1,26d25d24-b484-4fb0-9201-5285c2509269,2026-09-28T01:08:01.310+00:00,2026-09-28T01:08:01.502+00:00,21072-30059,washers,50170068,52000000,2026-09-28 01:08:01,2026-09-27 22:12:30,29,10531.0,-8791.0,,Available,website fallback: report over 1 hour old
1,26d25d24-b484-4fb0-9201-5285c2509269,2026-09-28T01:08:01.310+00:00,2026-09-28T01:08:01.502+00:00,21072-30059,washers,50170072,72000000,2026-09-28 01:08:01,2026-09-27 23:01:12,29,7609.0,-5869.0,,Available,website maps this code to Available
1,26d25d24-b484-4fb0-9201-5285c2509269,2026-09-28T01:08:01.310+00:00,2026-09-28T01:08:01.502+00:00,21072-30059,washers,20483408,72000000,2026-09-28 01:08:01,2024-12-20 00:43:32,0,55902269.0,-55902269.0,,Available,website maps this code to Available
1,26d25d24-b484-4fb0-9201-5285c2509269,2026-09-28T01:08:01.310+00:00,2026-09-28T01:08:01.502+00:00,21072-30059,washers,50170055,42000000,2026-09-28 01:08:01,2026-09-28 00:58:00,10,601.0,-1.0,,Available,website fallback: countdown expired
1,26d25d24-b484-4fb0-9201-5285c2509269,2026-09-28T01:08:01.310+00:00,2026-09-28T01:08:01.502+00:00,21072-30059,dryers,50170058,D2000000,2026-09-28 01:08:01,2026-09-26 17:53:29,45,112472.0,-109772.0,,Start Mode After PF,
1,26d25d24-b484-4fb0-9201-5285c2509269,2026-09-28T01:08:01.310+00:00,2026-09-28T01:08:01.502+00:00,21072-30059,dryers,50170061,42000000,2026-09-28 01:08:01,2026-09-28 01:01:08,10,413.0,187.0,4,Running,
1,26d25d24-b484-4fb0-9201-5285c2509269,2026-09-28T01:08:01.310+00:00,2026-09-28T01:08:01.502+00:00,21072-30059,dryers,50170081,42000000,2026-09-28 01:08:01,2026-09-28 01:01:47,10,374.0,226.0,4,Running,
1,26d25d24-b484-4fb0-9201-5285c2509269,2026-09-28T01:08:01.310+00:00,2026-09-28T01:08:01.502+00:00,21072-30059,dryers,50170060,52000000,2026-09-28 01:08:01,2026-09-28 01:05:33,23,148.0,1232.0,,Finished,
1,26d25d24-b484-4fb0-9201-5285c2509269,2026-09-28T01:08:01.310+00:00,2026-09-28T01:08:01.502+00:00,21072-30059,dryers,50170087,52000000,2026-09-28 01:08:01,2026-09-28 01:05:46,23,135.0,1245.0,,Finished,
1,26d25d24-b484-4fb0-9201-5285c2509269,2026-09-28T01:08:01.310+00:00,2026-09-28T01:08:01.502+00:00,21072-30059,dryers,50170064,72000000,2026-09-28 01:08:01,2026-09-27 23:01:59,46,7562.0,-4802.0,,Available,website maps this code to Available
1,26d25d24-b484-4fb0-9201-5285c2509269,2026-09-28T01:08:01.310+00:00,2026-09-28T01:08:01.502+00:00,21072-30059,dryers,50170065,42000000,2026-09-28 01:08:01,2026-09-28 01:04:30,10,211.0,389.0,7,Running,
1,26d25d24-b484-4fb0-9201-5285c2509269,2026-09-28T01:08:01.310+00:00,2026-09-28T01:08:01.502+00:00,21072-30059,dryers,50170059,42000000,2026-09-28 01:08:01,2026-09-28 01:06:44,10,77.0,523.0,9,Running,
1,26d25d24-b484-4fb0-9201-5285c2509269,2026-09-28T01:08:01.310+00:00,2026-09-28T01:08:01.502+00:00,21072-30059,dryers,50170057,42000000,2026-09-28 01:08:01,2026-09-28 01:05:27,10,154.0,446.0,8,Running,
1,26d25d24-b484-4fb0-9201-5285c2509269,2026-09-28T01:08:01.310+00:00,2026-09-28T01:08:01.502+00:00,21072-30059,dryers,50170062,72000000,2026-09-28 01:08:01,2026-09-27 07:03:28,46,65073.0,-62313.0,,Available,website maps this code to Available
1,26d25d24-b484-4fb0-9201-5285c2509269,2026-09-28T01:08:01.310+00:00,2026-09-28T01:08:01.502+00:00,21072-30059,dryers,50170067,42000000,2026-09-28 01:08:01,2026-09-28 00:32:57,45,2104.0,596.0,10,Running,
1,26d25d24-b484-4fb0-9201-5285c2509269,2026-09-28T01:08:01.310+00:00,2026-09-28T01:08:01.502+00:00,21072-30059,dryers,50170074,72000000,2026-09-28 01:08:01,2026-09-28 00:49:53,46,1088.0,1672.0,,Available,website maps this code to Available
1,26d25d24-b484-4fb0-9201-5285c2509269,2026-09-28T01:08:01.310+00:00,2026-09-28T01:08:01.502+00:00,21072-30059,dryers,50170071,42000000,2026-09-28 01:08:01,2026-09-28 00:34:18,45,2023.0,677.0,12,Running,
1,26d25d24-b484-4fb0-9201-5285c2509269,2026-09-28T01:08:01.310+00:00,2026-09-28T01:08:01.502+00:00,21072-30059,dryers,50170054,72000000,2026-09-28 01:08:01,2026-09-27 22:42:01,46,8760.0,-6000.0,,Available,website maps this code to Available
1,eb580f2b-1fa3-4e48-81cb-beb51b7882fa,2026-09-28T01:09:01.305+00:00,2026-09-28T01:09:01.489+00:00,21072-30059,washers,50170051,52000000,2026-09-28 01:09:01,2026-09-27 22:40:14,29,8927.0,-7187.0,,Available,website fallback: report over 1 hour old
1,eb580f2b-1fa3-4e48-81cb-beb51b7882fa,2026-09-28T01:09:01.305+00:00,2026-09-28T01:09:01.489+00:00,21072-30059,washers,50170080,72000000,2026-09-28 01:09:01,2026-09-28 00:26:38,29,2543.0,-803.0,,Available,website maps this code to Available
1,eb580f2b-1fa3-4e48-81cb-beb51b7882fa,2026-09-28T01:09:01.305+00:00,2026-09-28T01:09:01.489+00:00,21072-30059,washers,50170075,72000000,2026-09-28 01:09:01,2026-09-28 00:25:28,29,2613.0,-873.0,,Available,website maps this code to Available
1,eb580f2b-1fa3-4e48-81cb-beb51b7882fa,2026-09-28T01:09:01.305+00:00,2026-09-28T01:09:01.489+00:00,21072-30059,washers,50170082,72000000,2026-09-28 01:09:01,2026-09-28 00:14:48,29,3253.0,-1513.0,,Available,website maps this code to Available
1,eb580f2b-1fa3-4e48-81cb-beb51b7882fa,2026-09-28T01:09:01.305+00:00,2026-09-28T01:09:01.489+00:00,21072-30059,washers,50170050,52000000,2026-09-28 01:09:01,2026-09-28 00:56:15,29,766.0,974.0,,Finished,
1,eb580f2b-1fa3-4e48-81cb-beb51b7882fa,2026-09-28T01:09:01.305+00:00,2026-09-28T01:09:01.489+00:00,21072-30059,washers,50170052,72000000,2026-09-28 01:09:01,2026-09-28 00:32:00,29,2221.0,-481.0,,Available,website maps this code to Available
1,eb580f2b-1fa3-4e48-81cb-beb51b7882fa,2026-09-28T01:09:01.305+00:00,2026-09-28T01:09:01.489+00:00,21072-30059,washers,50170078,72000000,2026-09-28 01:09:01,2026-09-28 00:31:25,29,2256.0,-516.0,,Available,website maps this code to Available
1,eb580f2b-1fa3-4e48-81cb-beb51b7882fa,2026-09-28T01:09:01.305+00:00,2026-09-28T01:09:01.489+00:00,21072-30059,washers,50170084,72000000,2026-09-28 01:09:01,2026-09-28 00:29:34,29,2367.0,-627.0,,Available,website maps this code to Available
1,eb580f2b-1fa3-4e48-81cb-beb51b7882fa,2026-09-28T01:09:01.305+00:00,2026-09-28T01:09:01.489+00:00,21072-30059,washers,50170068,52000000,2026-09-28 01:09:01,2026-09-27 22:12:30,29,10591.0,-8851.0,,Available,website fallback: report over 1 hour old
1,eb580f2b-1fa3-4e48-81cb-beb51b7882fa,2026-09-28T01:09:01.305+00:00,2026-09-28T01:09:01.489+00:00,21072-30059,washers,50170072,72000000,2026-09-28 01:09:01,2026-09-27 23:01:12,29,7669.0,-5929.0,,Available,website maps this code to Available
1,eb580f2b-1fa3-4e48-81cb-beb51b7882fa,2026-09-28T01:09:01.305+00:00,2026-09-28T01:09:01.489+00:00,21072-30059,washers,20483408,72000000,2026-09-28 01:09:01,2024-12-20 00:43:32,0,55902329.0,-55902329.0,,Available,website maps this code to Available
1,eb580f2b-1fa3-4e48-81cb-beb51b7882fa,2026-09-28T01:09:01.305+00:00,2026-09-28T01:09:01.489+00:00,21072-30059,washers,50170055,42000000,2026-09-28 01:09:01,2026-09-28 00:58:00,10,661.0,-61.0,,Available,website fallback: countdown expired
1,eb580f2b-1fa3-4e48-81cb-beb51b7882fa,2026-09-28T01:09:01.305+00:00,2026-09-28T01:09:01.489+00:00,21072-30059,dryers,50170058,D2000000,2026-09-28 01:09:01,2026-09-26 17:53:29,45,112532.0,-109832.0,,Start Mode After PF,
1,eb580f2b-1fa3-4e48-81cb-beb51b7882fa,2026-09-28T01:09:01.305+00:00,2026-09-28T01:09:01.489+00:00,21072-30059,dryers,50170061,42000000,2026-09-28 01:09:01,2026-09-28 01:01:08,10,473.0,127.0,3,Running,
1,eb580f2b-1fa3-4e48-81cb-beb51b7882fa,2026-09-28T01:09:01.305+00:00,2026-09-28T01:09:01.489+00:00,21072-30059,dryers,50170081,42000000,2026-09-28 01:09:01,2026-09-28 01:01:47,10,434.0,166.0,3,Running,
1,eb580f2b-1fa3-4e48-81cb-beb51b7882fa,2026-09-28T01:09:01.305+00:00,2026-09-28T01:09:01.489+00:00,21072-30059,dryers,50170060,52000000,2026-09-28 01:09:01,2026-09-28 01:05:33,23,208.0,1172.0,,Finished,
1,eb580f2b-1fa3-4e48-81cb-beb51b7882fa,2026-09-28T01:09:01.305+00:00,2026-09-28T01:09:01.489+00:00,21072-30059,dryers,50170087,52000000,2026-09-28 01:09:01,2026-09-28 01:05:46,23,195.0,1185.0,,Finished,
1,eb580f2b-1fa3-4e48-81cb-beb51b7882fa,2026-09-28T01:09:01.305+00:00,2026-09-28T01:09:01.489+00:00,21072-30059,dryers,50170064,72000000,2026-09-28 01:09:01,2026-09-27 23:01:59,46,7622.0,-4862.0,,Available,website maps this code to Available
1,eb580f2b-1fa3-4e48-81cb-beb51b7882fa,2026-09-28T01:09:01.305+00:00,2026-09-28T01:09:01.489+00:00,21072-30059,dryers,50170065,42000000,2026-09-28 01:09:01,2026-09-28 01:04:30,10,271.0,329.0,6,Running,
1,eb580f2b-1fa3-4e48-81cb-beb51b7882fa,2026-09-28T01:09:01.305+00:00,2026-09-28T01:09:01.489+00:00,21072-30059,dryers,50170059,42000000,2026-09-28 01:09:01,2026-09-28 01:06:44,10,137.0,463.0,8,Running,
1,eb580f2b-1fa3-4e48-81cb-beb51b7882fa,2026-09-28T01:09:01.305+00:00,2026-09-28T01:09:01.489+00:00,21072-30059,dryers,50170057,42000000,2026-09-28 01:09:01,2026-09-28 01:05:27,10,214.0,386.0,7,Running,
1,eb580f2b-1fa3-4e48-81cb-beb51b7882fa,2026-09-28T01:09:01.305+00:00,2026-09-28T01:09:01.489+00:00,21072-30059,dryers,50170062,72000000,2026-09-28 01:09:01,2026-09-27 07:03:28,46,65133.0,-62373.0,,Available,website maps this code to Available
1,eb580f2b-1fa3-4e48-81cb-beb51b7882fa,2026-09-28T01:09:01.305+00:00,2026-09-28T01:09:01.489+00:00,21072-30059,dryers,50170067,42000000,2026-09-28 01:09:01,2026-09-28 01:08:27,10,34.0,566.0,10,Running,
1,eb580f2b-1fa3-4e48-81cb-beb51b7882fa,2026-09-28T01:09:01.305+00:00,2026-09-28T01:09:01.489+00:00,21072-30059,dryers,50170074,72000000,2026-09-28 01:09:01,2026-09-28 00:49:53,46,1148.0,1612.0,,Available,website maps this code to Available
1,eb580f2b-1fa3-4e48-81cb-beb51b7882fa,2026-09-28T01:09:01.305+00:00,2026-09-28T01:09:01.489+00:00,21072-30059,dryers,50170071,42000000,2026-09-28 01:09:01,2026-09-28 01:08:48,10,13.0,587.0,10,Running,
1,eb580f2b-1fa3-4e48-81cb-beb51b7882fa,2026-09-28T01:09:01.305+00:00,2026-09-28T01:09:01.489+00:00,21072-30059,dryers,50170054,72000000,2026-09-28 01:09:01,2026-09-27 22:42:01,46,8820.0,-6060.0,,Available,website maps this code to Available
1,3af266ae-5a4c-47f2-8a62-d8e3dfba3387,2026-09-28T01:10:01.318+00:00,2026-09-28T01:10:01.545+00:00,21072-30059,washers,50170051,52000000,2026-09-28 01:10:01,2026-09-27 22:40:14,29,8987.0,-7247.0,,Available,website fallback: report over 1 hour old
1,3af266ae-5a4c-47f2-8a62-d8e3dfba3387,2026-09-28T01:10:01.318+00:00,2026-09-28T01:10:01.545+00:00,21072-30059,washers,50170080,72000000,2026-09-28 01:10:01,2026-09-28 00:26:38,29,2603.0,-863.0,,Available,website maps this code to Available
1,3af266ae-5a4c-47f2-8a62-d8e3dfba3387,2026-09-28T01:10:01.318+00:00,2026-09-28T01:10:01.545+00:00,21072-30059,washers,50170075,72000000,2026-09-28 01:10:01,2026-09-28 00:25:28,29,2673.0,-933.0,,Available,website maps this code to Available
1,3af266ae-5a4c-47f2-8a62-d8e3dfba3387,2026-09-28T01:10:01.318+00:00,2026-09-28T01:10:01.545+00:00,21072-30059,washers,50170082,72000000,2026-09-28 01:10:01,2026-09-28 00:14:48,29,3313.0,-1573.0,,Available,website maps this code to Available
1,3af266ae-5a4c-47f2-8a62-d8e3dfba3387,2026-09-28T01:10:01.318+00:00,2026-09-28T01:10:01.545+00:00,21072-30059,washers,50170050,52000000,2026-09-28 01:10:01,2026-09-28 00:56:15,29,826.0,914.0,,Finished,
1,3af266ae-5a4c-47f2-8a62-d8e3dfba3387,2026-09-28T01:10:01.318+00:00,2026-09-28T01:10:01.545+00:00,21072-30059,washers,50170052,72000000,2026-09-28 01:10:01,2026-09-28 00:32:00,29,2281.0,-541.0,,Available,website maps this code to Available
1,3af266ae-5a4c-47f2-8a62-d8e3dfba3387,2026-09-28T01:10:01.318+00:00,2026-09-28T01:10:01.545+00:00,21072-30059,washers,50170078,72000000,2026-09-28 01:10:01,2026-09-28 00:31:25,29,2316.0,-576.0,,Available,website maps this code to Available
1,3af266ae-5a4c-47f2-8a62-d8e3dfba3387,2026-09-28T01:10:01.318+00:00,2026-09-28T01:10:01.545+00:00,21072-30059,washers,50170084,72000000,2026-09-28 01:10:01,2026-09-28 00:29:34,29,2427.0,-687.0,,Available,website maps this code to Available
1,3af266ae-5a4c-47f2-8a62-d8e3dfba3387,2026-09-28T01:10:01.318+00:00,2026-09-28T01:10:01.545+00:00,21072-30059,washers,50170068,52000000,2026-09-28 01:10:01,2026-09-27 22:12:30,29,10651.0,-8911.0,,Available,website fallback: report over 1 hour old
1,3af266ae-5a4c-47f2-8a62-d8e3dfba3387,2026-09-28T01:10:01.318+00:00,2026-09-28T01:10:01.545+00:00,21072-30059,washers,50170072,72000000,2026-09-28 01:10:01,2026-09-27 23:01:12,29,7729.0,-5989.0,,Available,website maps this code to Available
1,3af266ae-5a4c-47f2-8a62-d8e3dfba3387,2026-09-28T01:10:01.318+00:00,2026-09-28T01:10:01.545+00:00,21072-30059,washers,20483408,72000000,2026-09-28 01:10:01,2024-12-20 00:43:32,0,55902389.0,-55902389.0,,Available,website maps this code to Available
1,3af266ae-5a4c-47f2-8a62-d8e3dfba3387,2026-09-28T01:10:01.318+00:00,2026-09-28T01:10:01.545+00:00,21072-30059,washers,50170055,42000000,2026-09-28 01:10:01,2026-09-28 00:58:00,10,721.0,-121.0,,Available,website fallback: countdown expired
1,3af266ae-5a4c-47f2-8a62-d8e3dfba3387,2026-09-28T01:10:01.318+00:00,2026-09-28T01:10:01.545+00:00,21072-30059,dryers,50170058,D2000000,2026-09-28 01:10:01,2026-09-26 17:53:29,45,112592.0,-109892.0,,Start Mode After PF,
1,3af266ae-5a4c-47f2-8a62-d8e3dfba3387,2026-09-28T01:10:01.318+00:00,2026-09-28T01:10:01.545+00:00,21072-30059,dryers,50170061,42000000,2026-09-28 01:10:01,2026-09-28 01:01:08,10,533.0,67.0,2,Running,
1,3af266ae-5a4c-47f2-8a62-d8e3dfba3387,2026-09-28T01:10:01.318+00:00,2026-09-28T01:10:01.545+00:00,21072-30059,dryers,50170081,42000000,2026-09-28 01:10:01,2026-09-28 01:01:47,10,494.0,106.0,2,Running,
1,3af266ae-5a4c-47f2-8a62-d8e3dfba3387,2026-09-28T01:10:01.318+00:00,2026-09-28T01:10:01.545+00:00,21072-30059,dryers,50170060,52000000,2026-09-28 01:10:01,2026-09-28 01:05:33,23,268.0,1112.0,,Finished,
1,3af266ae-5a4c-47f2-8a62-d8e3dfba3387,2026-09-28T01:10:01.318+00:00,2026-09-28T01:10:01.545+00:00,21072-30059,dryers,50170087,52000000,2026-09-28 01:10:01,2026-09-28 01:05:46,23,255.0,1125.0,,Finished,
1,3af266ae-5a4c-47f2-8a62-d8e3dfba3387,2026-09-28T01:10:01.318+00:00,2026-09-28T01:10:01.545+00:00,21072-30059,dryers,50170064,72000000,2026-09-28 01:10:01,2026-09-27 23:01:59,46,7682.0,-4922.0,,Available,website maps this code to Available
1,3af266ae-5a4c-47f2-8a62-d8e3dfba3387,2026-09-28T01:10:01.318+00:00,2026-09-28T01:10:01.545+00:00,21072-30059,dryers,50170065,42000000,2026-09-28 01:10:01,2026-09-28 01:04:30,10,331.0,269.0,5,Running,
1,3af266ae-5a4c-47f2-8a62-d8e3dfba3387,2026-09-28T01:10:01.318+00:00,2026-09-28T01:10:01.545+00:00,21072-30059,dryers,50170059,42000000,2026-09-28 01:10:01,2026-09-28 01:06:44,10,197.0,403.0,7,Running,
1,3af266ae-5a4c-47f2-8a62-d8e3dfba3387,2026-09-28T01:10:01.318+00:00,2026-09-28T01:10:01.545+00:00,21072-30059,dryers,50170057,42000000,2026-09-28 01:10:01,2026-09-28 01:05:27,10,274.0,326.0,6,Running,
1,3af266ae-5a4c-47f2-8a62-d8e3dfba3387,2026-09-28T01:10:01.318+00:00,2026-09-28T01:10:01.545+00:00,21072-30059,dryers,50170062,72000000,2026-09-28 01:10:01,2026-09-27 07:03:28,46,65193.0,-62433.0,,Available,website maps this code to Available
1,3af266ae-5a4c-47f2-8a62-d8e3dfba3387,2026-09-28T01:10:01.318+00:00,2026-09-28T01:10:01.545+00:00,21072-30059,dryers,50170067,42000000,2026-09-28 01:10:01,2026-09-28 01:08:27,10,94.0,506.0,9,Running,
1,3af266ae-5a4c-47f2-8a62-d8e3dfba3387,2026-09-28T01:10:01.318+00:00,2026-09-28T01:10:01.545+00:00,21072-30059,dryers,50170074,72000000,2026-09-28 01:10:01,2026-09-28 00:49:53,46,1208.0,1552.0,,Available,website maps this code to Available
1,3af266ae-5a4c-47f2-8a62-d8e3dfba3387,2026-09-28T01:10:01.318+00:00,2026-09-28T01:10:01.545+00:00,21072-30059,dryers,50170071,42000000,2026-09-28 01:10:01,2026-09-28 01:08:48,10,73.0,527.0,9,Running,
1,3af266ae-5a4c-47f2-8a62-d8e3dfba3387,2026-09-28T01:10:01.318+00:00,2026-09-28T01:10:01.545+00:00,21072-30059,dryers,50170054,72000000,2026-09-28 01:10:01,2026-09-27 22:42:01,46,8880.0,-6120.0,,Available,website maps this code to Available
1,c6eb9565-5171-4865-adc1-1c6bc2f78c58,2026-09-28T01:11:01.280+00:00,2026-09-28T01:11:01.454+00:00,21072-30059,washers,50170051,52000000,2026-09-28 01:11:01,2026-09-27 22:40:14,29,9047.0,-7307.0,,Available,website fallback: report over 1 hour old
1,c6eb9565-5171-4865-adc1-1c6bc2f78c58,2026-09-28T01:11:01.280+00:00,2026-09-28T01:11:01.454+00:00,21072-30059,washers,50170080,72000000,2026-09-28 01:11:01,2026-09-28 00:26:38,29,2663.0,-923.0,,Available,website maps this code to Available
1,c6eb9565-5171-4865-adc1-1c6bc2f78c58,2026-09-28T01:11:01.280+00:00,2026-09-28T01:11:01.454+00:00,21072-30059,washers,50170075,72000000,2026-09-28 01:11:01,2026-09-28 00:25:28,29,2733.0,-993.0,,Available,website maps this code to Available
1,c6eb9565-5171-4865-adc1-1c6bc2f78c58,2026-09-28T01:11:01.280+00:00,2026-09-28T01:11:01.454+00:00,21072-30059,washers,50170082,72000000,2026-09-28 01:11:01,2026-09-28 00:14:48,29,3373.0,-1633.0,,Available,website maps this code to Available
1,c6eb9565-5171-4865-adc1-1c6bc2f78c58,2026-09-28T01:11:01.280+00:00,2026-09-28T01:11:01.454+00:00,21072-30059,washers,50170050,52000000,2026-09-28 01:11:01,2026-09-28 00:56:15,29,886.0,854.0,,Finished,
1,c6eb9565-5171-4865-adc1-1c6bc2f78c58,2026-09-28T01:11:01.280+00:00,2026-09-28T01:11:01.454+00:00,21072-30059,washers,50170052,72000000,2026-09-28 01:11:01,2026-09-28 00:32:00,29,2341.0,-601.0,,Available,website maps this code to Available
1,c6eb9565-5171-4865-adc1-1c6bc2f78c58,2026-09-28T01:11:01.280+00:00,2026-09-28T01:11:01.454+00:00,21072-30059,washers,50170078,72000000,2026-09-28 01:11:01,2026-09-28 00:31:25,29,2376.0,-636.0,,Available,website maps this code to Available
1,c6eb9565-5171-4865-adc1-1c6bc2f78c58,2026-09-28T01:11:01.280+00:00,2026-09-28T01:11:01.454+00:00,21072-30059,washers,50170084,72000000,2026-09-28 01:11:01,2026-09-28 00:29:34,29,2487.0,-747.0,,Available,website maps this code to Available
1,c6eb9565-5171-4865-adc1-1c6bc2f78c58,2026-09-28T01:11:01.280+00:00,2026-09-28T01:11:01.454+00:00,21072-30059,washers,50170068,52000000,2026-09-28 01:11:01,2026-09-27 22:12:30,29,10711.0,-8971.0,,Available,website fallback: report over 1 hour old
1,c6eb9565-5171-4865-adc1-1c6bc2f78c58,2026-09-28T01:11:01.280+00:00,2026-09-28T01:11:01.454+00:00,21072-30059,washers,50170072,72000000,2026-09-28 01:11:01,2026-09-27 23:01:12,29,7789.0,-6049.0,,Available,website maps this code to Available
1,c6eb9565-5171-4865-adc1-1c6bc2f78c58,2026-09-28T01:11:01.280+00:00,2026-09-28T01:11:01.454+00:00,21072-30059,washers,20483408,72000000,2026-09-28 01:11:01,2024-12-20 00:43:32,0,55902449.0,-55902449.0,,Available,website maps this code to Available
1,c6eb9565-5171-4865-adc1-1c6bc2f78c58,2026-09-28T01:11:01.280+00:00,2026-09-28T01:11:01.454+00:00,21072-30059,washers,50170055,42000000,2026-09-28 01:11:01,2026-09-28 00:58:00,10,781.0,-181.0,,Available,website fallback: countdown expired
1,c6eb9565-5171-4865-adc1-1c6bc2f78c58,2026-09-28T01:11:01.280+00:00,2026-09-28T01:11:01.454+00:00,21072-30059,dryers,50170058,D2000000,2026-09-28 01:11:01,2026-09-26 17:53:29,45,112652.0,-109952.0,,Start Mode After PF,
1,c6eb9565-5171-4865-adc1-1c6bc2f78c58,2026-09-28T01:11:01.280+00:00,2026-09-28T01:11:01.454+00:00,21072-30059,dryers,50170061,42000000,2026-09-28 01:11:01,2026-09-28 01:01:08,10,593.0,7.0,1,Running,
1,c6eb9565-5171-4865-adc1-1c6bc2f78c58,2026-09-28T01:11:01.280+00:00,2026-09-28T01:11:01.454+00:00,21072-30059,dryers,50170081,52000000,2026-09-28 01:11:01,2026-09-28 01:10:57,23,4.0,1376.0,,Finished,
1,c6eb9565-5171-4865-adc1-1c6bc2f78c58,2026-09-28T01:11:01.280+00:00,2026-09-28T01:11:01.454+00:00,21072-30059,dryers,50170060,52000000,2026-09-28 01:11:01,2026-09-28 01:05:33,23,328.0,1052.0,,Finished,
1,c6eb9565-5171-4865-adc1-1c6bc2f78c58,2026-09-28T01:11:01.280+00:00,2026-09-28T01:11:01.454+00:00,21072-30059,dryers,50170087,52000000,2026-09-28 01:11:01,2026-09-28 01:05:46,23,315.0,1065.0,,Finished,
1,c6eb9565-5171-4865-adc1-1c6bc2f78c58,2026-09-28T01:11:01.280+00:00,2026-09-28T01:11:01.454+00:00,21072-30059,dryers,50170064,72000000,2026-09-28 01:11:01,2026-09-27 23:01:59,46,7742.0,-4982.0,,Available,website maps this code to Available
1,c6eb9565-5171-4865-adc1-1c6bc2f78c58,2026-09-28T01:11:01.280+00:00,2026-09-28T01:11:01.454+00:00,21072-30059,dryers,50170065,42000000,2026-09-28 01:11:01,2026-09-28 01:04:30,10,391.0,209.0,4,Running,
1,c6eb9565-5171-4865-adc1-1c6bc2f78c58,2026-09-28T01:11:01.280+00:00,2026-09-28T01:11:01.454+00:00,21072-30059,dryers,50170059,42000000,2026-09-28 01:11:01,2026-09-28 01:06:44,10,257.0,343.0,6,Running,
1,c6eb9565-5171-4865-adc1-1c6bc2f78c58,2026-09-28T01:11:01.280+00:00,2026-09-28T01:11:01.454+00:00,21072-30059,dryers,50170057,42000000,2026-09-28 01:11:01,2026-09-28 01:05:27,10,334.0,266.0,5,Running,
1,c6eb9565-5171-4865-adc1-1c6bc2f78c58,2026-09-28T01:11:01.280+00:00,2026-09-28T01:11:01.454+00:00,21072-30059,dryers,50170062,72000000,2026-09-28 01:11:01,2026-09-27 07:03:28,46,65253.0,-62493.0,,Available,website maps this code to Available
1,c6eb9565-5171-4865-adc1-1c6bc2f78c58,2026-09-28T01:11:01.280+00:00,2026-09-28T01:11:01.454+00:00,21072-30059,dryers,50170067,42000000,2026-09-28 01:11:01,2026-09-28 01:08:27,10,154.0,446.0,8,Running,
1,c6eb9565-5171-4865-adc1-1c6bc2f78c58,2026-09-28T01:11:01.280+00:00,2026-09-28T01:11:01.454+00:00,21072-30059,dryers,50170074,72000000,2026-09-28 01:11:01,2026-09-28 00:49:53,46,1268.0,1492.0,,Available,website maps this code to Available
1,c6eb9565-5171-4865-adc1-1c6bc2f78c58,2026-09-28T01:11:01.280+00:00,2026-09-28T01:11:01.454+00:00,21072-30059,dryers,50170071,42000000,2026-09-28 01:11:01,2026-09-28 01:08:48,10,133.0,467.0,8,Running,
1,c6eb9565-5171-4865-adc1-1c6bc2f78c58,2026-09-28T01:11:01.280+00:00,2026-09-28T01:11:01.454+00:00,21072-30059,dryers,50170054,72000000,2026-09-28 01:11:01,2026-09-27 22:42:01,46,8940.0,-6180.0,,Available,website maps this code to Available
1,e92639e6-1093-4361-847d-d183192b51af,2026-09-28T01:12:00.896+00:00,2026-09-28T01:12:01.081+00:00,21072-30059,washers,50170051,52000000,2026-09-28 01:12:01,2026-09-27 22:40:14,29,9107.0,-7367.0,,Available,website fallback: report over 1 hour old
1,e92639e6-1093-4361-847d-d183192b51af,2026-09-28T01:12:00.896+00:00,2026-09-28T01:12:01.081+00:00,21072-30059,washers,50170080,72000000,2026-09-28 01:12:01,2026-09-28 00:26:38,29,2723.0,-983.0,,Available,website maps this code to Available
1,e92639e6-1093-4361-847d-d183192b51af,2026-09-28T01:12:00.896+00:00,2026-09-28T01:12:01.081+00:00,21072-30059,washers,50170075,72000000,2026-09-28 01:12:01,2026-09-28 00:25:28,29,2793.0,-1053.0,,Available,website maps this code to Available
1,e92639e6-1093-4361-847d-d183192b51af,2026-09-28T01:12:00.896+00:00,2026-09-28T01:12:01.081+00:00,21072-30059,washers,50170082,72000000,2026-09-28 01:12:01,2026-09-28 00:14:48,29,3433.0,-1693.0,,Available,website maps this code to Available
1,e92639e6-1093-4361-847d-d183192b51af,2026-09-28T01:12:00.896+00:00,2026-09-28T01:12:01.081+00:00,21072-30059,washers,50170050,52000000,2026-09-28 01:12:01,2026-09-28 00:56:15,29,946.0,794.0,,Finished,
1,e92639e6-1093-4361-847d-d183192b51af,2026-09-28T01:12:00.896+00:00,2026-09-28T01:12:01.081+00:00,21072-30059,washers,50170052,72000000,2026-09-28 01:12:01,2026-09-28 00:32:00,29,2401.0,-661.0,,Available,website maps this code to Available
1,e92639e6-1093-4361-847d-d183192b51af,2026-09-28T01:12:00.896+00:00,2026-09-28T01:12:01.081+00:00,21072-30059,washers,50170078,72000000,2026-09-28 01:12:01,2026-09-28 00:31:25,29,2436.0,-696.0,,Available,website maps this code to Available
1,e92639e6-1093-4361-847d-d183192b51af,2026-09-28T01:12:00.896+00:00,2026-09-28T01:12:01.081+00:00,21072-30059,washers,50170084,72000000,2026-09-28 01:12:01,2026-09-28 00:29:34,29,2547.0,-807.0,,Available,website maps this code to Available
1,e92639e6-1093-4361-847d-d183192b51af,2026-09-28T01:12:00.896+00:00,2026-09-28T01:12:01.081+00:00,21072-30059,washers,50170068,52000000,2026-09-28 01:12:01,2026-09-27 22:12:30,29,10771.0,-9031.0,,Available,website fallback: report over 1 hour old
1,e92639e6-1093-4361-847d-d183192b51af,2026-09-28T01:12:00.896+00:00,2026-09-28T01:12:01.081+00:00,21072-30059,washers,50170072,72000000,2026-09-28 01:12:01,2026-09-27 23:01:12,29,7849.0,-6109.0,,Available,website maps this code to Available
1,e92639e6-1093-4361-847d-d183192b51af,2026-09-28T01:12:00.896+00:00,2026-09-28T01:12:01.081+00:00,21072-30059,washers,20483408,72000000,2026-09-28 01:12:01,2024-12-20 00:43:32,0,55902509.0,-55902509.0,,Available,website maps this code to Available
1,e92639e6-1093-4361-847d-d183192b51af,2026-09-28T01:12:00.896+00:00,2026-09-28T01:12:01.081+00:00,21072-30059,washers,50170055,52000000,2026-09-28 01:12:01,2026-09-28 01:11:12,29,49.0,1691.0,,Finished,
1,e92639e6-1093-4361-847d-d183192b51af,2026-09-28T01:12:00.896+00:00,2026-09-28T01:12:01.081+00:00,21072-30059,dryers,50170058,D2000000,2026-09-28 01:12:01,2026-09-26 17:53:29,45,112712.0,-110012.0,,Start Mode After PF,
1,e92639e6-1093-4361-847d-d183192b51af,2026-09-28T01:12:00.896+00:00,2026-09-28T01:12:01.081+00:00,21072-30059,dryers,50170061,52000000,2026-09-28 01:12:01,2026-09-28 01:11:18,23,43.0,1337.0,,Finished,
1,e92639e6-1093-4361-847d-d183192b51af,2026-09-28T01:12:00.896+00:00,2026-09-28T01:12:01.081+00:00,21072-30059,dryers,50170081,52000000,2026-09-28 01:12:01,2026-09-28 01:10:57,23,64.0,1316.0,,Finished,
1,e92639e6-1093-4361-847d-d183192b51af,2026-09-28T01:12:00.896+00:00,2026-09-28T01:12:01.081+00:00,21072-30059,dryers,50170060,52000000,2026-09-28 01:12:01,2026-09-28 01:05:33,23,388.0,992.0,,Finished,
1,e92639e6-1093-4361-847d-d183192b51af,2026-09-28T01:12:00.896+00:00,2026-09-28T01:12:01.081+00:00,21072-30059,dryers,50170087,52000000,2026-09-28 01:12:01,2026-09-28 01:05:46,23,375.0,1005.0,,Finished,
1,e92639e6-1093-4361-847d-d183192b51af,2026-09-28T01:12:00.896+00:00,2026-09-28T01:12:01.081+00:00,21072-30059,dryers,50170064,72000000,2026-09-28 01:12:01,2026-09-27 23:01:59,46,7802.0,-5042.0,,Available,website maps this code to Available
1,e92639e6-1093-4361-847d-d183192b51af,2026-09-28T01:12:00.896+00:00,2026-09-28T01:12:01.081+00:00,21072-30059,dryers,50170065,42000000,2026-09-28 01:12:01,2026-09-28 01:04:30,10,451.0,149.0,3,Running,
1,e92639e6-1093-4361-847d-d183192b51af,2026-09-28T01:12:00.896+00:00,2026-09-28T01:12:01.081+00:00,21072-30059,dryers,50170059,42000000,2026-09-28 01:12:01,2026-09-28 01:06:44,10,317.0,283.0,5,Running,
1,e92639e6-1093-4361-847d-d183192b51af,2026-09-28T01:12:00.896+00:00,2026-09-28T01:12:01.081+00:00,21072-30059,dryers,50170057,42000000,2026-09-28 01:12:01,2026-09-28 01:05:27,10,394.0,206.0,4,Running,
1,e92639e6-1093-4361-847d-d183192b51af,2026-09-28T01:12:00.896+00:00,2026-09-28T01:12:01.081+00:00,21072-30059,dryers,50170062,72000000,2026-09-28 01:12:01,2026-09-27 07:03:28,46,65313.0,-62553.0,,Available,website maps this code to Available
1,e92639e6-1093-4361-847d-d183192b51af,2026-09-28T01:12:00.896+00:00,2026-09-28T01:12:01.081+00:00,21072-30059,dryers,50170067,42000000,2026-09-28 01:12:01,2026-09-28 01:08:27,10,214.0,386.0,7,Running,
1,e92639e6-1093-4361-847d-d183192b51af,2026-09-28T01:12:00.896+00:00,2026-09-28T01:12:01.081+00:00,21072-30059,dryers,50170074,72000000,2026-09-28 01:12:01,2026-09-28 00:49:53,46,1328.0,1432.0,,Available,website maps this code to Available
1,e92639e6-1093-4361-847d-d183192b51af,2026-09-28T01:12:00.896+00:00,2026-09-28T01:12:01.081+00:00,21072-30059,dryers,50170071,42000000,2026-09-28 01:12:01,2026-09-28 01:08:48,10,193.0,407.0,7,Running,
1,e92639e6-1093-4361-847d-d183192b51af,2026-09-28T01:12:00.896+00:00,2026-09-28T01:12:01.081+00:00,21072-30059,dryers,50170054,72000000,2026-09-28 01:12:01,2026-09-27 22:42:01,46,9000.0,-6240.0,,Available,website maps this code to Available
1,4a203a21-fd34-4fb2-86bc-a7541823694f,2026-09-28T01:13:01.287+00:00,2026-09-28T01:13:01.495+00:00,21072-30059,washers,50170051,52000000,2026-09-28 01:13:01,2026-09-27 22:40:14,29,9167.0,-7427.0,,Available,website fallback: report over 1 hour old
1,4a203a21-fd34-4fb2-86bc-a7541823694f,2026-09-28T01:13:01.287+00:00,2026-09-28T01:13:01.495+00:00,21072-30059,washers,50170080,72000000,2026-09-28 01:13:01,2026-09-28 00:26:38,29,2783.0,-1043.0,,Available,website maps this code to Available
1,4a203a21-fd34-4fb2-86bc-a7541823694f,2026-09-28T01:13:01.287+00:00,2026-09-28T01:13:01.495+00:00,21072-30059,washers,50170075,72000000,2026-09-28 01:13:01,2026-09-28 00:25:28,29,2853.0,-1113.0,,Available,website maps this code to Available
1,4a203a21-fd34-4fb2-86bc-a7541823694f,2026-09-28T01:13:01.287+00:00,2026-09-28T01:13:01.495+00:00,21072-30059,washers,50170082,72000000,2026-09-28 01:13:01,2026-09-28 00:14:48,29,3493.0,-1753.0,,Available,website maps this code to Available
1,4a203a21-fd34-4fb2-86bc-a7541823694f,2026-09-28T01:13:01.287+00:00,2026-09-28T01:13:01.495+00:00,21072-30059,washers,50170050,52000000,2026-09-28 01:13:01,2026-09-28 00:56:15,29,1006.0,734.0,,Finished,
1,4a203a21-fd34-4fb2-86bc-a7541823694f,2026-09-28T01:13:01.287+00:00,2026-09-28T01:13:01.495+00:00,21072-30059,washers,50170052,72000000,2026-09-28 01:13:01,2026-09-28 00:32:00,29,2461.0,-721.0,,Available,website maps this code to Available
1,4a203a21-fd34-4fb2-86bc-a7541823694f,2026-09-28T01:13:01.287+00:00,2026-09-28T01:13:01.495+00:00,21072-30059,washers,50170078,72000000,2026-09-28 01:13:01,2026-09-28 00:31:25,29,2496.0,-756.0,,Available,website maps this code to Available
1,4a203a21-fd34-4fb2-86bc-a7541823694f,2026-09-28T01:13:01.287+00:00,2026-09-28T01:13:01.495+00:00,21072-30059,washers,50170084,72000000,2026-09-28 01:13:01,2026-09-28 00:29:34,29,2607.0,-867.0,,Available,website maps this code to Available
1,4a203a21-fd34-4fb2-86bc-a7541823694f,2026-09-28T01:13:01.287+00:00,2026-09-28T01:13:01.495+00:00,21072-30059,washers,50170068,52000000,2026-09-28 01:13:01,2026-09-27 22:12:30,29,10831.0,-9091.0,,Available,website fallback: report over 1 hour old
1,4a203a21-fd34-4fb2-86bc-a7541823694f,2026-09-28T01:13:01.287+00:00,2026-09-28T01:13:01.495+00:00,21072-30059,washers,50170072,72000000,2026-09-28 01:13:01,2026-09-27 23:01:12,29,7909.0,-6169.0,,Available,website maps this code to Available
1,4a203a21-fd34-4fb2-86bc-a7541823694f,2026-09-28T01:13:01.287+00:00,2026-09-28T01:13:01.495+00:00,21072-30059,washers,20483408,72000000,2026-09-28 01:13:01,2024-12-20 00:43:32,0,55902569.0,-55902569.0,,Available,website maps this code to Available
1,4a203a21-fd34-4fb2-86bc-a7541823694f,2026-09-28T01:13:01.287+00:00,2026-09-28T01:13:01.495+00:00,21072-30059,washers,50170055,52000000,2026-09-28 01:13:01,2026-09-28 01:11:12,29,109.0,1631.0,,Finished,
1,4a203a21-fd34-4fb2-86bc-a7541823694f,2026-09-28T01:13:01.287+00:00,2026-09-28T01:13:01.495+00:00,21072-30059,dryers,50170058,D2000000,2026-09-28 01:13:01,2026-09-26 17:53:29,45,112772.0,-110072.0,,Start Mode After PF,
1,4a203a21-fd34-4fb2-86bc-a7541823694f,2026-09-28T01:13:01.287+00:00,2026-09-28T01:13:01.495+00:00,21072-30059,dryers,50170061,52000000,2026-09-28 01:13:01,2026-09-28 01:11:18,23,103.0,1277.0,,Finished,
1,4a203a21-fd34-4fb2-86bc-a7541823694f,2026-09-28T01:13:01.287+00:00,2026-09-28T01:13:01.495+00:00,21072-30059,dryers,50170081,52000000,2026-09-28 01:13:01,2026-09-28 01:10:57,23,124.0,1256.0,,Finished,
1,4a203a21-fd34-4fb2-86bc-a7541823694f,2026-09-28T01:13:01.287+00:00,2026-09-28T01:13:01.495+00:00,21072-30059,dryers,50170060,52000000,2026-09-28 01:13:01,2026-09-28 01:05:33,23,448.0,932.0,,Finished,
1,4a203a21-fd34-4fb2-86bc-a7541823694f,2026-09-28T01:13:01.287+00:00,2026-09-28T01:13:01.495+00:00,21072-30059,dryers,50170087,52000000,2026-09-28 01:13:01,2026-09-28 01:05:46,23,435.0,945.0,,Finished,
1,4a203a21-fd34-4fb2-86bc-a7541823694f,2026-09-28T01:13:01.287+00:00,2026-09-28T01:13:01.495+00:00,21072-30059,dryers,50170064,72000000,2026-09-28 01:13:01,2026-09-27 23:01:59,46,7862.0,-5102.0,,Available,website maps this code to Available
1,4a203a21-fd34-4fb2-86bc-a7541823694f,2026-09-28T01:13:01.287+00:00,2026-09-28T01:13:01.495+00:00,21072-30059,dryers,50170065,42000000,2026-09-28 01:13:01,2026-09-28 01:04:30,10,511.0,89.0,2,Running,
1,4a203a21-fd34-4fb2-86bc-a7541823694f,2026-09-28T01:13:01.287+00:00,2026-09-28T01:13:01.495+00:00,21072-30059,dryers,50170059,42000000,2026-09-28 01:13:01,2026-09-28 01:06:44,10,377.0,223.0,4,Running,
1,4a203a21-fd34-4fb2-86bc-a7541823694f,2026-09-28T01:13:01.287+00:00,2026-09-28T01:13:01.495+00:00,21072-30059,dryers,50170057,42000000,2026-09-28 01:13:01,2026-09-28 01:05:27,10,454.0,146.0,3,Running,
1,4a203a21-fd34-4fb2-86bc-a7541823694f,2026-09-28T01:13:01.287+00:00,2026-09-28T01:13:01.495+00:00,21072-30059,dryers,50170062,72000000,2026-09-28 01:13:01,2026-09-27 07:03:28,46,65373.0,-62613.0,,Available,website maps this code to Available
1,4a203a21-fd34-4fb2-86bc-a7541823694f,2026-09-28T01:13:01.287+00:00,2026-09-28T01:13:01.495+00:00,21072-30059,dryers,50170067,42000000,2026-09-28 01:13:01,2026-09-28 01:08:27,10,274.0,326.0,6,Running,
1,4a203a21-fd34-4fb2-86bc-a7541823694f,2026-09-28T01:13:01.287+00:00,2026-09-28T01:13:01.495+00:00,21072-30059,dryers,50170074,72000000,2026-09-28 01:13:01,2026-09-28 00:49:53,46,1388.0,1372.0,,Available,website maps this code to Available
1,4a203a21-fd34-4fb2-86bc-a7541823694f,2026-09-28T01:13:01.287+00:00,2026-09-28T01:13:01.495+00:00,21072-30059,dryers,50170071,42000000,2026-09-28 01:13:01,2026-09-28 01:08:48,10,253.0,347.0,6,Running,
1,4a203a21-fd34-4fb2-86bc-a7541823694f,2026-09-28T01:13:01.287+00:00,2026-09-28T01:13:01.495+00:00,21072-30059,dryers,50170054,72000000,2026-09-28 01:13:01,2026-09-27 22:42:01,46,9060.0,-6300.0,,Available,website maps this code to Available
1,59e01e8c-7f7a-412b-8372-bd319e492ff4,2026-09-28T01:14:01.406+00:00,2026-09-28T01:14:01.689+00:00,21072-30059,washers,50170051,52000000,2026-09-28 01:14:01,2026-09-27 22:40:14,29,9227.0,-7487.0,,Available,website fallback: report over 1 hour old
1,59e01e8c-7f7a-412b-8372-bd319e492ff4,2026-09-28T01:14:01.406+00:00,2026-09-28T01:14:01.689+00:00,21072-30059,washers,50170080,72000000,2026-09-28 01:14:01,2026-09-28 00:26:38,29,2843.0,-1103.0,,Available,website maps this code to Available
1,59e01e8c-7f7a-412b-8372-bd319e492ff4,2026-09-28T01:14:01.406+00:00,2026-09-28T01:14:01.689+00:00,21072-30059,washers,50170075,72000000,2026-09-28 01:14:01,2026-09-28 00:25:28,29,2913.0,-1173.0,,Available,website maps this code to Available
1,59e01e8c-7f7a-412b-8372-bd319e492ff4,2026-09-28T01:14:01.406+00:00,2026-09-28T01:14:01.689+00:00,21072-30059,washers,50170082,72000000,2026-09-28 01:14:01,2026-09-28 00:14:48,29,3553.0,-1813.0,,Available,website maps this code to Available
1,59e01e8c-7f7a-412b-8372-bd319e492ff4,2026-09-28T01:14:01.406+00:00,2026-09-28T01:14:01.689+00:00,21072-30059,washers,50170050,52000000,2026-09-28 01:14:01,2026-09-28 00:56:15,29,1066.0,674.0,,Finished,
1,59e01e8c-7f7a-412b-8372-bd319e492ff4,2026-09-28T01:14:01.406+00:00,2026-09-28T01:14:01.689+00:00,21072-30059,washers,50170052,72000000,2026-09-28 01:14:01,2026-09-28 00:32:00,29,2521.0,-781.0,,Available,website maps this code to Available
1,59e01e8c-7f7a-412b-8372-bd319e492ff4,2026-09-28T01:14:01.406+00:00,2026-09-28T01:14:01.689+00:00,21072-30059,washers,50170078,72000000,2026-09-28 01:14:01,2026-09-28 00:31:25,29,2556.0,-816.0,,Available,website maps this code to Available
1,59e01e8c-7f7a-412b-8372-bd319e492ff4,2026-09-28T01:14:01.406+00:00,2026-09-28T01:14:01.689+00:00,21072-30059,washers,50170084,72000000,2026-09-28 01:14:01,2026-09-28 00:29:34,29,2667.0,-927.0,,Available,website maps this code to Available
1,59e01e8c-7f7a-412b-8372-bd319e492ff4,2026-09-28T01:14:01.406+00:00,2026-09-28T01:14:01.689+00:00,21072-30059,washers,50170068,52000000,2026-09-28 01:14:01,2026-09-27 22:12:30,29,10891.0,-9151.0,,Available,website fallback: report over 1 hour old
1,59e01e8c-7f7a-412b-8372-bd319e492ff4,2026-09-28T01:14:01.406+00:00,2026-09-28T01:14:01.689+00:00,21072-30059,washers,50170072,72000000,2026-09-28 01:14:01,2026-09-27 23:01:12,29,7969.0,-6229.0,,Available,website maps this code to Available
1,59e01e8c-7f7a-412b-8372-bd319e492ff4,2026-09-28T01:14:01.406+00:00,2026-09-28T01:14:01.689+00:00,21072-30059,washers,20483408,72000000,2026-09-28 01:14:01,2024-12-20 00:43:32,0,55902629.0,-55902629.0,,Available,website maps this code to Available
1,59e01e8c-7f7a-412b-8372-bd319e492ff4,2026-09-28T01:14:01.406+00:00,2026-09-28T01:14:01.689+00:00,21072-30059,washers,50170055,52000000,2026-09-28 01:14:01,2026-09-28 01:11:12,29,169.0,1571.0,,Finished,
1,59e01e8c-7f7a-412b-8372-bd319e492ff4,2026-09-28T01:14:01.406+00:00,2026-09-28T01:14:01.689+00:00,21072-30059,dryers,50170058,D2000000,2026-09-28 01:14:01,2026-09-26 17:53:29,45,112832.0,-110132.0,,Start Mode After PF,
1,59e01e8c-7f7a-412b-8372-bd319e492ff4,2026-09-28T01:14:01.406+00:00,2026-09-28T01:14:01.689+00:00,21072-30059,dryers,50170061,52000000,2026-09-28 01:14:01,2026-09-28 01:11:18,23,163.0,1217.0,,Finished,
1,59e01e8c-7f7a-412b-8372-bd319e492ff4,2026-09-28T01:14:01.406+00:00,2026-09-28T01:14:01.689+00:00,21072-30059,dryers,50170081,52000000,2026-09-28 01:14:01,2026-09-28 01:10:57,23,184.0,1196.0,,Finished,
1,59e01e8c-7f7a-412b-8372-bd319e492ff4,2026-09-28T01:14:01.406+00:00,2026-09-28T01:14:01.689+00:00,21072-30059,dryers,50170060,52000000,2026-09-28 01:14:01,2026-09-28 01:05:33,23,508.0,872.0,,Finished,
1,59e01e8c-7f7a-412b-8372-bd319e492ff4,2026-09-28T01:14:01.406+00:00,2026-09-28T01:14:01.689+00:00,21072-30059,dryers,50170087,52000000,2026-09-28 01:14:01,2026-09-28 01:05:46,23,495.0,885.0,,Finished,
1,59e01e8c-7f7a-412b-8372-bd319e492ff4,2026-09-28T01:14:01.406+00:00,2026-09-28T01:14:01.689+00:00,21072-30059,dryers,50170064,72000000,2026-09-28 01:14:01,2026-09-27 23:01:59,46,7922.0,-5162.0,,Available,website maps this code to Available
1,59e01e8c-7f7a-412b-8372-bd319e492ff4,2026-09-28T01:14:01.406+00:00,2026-09-28T01:14:01.689+00:00,21072-30059,dryers,50170065,52000000,2026-09-28 01:14:01,2026-09-28 01:13:39,23,22.0,1358.0,,Finished,
1,59e01e8c-7f7a-412b-8372-bd319e492ff4,2026-09-28T01:14:01.406+00:00,2026-09-28T01:14:01.689+00:00,21072-30059,dryers,50170059,42000000,2026-09-28 01:14:01,2026-09-28 01:06:44,10,437.0,163.0,3,Running,
1,59e01e8c-7f7a-412b-8372-bd319e492ff4,2026-09-28T01:14:01.406+00:00,2026-09-28T01:14:01.689+00:00,21072-30059,dryers,50170057,42000000,2026-09-28 01:14:01,2026-09-28 01:05:27,10,514.0,86.0,2,Running,
1,59e01e8c-7f7a-412b-8372-bd319e492ff4,2026-09-28T01:14:01.406+00:00,2026-09-28T01:14:01.689+00:00,21072-30059,dryers,50170062,72000000,2026-09-28 01:14:01,2026-09-27 07:03:28,46,65433.0,-62673.0,,Available,website maps this code to Available
1,59e01e8c-7f7a-412b-8372-bd319e492ff4,2026-09-28T01:14:01.406+00:00,2026-09-28T01:14:01.689+00:00,21072-30059,dryers,50170067,42000000,2026-09-28 01:14:01,2026-09-28 01:08:27,10,334.0,266.0,5,Running,
1,59e01e8c-7f7a-412b-8372-bd319e492ff4,2026-09-28T01:14:01.406+00:00,2026-09-28T01:14:01.689+00:00,21072-30059,dryers,50170074,72000000,2026-09-28 01:14:01,2026-09-28 00:49:53,46,1448.0,1312.0,,Available,website maps this code to Available
1,59e01e8c-7f7a-412b-8372-bd319e492ff4,2026-09-28T01:14:01.406+00:00,2026-09-28T01:14:01.689+00:00,21072-30059,dryers,50170071,42000000,2026-09-28 01:14:01,2026-09-28 01:08:48,10,313.0,287.0,5,Running,
1,59e01e8c-7f7a-412b-8372-bd319e492ff4,2026-09-28T01:14:01.406+00:00,2026-09-28T01:14:01.689+00:00,21072-30059,dryers,50170054,72000000,2026-09-28 01:14:01,2026-09-27 22:42:01,46,9120.0,-6360.0,,Available,website maps this code to Available
1,40f80c20-da2a-403c-ab37-835848d29412,2026-09-28T01:15:01.313+00:00,2026-09-28T01:15:01.505+00:00,21072-30059,washers,50170051,72000000,2026-09-28 01:15:01,2026-09-28 01:14:06,29,55.0,1685.0,,Available,website maps this code to Available
1,40f80c20-da2a-403c-ab37-835848d29412,2026-09-28T01:15:01.313+00:00,2026-09-28T01:15:01.505+00:00,21072-30059,washers,50170080,72000000,2026-09-28 01:15:01,2026-09-28 00:26:38,29,2903.0,-1163.0,,Available,website maps this code to Available
1,40f80c20-da2a-403c-ab37-835848d29412,2026-09-28T01:15:01.313+00:00,2026-09-28T01:15:01.505+00:00,21072-30059,washers,50170075,72000000,2026-09-28 01:15:01,2026-09-28 00:25:28,29,2973.0,-1233.0,,Available,website maps this code to Available
1,40f80c20-da2a-403c-ab37-835848d29412,2026-09-28T01:15:01.313+00:00,2026-09-28T01:15:01.505+00:00,21072-30059,washers,50170082,72000000,2026-09-28 01:15:01,2026-09-28 00:14:48,29,3613.0,-1873.0,,Available,website maps this code to Available
1,40f80c20-da2a-403c-ab37-835848d29412,2026-09-28T01:15:01.313+00:00,2026-09-28T01:15:01.505+00:00,21072-30059,washers,50170050,52000000,2026-09-28 01:15:01,2026-09-28 00:56:15,29,1126.0,614.0,,Finished,
1,40f80c20-da2a-403c-ab37-835848d29412,2026-09-28T01:15:01.313+00:00,2026-09-28T01:15:01.505+00:00,21072-30059,washers,50170052,72000000,2026-09-28 01:15:01,2026-09-28 00:32:00,29,2581.0,-841.0,,Available,website maps this code to Available
1,40f80c20-da2a-403c-ab37-835848d29412,2026-09-28T01:15:01.313+00:00,2026-09-28T01:15:01.505+00:00,21072-30059,washers,50170078,72000000,2026-09-28 01:15:01,2026-09-28 00:31:25,29,2616.0,-876.0,,Available,website maps this code to Available
1,40f80c20-da2a-403c-ab37-835848d29412,2026-09-28T01:15:01.313+00:00,2026-09-28T01:15:01.505+00:00,21072-30059,washers,50170084,72000000,2026-09-28 01:15:01,2026-09-28 00:29:34,29,2727.0,-987.0,,Available,website maps this code to Available
1,40f80c20-da2a-403c-ab37-835848d29412,2026-09-28T01:15:01.313+00:00,2026-09-28T01:15:01.505+00:00,21072-30059,washers,50170068,52000000,2026-09-28 01:15:01,2026-09-27 22:12:30,29,10951.0,-9211.0,,Available,website fallback: report over 1 hour old
1,40f80c20-da2a-403c-ab37-835848d29412,2026-09-28T01:15:01.313+00:00,2026-09-28T01:15:01.505+00:00,21072-30059,washers,50170072,72000000,2026-09-28 01:15:01,2026-09-27 23:01:12,29,8029.0,-6289.0,,Available,website maps this code to Available
1,40f80c20-da2a-403c-ab37-835848d29412,2026-09-28T01:15:01.313+00:00,2026-09-28T01:15:01.505+00:00,21072-30059,washers,20483408,72000000,2026-09-28 01:15:01,2024-12-20 00:43:32,0,55902689.0,-55902689.0,,Available,website maps this code to Available
1,40f80c20-da2a-403c-ab37-835848d29412,2026-09-28T01:15:01.313+00:00,2026-09-28T01:15:01.505+00:00,21072-30059,washers,50170055,52000000,2026-09-28 01:15:01,2026-09-28 01:11:12,29,229.0,1511.0,,Finished,
1,40f80c20-da2a-403c-ab37-835848d29412,2026-09-28T01:15:01.313+00:00,2026-09-28T01:15:01.505+00:00,21072-30059,dryers,50170058,D2000000,2026-09-28 01:15:01,2026-09-26 17:53:29,45,112892.0,-110192.0,,Start Mode After PF,
1,40f80c20-da2a-403c-ab37-835848d29412,2026-09-28T01:15:01.313+00:00,2026-09-28T01:15:01.505+00:00,21072-30059,dryers,50170061,72000000,2026-09-28 01:15:01,2026-09-28 01:14:22,46,39.0,2721.0,,Available,website maps this code to Available
1,40f80c20-da2a-403c-ab37-835848d29412,2026-09-28T01:15:01.313+00:00,2026-09-28T01:15:01.505+00:00,21072-30059,dryers,50170081,52000000,2026-09-28 01:15:01,2026-09-28 01:10:57,23,244.0,1136.0,,Finished,
1,40f80c20-da2a-403c-ab37-835848d29412,2026-09-28T01:15:01.313+00:00,2026-09-28T01:15:01.505+00:00,21072-30059,dryers,50170060,52000000,2026-09-28 01:15:01,2026-09-28 01:05:33,23,568.0,812.0,,Finished,
1,40f80c20-da2a-403c-ab37-835848d29412,2026-09-28T01:15:01.313+00:00,2026-09-28T01:15:01.505+00:00,21072-30059,dryers,50170087,52000000,2026-09-28 01:15:01,2026-09-28 01:05:46,23,555.0,825.0,,Finished,
1,40f80c20-da2a-403c-ab37-835848d29412,2026-09-28T01:15:01.313+00:00,2026-09-28T01:15:01.505+00:00,21072-30059,dryers,50170064,72000000,2026-09-28 01:15:01,2026-09-27 23:01:59,46,7982.0,-5222.0,,Available,website maps this code to Available
1,40f80c20-da2a-403c-ab37-835848d29412,2026-09-28T01:15:01.313+00:00,2026-09-28T01:15:01.505+00:00,21072-30059,dryers,50170065,52000000,2026-09-28 01:15:01,2026-09-28 01:13:39,23,82.0,1298.0,,Finished,
1,40f80c20-da2a-403c-ab37-835848d29412,2026-09-28T01:15:01.313+00:00,2026-09-28T01:15:01.505+00:00,21072-30059,dryers,50170059,42000000,2026-09-28 01:15:01,2026-09-28 01:06:44,10,497.0,103.0,2,Running,
1,40f80c20-da2a-403c-ab37-835848d29412,2026-09-28T01:15:01.313+00:00,2026-09-28T01:15:01.505+00:00,21072-30059,dryers,50170057,42000000,2026-09-28 01:15:01,2026-09-28 01:05:27,10,574.0,26.0,1,Running,
1,40f80c20-da2a-403c-ab37-835848d29412,2026-09-28T01:15:01.313+00:00,2026-09-28T01:15:01.505+00:00,21072-30059,dryers,50170062,72000000,2026-09-28 01:15:01,2026-09-27 07:03:28,46,65493.0,-62733.0,,Available,website maps this code to Available
1,40f80c20-da2a-403c-ab37-835848d29412,2026-09-28T01:15:01.313+00:00,2026-09-28T01:15:01.505+00:00,21072-30059,dryers,50170067,42000000,2026-09-28 01:15:01,2026-09-28 01:08:27,10,394.0,206.0,4,Running,
1,40f80c20-da2a-403c-ab37-835848d29412,2026-09-28T01:15:01.313+00:00,2026-09-28T01:15:01.505+00:00,21072-30059,dryers,50170074,72000000,2026-09-28 01:15:01,2026-09-28 00:49:53,46,1508.0,1252.0,,Available,website maps this code to Available
1,40f80c20-da2a-403c-ab37-835848d29412,2026-09-28T01:15:01.313+00:00,2026-09-28T01:15:01.505+00:00,21072-30059,dryers,50170071,72000000,2026-09-28 01:15:01,2026-09-28 01:14:55,46,6.0,2754.0,,Available,website maps this code to Available
1,40f80c20-da2a-403c-ab37-835848d29412,2026-09-28T01:15:01.313+00:00,2026-09-28T01:15:01.505+00:00,21072-30059,dryers,50170054,72000000,2026-09-28 01:15:01,2026-09-27 22:42:01,46,9180.0,-6420.0,,Available,website maps this code to Available
1,bb314391-280a-4336-aabc-aa06c13a97a7,2026-09-28T01:16:01.395+00:00,2026-09-28T01:16:01.611+00:00,21072-30059,washers,50170051,72000000,2026-09-28 01:16:01,2026-09-28 01:14:06,29,115.0,1625.0,,Available,website maps this code to Available
1,bb314391-280a-4336-aabc-aa06c13a97a7,2026-09-28T01:16:01.395+00:00,2026-09-28T01:16:01.611+00:00,21072-30059,washers,50170080,72000000,2026-09-28 01:16:01,2026-09-28 00:26:38,29,2963.0,-1223.0,,Available,website maps this code to Available
1,bb314391-280a-4336-aabc-aa06c13a97a7,2026-09-28T01:16:01.395+00:00,2026-09-28T01:16:01.611+00:00,21072-30059,washers,50170075,72000000,2026-09-28 01:16:01,2026-09-28 00:25:28,29,3033.0,-1293.0,,Available,website maps this code to Available
1,bb314391-280a-4336-aabc-aa06c13a97a7,2026-09-28T01:16:01.395+00:00,2026-09-28T01:16:01.611+00:00,21072-30059,washers,50170082,72000000,2026-09-28 01:16:01,2026-09-28 00:14:48,29,3673.0,-1933.0,,Available,website maps this code to Available
1,bb314391-280a-4336-aabc-aa06c13a97a7,2026-09-28T01:16:01.395+00:00,2026-09-28T01:16:01.611+00:00,21072-30059,washers,50170050,52000000,2026-09-28 01:16:01,2026-09-28 00:56:15,29,1186.0,554.0,,Finished,
1,bb314391-280a-4336-aabc-aa06c13a97a7,2026-09-28T01:16:01.395+00:00,2026-09-28T01:16:01.611+00:00,21072-30059,washers,50170052,72000000,2026-09-28 01:16:01,2026-09-28 00:32:00,29,2641.0,-901.0,,Available,website maps this code to Available
1,bb314391-280a-4336-aabc-aa06c13a97a7,2026-09-28T01:16:01.395+00:00,2026-09-28T01:16:01.611+00:00,21072-30059,washers,50170078,72000000,2026-09-28 01:16:01,2026-09-28 00:31:25,29,2676.0,-936.0,,Available,website maps this code to Available
1,bb314391-280a-4336-aabc-aa06c13a97a7,2026-09-28T01:16:01.395+00:00,2026-09-28T01:16:01.611+00:00,21072-30059,washers,50170084,72000000,2026-09-28 01:16:01,2026-09-28 00:29:34,29,2787.0,-1047.0,,Available,website maps this code to Available
1,bb314391-280a-4336-aabc-aa06c13a97a7,2026-09-28T01:16:01.395+00:00,2026-09-28T01:16:01.611+00:00,21072-30059,washers,50170068,52000000,2026-09-28 01:16:01,2026-09-27 22:12:30,29,11011.0,-9271.0,,Available,website fallback: report over 1 hour old
1,bb314391-280a-4336-aabc-aa06c13a97a7,2026-09-28T01:16:01.395+00:00,2026-09-28T01:16:01.611+00:00,21072-30059,washers,50170072,72000000,2026-09-28 01:16:01,2026-09-27 23:01:12,29,8089.0,-6349.0,,Available,website maps this code to Available
1,bb314391-280a-4336-aabc-aa06c13a97a7,2026-09-28T01:16:01.395+00:00,2026-09-28T01:16:01.611+00:00,21072-30059,washers,20483408,72000000,2026-09-28 01:16:01,2024-12-20 00:43:32,0,55902749.0,-55902749.0,,Available,website maps this code to Available
1,bb314391-280a-4336-aabc-aa06c13a97a7,2026-09-28T01:16:01.395+00:00,2026-09-28T01:16:01.611+00:00,21072-30059,washers,50170055,52000000,2026-09-28 01:16:01,2026-09-28 01:11:12,29,289.0,1451.0,,Finished,
1,bb314391-280a-4336-aabc-aa06c13a97a7,2026-09-28T01:16:01.395+00:00,2026-09-28T01:16:01.611+00:00,21072-30059,dryers,50170058,D2000000,2026-09-28 01:16:01,2026-09-26 17:53:29,45,112952.0,-110252.0,,Start Mode After PF,
1,bb314391-280a-4336-aabc-aa06c13a97a7,2026-09-28T01:16:01.395+00:00,2026-09-28T01:16:01.611+00:00,21072-30059,dryers,50170061,72000000,2026-09-28 01:16:01,2026-09-28 01:14:22,46,99.0,2661.0,,Available,website maps this code to Available
1,bb314391-280a-4336-aabc-aa06c13a97a7,2026-09-28T01:16:01.395+00:00,2026-09-28T01:16:01.611+00:00,21072-30059,dryers,50170081,52000000,2026-09-28 01:16:01,2026-09-28 01:10:57,23,304.0,1076.0,,Finished,
1,bb314391-280a-4336-aabc-aa06c13a97a7,2026-09-28T01:16:01.395+00:00,2026-09-28T01:16:01.611+00:00,21072-30059,dryers,50170060,52000000,2026-09-28 01:16:01,2026-09-28 01:05:33,23,628.0,752.0,,Finished,
1,bb314391-280a-4336-aabc-aa06c13a97a7,2026-09-28T01:16:01.395+00:00,2026-09-28T01:16:01.611+00:00,21072-30059,dryers,50170087,72000000,2026-09-28 01:16:01,2026-09-28 01:15:57,46,4.0,2756.0,,Available,website maps this code to Available
1,bb314391-280a-4336-aabc-aa06c13a97a7,2026-09-28T01:16:01.395+00:00,2026-09-28T01:16:01.611+00:00,21072-30059,dryers,50170064,72000000,2026-09-28 01:16:01,2026-09-27 23:01:59,46,8042.0,-5282.0,,Available,website maps this code to Available
1,bb314391-280a-4336-aabc-aa06c13a97a7,2026-09-28T01:16:01.395+00:00,2026-09-28T01:16:01.611+00:00,21072-30059,dryers,50170065,72000000,2026-09-28 01:16:01,2026-09-28 01:15:43,46,18.0,2742.0,,Available,website maps this code to Available
1,bb314391-280a-4336-aabc-aa06c13a97a7,2026-09-28T01:16:01.395+00:00,2026-09-28T01:16:01.611+00:00,21072-30059,dryers,50170059,42000000,2026-09-28 01:16:01,2026-09-28 01:06:44,10,557.0,43.0,1,Running,
1,bb314391-280a-4336-aabc-aa06c13a97a7,2026-09-28T01:16:01.395+00:00,2026-09-28T01:16:01.611+00:00,21072-30059,dryers,50170057,52000000,2026-09-28 01:16:01,2026-09-28 01:15:36,23,25.0,1355.0,,Finished,
1,bb314391-280a-4336-aabc-aa06c13a97a7,2026-09-28T01:16:01.395+00:00,2026-09-28T01:16:01.611+00:00,21072-30059,dryers,50170062,72000000,2026-09-28 01:16:01,2026-09-27 07:03:28,46,65553.0,-62793.0,,Available,website maps this code to Available
1,bb314391-280a-4336-aabc-aa06c13a97a7,2026-09-28T01:16:01.395+00:00,2026-09-28T01:16:01.611+00:00,21072-30059,dryers,50170067,42000000,2026-09-28 01:16:01,2026-09-28 01:08:27,10,454.0,146.0,3,Running,
1,bb314391-280a-4336-aabc-aa06c13a97a7,2026-09-28T01:16:01.395+00:00,2026-09-28T01:16:01.611+00:00,21072-30059,dryers,50170074,72000000,2026-09-28 01:16:01,2026-09-28 00:49:53,46,1568.0,1192.0,,Available,website maps this code to Available
1,bb314391-280a-4336-aabc-aa06c13a97a7,2026-09-28T01:16:01.395+00:00,2026-09-28T01:16:01.611+00:00,21072-30059,dryers,50170071,72000000,2026-09-28 01:16:01,2026-09-28 01:14:55,46,66.0,2694.0,,Available,website maps this code to Available
1,bb314391-280a-4336-aabc-aa06c13a97a7,2026-09-28T01:16:01.395+00:00,2026-09-28T01:16:01.611+00:00,21072-30059,dryers,50170054,72000000,2026-09-28 01:16:01,2026-09-27 22:42:01,46,9240.0,-6480.0,,Available,website maps this code to Available
1,7fdcae84-9942-4160-9613-7b2626065ad0,2026-09-28T01:17:01.292+00:00,2026-09-28T01:17:01.487+00:00,21072-30059,washers,50170051,72000000,2026-09-28 01:17:01,2026-09-28 01:14:06,29,175.0,1565.0,,Available,website maps this code to Available
1,7fdcae84-9942-4160-9613-7b2626065ad0,2026-09-28T01:17:01.292+00:00,2026-09-28T01:17:01.487+00:00,21072-30059,washers,50170080,72000000,2026-09-28 01:17:01,2026-09-28 00:26:38,29,3023.0,-1283.0,,Available,website maps this code to Available
1,7fdcae84-9942-4160-9613-7b2626065ad0,2026-09-28T01:17:01.292+00:00,2026-09-28T01:17:01.487+00:00,21072-30059,washers,50170075,72000000,2026-09-28 01:17:01,2026-09-28 00:25:28,29,3093.0,-1353.0,,Available,website maps this code to Available
1,7fdcae84-9942-4160-9613-7b2626065ad0,2026-09-28T01:17:01.292+00:00,2026-09-28T01:17:01.487+00:00,21072-30059,washers,50170082,72000000,2026-09-28 01:17:01,2026-09-28 00:14:48,29,3733.0,-1993.0,,Available,website maps this code to Available
1,7fdcae84-9942-4160-9613-7b2626065ad0,2026-09-28T01:17:01.292+00:00,2026-09-28T01:17:01.487+00:00,21072-30059,washers,50170050,72000000,2026-09-28 01:17:01,2026-09-28 01:16:32,29,29.0,1711.0,,Available,website maps this code to Available
1,7fdcae84-9942-4160-9613-7b2626065ad0,2026-09-28T01:17:01.292+00:00,2026-09-28T01:17:01.487+00:00,21072-30059,washers,50170052,72000000,2026-09-28 01:17:01,2026-09-28 00:32:00,29,2701.0,-961.0,,Available,website maps this code to Available
1,7fdcae84-9942-4160-9613-7b2626065ad0,2026-09-28T01:17:01.292+00:00,2026-09-28T01:17:01.487+00:00,21072-30059,washers,50170078,72000000,2026-09-28 01:17:01,2026-09-28 00:31:25,29,2736.0,-996.0,,Available,website maps this code to Available
1,7fdcae84-9942-4160-9613-7b2626065ad0,2026-09-28T01:17:01.292+00:00,2026-09-28T01:17:01.487+00:00,21072-30059,washers,50170084,72000000,2026-09-28 01:17:01,2026-09-28 00:29:34,29,2847.0,-1107.0,,Available,website maps this code to Available
1,7fdcae84-9942-4160-9613-7b2626065ad0,2026-09-28T01:17:01.292+00:00,2026-09-28T01:17:01.487+00:00,21072-30059,washers,50170068,72000000,2026-09-28 01:17:01,2026-09-28 01:16:45,29,16.0,1724.0,,Available,website maps this code to Available
1,7fdcae84-9942-4160-9613-7b2626065ad0,2026-09-28T01:17:01.292+00:00,2026-09-28T01:17:01.487+00:00,21072-30059,washers,50170072,72000000,2026-09-28 01:17:01,2026-09-27 23:01:12,29,8149.0,-6409.0,,Available,website maps this code to Available
1,7fdcae84-9942-4160-9613-7b2626065ad0,2026-09-28T01:17:01.292+00:00,2026-09-28T01:17:01.487+00:00,21072-30059,washers,20483408,72000000,2026-09-28 01:17:01,2024-12-20 00:43:32,0,55902809.0,-55902809.0,,Available,website maps this code to Available
1,7fdcae84-9942-4160-9613-7b2626065ad0,2026-09-28T01:17:01.292+00:00,2026-09-28T01:17:01.487+00:00,21072-30059,washers,50170055,72000000,2026-09-28 01:17:01,2026-09-28 01:16:18,29,43.0,1697.0,,Available,website maps this code to Available
1,7fdcae84-9942-4160-9613-7b2626065ad0,2026-09-28T01:17:01.292+00:00,2026-09-28T01:17:01.487+00:00,21072-30059,dryers,50170058,D2000000,2026-09-28 01:17:01,2026-09-26 17:53:29,45,113012.0,-110312.0,,Start Mode After PF,
1,7fdcae84-9942-4160-9613-7b2626065ad0,2026-09-28T01:17:01.292+00:00,2026-09-28T01:17:01.487+00:00,21072-30059,dryers,50170061,72000000,2026-09-28 01:17:01,2026-09-28 01:14:22,46,159.0,2601.0,,Available,website maps this code to Available
1,7fdcae84-9942-4160-9613-7b2626065ad0,2026-09-28T01:17:01.292+00:00,2026-09-28T01:17:01.487+00:00,21072-30059,dryers,50170081,52000000,2026-09-28 01:17:01,2026-09-28 01:10:57,23,364.0,1016.0,,Finished,
1,7fdcae84-9942-4160-9613-7b2626065ad0,2026-09-28T01:17:01.292+00:00,2026-09-28T01:17:01.487+00:00,21072-30059,dryers,50170060,52000000,2026-09-28 01:17:01,2026-09-28 01:05:33,23,688.0,692.0,,Finished,
1,7fdcae84-9942-4160-9613-7b2626065ad0,2026-09-28T01:17:01.292+00:00,2026-09-28T01:17:01.487+00:00,21072-30059,dryers,50170087,72000000,2026-09-28 01:17:01,2026-09-28 01:15:57,46,64.0,2696.0,,Available,website maps this code to Available
1,7fdcae84-9942-4160-9613-7b2626065ad0,2026-09-28T01:17:01.292+00:00,2026-09-28T01:17:01.487+00:00,21072-30059,dryers,50170064,72000000,2026-09-28 01:17:01,2026-09-27 23:01:59,46,8102.0,-5342.0,,Available,website maps this code to Available
1,7fdcae84-9942-4160-9613-7b2626065ad0,2026-09-28T01:17:01.292+00:00,2026-09-28T01:17:01.487+00:00,21072-30059,dryers,50170065,72000000,2026-09-28 01:17:01,2026-09-28 01:15:43,46,78.0,2682.0,,Available,website maps this code to Available
1,7fdcae84-9942-4160-9613-7b2626065ad0,2026-09-28T01:17:01.292+00:00,2026-09-28T01:17:01.487+00:00,21072-30059,dryers,50170059,52000000,2026-09-28 01:17:01,2026-09-28 01:16:55,23,6.0,1374.0,,Finished,
1,7fdcae84-9942-4160-9613-7b2626065ad0,2026-09-28T01:17:01.292+00:00,2026-09-28T01:17:01.487+00:00,21072-30059,dryers,50170057,52000000,2026-09-28 01:17:01,2026-09-28 01:15:36,23,85.0,1295.0,,Finished,
1,7fdcae84-9942-4160-9613-7b2626065ad0,2026-09-28T01:17:01.292+00:00,2026-09-28T01:17:01.487+00:00,21072-30059,dryers,50170062,72000000,2026-09-28 01:17:01,2026-09-27 07:03:28,46,65613.0,-62853.0,,Available,website maps this code to Available
1,7fdcae84-9942-4160-9613-7b2626065ad0,2026-09-28T01:17:01.292+00:00,2026-09-28T01:17:01.487+00:00,21072-30059,dryers,50170067,42000000,2026-09-28 01:17:01,2026-09-28 01:08:27,10,514.0,86.0,2,Running,
1,7fdcae84-9942-4160-9613-7b2626065ad0,2026-09-28T01:17:01.292+00:00,2026-09-28T01:17:01.487+00:00,21072-30059,dryers,50170074,72000000,2026-09-28 01:17:01,2026-09-28 00:49:53,46,1628.0,1132.0,,Available,website maps this code to Available
1,7fdcae84-9942-4160-9613-7b2626065ad0,2026-09-28T01:17:01.292+00:00,2026-09-28T01:17:01.487+00:00,21072-30059,dryers,50170071,72000000,2026-09-28 01:17:01,2026-09-28 01:14:55,46,126.0,2634.0,,Available,website maps this code to Available
1,7fdcae84-9942-4160-9613-7b2626065ad0,2026-09-28T01:17:01.292+00:00,2026-09-28T01:17:01.487+00:00,21072-30059,dryers,50170054,42000000,2026-09-28 01:17:01,2026-09-28 01:16:04,45,57.0,2643.0,45,Running,
1,e3996a8a-53be-475e-89e5-a4d43fd938c7,2026-09-28T01:18:01.301+00:00,2026-09-28T01:18:01.499+00:00,21072-30059,washers,50170051,72000000,2026-09-28 01:18:01,2026-09-28 01:14:06,29,235.0,1505.0,,Available,website maps this code to Available
1,e3996a8a-53be-475e-89e5-a4d43fd938c7,2026-09-28T01:18:01.301+00:00,2026-09-28T01:18:01.499+00:00,21072-30059,washers,50170080,72000000,2026-09-28 01:18:01,2026-09-28 00:26:38,29,3083.0,-1343.0,,Available,website maps this code to Available
1,e3996a8a-53be-475e-89e5-a4d43fd938c7,2026-09-28T01:18:01.301+00:00,2026-09-28T01:18:01.499+00:00,21072-30059,washers,50170075,72000000,2026-09-28 01:18:01,2026-09-28 00:25:28,29,3153.0,-1413.0,,Available,website maps this code to Available
1,e3996a8a-53be-475e-89e5-a4d43fd938c7,2026-09-28T01:18:01.301+00:00,2026-09-28T01:18:01.499+00:00,21072-30059,washers,50170082,72000000,2026-09-28 01:18:01,2026-09-28 00:14:48,29,3793.0,-2053.0,,Available,website maps this code to Available
1,e3996a8a-53be-475e-89e5-a4d43fd938c7,2026-09-28T01:18:01.301+00:00,2026-09-28T01:18:01.499+00:00,21072-30059,washers,50170050,72000000,2026-09-28 01:18:01,2026-09-28 01:16:32,29,89.0,1651.0,,Available,website maps this code to Available
1,e3996a8a-53be-475e-89e5-a4d43fd938c7,2026-09-28T01:18:01.301+00:00,2026-09-28T01:18:01.499+00:00,21072-30059,washers,50170052,72000000,2026-09-28 01:18:01,2026-09-28 00:32:00,29,2761.0,-1021.0,,Available,website maps this code to Available
1,e3996a8a-53be-475e-89e5-a4d43fd938c7,2026-09-28T01:18:01.301+00:00,2026-09-28T01:18:01.499+00:00,21072-30059,washers,50170078,72000000,2026-09-28 01:18:01,2026-09-28 00:31:25,29,2796.0,-1056.0,,Available,website maps this code to Available
1,e3996a8a-53be-475e-89e5-a4d43fd938c7,2026-09-28T01:18:01.301+00:00,2026-09-28T01:18:01.499+00:00,21072-30059,washers,50170084,72000000,2026-09-28 01:18:01,2026-09-28 00:29:34,29,2907.0,-1167.0,,Available,website maps this code to Available
1,e3996a8a-53be-475e-89e5-a4d43fd938c7,2026-09-28T01:18:01.301+00:00,2026-09-28T01:18:01.499+00:00,21072-30059,washers,50170068,72000000,2026-09-28 01:18:01,2026-09-28 01:16:45,29,76.0,1664.0,,Available,website maps this code to Available
1,e3996a8a-53be-475e-89e5-a4d43fd938c7,2026-09-28T01:18:01.301+00:00,2026-09-28T01:18:01.499+00:00,21072-30059,washers,50170072,72000000,2026-09-28 01:18:01,2026-09-27 23:01:12,29,8209.0,-6469.0,,Available,website maps this code to Available
1,e3996a8a-53be-475e-89e5-a4d43fd938c7,2026-09-28T01:18:01.301+00:00,2026-09-28T01:18:01.499+00:00,21072-30059,washers,20483408,72000000,2026-09-28 01:18:01,2024-12-20 00:43:32,0,55902869.0,-55902869.0,,Available,website maps this code to Available
1,e3996a8a-53be-475e-89e5-a4d43fd938c7,2026-09-28T01:18:01.301+00:00,2026-09-28T01:18:01.499+00:00,21072-30059,washers,50170055,72000000,2026-09-28 01:18:01,2026-09-28 01:16:18,29,103.0,1637.0,,Available,website maps this code to Available
1,e3996a8a-53be-475e-89e5-a4d43fd938c7,2026-09-28T01:18:01.301+00:00,2026-09-28T01:18:01.499+00:00,21072-30059,dryers,50170058,D2000000,2026-09-28 01:18:01,2026-09-26 17:53:29,45,113072.0,-110372.0,,Start Mode After PF,
1,e3996a8a-53be-475e-89e5-a4d43fd938c7,2026-09-28T01:18:01.301+00:00,2026-09-28T01:18:01.499+00:00,21072-30059,dryers,50170061,72000000,2026-09-28 01:18:01,2026-09-28 01:14:22,46,219.0,2541.0,,Available,website maps this code to Available
1,e3996a8a-53be-475e-89e5-a4d43fd938c7,2026-09-28T01:18:01.301+00:00,2026-09-28T01:18:01.499+00:00,21072-30059,dryers,50170081,72000000,2026-09-28 01:18:01,2026-09-28 01:17:03,46,58.0,2702.0,,Available,website maps this code to Available
1,e3996a8a-53be-475e-89e5-a4d43fd938c7,2026-09-28T01:18:01.301+00:00,2026-09-28T01:18:01.499+00:00,21072-30059,dryers,50170060,52000000,2026-09-28 01:18:01,2026-09-28 01:05:33,23,748.0,632.0,,Finished,
1,e3996a8a-53be-475e-89e5-a4d43fd938c7,2026-09-28T01:18:01.301+00:00,2026-09-28T01:18:01.499+00:00,21072-30059,dryers,50170087,72000000,2026-09-28 01:18:01,2026-09-28 01:15:57,46,124.0,2636.0,,Available,website maps this code to Available
1,e3996a8a-53be-475e-89e5-a4d43fd938c7,2026-09-28T01:18:01.301+00:00,2026-09-28T01:18:01.499+00:00,21072-30059,dryers,50170064,42000000,2026-09-28 01:18:01,2026-09-28 01:17:48,45,13.0,2687.0,45,Running,
1,e3996a8a-53be-475e-89e5-a4d43fd938c7,2026-09-28T01:18:01.301+00:00,2026-09-28T01:18:01.499+00:00,21072-30059,dryers,50170065,72000000,2026-09-28 01:18:01,2026-09-28 01:15:43,46,138.0,2622.0,,Available,website maps this code to Available
1,e3996a8a-53be-475e-89e5-a4d43fd938c7,2026-09-28T01:18:01.301+00:00,2026-09-28T01:18:01.499+00:00,21072-30059,dryers,50170059,52000000,2026-09-28 01:18:01,2026-09-28 01:16:55,23,66.0,1314.0,,Finished,
1,e3996a8a-53be-475e-89e5-a4d43fd938c7,2026-09-28T01:18:01.301+00:00,2026-09-28T01:18:01.499+00:00,21072-30059,dryers,50170057,52000000,2026-09-28 01:18:01,2026-09-28 01:15:36,23,145.0,1235.0,,Finished,
1,e3996a8a-53be-475e-89e5-a4d43fd938c7,2026-09-28T01:18:01.301+00:00,2026-09-28T01:18:01.499+00:00,21072-30059,dryers,50170062,72000000,2026-09-28 01:18:01,2026-09-27 07:03:28,46,65673.0,-62913.0,,Available,website maps this code to Available
1,e3996a8a-53be-475e-89e5-a4d43fd938c7,2026-09-28T01:18:01.301+00:00,2026-09-28T01:18:01.499+00:00,21072-30059,dryers,50170067,42000000,2026-09-28 01:18:01,2026-09-28 01:08:27,10,574.0,26.0,1,Running,
1,e3996a8a-53be-475e-89e5-a4d43fd938c7,2026-09-28T01:18:01.301+00:00,2026-09-28T01:18:01.499+00:00,21072-30059,dryers,50170074,72000000,2026-09-28 01:18:01,2026-09-28 00:49:53,46,1688.0,1072.0,,Available,website maps this code to Available
1,e3996a8a-53be-475e-89e5-a4d43fd938c7,2026-09-28T01:18:01.301+00:00,2026-09-28T01:18:01.499+00:00,21072-30059,dryers,50170071,72000000,2026-09-28 01:18:01,2026-09-28 01:14:55,46,186.0,2574.0,,Available,website maps this code to Available
1,e3996a8a-53be-475e-89e5-a4d43fd938c7,2026-09-28T01:18:01.301+00:00,2026-09-28T01:18:01.499+00:00,21072-30059,dryers,50170054,42000000,2026-09-28 01:18:01,2026-09-28 01:16:04,45,117.0,2583.0,44,Running,
1,a8c08aa5-3764-4c9b-9eaa-e0297ade8056,2026-09-28T01:19:01.276+00:00,2026-09-28T01:19:01.504+00:00,21072-30059,washers,50170051,72000000,2026-09-28 01:19:01,2026-09-28 01:14:06,29,295.0,1445.0,,Available,website maps this code to Available
1,a8c08aa5-3764-4c9b-9eaa-e0297ade8056,2026-09-28T01:19:01.276+00:00,2026-09-28T01:19:01.504+00:00,21072-30059,washers,50170080,72000000,2026-09-28 01:19:01,2026-09-28 00:26:38,29,3143.0,-1403.0,,Available,website maps this code to Available
1,a8c08aa5-3764-4c9b-9eaa-e0297ade8056,2026-09-28T01:19:01.276+00:00,2026-09-28T01:19:01.504+00:00,21072-30059,washers,50170075,72000000,2026-09-28 01:19:01,2026-09-28 00:25:28,29,3213.0,-1473.0,,Available,website maps this code to Available
1,a8c08aa5-3764-4c9b-9eaa-e0297ade8056,2026-09-28T01:19:01.276+00:00,2026-09-28T01:19:01.504+00:00,21072-30059,washers,50170082,72000000,2026-09-28 01:19:01,2026-09-28 00:14:48,29,3853.0,-2113.0,,Available,website maps this code to Available
1,a8c08aa5-3764-4c9b-9eaa-e0297ade8056,2026-09-28T01:19:01.276+00:00,2026-09-28T01:19:01.504+00:00,21072-30059,washers,50170050,72000000,2026-09-28 01:19:01,2026-09-28 01:16:32,29,149.0,1591.0,,Available,website maps this code to Available
1,a8c08aa5-3764-4c9b-9eaa-e0297ade8056,2026-09-28T01:19:01.276+00:00,2026-09-28T01:19:01.504+00:00,21072-30059,washers,50170052,72000000,2026-09-28 01:19:01,2026-09-28 00:32:00,29,2821.0,-1081.0,,Available,website maps this code to Available
1,a8c08aa5-3764-4c9b-9eaa-e0297ade8056,2026-09-28T01:19:01.276+00:00,2026-09-28T01:19:01.504+00:00,21072-30059,washers,50170078,72000000,2026-09-28 01:19:01,2026-09-28 00:31:25,29,2856.0,-1116.0,,Available,website maps this code to Available
1,a8c08aa5-3764-4c9b-9eaa-e0297ade8056,2026-09-28T01:19:01.276+00:00,2026-09-28T01:19:01.504+00:00,21072-30059,washers,50170084,72000000,2026-09-28 01:19:01,2026-09-28 00:29:34,29,2967.0,-1227.0,,Available,website maps this code to Available
1,a8c08aa5-3764-4c9b-9eaa-e0297ade8056,2026-09-28T01:19:01.276+00:00,2026-09-28T01:19:01.504+00:00,21072-30059,washers,50170068,72000000,2026-09-28 01:19:01,2026-09-28 01:16:45,29,136.0,1604.0,,Available,website maps this code to Available
1,a8c08aa5-3764-4c9b-9eaa-e0297ade8056,2026-09-28T01:19:01.276+00:00,2026-09-28T01:19:01.504+00:00,21072-30059,washers,50170072,72000000,2026-09-28 01:19:01,2026-09-27 23:01:12,29,8269.0,-6529.0,,Available,website maps this code to Available
1,a8c08aa5-3764-4c9b-9eaa-e0297ade8056,2026-09-28T01:19:01.276+00:00,2026-09-28T01:19:01.504+00:00,21072-30059,washers,20483408,72000000,2026-09-28 01:19:01,2024-12-20 00:43:32,0,55902929.0,-55902929.0,,Available,website maps this code to Available
1,a8c08aa5-3764-4c9b-9eaa-e0297ade8056,2026-09-28T01:19:01.276+00:00,2026-09-28T01:19:01.504+00:00,21072-30059,washers,50170055,72000000,2026-09-28 01:19:01,2026-09-28 01:16:18,29,163.0,1577.0,,Available,website maps this code to Available
1,a8c08aa5-3764-4c9b-9eaa-e0297ade8056,2026-09-28T01:19:01.276+00:00,2026-09-28T01:19:01.504+00:00,21072-30059,dryers,50170058,D2000000,2026-09-28 01:19:01,2026-09-26 17:53:29,45,113132.0,-110432.0,,Start Mode After PF,
1,a8c08aa5-3764-4c9b-9eaa-e0297ade8056,2026-09-28T01:19:01.276+00:00,2026-09-28T01:19:01.504+00:00,21072-30059,dryers,50170061,72000000,2026-09-28 01:19:01,2026-09-28 01:14:22,46,279.0,2481.0,,Available,website maps this code to Available
1,a8c08aa5-3764-4c9b-9eaa-e0297ade8056,2026-09-28T01:19:01.276+00:00,2026-09-28T01:19:01.504+00:00,21072-30059,dryers,50170081,72000000,2026-09-28 01:19:01,2026-09-28 01:17:03,46,118.0,2642.0,,Available,website maps this code to Available
1,a8c08aa5-3764-4c9b-9eaa-e0297ade8056,2026-09-28T01:19:01.276+00:00,2026-09-28T01:19:01.504+00:00,21072-30059,dryers,50170060,52000000,2026-09-28 01:19:01,2026-09-28 01:05:33,23,808.0,572.0,,Finished,
1,a8c08aa5-3764-4c9b-9eaa-e0297ade8056,2026-09-28T01:19:01.276+00:00,2026-09-28T01:19:01.504+00:00,21072-30059,dryers,50170087,72000000,2026-09-28 01:19:01,2026-09-28 01:15:57,46,184.0,2576.0,,Available,website maps this code to Available
1,a8c08aa5-3764-4c9b-9eaa-e0297ade8056,2026-09-28T01:19:01.276+00:00,2026-09-28T01:19:01.504+00:00,21072-30059,dryers,50170064,42000000,2026-09-28 01:19:01,2026-09-28 01:17:48,45,73.0,2627.0,44,Running,
1,a8c08aa5-3764-4c9b-9eaa-e0297ade8056,2026-09-28T01:19:01.276+00:00,2026-09-28T01:19:01.504+00:00,21072-30059,dryers,50170065,72000000,2026-09-28 01:19:01,2026-09-28 01:15:43,46,198.0,2562.0,,Available,website maps this code to Available
1,a8c08aa5-3764-4c9b-9eaa-e0297ade8056,2026-09-28T01:19:01.276+00:00,2026-09-28T01:19:01.504+00:00,21072-30059,dryers,50170059,52000000,2026-09-28 01:19:01,2026-09-28 01:16:55,23,126.0,1254.0,,Finished,
1,a8c08aa5-3764-4c9b-9eaa-e0297ade8056,2026-09-28T01:19:01.276+00:00,2026-09-28T01:19:01.504+00:00,21072-30059,dryers,50170057,52000000,2026-09-28 01:19:01,2026-09-28 01:15:36,23,205.0,1175.0,,Finished,
1,a8c08aa5-3764-4c9b-9eaa-e0297ade8056,2026-09-28T01:19:01.276+00:00,2026-09-28T01:19:01.504+00:00,21072-30059,dryers,50170062,72000000,2026-09-28 01:19:01,2026-09-27 07:03:28,46,65733.0,-62973.0,,Available,website maps this code to Available
1,a8c08aa5-3764-4c9b-9eaa-e0297ade8056,2026-09-28T01:19:01.276+00:00,2026-09-28T01:19:01.504+00:00,21072-30059,dryers,50170067,52000000,2026-09-28 01:19:01,2026-09-28 01:18:40,1,21.0,39.0,,Finished,
1,a8c08aa5-3764-4c9b-9eaa-e0297ade8056,2026-09-28T01:19:01.276+00:00,2026-09-28T01:19:01.504+00:00,21072-30059,dryers,50170074,72000000,2026-09-28 01:19:01,2026-09-28 00:49:53,46,1748.0,1012.0,,Available,website maps this code to Available
1,a8c08aa5-3764-4c9b-9eaa-e0297ade8056,2026-09-28T01:19:01.276+00:00,2026-09-28T01:19:01.504+00:00,21072-30059,dryers,50170071,72000000,2026-09-28 01:19:01,2026-09-28 01:14:55,46,246.0,2514.0,,Available,website maps this code to Available
1,a8c08aa5-3764-4c9b-9eaa-e0297ade8056,2026-09-28T01:19:01.276+00:00,2026-09-28T01:19:01.504+00:00,21072-30059,dryers,50170054,42000000,2026-09-28 01:19:01,2026-09-28 01:16:04,45,177.0,2523.0,43,Running,
1,b10f1a59-293c-494f-9aeb-4cbbecd793b6,2026-09-28T01:20:01.407+00:00,2026-09-28T01:20:01.638+00:00,21072-30059,washers,50170051,72000000,2026-09-28 01:20:01,2026-09-28 01:14:06,29,355.0,1385.0,,Available,website maps this code to Available
1,b10f1a59-293c-494f-9aeb-4cbbecd793b6,2026-09-28T01:20:01.407+00:00,2026-09-28T01:20:01.638+00:00,21072-30059,washers,50170080,72000000,2026-09-28 01:20:01,2026-09-28 00:26:38,29,3203.0,-1463.0,,Available,website maps this code to Available
1,b10f1a59-293c-494f-9aeb-4cbbecd793b6,2026-09-28T01:20:01.407+00:00,2026-09-28T01:20:01.638+00:00,21072-30059,washers,50170075,72000000,2026-09-28 01:20:01,2026-09-28 00:25:28,29,3273.0,-1533.0,,Available,website maps this code to Available
1,b10f1a59-293c-494f-9aeb-4cbbecd793b6,2026-09-28T01:20:01.407+00:00,2026-09-28T01:20:01.638+00:00,21072-30059,washers,50170082,72000000,2026-09-28 01:20:01,2026-09-28 00:14:48,29,3913.0,-2173.0,,Available,website maps this code to Available
1,b10f1a59-293c-494f-9aeb-4cbbecd793b6,2026-09-28T01:20:01.407+00:00,2026-09-28T01:20:01.638+00:00,21072-30059,washers,50170050,72000000,2026-09-28 01:20:01,2026-09-28 01:16:32,29,209.0,1531.0,,Available,website maps this code to Available
1,b10f1a59-293c-494f-9aeb-4cbbecd793b6,2026-09-28T01:20:01.407+00:00,2026-09-28T01:20:01.638+00:00,21072-30059,washers,50170052,72000000,2026-09-28 01:20:01,2026-09-28 00:32:00,29,2881.0,-1141.0,,Available,website maps this code to Available
1,b10f1a59-293c-494f-9aeb-4cbbecd793b6,2026-09-28T01:20:01.407+00:00,2026-09-28T01:20:01.638+00:00,21072-30059,washers,50170078,72000000,2026-09-28 01:20:01,2026-09-28 00:31:25,29,2916.0,-1176.0,,Available,website maps this code to Available
1,b10f1a59-293c-494f-9aeb-4cbbecd793b6,2026-09-28T01:20:01.407+00:00,2026-09-28T01:20:01.638+00:00,21072-30059,washers,50170084,72000000,2026-09-28 01:20:01,2026-09-28 00:29:34,29,3027.0,-1287.0,,Available,website maps this code to Available
1,b10f1a59-293c-494f-9aeb-4cbbecd793b6,2026-09-28T01:20:01.407+00:00,2026-09-28T01:20:01.638+00:00,21072-30059,washers,50170068,72000000,2026-09-28 01:20:01,2026-09-28 01:16:45,29,196.0,1544.0,,Available,website maps this code to Available
1,b10f1a59-293c-494f-9aeb-4cbbecd793b6,2026-09-28T01:20:01.407+00:00,2026-09-28T01:20:01.638+00:00,21072-30059,washers,50170072,72000000,2026-09-28 01:20:01,2026-09-27 23:01:12,29,8329.0,-6589.0,,Available,website maps this code to Available
1,b10f1a59-293c-494f-9aeb-4cbbecd793b6,2026-09-28T01:20:01.407+00:00,2026-09-28T01:20:01.638+00:00,21072-30059,washers,20483408,72000000,2026-09-28 01:20:01,2024-12-20 00:43:32,0,55902989.0,-55902989.0,,Available,website maps this code to Available
1,b10f1a59-293c-494f-9aeb-4cbbecd793b6,2026-09-28T01:20:01.407+00:00,2026-09-28T01:20:01.638+00:00,21072-30059,washers,50170055,72000000,2026-09-28 01:20:01,2026-09-28 01:16:18,29,223.0,1517.0,,Available,website maps this code to Available
1,b10f1a59-293c-494f-9aeb-4cbbecd793b6,2026-09-28T01:20:01.407+00:00,2026-09-28T01:20:01.638+00:00,21072-30059,dryers,50170058,D2000000,2026-09-28 01:20:01,2026-09-26 17:53:29,45,113192.0,-110492.0,,Start Mode After PF,
1,b10f1a59-293c-494f-9aeb-4cbbecd793b6,2026-09-28T01:20:01.407+00:00,2026-09-28T01:20:01.638+00:00,21072-30059,dryers,50170061,72000000,2026-09-28 01:20:01,2026-09-28 01:14:22,46,339.0,2421.0,,Available,website maps this code to Available
1,b10f1a59-293c-494f-9aeb-4cbbecd793b6,2026-09-28T01:20:01.407+00:00,2026-09-28T01:20:01.638+00:00,21072-30059,dryers,50170081,72000000,2026-09-28 01:20:01,2026-09-28 01:17:03,46,178.0,2582.0,,Available,website maps this code to Available
1,b10f1a59-293c-494f-9aeb-4cbbecd793b6,2026-09-28T01:20:01.407+00:00,2026-09-28T01:20:01.638+00:00,21072-30059,dryers,50170060,72000000,2026-09-28 01:20:01,2026-09-28 01:19:46,32,15.0,1905.0,,Available,website maps this code to Available
1,b10f1a59-293c-494f-9aeb-4cbbecd793b6,2026-09-28T01:20:01.407+00:00,2026-09-28T01:20:01.638+00:00,21072-30059,dryers,50170087,72000000,2026-09-28 01:20:01,2026-09-28 01:15:57,46,244.0,2516.0,,Available,website maps this code to Available
1,b10f1a59-293c-494f-9aeb-4cbbecd793b6,2026-09-28T01:20:01.407+00:00,2026-09-28T01:20:01.638+00:00,21072-30059,dryers,50170064,42000000,2026-09-28 01:20:01,2026-09-28 01:17:48,45,133.0,2567.0,43,Running,
1,b10f1a59-293c-494f-9aeb-4cbbecd793b6,2026-09-28T01:20:01.407+00:00,2026-09-28T01:20:01.638+00:00,21072-30059,dryers,50170065,72000000,2026-09-28 01:20:01,2026-09-28 01:15:43,46,258.0,2502.0,,Available,website maps this code to Available
1,b10f1a59-293c-494f-9aeb-4cbbecd793b6,2026-09-28T01:20:01.407+00:00,2026-09-28T01:20:01.638+00:00,21072-30059,dryers,50170059,52000000,2026-09-28 01:20:01,2026-09-28 01:16:55,23,186.0,1194.0,,Finished,
1,b10f1a59-293c-494f-9aeb-4cbbecd793b6,2026-09-28T01:20:01.407+00:00,2026-09-28T01:20:01.638+00:00,21072-30059,dryers,50170057,52000000,2026-09-28 01:20:01,2026-09-28 01:15:36,23,265.0,1115.0,,Finished,
1,b10f1a59-293c-494f-9aeb-4cbbecd793b6,2026-09-28T01:20:01.407+00:00,2026-09-28T01:20:01.638+00:00,21072-30059,dryers,50170062,72000000,2026-09-28 01:20:01,2026-09-27 07:03:28,46,65793.0,-63033.0,,Available,website maps this code to Available
1,b10f1a59-293c-494f-9aeb-4cbbecd793b6,2026-09-28T01:20:01.407+00:00,2026-09-28T01:20:01.638+00:00,21072-30059,dryers,50170067,52000000,2026-09-28 01:20:01,2026-09-28 01:18:40,1,81.0,-21.0,,Finished,
1,b10f1a59-293c-494f-9aeb-4cbbecd793b6,2026-09-28T01:20:01.407+00:00,2026-09-28T01:20:01.638+00:00,21072-30059,dryers,50170074,42000000,2026-09-28 01:20:01,2026-09-28 01:19:18,45,43.0,2657.0,45,Running,
1,b10f1a59-293c-494f-9aeb-4cbbecd793b6,2026-09-28T01:20:01.407+00:00,2026-09-28T01:20:01.638+00:00,21072-30059,dryers,50170071,72000000,2026-09-28 01:20:01,2026-09-28 01:14:55,46,306.0,2454.0,,Available,website maps this code to Available
1,b10f1a59-293c-494f-9aeb-4cbbecd793b6,2026-09-28T01:20:01.407+00:00,2026-09-28T01:20:01.638+00:00,21072-30059,dryers,50170054,42000000,2026-09-28 01:20:01,2026-09-28 01:19:10,41,51.0,2409.0,41,Running,
1,082fcbe7-2a76-4b3e-b854-593f5358fe36,2026-09-28T01:21:01.268+00:00,2026-09-28T01:21:01.585+00:00,21072-30059,washers,50170051,72000000,2026-09-28 01:21:01,2026-09-28 01:14:06,29,415.0,1325.0,,Available,website maps this code to Available
1,082fcbe7-2a76-4b3e-b854-593f5358fe36,2026-09-28T01:21:01.268+00:00,2026-09-28T01:21:01.585+00:00,21072-30059,washers,50170080,72000000,2026-09-28 01:21:01,2026-09-28 00:26:38,29,3263.0,-1523.0,,Available,website maps this code to Available
1,082fcbe7-2a76-4b3e-b854-593f5358fe36,2026-09-28T01:21:01.268+00:00,2026-09-28T01:21:01.585+00:00,21072-30059,washers,50170075,72000000,2026-09-28 01:21:01,2026-09-28 00:25:28,29,3333.0,-1593.0,,Available,website maps this code to Available
1,082fcbe7-2a76-4b3e-b854-593f5358fe36,2026-09-28T01:21:01.268+00:00,2026-09-28T01:21:01.585+00:00,21072-30059,washers,50170082,72000000,2026-09-28 01:21:01,2026-09-28 00:14:48,29,3973.0,-2233.0,,Available,website maps this code to Available
1,082fcbe7-2a76-4b3e-b854-593f5358fe36,2026-09-28T01:21:01.268+00:00,2026-09-28T01:21:01.585+00:00,21072-30059,washers,50170050,72000000,2026-09-28 01:21:01,2026-09-28 01:16:32,29,269.0,1471.0,,Available,website maps this code to Available
1,082fcbe7-2a76-4b3e-b854-593f5358fe36,2026-09-28T01:21:01.268+00:00,2026-09-28T01:21:01.585+00:00,21072-30059,washers,50170052,72000000,2026-09-28 01:21:01,2026-09-28 00:32:00,29,2941.0,-1201.0,,Available,website maps this code to Available
1,082fcbe7-2a76-4b3e-b854-593f5358fe36,2026-09-28T01:21:01.268+00:00,2026-09-28T01:21:01.585+00:00,21072-30059,washers,50170078,72000000,2026-09-28 01:21:01,2026-09-28 00:31:25,29,2976.0,-1236.0,,Available,website maps this code to Available
1,082fcbe7-2a76-4b3e-b854-593f5358fe36,2026-09-28T01:21:01.268+00:00,2026-09-28T01:21:01.585+00:00,21072-30059,washers,50170084,72000000,2026-09-28 01:21:01,2026-09-28 00:29:34,29,3087.0,-1347.0,,Available,website maps this code to Available
1,082fcbe7-2a76-4b3e-b854-593f5358fe36,2026-09-28T01:21:01.268+00:00,2026-09-28T01:21:01.585+00:00,21072-30059,washers,50170068,72000000,2026-09-28 01:21:01,2026-09-28 01:16:45,29,256.0,1484.0,,Available,website maps this code to Available
1,082fcbe7-2a76-4b3e-b854-593f5358fe36,2026-09-28T01:21:01.268+00:00,2026-09-28T01:21:01.585+00:00,21072-30059,washers,50170072,72000000,2026-09-28 01:21:01,2026-09-27 23:01:12,29,8389.0,-6649.0,,Available,website maps this code to Available
1,082fcbe7-2a76-4b3e-b854-593f5358fe36,2026-09-28T01:21:01.268+00:00,2026-09-28T01:21:01.585+00:00,21072-30059,washers,20483408,72000000,2026-09-28 01:21:01,2024-12-20 00:43:32,0,55903049.0,-55903049.0,,Available,website maps this code to Available
1,082fcbe7-2a76-4b3e-b854-593f5358fe36,2026-09-28T01:21:01.268+00:00,2026-09-28T01:21:01.585+00:00,21072-30059,washers,50170055,72000000,2026-09-28 01:21:01,2026-09-28 01:16:18,29,283.0,1457.0,,Available,website maps this code to Available
1,082fcbe7-2a76-4b3e-b854-593f5358fe36,2026-09-28T01:21:01.268+00:00,2026-09-28T01:21:01.585+00:00,21072-30059,dryers,50170058,D2000000,2026-09-28 01:21:01,2026-09-26 17:53:29,45,113252.0,-110552.0,,Start Mode After PF,
1,082fcbe7-2a76-4b3e-b854-593f5358fe36,2026-09-28T01:21:01.268+00:00,2026-09-28T01:21:01.585+00:00,21072-30059,dryers,50170061,72000000,2026-09-28 01:21:01,2026-09-28 01:14:22,46,399.0,2361.0,,Available,website maps this code to Available
1,082fcbe7-2a76-4b3e-b854-593f5358fe36,2026-09-28T01:21:01.268+00:00,2026-09-28T01:21:01.585+00:00,21072-30059,dryers,50170081,72000000,2026-09-28 01:21:01,2026-09-28 01:17:03,46,238.0,2522.0,,Available,website maps this code to Available
1,082fcbe7-2a76-4b3e-b854-593f5358fe36,2026-09-28T01:21:01.268+00:00,2026-09-28T01:21:01.585+00:00,21072-30059,dryers,50170060,72000000,2026-09-28 01:21:01,2026-09-28 01:19:46,32,75.0,1845.0,,Available,website maps this code to Available
1,082fcbe7-2a76-4b3e-b854-593f5358fe36,2026-09-28T01:21:01.268+00:00,2026-09-28T01:21:01.585+00:00,21072-30059,dryers,50170087,72000000,2026-09-28 01:21:01,2026-09-28 01:15:57,46,304.0,2456.0,,Available,website maps this code to Available
1,082fcbe7-2a76-4b3e-b854-593f5358fe36,2026-09-28T01:21:01.268+00:00,2026-09-28T01:21:01.585+00:00,21072-30059,dryers,50170064,42000000,2026-09-28 01:21:01,2026-09-28 01:20:52,50,9.0,2991.0,50,Running,
1,082fcbe7-2a76-4b3e-b854-593f5358fe36,2026-09-28T01:21:01.268+00:00,2026-09-28T01:21:01.585+00:00,21072-30059,dryers,50170065,72000000,2026-09-28 01:21:01,2026-09-28 01:15:43,46,318.0,2442.0,,Available,website maps this code to Available
1,082fcbe7-2a76-4b3e-b854-593f5358fe36,2026-09-28T01:21:01.268+00:00,2026-09-28T01:21:01.585+00:00,21072-30059,dryers,50170059,52000000,2026-09-28 01:21:01,2026-09-28 01:16:55,23,246.0,1134.0,,Finished,
1,082fcbe7-2a76-4b3e-b854-593f5358fe36,2026-09-28T01:21:01.268+00:00,2026-09-28T01:21:01.585+00:00,21072-30059,dryers,50170057,52000000,2026-09-28 01:21:01,2026-09-28 01:15:36,23,325.0,1055.0,,Finished,
1,082fcbe7-2a76-4b3e-b854-593f5358fe36,2026-09-28T01:21:01.268+00:00,2026-09-28T01:21:01.585+00:00,21072-30059,dryers,50170062,72000000,2026-09-28 01:21:01,2026-09-27 07:03:28,46,65853.0,-63093.0,,Available,website maps this code to Available
1,082fcbe7-2a76-4b3e-b854-593f5358fe36,2026-09-28T01:21:01.268+00:00,2026-09-28T01:21:01.585+00:00,21072-30059,dryers,50170067,52000000,2026-09-28 01:21:01,2026-09-28 01:18:40,1,141.0,-81.0,,Finished,
1,082fcbe7-2a76-4b3e-b854-593f5358fe36,2026-09-28T01:21:01.268+00:00,2026-09-28T01:21:01.585+00:00,21072-30059,dryers,50170074,42000000,2026-09-28 01:21:01,2026-09-28 01:19:18,45,103.0,2597.0,44,Running,
1,082fcbe7-2a76-4b3e-b854-593f5358fe36,2026-09-28T01:21:01.268+00:00,2026-09-28T01:21:01.585+00:00,21072-30059,dryers,50170071,72000000,2026-09-28 01:21:01,2026-09-28 01:14:55,46,366.0,2394.0,,Available,website maps this code to Available
1,082fcbe7-2a76-4b3e-b854-593f5358fe36,2026-09-28T01:21:01.268+00:00,2026-09-28T01:21:01.585+00:00,21072-30059,dryers,50170054,42000000,2026-09-28 01:21:01,2026-09-28 01:20:12,48,49.0,2831.0,48,Running,
1,f42e79a4-163d-4996-be49-e757a73c6ffe,2026-09-28T01:22:01.280+00:00,2026-09-28T01:22:01.487+00:00,21072-30059,washers,50170051,72000000,2026-09-28 01:22:01,2026-09-28 01:14:06,29,475.0,1265.0,,Available,website maps this code to Available
1,f42e79a4-163d-4996-be49-e757a73c6ffe,2026-09-28T01:22:01.280+00:00,2026-09-28T01:22:01.487+00:00,21072-30059,washers,50170080,72000000,2026-09-28 01:22:01,2026-09-28 00:26:38,29,3323.0,-1583.0,,Available,website maps this code to Available
1,f42e79a4-163d-4996-be49-e757a73c6ffe,2026-09-28T01:22:01.280+00:00,2026-09-28T01:22:01.487+00:00,21072-30059,washers,50170075,72000000,2026-09-28 01:22:01,2026-09-28 00:25:28,29,3393.0,-1653.0,,Available,website maps this code to Available
1,f42e79a4-163d-4996-be49-e757a73c6ffe,2026-09-28T01:22:01.280+00:00,2026-09-28T01:22:01.487+00:00,21072-30059,washers,50170082,72000000,2026-09-28 01:22:01,2026-09-28 00:14:48,29,4033.0,-2293.0,,Available,website maps this code to Available
1,f42e79a4-163d-4996-be49-e757a73c6ffe,2026-09-28T01:22:01.280+00:00,2026-09-28T01:22:01.487+00:00,21072-30059,washers,50170050,72000000,2026-09-28 01:22:01,2026-09-28 01:16:32,29,329.0,1411.0,,Available,website maps this code to Available
1,f42e79a4-163d-4996-be49-e757a73c6ffe,2026-09-28T01:22:01.280+00:00,2026-09-28T01:22:01.487+00:00,21072-30059,washers,50170052,72000000,2026-09-28 01:22:01,2026-09-28 00:32:00,29,3001.0,-1261.0,,Available,website maps this code to Available
1,f42e79a4-163d-4996-be49-e757a73c6ffe,2026-09-28T01:22:01.280+00:00,2026-09-28T01:22:01.487+00:00,21072-30059,washers,50170078,72000000,2026-09-28 01:22:01,2026-09-28 00:31:25,29,3036.0,-1296.0,,Available,website maps this code to Available
1,f42e79a4-163d-4996-be49-e757a73c6ffe,2026-09-28T01:22:01.280+00:00,2026-09-28T01:22:01.487+00:00,21072-30059,washers,50170084,72000000,2026-09-28 01:22:01,2026-09-28 00:29:34,29,3147.0,-1407.0,,Available,website maps this code to Available
1,f42e79a4-163d-4996-be49-e757a73c6ffe,2026-09-28T01:22:01.280+00:00,2026-09-28T01:22:01.487+00:00,21072-30059,washers,50170068,72000000,2026-09-28 01:22:01,2026-09-28 01:16:45,29,316.0,1424.0,,Available,website maps this code to Available
1,f42e79a4-163d-4996-be49-e757a73c6ffe,2026-09-28T01:22:01.280+00:00,2026-09-28T01:22:01.487+00:00,21072-30059,washers,50170072,72000000,2026-09-28 01:22:01,2026-09-27 23:01:12,29,8449.0,-6709.0,,Available,website maps this code to Available
1,f42e79a4-163d-4996-be49-e757a73c6ffe,2026-09-28T01:22:01.280+00:00,2026-09-28T01:22:01.487+00:00,21072-30059,washers,20483408,72000000,2026-09-28 01:22:01,2024-12-20 00:43:32,0,55903109.0,-55903109.0,,Available,website maps this code to Available
1,f42e79a4-163d-4996-be49-e757a73c6ffe,2026-09-28T01:22:01.280+00:00,2026-09-28T01:22:01.487+00:00,21072-30059,washers,50170055,72000000,2026-09-28 01:22:01,2026-09-28 01:16:18,29,343.0,1397.0,,Available,website maps this code to Available
1,f42e79a4-163d-4996-be49-e757a73c6ffe,2026-09-28T01:22:01.280+00:00,2026-09-28T01:22:01.487+00:00,21072-30059,dryers,50170058,D2000000,2026-09-28 01:22:01,2026-09-26 17:53:29,45,113312.0,-110612.0,,Start Mode After PF,
1,f42e79a4-163d-4996-be49-e757a73c6ffe,2026-09-28T01:22:01.280+00:00,2026-09-28T01:22:01.487+00:00,21072-30059,dryers,50170061,72000000,2026-09-28 01:22:01,2026-09-28 01:14:22,46,459.0,2301.0,,Available,website maps this code to Available
1,f42e79a4-163d-4996-be49-e757a73c6ffe,2026-09-28T01:22:01.280+00:00,2026-09-28T01:22:01.487+00:00,21072-30059,dryers,50170081,72000000,2026-09-28 01:22:01,2026-09-28 01:17:03,46,298.0,2462.0,,Available,website maps this code to Available
1,f42e79a4-163d-4996-be49-e757a73c6ffe,2026-09-28T01:22:01.280+00:00,2026-09-28T01:22:01.487+00:00,21072-30059,dryers,50170060,72000000,2026-09-28 01:22:01,2026-09-28 01:19:46,32,135.0,1785.0,,Available,website maps this code to Available
1,f42e79a4-163d-4996-be49-e757a73c6ffe,2026-09-28T01:22:01.280+00:00,2026-09-28T01:22:01.487+00:00,21072-30059,dryers,50170087,72000000,2026-09-28 01:22:01,2026-09-28 01:15:57,46,364.0,2396.0,,Available,website maps this code to Available
1,f42e79a4-163d-4996-be49-e757a73c6ffe,2026-09-28T01:22:01.280+00:00,2026-09-28T01:22:01.487+00:00,21072-30059,dryers,50170064,42000000,2026-09-28 01:22:01,2026-09-28 01:20:52,50,69.0,2931.0,49,Running,
1,f42e79a4-163d-4996-be49-e757a73c6ffe,2026-09-28T01:22:01.280+00:00,2026-09-28T01:22:01.487+00:00,21072-30059,dryers,50170065,72000000,2026-09-28 01:22:01,2026-09-28 01:15:43,46,378.0,2382.0,,Available,website maps this code to Available
1,f42e79a4-163d-4996-be49-e757a73c6ffe,2026-09-28T01:22:01.280+00:00,2026-09-28T01:22:01.487+00:00,21072-30059,dryers,50170059,52000000,2026-09-28 01:22:01,2026-09-28 01:16:55,23,306.0,1074.0,,Finished,
1,f42e79a4-163d-4996-be49-e757a73c6ffe,2026-09-28T01:22:01.280+00:00,2026-09-28T01:22:01.487+00:00,21072-30059,dryers,50170057,52000000,2026-09-28 01:22:01,2026-09-28 01:15:36,23,385.0,995.0,,Finished,
1,f42e79a4-163d-4996-be49-e757a73c6ffe,2026-09-28T01:22:01.280+00:00,2026-09-28T01:22:01.487+00:00,21072-30059,dryers,50170062,72000000,2026-09-28 01:22:01,2026-09-27 07:03:28,46,65913.0,-63153.0,,Available,website maps this code to Available
1,f42e79a4-163d-4996-be49-e757a73c6ffe,2026-09-28T01:22:01.280+00:00,2026-09-28T01:22:01.487+00:00,21072-30059,dryers,50170067,52000000,2026-09-28 01:22:01,2026-09-28 01:18:40,1,201.0,-141.0,,Finished,
1,f42e79a4-163d-4996-be49-e757a73c6ffe,2026-09-28T01:22:01.280+00:00,2026-09-28T01:22:01.487+00:00,21072-30059,dryers,50170074,42000000,2026-09-28 01:22:01,2026-09-28 01:21:22,59,39.0,3501.0,59,Running,
1,f42e79a4-163d-4996-be49-e757a73c6ffe,2026-09-28T01:22:01.280+00:00,2026-09-28T01:22:01.487+00:00,21072-30059,dryers,50170071,72000000,2026-09-28 01:22:01,2026-09-28 01:14:55,46,426.0,2334.0,,Available,website maps this code to Available
1,f42e79a4-163d-4996-be49-e757a73c6ffe,2026-09-28T01:22:01.280+00:00,2026-09-28T01:22:01.487+00:00,21072-30059,dryers,50170054,42000000,2026-09-28 01:22:01,2026-09-28 01:20:12,48,109.0,2771.0,47,Running,
1,59e28452-716a-4c41-90cb-0f2740dfd8ff,2026-09-28T01:23:01.270+00:00,2026-09-28T01:23:01.480+00:00,21072-30059,washers,50170051,72000000,2026-09-28 01:23:01,2026-09-28 01:14:06,29,535.0,1205.0,,Available,website maps this code to Available
1,59e28452-716a-4c41-90cb-0f2740dfd8ff,2026-09-28T01:23:01.270+00:00,2026-09-28T01:23:01.480+00:00,21072-30059,washers,50170080,72000000,2026-09-28 01:23:01,2026-09-28 00:26:38,29,3383.0,-1643.0,,Available,website maps this code to Available
1,59e28452-716a-4c41-90cb-0f2740dfd8ff,2026-09-28T01:23:01.270+00:00,2026-09-28T01:23:01.480+00:00,21072-30059,washers,50170075,72000000,2026-09-28 01:23:01,2026-09-28 00:25:28,29,3453.0,-1713.0,,Available,website maps this code to Available
1,59e28452-716a-4c41-90cb-0f2740dfd8ff,2026-09-28T01:23:01.270+00:00,2026-09-28T01:23:01.480+00:00,21072-30059,washers,50170082,72000000,2026-09-28 01:23:01,2026-09-28 00:14:48,29,4093.0,-2353.0,,Available,website maps this code to Available
1,59e28452-716a-4c41-90cb-0f2740dfd8ff,2026-09-28T01:23:01.270+00:00,2026-09-28T01:23:01.480+00:00,21072-30059,washers,50170050,72000000,2026-09-28 01:23:01,2026-09-28 01:16:32,29,389.0,1351.0,,Available,website maps this code to Available
1,59e28452-716a-4c41-90cb-0f2740dfd8ff,2026-09-28T01:23:01.270+00:00,2026-09-28T01:23:01.480+00:00,21072-30059,washers,50170052,72000000,2026-09-28 01:23:01,2026-09-28 00:32:00,29,3061.0,-1321.0,,Available,website maps this code to Available
1,59e28452-716a-4c41-90cb-0f2740dfd8ff,2026-09-28T01:23:01.270+00:00,2026-09-28T01:23:01.480+00:00,21072-30059,washers,50170078,72000000,2026-09-28 01:23:01,2026-09-28 00:31:25,29,3096.0,-1356.0,,Available,website maps this code to Available
1,59e28452-716a-4c41-90cb-0f2740dfd8ff,2026-09-28T01:23:01.270+00:00,2026-09-28T01:23:01.480+00:00,21072-30059,washers,50170084,72000000,2026-09-28 01:23:01,2026-09-28 00:29:34,29,3207.0,-1467.0,,Available,website maps this code to Available
1,59e28452-716a-4c41-90cb-0f2740dfd8ff,2026-09-28T01:23:01.270+00:00,2026-09-28T01:23:01.480+00:00,21072-30059,washers,50170068,72000000,2026-09-28 01:23:01,2026-09-28 01:16:45,29,376.0,1364.0,,Available,website maps this code to Available
1,59e28452-716a-4c41-90cb-0f2740dfd8ff,2026-09-28T01:23:01.270+00:00,2026-09-28T01:23:01.480+00:00,21072-30059,washers,50170072,72000000,2026-09-28 01:23:01,2026-09-27 23:01:12,29,8509.0,-6769.0,,Available,website maps this code to Available
1,59e28452-716a-4c41-90cb-0f2740dfd8ff,2026-09-28T01:23:01.270+00:00,2026-09-28T01:23:01.480+00:00,21072-30059,washers,20483408,72000000,2026-09-28 01:23:01,2024-12-20 00:43:32,0,55903169.0,-55903169.0,,Available,website maps this code to Available
1,59e28452-716a-4c41-90cb-0f2740dfd8ff,2026-09-28T01:23:01.270+00:00,2026-09-28T01:23:01.480+00:00,21072-30059,washers,50170055,72000000,2026-09-28 01:23:01,2026-09-28 01:16:18,29,403.0,1337.0,,Available,website maps this code to Available
1,59e28452-716a-4c41-90cb-0f2740dfd8ff,2026-09-28T01:23:01.270+00:00,2026-09-28T01:23:01.480+00:00,21072-30059,dryers,50170058,D2000000,2026-09-28 01:23:01,2026-09-26 17:53:29,45,113372.0,-110672.0,,Start Mode After PF,
1,59e28452-716a-4c41-90cb-0f2740dfd8ff,2026-09-28T01:23:01.270+00:00,2026-09-28T01:23:01.480+00:00,21072-30059,dryers,50170061,72000000,2026-09-28 01:23:01,2026-09-28 01:14:22,46,519.0,2241.0,,Available,website maps this code to Available
1,59e28452-716a-4c41-90cb-0f2740dfd8ff,2026-09-28T01:23:01.270+00:00,2026-09-28T01:23:01.480+00:00,21072-30059,dryers,50170081,72000000,2026-09-28 01:23:01,2026-09-28 01:17:03,46,358.0,2402.0,,Available,website maps this code to Available
1,59e28452-716a-4c41-90cb-0f2740dfd8ff,2026-09-28T01:23:01.270+00:00,2026-09-28T01:23:01.480+00:00,21072-30059,dryers,50170060,72000000,2026-09-28 01:23:01,2026-09-28 01:19:46,32,195.0,1725.0,,Available,website maps this code to Available
1,59e28452-716a-4c41-90cb-0f2740dfd8ff,2026-09-28T01:23:01.270+00:00,2026-09-28T01:23:01.480+00:00,21072-30059,dryers,50170087,72000000,2026-09-28 01:23:01,2026-09-28 01:15:57,46,424.0,2336.0,,Available,website maps this code to Available
1,59e28452-716a-4c41-90cb-0f2740dfd8ff,2026-09-28T01:23:01.270+00:00,2026-09-28T01:23:01.480+00:00,21072-30059,dryers,50170064,42000000,2026-09-28 01:23:01,2026-09-28 01:20:52,50,129.0,2871.0,48,Running,
1,59e28452-716a-4c41-90cb-0f2740dfd8ff,2026-09-28T01:23:01.270+00:00,2026-09-28T01:23:01.480+00:00,21072-30059,dryers,50170065,72000000,2026-09-28 01:23:01,2026-09-28 01:15:43,46,438.0,2322.0,,Available,website maps this code to Available
1,59e28452-716a-4c41-90cb-0f2740dfd8ff,2026-09-28T01:23:01.270+00:00,2026-09-28T01:23:01.480+00:00,21072-30059,dryers,50170059,52000000,2026-09-28 01:23:01,2026-09-28 01:16:55,23,366.0,1014.0,,Finished,
1,59e28452-716a-4c41-90cb-0f2740dfd8ff,2026-09-28T01:23:01.270+00:00,2026-09-28T01:23:01.480+00:00,21072-30059,dryers,50170057,52000000,2026-09-28 01:23:01,2026-09-28 01:15:36,23,445.0,935.0,,Finished,
1,59e28452-716a-4c41-90cb-0f2740dfd8ff,2026-09-28T01:23:01.270+00:00,2026-09-28T01:23:01.480+00:00,21072-30059,dryers,50170062,72000000,2026-09-28 01:23:01,2026-09-27 07:03:28,46,65973.0,-63213.0,,Available,website maps this code to Available
1,59e28452-716a-4c41-90cb-0f2740dfd8ff,2026-09-28T01:23:01.270+00:00,2026-09-28T01:23:01.480+00:00,21072-30059,dryers,50170067,52000000,2026-09-28 01:23:01,2026-09-28 01:18:40,1,261.0,-201.0,,Finished,
1,59e28452-716a-4c41-90cb-0f2740dfd8ff,2026-09-28T01:23:01.270+00:00,2026-09-28T01:23:01.480+00:00,21072-30059,dryers,50170074,42000000,2026-09-28 01:23:01,2026-09-28 01:22:25,66,36.0,3924.0,66,Running,
1,59e28452-716a-4c41-90cb-0f2740dfd8ff,2026-09-28T01:23:01.270+00:00,2026-09-28T01:23:01.480+00:00,21072-30059,dryers,50170071,72000000,2026-09-28 01:23:01,2026-09-28 01:14:55,46,486.0,2274.0,,Available,website maps this code to Available
1,59e28452-716a-4c41-90cb-0f2740dfd8ff,2026-09-28T01:23:01.270+00:00,2026-09-28T01:23:01.480+00:00,21072-30059,dryers,50170054,42000000,2026-09-28 01:23:01,2026-09-28 01:22:16,54,45.0,3195.0,54,Running,
1,00051f57-ebc5-4b0d-83c3-abcca616c95e,2026-09-28T01:24:01.272+00:00,2026-09-28T01:24:01.469+00:00,21072-30059,washers,50170051,72000000,2026-09-28 01:24:01,2026-09-28 01:14:06,29,595.0,1145.0,,Available,website maps this code to Available
1,00051f57-ebc5-4b0d-83c3-abcca616c95e,2026-09-28T01:24:01.272+00:00,2026-09-28T01:24:01.469+00:00,21072-30059,washers,50170080,72000000,2026-09-28 01:24:01,2026-09-28 00:26:38,29,3443.0,-1703.0,,Available,website maps this code to Available
1,00051f57-ebc5-4b0d-83c3-abcca616c95e,2026-09-28T01:24:01.272+00:00,2026-09-28T01:24:01.469+00:00,21072-30059,washers,50170075,72000000,2026-09-28 01:24:01,2026-09-28 00:25:28,29,3513.0,-1773.0,,Available,website maps this code to Available
1,00051f57-ebc5-4b0d-83c3-abcca616c95e,2026-09-28T01:24:01.272+00:00,2026-09-28T01:24:01.469+00:00,21072-30059,washers,50170082,72000000,2026-09-28 01:24:01,2026-09-28 00:14:48,29,4153.0,-2413.0,,Available,website maps this code to Available
1,00051f57-ebc5-4b0d-83c3-abcca616c95e,2026-09-28T01:24:01.272+00:00,2026-09-28T01:24:01.469+00:00,21072-30059,washers,50170050,72000000,2026-09-28 01:24:01,2026-09-28 01:16:32,29,449.0,1291.0,,Available,website maps this code to Available
1,00051f57-ebc5-4b0d-83c3-abcca616c95e,2026-09-28T01:24:01.272+00:00,2026-09-28T01:24:01.469+00:00,21072-30059,washers,50170052,72000000,2026-09-28 01:24:01,2026-09-28 00:32:00,29,3121.0,-1381.0,,Available,website maps this code to Available
1,00051f57-ebc5-4b0d-83c3-abcca616c95e,2026-09-28T01:24:01.272+00:00,2026-09-28T01:24:01.469+00:00,21072-30059,washers,50170078,72000000,2026-09-28 01:24:01,2026-09-28 00:31:25,29,3156.0,-1416.0,,Available,website maps this code to Available
1,00051f57-ebc5-4b0d-83c3-abcca616c95e,2026-09-28T01:24:01.272+00:00,2026-09-28T01:24:01.469+00:00,21072-30059,washers,50170084,72000000,2026-09-28 01:24:01,2026-09-28 00:29:34,29,3267.0,-1527.0,,Available,website maps this code to Available
1,00051f57-ebc5-4b0d-83c3-abcca616c95e,2026-09-28T01:24:01.272+00:00,2026-09-28T01:24:01.469+00:00,21072-30059,washers,50170068,72000000,2026-09-28 01:24:01,2026-09-28 01:16:45,29,436.0,1304.0,,Available,website maps this code to Available
1,00051f57-ebc5-4b0d-83c3-abcca616c95e,2026-09-28T01:24:01.272+00:00,2026-09-28T01:24:01.469+00:00,21072-30059,washers,50170072,72000000,2026-09-28 01:24:01,2026-09-27 23:01:12,29,8569.0,-6829.0,,Available,website maps this code to Available
1,00051f57-ebc5-4b0d-83c3-abcca616c95e,2026-09-28T01:24:01.272+00:00,2026-09-28T01:24:01.469+00:00,21072-30059,washers,20483408,72000000,2026-09-28 01:24:01,2024-12-20 00:43:32,0,55903229.0,-55903229.0,,Available,website maps this code to Available
1,00051f57-ebc5-4b0d-83c3-abcca616c95e,2026-09-28T01:24:01.272+00:00,2026-09-28T01:24:01.469+00:00,21072-30059,washers,50170055,72000000,2026-09-28 01:24:01,2026-09-28 01:16:18,29,463.0,1277.0,,Available,website maps this code to Available
1,00051f57-ebc5-4b0d-83c3-abcca616c95e,2026-09-28T01:24:01.272+00:00,2026-09-28T01:24:01.469+00:00,21072-30059,dryers,50170058,D2000000,2026-09-28 01:24:01,2026-09-26 17:53:29,45,113432.0,-110732.0,,Start Mode After PF,
1,00051f57-ebc5-4b0d-83c3-abcca616c95e,2026-09-28T01:24:01.272+00:00,2026-09-28T01:24:01.469+00:00,21072-30059,dryers,50170061,72000000,2026-09-28 01:24:01,2026-09-28 01:14:22,46,579.0,2181.0,,Available,website maps this code to Available
1,00051f57-ebc5-4b0d-83c3-abcca616c95e,2026-09-28T01:24:01.272+00:00,2026-09-28T01:24:01.469+00:00,21072-30059,dryers,50170081,72000000,2026-09-28 01:24:01,2026-09-28 01:17:03,46,418.0,2342.0,,Available,website maps this code to Available
1,00051f57-ebc5-4b0d-83c3-abcca616c95e,2026-09-28T01:24:01.272+00:00,2026-09-28T01:24:01.469+00:00,21072-30059,dryers,50170060,42000000,2026-09-28 01:24:01,2026-09-28 01:23:52,45,9.0,2691.0,45,Running,
1,00051f57-ebc5-4b0d-83c3-abcca616c95e,2026-09-28T01:24:01.272+00:00,2026-09-28T01:24:01.469+00:00,21072-30059,dryers,50170087,42000000,2026-09-28 01:24:01,2026-09-28 01:23:07,45,54.0,2646.0,45,Running,
1,00051f57-ebc5-4b0d-83c3-abcca616c95e,2026-09-28T01:24:01.272+00:00,2026-09-28T01:24:01.469+00:00,21072-30059,dryers,50170064,42000000,2026-09-28 01:24:01,2026-09-28 01:20:52,50,189.0,2811.0,47,Running,
1,00051f57-ebc5-4b0d-83c3-abcca616c95e,2026-09-28T01:24:01.272+00:00,2026-09-28T01:24:01.469+00:00,21072-30059,dryers,50170065,42000000,2026-09-28 01:24:01,2026-09-28 01:23:55,45,6.0,2694.0,45,Running,
1,00051f57-ebc5-4b0d-83c3-abcca616c95e,2026-09-28T01:24:01.272+00:00,2026-09-28T01:24:01.469+00:00,21072-30059,dryers,50170059,52000000,2026-09-28 01:24:01,2026-09-28 01:16:55,23,426.0,954.0,,Finished,
1,00051f57-ebc5-4b0d-83c3-abcca616c95e,2026-09-28T01:24:01.272+00:00,2026-09-28T01:24:01.469+00:00,21072-30059,dryers,50170057,52000000,2026-09-28 01:24:01,2026-09-28 01:15:36,23,505.0,875.0,,Finished,
1,00051f57-ebc5-4b0d-83c3-abcca616c95e,2026-09-28T01:24:01.272+00:00,2026-09-28T01:24:01.469+00:00,21072-30059,dryers,50170062,72000000,2026-09-28 01:24:01,2026-09-27 07:03:28,46,66033.0,-63273.0,,Available,website maps this code to Available
1,00051f57-ebc5-4b0d-83c3-abcca616c95e,2026-09-28T01:24:01.272+00:00,2026-09-28T01:24:01.469+00:00,21072-30059,dryers,50170067,52000000,2026-09-28 01:24:01,2026-09-28 01:18:40,1,321.0,-261.0,,Finished,
1,00051f57-ebc5-4b0d-83c3-abcca616c95e,2026-09-28T01:24:01.272+00:00,2026-09-28T01:24:01.469+00:00,21072-30059,dryers,50170074,42000000,2026-09-28 01:24:01,2026-09-28 01:23:28,72,33.0,4287.0,72,Running,
1,00051f57-ebc5-4b0d-83c3-abcca616c95e,2026-09-28T01:24:01.272+00:00,2026-09-28T01:24:01.469+00:00,21072-30059,dryers,50170071,72000000,2026-09-28 01:24:01,2026-09-28 01:14:55,46,546.0,2214.0,,Available,website maps this code to Available
1,00051f57-ebc5-4b0d-83c3-abcca616c95e,2026-09-28T01:24:01.272+00:00,2026-09-28T01:24:01.469+00:00,21072-30059,dryers,50170054,42000000,2026-09-28 01:24:01,2026-09-28 01:23:26,68,35.0,4045.0,68,Running,
1,8fe30fe6-83dc-4ded-b8af-cab35e3c13a9,2026-09-28T01:25:01.309+00:00,2026-09-28T01:25:01.504+00:00,21072-30059,washers,50170051,72000000,2026-09-28 01:25:01,2026-09-28 01:14:06,29,655.0,1085.0,,Available,website maps this code to Available
1,8fe30fe6-83dc-4ded-b8af-cab35e3c13a9,2026-09-28T01:25:01.309+00:00,2026-09-28T01:25:01.504+00:00,21072-30059,washers,50170080,72000000,2026-09-28 01:25:01,2026-09-28 00:26:38,29,3503.0,-1763.0,,Available,website maps this code to Available
1,8fe30fe6-83dc-4ded-b8af-cab35e3c13a9,2026-09-28T01:25:01.309+00:00,2026-09-28T01:25:01.504+00:00,21072-30059,washers,50170075,72000000,2026-09-28 01:25:01,2026-09-28 00:25:28,29,3573.0,-1833.0,,Available,website maps this code to Available
1,8fe30fe6-83dc-4ded-b8af-cab35e3c13a9,2026-09-28T01:25:01.309+00:00,2026-09-28T01:25:01.504+00:00,21072-30059,washers,50170082,72000000,2026-09-28 01:25:01,2026-09-28 00:14:48,29,4213.0,-2473.0,,Available,website maps this code to Available
1,8fe30fe6-83dc-4ded-b8af-cab35e3c13a9,2026-09-28T01:25:01.309+00:00,2026-09-28T01:25:01.504+00:00,21072-30059,washers,50170050,72000000,2026-09-28 01:25:01,2026-09-28 01:16:32,29,509.0,1231.0,,Available,website maps this code to Available
1,8fe30fe6-83dc-4ded-b8af-cab35e3c13a9,2026-09-28T01:25:01.309+00:00,2026-09-28T01:25:01.504+00:00,21072-30059,washers,50170052,72000000,2026-09-28 01:25:01,2026-09-28 00:32:00,29,3181.0,-1441.0,,Available,website maps this code to Available
1,8fe30fe6-83dc-4ded-b8af-cab35e3c13a9,2026-09-28T01:25:01.309+00:00,2026-09-28T01:25:01.504+00:00,21072-30059,washers,50170078,72000000,2026-09-28 01:25:01,2026-09-28 00:31:25,29,3216.0,-1476.0,,Available,website maps this code to Available
1,8fe30fe6-83dc-4ded-b8af-cab35e3c13a9,2026-09-28T01:25:01.309+00:00,2026-09-28T01:25:01.504+00:00,21072-30059,washers,50170084,72000000,2026-09-28 01:25:01,2026-09-28 00:29:34,29,3327.0,-1587.0,,Available,website maps this code to Available
1,8fe30fe6-83dc-4ded-b8af-cab35e3c13a9,2026-09-28T01:25:01.309+00:00,2026-09-28T01:25:01.504+00:00,21072-30059,washers,50170068,72000000,2026-09-28 01:25:01,2026-09-28 01:16:45,29,496.0,1244.0,,Available,website maps this code to Available
1,8fe30fe6-83dc-4ded-b8af-cab35e3c13a9,2026-09-28T01:25:01.309+00:00,2026-09-28T01:25:01.504+00:00,21072-30059,washers,50170072,72000000,2026-09-28 01:25:01,2026-09-27 23:01:12,29,8629.0,-6889.0,,Available,website maps this code to Available
1,8fe30fe6-83dc-4ded-b8af-cab35e3c13a9,2026-09-28T01:25:01.309+00:00,2026-09-28T01:25:01.504+00:00,21072-30059,washers,20483408,72000000,2026-09-28 01:25:01,2024-12-20 00:43:32,0,55903289.0,-55903289.0,,Available,website maps this code to Available
1,8fe30fe6-83dc-4ded-b8af-cab35e3c13a9,2026-09-28T01:25:01.309+00:00,2026-09-28T01:25:01.504+00:00,21072-30059,washers,50170055,72000000,2026-09-28 01:25:01,2026-09-28 01:16:18,29,523.0,1217.0,,Available,website maps this code to Available
1,8fe30fe6-83dc-4ded-b8af-cab35e3c13a9,2026-09-28T01:25:01.309+00:00,2026-09-28T01:25:01.504+00:00,21072-30059,dryers,50170058,D2000000,2026-09-28 01:25:01,2026-09-26 17:53:29,45,113492.0,-110792.0,,Start Mode After PF,
1,8fe30fe6-83dc-4ded-b8af-cab35e3c13a9,2026-09-28T01:25:01.309+00:00,2026-09-28T01:25:01.504+00:00,21072-30059,dryers,50170061,72000000,2026-09-28 01:25:01,2026-09-28 01:14:22,46,639.0,2121.0,,Available,website maps this code to Available
1,8fe30fe6-83dc-4ded-b8af-cab35e3c13a9,2026-09-28T01:25:01.309+00:00,2026-09-28T01:25:01.504+00:00,21072-30059,dryers,50170081,72000000,2026-09-28 01:25:01,2026-09-28 01:17:03,46,478.0,2282.0,,Available,website maps this code to Available
1,8fe30fe6-83dc-4ded-b8af-cab35e3c13a9,2026-09-28T01:25:01.309+00:00,2026-09-28T01:25:01.504+00:00,21072-30059,dryers,50170060,42000000,2026-09-28 01:25:01,2026-09-28 01:23:52,45,69.0,2631.0,44,Running,
1,8fe30fe6-83dc-4ded-b8af-cab35e3c13a9,2026-09-28T01:25:01.309+00:00,2026-09-28T01:25:01.504+00:00,21072-30059,dryers,50170087,42000000,2026-09-28 01:25:01,2026-09-28 01:23:07,45,114.0,2586.0,44,Running,
1,8fe30fe6-83dc-4ded-b8af-cab35e3c13a9,2026-09-28T01:25:01.309+00:00,2026-09-28T01:25:01.504+00:00,21072-30059,dryers,50170064,42000000,2026-09-28 01:25:01,2026-09-28 01:20:52,50,249.0,2751.0,46,Running,
1,8fe30fe6-83dc-4ded-b8af-cab35e3c13a9,2026-09-28T01:25:01.309+00:00,2026-09-28T01:25:01.504+00:00,21072-30059,dryers,50170065,42000000,2026-09-28 01:25:01,2026-09-28 01:23:55,45,66.0,2634.0,44,Running,
1,8fe30fe6-83dc-4ded-b8af-cab35e3c13a9,2026-09-28T01:25:01.309+00:00,2026-09-28T01:25:01.504+00:00,21072-30059,dryers,50170059,52000000,2026-09-28 01:25:01,2026-09-28 01:16:55,23,486.0,894.0,,Finished,
1,8fe30fe6-83dc-4ded-b8af-cab35e3c13a9,2026-09-28T01:25:01.309+00:00,2026-09-28T01:25:01.504+00:00,21072-30059,dryers,50170057,52000000,2026-09-28 01:25:01,2026-09-28 01:15:36,23,565.0,815.0,,Finished,
1,8fe30fe6-83dc-4ded-b8af-cab35e3c13a9,2026-09-28T01:25:01.309+00:00,2026-09-28T01:25:01.504+00:00,21072-30059,dryers,50170062,72000000,2026-09-28 01:25:01,2026-09-27 07:03:28,46,66093.0,-63333.0,,Available,website maps this code to Available
1,8fe30fe6-83dc-4ded-b8af-cab35e3c13a9,2026-09-28T01:25:01.309+00:00,2026-09-28T01:25:01.504+00:00,21072-30059,dryers,50170067,52000000,2026-09-28 01:25:01,2026-09-28 01:18:40,1,381.0,-321.0,,Finished,
1,8fe30fe6-83dc-4ded-b8af-cab35e3c13a9,2026-09-28T01:25:01.309+00:00,2026-09-28T01:25:01.504+00:00,21072-30059,dryers,50170074,42000000,2026-09-28 01:25:01,2026-09-28 01:23:28,72,93.0,4227.0,71,Running,
1,8fe30fe6-83dc-4ded-b8af-cab35e3c13a9,2026-09-28T01:25:01.309+00:00,2026-09-28T01:25:01.504+00:00,21072-30059,dryers,50170071,72000000,2026-09-28 01:25:01,2026-09-28 01:14:55,46,606.0,2154.0,,Available,website maps this code to Available
1,8fe30fe6-83dc-4ded-b8af-cab35e3c13a9,2026-09-28T01:25:01.309+00:00,2026-09-28T01:25:01.504+00:00,21072-30059,dryers,50170054,42000000,2026-09-28 01:25:01,2026-09-28 01:23:26,68,95.0,3985.0,67,Running,
1,cb397c95-cf6d-4c87-9701-30f393a5da5f,2026-09-28T01:26:01.293+00:00,2026-09-28T01:26:01.479+00:00,21072-30059,washers,50170051,72000000,2026-09-28 01:26:01,2026-09-28 01:14:06,29,715.0,1025.0,,Available,website maps this code to Available
1,cb397c95-cf6d-4c87-9701-30f393a5da5f,2026-09-28T01:26:01.293+00:00,2026-09-28T01:26:01.479+00:00,21072-30059,washers,50170080,72000000,2026-09-28 01:26:01,2026-09-28 00:26:38,29,3563.0,-1823.0,,Available,website maps this code to Available
1,cb397c95-cf6d-4c87-9701-30f393a5da5f,2026-09-28T01:26:01.293+00:00,2026-09-28T01:26:01.479+00:00,21072-30059,washers,50170075,72000000,2026-09-28 01:26:01,2026-09-28 00:25:28,29,3633.0,-1893.0,,Available,website maps this code to Available
1,cb397c95-cf6d-4c87-9701-30f393a5da5f,2026-09-28T01:26:01.293+00:00,2026-09-28T01:26:01.479+00:00,21072-30059,washers,50170082,72000000,2026-09-28 01:26:01,2026-09-28 00:14:48,29,4273.0,-2533.0,,Available,website maps this code to Available
1,cb397c95-cf6d-4c87-9701-30f393a5da5f,2026-09-28T01:26:01.293+00:00,2026-09-28T01:26:01.479+00:00,21072-30059,washers,50170050,72000000,2026-09-28 01:26:01,2026-09-28 01:16:32,29,569.0,1171.0,,Available,website maps this code to Available
1,cb397c95-cf6d-4c87-9701-30f393a5da5f,2026-09-28T01:26:01.293+00:00,2026-09-28T01:26:01.479+00:00,21072-30059,washers,50170052,72000000,2026-09-28 01:26:01,2026-09-28 00:32:00,29,3241.0,-1501.0,,Available,website maps this code to Available
1,cb397c95-cf6d-4c87-9701-30f393a5da5f,2026-09-28T01:26:01.293+00:00,2026-09-28T01:26:01.479+00:00,21072-30059,washers,50170078,72000000,2026-09-28 01:26:01,2026-09-28 00:31:25,29,3276.0,-1536.0,,Available,website maps this code to Available
1,cb397c95-cf6d-4c87-9701-30f393a5da5f,2026-09-28T01:26:01.293+00:00,2026-09-28T01:26:01.479+00:00,21072-30059,washers,50170084,72000000,2026-09-28 01:26:01,2026-09-28 00:29:34,29,3387.0,-1647.0,,Available,website maps this code to Available
1,cb397c95-cf6d-4c87-9701-30f393a5da5f,2026-09-28T01:26:01.293+00:00,2026-09-28T01:26:01.479+00:00,21072-30059,washers,50170068,72000000,2026-09-28 01:26:01,2026-09-28 01:16:45,29,556.0,1184.0,,Available,website maps this code to Available
1,cb397c95-cf6d-4c87-9701-30f393a5da5f,2026-09-28T01:26:01.293+00:00,2026-09-28T01:26:01.479+00:00,21072-30059,washers,50170072,72000000,2026-09-28 01:26:01,2026-09-27 23:01:12,29,8689.0,-6949.0,,Available,website maps this code to Available
1,cb397c95-cf6d-4c87-9701-30f393a5da5f,2026-09-28T01:26:01.293+00:00,2026-09-28T01:26:01.479+00:00,21072-30059,washers,20483408,72000000,2026-09-28 01:26:01,2024-12-20 00:43:32,0,55903349.0,-55903349.0,,Available,website maps this code to Available
1,cb397c95-cf6d-4c87-9701-30f393a5da5f,2026-09-28T01:26:01.293+00:00,2026-09-28T01:26:01.479+00:00,21072-30059,washers,50170055,72000000,2026-09-28 01:26:01,2026-09-28 01:16:18,29,583.0,1157.0,,Available,website maps this code to Available
1,cb397c95-cf6d-4c87-9701-30f393a5da5f,2026-09-28T01:26:01.293+00:00,2026-09-28T01:26:01.479+00:00,21072-30059,dryers,50170058,D2000000,2026-09-28 01:26:01,2026-09-26 17:53:29,45,113552.0,-110852.0,,Start Mode After PF,
1,cb397c95-cf6d-4c87-9701-30f393a5da5f,2026-09-28T01:26:01.293+00:00,2026-09-28T01:26:01.479+00:00,21072-30059,dryers,50170061,72000000,2026-09-28 01:26:01,2026-09-28 01:14:22,46,699.0,2061.0,,Available,website maps this code to Available
1,cb397c95-cf6d-4c87-9701-30f393a5da5f,2026-09-28T01:26:01.293+00:00,2026-09-28T01:26:01.479+00:00,21072-30059,dryers,50170081,72000000,2026-09-28 01:26:01,2026-09-28 01:17:03,46,538.0,2222.0,,Available,website maps this code to Available
1,cb397c95-cf6d-4c87-9701-30f393a5da5f,2026-09-28T01:26:01.293+00:00,2026-09-28T01:26:01.479+00:00,21072-30059,dryers,50170060,42000000,2026-09-28 01:26:01,2026-09-28 01:23:52,45,129.0,2571.0,43,Running,
1,cb397c95-cf6d-4c87-9701-30f393a5da5f,2026-09-28T01:26:01.293+00:00,2026-09-28T01:26:01.479+00:00,21072-30059,dryers,50170087,42000000,2026-09-28 01:26:01,2026-09-28 01:23:07,45,174.0,2526.0,43,Running,
1,cb397c95-cf6d-4c87-9701-30f393a5da5f,2026-09-28T01:26:01.293+00:00,2026-09-28T01:26:01.479+00:00,21072-30059,dryers,50170064,42000000,2026-09-28 01:26:01,2026-09-28 01:20:52,50,309.0,2691.0,45,Running,
1,cb397c95-cf6d-4c87-9701-30f393a5da5f,2026-09-28T01:26:01.293+00:00,2026-09-28T01:26:01.479+00:00,21072-30059,dryers,50170065,42000000,2026-09-28 01:26:01,2026-09-28 01:23:55,45,126.0,2574.0,43,Running,
1,cb397c95-cf6d-4c87-9701-30f393a5da5f,2026-09-28T01:26:01.293+00:00,2026-09-28T01:26:01.479+00:00,21072-30059,dryers,50170059,52000000,2026-09-28 01:26:01,2026-09-28 01:16:55,23,546.0,834.0,,Finished,
1,cb397c95-cf6d-4c87-9701-30f393a5da5f,2026-09-28T01:26:01.293+00:00,2026-09-28T01:26:01.479+00:00,21072-30059,dryers,50170057,52000000,2026-09-28 01:26:01,2026-09-28 01:15:36,23,625.0,755.0,,Finished,
1,cb397c95-cf6d-4c87-9701-30f393a5da5f,2026-09-28T01:26:01.293+00:00,2026-09-28T01:26:01.479+00:00,21072-30059,dryers,50170062,72000000,2026-09-28 01:26:01,2026-09-27 07:03:28,46,66153.0,-63393.0,,Available,website maps this code to Available
1,cb397c95-cf6d-4c87-9701-30f393a5da5f,2026-09-28T01:26:01.293+00:00,2026-09-28T01:26:01.479+00:00,21072-30059,dryers,50170067,52000000,2026-09-28 01:26:01,2026-09-28 01:18:40,1,441.0,-381.0,,Finished,
1,cb397c95-cf6d-4c87-9701-30f393a5da5f,2026-09-28T01:26:01.293+00:00,2026-09-28T01:26:01.479+00:00,21072-30059,dryers,50170074,42000000,2026-09-28 01:26:01,2026-09-28 01:23:28,72,153.0,4167.0,70,Running,
1,cb397c95-cf6d-4c87-9701-30f393a5da5f,2026-09-28T01:26:01.293+00:00,2026-09-28T01:26:01.479+00:00,21072-30059,dryers,50170071,72000000,2026-09-28 01:26:01,2026-09-28 01:14:55,46,666.0,2094.0,,Available,website maps this code to Available
1,cb397c95-cf6d-4c87-9701-30f393a5da5f,2026-09-28T01:26:01.293+00:00,2026-09-28T01:26:01.479+00:00,21072-30059,dryers,50170054,42000000,2026-09-28 01:26:01,2026-09-28 01:23:26,68,155.0,3925.0,66,Running,
1,830728f4-ed3d-41c0-b38b-06ad0b2342bc,2026-09-28T01:27:01.378+00:00,2026-09-28T01:27:01.557+00:00,21072-30059,washers,50170051,72000000,2026-09-28 01:27:01,2026-09-28 01:14:06,29,775.0,965.0,,Available,website maps this code to Available
1,830728f4-ed3d-41c0-b38b-06ad0b2342bc,2026-09-28T01:27:01.378+00:00,2026-09-28T01:27:01.557+00:00,21072-30059,washers,50170080,72000000,2026-09-28 01:27:01,2026-09-28 00:26:38,29,3623.0,-1883.0,,Available,website maps this code to Available
1,830728f4-ed3d-41c0-b38b-06ad0b2342bc,2026-09-28T01:27:01.378+00:00,2026-09-28T01:27:01.557+00:00,21072-30059,washers,50170075,72000000,2026-09-28 01:27:01,2026-09-28 00:25:28,29,3693.0,-1953.0,,Available,website maps this code to Available
1,830728f4-ed3d-41c0-b38b-06ad0b2342bc,2026-09-28T01:27:01.378+00:00,2026-09-28T01:27:01.557+00:00,21072-30059,washers,50170082,72000000,2026-09-28 01:27:01,2026-09-28 00:14:48,29,4333.0,-2593.0,,Available,website maps this code to Available
1,830728f4-ed3d-41c0-b38b-06ad0b2342bc,2026-09-28T01:27:01.378+00:00,2026-09-28T01:27:01.557+00:00,21072-30059,washers,50170050,72000000,2026-09-28 01:27:01,2026-09-28 01:16:32,29,629.0,1111.0,,Available,website maps this code to Available
1,830728f4-ed3d-41c0-b38b-06ad0b2342bc,2026-09-28T01:27:01.378+00:00,2026-09-28T01:27:01.557+00:00,21072-30059,washers,50170052,72000000,2026-09-28 01:27:01,2026-09-28 00:32:00,29,3301.0,-1561.0,,Available,website maps this code to Available
1,830728f4-ed3d-41c0-b38b-06ad0b2342bc,2026-09-28T01:27:01.378+00:00,2026-09-28T01:27:01.557+00:00,21072-30059,washers,50170078,72000000,2026-09-28 01:27:01,2026-09-28 00:31:25,29,3336.0,-1596.0,,Available,website maps this code to Available
1,830728f4-ed3d-41c0-b38b-06ad0b2342bc,2026-09-28T01:27:01.378+00:00,2026-09-28T01:27:01.557+00:00,21072-30059,washers,50170084,72000000,2026-09-28 01:27:01,2026-09-28 00:29:34,29,3447.0,-1707.0,,Available,website maps this code to Available
1,830728f4-ed3d-41c0-b38b-06ad0b2342bc,2026-09-28T01:27:01.378+00:00,2026-09-28T01:27:01.557+00:00,21072-30059,washers,50170068,72000000,2026-09-28 01:27:01,2026-09-28 01:16:45,29,616.0,1124.0,,Available,website maps this code to Available
1,830728f4-ed3d-41c0-b38b-06ad0b2342bc,2026-09-28T01:27:01.378+00:00,2026-09-28T01:27:01.557+00:00,21072-30059,washers,50170072,72000000,2026-09-28 01:27:01,2026-09-27 23:01:12,29,8749.0,-7009.0,,Available,website maps this code to Available
1,830728f4-ed3d-41c0-b38b-06ad0b2342bc,2026-09-28T01:27:01.378+00:00,2026-09-28T01:27:01.557+00:00,21072-30059,washers,20483408,72000000,2026-09-28 01:27:01,2024-12-20 00:43:32,0,55903409.0,-55903409.0,,Available,website maps this code to Available
1,830728f4-ed3d-41c0-b38b-06ad0b2342bc,2026-09-28T01:27:01.378+00:00,2026-09-28T01:27:01.557+00:00,21072-30059,washers,50170055,72000000,2026-09-28 01:27:01,2026-09-28 01:16:18,29,643.0,1097.0,,Available,website maps this code to Available
1,830728f4-ed3d-41c0-b38b-06ad0b2342bc,2026-09-28T01:27:01.378+00:00,2026-09-28T01:27:01.557+00:00,21072-30059,dryers,50170058,D2000000,2026-09-28 01:27:01,2026-09-26 17:53:29,45,113612.0,-110912.0,,Start Mode After PF,
1,830728f4-ed3d-41c0-b38b-06ad0b2342bc,2026-09-28T01:27:01.378+00:00,2026-09-28T01:27:01.557+00:00,21072-30059,dryers,50170061,72000000,2026-09-28 01:27:01,2026-09-28 01:14:22,46,759.0,2001.0,,Available,website maps this code to Available
1,830728f4-ed3d-41c0-b38b-06ad0b2342bc,2026-09-28T01:27:01.378+00:00,2026-09-28T01:27:01.557+00:00,21072-30059,dryers,50170081,72000000,2026-09-28 01:27:01,2026-09-28 01:17:03,46,598.0,2162.0,,Available,website maps this code to Available
1,830728f4-ed3d-41c0-b38b-06ad0b2342bc,2026-09-28T01:27:01.378+00:00,2026-09-28T01:27:01.557+00:00,21072-30059,dryers,50170060,42000000,2026-09-28 01:27:01,2026-09-28 01:23:52,45,189.0,2511.0,42,Running,
1,830728f4-ed3d-41c0-b38b-06ad0b2342bc,2026-09-28T01:27:01.378+00:00,2026-09-28T01:27:01.557+00:00,21072-30059,dryers,50170087,42000000,2026-09-28 01:27:01,2026-09-28 01:23:07,45,234.0,2466.0,42,Running,
1,830728f4-ed3d-41c0-b38b-06ad0b2342bc,2026-09-28T01:27:01.378+00:00,2026-09-28T01:27:01.557+00:00,21072-30059,dryers,50170064,42000000,2026-09-28 01:27:01,2026-09-28 01:20:52,50,369.0,2631.0,44,Running,
1,830728f4-ed3d-41c0-b38b-06ad0b2342bc,2026-09-28T01:27:01.378+00:00,2026-09-28T01:27:01.557+00:00,21072-30059,dryers,50170065,42000000,2026-09-28 01:27:01,2026-09-28 01:23:55,45,186.0,2514.0,42,Running,
1,830728f4-ed3d-41c0-b38b-06ad0b2342bc,2026-09-28T01:27:01.378+00:00,2026-09-28T01:27:01.557+00:00,21072-30059,dryers,50170059,52000000,2026-09-28 01:27:01,2026-09-28 01:16:55,23,606.0,774.0,,Finished,
1,830728f4-ed3d-41c0-b38b-06ad0b2342bc,2026-09-28T01:27:01.378+00:00,2026-09-28T01:27:01.557+00:00,21072-30059,dryers,50170057,52000000,2026-09-28 01:27:01,2026-09-28 01:15:36,23,685.0,695.0,,Finished,
1,830728f4-ed3d-41c0-b38b-06ad0b2342bc,2026-09-28T01:27:01.378+00:00,2026-09-28T01:27:01.557+00:00,21072-30059,dryers,50170062,72000000,2026-09-28 01:27:01,2026-09-27 07:03:28,46,66213.0,-63453.0,,Available,website maps this code to Available
1,830728f4-ed3d-41c0-b38b-06ad0b2342bc,2026-09-28T01:27:01.378+00:00,2026-09-28T01:27:01.557+00:00,21072-30059,dryers,50170067,52000000,2026-09-28 01:27:01,2026-09-28 01:18:40,1,501.0,-441.0,,Finished,
1,830728f4-ed3d-41c0-b38b-06ad0b2342bc,2026-09-28T01:27:01.378+00:00,2026-09-28T01:27:01.557+00:00,21072-30059,dryers,50170074,42000000,2026-09-28 01:27:01,2026-09-28 01:23:28,72,213.0,4107.0,69,Running,
1,830728f4-ed3d-41c0-b38b-06ad0b2342bc,2026-09-28T01:27:01.378+00:00,2026-09-28T01:27:01.557+00:00,21072-30059,dryers,50170071,72000000,2026-09-28 01:27:01,2026-09-28 01:14:55,46,726.0,2034.0,,Available,website maps this code to Available
1,830728f4-ed3d-41c0-b38b-06ad0b2342bc,2026-09-28T01:27:01.378+00:00,2026-09-28T01:27:01.557+00:00,21072-30059,dryers,50170054,42000000,2026-09-28 01:27:01,2026-09-28 01:23:26,68,215.0,3865.0,65,Running,
1,87fa7017-0359-4519-acd4-316c20aff01b,2026-09-28T01:28:01.298+00:00,2026-09-28T01:28:01.509+00:00,21072-30059,washers,50170051,72000000,2026-09-28 01:28:01,2026-09-28 01:14:06,29,835.0,905.0,,Available,website maps this code to Available
1,87fa7017-0359-4519-acd4-316c20aff01b,2026-09-28T01:28:01.298+00:00,2026-09-28T01:28:01.509+00:00,21072-30059,washers,50170080,72000000,2026-09-28 01:28:01,2026-09-28 00:26:38,29,3683.0,-1943.0,,Available,website maps this code to Available
1,87fa7017-0359-4519-acd4-316c20aff01b,2026-09-28T01:28:01.298+00:00,2026-09-28T01:28:01.509+00:00,21072-30059,washers,50170075,72000000,2026-09-28 01:28:01,2026-09-28 00:25:28,29,3753.0,-2013.0,,Available,website maps this code to Available
1,87fa7017-0359-4519-acd4-316c20aff01b,2026-09-28T01:28:01.298+00:00,2026-09-28T01:28:01.509+00:00,21072-30059,washers,50170082,72000000,2026-09-28 01:28:01,2026-09-28 00:14:48,29,4393.0,-2653.0,,Available,website maps this code to Available
1,87fa7017-0359-4519-acd4-316c20aff01b,2026-09-28T01:28:01.298+00:00,2026-09-28T01:28:01.509+00:00,21072-30059,washers,50170050,72000000,2026-09-28 01:28:01,2026-09-28 01:16:32,29,689.0,1051.0,,Available,website maps this code to Available
1,87fa7017-0359-4519-acd4-316c20aff01b,2026-09-28T01:28:01.298+00:00,2026-09-28T01:28:01.509+00:00,21072-30059,washers,50170052,72000000,2026-09-28 01:28:01,2026-09-28 00:32:00,29,3361.0,-1621.0,,Available,website maps this code to Available
1,87fa7017-0359-4519-acd4-316c20aff01b,2026-09-28T01:28:01.298+00:00,2026-09-28T01:28:01.509+00:00,21072-30059,washers,50170078,72000000,2026-09-28 01:28:01,2026-09-28 00:31:25,29,3396.0,-1656.0,,Available,website maps this code to Available
1,87fa7017-0359-4519-acd4-316c20aff01b,2026-09-28T01:28:01.298+00:00,2026-09-28T01:28:01.509+00:00,21072-30059,washers,50170084,72000000,2026-09-28 01:28:01,2026-09-28 00:29:34,29,3507.0,-1767.0,,Available,website maps this code to Available
1,87fa7017-0359-4519-acd4-316c20aff01b,2026-09-28T01:28:01.298+00:00,2026-09-28T01:28:01.509+00:00,21072-30059,washers,50170068,72000000,2026-09-28 01:28:01,2026-09-28 01:16:45,29,676.0,1064.0,,Available,website maps this code to Available
1,87fa7017-0359-4519-acd4-316c20aff01b,2026-09-28T01:28:01.298+00:00,2026-09-28T01:28:01.509+00:00,21072-30059,washers,50170072,72000000,2026-09-28 01:28:01,2026-09-27 23:01:12,29,8809.0,-7069.0,,Available,website maps this code to Available
1,87fa7017-0359-4519-acd4-316c20aff01b,2026-09-28T01:28:01.298+00:00,2026-09-28T01:28:01.509+00:00,21072-30059,washers,20483408,72000000,2026-09-28 01:28:01,2024-12-20 00:43:32,0,55903469.0,-55903469.0,,Available,website maps this code to Available
1,87fa7017-0359-4519-acd4-316c20aff01b,2026-09-28T01:28:01.298+00:00,2026-09-28T01:28:01.509+00:00,21072-30059,washers,50170055,72000000,2026-09-28 01:28:01,2026-09-28 01:16:18,29,703.0,1037.0,,Available,website maps this code to Available
1,87fa7017-0359-4519-acd4-316c20aff01b,2026-09-28T01:28:01.298+00:00,2026-09-28T01:28:01.509+00:00,21072-30059,dryers,50170058,D2000000,2026-09-28 01:28:01,2026-09-26 17:53:29,45,113672.0,-110972.0,,Start Mode After PF,
1,87fa7017-0359-4519-acd4-316c20aff01b,2026-09-28T01:28:01.298+00:00,2026-09-28T01:28:01.509+00:00,21072-30059,dryers,50170061,72000000,2026-09-28 01:28:01,2026-09-28 01:14:22,46,819.0,1941.0,,Available,website maps this code to Available
1,87fa7017-0359-4519-acd4-316c20aff01b,2026-09-28T01:28:01.298+00:00,2026-09-28T01:28:01.509+00:00,21072-30059,dryers,50170081,72000000,2026-09-28 01:28:01,2026-09-28 01:17:03,46,658.0,2102.0,,Available,website maps this code to Available
1,87fa7017-0359-4519-acd4-316c20aff01b,2026-09-28T01:28:01.298+00:00,2026-09-28T01:28:01.509+00:00,21072-30059,dryers,50170060,42000000,2026-09-28 01:28:01,2026-09-28 01:23:52,45,249.0,2451.0,41,Running,
1,87fa7017-0359-4519-acd4-316c20aff01b,2026-09-28T01:28:01.298+00:00,2026-09-28T01:28:01.509+00:00,21072-30059,dryers,50170087,42000000,2026-09-28 01:28:01,2026-09-28 01:23:07,45,294.0,2406.0,41,Running,
1,87fa7017-0359-4519-acd4-316c20aff01b,2026-09-28T01:28:01.298+00:00,2026-09-28T01:28:01.509+00:00,21072-30059,dryers,50170064,42000000,2026-09-28 01:28:01,2026-09-28 01:20:52,50,429.0,2571.0,43,Running,
1,87fa7017-0359-4519-acd4-316c20aff01b,2026-09-28T01:28:01.298+00:00,2026-09-28T01:28:01.509+00:00,21072-30059,dryers,50170065,42000000,2026-09-28 01:28:01,2026-09-28 01:23:55,45,246.0,2454.0,41,Running,
1,87fa7017-0359-4519-acd4-316c20aff01b,2026-09-28T01:28:01.298+00:00,2026-09-28T01:28:01.509+00:00,21072-30059,dryers,50170059,52000000,2026-09-28 01:28:01,2026-09-28 01:16:55,23,666.0,714.0,,Finished,
1,87fa7017-0359-4519-acd4-316c20aff01b,2026-09-28T01:28:01.298+00:00,2026-09-28T01:28:01.509+00:00,21072-30059,dryers,50170057,52000000,2026-09-28 01:28:01,2026-09-28 01:15:36,23,745.0,635.0,,Finished,
1,87fa7017-0359-4519-acd4-316c20aff01b,2026-09-28T01:28:01.298+00:00,2026-09-28T01:28:01.509+00:00,21072-30059,dryers,50170062,72000000,2026-09-28 01:28:01,2026-09-27 07:03:28,46,66273.0,-63513.0,,Available,website maps this code to Available
1,87fa7017-0359-4519-acd4-316c20aff01b,2026-09-28T01:28:01.298+00:00,2026-09-28T01:28:01.509+00:00,21072-30059,dryers,50170067,52000000,2026-09-28 01:28:01,2026-09-28 01:18:40,1,561.0,-501.0,,Finished,
1,87fa7017-0359-4519-acd4-316c20aff01b,2026-09-28T01:28:01.298+00:00,2026-09-28T01:28:01.509+00:00,21072-30059,dryers,50170074,42000000,2026-09-28 01:28:01,2026-09-28 01:23:28,72,273.0,4047.0,68,Running,
1,87fa7017-0359-4519-acd4-316c20aff01b,2026-09-28T01:28:01.298+00:00,2026-09-28T01:28:01.509+00:00,21072-30059,dryers,50170071,72000000,2026-09-28 01:28:01,2026-09-28 01:14:55,46,786.0,1974.0,,Available,website maps this code to Available
1,87fa7017-0359-4519-acd4-316c20aff01b,2026-09-28T01:28:01.298+00:00,2026-09-28T01:28:01.509+00:00,21072-30059,dryers,50170054,42000000,2026-09-28 01:28:01,2026-09-28 01:23:26,68,275.0,3805.0,64,Running,
1,e3b69505-b36d-4a84-8905-06eecc9a1ce0,2026-09-28T01:29:01.275+00:00,2026-09-28T01:29:01.480+00:00,21072-30059,washers,50170051,72000000,2026-09-28 01:29:01,2026-09-28 01:14:06,29,895.0,845.0,,Available,website maps this code to Available
1,e3b69505-b36d-4a84-8905-06eecc9a1ce0,2026-09-28T01:29:01.275+00:00,2026-09-28T01:29:01.480+00:00,21072-30059,washers,50170080,72000000,2026-09-28 01:29:01,2026-09-28 00:26:38,29,3743.0,-2003.0,,Available,website maps this code to Available
1,e3b69505-b36d-4a84-8905-06eecc9a1ce0,2026-09-28T01:29:01.275+00:00,2026-09-28T01:29:01.480+00:00,21072-30059,washers,50170075,72000000,2026-09-28 01:29:01,2026-09-28 00:25:28,29,3813.0,-2073.0,,Available,website maps this code to Available
1,e3b69505-b36d-4a84-8905-06eecc9a1ce0,2026-09-28T01:29:01.275+00:00,2026-09-28T01:29:01.480+00:00,21072-30059,washers,50170082,72000000,2026-09-28 01:29:01,2026-09-28 00:14:48,29,4453.0,-2713.0,,Available,website maps this code to Available
1,e3b69505-b36d-4a84-8905-06eecc9a1ce0,2026-09-28T01:29:01.275+00:00,2026-09-28T01:29:01.480+00:00,21072-30059,washers,50170050,72000000,2026-09-28 01:29:01,2026-09-28 01:16:32,29,749.0,991.0,,Available,website maps this code to Available
1,e3b69505-b36d-4a84-8905-06eecc9a1ce0,2026-09-28T01:29:01.275+00:00,2026-09-28T01:29:01.480+00:00,21072-30059,washers,50170052,72000000,2026-09-28 01:29:01,2026-09-28 00:32:00,29,3421.0,-1681.0,,Available,website maps this code to Available
1,e3b69505-b36d-4a84-8905-06eecc9a1ce0,2026-09-28T01:29:01.275+00:00,2026-09-28T01:29:01.480+00:00,21072-30059,washers,50170078,72000000,2026-09-28 01:29:01,2026-09-28 00:31:25,29,3456.0,-1716.0,,Available,website maps this code to Available
1,e3b69505-b36d-4a84-8905-06eecc9a1ce0,2026-09-28T01:29:01.275+00:00,2026-09-28T01:29:01.480+00:00,21072-30059,washers,50170084,72000000,2026-09-28 01:29:01,2026-09-28 00:29:34,29,3567.0,-1827.0,,Available,website maps this code to Available
1,e3b69505-b36d-4a84-8905-06eecc9a1ce0,2026-09-28T01:29:01.275+00:00,2026-09-28T01:29:01.480+00:00,21072-30059,washers,50170068,72000000,2026-09-28 01:29:01,2026-09-28 01:16:45,29,736.0,1004.0,,Available,website maps this code to Available
1,e3b69505-b36d-4a84-8905-06eecc9a1ce0,2026-09-28T01:29:01.275+00:00,2026-09-28T01:29:01.480+00:00,21072-30059,washers,50170072,72000000,2026-09-28 01:29:01,2026-09-27 23:01:12,29,8869.0,-7129.0,,Available,website maps this code to Available
1,e3b69505-b36d-4a84-8905-06eecc9a1ce0,2026-09-28T01:29:01.275+00:00,2026-09-28T01:29:01.480+00:00,21072-30059,washers,20483408,72000000,2026-09-28 01:29:01,2024-12-20 00:43:32,0,55903529.0,-55903529.0,,Available,website maps this code to Available
1,e3b69505-b36d-4a84-8905-06eecc9a1ce0,2026-09-28T01:29:01.275+00:00,2026-09-28T01:29:01.480+00:00,21072-30059,washers,50170055,72000000,2026-09-28 01:29:01,2026-09-28 01:16:18,29,763.0,977.0,,Available,website maps this code to Available
1,e3b69505-b36d-4a84-8905-06eecc9a1ce0,2026-09-28T01:29:01.275+00:00,2026-09-28T01:29:01.480+00:00,21072-30059,dryers,50170058,D2000000,2026-09-28 01:29:01,2026-09-26 17:53:29,45,113732.0,-111032.0,,Start Mode After PF,
1,e3b69505-b36d-4a84-8905-06eecc9a1ce0,2026-09-28T01:29:01.275+00:00,2026-09-28T01:29:01.480+00:00,21072-30059,dryers,50170061,72000000,2026-09-28 01:29:01,2026-09-28 01:14:22,46,879.0,1881.0,,Available,website maps this code to Available
1,e3b69505-b36d-4a84-8905-06eecc9a1ce0,2026-09-28T01:29:01.275+00:00,2026-09-28T01:29:01.480+00:00,21072-30059,dryers,50170081,72000000,2026-09-28 01:29:01,2026-09-28 01:17:03,46,718.0,2042.0,,Available,website maps this code to Available
1,e3b69505-b36d-4a84-8905-06eecc9a1ce0,2026-09-28T01:29:01.275+00:00,2026-09-28T01:29:01.480+00:00,21072-30059,dryers,50170060,42000000,2026-09-28 01:29:01,2026-09-28 01:23:52,45,309.0,2391.0,40,Running,
1,e3b69505-b36d-4a84-8905-06eecc9a1ce0,2026-09-28T01:29:01.275+00:00,2026-09-28T01:29:01.480+00:00,21072-30059,dryers,50170087,42000000,2026-09-28 01:29:01,2026-09-28 01:23:07,45,354.0,2346.0,40,Running,
1,e3b69505-b36d-4a84-8905-06eecc9a1ce0,2026-09-28T01:29:01.275+00:00,2026-09-28T01:29:01.480+00:00,21072-30059,dryers,50170064,42000000,2026-09-28 01:29:01,2026-09-28 01:20:52,50,489.0,2511.0,42,Running,
1,e3b69505-b36d-4a84-8905-06eecc9a1ce0,2026-09-28T01:29:01.275+00:00,2026-09-28T01:29:01.480+00:00,21072-30059,dryers,50170065,42000000,2026-09-28 01:29:01,2026-09-28 01:23:55,45,306.0,2394.0,40,Running,
1,e3b69505-b36d-4a84-8905-06eecc9a1ce0,2026-09-28T01:29:01.275+00:00,2026-09-28T01:29:01.480+00:00,21072-30059,dryers,50170059,52000000,2026-09-28 01:29:01,2026-09-28 01:16:55,23,726.0,654.0,,Finished,
1,e3b69505-b36d-4a84-8905-06eecc9a1ce0,2026-09-28T01:29:01.275+00:00,2026-09-28T01:29:01.480+00:00,21072-30059,dryers,50170057,52000000,2026-09-28 01:29:01,2026-09-28 01:15:36,23,805.0,575.0,,Finished,
1,e3b69505-b36d-4a84-8905-06eecc9a1ce0,2026-09-28T01:29:01.275+00:00,2026-09-28T01:29:01.480+00:00,21072-30059,dryers,50170062,72000000,2026-09-28 01:29:01,2026-09-27 07:03:28,46,66333.0,-63573.0,,Available,website maps this code to Available
1,e3b69505-b36d-4a84-8905-06eecc9a1ce0,2026-09-28T01:29:01.275+00:00,2026-09-28T01:29:01.480+00:00,21072-30059,dryers,50170067,52000000,2026-09-28 01:29:01,2026-09-28 01:18:40,1,621.0,-561.0,,Finished,
1,e3b69505-b36d-4a84-8905-06eecc9a1ce0,2026-09-28T01:29:01.275+00:00,2026-09-28T01:29:01.480+00:00,21072-30059,dryers,50170074,42000000,2026-09-28 01:29:01,2026-09-28 01:23:28,72,333.0,3987.0,67,Running,
1,e3b69505-b36d-4a84-8905-06eecc9a1ce0,2026-09-28T01:29:01.275+00:00,2026-09-28T01:29:01.480+00:00,21072-30059,dryers,50170071,72000000,2026-09-28 01:29:01,2026-09-28 01:14:55,46,846.0,1914.0,,Available,website maps this code to Available
1,e3b69505-b36d-4a84-8905-06eecc9a1ce0,2026-09-28T01:29:01.275+00:00,2026-09-28T01:29:01.480+00:00,21072-30059,dryers,50170054,42000000,2026-09-28 01:29:01,2026-09-28 01:23:26,68,335.0,3745.0,63,Running,
1,82847ee0-82a0-431a-94c4-93509be43c30,2026-09-28T01:30:01.406+00:00,2026-09-28T01:30:01.603+00:00,21072-30059,washers,50170051,72000000,2026-09-28 01:30:01,2026-09-28 01:14:06,29,955.0,785.0,,Available,website maps this code to Available
1,82847ee0-82a0-431a-94c4-93509be43c30,2026-09-28T01:30:01.406+00:00,2026-09-28T01:30:01.603+00:00,21072-30059,washers,50170080,72000000,2026-09-28 01:30:01,2026-09-28 00:26:38,29,3803.0,-2063.0,,Available,website maps this code to Available
1,82847ee0-82a0-431a-94c4-93509be43c30,2026-09-28T01:30:01.406+00:00,2026-09-28T01:30:01.603+00:00,21072-30059,washers,50170075,72000000,2026-09-28 01:30:01,2026-09-28 00:25:28,29,3873.0,-2133.0,,Available,website maps this code to Available
1,82847ee0-82a0-431a-94c4-93509be43c30,2026-09-28T01:30:01.406+00:00,2026-09-28T01:30:01.603+00:00,21072-30059,washers,50170082,72000000,2026-09-28 01:30:01,2026-09-28 00:14:48,29,4513.0,-2773.0,,Available,website maps this code to Available
1,82847ee0-82a0-431a-94c4-93509be43c30,2026-09-28T01:30:01.406+00:00,2026-09-28T01:30:01.603+00:00,21072-30059,washers,50170050,72000000,2026-09-28 01:30:01,2026-09-28 01:16:32,29,809.0,931.0,,Available,website maps this code to Available
1,82847ee0-82a0-431a-94c4-93509be43c30,2026-09-28T01:30:01.406+00:00,2026-09-28T01:30:01.603+00:00,21072-30059,washers,50170052,72000000,2026-09-28 01:30:01,2026-09-28 00:32:00,29,3481.0,-1741.0,,Available,website maps this code to Available
1,82847ee0-82a0-431a-94c4-93509be43c30,2026-09-28T01:30:01.406+00:00,2026-09-28T01:30:01.603+00:00,21072-30059,washers,50170078,72000000,2026-09-28 01:30:01,2026-09-28 00:31:25,29,3516.0,-1776.0,,Available,website maps this code to Available
1,82847ee0-82a0-431a-94c4-93509be43c30,2026-09-28T01:30:01.406+00:00,2026-09-28T01:30:01.603+00:00,21072-30059,washers,50170084,72000000,2026-09-28 01:30:01,2026-09-28 00:29:34,29,3627.0,-1887.0,,Available,website maps this code to Available
1,82847ee0-82a0-431a-94c4-93509be43c30,2026-09-28T01:30:01.406+00:00,2026-09-28T01:30:01.603+00:00,21072-30059,washers,50170068,72000000,2026-09-28 01:30:01,2026-09-28 01:16:45,29,796.0,944.0,,Available,website maps this code to Available
1,82847ee0-82a0-431a-94c4-93509be43c30,2026-09-28T01:30:01.406+00:00,2026-09-28T01:30:01.603+00:00,21072-30059,washers,50170072,72000000,2026-09-28 01:30:01,2026-09-27 23:01:12,29,8929.0,-7189.0,,Available,website maps this code to Available
1,82847ee0-82a0-431a-94c4-93509be43c30,2026-09-28T01:30:01.406+00:00,2026-09-28T01:30:01.603+00:00,21072-30059,washers,20483408,72000000,2026-09-28 01:30:01,2024-12-20 00:43:32,0,55903589.0,-55903589.0,,Available,website maps this code to Available
1,82847ee0-82a0-431a-94c4-93509be43c30,2026-09-28T01:30:01.406+00:00,2026-09-28T01:30:01.603+00:00,21072-30059,washers,50170055,72000000,2026-09-28 01:30:01,2026-09-28 01:16:18,29,823.0,917.0,,Available,website maps this code to Available
1,82847ee0-82a0-431a-94c4-93509be43c30,2026-09-28T01:30:01.406+00:00,2026-09-28T01:30:01.603+00:00,21072-30059,dryers,50170058,D2000000,2026-09-28 01:30:01,2026-09-26 17:53:29,45,113792.0,-111092.0,,Start Mode After PF,
1,82847ee0-82a0-431a-94c4-93509be43c30,2026-09-28T01:30:01.406+00:00,2026-09-28T01:30:01.603+00:00,21072-30059,dryers,50170061,72000000,2026-09-28 01:30:01,2026-09-28 01:14:22,46,939.0,1821.0,,Available,website maps this code to Available
1,82847ee0-82a0-431a-94c4-93509be43c30,2026-09-28T01:30:01.406+00:00,2026-09-28T01:30:01.603+00:00,21072-30059,dryers,50170081,72000000,2026-09-28 01:30:01,2026-09-28 01:17:03,46,778.0,1982.0,,Available,website maps this code to Available
1,82847ee0-82a0-431a-94c4-93509be43c30,2026-09-28T01:30:01.406+00:00,2026-09-28T01:30:01.603+00:00,21072-30059,dryers,50170060,42000000,2026-09-28 01:30:01,2026-09-28 01:23:52,45,369.0,2331.0,39,Running,
1,82847ee0-82a0-431a-94c4-93509be43c30,2026-09-28T01:30:01.406+00:00,2026-09-28T01:30:01.603+00:00,21072-30059,dryers,50170087,42000000,2026-09-28 01:30:01,2026-09-28 01:23:07,45,414.0,2286.0,39,Running,
1,82847ee0-82a0-431a-94c4-93509be43c30,2026-09-28T01:30:01.406+00:00,2026-09-28T01:30:01.603+00:00,21072-30059,dryers,50170064,42000000,2026-09-28 01:30:01,2026-09-28 01:20:52,50,549.0,2451.0,41,Running,
1,82847ee0-82a0-431a-94c4-93509be43c30,2026-09-28T01:30:01.406+00:00,2026-09-28T01:30:01.603+00:00,21072-30059,dryers,50170065,42000000,2026-09-28 01:30:01,2026-09-28 01:23:55,45,366.0,2334.0,39,Running,
1,82847ee0-82a0-431a-94c4-93509be43c30,2026-09-28T01:30:01.406+00:00,2026-09-28T01:30:01.603+00:00,21072-30059,dryers,50170059,52000000,2026-09-28 01:30:01,2026-09-28 01:16:55,23,786.0,594.0,,Finished,
1,82847ee0-82a0-431a-94c4-93509be43c30,2026-09-28T01:30:01.406+00:00,2026-09-28T01:30:01.603+00:00,21072-30059,dryers,50170057,52000000,2026-09-28 01:30:01,2026-09-28 01:15:36,23,865.0,515.0,,Finished,
1,82847ee0-82a0-431a-94c4-93509be43c30,2026-09-28T01:30:01.406+00:00,2026-09-28T01:30:01.603+00:00,21072-30059,dryers,50170062,72000000,2026-09-28 01:30:01,2026-09-27 07:03:28,46,66393.0,-63633.0,,Available,website maps this code to Available
1,82847ee0-82a0-431a-94c4-93509be43c30,2026-09-28T01:30:01.406+00:00,2026-09-28T01:30:01.603+00:00,21072-30059,dryers,50170067,52000000,2026-09-28 01:30:01,2026-09-28 01:18:40,1,681.0,-621.0,,Finished,
1,82847ee0-82a0-431a-94c4-93509be43c30,2026-09-28T01:30:01.406+00:00,2026-09-28T01:30:01.603+00:00,21072-30059,dryers,50170074,42000000,2026-09-28 01:30:01,2026-09-28 01:23:28,72,393.0,3927.0,66,Running,
1,82847ee0-82a0-431a-94c4-93509be43c30,2026-09-28T01:30:01.406+00:00,2026-09-28T01:30:01.603+00:00,21072-30059,dryers,50170071,72000000,2026-09-28 01:30:01,2026-09-28 01:14:55,46,906.0,1854.0,,Available,website maps this code to Available
1,82847ee0-82a0-431a-94c4-93509be43c30,2026-09-28T01:30:01.406+00:00,2026-09-28T01:30:01.603+00:00,21072-30059,dryers,50170054,42000000,2026-09-28 01:30:01,2026-09-28 01:23:26,68,395.0,3685.0,62,Running,
1,caab012d-54ac-42e8-be3f-4142ef5ca49a,2026-09-28T01:31:01.283+00:00,2026-09-28T01:31:01.473+00:00,21072-30059,washers,50170051,72000000,2026-09-28 01:31:01,2026-09-28 01:14:06,29,1015.0,725.0,,Available,website maps this code to Available
1,caab012d-54ac-42e8-be3f-4142ef5ca49a,2026-09-28T01:31:01.283+00:00,2026-09-28T01:31:01.473+00:00,21072-30059,washers,50170080,72000000,2026-09-28 01:31:01,2026-09-28 00:26:38,29,3863.0,-2123.0,,Available,website maps this code to Available
1,caab012d-54ac-42e8-be3f-4142ef5ca49a,2026-09-28T01:31:01.283+00:00,2026-09-28T01:31:01.473+00:00,21072-30059,washers,50170075,72000000,2026-09-28 01:31:01,2026-09-28 00:25:28,29,3933.0,-2193.0,,Available,website maps this code to Available
1,caab012d-54ac-42e8-be3f-4142ef5ca49a,2026-09-28T01:31:01.283+00:00,2026-09-28T01:31:01.473+00:00,21072-30059,washers,50170082,72000000,2026-09-28 01:31:01,2026-09-28 00:14:48,29,4573.0,-2833.0,,Available,website maps this code to Available
1,caab012d-54ac-42e8-be3f-4142ef5ca49a,2026-09-28T01:31:01.283+00:00,2026-09-28T01:31:01.473+00:00,21072-30059,washers,50170050,72000000,2026-09-28 01:31:01,2026-09-28 01:16:32,29,869.0,871.0,,Available,website maps this code to Available
1,caab012d-54ac-42e8-be3f-4142ef5ca49a,2026-09-28T01:31:01.283+00:00,2026-09-28T01:31:01.473+00:00,21072-30059,washers,50170052,72000000,2026-09-28 01:31:01,2026-09-28 00:32:00,29,3541.0,-1801.0,,Available,website maps this code to Available
1,caab012d-54ac-42e8-be3f-4142ef5ca49a,2026-09-28T01:31:01.283+00:00,2026-09-28T01:31:01.473+00:00,21072-30059,washers,50170078,72000000,2026-09-28 01:31:01,2026-09-28 00:31:25,29,3576.0,-1836.0,,Available,website maps this code to Available
1,caab012d-54ac-42e8-be3f-4142ef5ca49a,2026-09-28T01:31:01.283+00:00,2026-09-28T01:31:01.473+00:00,21072-30059,washers,50170084,72000000,2026-09-28 01:31:01,2026-09-28 00:29:34,29,3687.0,-1947.0,,Available,website maps this code to Available
1,caab012d-54ac-42e8-be3f-4142ef5ca49a,2026-09-28T01:31:01.283+00:00,2026-09-28T01:31:01.473+00:00,21072-30059,washers,50170068,72000000,2026-09-28 01:31:01,2026-09-28 01:16:45,29,856.0,884.0,,Available,website maps this code to Available
1,caab012d-54ac-42e8-be3f-4142ef5ca49a,2026-09-28T01:31:01.283+00:00,2026-09-28T01:31:01.473+00:00,21072-30059,washers,50170072,72000000,2026-09-28 01:31:01,2026-09-27 23:01:12,29,8989.0,-7249.0,,Available,website maps this code to Available
1,caab012d-54ac-42e8-be3f-4142ef5ca49a,2026-09-28T01:31:01.283+00:00,2026-09-28T01:31:01.473+00:00,21072-30059,washers,20483408,72000000,2026-09-28 01:31:01,2024-12-20 00:43:32,0,55903649.0,-55903649.0,,Available,website maps this code to Available
1,caab012d-54ac-42e8-be3f-4142ef5ca49a,2026-09-28T01:31:01.283+00:00,2026-09-28T01:31:01.473+00:00,21072-30059,washers,50170055,72000000,2026-09-28 01:31:01,2026-09-28 01:16:18,29,883.0,857.0,,Available,website maps this code to Available
1,caab012d-54ac-42e8-be3f-4142ef5ca49a,2026-09-28T01:31:01.283+00:00,2026-09-28T01:31:01.473+00:00,21072-30059,dryers,50170058,D2000000,2026-09-28 01:31:01,2026-09-26 17:53:29,45,113852.0,-111152.0,,Start Mode After PF,
1,caab012d-54ac-42e8-be3f-4142ef5ca49a,2026-09-28T01:31:01.283+00:00,2026-09-28T01:31:01.473+00:00,21072-30059,dryers,50170061,72000000,2026-09-28 01:31:01,2026-09-28 01:14:22,46,999.0,1761.0,,Available,website maps this code to Available
1,caab012d-54ac-42e8-be3f-4142ef5ca49a,2026-09-28T01:31:01.283+00:00,2026-09-28T01:31:01.473+00:00,21072-30059,dryers,50170081,72000000,2026-09-28 01:31:01,2026-09-28 01:17:03,46,838.0,1922.0,,Available,website maps this code to Available
1,caab012d-54ac-42e8-be3f-4142ef5ca49a,2026-09-28T01:31:01.283+00:00,2026-09-28T01:31:01.473+00:00,21072-30059,dryers,50170060,42000000,2026-09-28 01:31:01,2026-09-28 01:23:52,45,429.0,2271.0,38,Running,
1,caab012d-54ac-42e8-be3f-4142ef5ca49a,2026-09-28T01:31:01.283+00:00,2026-09-28T01:31:01.473+00:00,21072-30059,dryers,50170087,42000000,2026-09-28 01:31:01,2026-09-28 01:23:07,45,474.0,2226.0,38,Running,
1,caab012d-54ac-42e8-be3f-4142ef5ca49a,2026-09-28T01:31:01.283+00:00,2026-09-28T01:31:01.473+00:00,21072-30059,dryers,50170064,42000000,2026-09-28 01:31:01,2026-09-28 01:20:52,50,609.0,2391.0,40,Running,
1,caab012d-54ac-42e8-be3f-4142ef5ca49a,2026-09-28T01:31:01.283+00:00,2026-09-28T01:31:01.473+00:00,21072-30059,dryers,50170065,42000000,2026-09-28 01:31:01,2026-09-28 01:23:55,45,426.0,2274.0,38,Running,
1,caab012d-54ac-42e8-be3f-4142ef5ca49a,2026-09-28T01:31:01.283+00:00,2026-09-28T01:31:01.473+00:00,21072-30059,dryers,50170059,52000000,2026-09-28 01:31:01,2026-09-28 01:16:55,23,846.0,534.0,,Finished,
1,caab012d-54ac-42e8-be3f-4142ef5ca49a,2026-09-28T01:31:01.283+00:00,2026-09-28T01:31:01.473+00:00,21072-30059,dryers,50170057,52000000,2026-09-28 01:31:01,2026-09-28 01:15:36,23,925.0,455.0,,Finished,
1,caab012d-54ac-42e8-be3f-4142ef5ca49a,2026-09-28T01:31:01.283+00:00,2026-09-28T01:31:01.473+00:00,21072-30059,dryers,50170062,72000000,2026-09-28 01:31:01,2026-09-27 07:03:28,46,66453.0,-63693.0,,Available,website maps this code to Available
1,caab012d-54ac-42e8-be3f-4142ef5ca49a,2026-09-28T01:31:01.283+00:00,2026-09-28T01:31:01.473+00:00,21072-30059,dryers,50170067,52000000,2026-09-28 01:31:01,2026-09-28 01:18:40,1,741.0,-681.0,,Finished,
1,caab012d-54ac-42e8-be3f-4142ef5ca49a,2026-09-28T01:31:01.283+00:00,2026-09-28T01:31:01.473+00:00,21072-30059,dryers,50170074,42000000,2026-09-28 01:31:01,2026-09-28 01:23:28,72,453.0,3867.0,65,Running,
1,caab012d-54ac-42e8-be3f-4142ef5ca49a,2026-09-28T01:31:01.283+00:00,2026-09-28T01:31:01.473+00:00,21072-30059,dryers,50170071,72000000,2026-09-28 01:31:01,2026-09-28 01:14:55,46,966.0,1794.0,,Available,website maps this code to Available
1,caab012d-54ac-42e8-be3f-4142ef5ca49a,2026-09-28T01:31:01.283+00:00,2026-09-28T01:31:01.473+00:00,21072-30059,dryers,50170054,42000000,2026-09-28 01:31:01,2026-09-28 01:23:26,68,455.0,3625.0,61,Running,
1,0b2b38f5-1d5b-4151-a22f-42974dd43046,2026-09-28T01:32:01.292+00:00,2026-09-28T01:32:01.497+00:00,21072-30059,washers,50170051,72000000,2026-09-28 01:32:01,2026-09-28 01:14:06,29,1075.0,665.0,,Available,website maps this code to Available
1,0b2b38f5-1d5b-4151-a22f-42974dd43046,2026-09-28T01:32:01.292+00:00,2026-09-28T01:32:01.497+00:00,21072-30059,washers,50170080,72000000,2026-09-28 01:32:01,2026-09-28 00:26:38,29,3923.0,-2183.0,,Available,website maps this code to Available
1,0b2b38f5-1d5b-4151-a22f-42974dd43046,2026-09-28T01:32:01.292+00:00,2026-09-28T01:32:01.497+00:00,21072-30059,washers,50170075,72000000,2026-09-28 01:32:01,2026-09-28 00:25:28,29,3993.0,-2253.0,,Available,website maps this code to Available
1,0b2b38f5-1d5b-4151-a22f-42974dd43046,2026-09-28T01:32:01.292+00:00,2026-09-28T01:32:01.497+00:00,21072-30059,washers,50170082,72000000,2026-09-28 01:32:01,2026-09-28 00:14:48,29,4633.0,-2893.0,,Available,website maps this code to Available
1,0b2b38f5-1d5b-4151-a22f-42974dd43046,2026-09-28T01:32:01.292+00:00,2026-09-28T01:32:01.497+00:00,21072-30059,washers,50170050,72000000,2026-09-28 01:32:01,2026-09-28 01:16:32,29,929.0,811.0,,Available,website maps this code to Available
1,0b2b38f5-1d5b-4151-a22f-42974dd43046,2026-09-28T01:32:01.292+00:00,2026-09-28T01:32:01.497+00:00,21072-30059,washers,50170052,72000000,2026-09-28 01:32:01,2026-09-28 00:32:00,29,3601.0,-1861.0,,Available,website maps this code to Available
1,0b2b38f5-1d5b-4151-a22f-42974dd43046,2026-09-28T01:32:01.292+00:00,2026-09-28T01:32:01.497+00:00,21072-30059,washers,50170078,72000000,2026-09-28 01:32:01,2026-09-28 00:31:25,29,3636.0,-1896.0,,Available,website maps this code to Available
1,0b2b38f5-1d5b-4151-a22f-42974dd43046,2026-09-28T01:32:01.292+00:00,2026-09-28T01:32:01.497+00:00,21072-30059,washers,50170084,72000000,2026-09-28 01:32:01,2026-09-28 00:29:34,29,3747.0,-2007.0,,Available,website maps this code to Available
1,0b2b38f5-1d5b-4151-a22f-42974dd43046,2026-09-28T01:32:01.292+00:00,2026-09-28T01:32:01.497+00:00,21072-30059,washers,50170068,72000000,2026-09-28 01:32:01,2026-09-28 01:16:45,29,916.0,824.0,,Available,website maps this code to Available
1,0b2b38f5-1d5b-4151-a22f-42974dd43046,2026-09-28T01:32:01.292+00:00,2026-09-28T01:32:01.497+00:00,21072-30059,washers,50170072,72000000,2026-09-28 01:32:01,2026-09-27 23:01:12,29,9049.0,-7309.0,,Available,website maps this code to Available
1,0b2b38f5-1d5b-4151-a22f-42974dd43046,2026-09-28T01:32:01.292+00:00,2026-09-28T01:32:01.497+00:00,21072-30059,washers,20483408,72000000,2026-09-28 01:32:01,2024-12-20 00:43:32,0,55903709.0,-55903709.0,,Available,website maps this code to Available
1,0b2b38f5-1d5b-4151-a22f-42974dd43046,2026-09-28T01:32:01.292+00:00,2026-09-28T01:32:01.497+00:00,21072-30059,washers,50170055,72000000,2026-09-28 01:32:01,2026-09-28 01:16:18,29,943.0,797.0,,Available,website maps this code to Available
1,0b2b38f5-1d5b-4151-a22f-42974dd43046,2026-09-28T01:32:01.292+00:00,2026-09-28T01:32:01.497+00:00,21072-30059,dryers,50170058,D2000000,2026-09-28 01:32:01,2026-09-26 17:53:29,45,113912.0,-111212.0,,Start Mode After PF,
1,0b2b38f5-1d5b-4151-a22f-42974dd43046,2026-09-28T01:32:01.292+00:00,2026-09-28T01:32:01.497+00:00,21072-30059,dryers,50170061,72000000,2026-09-28 01:32:01,2026-09-28 01:14:22,46,1059.0,1701.0,,Available,website maps this code to Available
1,0b2b38f5-1d5b-4151-a22f-42974dd43046,2026-09-28T01:32:01.292+00:00,2026-09-28T01:32:01.497+00:00,21072-30059,dryers,50170081,72000000,2026-09-28 01:32:01,2026-09-28 01:17:03,46,898.0,1862.0,,Available,website maps this code to Available
1,0b2b38f5-1d5b-4151-a22f-42974dd43046,2026-09-28T01:32:01.292+00:00,2026-09-28T01:32:01.497+00:00,21072-30059,dryers,50170060,42000000,2026-09-28 01:32:01,2026-09-28 01:23:52,45,489.0,2211.0,37,Running,
1,0b2b38f5-1d5b-4151-a22f-42974dd43046,2026-09-28T01:32:01.292+00:00,2026-09-28T01:32:01.497+00:00,21072-30059,dryers,50170087,42000000,2026-09-28 01:32:01,2026-09-28 01:23:07,45,534.0,2166.0,37,Running,
1,0b2b38f5-1d5b-4151-a22f-42974dd43046,2026-09-28T01:32:01.292+00:00,2026-09-28T01:32:01.497+00:00,21072-30059,dryers,50170064,42000000,2026-09-28 01:32:01,2026-09-28 01:20:52,50,669.0,2331.0,39,Running,
1,0b2b38f5-1d5b-4151-a22f-42974dd43046,2026-09-28T01:32:01.292+00:00,2026-09-28T01:32:01.497+00:00,21072-30059,dryers,50170065,42000000,2026-09-28 01:32:01,2026-09-28 01:23:55,45,486.0,2214.0,37,Running,
1,0b2b38f5-1d5b-4151-a22f-42974dd43046,2026-09-28T01:32:01.292+00:00,2026-09-28T01:32:01.497+00:00,21072-30059,dryers,50170059,52000000,2026-09-28 01:32:01,2026-09-28 01:16:55,23,906.0,474.0,,Finished,
1,0b2b38f5-1d5b-4151-a22f-42974dd43046,2026-09-28T01:32:01.292+00:00,2026-09-28T01:32:01.497+00:00,21072-30059,dryers,50170057,52000000,2026-09-28 01:32:01,2026-09-28 01:15:36,23,985.0,395.0,,Finished,
1,0b2b38f5-1d5b-4151-a22f-42974dd43046,2026-09-28T01:32:01.292+00:00,2026-09-28T01:32:01.497+00:00,21072-30059,dryers,50170062,72000000,2026-09-28 01:32:01,2026-09-27 07:03:28,46,66513.0,-63753.0,,Available,website maps this code to Available
1,0b2b38f5-1d5b-4151-a22f-42974dd43046,2026-09-28T01:32:01.292+00:00,2026-09-28T01:32:01.497+00:00,21072-30059,dryers,50170067,52000000,2026-09-28 01:32:01,2026-09-28 01:18:40,1,801.0,-741.0,,Finished,
1,0b2b38f5-1d5b-4151-a22f-42974dd43046,2026-09-28T01:32:01.292+00:00,2026-09-28T01:32:01.497+00:00,21072-30059,dryers,50170074,42000000,2026-09-28 01:32:01,2026-09-28 01:23:28,72,513.0,3807.0,64,Running,
1,0b2b38f5-1d5b-4151-a22f-42974dd43046,2026-09-28T01:32:01.292+00:00,2026-09-28T01:32:01.497+00:00,21072-30059,dryers,50170071,72000000,2026-09-28 01:32:01,2026-09-28 01:14:55,46,1026.0,1734.0,,Available,website maps this code to Available
1,0b2b38f5-1d5b-4151-a22f-42974dd43046,2026-09-28T01:32:01.292+00:00,2026-09-28T01:32:01.497+00:00,21072-30059,dryers,50170054,42000000,2026-09-28 01:32:01,2026-09-28 01:23:26,68,515.0,3565.0,60,Running,
1,3f357150-41ee-4e65-a102-c97ae8138b7c,2026-09-28T01:33:01.302+00:00,2026-09-28T01:33:01.488+00:00,21072-30059,washers,50170051,72000000,2026-09-28 01:33:01,2026-09-28 01:14:06,29,1135.0,605.0,,Available,website maps this code to Available
1,3f357150-41ee-4e65-a102-c97ae8138b7c,2026-09-28T01:33:01.302+00:00,2026-09-28T01:33:01.488+00:00,21072-30059,washers,50170080,72000000,2026-09-28 01:33:01,2026-09-28 00:26:38,29,3983.0,-2243.0,,Available,website maps this code to Available
1,3f357150-41ee-4e65-a102-c97ae8138b7c,2026-09-28T01:33:01.302+00:00,2026-09-28T01:33:01.488+00:00,21072-30059,washers,50170075,72000000,2026-09-28 01:33:01,2026-09-28 00:25:28,29,4053.0,-2313.0,,Available,website maps this code to Available
1,3f357150-41ee-4e65-a102-c97ae8138b7c,2026-09-28T01:33:01.302+00:00,2026-09-28T01:33:01.488+00:00,21072-30059,washers,50170082,72000000,2026-09-28 01:33:01,2026-09-28 00:14:48,29,4693.0,-2953.0,,Available,website maps this code to Available
1,3f357150-41ee-4e65-a102-c97ae8138b7c,2026-09-28T01:33:01.302+00:00,2026-09-28T01:33:01.488+00:00,21072-30059,washers,50170050,72000000,2026-09-28 01:33:01,2026-09-28 01:16:32,29,989.0,751.0,,Available,website maps this code to Available
1,3f357150-41ee-4e65-a102-c97ae8138b7c,2026-09-28T01:33:01.302+00:00,2026-09-28T01:33:01.488+00:00,21072-30059,washers,50170052,72000000,2026-09-28 01:33:01,2026-09-28 00:32:00,29,3661.0,-1921.0,,Available,website maps this code to Available
1,3f357150-41ee-4e65-a102-c97ae8138b7c,2026-09-28T01:33:01.302+00:00,2026-09-28T01:33:01.488+00:00,21072-30059,washers,50170078,72000000,2026-09-28 01:33:01,2026-09-28 00:31:25,29,3696.0,-1956.0,,Available,website maps this code to Available
1,3f357150-41ee-4e65-a102-c97ae8138b7c,2026-09-28T01:33:01.302+00:00,2026-09-28T01:33:01.488+00:00,21072-30059,washers,50170084,72000000,2026-09-28 01:33:01,2026-09-28 00:29:34,29,3807.0,-2067.0,,Available,website maps this code to Available
1,3f357150-41ee-4e65-a102-c97ae8138b7c,2026-09-28T01:33:01.302+00:00,2026-09-28T01:33:01.488+00:00,21072-30059,washers,50170068,72000000,2026-09-28 01:33:01,2026-09-28 01:16:45,29,976.0,764.0,,Available,website maps this code to Available
1,3f357150-41ee-4e65-a102-c97ae8138b7c,2026-09-28T01:33:01.302+00:00,2026-09-28T01:33:01.488+00:00,21072-30059,washers,50170072,72000000,2026-09-28 01:33:01,2026-09-27 23:01:12,29,9109.0,-7369.0,,Available,website maps this code to Available
1,3f357150-41ee-4e65-a102-c97ae8138b7c,2026-09-28T01:33:01.302+00:00,2026-09-28T01:33:01.488+00:00,21072-30059,washers,20483408,72000000,2026-09-28 01:33:01,2024-12-20 00:43:32,0,55903769.0,-55903769.0,,Available,website maps this code to Available
1,3f357150-41ee-4e65-a102-c97ae8138b7c,2026-09-28T01:33:01.302+00:00,2026-09-28T01:33:01.488+00:00,21072-30059,washers,50170055,72000000,2026-09-28 01:33:01,2026-09-28 01:16:18,29,1003.0,737.0,,Available,website maps this code to Available
1,3f357150-41ee-4e65-a102-c97ae8138b7c,2026-09-28T01:33:01.302+00:00,2026-09-28T01:33:01.488+00:00,21072-30059,dryers,50170058,D2000000,2026-09-28 01:33:01,2026-09-26 17:53:29,45,113972.0,-111272.0,,Start Mode After PF,
1,3f357150-41ee-4e65-a102-c97ae8138b7c,2026-09-28T01:33:01.302+00:00,2026-09-28T01:33:01.488+00:00,21072-30059,dryers,50170061,72000000,2026-09-28 01:33:01,2026-09-28 01:14:22,46,1119.0,1641.0,,Available,website maps this code to Available
1,3f357150-41ee-4e65-a102-c97ae8138b7c,2026-09-28T01:33:01.302+00:00,2026-09-28T01:33:01.488+00:00,21072-30059,dryers,50170081,72000000,2026-09-28 01:33:01,2026-09-28 01:17:03,46,958.0,1802.0,,Available,website maps this code to Available
1,3f357150-41ee-4e65-a102-c97ae8138b7c,2026-09-28T01:33:01.302+00:00,2026-09-28T01:33:01.488+00:00,21072-30059,dryers,50170060,42000000,2026-09-28 01:33:01,2026-09-28 01:23:52,45,549.0,2151.0,36,Running,
1,3f357150-41ee-4e65-a102-c97ae8138b7c,2026-09-28T01:33:01.302+00:00,2026-09-28T01:33:01.488+00:00,21072-30059,dryers,50170087,42000000,2026-09-28 01:33:01,2026-09-28 01:23:07,45,594.0,2106.0,36,Running,
1,3f357150-41ee-4e65-a102-c97ae8138b7c,2026-09-28T01:33:01.302+00:00,2026-09-28T01:33:01.488+00:00,21072-30059,dryers,50170064,42000000,2026-09-28 01:33:01,2026-09-28 01:20:52,50,729.0,2271.0,38,Running,
1,3f357150-41ee-4e65-a102-c97ae8138b7c,2026-09-28T01:33:01.302+00:00,2026-09-28T01:33:01.488+00:00,21072-30059,dryers,50170065,42000000,2026-09-28 01:33:01,2026-09-28 01:23:55,45,546.0,2154.0,36,Running,
1,3f357150-41ee-4e65-a102-c97ae8138b7c,2026-09-28T01:33:01.302+00:00,2026-09-28T01:33:01.488+00:00,21072-30059,dryers,50170059,52000000,2026-09-28 01:33:01,2026-09-28 01:16:55,23,966.0,414.0,,Finished,
1,3f357150-41ee-4e65-a102-c97ae8138b7c,2026-09-28T01:33:01.302+00:00,2026-09-28T01:33:01.488+00:00,21072-30059,dryers,50170057,52000000,2026-09-28 01:33:01,2026-09-28 01:15:36,23,1045.0,335.0,,Finished,
1,3f357150-41ee-4e65-a102-c97ae8138b7c,2026-09-28T01:33:01.302+00:00,2026-09-28T01:33:01.488+00:00,21072-30059,dryers,50170062,72000000,2026-09-28 01:33:01,2026-09-27 07:03:28,46,66573.0,-63813.0,,Available,website maps this code to Available
1,3f357150-41ee-4e65-a102-c97ae8138b7c,2026-09-28T01:33:01.302+00:00,2026-09-28T01:33:01.488+00:00,21072-30059,dryers,50170067,52000000,2026-09-28 01:33:01,2026-09-28 01:18:40,1,861.0,-801.0,,Finished,
1,3f357150-41ee-4e65-a102-c97ae8138b7c,2026-09-28T01:33:01.302+00:00,2026-09-28T01:33:01.488+00:00,21072-30059,dryers,50170074,42000000,2026-09-28 01:33:01,2026-09-28 01:23:28,72,573.0,3747.0,63,Running,
1,3f357150-41ee-4e65-a102-c97ae8138b7c,2026-09-28T01:33:01.302+00:00,2026-09-28T01:33:01.488+00:00,21072-30059,dryers,50170071,72000000,2026-09-28 01:33:01,2026-09-28 01:14:55,46,1086.0,1674.0,,Available,website maps this code to Available
1,3f357150-41ee-4e65-a102-c97ae8138b7c,2026-09-28T01:33:01.302+00:00,2026-09-28T01:33:01.488+00:00,21072-30059,dryers,50170054,42000000,2026-09-28 01:33:01,2026-09-28 01:23:26,68,575.0,3505.0,59,Running,
1,1780f1df-ec79-4c06-aa50-5d1b61b900c5,2026-09-28T01:34:01.269+00:00,2026-09-28T01:34:01.474+00:00,21072-30059,washers,50170051,72000000,2026-09-28 01:34:01,2026-09-28 01:14:06,29,1195.0,545.0,,Available,website maps this code to Available
1,1780f1df-ec79-4c06-aa50-5d1b61b900c5,2026-09-28T01:34:01.269+00:00,2026-09-28T01:34:01.474+00:00,21072-30059,washers,50170080,72000000,2026-09-28 01:34:01,2026-09-28 00:26:38,29,4043.0,-2303.0,,Available,website maps this code to Available
1,1780f1df-ec79-4c06-aa50-5d1b61b900c5,2026-09-28T01:34:01.269+00:00,2026-09-28T01:34:01.474+00:00,21072-30059,washers,50170075,72000000,2026-09-28 01:34:01,2026-09-28 00:25:28,29,4113.0,-2373.0,,Available,website maps this code to Available
1,1780f1df-ec79-4c06-aa50-5d1b61b900c5,2026-09-28T01:34:01.269+00:00,2026-09-28T01:34:01.474+00:00,21072-30059,washers,50170082,72000000,2026-09-28 01:34:01,2026-09-28 00:14:48,29,4753.0,-3013.0,,Available,website maps this code to Available
1,1780f1df-ec79-4c06-aa50-5d1b61b900c5,2026-09-28T01:34:01.269+00:00,2026-09-28T01:34:01.474+00:00,21072-30059,washers,50170050,72000000,2026-09-28 01:34:01,2026-09-28 01:16:32,29,1049.0,691.0,,Available,website maps this code to Available
1,1780f1df-ec79-4c06-aa50-5d1b61b900c5,2026-09-28T01:34:01.269+00:00,2026-09-28T01:34:01.474+00:00,21072-30059,washers,50170052,72000000,2026-09-28 01:34:01,2026-09-28 00:32:00,29,3721.0,-1981.0,,Available,website maps this code to Available
1,1780f1df-ec79-4c06-aa50-5d1b61b900c5,2026-09-28T01:34:01.269+00:00,2026-09-28T01:34:01.474+00:00,21072-30059,washers,50170078,72000000,2026-09-28 01:34:01,2026-09-28 00:31:25,29,3756.0,-2016.0,,Available,website maps this code to Available
1,1780f1df-ec79-4c06-aa50-5d1b61b900c5,2026-09-28T01:34:01.269+00:00,2026-09-28T01:34:01.474+00:00,21072-30059,washers,50170084,72000000,2026-09-28 01:34:01,2026-09-28 00:29:34,29,3867.0,-2127.0,,Available,website maps this code to Available
1,1780f1df-ec79-4c06-aa50-5d1b61b900c5,2026-09-28T01:34:01.269+00:00,2026-09-28T01:34:01.474+00:00,21072-30059,washers,50170068,72000000,2026-09-28 01:34:01,2026-09-28 01:16:45,29,1036.0,704.0,,Available,website maps this code to Available
1,1780f1df-ec79-4c06-aa50-5d1b61b900c5,2026-09-28T01:34:01.269+00:00,2026-09-28T01:34:01.474+00:00,21072-30059,washers,50170072,72000000,2026-09-28 01:34:01,2026-09-27 23:01:12,29,9169.0,-7429.0,,Available,website maps this code to Available
1,1780f1df-ec79-4c06-aa50-5d1b61b900c5,2026-09-28T01:34:01.269+00:00,2026-09-28T01:34:01.474+00:00,21072-30059,washers,20483408,72000000,2026-09-28 01:34:01,2024-12-20 00:43:32,0,55903829.0,-55903829.0,,Available,website maps this code to Available
1,1780f1df-ec79-4c06-aa50-5d1b61b900c5,2026-09-28T01:34:01.269+00:00,2026-09-28T01:34:01.474+00:00,21072-30059,washers,50170055,72000000,2026-09-28 01:34:01,2026-09-28 01:16:18,29,1063.0,677.0,,Available,website maps this code to Available
1,1780f1df-ec79-4c06-aa50-5d1b61b900c5,2026-09-28T01:34:01.269+00:00,2026-09-28T01:34:01.474+00:00,21072-30059,dryers,50170058,D2000000,2026-09-28 01:34:01,2026-09-26 17:53:29,45,114032.0,-111332.0,,Start Mode After PF,
1,1780f1df-ec79-4c06-aa50-5d1b61b900c5,2026-09-28T01:34:01.269+00:00,2026-09-28T01:34:01.474+00:00,21072-30059,dryers,50170061,72000000,2026-09-28 01:34:01,2026-09-28 01:14:22,46,1179.0,1581.0,,Available,website maps this code to Available
1,1780f1df-ec79-4c06-aa50-5d1b61b900c5,2026-09-28T01:34:01.269+00:00,2026-09-28T01:34:01.474+00:00,21072-30059,dryers,50170081,72000000,2026-09-28 01:34:01,2026-09-28 01:17:03,46,1018.0,1742.0,,Available,website maps this code to Available
1,1780f1df-ec79-4c06-aa50-5d1b61b900c5,2026-09-28T01:34:01.269+00:00,2026-09-28T01:34:01.474+00:00,21072-30059,dryers,50170060,42000000,2026-09-28 01:34:01,2026-09-28 01:23:52,45,609.0,2091.0,35,Running,
1,1780f1df-ec79-4c06-aa50-5d1b61b900c5,2026-09-28T01:34:01.269+00:00,2026-09-28T01:34:01.474+00:00,21072-30059,dryers,50170087,42000000,2026-09-28 01:34:01,2026-09-28 01:23:07,45,654.0,2046.0,35,Running,
1,1780f1df-ec79-4c06-aa50-5d1b61b900c5,2026-09-28T01:34:01.269+00:00,2026-09-28T01:34:01.474+00:00,21072-30059,dryers,50170064,42000000,2026-09-28 01:34:01,2026-09-28 01:20:52,50,789.0,2211.0,37,Running,
1,1780f1df-ec79-4c06-aa50-5d1b61b900c5,2026-09-28T01:34:01.269+00:00,2026-09-28T01:34:01.474+00:00,21072-30059,dryers,50170065,42000000,2026-09-28 01:34:01,2026-09-28 01:23:55,45,606.0,2094.0,35,Running,
1,1780f1df-ec79-4c06-aa50-5d1b61b900c5,2026-09-28T01:34:01.269+00:00,2026-09-28T01:34:01.474+00:00,21072-30059,dryers,50170059,52000000,2026-09-28 01:34:01,2026-09-28 01:16:55,23,1026.0,354.0,,Finished,
1,1780f1df-ec79-4c06-aa50-5d1b61b900c5,2026-09-28T01:34:01.269+00:00,2026-09-28T01:34:01.474+00:00,21072-30059,dryers,50170057,52000000,2026-09-28 01:34:01,2026-09-28 01:15:36,23,1105.0,275.0,,Finished,
1,1780f1df-ec79-4c06-aa50-5d1b61b900c5,2026-09-28T01:34:01.269+00:00,2026-09-28T01:34:01.474+00:00,21072-30059,dryers,50170062,72000000,2026-09-28 01:34:01,2026-09-27 07:03:28,46,66633.0,-63873.0,,Available,website maps this code to Available
1,1780f1df-ec79-4c06-aa50-5d1b61b900c5,2026-09-28T01:34:01.269+00:00,2026-09-28T01:34:01.474+00:00,21072-30059,dryers,50170067,52000000,2026-09-28 01:34:01,2026-09-28 01:18:40,1,921.0,-861.0,,Finished,
1,1780f1df-ec79-4c06-aa50-5d1b61b900c5,2026-09-28T01:34:01.269+00:00,2026-09-28T01:34:01.474+00:00,21072-30059,dryers,50170074,42000000,2026-09-28 01:34:01,2026-09-28 01:23:28,72,633.0,3687.0,62,Running,
1,1780f1df-ec79-4c06-aa50-5d1b61b900c5,2026-09-28T01:34:01.269+00:00,2026-09-28T01:34:01.474+00:00,21072-30059,dryers,50170071,72000000,2026-09-28 01:34:01,2026-09-28 01:14:55,46,1146.0,1614.0,,Available,website maps this code to Available
1,1780f1df-ec79-4c06-aa50-5d1b61b900c5,2026-09-28T01:34:01.269+00:00,2026-09-28T01:34:01.474+00:00,21072-30059,dryers,50170054,42000000,2026-09-28 01:34:01,2026-09-28 01:23:26,68,635.0,3445.0,58,Running,
1,2ab13fce-c0a3-49c8-8fa9-be49a0a38152,2026-09-28T01:35:01.316+00:00,2026-09-28T01:35:01.563+00:00,21072-30059,washers,50170051,72000000,2026-09-28 01:35:01,2026-09-28 01:14:06,29,1255.0,485.0,,Available,website maps this code to Available
1,2ab13fce-c0a3-49c8-8fa9-be49a0a38152,2026-09-28T01:35:01.316+00:00,2026-09-28T01:35:01.563+00:00,21072-30059,washers,50170080,72000000,2026-09-28 01:35:01,2026-09-28 00:26:38,29,4103.0,-2363.0,,Available,website maps this code to Available
1,2ab13fce-c0a3-49c8-8fa9-be49a0a38152,2026-09-28T01:35:01.316+00:00,2026-09-28T01:35:01.563+00:00,21072-30059,washers,50170075,72000000,2026-09-28 01:35:01,2026-09-28 00:25:28,29,4173.0,-2433.0,,Available,website maps this code to Available
1,2ab13fce-c0a3-49c8-8fa9-be49a0a38152,2026-09-28T01:35:01.316+00:00,2026-09-28T01:35:01.563+00:00,21072-30059,washers,50170082,72000000,2026-09-28 01:35:01,2026-09-28 00:14:48,29,4813.0,-3073.0,,Available,website maps this code to Available
1,2ab13fce-c0a3-49c8-8fa9-be49a0a38152,2026-09-28T01:35:01.316+00:00,2026-09-28T01:35:01.563+00:00,21072-30059,washers,50170050,72000000,2026-09-28 01:35:01,2026-09-28 01:16:32,29,1109.0,631.0,,Available,website maps this code to Available
1,2ab13fce-c0a3-49c8-8fa9-be49a0a38152,2026-09-28T01:35:01.316+00:00,2026-09-28T01:35:01.563+00:00,21072-30059,washers,50170052,72000000,2026-09-28 01:35:01,2026-09-28 00:32:00,29,3781.0,-2041.0,,Available,website maps this code to Available
1,2ab13fce-c0a3-49c8-8fa9-be49a0a38152,2026-09-28T01:35:01.316+00:00,2026-09-28T01:35:01.563+00:00,21072-30059,washers,50170078,72000000,2026-09-28 01:35:01,2026-09-28 00:31:25,29,3816.0,-2076.0,,Available,website maps this code to Available
1,2ab13fce-c0a3-49c8-8fa9-be49a0a38152,2026-09-28T01:35:01.316+00:00,2026-09-28T01:35:01.563+00:00,21072-30059,washers,50170084,72000000,2026-09-28 01:35:01,2026-09-28 00:29:34,29,3927.0,-2187.0,,Available,website maps this code to Available
1,2ab13fce-c0a3-49c8-8fa9-be49a0a38152,2026-09-28T01:35:01.316+00:00,2026-09-28T01:35:01.563+00:00,21072-30059,washers,50170068,72000000,2026-09-28 01:35:01,2026-09-28 01:16:45,29,1096.0,644.0,,Available,website maps this code to Available
1,2ab13fce-c0a3-49c8-8fa9-be49a0a38152,2026-09-28T01:35:01.316+00:00,2026-09-28T01:35:01.563+00:00,21072-30059,washers,50170072,72000000,2026-09-28 01:35:01,2026-09-27 23:01:12,29,9229.0,-7489.0,,Available,website maps this code to Available
1,2ab13fce-c0a3-49c8-8fa9-be49a0a38152,2026-09-28T01:35:01.316+00:00,2026-09-28T01:35:01.563+00:00,21072-30059,washers,20483408,72000000,2026-09-28 01:35:01,2024-12-20 00:43:32,0,55903889.0,-55903889.0,,Available,website maps this code to Available
1,2ab13fce-c0a3-49c8-8fa9-be49a0a38152,2026-09-28T01:35:01.316+00:00,2026-09-28T01:35:01.563+00:00,21072-30059,washers,50170055,72000000,2026-09-28 01:35:01,2026-09-28 01:16:18,29,1123.0,617.0,,Available,website maps this code to Available
1,2ab13fce-c0a3-49c8-8fa9-be49a0a38152,2026-09-28T01:35:01.316+00:00,2026-09-28T01:35:01.563+00:00,21072-30059,dryers,50170058,D2000000,2026-09-28 01:35:01,2026-09-26 17:53:29,45,114092.0,-111392.0,,Start Mode After PF,
1,2ab13fce-c0a3-49c8-8fa9-be49a0a38152,2026-09-28T01:35:01.316+00:00,2026-09-28T01:35:01.563+00:00,21072-30059,dryers,50170061,72000000,2026-09-28 01:35:01,2026-09-28 01:14:22,46,1239.0,1521.0,,Available,website maps this code to Available
1,2ab13fce-c0a3-49c8-8fa9-be49a0a38152,2026-09-28T01:35:01.316+00:00,2026-09-28T01:35:01.563+00:00,21072-30059,dryers,50170081,72000000,2026-09-28 01:35:01,2026-09-28 01:17:03,46,1078.0,1682.0,,Available,website maps this code to Available
1,2ab13fce-c0a3-49c8-8fa9-be49a0a38152,2026-09-28T01:35:01.316+00:00,2026-09-28T01:35:01.563+00:00,21072-30059,dryers,50170060,42000000,2026-09-28 01:35:01,2026-09-28 01:23:52,45,669.0,2031.0,34,Running,
1,2ab13fce-c0a3-49c8-8fa9-be49a0a38152,2026-09-28T01:35:01.316+00:00,2026-09-28T01:35:01.563+00:00,21072-30059,dryers,50170087,42000000,2026-09-28 01:35:01,2026-09-28 01:23:07,45,714.0,1986.0,34,Running,
1,2ab13fce-c0a3-49c8-8fa9-be49a0a38152,2026-09-28T01:35:01.316+00:00,2026-09-28T01:35:01.563+00:00,21072-30059,dryers,50170064,42000000,2026-09-28 01:35:01,2026-09-28 01:20:52,50,849.0,2151.0,36,Running,
1,2ab13fce-c0a3-49c8-8fa9-be49a0a38152,2026-09-28T01:35:01.316+00:00,2026-09-28T01:35:01.563+00:00,21072-30059,dryers,50170065,42000000,2026-09-28 01:35:01,2026-09-28 01:23:55,45,666.0,2034.0,34,Running,
1,2ab13fce-c0a3-49c8-8fa9-be49a0a38152,2026-09-28T01:35:01.316+00:00,2026-09-28T01:35:01.563+00:00,21072-30059,dryers,50170059,52000000,2026-09-28 01:35:01,2026-09-28 01:16:55,23,1086.0,294.0,,Finished,
1,2ab13fce-c0a3-49c8-8fa9-be49a0a38152,2026-09-28T01:35:01.316+00:00,2026-09-28T01:35:01.563+00:00,21072-30059,dryers,50170057,52000000,2026-09-28 01:35:01,2026-09-28 01:15:36,23,1165.0,215.0,,Finished,
1,2ab13fce-c0a3-49c8-8fa9-be49a0a38152,2026-09-28T01:35:01.316+00:00,2026-09-28T01:35:01.563+00:00,21072-30059,dryers,50170062,72000000,2026-09-28 01:35:01,2026-09-27 07:03:28,46,66693.0,-63933.0,,Available,website maps this code to Available
1,2ab13fce-c0a3-49c8-8fa9-be49a0a38152,2026-09-28T01:35:01.316+00:00,2026-09-28T01:35:01.563+00:00,21072-30059,dryers,50170067,52000000,2026-09-28 01:35:01,2026-09-28 01:18:40,1,981.0,-921.0,,Finished,
1,2ab13fce-c0a3-49c8-8fa9-be49a0a38152,2026-09-28T01:35:01.316+00:00,2026-09-28T01:35:01.563+00:00,21072-30059,dryers,50170074,42000000,2026-09-28 01:35:01,2026-09-28 01:23:28,72,693.0,3627.0,61,Running,
1,2ab13fce-c0a3-49c8-8fa9-be49a0a38152,2026-09-28T01:35:01.316+00:00,2026-09-28T01:35:01.563+00:00,21072-30059,dryers,50170071,72000000,2026-09-28 01:35:01,2026-09-28 01:14:55,46,1206.0,1554.0,,Available,website maps this code to Available
1,2ab13fce-c0a3-49c8-8fa9-be49a0a38152,2026-09-28T01:35:01.316+00:00,2026-09-28T01:35:01.563+00:00,21072-30059,dryers,50170054,42000000,2026-09-28 01:35:01,2026-09-28 01:23:26,68,695.0,3385.0,57,Running,
1,a36385fa-a31b-4c58-a59e-73306c31e637,2026-09-28T01:36:01.296+00:00,2026-09-28T01:36:01.484+00:00,21072-30059,washers,50170051,72000000,2026-09-28 01:36:01,2026-09-28 01:14:06,29,1315.0,425.0,,Available,website maps this code to Available
1,a36385fa-a31b-4c58-a59e-73306c31e637,2026-09-28T01:36:01.296+00:00,2026-09-28T01:36:01.484+00:00,21072-30059,washers,50170080,72000000,2026-09-28 01:36:01,2026-09-28 00:26:38,29,4163.0,-2423.0,,Available,website maps this code to Available
1,a36385fa-a31b-4c58-a59e-73306c31e637,2026-09-28T01:36:01.296+00:00,2026-09-28T01:36:01.484+00:00,21072-30059,washers,50170075,72000000,2026-09-28 01:36:01,2026-09-28 00:25:28,29,4233.0,-2493.0,,Available,website maps this code to Available
1,a36385fa-a31b-4c58-a59e-73306c31e637,2026-09-28T01:36:01.296+00:00,2026-09-28T01:36:01.484+00:00,21072-30059,washers,50170082,72000000,2026-09-28 01:36:01,2026-09-28 00:14:48,29,4873.0,-3133.0,,Available,website maps this code to Available
1,a36385fa-a31b-4c58-a59e-73306c31e637,2026-09-28T01:36:01.296+00:00,2026-09-28T01:36:01.484+00:00,21072-30059,washers,50170050,72000000,2026-09-28 01:36:01,2026-09-28 01:16:32,29,1169.0,571.0,,Available,website maps this code to Available
1,a36385fa-a31b-4c58-a59e-73306c31e637,2026-09-28T01:36:01.296+00:00,2026-09-28T01:36:01.484+00:00,21072-30059,washers,50170052,72000000,2026-09-28 01:36:01,2026-09-28 00:32:00,29,3841.0,-2101.0,,Available,website maps this code to Available
1,a36385fa-a31b-4c58-a59e-73306c31e637,2026-09-28T01:36:01.296+00:00,2026-09-28T01:36:01.484+00:00,21072-30059,washers,50170078,72000000,2026-09-28 01:36:01,2026-09-28 00:31:25,29,3876.0,-2136.0,,Available,website maps this code to Available
1,a36385fa-a31b-4c58-a59e-73306c31e637,2026-09-28T01:36:01.296+00:00,2026-09-28T01:36:01.484+00:00,21072-30059,washers,50170084,72000000,2026-09-28 01:36:01,2026-09-28 00:29:34,29,3987.0,-2247.0,,Available,website maps this code to Available
1,a36385fa-a31b-4c58-a59e-73306c31e637,2026-09-28T01:36:01.296+00:00,2026-09-28T01:36:01.484+00:00,21072-30059,washers,50170068,72000000,2026-09-28 01:36:01,2026-09-28 01:16:45,29,1156.0,584.0,,Available,website maps this code to Available
1,a36385fa-a31b-4c58-a59e-73306c31e637,2026-09-28T01:36:01.296+00:00,2026-09-28T01:36:01.484+00:00,21072-30059,washers,50170072,72000000,2026-09-28 01:36:01,2026-09-27 23:01:12,29,9289.0,-7549.0,,Available,website maps this code to Available
1,a36385fa-a31b-4c58-a59e-73306c31e637,2026-09-28T01:36:01.296+00:00,2026-09-28T01:36:01.484+00:00,21072-30059,washers,20483408,72000000,2026-09-28 01:36:01,2024-12-20 00:43:32,0,55903949.0,-55903949.0,,Available,website maps this code to Available
1,a36385fa-a31b-4c58-a59e-73306c31e637,2026-09-28T01:36:01.296+00:00,2026-09-28T01:36:01.484+00:00,21072-30059,washers,50170055,72000000,2026-09-28 01:36:01,2026-09-28 01:16:18,29,1183.0,557.0,,Available,website maps this code to Available
1,a36385fa-a31b-4c58-a59e-73306c31e637,2026-09-28T01:36:01.296+00:00,2026-09-28T01:36:01.484+00:00,21072-30059,dryers,50170058,D2000000,2026-09-28 01:36:01,2026-09-26 17:53:29,45,114152.0,-111452.0,,Start Mode After PF,
1,a36385fa-a31b-4c58-a59e-73306c31e637,2026-09-28T01:36:01.296+00:00,2026-09-28T01:36:01.484+00:00,21072-30059,dryers,50170061,72000000,2026-09-28 01:36:01,2026-09-28 01:14:22,46,1299.0,1461.0,,Available,website maps this code to Available
1,a36385fa-a31b-4c58-a59e-73306c31e637,2026-09-28T01:36:01.296+00:00,2026-09-28T01:36:01.484+00:00,21072-30059,dryers,50170081,72000000,2026-09-28 01:36:01,2026-09-28 01:17:03,46,1138.0,1622.0,,Available,website maps this code to Available
1,a36385fa-a31b-4c58-a59e-73306c31e637,2026-09-28T01:36:01.296+00:00,2026-09-28T01:36:01.484+00:00,21072-30059,dryers,50170060,42000000,2026-09-28 01:36:01,2026-09-28 01:23:52,45,729.0,1971.0,33,Running,
1,a36385fa-a31b-4c58-a59e-73306c31e637,2026-09-28T01:36:01.296+00:00,2026-09-28T01:36:01.484+00:00,21072-30059,dryers,50170087,42000000,2026-09-28 01:36:01,2026-09-28 01:23:07,45,774.0,1926.0,33,Running,
1,a36385fa-a31b-4c58-a59e-73306c31e637,2026-09-28T01:36:01.296+00:00,2026-09-28T01:36:01.484+00:00,21072-30059,dryers,50170064,42000000,2026-09-28 01:36:01,2026-09-28 01:20:52,50,909.0,2091.0,35,Running,
1,a36385fa-a31b-4c58-a59e-73306c31e637,2026-09-28T01:36:01.296+00:00,2026-09-28T01:36:01.484+00:00,21072-30059,dryers,50170065,42000000,2026-09-28 01:36:01,2026-09-28 01:23:55,45,726.0,1974.0,33,Running,
1,a36385fa-a31b-4c58-a59e-73306c31e637,2026-09-28T01:36:01.296+00:00,2026-09-28T01:36:01.484+00:00,21072-30059,dryers,50170059,52000000,2026-09-28 01:36:01,2026-09-28 01:16:55,23,1146.0,234.0,,Finished,
1,a36385fa-a31b-4c58-a59e-73306c31e637,2026-09-28T01:36:01.296+00:00,2026-09-28T01:36:01.484+00:00,21072-30059,dryers,50170057,52000000,2026-09-28 01:36:01,2026-09-28 01:15:36,23,1225.0,155.0,,Finished,
1,a36385fa-a31b-4c58-a59e-73306c31e637,2026-09-28T01:36:01.296+00:00,2026-09-28T01:36:01.484+00:00,21072-30059,dryers,50170062,72000000,2026-09-28 01:36:01,2026-09-27 07:03:28,46,66753.0,-63993.0,,Available,website maps this code to Available
1,a36385fa-a31b-4c58-a59e-73306c31e637,2026-09-28T01:36:01.296+00:00,2026-09-28T01:36:01.484+00:00,21072-30059,dryers,50170067,52000000,2026-09-28 01:36:01,2026-09-28 01:18:40,1,1041.0,-981.0,,Finished,
1,a36385fa-a31b-4c58-a59e-73306c31e637,2026-09-28T01:36:01.296+00:00,2026-09-28T01:36:01.484+00:00,21072-30059,dryers,50170074,42000000,2026-09-28 01:36:01,2026-09-28 01:23:28,72,753.0,3567.0,60,Running,
1,a36385fa-a31b-4c58-a59e-73306c31e637,2026-09-28T01:36:01.296+00:00,2026-09-28T01:36:01.484+00:00,21072-30059,dryers,50170071,72000000,2026-09-28 01:36:01,2026-09-28 01:14:55,46,1266.0,1494.0,,Available,website maps this code to Available
1,a36385fa-a31b-4c58-a59e-73306c31e637,2026-09-28T01:36:01.296+00:00,2026-09-28T01:36:01.484+00:00,21072-30059,dryers,50170054,42000000,2026-09-28 01:36:01,2026-09-28 01:23:26,68,755.0,3325.0,56,Running,
1,a6366dcf-841c-47d4-bf40-c75285cd03da,2026-09-28T01:37:01.265+00:00,2026-09-28T01:37:01.473+00:00,21072-30059,washers,50170051,72000000,2026-09-28 01:37:01,2026-09-28 01:14:06,29,1375.0,365.0,,Available,website maps this code to Available
1,a6366dcf-841c-47d4-bf40-c75285cd03da,2026-09-28T01:37:01.265+00:00,2026-09-28T01:37:01.473+00:00,21072-30059,washers,50170080,72000000,2026-09-28 01:37:01,2026-09-28 00:26:38,29,4223.0,-2483.0,,Available,website maps this code to Available
1,a6366dcf-841c-47d4-bf40-c75285cd03da,2026-09-28T01:37:01.265+00:00,2026-09-28T01:37:01.473+00:00,21072-30059,washers,50170075,72000000,2026-09-28 01:37:01,2026-09-28 00:25:28,29,4293.0,-2553.0,,Available,website maps this code to Available
1,a6366dcf-841c-47d4-bf40-c75285cd03da,2026-09-28T01:37:01.265+00:00,2026-09-28T01:37:01.473+00:00,21072-30059,washers,50170082,72000000,2026-09-28 01:37:01,2026-09-28 00:14:48,29,4933.0,-3193.0,,Available,website maps this code to Available
1,a6366dcf-841c-47d4-bf40-c75285cd03da,2026-09-28T01:37:01.265+00:00,2026-09-28T01:37:01.473+00:00,21072-30059,washers,50170050,72000000,2026-09-28 01:37:01,2026-09-28 01:16:32,29,1229.0,511.0,,Available,website maps this code to Available
1,a6366dcf-841c-47d4-bf40-c75285cd03da,2026-09-28T01:37:01.265+00:00,2026-09-28T01:37:01.473+00:00,21072-30059,washers,50170052,72000000,2026-09-28 01:37:01,2026-09-28 00:32:00,29,3901.0,-2161.0,,Available,website maps this code to Available
1,a6366dcf-841c-47d4-bf40-c75285cd03da,2026-09-28T01:37:01.265+00:00,2026-09-28T01:37:01.473+00:00,21072-30059,washers,50170078,72000000,2026-09-28 01:37:01,2026-09-28 00:31:25,29,3936.0,-2196.0,,Available,website maps this code to Available
1,a6366dcf-841c-47d4-bf40-c75285cd03da,2026-09-28T01:37:01.265+00:00,2026-09-28T01:37:01.473+00:00,21072-30059,washers,50170084,72000000,2026-09-28 01:37:01,2026-09-28 00:29:34,29,4047.0,-2307.0,,Available,website maps this code to Available
1,a6366dcf-841c-47d4-bf40-c75285cd03da,2026-09-28T01:37:01.265+00:00,2026-09-28T01:37:01.473+00:00,21072-30059,washers,50170068,72000000,2026-09-28 01:37:01,2026-09-28 01:16:45,29,1216.0,524.0,,Available,website maps this code to Available
1,a6366dcf-841c-47d4-bf40-c75285cd03da,2026-09-28T01:37:01.265+00:00,2026-09-28T01:37:01.473+00:00,21072-30059,washers,50170072,72000000,2026-09-28 01:37:01,2026-09-27 23:01:12,29,9349.0,-7609.0,,Available,website maps this code to Available
1,a6366dcf-841c-47d4-bf40-c75285cd03da,2026-09-28T01:37:01.265+00:00,2026-09-28T01:37:01.473+00:00,21072-30059,washers,20483408,72000000,2026-09-28 01:37:01,2024-12-20 00:43:32,0,55904009.0,-55904009.0,,Available,website maps this code to Available
1,a6366dcf-841c-47d4-bf40-c75285cd03da,2026-09-28T01:37:01.265+00:00,2026-09-28T01:37:01.473+00:00,21072-30059,washers,50170055,72000000,2026-09-28 01:37:01,2026-09-28 01:16:18,29,1243.0,497.0,,Available,website maps this code to Available
1,a6366dcf-841c-47d4-bf40-c75285cd03da,2026-09-28T01:37:01.265+00:00,2026-09-28T01:37:01.473+00:00,21072-30059,dryers,50170058,D2000000,2026-09-28 01:37:01,2026-09-26 17:53:29,45,114212.0,-111512.0,,Start Mode After PF,
1,a6366dcf-841c-47d4-bf40-c75285cd03da,2026-09-28T01:37:01.265+00:00,2026-09-28T01:37:01.473+00:00,21072-30059,dryers,50170061,72000000,2026-09-28 01:37:01,2026-09-28 01:14:22,46,1359.0,1401.0,,Available,website maps this code to Available
1,a6366dcf-841c-47d4-bf40-c75285cd03da,2026-09-28T01:37:01.265+00:00,2026-09-28T01:37:01.473+00:00,21072-30059,dryers,50170081,72000000,2026-09-28 01:37:01,2026-09-28 01:17:03,46,1198.0,1562.0,,Available,website maps this code to Available
1,a6366dcf-841c-47d4-bf40-c75285cd03da,2026-09-28T01:37:01.265+00:00,2026-09-28T01:37:01.473+00:00,21072-30059,dryers,50170060,42000000,2026-09-28 01:37:01,2026-09-28 01:23:52,45,789.0,1911.0,32,Running,
1,a6366dcf-841c-47d4-bf40-c75285cd03da,2026-09-28T01:37:01.265+00:00,2026-09-28T01:37:01.473+00:00,21072-30059,dryers,50170087,42000000,2026-09-28 01:37:01,2026-09-28 01:23:07,45,834.0,1866.0,32,Running,
1,a6366dcf-841c-47d4-bf40-c75285cd03da,2026-09-28T01:37:01.265+00:00,2026-09-28T01:37:01.473+00:00,21072-30059,dryers,50170064,42000000,2026-09-28 01:37:01,2026-09-28 01:20:52,50,969.0,2031.0,34,Running,
1,a6366dcf-841c-47d4-bf40-c75285cd03da,2026-09-28T01:37:01.265+00:00,2026-09-28T01:37:01.473+00:00,21072-30059,dryers,50170065,42000000,2026-09-28 01:37:01,2026-09-28 01:23:55,45,786.0,1914.0,32,Running,
1,a6366dcf-841c-47d4-bf40-c75285cd03da,2026-09-28T01:37:01.265+00:00,2026-09-28T01:37:01.473+00:00,21072-30059,dryers,50170059,52000000,2026-09-28 01:37:01,2026-09-28 01:16:55,23,1206.0,174.0,,Finished,
1,a6366dcf-841c-47d4-bf40-c75285cd03da,2026-09-28T01:37:01.265+00:00,2026-09-28T01:37:01.473+00:00,21072-30059,dryers,50170057,52000000,2026-09-28 01:37:01,2026-09-28 01:15:36,23,1285.0,95.0,,Finished,
1,a6366dcf-841c-47d4-bf40-c75285cd03da,2026-09-28T01:37:01.265+00:00,2026-09-28T01:37:01.473+00:00,21072-30059,dryers,50170062,72000000,2026-09-28 01:37:01,2026-09-27 07:03:28,46,66813.0,-64053.0,,Available,website maps this code to Available
1,a6366dcf-841c-47d4-bf40-c75285cd03da,2026-09-28T01:37:01.265+00:00,2026-09-28T01:37:01.473+00:00,21072-30059,dryers,50170067,52000000,2026-09-28 01:37:01,2026-09-28 01:18:40,1,1101.0,-1041.0,,Finished,
1,a6366dcf-841c-47d4-bf40-c75285cd03da,2026-09-28T01:37:01.265+00:00,2026-09-28T01:37:01.473+00:00,21072-30059,dryers,50170074,42000000,2026-09-28 01:37:01,2026-09-28 01:23:28,72,813.0,3507.0,59,Running,
1,a6366dcf-841c-47d4-bf40-c75285cd03da,2026-09-28T01:37:01.265+00:00,2026-09-28T01:37:01.473+00:00,21072-30059,dryers,50170071,72000000,2026-09-28 01:37:01,2026-09-28 01:14:55,46,1326.0,1434.0,,Available,website maps this code to Available
1,a6366dcf-841c-47d4-bf40-c75285cd03da,2026-09-28T01:37:01.265+00:00,2026-09-28T01:37:01.473+00:00,21072-30059,dryers,50170054,42000000,2026-09-28 01:37:01,2026-09-28 01:23:26,68,815.0,3265.0,55,Running,
1,3059ff47-164f-4197-99ac-e648bba298c1,2026-09-28T01:38:01.277+00:00,2026-09-28T01:38:01.458+00:00,21072-30059,washers,50170051,72000000,2026-09-28 01:38:01,2026-09-28 01:14:06,29,1435.0,305.0,,Available,website maps this code to Available
1,3059ff47-164f-4197-99ac-e648bba298c1,2026-09-28T01:38:01.277+00:00,2026-09-28T01:38:01.458+00:00,21072-30059,washers,50170080,72000000,2026-09-28 01:38:01,2026-09-28 00:26:38,29,4283.0,-2543.0,,Available,website maps this code to Available
1,3059ff47-164f-4197-99ac-e648bba298c1,2026-09-28T01:38:01.277+00:00,2026-09-28T01:38:01.458+00:00,21072-30059,washers,50170075,72000000,2026-09-28 01:38:01,2026-09-28 00:25:28,29,4353.0,-2613.0,,Available,website maps this code to Available
1,3059ff47-164f-4197-99ac-e648bba298c1,2026-09-28T01:38:01.277+00:00,2026-09-28T01:38:01.458+00:00,21072-30059,washers,50170082,72000000,2026-09-28 01:38:01,2026-09-28 00:14:48,29,4993.0,-3253.0,,Available,website maps this code to Available
1,3059ff47-164f-4197-99ac-e648bba298c1,2026-09-28T01:38:01.277+00:00,2026-09-28T01:38:01.458+00:00,21072-30059,washers,50170050,72000000,2026-09-28 01:38:01,2026-09-28 01:16:32,29,1289.0,451.0,,Available,website maps this code to Available
1,3059ff47-164f-4197-99ac-e648bba298c1,2026-09-28T01:38:01.277+00:00,2026-09-28T01:38:01.458+00:00,21072-30059,washers,50170052,72000000,2026-09-28 01:38:01,2026-09-28 00:32:00,29,3961.0,-2221.0,,Available,website maps this code to Available
1,3059ff47-164f-4197-99ac-e648bba298c1,2026-09-28T01:38:01.277+00:00,2026-09-28T01:38:01.458+00:00,21072-30059,washers,50170078,72000000,2026-09-28 01:38:01,2026-09-28 00:31:25,29,3996.0,-2256.0,,Available,website maps this code to Available
1,3059ff47-164f-4197-99ac-e648bba298c1,2026-09-28T01:38:01.277+00:00,2026-09-28T01:38:01.458+00:00,21072-30059,washers,50170084,72000000,2026-09-28 01:38:01,2026-09-28 00:29:34,29,4107.0,-2367.0,,Available,website maps this code to Available
1,3059ff47-164f-4197-99ac-e648bba298c1,2026-09-28T01:38:01.277+00:00,2026-09-28T01:38:01.458+00:00,21072-30059,washers,50170068,72000000,2026-09-28 01:38:01,2026-09-28 01:16:45,29,1276.0,464.0,,Available,website maps this code to Available
1,3059ff47-164f-4197-99ac-e648bba298c1,2026-09-28T01:38:01.277+00:00,2026-09-28T01:38:01.458+00:00,21072-30059,washers,50170072,72000000,2026-09-28 01:38:01,2026-09-27 23:01:12,29,9409.0,-7669.0,,Available,website maps this code to Available
1,3059ff47-164f-4197-99ac-e648bba298c1,2026-09-28T01:38:01.277+00:00,2026-09-28T01:38:01.458+00:00,21072-30059,washers,20483408,72000000,2026-09-28 01:38:01,2024-12-20 00:43:32,0,55904069.0,-55904069.0,,Available,website maps this code to Available
1,3059ff47-164f-4197-99ac-e648bba298c1,2026-09-28T01:38:01.277+00:00,2026-09-28T01:38:01.458+00:00,21072-30059,washers,50170055,72000000,2026-09-28 01:38:01,2026-09-28 01:16:18,29,1303.0,437.0,,Available,website maps this code to Available
1,3059ff47-164f-4197-99ac-e648bba298c1,2026-09-28T01:38:01.277+00:00,2026-09-28T01:38:01.458+00:00,21072-30059,dryers,50170058,D2000000,2026-09-28 01:38:01,2026-09-26 17:53:29,45,114272.0,-111572.0,,Start Mode After PF,
1,3059ff47-164f-4197-99ac-e648bba298c1,2026-09-28T01:38:01.277+00:00,2026-09-28T01:38:01.458+00:00,21072-30059,dryers,50170061,72000000,2026-09-28 01:38:01,2026-09-28 01:14:22,46,1419.0,1341.0,,Available,website maps this code to Available
1,3059ff47-164f-4197-99ac-e648bba298c1,2026-09-28T01:38:01.277+00:00,2026-09-28T01:38:01.458+00:00,21072-30059,dryers,50170081,72000000,2026-09-28 01:38:01,2026-09-28 01:17:03,46,1258.0,1502.0,,Available,website maps this code to Available
1,3059ff47-164f-4197-99ac-e648bba298c1,2026-09-28T01:38:01.277+00:00,2026-09-28T01:38:01.458+00:00,21072-30059,dryers,50170060,42000000,2026-09-28 01:38:01,2026-09-28 01:23:52,45,849.0,1851.0,31,Running,
1,3059ff47-164f-4197-99ac-e648bba298c1,2026-09-28T01:38:01.277+00:00,2026-09-28T01:38:01.458+00:00,21072-30059,dryers,50170087,42000000,2026-09-28 01:38:01,2026-09-28 01:23:07,45,894.0,1806.0,31,Running,
1,3059ff47-164f-4197-99ac-e648bba298c1,2026-09-28T01:38:01.277+00:00,2026-09-28T01:38:01.458+00:00,21072-30059,dryers,50170064,42000000,2026-09-28 01:38:01,2026-09-28 01:20:52,50,1029.0,1971.0,33,Running,
1,3059ff47-164f-4197-99ac-e648bba298c1,2026-09-28T01:38:01.277+00:00,2026-09-28T01:38:01.458+00:00,21072-30059,dryers,50170065,42000000,2026-09-28 01:38:01,2026-09-28 01:23:55,45,846.0,1854.0,31,Running,
1,3059ff47-164f-4197-99ac-e648bba298c1,2026-09-28T01:38:01.277+00:00,2026-09-28T01:38:01.458+00:00,21072-30059,dryers,50170059,52000000,2026-09-28 01:38:01,2026-09-28 01:16:55,23,1266.0,114.0,,Finished,
1,3059ff47-164f-4197-99ac-e648bba298c1,2026-09-28T01:38:01.277+00:00,2026-09-28T01:38:01.458+00:00,21072-30059,dryers,50170057,52000000,2026-09-28 01:38:01,2026-09-28 01:15:36,23,1345.0,35.0,,Finished,
1,3059ff47-164f-4197-99ac-e648bba298c1,2026-09-28T01:38:01.277+00:00,2026-09-28T01:38:01.458+00:00,21072-30059,dryers,50170062,72000000,2026-09-28 01:38:01,2026-09-27 07:03:28,46,66873.0,-64113.0,,Available,website maps this code to Available
1,3059ff47-164f-4197-99ac-e648bba298c1,2026-09-28T01:38:01.277+00:00,2026-09-28T01:38:01.458+00:00,21072-30059,dryers,50170067,52000000,2026-09-28 01:38:01,2026-09-28 01:18:40,1,1161.0,-1101.0,,Finished,
1,3059ff47-164f-4197-99ac-e648bba298c1,2026-09-28T01:38:01.277+00:00,2026-09-28T01:38:01.458+00:00,21072-30059,dryers,50170074,42000000,2026-09-28 01:38:01,2026-09-28 01:23:28,72,873.0,3447.0,58,Running,
1,3059ff47-164f-4197-99ac-e648bba298c1,2026-09-28T01:38:01.277+00:00,2026-09-28T01:38:01.458+00:00,21072-30059,dryers,50170071,72000000,2026-09-28 01:38:01,2026-09-28 01:14:55,46,1386.0,1374.0,,Available,website maps this code to Available
1,3059ff47-164f-4197-99ac-e648bba298c1,2026-09-28T01:38:01.277+00:00,2026-09-28T01:38:01.458+00:00,21072-30059,dryers,50170054,42000000,2026-09-28 01:38:01,2026-09-28 01:23:26,68,875.0,3205.0,54,Running,
1,73a39551-d99b-4054-9526-9aec2dcbe69a,2026-09-28T01:39:01.412+00:00,2026-09-28T01:39:01.622+00:00,21072-30059,washers,50170051,72000000,2026-09-28 01:39:01,2026-09-28 01:14:06,29,1495.0,245.0,,Available,website maps this code to Available
1,73a39551-d99b-4054-9526-9aec2dcbe69a,2026-09-28T01:39:01.412+00:00,2026-09-28T01:39:01.622+00:00,21072-30059,washers,50170080,72000000,2026-09-28 01:39:01,2026-09-28 00:26:38,29,4343.0,-2603.0,,Available,website maps this code to Available
1,73a39551-d99b-4054-9526-9aec2dcbe69a,2026-09-28T01:39:01.412+00:00,2026-09-28T01:39:01.622+00:00,21072-30059,washers,50170075,72000000,2026-09-28 01:39:01,2026-09-28 00:25:28,29,4413.0,-2673.0,,Available,website maps this code to Available
1,73a39551-d99b-4054-9526-9aec2dcbe69a,2026-09-28T01:39:01.412+00:00,2026-09-28T01:39:01.622+00:00,21072-30059,washers,50170082,72000000,2026-09-28 01:39:01,2026-09-28 00:14:48,29,5053.0,-3313.0,,Available,website maps this code to Available
1,73a39551-d99b-4054-9526-9aec2dcbe69a,2026-09-28T01:39:01.412+00:00,2026-09-28T01:39:01.622+00:00,21072-30059,washers,50170050,72000000,2026-09-28 01:39:01,2026-09-28 01:16:32,29,1349.0,391.0,,Available,website maps this code to Available
1,73a39551-d99b-4054-9526-9aec2dcbe69a,2026-09-28T01:39:01.412+00:00,2026-09-28T01:39:01.622+00:00,21072-30059,washers,50170052,72000000,2026-09-28 01:39:01,2026-09-28 00:32:00,29,4021.0,-2281.0,,Available,website maps this code to Available
1,73a39551-d99b-4054-9526-9aec2dcbe69a,2026-09-28T01:39:01.412+00:00,2026-09-28T01:39:01.622+00:00,21072-30059,washers,50170078,72000000,2026-09-28 01:39:01,2026-09-28 00:31:25,29,4056.0,-2316.0,,Available,website maps this code to Available
1,73a39551-d99b-4054-9526-9aec2dcbe69a,2026-09-28T01:39:01.412+00:00,2026-09-28T01:39:01.622+00:00,21072-30059,washers,50170084,72000000,2026-09-28 01:39:01,2026-09-28 00:29:34,29,4167.0,-2427.0,,Available,website maps this code to Available
1,73a39551-d99b-4054-9526-9aec2dcbe69a,2026-09-28T01:39:01.412+00:00,2026-09-28T01:39:01.622+00:00,21072-30059,washers,50170068,72000000,2026-09-28 01:39:01,2026-09-28 01:16:45,29,1336.0,404.0,,Available,website maps this code to Available
1,73a39551-d99b-4054-9526-9aec2dcbe69a,2026-09-28T01:39:01.412+00:00,2026-09-28T01:39:01.622+00:00,21072-30059,washers,50170072,72000000,2026-09-28 01:39:01,2026-09-27 23:01:12,29,9469.0,-7729.0,,Available,website maps this code to Available
1,73a39551-d99b-4054-9526-9aec2dcbe69a,2026-09-28T01:39:01.412+00:00,2026-09-28T01:39:01.622+00:00,21072-30059,washers,20483408,72000000,2026-09-28 01:39:01,2024-12-20 00:43:32,0,55904129.0,-55904129.0,,Available,website maps this code to Available
1,73a39551-d99b-4054-9526-9aec2dcbe69a,2026-09-28T01:39:01.412+00:00,2026-09-28T01:39:01.622+00:00,21072-30059,washers,50170055,72000000,2026-09-28 01:39:01,2026-09-28 01:16:18,29,1363.0,377.0,,Available,website maps this code to Available
1,73a39551-d99b-4054-9526-9aec2dcbe69a,2026-09-28T01:39:01.412+00:00,2026-09-28T01:39:01.622+00:00,21072-30059,dryers,50170058,D2000000,2026-09-28 01:39:01,2026-09-26 17:53:29,45,114332.0,-111632.0,,Start Mode After PF,
1,73a39551-d99b-4054-9526-9aec2dcbe69a,2026-09-28T01:39:01.412+00:00,2026-09-28T01:39:01.622+00:00,21072-30059,dryers,50170061,72000000,2026-09-28 01:39:01,2026-09-28 01:14:22,46,1479.0,1281.0,,Available,website maps this code to Available
1,73a39551-d99b-4054-9526-9aec2dcbe69a,2026-09-28T01:39:01.412+00:00,2026-09-28T01:39:01.622+00:00,21072-30059,dryers,50170081,72000000,2026-09-28 01:39:01,2026-09-28 01:17:03,46,1318.0,1442.0,,Available,website maps this code to Available
1,73a39551-d99b-4054-9526-9aec2dcbe69a,2026-09-28T01:39:01.412+00:00,2026-09-28T01:39:01.622+00:00,21072-30059,dryers,50170060,42000000,2026-09-28 01:39:01,2026-09-28 01:23:52,45,909.0,1791.0,30,Running,
1,73a39551-d99b-4054-9526-9aec2dcbe69a,2026-09-28T01:39:01.412+00:00,2026-09-28T01:39:01.622+00:00,21072-30059,dryers,50170087,42000000,2026-09-28 01:39:01,2026-09-28 01:23:07,45,954.0,1746.0,30,Running,
1,73a39551-d99b-4054-9526-9aec2dcbe69a,2026-09-28T01:39:01.412+00:00,2026-09-28T01:39:01.622+00:00,21072-30059,dryers,50170064,42000000,2026-09-28 01:39:01,2026-09-28 01:20:52,50,1089.0,1911.0,32,Running,
1,73a39551-d99b-4054-9526-9aec2dcbe69a,2026-09-28T01:39:01.412+00:00,2026-09-28T01:39:01.622+00:00,21072-30059,dryers,50170065,42000000,2026-09-28 01:39:01,2026-09-28 01:23:55,45,906.0,1794.0,30,Running,
1,73a39551-d99b-4054-9526-9aec2dcbe69a,2026-09-28T01:39:01.412+00:00,2026-09-28T01:39:01.622+00:00,21072-30059,dryers,50170059,52000000,2026-09-28 01:39:01,2026-09-28 01:16:55,23,1326.0,54.0,,Finished,
1,73a39551-d99b-4054-9526-9aec2dcbe69a,2026-09-28T01:39:01.412+00:00,2026-09-28T01:39:01.622+00:00,21072-30059,dryers,50170057,52000000,2026-09-28 01:39:01,2026-09-28 01:15:36,23,1405.0,-25.0,,Finished,
1,73a39551-d99b-4054-9526-9aec2dcbe69a,2026-09-28T01:39:01.412+00:00,2026-09-28T01:39:01.622+00:00,21072-30059,dryers,50170062,72000000,2026-09-28 01:39:01,2026-09-27 07:03:28,46,66933.0,-64173.0,,Available,website maps this code to Available
1,73a39551-d99b-4054-9526-9aec2dcbe69a,2026-09-28T01:39:01.412+00:00,2026-09-28T01:39:01.622+00:00,21072-30059,dryers,50170067,52000000,2026-09-28 01:39:01,2026-09-28 01:18:40,1,1221.0,-1161.0,,Finished,
1,73a39551-d99b-4054-9526-9aec2dcbe69a,2026-09-28T01:39:01.412+00:00,2026-09-28T01:39:01.622+00:00,21072-30059,dryers,50170074,42000000,2026-09-28 01:39:01,2026-09-28 01:23:28,72,933.0,3387.0,57,Running,
1,73a39551-d99b-4054-9526-9aec2dcbe69a,2026-09-28T01:39:01.412+00:00,2026-09-28T01:39:01.622+00:00,21072-30059,dryers,50170071,72000000,2026-09-28 01:39:01,2026-09-28 01:14:55,46,1446.0,1314.0,,Available,website maps this code to Available
1,73a39551-d99b-4054-9526-9aec2dcbe69a,2026-09-28T01:39:01.412+00:00,2026-09-28T01:39:01.622+00:00,21072-30059,dryers,50170054,42000000,2026-09-28 01:39:01,2026-09-28 01:23:26,68,935.0,3145.0,53,Running,
1,3aeeb83f-8a80-415d-b91a-01a5340d2424,2026-09-28T01:40:01.331+00:00,2026-09-28T01:40:01.856+00:00,21072-30059,washers,50170051,72000000,2026-09-28 01:40:01,2026-09-28 01:14:06,29,1555.0,185.0,,Available,website maps this code to Available
1,3aeeb83f-8a80-415d-b91a-01a5340d2424,2026-09-28T01:40:01.331+00:00,2026-09-28T01:40:01.856+00:00,21072-30059,washers,50170080,72000000,2026-09-28 01:40:01,2026-09-28 00:26:38,29,4403.0,-2663.0,,Available,website maps this code to Available
1,3aeeb83f-8a80-415d-b91a-01a5340d2424,2026-09-28T01:40:01.331+00:00,2026-09-28T01:40:01.856+00:00,21072-30059,washers,50170075,72000000,2026-09-28 01:40:01,2026-09-28 00:25:28,29,4473.0,-2733.0,,Available,website maps this code to Available
1,3aeeb83f-8a80-415d-b91a-01a5340d2424,2026-09-28T01:40:01.331+00:00,2026-09-28T01:40:01.856+00:00,21072-30059,washers,50170082,72000000,2026-09-28 01:40:01,2026-09-28 00:14:48,29,5113.0,-3373.0,,Available,website maps this code to Available
1,3aeeb83f-8a80-415d-b91a-01a5340d2424,2026-09-28T01:40:01.331+00:00,2026-09-28T01:40:01.856+00:00,21072-30059,washers,50170050,72000000,2026-09-28 01:40:01,2026-09-28 01:16:32,29,1409.0,331.0,,Available,website maps this code to Available
1,3aeeb83f-8a80-415d-b91a-01a5340d2424,2026-09-28T01:40:01.331+00:00,2026-09-28T01:40:01.856+00:00,21072-30059,washers,50170052,72000000,2026-09-28 01:40:01,2026-09-28 00:32:00,29,4081.0,-2341.0,,Available,website maps this code to Available
1,3aeeb83f-8a80-415d-b91a-01a5340d2424,2026-09-28T01:40:01.331+00:00,2026-09-28T01:40:01.856+00:00,21072-30059,washers,50170078,72000000,2026-09-28 01:40:01,2026-09-28 00:31:25,29,4116.0,-2376.0,,Available,website maps this code to Available
1,3aeeb83f-8a80-415d-b91a-01a5340d2424,2026-09-28T01:40:01.331+00:00,2026-09-28T01:40:01.856+00:00,21072-30059,washers,50170084,72000000,2026-09-28 01:40:01,2026-09-28 00:29:34,29,4227.0,-2487.0,,Available,website maps this code to Available
1,3aeeb83f-8a80-415d-b91a-01a5340d2424,2026-09-28T01:40:01.331+00:00,2026-09-28T01:40:01.856+00:00,21072-30059,washers,50170068,72000000,2026-09-28 01:40:01,2026-09-28 01:16:45,29,1396.0,344.0,,Available,website maps this code to Available
1,3aeeb83f-8a80-415d-b91a-01a5340d2424,2026-09-28T01:40:01.331+00:00,2026-09-28T01:40:01.856+00:00,21072-30059,washers,50170072,72000000,2026-09-28 01:40:01,2026-09-27 23:01:12,29,9529.0,-7789.0,,Available,website maps this code to Available
1,3aeeb83f-8a80-415d-b91a-01a5340d2424,2026-09-28T01:40:01.331+00:00,2026-09-28T01:40:01.856+00:00,21072-30059,washers,20483408,72000000,2026-09-28 01:40:01,2024-12-20 00:43:32,0,55904189.0,-55904189.0,,Available,website maps this code to Available
1,3aeeb83f-8a80-415d-b91a-01a5340d2424,2026-09-28T01:40:01.331+00:00,2026-09-28T01:40:01.856+00:00,21072-30059,washers,50170055,72000000,2026-09-28 01:40:01,2026-09-28 01:16:18,29,1423.0,317.0,,Available,website maps this code to Available
1,3aeeb83f-8a80-415d-b91a-01a5340d2424,2026-09-28T01:40:01.331+00:00,2026-09-28T01:40:01.856+00:00,21072-30059,dryers,50170058,D2000000,2026-09-28 01:40:01,2026-09-26 17:53:29,45,114392.0,-111692.0,,Start Mode After PF,
1,3aeeb83f-8a80-415d-b91a-01a5340d2424,2026-09-28T01:40:01.331+00:00,2026-09-28T01:40:01.856+00:00,21072-30059,dryers,50170061,72000000,2026-09-28 01:40:01,2026-09-28 01:14:22,46,1539.0,1221.0,,Available,website maps this code to Available
1,3aeeb83f-8a80-415d-b91a-01a5340d2424,2026-09-28T01:40:01.331+00:00,2026-09-28T01:40:01.856+00:00,21072-30059,dryers,50170081,72000000,2026-09-28 01:40:01,2026-09-28 01:17:03,46,1378.0,1382.0,,Available,website maps this code to Available
1,3aeeb83f-8a80-415d-b91a-01a5340d2424,2026-09-28T01:40:01.331+00:00,2026-09-28T01:40:01.856+00:00,21072-30059,dryers,50170060,42000000,2026-09-28 01:40:01,2026-09-28 01:23:52,45,969.0,1731.0,29,Running,
1,3aeeb83f-8a80-415d-b91a-01a5340d2424,2026-09-28T01:40:01.331+00:00,2026-09-28T01:40:01.856+00:00,21072-30059,dryers,50170087,42000000,2026-09-28 01:40:01,2026-09-28 01:23:07,45,1014.0,1686.0,29,Running,
1,3aeeb83f-8a80-415d-b91a-01a5340d2424,2026-09-28T01:40:01.331+00:00,2026-09-28T01:40:01.856+00:00,21072-30059,dryers,50170064,42000000,2026-09-28 01:40:01,2026-09-28 01:20:52,50,1149.0,1851.0,31,Running,
1,3aeeb83f-8a80-415d-b91a-01a5340d2424,2026-09-28T01:40:01.331+00:00,2026-09-28T01:40:01.856+00:00,21072-30059,dryers,50170065,42000000,2026-09-28 01:40:01,2026-09-28 01:23:55,45,966.0,1734.0,29,Running,
1,3aeeb83f-8a80-415d-b91a-01a5340d2424,2026-09-28T01:40:01.331+00:00,2026-09-28T01:40:01.856+00:00,21072-30059,dryers,50170059,52000000,2026-09-28 01:40:01,2026-09-28 01:16:55,23,1386.0,-6.0,,Finished,
1,3aeeb83f-8a80-415d-b91a-01a5340d2424,2026-09-28T01:40:01.331+00:00,2026-09-28T01:40:01.856+00:00,21072-30059,dryers,50170057,52000000,2026-09-28 01:40:01,2026-09-28 01:15:36,23,1465.0,-85.0,,Finished,
1,3aeeb83f-8a80-415d-b91a-01a5340d2424,2026-09-28T01:40:01.331+00:00,2026-09-28T01:40:01.856+00:00,21072-30059,dryers,50170062,72000000,2026-09-28 01:40:01,2026-09-27 07:03:28,46,66993.0,-64233.0,,Available,website maps this code to Available
1,3aeeb83f-8a80-415d-b91a-01a5340d2424,2026-09-28T01:40:01.331+00:00,2026-09-28T01:40:01.856+00:00,21072-30059,dryers,50170067,52000000,2026-09-28 01:40:01,2026-09-28 01:18:40,1,1281.0,-1221.0,,Finished,
1,3aeeb83f-8a80-415d-b91a-01a5340d2424,2026-09-28T01:40:01.331+00:00,2026-09-28T01:40:01.856+00:00,21072-30059,dryers,50170074,42000000,2026-09-28 01:40:01,2026-09-28 01:23:28,72,993.0,3327.0,56,Running,
1,3aeeb83f-8a80-415d-b91a-01a5340d2424,2026-09-28T01:40:01.331+00:00,2026-09-28T01:40:01.856+00:00,21072-30059,dryers,50170071,72000000,2026-09-28 01:40:01,2026-09-28 01:14:55,46,1506.0,1254.0,,Available,website maps this code to Available
1,3aeeb83f-8a80-415d-b91a-01a5340d2424,2026-09-28T01:40:01.331+00:00,2026-09-28T01:40:01.856+00:00,21072-30059,dryers,50170054,42000000,2026-09-28 01:40:01,2026-09-28 01:23:26,68,995.0,3085.0,52,Running,
1,3d1a53d9-ae26-4c09-840f-5f201d70614c,2026-09-28T01:41:01.371+00:00,2026-09-28T01:41:01.546+00:00,21072-30059,washers,50170051,72000000,2026-09-28 01:41:01,2026-09-28 01:14:06,29,1615.0,125.0,,Available,website maps this code to Available
1,3d1a53d9-ae26-4c09-840f-5f201d70614c,2026-09-28T01:41:01.371+00:00,2026-09-28T01:41:01.546+00:00,21072-30059,washers,50170080,72000000,2026-09-28 01:41:01,2026-09-28 00:26:38,29,4463.0,-2723.0,,Available,website maps this code to Available
1,3d1a53d9-ae26-4c09-840f-5f201d70614c,2026-09-28T01:41:01.371+00:00,2026-09-28T01:41:01.546+00:00,21072-30059,washers,50170075,72000000,2026-09-28 01:41:01,2026-09-28 00:25:28,29,4533.0,-2793.0,,Available,website maps this code to Available
1,3d1a53d9-ae26-4c09-840f-5f201d70614c,2026-09-28T01:41:01.371+00:00,2026-09-28T01:41:01.546+00:00,21072-30059,washers,50170082,72000000,2026-09-28 01:41:01,2026-09-28 00:14:48,29,5173.0,-3433.0,,Available,website maps this code to Available
1,3d1a53d9-ae26-4c09-840f-5f201d70614c,2026-09-28T01:41:01.371+00:00,2026-09-28T01:41:01.546+00:00,21072-30059,washers,50170050,72000000,2026-09-28 01:41:01,2026-09-28 01:16:32,29,1469.0,271.0,,Available,website maps this code to Available
1,3d1a53d9-ae26-4c09-840f-5f201d70614c,2026-09-28T01:41:01.371+00:00,2026-09-28T01:41:01.546+00:00,21072-30059,washers,50170052,72000000,2026-09-28 01:41:01,2026-09-28 00:32:00,29,4141.0,-2401.0,,Available,website maps this code to Available
1,3d1a53d9-ae26-4c09-840f-5f201d70614c,2026-09-28T01:41:01.371+00:00,2026-09-28T01:41:01.546+00:00,21072-30059,washers,50170078,72000000,2026-09-28 01:41:01,2026-09-28 00:31:25,29,4176.0,-2436.0,,Available,website maps this code to Available
1,3d1a53d9-ae26-4c09-840f-5f201d70614c,2026-09-28T01:41:01.371+00:00,2026-09-28T01:41:01.546+00:00,21072-30059,washers,50170084,72000000,2026-09-28 01:41:01,2026-09-28 00:29:34,29,4287.0,-2547.0,,Available,website maps this code to Available
1,3d1a53d9-ae26-4c09-840f-5f201d70614c,2026-09-28T01:41:01.371+00:00,2026-09-28T01:41:01.546+00:00,21072-30059,washers,50170068,72000000,2026-09-28 01:41:01,2026-09-28 01:16:45,29,1456.0,284.0,,Available,website maps this code to Available
1,3d1a53d9-ae26-4c09-840f-5f201d70614c,2026-09-28T01:41:01.371+00:00,2026-09-28T01:41:01.546+00:00,21072-30059,washers,50170072,72000000,2026-09-28 01:41:01,2026-09-27 23:01:12,29,9589.0,-7849.0,,Available,website maps this code to Available
1,3d1a53d9-ae26-4c09-840f-5f201d70614c,2026-09-28T01:41:01.371+00:00,2026-09-28T01:41:01.546+00:00,21072-30059,washers,20483408,72000000,2026-09-28 01:41:01,2024-12-20 00:43:32,0,55904249.0,-55904249.0,,Available,website maps this code to Available
1,3d1a53d9-ae26-4c09-840f-5f201d70614c,2026-09-28T01:41:01.371+00:00,2026-09-28T01:41:01.546+00:00,21072-30059,washers,50170055,72000000,2026-09-28 01:41:01,2026-09-28 01:16:18,29,1483.0,257.0,,Available,website maps this code to Available
1,3d1a53d9-ae26-4c09-840f-5f201d70614c,2026-09-28T01:41:01.371+00:00,2026-09-28T01:41:01.546+00:00,21072-30059,dryers,50170058,D2000000,2026-09-28 01:41:01,2026-09-26 17:53:29,45,114452.0,-111752.0,,Start Mode After PF,
1,3d1a53d9-ae26-4c09-840f-5f201d70614c,2026-09-28T01:41:01.371+00:00,2026-09-28T01:41:01.546+00:00,21072-30059,dryers,50170061,72000000,2026-09-28 01:41:01,2026-09-28 01:14:22,46,1599.0,1161.0,,Available,website maps this code to Available
1,3d1a53d9-ae26-4c09-840f-5f201d70614c,2026-09-28T01:41:01.371+00:00,2026-09-28T01:41:01.546+00:00,21072-30059,dryers,50170081,72000000,2026-09-28 01:41:01,2026-09-28 01:17:03,46,1438.0,1322.0,,Available,website maps this code to Available
1,3d1a53d9-ae26-4c09-840f-5f201d70614c,2026-09-28T01:41:01.371+00:00,2026-09-28T01:41:01.546+00:00,21072-30059,dryers,50170060,42000000,2026-09-28 01:41:01,2026-09-28 01:23:52,45,1029.0,1671.0,28,Running,
1,3d1a53d9-ae26-4c09-840f-5f201d70614c,2026-09-28T01:41:01.371+00:00,2026-09-28T01:41:01.546+00:00,21072-30059,dryers,50170087,42000000,2026-09-28 01:41:01,2026-09-28 01:23:07,45,1074.0,1626.0,28,Running,
1,3d1a53d9-ae26-4c09-840f-5f201d70614c,2026-09-28T01:41:01.371+00:00,2026-09-28T01:41:01.546+00:00,21072-30059,dryers,50170064,42000000,2026-09-28 01:41:01,2026-09-28 01:20:52,50,1209.0,1791.0,30,Running,
1,3d1a53d9-ae26-4c09-840f-5f201d70614c,2026-09-28T01:41:01.371+00:00,2026-09-28T01:41:01.546+00:00,21072-30059,dryers,50170065,42000000,2026-09-28 01:41:01,2026-09-28 01:23:55,45,1026.0,1674.0,28,Running,
1,3d1a53d9-ae26-4c09-840f-5f201d70614c,2026-09-28T01:41:01.371+00:00,2026-09-28T01:41:01.546+00:00,21072-30059,dryers,50170059,52000000,2026-09-28 01:41:01,2026-09-28 01:16:55,23,1446.0,-66.0,,Finished,
1,3d1a53d9-ae26-4c09-840f-5f201d70614c,2026-09-28T01:41:01.371+00:00,2026-09-28T01:41:01.546+00:00,21072-30059,dryers,50170057,52000000,2026-09-28 01:41:01,2026-09-28 01:15:36,23,1525.0,-145.0,,Finished,
1,3d1a53d9-ae26-4c09-840f-5f201d70614c,2026-09-28T01:41:01.371+00:00,2026-09-28T01:41:01.546+00:00,21072-30059,dryers,50170062,72000000,2026-09-28 01:41:01,2026-09-27 07:03:28,46,67053.0,-64293.0,,Available,website maps this code to Available
1,3d1a53d9-ae26-4c09-840f-5f201d70614c,2026-09-28T01:41:01.371+00:00,2026-09-28T01:41:01.546+00:00,21072-30059,dryers,50170067,52000000,2026-09-28 01:41:01,2026-09-28 01:18:40,1,1341.0,-1281.0,,Finished,
1,3d1a53d9-ae26-4c09-840f-5f201d70614c,2026-09-28T01:41:01.371+00:00,2026-09-28T01:41:01.546+00:00,21072-30059,dryers,50170074,42000000,2026-09-28 01:41:01,2026-09-28 01:23:28,72,1053.0,3267.0,55,Running,
1,3d1a53d9-ae26-4c09-840f-5f201d70614c,2026-09-28T01:41:01.371+00:00,2026-09-28T01:41:01.546+00:00,21072-30059,dryers,50170071,72000000,2026-09-28 01:41:01,2026-09-28 01:14:55,46,1566.0,1194.0,,Available,website maps this code to Available
1,3d1a53d9-ae26-4c09-840f-5f201d70614c,2026-09-28T01:41:01.371+00:00,2026-09-28T01:41:01.546+00:00,21072-30059,dryers,50170054,42000000,2026-09-28 01:41:01,2026-09-28 01:23:26,68,1055.0,3025.0,51,Running,
1,403db37a-6671-4bcd-adad-f983d639db5c,2026-09-28T01:42:01.302+00:00,2026-09-28T01:42:01.484+00:00,21072-30059,washers,50170051,72000000,2026-09-28 01:42:01,2026-09-28 01:14:06,29,1675.0,65.0,,Available,website maps this code to Available
1,403db37a-6671-4bcd-adad-f983d639db5c,2026-09-28T01:42:01.302+00:00,2026-09-28T01:42:01.484+00:00,21072-30059,washers,50170080,72000000,2026-09-28 01:42:01,2026-09-28 00:26:38,29,4523.0,-2783.0,,Available,website maps this code to Available
1,403db37a-6671-4bcd-adad-f983d639db5c,2026-09-28T01:42:01.302+00:00,2026-09-28T01:42:01.484+00:00,21072-30059,washers,50170075,72000000,2026-09-28 01:42:01,2026-09-28 00:25:28,29,4593.0,-2853.0,,Available,website maps this code to Available
1,403db37a-6671-4bcd-adad-f983d639db5c,2026-09-28T01:42:01.302+00:00,2026-09-28T01:42:01.484+00:00,21072-30059,washers,50170082,72000000,2026-09-28 01:42:01,2026-09-28 00:14:48,29,5233.0,-3493.0,,Available,website maps this code to Available
1,403db37a-6671-4bcd-adad-f983d639db5c,2026-09-28T01:42:01.302+00:00,2026-09-28T01:42:01.484+00:00,21072-30059,washers,50170050,72000000,2026-09-28 01:42:01,2026-09-28 01:16:32,29,1529.0,211.0,,Available,website maps this code to Available
1,403db37a-6671-4bcd-adad-f983d639db5c,2026-09-28T01:42:01.302+00:00,2026-09-28T01:42:01.484+00:00,21072-30059,washers,50170052,72000000,2026-09-28 01:42:01,2026-09-28 00:32:00,29,4201.0,-2461.0,,Available,website maps this code to Available
1,403db37a-6671-4bcd-adad-f983d639db5c,2026-09-28T01:42:01.302+00:00,2026-09-28T01:42:01.484+00:00,21072-30059,washers,50170078,72000000,2026-09-28 01:42:01,2026-09-28 00:31:25,29,4236.0,-2496.0,,Available,website maps this code to Available
1,403db37a-6671-4bcd-adad-f983d639db5c,2026-09-28T01:42:01.302+00:00,2026-09-28T01:42:01.484+00:00,21072-30059,washers,50170084,72000000,2026-09-28 01:42:01,2026-09-28 00:29:34,29,4347.0,-2607.0,,Available,website maps this code to Available
1,403db37a-6671-4bcd-adad-f983d639db5c,2026-09-28T01:42:01.302+00:00,2026-09-28T01:42:01.484+00:00,21072-30059,washers,50170068,72000000,2026-09-28 01:42:01,2026-09-28 01:16:45,29,1516.0,224.0,,Available,website maps this code to Available
1,403db37a-6671-4bcd-adad-f983d639db5c,2026-09-28T01:42:01.302+00:00,2026-09-28T01:42:01.484+00:00,21072-30059,washers,50170072,72000000,2026-09-28 01:42:01,2026-09-27 23:01:12,29,9649.0,-7909.0,,Available,website maps this code to Available
1,403db37a-6671-4bcd-adad-f983d639db5c,2026-09-28T01:42:01.302+00:00,2026-09-28T01:42:01.484+00:00,21072-30059,washers,20483408,72000000,2026-09-28 01:42:01,2024-12-20 00:43:32,0,55904309.0,-55904309.0,,Available,website maps this code to Available
1,403db37a-6671-4bcd-adad-f983d639db5c,2026-09-28T01:42:01.302+00:00,2026-09-28T01:42:01.484+00:00,21072-30059,washers,50170055,72000000,2026-09-28 01:42:01,2026-09-28 01:16:18,29,1543.0,197.0,,Available,website maps this code to Available
1,403db37a-6671-4bcd-adad-f983d639db5c,2026-09-28T01:42:01.302+00:00,2026-09-28T01:42:01.484+00:00,21072-30059,dryers,50170058,D2000000,2026-09-28 01:42:01,2026-09-26 17:53:29,45,114512.0,-111812.0,,Start Mode After PF,
1,403db37a-6671-4bcd-adad-f983d639db5c,2026-09-28T01:42:01.302+00:00,2026-09-28T01:42:01.484+00:00,21072-30059,dryers,50170061,72000000,2026-09-28 01:42:01,2026-09-28 01:14:22,46,1659.0,1101.0,,Available,website maps this code to Available
1,403db37a-6671-4bcd-adad-f983d639db5c,2026-09-28T01:42:01.302+00:00,2026-09-28T01:42:01.484+00:00,21072-30059,dryers,50170081,72000000,2026-09-28 01:42:01,2026-09-28 01:17:03,46,1498.0,1262.0,,Available,website maps this code to Available
1,403db37a-6671-4bcd-adad-f983d639db5c,2026-09-28T01:42:01.302+00:00,2026-09-28T01:42:01.484+00:00,21072-30059,dryers,50170060,42000000,2026-09-28 01:42:01,2026-09-28 01:23:52,45,1089.0,1611.0,27,Running,
1,403db37a-6671-4bcd-adad-f983d639db5c,2026-09-28T01:42:01.302+00:00,2026-09-28T01:42:01.484+00:00,21072-30059,dryers,50170087,42000000,2026-09-28 01:42:01,2026-09-28 01:23:07,45,1134.0,1566.0,27,Running,
1,403db37a-6671-4bcd-adad-f983d639db5c,2026-09-28T01:42:01.302+00:00,2026-09-28T01:42:01.484+00:00,21072-30059,dryers,50170064,42000000,2026-09-28 01:42:01,2026-09-28 01:20:52,50,1269.0,1731.0,29,Running,
1,403db37a-6671-4bcd-adad-f983d639db5c,2026-09-28T01:42:01.302+00:00,2026-09-28T01:42:01.484+00:00,21072-30059,dryers,50170065,42000000,2026-09-28 01:42:01,2026-09-28 01:23:55,45,1086.0,1614.0,27,Running,
1,403db37a-6671-4bcd-adad-f983d639db5c,2026-09-28T01:42:01.302+00:00,2026-09-28T01:42:01.484+00:00,21072-30059,dryers,50170059,52000000,2026-09-28 01:42:01,2026-09-28 01:16:55,23,1506.0,-126.0,,Finished,
1,403db37a-6671-4bcd-adad-f983d639db5c,2026-09-28T01:42:01.302+00:00,2026-09-28T01:42:01.484+00:00,21072-30059,dryers,50170057,52000000,2026-09-28 01:42:01,2026-09-28 01:15:36,23,1585.0,-205.0,,Finished,
1,403db37a-6671-4bcd-adad-f983d639db5c,2026-09-28T01:42:01.302+00:00,2026-09-28T01:42:01.484+00:00,21072-30059,dryers,50170062,72000000,2026-09-28 01:42:01,2026-09-27 07:03:28,46,67113.0,-64353.0,,Available,website maps this code to Available
1,403db37a-6671-4bcd-adad-f983d639db5c,2026-09-28T01:42:01.302+00:00,2026-09-28T01:42:01.484+00:00,21072-30059,dryers,50170067,52000000,2026-09-28 01:42:01,2026-09-28 01:18:40,1,1401.0,-1341.0,,Finished,
1,403db37a-6671-4bcd-adad-f983d639db5c,2026-09-28T01:42:01.302+00:00,2026-09-28T01:42:01.484+00:00,21072-30059,dryers,50170074,42000000,2026-09-28 01:42:01,2026-09-28 01:23:28,72,1113.0,3207.0,54,Running,
1,403db37a-6671-4bcd-adad-f983d639db5c,2026-09-28T01:42:01.302+00:00,2026-09-28T01:42:01.484+00:00,21072-30059,dryers,50170071,72000000,2026-09-28 01:42:01,2026-09-28 01:14:55,46,1626.0,1134.0,,Available,website maps this code to Available
1,403db37a-6671-4bcd-adad-f983d639db5c,2026-09-28T01:42:01.302+00:00,2026-09-28T01:42:01.484+00:00,21072-30059,dryers,50170054,42000000,2026-09-28 01:42:01,2026-09-28 01:23:26,68,1115.0,2965.0,50,Running,
1,6731f336-df6b-455e-b486-fc65d6a62566,2026-09-28T01:43:01.347+00:00,2026-09-28T01:43:01.553+00:00,21072-30059,washers,50170051,72000000,2026-09-28 01:43:01,2026-09-28 01:14:06,29,1735.0,5.0,,Available,website maps this code to Available
1,6731f336-df6b-455e-b486-fc65d6a62566,2026-09-28T01:43:01.347+00:00,2026-09-28T01:43:01.553+00:00,21072-30059,washers,50170080,72000000,2026-09-28 01:43:01,2026-09-28 00:26:38,29,4583.0,-2843.0,,Available,website maps this code to Available
1,6731f336-df6b-455e-b486-fc65d6a62566,2026-09-28T01:43:01.347+00:00,2026-09-28T01:43:01.553+00:00,21072-30059,washers,50170075,72000000,2026-09-28 01:43:01,2026-09-28 00:25:28,29,4653.0,-2913.0,,Available,website maps this code to Available
1,6731f336-df6b-455e-b486-fc65d6a62566,2026-09-28T01:43:01.347+00:00,2026-09-28T01:43:01.553+00:00,21072-30059,washers,50170082,72000000,2026-09-28 01:43:01,2026-09-28 00:14:48,29,5293.0,-3553.0,,Available,website maps this code to Available
1,6731f336-df6b-455e-b486-fc65d6a62566,2026-09-28T01:43:01.347+00:00,2026-09-28T01:43:01.553+00:00,21072-30059,washers,50170050,72000000,2026-09-28 01:43:01,2026-09-28 01:16:32,29,1589.0,151.0,,Available,website maps this code to Available
1,6731f336-df6b-455e-b486-fc65d6a62566,2026-09-28T01:43:01.347+00:00,2026-09-28T01:43:01.553+00:00,21072-30059,washers,50170052,72000000,2026-09-28 01:43:01,2026-09-28 00:32:00,29,4261.0,-2521.0,,Available,website maps this code to Available
1,6731f336-df6b-455e-b486-fc65d6a62566,2026-09-28T01:43:01.347+00:00,2026-09-28T01:43:01.553+00:00,21072-30059,washers,50170078,72000000,2026-09-28 01:43:01,2026-09-28 00:31:25,29,4296.0,-2556.0,,Available,website maps this code to Available
1,6731f336-df6b-455e-b486-fc65d6a62566,2026-09-28T01:43:01.347+00:00,2026-09-28T01:43:01.553+00:00,21072-30059,washers,50170084,72000000,2026-09-28 01:43:01,2026-09-28 00:29:34,29,4407.0,-2667.0,,Available,website maps this code to Available
1,6731f336-df6b-455e-b486-fc65d6a62566,2026-09-28T01:43:01.347+00:00,2026-09-28T01:43:01.553+00:00,21072-30059,washers,50170068,72000000,2026-09-28 01:43:01,2026-09-28 01:16:45,29,1576.0,164.0,,Available,website maps this code to Available
1,6731f336-df6b-455e-b486-fc65d6a62566,2026-09-28T01:43:01.347+00:00,2026-09-28T01:43:01.553+00:00,21072-30059,washers,50170072,72000000,2026-09-28 01:43:01,2026-09-27 23:01:12,29,9709.0,-7969.0,,Available,website maps this code to Available
1,6731f336-df6b-455e-b486-fc65d6a62566,2026-09-28T01:43:01.347+00:00,2026-09-28T01:43:01.553+00:00,21072-30059,washers,20483408,72000000,2026-09-28 01:43:01,2024-12-20 00:43:32,0,55904369.0,-55904369.0,,Available,website maps this code to Available
1,6731f336-df6b-455e-b486-fc65d6a62566,2026-09-28T01:43:01.347+00:00,2026-09-28T01:43:01.553+00:00,21072-30059,washers,50170055,72000000,2026-09-28 01:43:01,2026-09-28 01:16:18,29,1603.0,137.0,,Available,website maps this code to Available
1,6731f336-df6b-455e-b486-fc65d6a62566,2026-09-28T01:43:01.347+00:00,2026-09-28T01:43:01.553+00:00,21072-30059,dryers,50170058,D2000000,2026-09-28 01:43:01,2026-09-26 17:53:29,45,114572.0,-111872.0,,Start Mode After PF,
1,6731f336-df6b-455e-b486-fc65d6a62566,2026-09-28T01:43:01.347+00:00,2026-09-28T01:43:01.553+00:00,21072-30059,dryers,50170061,72000000,2026-09-28 01:43:01,2026-09-28 01:14:22,46,1719.0,1041.0,,Available,website maps this code to Available
1,6731f336-df6b-455e-b486-fc65d6a62566,2026-09-28T01:43:01.347+00:00,2026-09-28T01:43:01.553+00:00,21072-30059,dryers,50170081,72000000,2026-09-28 01:43:01,2026-09-28 01:17:03,46,1558.0,1202.0,,Available,website maps this code to Available
1,6731f336-df6b-455e-b486-fc65d6a62566,2026-09-28T01:43:01.347+00:00,2026-09-28T01:43:01.553+00:00,21072-30059,dryers,50170060,42000000,2026-09-28 01:43:01,2026-09-28 01:23:52,45,1149.0,1551.0,26,Running,
1,6731f336-df6b-455e-b486-fc65d6a62566,2026-09-28T01:43:01.347+00:00,2026-09-28T01:43:01.553+00:00,21072-30059,dryers,50170087,42000000,2026-09-28 01:43:01,2026-09-28 01:23:07,45,1194.0,1506.0,26,Running,
1,6731f336-df6b-455e-b486-fc65d6a62566,2026-09-28T01:43:01.347+00:00,2026-09-28T01:43:01.553+00:00,21072-30059,dryers,50170064,42000000,2026-09-28 01:43:01,2026-09-28 01:20:52,50,1329.0,1671.0,28,Running,
1,6731f336-df6b-455e-b486-fc65d6a62566,2026-09-28T01:43:01.347+00:00,2026-09-28T01:43:01.553+00:00,21072-30059,dryers,50170065,42000000,2026-09-28 01:43:01,2026-09-28 01:23:55,45,1146.0,1554.0,26,Running,
1,6731f336-df6b-455e-b486-fc65d6a62566,2026-09-28T01:43:01.347+00:00,2026-09-28T01:43:01.553+00:00,21072-30059,dryers,50170059,52000000,2026-09-28 01:43:01,2026-09-28 01:16:55,23,1566.0,-186.0,,Finished,
1,6731f336-df6b-455e-b486-fc65d6a62566,2026-09-28T01:43:01.347+00:00,2026-09-28T01:43:01.553+00:00,21072-30059,dryers,50170057,52000000,2026-09-28 01:43:01,2026-09-28 01:15:36,23,1645.0,-265.0,,Finished,
1,6731f336-df6b-455e-b486-fc65d6a62566,2026-09-28T01:43:01.347+00:00,2026-09-28T01:43:01.553+00:00,21072-30059,dryers,50170062,72000000,2026-09-28 01:43:01,2026-09-27 07:03:28,46,67173.0,-64413.0,,Available,website maps this code to Available
1,6731f336-df6b-455e-b486-fc65d6a62566,2026-09-28T01:43:01.347+00:00,2026-09-28T01:43:01.553+00:00,21072-30059,dryers,50170067,52000000,2026-09-28 01:43:01,2026-09-28 01:18:40,1,1461.0,-1401.0,,Finished,
1,6731f336-df6b-455e-b486-fc65d6a62566,2026-09-28T01:43:01.347+00:00,2026-09-28T01:43:01.553+00:00,21072-30059,dryers,50170074,42000000,2026-09-28 01:43:01,2026-09-28 01:23:28,72,1173.0,3147.0,53,Running,
1,6731f336-df6b-455e-b486-fc65d6a62566,2026-09-28T01:43:01.347+00:00,2026-09-28T01:43:01.553+00:00,21072-30059,dryers,50170071,72000000,2026-09-28 01:43:01,2026-09-28 01:14:55,46,1686.0,1074.0,,Available,website maps this code to Available
1,6731f336-df6b-455e-b486-fc65d6a62566,2026-09-28T01:43:01.347+00:00,2026-09-28T01:43:01.553+00:00,21072-30059,dryers,50170054,42000000,2026-09-28 01:43:01,2026-09-28 01:23:26,68,1175.0,2905.0,49,Running,
1,0fbfffdc-8c13-4e3c-b963-55264de16fec,2026-09-28T01:44:01.297+00:00,2026-09-28T01:44:01.486+00:00,21072-30059,washers,50170051,72000000,2026-09-28 01:44:01,2026-09-28 01:14:06,29,1795.0,-55.0,,Available,website maps this code to Available
1,0fbfffdc-8c13-4e3c-b963-55264de16fec,2026-09-28T01:44:01.297+00:00,2026-09-28T01:44:01.486+00:00,21072-30059,washers,50170080,72000000,2026-09-28 01:44:01,2026-09-28 00:26:38,29,4643.0,-2903.0,,Available,website maps this code to Available
1,0fbfffdc-8c13-4e3c-b963-55264de16fec,2026-09-28T01:44:01.297+00:00,2026-09-28T01:44:01.486+00:00,21072-30059,washers,50170075,72000000,2026-09-28 01:44:01,2026-09-28 00:25:28,29,4713.0,-2973.0,,Available,website maps this code to Available
1,0fbfffdc-8c13-4e3c-b963-55264de16fec,2026-09-28T01:44:01.297+00:00,2026-09-28T01:44:01.486+00:00,21072-30059,washers,50170082,72000000,2026-09-28 01:44:01,2026-09-28 00:14:48,29,5353.0,-3613.0,,Available,website maps this code to Available
1,0fbfffdc-8c13-4e3c-b963-55264de16fec,2026-09-28T01:44:01.297+00:00,2026-09-28T01:44:01.486+00:00,21072-30059,washers,50170050,72000000,2026-09-28 01:44:01,2026-09-28 01:16:32,29,1649.0,91.0,,Available,website maps this code to Available
1,0fbfffdc-8c13-4e3c-b963-55264de16fec,2026-09-28T01:44:01.297+00:00,2026-09-28T01:44:01.486+00:00,21072-30059,washers,50170052,72000000,2026-09-28 01:44:01,2026-09-28 00:32:00,29,4321.0,-2581.0,,Available,website maps this code to Available
1,0fbfffdc-8c13-4e3c-b963-55264de16fec,2026-09-28T01:44:01.297+00:00,2026-09-28T01:44:01.486+00:00,21072-30059,washers,50170078,72000000,2026-09-28 01:44:01,2026-09-28 00:31:25,29,4356.0,-2616.0,,Available,website maps this code to Available
1,0fbfffdc-8c13-4e3c-b963-55264de16fec,2026-09-28T01:44:01.297+00:00,2026-09-28T01:44:01.486+00:00,21072-30059,washers,50170084,72000000,2026-09-28 01:44:01,2026-09-28 00:29:34,29,4467.0,-2727.0,,Available,website maps this code to Available
1,0fbfffdc-8c13-4e3c-b963-55264de16fec,2026-09-28T01:44:01.297+00:00,2026-09-28T01:44:01.486+00:00,21072-30059,washers,50170068,72000000,2026-09-28 01:44:01,2026-09-28 01:16:45,29,1636.0,104.0,,Available,website maps this code to Available
1,0fbfffdc-8c13-4e3c-b963-55264de16fec,2026-09-28T01:44:01.297+00:00,2026-09-28T01:44:01.486+00:00,21072-30059,washers,50170072,72000000,2026-09-28 01:44:01,2026-09-27 23:01:12,29,9769.0,-8029.0,,Available,website maps this code to Available
1,0fbfffdc-8c13-4e3c-b963-55264de16fec,2026-09-28T01:44:01.297+00:00,2026-09-28T01:44:01.486+00:00,21072-30059,washers,20483408,72000000,2026-09-28 01:44:01,2024-12-20 00:43:32,0,55904429.0,-55904429.0,,Available,website maps this code to Available
1,0fbfffdc-8c13-4e3c-b963-55264de16fec,2026-09-28T01:44:01.297+00:00,2026-09-28T01:44:01.486+00:00,21072-30059,washers,50170055,72000000,2026-09-28 01:44:01,2026-09-28 01:16:18,29,1663.0,77.0,,Available,website maps this code to Available
1,0fbfffdc-8c13-4e3c-b963-55264de16fec,2026-09-28T01:44:01.297+00:00,2026-09-28T01:44:01.486+00:00,21072-30059,dryers,50170058,D2000000,2026-09-28 01:44:01,2026-09-26 17:53:29,45,114632.0,-111932.0,,Start Mode After PF,
1,0fbfffdc-8c13-4e3c-b963-55264de16fec,2026-09-28T01:44:01.297+00:00,2026-09-28T01:44:01.486+00:00,21072-30059,dryers,50170061,72000000,2026-09-28 01:44:01,2026-09-28 01:14:22,46,1779.0,981.0,,Available,website maps this code to Available
1,0fbfffdc-8c13-4e3c-b963-55264de16fec,2026-09-28T01:44:01.297+00:00,2026-09-28T01:44:01.486+00:00,21072-30059,dryers,50170081,72000000,2026-09-28 01:44:01,2026-09-28 01:17:03,46,1618.0,1142.0,,Available,website maps this code to Available
1,0fbfffdc-8c13-4e3c-b963-55264de16fec,2026-09-28T01:44:01.297+00:00,2026-09-28T01:44:01.486+00:00,21072-30059,dryers,50170060,42000000,2026-09-28 01:44:01,2026-09-28 01:23:52,45,1209.0,1491.0,25,Running,
1,0fbfffdc-8c13-4e3c-b963-55264de16fec,2026-09-28T01:44:01.297+00:00,2026-09-28T01:44:01.486+00:00,21072-30059,dryers,50170087,42000000,2026-09-28 01:44:01,2026-09-28 01:23:07,45,1254.0,1446.0,25,Running,
1,0fbfffdc-8c13-4e3c-b963-55264de16fec,2026-09-28T01:44:01.297+00:00,2026-09-28T01:44:01.486+00:00,21072-30059,dryers,50170064,42000000,2026-09-28 01:44:01,2026-09-28 01:20:52,50,1389.0,1611.0,27,Running,
1,0fbfffdc-8c13-4e3c-b963-55264de16fec,2026-09-28T01:44:01.297+00:00,2026-09-28T01:44:01.486+00:00,21072-30059,dryers,50170065,42000000,2026-09-28 01:44:01,2026-09-28 01:23:55,45,1206.0,1494.0,25,Running,
1,0fbfffdc-8c13-4e3c-b963-55264de16fec,2026-09-28T01:44:01.297+00:00,2026-09-28T01:44:01.486+00:00,21072-30059,dryers,50170059,52000000,2026-09-28 01:44:01,2026-09-28 01:16:55,23,1626.0,-246.0,,Finished,
1,0fbfffdc-8c13-4e3c-b963-55264de16fec,2026-09-28T01:44:01.297+00:00,2026-09-28T01:44:01.486+00:00,21072-30059,dryers,50170057,52000000,2026-09-28 01:44:01,2026-09-28 01:15:36,23,1705.0,-325.0,,Finished,
1,0fbfffdc-8c13-4e3c-b963-55264de16fec,2026-09-28T01:44:01.297+00:00,2026-09-28T01:44:01.486+00:00,21072-30059,dryers,50170062,72000000,2026-09-28 01:44:01,2026-09-27 07:03:28,46,67233.0,-64473.0,,Available,website maps this code to Available
1,0fbfffdc-8c13-4e3c-b963-55264de16fec,2026-09-28T01:44:01.297+00:00,2026-09-28T01:44:01.486+00:00,21072-30059,dryers,50170067,52000000,2026-09-28 01:44:01,2026-09-28 01:18:40,1,1521.0,-1461.0,,Finished,
1,0fbfffdc-8c13-4e3c-b963-55264de16fec,2026-09-28T01:44:01.297+00:00,2026-09-28T01:44:01.486+00:00,21072-30059,dryers,50170074,42000000,2026-09-28 01:44:01,2026-09-28 01:23:28,72,1233.0,3087.0,52,Running,
1,0fbfffdc-8c13-4e3c-b963-55264de16fec,2026-09-28T01:44:01.297+00:00,2026-09-28T01:44:01.486+00:00,21072-30059,dryers,50170071,72000000,2026-09-28 01:44:01,2026-09-28 01:14:55,46,1746.0,1014.0,,Available,website maps this code to Available
1,0fbfffdc-8c13-4e3c-b963-55264de16fec,2026-09-28T01:44:01.297+00:00,2026-09-28T01:44:01.486+00:00,21072-30059,dryers,50170054,42000000,2026-09-28 01:44:01,2026-09-28 01:23:26,68,1235.0,2845.0,48,Running,
1,044456f4-71ea-4ba0-804c-6dee97a331bb,2026-09-28T01:45:01.288+00:00,2026-09-28T01:45:01.477+00:00,21072-30059,washers,50170051,72000000,2026-09-28 01:45:01,2026-09-28 01:14:06,29,1855.0,-115.0,,Available,website maps this code to Available
1,044456f4-71ea-4ba0-804c-6dee97a331bb,2026-09-28T01:45:01.288+00:00,2026-09-28T01:45:01.477+00:00,21072-30059,washers,50170080,72000000,2026-09-28 01:45:01,2026-09-28 00:26:38,29,4703.0,-2963.0,,Available,website maps this code to Available
1,044456f4-71ea-4ba0-804c-6dee97a331bb,2026-09-28T01:45:01.288+00:00,2026-09-28T01:45:01.477+00:00,21072-30059,washers,50170075,72000000,2026-09-28 01:45:01,2026-09-28 00:25:28,29,4773.0,-3033.0,,Available,website maps this code to Available
1,044456f4-71ea-4ba0-804c-6dee97a331bb,2026-09-28T01:45:01.288+00:00,2026-09-28T01:45:01.477+00:00,21072-30059,washers,50170082,72000000,2026-09-28 01:45:01,2026-09-28 00:14:48,29,5413.0,-3673.0,,Available,website maps this code to Available
1,044456f4-71ea-4ba0-804c-6dee97a331bb,2026-09-28T01:45:01.288+00:00,2026-09-28T01:45:01.477+00:00,21072-30059,washers,50170050,72000000,2026-09-28 01:45:01,2026-09-28 01:16:32,29,1709.0,31.0,,Available,website maps this code to Available
1,044456f4-71ea-4ba0-804c-6dee97a331bb,2026-09-28T01:45:01.288+00:00,2026-09-28T01:45:01.477+00:00,21072-30059,washers,50170052,72000000,2026-09-28 01:45:01,2026-09-28 00:32:00,29,4381.0,-2641.0,,Available,website maps this code to Available
1,044456f4-71ea-4ba0-804c-6dee97a331bb,2026-09-28T01:45:01.288+00:00,2026-09-28T01:45:01.477+00:00,21072-30059,washers,50170078,72000000,2026-09-28 01:45:01,2026-09-28 00:31:25,29,4416.0,-2676.0,,Available,website maps this code to Available
1,044456f4-71ea-4ba0-804c-6dee97a331bb,2026-09-28T01:45:01.288+00:00,2026-09-28T01:45:01.477+00:00,21072-30059,washers,50170084,72000000,2026-09-28 01:45:01,2026-09-28 00:29:34,29,4527.0,-2787.0,,Available,website maps this code to Available
1,044456f4-71ea-4ba0-804c-6dee97a331bb,2026-09-28T01:45:01.288+00:00,2026-09-28T01:45:01.477+00:00,21072-30059,washers,50170068,72000000,2026-09-28 01:45:01,2026-09-28 01:16:45,29,1696.0,44.0,,Available,website maps this code to Available
1,044456f4-71ea-4ba0-804c-6dee97a331bb,2026-09-28T01:45:01.288+00:00,2026-09-28T01:45:01.477+00:00,21072-30059,washers,50170072,72000000,2026-09-28 01:45:01,2026-09-27 23:01:12,29,9829.0,-8089.0,,Available,website maps this code to Available
1,044456f4-71ea-4ba0-804c-6dee97a331bb,2026-09-28T01:45:01.288+00:00,2026-09-28T01:45:01.477+00:00,21072-30059,washers,20483408,72000000,2026-09-28 01:45:01,2024-12-20 00:43:32,0,55904489.0,-55904489.0,,Available,website maps this code to Available
1,044456f4-71ea-4ba0-804c-6dee97a331bb,2026-09-28T01:45:01.288+00:00,2026-09-28T01:45:01.477+00:00,21072-30059,washers,50170055,72000000,2026-09-28 01:45:01,2026-09-28 01:16:18,29,1723.0,17.0,,Available,website maps this code to Available
1,044456f4-71ea-4ba0-804c-6dee97a331bb,2026-09-28T01:45:01.288+00:00,2026-09-28T01:45:01.477+00:00,21072-30059,dryers,50170058,D2000000,2026-09-28 01:45:01,2026-09-26 17:53:29,45,114692.0,-111992.0,,Start Mode After PF,
1,044456f4-71ea-4ba0-804c-6dee97a331bb,2026-09-28T01:45:01.288+00:00,2026-09-28T01:45:01.477+00:00,21072-30059,dryers,50170061,72000000,2026-09-28 01:45:01,2026-09-28 01:14:22,46,1839.0,921.0,,Available,website maps this code to Available
1,044456f4-71ea-4ba0-804c-6dee97a331bb,2026-09-28T01:45:01.288+00:00,2026-09-28T01:45:01.477+00:00,21072-30059,dryers,50170081,72000000,2026-09-28 01:45:01,2026-09-28 01:17:03,46,1678.0,1082.0,,Available,website maps this code to Available
1,044456f4-71ea-4ba0-804c-6dee97a331bb,2026-09-28T01:45:01.288+00:00,2026-09-28T01:45:01.477+00:00,21072-30059,dryers,50170060,42000000,2026-09-28 01:45:01,2026-09-28 01:23:52,45,1269.0,1431.0,24,Running,
1,044456f4-71ea-4ba0-804c-6dee97a331bb,2026-09-28T01:45:01.288+00:00,2026-09-28T01:45:01.477+00:00,21072-30059,dryers,50170087,42000000,2026-09-28 01:45:01,2026-09-28 01:23:07,45,1314.0,1386.0,24,Running,
1,044456f4-71ea-4ba0-804c-6dee97a331bb,2026-09-28T01:45:01.288+00:00,2026-09-28T01:45:01.477+00:00,21072-30059,dryers,50170064,42000000,2026-09-28 01:45:01,2026-09-28 01:20:52,50,1449.0,1551.0,26,Running,
1,044456f4-71ea-4ba0-804c-6dee97a331bb,2026-09-28T01:45:01.288+00:00,2026-09-28T01:45:01.477+00:00,21072-30059,dryers,50170065,42000000,2026-09-28 01:45:01,2026-09-28 01:23:55,45,1266.0,1434.0,24,Running,
1,044456f4-71ea-4ba0-804c-6dee97a331bb,2026-09-28T01:45:01.288+00:00,2026-09-28T01:45:01.477+00:00,21072-30059,dryers,50170059,52000000,2026-09-28 01:45:01,2026-09-28 01:16:55,23,1686.0,-306.0,,Finished,
1,044456f4-71ea-4ba0-804c-6dee97a331bb,2026-09-28T01:45:01.288+00:00,2026-09-28T01:45:01.477+00:00,21072-30059,dryers,50170057,52000000,2026-09-28 01:45:01,2026-09-28 01:15:36,23,1765.0,-385.0,,Finished,
1,044456f4-71ea-4ba0-804c-6dee97a331bb,2026-09-28T01:45:01.288+00:00,2026-09-28T01:45:01.477+00:00,21072-30059,dryers,50170062,72000000,2026-09-28 01:45:01,2026-09-27 07:03:28,46,67293.0,-64533.0,,Available,website maps this code to Available
1,044456f4-71ea-4ba0-804c-6dee97a331bb,2026-09-28T01:45:01.288+00:00,2026-09-28T01:45:01.477+00:00,21072-30059,dryers,50170067,52000000,2026-09-28 01:45:01,2026-09-28 01:18:40,1,1581.0,-1521.0,,Finished,
1,044456f4-71ea-4ba0-804c-6dee97a331bb,2026-09-28T01:45:01.288+00:00,2026-09-28T01:45:01.477+00:00,21072-30059,dryers,50170074,42000000,2026-09-28 01:45:01,2026-09-28 01:23:28,72,1293.0,3027.0,51,Running,
1,044456f4-71ea-4ba0-804c-6dee97a331bb,2026-09-28T01:45:01.288+00:00,2026-09-28T01:45:01.477+00:00,21072-30059,dryers,50170071,72000000,2026-09-28 01:45:01,2026-09-28 01:14:55,46,1806.0,954.0,,Available,website maps this code to Available
1,044456f4-71ea-4ba0-804c-6dee97a331bb,2026-09-28T01:45:01.288+00:00,2026-09-28T01:45:01.477+00:00,21072-30059,dryers,50170054,42000000,2026-09-28 01:45:01,2026-09-28 01:23:26,68,1295.0,2785.0,47,Running,
1,bec1aa1b-204e-4bce-b2ec-47410597f778,2026-09-28T01:46:01.431+00:00,2026-09-28T01:46:01.620+00:00,21072-30059,washers,50170051,72000000,2026-09-28 01:46:01,2026-09-28 01:14:06,29,1915.0,-175.0,,Available,website maps this code to Available
1,bec1aa1b-204e-4bce-b2ec-47410597f778,2026-09-28T01:46:01.431+00:00,2026-09-28T01:46:01.620+00:00,21072-30059,washers,50170080,72000000,2026-09-28 01:46:01,2026-09-28 00:26:38,29,4763.0,-3023.0,,Available,website maps this code to Available
1,bec1aa1b-204e-4bce-b2ec-47410597f778,2026-09-28T01:46:01.431+00:00,2026-09-28T01:46:01.620+00:00,21072-30059,washers,50170075,72000000,2026-09-28 01:46:01,2026-09-28 00:25:28,29,4833.0,-3093.0,,Available,website maps this code to Available
1,bec1aa1b-204e-4bce-b2ec-47410597f778,2026-09-28T01:46:01.431+00:00,2026-09-28T01:46:01.620+00:00,21072-30059,washers,50170082,72000000,2026-09-28 01:46:01,2026-09-28 00:14:48,29,5473.0,-3733.0,,Available,website maps this code to Available
1,bec1aa1b-204e-4bce-b2ec-47410597f778,2026-09-28T01:46:01.431+00:00,2026-09-28T01:46:01.620+00:00,21072-30059,washers,50170050,72000000,2026-09-28 01:46:01,2026-09-28 01:16:32,29,1769.0,-29.0,,Available,website maps this code to Available
1,bec1aa1b-204e-4bce-b2ec-47410597f778,2026-09-28T01:46:01.431+00:00,2026-09-28T01:46:01.620+00:00,21072-30059,washers,50170052,72000000,2026-09-28 01:46:01,2026-09-28 00:32:00,29,4441.0,-2701.0,,Available,website maps this code to Available
1,bec1aa1b-204e-4bce-b2ec-47410597f778,2026-09-28T01:46:01.431+00:00,2026-09-28T01:46:01.620+00:00,21072-30059,washers,50170078,72000000,2026-09-28 01:46:01,2026-09-28 00:31:25,29,4476.0,-2736.0,,Available,website maps this code to Available
1,bec1aa1b-204e-4bce-b2ec-47410597f778,2026-09-28T01:46:01.431+00:00,2026-09-28T01:46:01.620+00:00,21072-30059,washers,50170084,72000000,2026-09-28 01:46:01,2026-09-28 00:29:34,29,4587.0,-2847.0,,Available,website maps this code to Available
1,bec1aa1b-204e-4bce-b2ec-47410597f778,2026-09-28T01:46:01.431+00:00,2026-09-28T01:46:01.620+00:00,21072-30059,washers,50170068,72000000,2026-09-28 01:46:01,2026-09-28 01:16:45,29,1756.0,-16.0,,Available,website maps this code to Available
1,bec1aa1b-204e-4bce-b2ec-47410597f778,2026-09-28T01:46:01.431+00:00,2026-09-28T01:46:01.620+00:00,21072-30059,washers,50170072,72000000,2026-09-28 01:46:01,2026-09-27 23:01:12,29,9889.0,-8149.0,,Available,website maps this code to Available
1,bec1aa1b-204e-4bce-b2ec-47410597f778,2026-09-28T01:46:01.431+00:00,2026-09-28T01:46:01.620+00:00,21072-30059,washers,20483408,72000000,2026-09-28 01:46:01,2024-12-20 00:43:32,0,55904549.0,-55904549.0,,Available,website maps this code to Available
1,bec1aa1b-204e-4bce-b2ec-47410597f778,2026-09-28T01:46:01.431+00:00,2026-09-28T01:46:01.620+00:00,21072-30059,washers,50170055,72000000,2026-09-28 01:46:01,2026-09-28 01:16:18,29,1783.0,-43.0,,Available,website maps this code to Available
1,bec1aa1b-204e-4bce-b2ec-47410597f778,2026-09-28T01:46:01.431+00:00,2026-09-28T01:46:01.620+00:00,21072-30059,dryers,50170058,D2000000,2026-09-28 01:46:01,2026-09-26 17:53:29,45,114752.0,-112052.0,,Start Mode After PF,
1,bec1aa1b-204e-4bce-b2ec-47410597f778,2026-09-28T01:46:01.431+00:00,2026-09-28T01:46:01.620+00:00,21072-30059,dryers,50170061,72000000,2026-09-28 01:46:01,2026-09-28 01:14:22,46,1899.0,861.0,,Available,website maps this code to Available
1,bec1aa1b-204e-4bce-b2ec-47410597f778,2026-09-28T01:46:01.431+00:00,2026-09-28T01:46:01.620+00:00,21072-30059,dryers,50170081,72000000,2026-09-28 01:46:01,2026-09-28 01:17:03,46,1738.0,1022.0,,Available,website maps this code to Available
1,bec1aa1b-204e-4bce-b2ec-47410597f778,2026-09-28T01:46:01.431+00:00,2026-09-28T01:46:01.620+00:00,21072-30059,dryers,50170060,42000000,2026-09-28 01:46:01,2026-09-28 01:23:52,45,1329.0,1371.0,23,Running,
1,bec1aa1b-204e-4bce-b2ec-47410597f778,2026-09-28T01:46:01.431+00:00,2026-09-28T01:46:01.620+00:00,21072-30059,dryers,50170087,42000000,2026-09-28 01:46:01,2026-09-28 01:23:07,45,1374.0,1326.0,23,Running,
1,bec1aa1b-204e-4bce-b2ec-47410597f778,2026-09-28T01:46:01.431+00:00,2026-09-28T01:46:01.620+00:00,21072-30059,dryers,50170064,42000000,2026-09-28 01:46:01,2026-09-28 01:20:52,50,1509.0,1491.0,25,Running,
1,bec1aa1b-204e-4bce-b2ec-47410597f778,2026-09-28T01:46:01.431+00:00,2026-09-28T01:46:01.620+00:00,21072-30059,dryers,50170065,42000000,2026-09-28 01:46:01,2026-09-28 01:23:55,45,1326.0,1374.0,23,Running,
1,bec1aa1b-204e-4bce-b2ec-47410597f778,2026-09-28T01:46:01.431+00:00,2026-09-28T01:46:01.620+00:00,21072-30059,dryers,50170059,52000000,2026-09-28 01:46:01,2026-09-28 01:16:55,23,1746.0,-366.0,,Finished,
1,bec1aa1b-204e-4bce-b2ec-47410597f778,2026-09-28T01:46:01.431+00:00,2026-09-28T01:46:01.620+00:00,21072-30059,dryers,50170057,52000000,2026-09-28 01:46:01,2026-09-28 01:15:36,23,1825.0,-445.0,,Finished,
1,bec1aa1b-204e-4bce-b2ec-47410597f778,2026-09-28T01:46:01.431+00:00,2026-09-28T01:46:01.620+00:00,21072-30059,dryers,50170062,72000000,2026-09-28 01:46:01,2026-09-27 07:03:28,46,67353.0,-64593.0,,Available,website maps this code to Available
1,bec1aa1b-204e-4bce-b2ec-47410597f778,2026-09-28T01:46:01.431+00:00,2026-09-28T01:46:01.620+00:00,21072-30059,dryers,50170067,52000000,2026-09-28 01:46:01,2026-09-28 01:18:40,1,1641.0,-1581.0,,Finished,
1,bec1aa1b-204e-4bce-b2ec-47410597f778,2026-09-28T01:46:01.431+00:00,2026-09-28T01:46:01.620+00:00,21072-30059,dryers,50170074,42000000,2026-09-28 01:46:01,2026-09-28 01:23:28,72,1353.0,2967.0,50,Running,
1,bec1aa1b-204e-4bce-b2ec-47410597f778,2026-09-28T01:46:01.431+00:00,2026-09-28T01:46:01.620+00:00,21072-30059,dryers,50170071,72000000,2026-09-28 01:46:01,2026-09-28 01:14:55,46,1866.0,894.0,,Available,website maps this code to Available
1,bec1aa1b-204e-4bce-b2ec-47410597f778,2026-09-28T01:46:01.431+00:00,2026-09-28T01:46:01.620+00:00,21072-30059,dryers,50170054,42000000,2026-09-28 01:46:01,2026-09-28 01:23:26,68,1355.0,2725.0,46,Running,
1,8b81ecda-dac4-4dbe-a892-59a7a5c9b70c,2026-09-28T01:47:01.291+00:00,2026-09-28T01:47:01.484+00:00,21072-30059,washers,50170051,72000000,2026-09-28 01:47:01,2026-09-28 01:14:06,29,1975.0,-235.0,,Available,website maps this code to Available
1,8b81ecda-dac4-4dbe-a892-59a7a5c9b70c,2026-09-28T01:47:01.291+00:00,2026-09-28T01:47:01.484+00:00,21072-30059,washers,50170080,72000000,2026-09-28 01:47:01,2026-09-28 00:26:38,29,4823.0,-3083.0,,Available,website maps this code to Available
1,8b81ecda-dac4-4dbe-a892-59a7a5c9b70c,2026-09-28T01:47:01.291+00:00,2026-09-28T01:47:01.484+00:00,21072-30059,washers,50170075,72000000,2026-09-28 01:47:01,2026-09-28 00:25:28,29,4893.0,-3153.0,,Available,website maps this code to Available
1,8b81ecda-dac4-4dbe-a892-59a7a5c9b70c,2026-09-28T01:47:01.291+00:00,2026-09-28T01:47:01.484+00:00,21072-30059,washers,50170082,72000000,2026-09-28 01:47:01,2026-09-28 00:14:48,29,5533.0,-3793.0,,Available,website maps this code to Available
1,8b81ecda-dac4-4dbe-a892-59a7a5c9b70c,2026-09-28T01:47:01.291+00:00,2026-09-28T01:47:01.484+00:00,21072-30059,washers,50170050,72000000,2026-09-28 01:47:01,2026-09-28 01:16:32,29,1829.0,-89.0,,Available,website maps this code to Available
1,8b81ecda-dac4-4dbe-a892-59a7a5c9b70c,2026-09-28T01:47:01.291+00:00,2026-09-28T01:47:01.484+00:00,21072-30059,washers,50170052,72000000,2026-09-28 01:47:01,2026-09-28 00:32:00,29,4501.0,-2761.0,,Available,website maps this code to Available
1,8b81ecda-dac4-4dbe-a892-59a7a5c9b70c,2026-09-28T01:47:01.291+00:00,2026-09-28T01:47:01.484+00:00,21072-30059,washers,50170078,72000000,2026-09-28 01:47:01,2026-09-28 00:31:25,29,4536.0,-2796.0,,Available,website maps this code to Available
1,8b81ecda-dac4-4dbe-a892-59a7a5c9b70c,2026-09-28T01:47:01.291+00:00,2026-09-28T01:47:01.484+00:00,21072-30059,washers,50170084,72000000,2026-09-28 01:47:01,2026-09-28 00:29:34,29,4647.0,-2907.0,,Available,website maps this code to Available
1,8b81ecda-dac4-4dbe-a892-59a7a5c9b70c,2026-09-28T01:47:01.291+00:00,2026-09-28T01:47:01.484+00:00,21072-30059,washers,50170068,72000000,2026-09-28 01:47:01,2026-09-28 01:16:45,29,1816.0,-76.0,,Available,website maps this code to Available
1,8b81ecda-dac4-4dbe-a892-59a7a5c9b70c,2026-09-28T01:47:01.291+00:00,2026-09-28T01:47:01.484+00:00,21072-30059,washers,50170072,72000000,2026-09-28 01:47:01,2026-09-27 23:01:12,29,9949.0,-8209.0,,Available,website maps this code to Available
1,8b81ecda-dac4-4dbe-a892-59a7a5c9b70c,2026-09-28T01:47:01.291+00:00,2026-09-28T01:47:01.484+00:00,21072-30059,washers,20483408,72000000,2026-09-28 01:47:01,2024-12-20 00:43:32,0,55904609.0,-55904609.0,,Available,website maps this code to Available
1,8b81ecda-dac4-4dbe-a892-59a7a5c9b70c,2026-09-28T01:47:01.291+00:00,2026-09-28T01:47:01.484+00:00,21072-30059,washers,50170055,72000000,2026-09-28 01:47:01,2026-09-28 01:16:18,29,1843.0,-103.0,,Available,website maps this code to Available
1,8b81ecda-dac4-4dbe-a892-59a7a5c9b70c,2026-09-28T01:47:01.291+00:00,2026-09-28T01:47:01.484+00:00,21072-30059,dryers,50170058,D2000000,2026-09-28 01:47:01,2026-09-26 17:53:29,45,114812.0,-112112.0,,Start Mode After PF,
1,8b81ecda-dac4-4dbe-a892-59a7a5c9b70c,2026-09-28T01:47:01.291+00:00,2026-09-28T01:47:01.484+00:00,21072-30059,dryers,50170061,72000000,2026-09-28 01:47:01,2026-09-28 01:14:22,46,1959.0,801.0,,Available,website maps this code to Available
1,8b81ecda-dac4-4dbe-a892-59a7a5c9b70c,2026-09-28T01:47:01.291+00:00,2026-09-28T01:47:01.484+00:00,21072-30059,dryers,50170081,72000000,2026-09-28 01:47:01,2026-09-28 01:17:03,46,1798.0,962.0,,Available,website maps this code to Available
1,8b81ecda-dac4-4dbe-a892-59a7a5c9b70c,2026-09-28T01:47:01.291+00:00,2026-09-28T01:47:01.484+00:00,21072-30059,dryers,50170060,42000000,2026-09-28 01:47:01,2026-09-28 01:23:52,45,1389.0,1311.0,22,Running,
1,8b81ecda-dac4-4dbe-a892-59a7a5c9b70c,2026-09-28T01:47:01.291+00:00,2026-09-28T01:47:01.484+00:00,21072-30059,dryers,50170087,42000000,2026-09-28 01:47:01,2026-09-28 01:23:07,45,1434.0,1266.0,22,Running,
1,8b81ecda-dac4-4dbe-a892-59a7a5c9b70c,2026-09-28T01:47:01.291+00:00,2026-09-28T01:47:01.484+00:00,21072-30059,dryers,50170064,42000000,2026-09-28 01:47:01,2026-09-28 01:20:52,50,1569.0,1431.0,24,Running,
1,8b81ecda-dac4-4dbe-a892-59a7a5c9b70c,2026-09-28T01:47:01.291+00:00,2026-09-28T01:47:01.484+00:00,21072-30059,dryers,50170065,42000000,2026-09-28 01:47:01,2026-09-28 01:23:55,45,1386.0,1314.0,22,Running,
1,8b81ecda-dac4-4dbe-a892-59a7a5c9b70c,2026-09-28T01:47:01.291+00:00,2026-09-28T01:47:01.484+00:00,21072-30059,dryers,50170059,52000000,2026-09-28 01:47:01,2026-09-28 01:16:55,23,1806.0,-426.0,,Finished,
1,8b81ecda-dac4-4dbe-a892-59a7a5c9b70c,2026-09-28T01:47:01.291+00:00,2026-09-28T01:47:01.484+00:00,21072-30059,dryers,50170057,52000000,2026-09-28 01:47:01,2026-09-28 01:15:36,23,1885.0,-505.0,,Finished,
1,8b81ecda-dac4-4dbe-a892-59a7a5c9b70c,2026-09-28T01:47:01.291+00:00,2026-09-28T01:47:01.484+00:00,21072-30059,dryers,50170062,72000000,2026-09-28 01:47:01,2026-09-27 07:03:28,46,67413.0,-64653.0,,Available,website maps this code to Available
1,8b81ecda-dac4-4dbe-a892-59a7a5c9b70c,2026-09-28T01:47:01.291+00:00,2026-09-28T01:47:01.484+00:00,21072-30059,dryers,50170067,52000000,2026-09-28 01:47:01,2026-09-28 01:18:40,1,1701.0,-1641.0,,Finished,
1,8b81ecda-dac4-4dbe-a892-59a7a5c9b70c,2026-09-28T01:47:01.291+00:00,2026-09-28T01:47:01.484+00:00,21072-30059,dryers,50170074,42000000,2026-09-28 01:47:01,2026-09-28 01:23:28,72,1413.0,2907.0,49,Running,
1,8b81ecda-dac4-4dbe-a892-59a7a5c9b70c,2026-09-28T01:47:01.291+00:00,2026-09-28T01:47:01.484+00:00,21072-30059,dryers,50170071,72000000,2026-09-28 01:47:01,2026-09-28 01:14:55,46,1926.0,834.0,,Available,website maps this code to Available
1,8b81ecda-dac4-4dbe-a892-59a7a5c9b70c,2026-09-28T01:47:01.291+00:00,2026-09-28T01:47:01.484+00:00,21072-30059,dryers,50170054,42000000,2026-09-28 01:47:01,2026-09-28 01:23:26,68,1415.0,2665.0,45,Running,
1,5d1893d4-c75e-4b71-bd10-4a5b0f8ae6e1,2026-09-28T01:48:01.267+00:00,2026-09-28T01:48:01.460+00:00,21072-30059,washers,50170051,72000000,2026-09-28 01:48:01,2026-09-28 01:14:06,29,2035.0,-295.0,,Available,website maps this code to Available
1,5d1893d4-c75e-4b71-bd10-4a5b0f8ae6e1,2026-09-28T01:48:01.267+00:00,2026-09-28T01:48:01.460+00:00,21072-30059,washers,50170080,72000000,2026-09-28 01:48:01,2026-09-28 00:26:38,29,4883.0,-3143.0,,Available,website maps this code to Available
1,5d1893d4-c75e-4b71-bd10-4a5b0f8ae6e1,2026-09-28T01:48:01.267+00:00,2026-09-28T01:48:01.460+00:00,21072-30059,washers,50170075,72000000,2026-09-28 01:48:01,2026-09-28 00:25:28,29,4953.0,-3213.0,,Available,website maps this code to Available
1,5d1893d4-c75e-4b71-bd10-4a5b0f8ae6e1,2026-09-28T01:48:01.267+00:00,2026-09-28T01:48:01.460+00:00,21072-30059,washers,50170082,72000000,2026-09-28 01:48:01,2026-09-28 00:14:48,29,5593.0,-3853.0,,Available,website maps this code to Available
1,5d1893d4-c75e-4b71-bd10-4a5b0f8ae6e1,2026-09-28T01:48:01.267+00:00,2026-09-28T01:48:01.460+00:00,21072-30059,washers,50170050,72000000,2026-09-28 01:48:01,2026-09-28 01:16:32,29,1889.0,-149.0,,Available,website maps this code to Available
1,5d1893d4-c75e-4b71-bd10-4a5b0f8ae6e1,2026-09-28T01:48:01.267+00:00,2026-09-28T01:48:01.460+00:00,21072-30059,washers,50170052,72000000,2026-09-28 01:48:01,2026-09-28 00:32:00,29,4561.0,-2821.0,,Available,website maps this code to Available
1,5d1893d4-c75e-4b71-bd10-4a5b0f8ae6e1,2026-09-28T01:48:01.267+00:00,2026-09-28T01:48:01.460+00:00,21072-30059,washers,50170078,72000000,2026-09-28 01:48:01,2026-09-28 00:31:25,29,4596.0,-2856.0,,Available,website maps this code to Available
1,5d1893d4-c75e-4b71-bd10-4a5b0f8ae6e1,2026-09-28T01:48:01.267+00:00,2026-09-28T01:48:01.460+00:00,21072-30059,washers,50170084,72000000,2026-09-28 01:48:01,2026-09-28 00:29:34,29,4707.0,-2967.0,,Available,website maps this code to Available
1,5d1893d4-c75e-4b71-bd10-4a5b0f8ae6e1,2026-09-28T01:48:01.267+00:00,2026-09-28T01:48:01.460+00:00,21072-30059,washers,50170068,72000000,2026-09-28 01:48:01,2026-09-28 01:16:45,29,1876.0,-136.0,,Available,website maps this code to Available
1,5d1893d4-c75e-4b71-bd10-4a5b0f8ae6e1,2026-09-28T01:48:01.267+00:00,2026-09-28T01:48:01.460+00:00,21072-30059,washers,50170072,72000000,2026-09-28 01:48:01,2026-09-27 23:01:12,29,10009.0,-8269.0,,Available,website maps this code to Available
1,5d1893d4-c75e-4b71-bd10-4a5b0f8ae6e1,2026-09-28T01:48:01.267+00:00,2026-09-28T01:48:01.460+00:00,21072-30059,washers,20483408,72000000,2026-09-28 01:48:01,2024-12-20 00:43:32,0,55904669.0,-55904669.0,,Available,website maps this code to Available
1,5d1893d4-c75e-4b71-bd10-4a5b0f8ae6e1,2026-09-28T01:48:01.267+00:00,2026-09-28T01:48:01.460+00:00,21072-30059,washers,50170055,72000000,2026-09-28 01:48:01,2026-09-28 01:16:18,29,1903.0,-163.0,,Available,website maps this code to Available
1,5d1893d4-c75e-4b71-bd10-4a5b0f8ae6e1,2026-09-28T01:48:01.267+00:00,2026-09-28T01:48:01.460+00:00,21072-30059,dryers,50170058,D2000000,2026-09-28 01:48:01,2026-09-26 17:53:29,45,114872.0,-112172.0,,Start Mode After PF,
1,5d1893d4-c75e-4b71-bd10-4a5b0f8ae6e1,2026-09-28T01:48:01.267+00:00,2026-09-28T01:48:01.460+00:00,21072-30059,dryers,50170061,72000000,2026-09-28 01:48:01,2026-09-28 01:14:22,46,2019.0,741.0,,Available,website maps this code to Available
1,5d1893d4-c75e-4b71-bd10-4a5b0f8ae6e1,2026-09-28T01:48:01.267+00:00,2026-09-28T01:48:01.460+00:00,21072-30059,dryers,50170081,72000000,2026-09-28 01:48:01,2026-09-28 01:17:03,46,1858.0,902.0,,Available,website maps this code to Available
1,5d1893d4-c75e-4b71-bd10-4a5b0f8ae6e1,2026-09-28T01:48:01.267+00:00,2026-09-28T01:48:01.460+00:00,21072-30059,dryers,50170060,42000000,2026-09-28 01:48:01,2026-09-28 01:23:52,45,1449.0,1251.0,21,Running,
1,5d1893d4-c75e-4b71-bd10-4a5b0f8ae6e1,2026-09-28T01:48:01.267+00:00,2026-09-28T01:48:01.460+00:00,21072-30059,dryers,50170087,42000000,2026-09-28 01:48:01,2026-09-28 01:23:07,45,1494.0,1206.0,21,Running,
1,5d1893d4-c75e-4b71-bd10-4a5b0f8ae6e1,2026-09-28T01:48:01.267+00:00,2026-09-28T01:48:01.460+00:00,21072-30059,dryers,50170064,42000000,2026-09-28 01:48:01,2026-09-28 01:20:52,50,1629.0,1371.0,23,Running,
1,5d1893d4-c75e-4b71-bd10-4a5b0f8ae6e1,2026-09-28T01:48:01.267+00:00,2026-09-28T01:48:01.460+00:00,21072-30059,dryers,50170065,42000000,2026-09-28 01:48:01,2026-09-28 01:23:55,45,1446.0,1254.0,21,Running,
1,5d1893d4-c75e-4b71-bd10-4a5b0f8ae6e1,2026-09-28T01:48:01.267+00:00,2026-09-28T01:48:01.460+00:00,21072-30059,dryers,50170059,52000000,2026-09-28 01:48:01,2026-09-28 01:16:55,23,1866.0,-486.0,,Finished,
1,5d1893d4-c75e-4b71-bd10-4a5b0f8ae6e1,2026-09-28T01:48:01.267+00:00,2026-09-28T01:48:01.460+00:00,21072-30059,dryers,50170057,52000000,2026-09-28 01:48:01,2026-09-28 01:15:36,23,1945.0,-565.0,,Finished,
1,5d1893d4-c75e-4b71-bd10-4a5b0f8ae6e1,2026-09-28T01:48:01.267+00:00,2026-09-28T01:48:01.460+00:00,21072-30059,dryers,50170062,72000000,2026-09-28 01:48:01,2026-09-27 07:03:28,46,67473.0,-64713.0,,Available,website maps this code to Available
1,5d1893d4-c75e-4b71-bd10-4a5b0f8ae6e1,2026-09-28T01:48:01.267+00:00,2026-09-28T01:48:01.460+00:00,21072-30059,dryers,50170067,52000000,2026-09-28 01:48:01,2026-09-28 01:18:40,1,1761.0,-1701.0,,Finished,
1,5d1893d4-c75e-4b71-bd10-4a5b0f8ae6e1,2026-09-28T01:48:01.267+00:00,2026-09-28T01:48:01.460+00:00,21072-30059,dryers,50170074,42000000,2026-09-28 01:48:01,2026-09-28 01:23:28,72,1473.0,2847.0,48,Running,
1,5d1893d4-c75e-4b71-bd10-4a5b0f8ae6e1,2026-09-28T01:48:01.267+00:00,2026-09-28T01:48:01.460+00:00,21072-30059,dryers,50170071,72000000,2026-09-28 01:48:01,2026-09-28 01:14:55,46,1986.0,774.0,,Available,website maps this code to Available
1,5d1893d4-c75e-4b71-bd10-4a5b0f8ae6e1,2026-09-28T01:48:01.267+00:00,2026-09-28T01:48:01.460+00:00,21072-30059,dryers,50170054,42000000,2026-09-28 01:48:01,2026-09-28 01:23:26,68,1475.0,2605.0,44,Running,
1,b0349a64-1bd0-4b23-a7e6-664a61c399a1,2026-09-28T01:49:01.265+00:00,2026-09-28T01:49:01.438+00:00,21072-30059,washers,50170051,72000000,2026-09-28 01:49:01,2026-09-28 01:14:06,29,2095.0,-355.0,,Available,website maps this code to Available
1,b0349a64-1bd0-4b23-a7e6-664a61c399a1,2026-09-28T01:49:01.265+00:00,2026-09-28T01:49:01.438+00:00,21072-30059,washers,50170080,72000000,2026-09-28 01:49:01,2026-09-28 00:26:38,29,4943.0,-3203.0,,Available,website maps this code to Available
1,b0349a64-1bd0-4b23-a7e6-664a61c399a1,2026-09-28T01:49:01.265+00:00,2026-09-28T01:49:01.438+00:00,21072-30059,washers,50170075,72000000,2026-09-28 01:49:01,2026-09-28 00:25:28,29,5013.0,-3273.0,,Available,website maps this code to Available
1,b0349a64-1bd0-4b23-a7e6-664a61c399a1,2026-09-28T01:49:01.265+00:00,2026-09-28T01:49:01.438+00:00,21072-30059,washers,50170082,72000000,2026-09-28 01:49:01,2026-09-28 00:14:48,29,5653.0,-3913.0,,Available,website maps this code to Available
1,b0349a64-1bd0-4b23-a7e6-664a61c399a1,2026-09-28T01:49:01.265+00:00,2026-09-28T01:49:01.438+00:00,21072-30059,washers,50170050,72000000,2026-09-28 01:49:01,2026-09-28 01:16:32,29,1949.0,-209.0,,Available,website maps this code to Available
1,b0349a64-1bd0-4b23-a7e6-664a61c399a1,2026-09-28T01:49:01.265+00:00,2026-09-28T01:49:01.438+00:00,21072-30059,washers,50170052,72000000,2026-09-28 01:49:01,2026-09-28 00:32:00,29,4621.0,-2881.0,,Available,website maps this code to Available
1,b0349a64-1bd0-4b23-a7e6-664a61c399a1,2026-09-28T01:49:01.265+00:00,2026-09-28T01:49:01.438+00:00,21072-30059,washers,50170078,72000000,2026-09-28 01:49:01,2026-09-28 00:31:25,29,4656.0,-2916.0,,Available,website maps this code to Available
1,b0349a64-1bd0-4b23-a7e6-664a61c399a1,2026-09-28T01:49:01.265+00:00,2026-09-28T01:49:01.438+00:00,21072-30059,washers,50170084,72000000,2026-09-28 01:49:01,2026-09-28 00:29:34,29,4767.0,-3027.0,,Available,website maps this code to Available
1,b0349a64-1bd0-4b23-a7e6-664a61c399a1,2026-09-28T01:49:01.265+00:00,2026-09-28T01:49:01.438+00:00,21072-30059,washers,50170068,72000000,2026-09-28 01:49:01,2026-09-28 01:16:45,29,1936.0,-196.0,,Available,website maps this code to Available
1,b0349a64-1bd0-4b23-a7e6-664a61c399a1,2026-09-28T01:49:01.265+00:00,2026-09-28T01:49:01.438+00:00,21072-30059,washers,50170072,72000000,2026-09-28 01:49:01,2026-09-27 23:01:12,29,10069.0,-8329.0,,Available,website maps this code to Available
1,b0349a64-1bd0-4b23-a7e6-664a61c399a1,2026-09-28T01:49:01.265+00:00,2026-09-28T01:49:01.438+00:00,21072-30059,washers,20483408,72000000,2026-09-28 01:49:01,2024-12-20 00:43:32,0,55904729.0,-55904729.0,,Available,website maps this code to Available
1,b0349a64-1bd0-4b23-a7e6-664a61c399a1,2026-09-28T01:49:01.265+00:00,2026-09-28T01:49:01.438+00:00,21072-30059,washers,50170055,72000000,2026-09-28 01:49:01,2026-09-28 01:16:18,29,1963.0,-223.0,,Available,website maps this code to Available
1,b0349a64-1bd0-4b23-a7e6-664a61c399a1,2026-09-28T01:49:01.265+00:00,2026-09-28T01:49:01.438+00:00,21072-30059,dryers,50170058,D2000000,2026-09-28 01:49:01,2026-09-26 17:53:29,45,114932.0,-112232.0,,Start Mode After PF,
1,b0349a64-1bd0-4b23-a7e6-664a61c399a1,2026-09-28T01:49:01.265+00:00,2026-09-28T01:49:01.438+00:00,21072-30059,dryers,50170061,72000000,2026-09-28 01:49:01,2026-09-28 01:14:22,46,2079.0,681.0,,Available,website maps this code to Available
1,b0349a64-1bd0-4b23-a7e6-664a61c399a1,2026-09-28T01:49:01.265+00:00,2026-09-28T01:49:01.438+00:00,21072-30059,dryers,50170081,72000000,2026-09-28 01:49:01,2026-09-28 01:17:03,46,1918.0,842.0,,Available,website maps this code to Available
1,b0349a64-1bd0-4b23-a7e6-664a61c399a1,2026-09-28T01:49:01.265+00:00,2026-09-28T01:49:01.438+00:00,21072-30059,dryers,50170060,42000000,2026-09-28 01:49:01,2026-09-28 01:23:52,45,1509.0,1191.0,20,Running,
1,b0349a64-1bd0-4b23-a7e6-664a61c399a1,2026-09-28T01:49:01.265+00:00,2026-09-28T01:49:01.438+00:00,21072-30059,dryers,50170087,42000000,2026-09-28 01:49:01,2026-09-28 01:23:07,45,1554.0,1146.0,20,Running,
1,b0349a64-1bd0-4b23-a7e6-664a61c399a1,2026-09-28T01:49:01.265+00:00,2026-09-28T01:49:01.438+00:00,21072-30059,dryers,50170064,42000000,2026-09-28 01:49:01,2026-09-28 01:20:52,50,1689.0,1311.0,22,Running,
1,b0349a64-1bd0-4b23-a7e6-664a61c399a1,2026-09-28T01:49:01.265+00:00,2026-09-28T01:49:01.438+00:00,21072-30059,dryers,50170065,42000000,2026-09-28 01:49:01,2026-09-28 01:23:55,45,1506.0,1194.0,20,Running,
1,b0349a64-1bd0-4b23-a7e6-664a61c399a1,2026-09-28T01:49:01.265+00:00,2026-09-28T01:49:01.438+00:00,21072-30059,dryers,50170059,52000000,2026-09-28 01:49:01,2026-09-28 01:16:55,23,1926.0,-546.0,,Finished,
1,b0349a64-1bd0-4b23-a7e6-664a61c399a1,2026-09-28T01:49:01.265+00:00,2026-09-28T01:49:01.438+00:00,21072-30059,dryers,50170057,52000000,2026-09-28 01:49:01,2026-09-28 01:15:36,23,2005.0,-625.0,,Finished,
1,b0349a64-1bd0-4b23-a7e6-664a61c399a1,2026-09-28T01:49:01.265+00:00,2026-09-28T01:49:01.438+00:00,21072-30059,dryers,50170062,72000000,2026-09-28 01:49:01,2026-09-27 07:03:28,46,67533.0,-64773.0,,Available,website maps this code to Available
1,b0349a64-1bd0-4b23-a7e6-664a61c399a1,2026-09-28T01:49:01.265+00:00,2026-09-28T01:49:01.438+00:00,21072-30059,dryers,50170067,52000000,2026-09-28 01:49:01,2026-09-28 01:18:40,1,1821.0,-1761.0,,Finished,
1,b0349a64-1bd0-4b23-a7e6-664a61c399a1,2026-09-28T01:49:01.265+00:00,2026-09-28T01:49:01.438+00:00,21072-30059,dryers,50170074,42000000,2026-09-28 01:49:01,2026-09-28 01:23:28,72,1533.0,2787.0,47,Running,
1,b0349a64-1bd0-4b23-a7e6-664a61c399a1,2026-09-28T01:49:01.265+00:00,2026-09-28T01:49:01.438+00:00,21072-30059,dryers,50170071,72000000,2026-09-28 01:49:01,2026-09-28 01:14:55,46,2046.0,714.0,,Available,website maps this code to Available
1,b0349a64-1bd0-4b23-a7e6-664a61c399a1,2026-09-28T01:49:01.265+00:00,2026-09-28T01:49:01.438+00:00,21072-30059,dryers,50170054,42000000,2026-09-28 01:49:01,2026-09-28 01:23:26,68,1535.0,2545.0,43,Running,
1,19d40e5b-4430-448f-8d95-a062405dd71b,2026-09-28T01:50:01.351+00:00,2026-09-28T01:50:01.568+00:00,21072-30059,washers,50170051,72000000,2026-09-28 01:50:01,2026-09-28 01:14:06,29,2155.0,-415.0,,Available,website maps this code to Available
1,19d40e5b-4430-448f-8d95-a062405dd71b,2026-09-28T01:50:01.351+00:00,2026-09-28T01:50:01.568+00:00,21072-30059,washers,50170080,72000000,2026-09-28 01:50:01,2026-09-28 00:26:38,29,5003.0,-3263.0,,Available,website maps this code to Available
1,19d40e5b-4430-448f-8d95-a062405dd71b,2026-09-28T01:50:01.351+00:00,2026-09-28T01:50:01.568+00:00,21072-30059,washers,50170075,72000000,2026-09-28 01:50:01,2026-09-28 00:25:28,29,5073.0,-3333.0,,Available,website maps this code to Available
1,19d40e5b-4430-448f-8d95-a062405dd71b,2026-09-28T01:50:01.351+00:00,2026-09-28T01:50:01.568+00:00,21072-30059,washers,50170082,72000000,2026-09-28 01:50:01,2026-09-28 00:14:48,29,5713.0,-3973.0,,Available,website maps this code to Available
1,19d40e5b-4430-448f-8d95-a062405dd71b,2026-09-28T01:50:01.351+00:00,2026-09-28T01:50:01.568+00:00,21072-30059,washers,50170050,72000000,2026-09-28 01:50:01,2026-09-28 01:16:32,29,2009.0,-269.0,,Available,website maps this code to Available
1,19d40e5b-4430-448f-8d95-a062405dd71b,2026-09-28T01:50:01.351+00:00,2026-09-28T01:50:01.568+00:00,21072-30059,washers,50170052,72000000,2026-09-28 01:50:01,2026-09-28 00:32:00,29,4681.0,-2941.0,,Available,website maps this code to Available
1,19d40e5b-4430-448f-8d95-a062405dd71b,2026-09-28T01:50:01.351+00:00,2026-09-28T01:50:01.568+00:00,21072-30059,washers,50170078,72000000,2026-09-28 01:50:01,2026-09-28 00:31:25,29,4716.0,-2976.0,,Available,website maps this code to Available
1,19d40e5b-4430-448f-8d95-a062405dd71b,2026-09-28T01:50:01.351+00:00,2026-09-28T01:50:01.568+00:00,21072-30059,washers,50170084,72000000,2026-09-28 01:50:01,2026-09-28 00:29:34,29,4827.0,-3087.0,,Available,website maps this code to Available
1,19d40e5b-4430-448f-8d95-a062405dd71b,2026-09-28T01:50:01.351+00:00,2026-09-28T01:50:01.568+00:00,21072-30059,washers,50170068,72000000,2026-09-28 01:50:01,2026-09-28 01:16:45,29,1996.0,-256.0,,Available,website maps this code to Available
1,19d40e5b-4430-448f-8d95-a062405dd71b,2026-09-28T01:50:01.351+00:00,2026-09-28T01:50:01.568+00:00,21072-30059,washers,50170072,72000000,2026-09-28 01:50:01,2026-09-27 23:01:12,29,10129.0,-8389.0,,Available,website maps this code to Available
1,19d40e5b-4430-448f-8d95-a062405dd71b,2026-09-28T01:50:01.351+00:00,2026-09-28T01:50:01.568+00:00,21072-30059,washers,20483408,72000000,2026-09-28 01:50:01,2024-12-20 00:43:32,0,55904789.0,-55904789.0,,Available,website maps this code to Available
1,19d40e5b-4430-448f-8d95-a062405dd71b,2026-09-28T01:50:01.351+00:00,2026-09-28T01:50:01.568+00:00,21072-30059,washers,50170055,72000000,2026-09-28 01:50:01,2026-09-28 01:16:18,29,2023.0,-283.0,,Available,website maps this code to Available
1,19d40e5b-4430-448f-8d95-a062405dd71b,2026-09-28T01:50:01.351+00:00,2026-09-28T01:50:01.568+00:00,21072-30059,dryers,50170058,D2000000,2026-09-28 01:50:01,2026-09-26 17:53:29,45,114992.0,-112292.0,,Start Mode After PF,
1,19d40e5b-4430-448f-8d95-a062405dd71b,2026-09-28T01:50:01.351+00:00,2026-09-28T01:50:01.568+00:00,21072-30059,dryers,50170061,72000000,2026-09-28 01:50:01,2026-09-28 01:14:22,46,2139.0,621.0,,Available,website maps this code to Available
1,19d40e5b-4430-448f-8d95-a062405dd71b,2026-09-28T01:50:01.351+00:00,2026-09-28T01:50:01.568+00:00,21072-30059,dryers,50170081,72000000,2026-09-28 01:50:01,2026-09-28 01:17:03,46,1978.0,782.0,,Available,website maps this code to Available
1,19d40e5b-4430-448f-8d95-a062405dd71b,2026-09-28T01:50:01.351+00:00,2026-09-28T01:50:01.568+00:00,21072-30059,dryers,50170060,42000000,2026-09-28 01:50:01,2026-09-28 01:23:52,45,1569.0,1131.0,19,Running,
1,19d40e5b-4430-448f-8d95-a062405dd71b,2026-09-28T01:50:01.351+00:00,2026-09-28T01:50:01.568+00:00,21072-30059,dryers,50170087,42000000,2026-09-28 01:50:01,2026-09-28 01:23:07,45,1614.0,1086.0,19,Running,
1,19d40e5b-4430-448f-8d95-a062405dd71b,2026-09-28T01:50:01.351+00:00,2026-09-28T01:50:01.568+00:00,21072-30059,dryers,50170064,42000000,2026-09-28 01:50:01,2026-09-28 01:20:52,50,1749.0,1251.0,21,Running,
1,19d40e5b-4430-448f-8d95-a062405dd71b,2026-09-28T01:50:01.351+00:00,2026-09-28T01:50:01.568+00:00,21072-30059,dryers,50170065,42000000,2026-09-28 01:50:01,2026-09-28 01:23:55,45,1566.0,1134.0,19,Running,
1,19d40e5b-4430-448f-8d95-a062405dd71b,2026-09-28T01:50:01.351+00:00,2026-09-28T01:50:01.568+00:00,21072-30059,dryers,50170059,52000000,2026-09-28 01:50:01,2026-09-28 01:16:55,23,1986.0,-606.0,,Finished,
1,19d40e5b-4430-448f-8d95-a062405dd71b,2026-09-28T01:50:01.351+00:00,2026-09-28T01:50:01.568+00:00,21072-30059,dryers,50170057,52000000,2026-09-28 01:50:01,2026-09-28 01:15:36,23,2065.0,-685.0,,Finished,
1,19d40e5b-4430-448f-8d95-a062405dd71b,2026-09-28T01:50:01.351+00:00,2026-09-28T01:50:01.568+00:00,21072-30059,dryers,50170062,72000000,2026-09-28 01:50:01,2026-09-27 07:03:28,46,67593.0,-64833.0,,Available,website maps this code to Available
1,19d40e5b-4430-448f-8d95-a062405dd71b,2026-09-28T01:50:01.351+00:00,2026-09-28T01:50:01.568+00:00,21072-30059,dryers,50170067,52000000,2026-09-28 01:50:01,2026-09-28 01:18:40,1,1881.0,-1821.0,,Finished,
1,19d40e5b-4430-448f-8d95-a062405dd71b,2026-09-28T01:50:01.351+00:00,2026-09-28T01:50:01.568+00:00,21072-30059,dryers,50170074,42000000,2026-09-28 01:50:01,2026-09-28 01:23:28,72,1593.0,2727.0,46,Running,
1,19d40e5b-4430-448f-8d95-a062405dd71b,2026-09-28T01:50:01.351+00:00,2026-09-28T01:50:01.568+00:00,21072-30059,dryers,50170071,72000000,2026-09-28 01:50:01,2026-09-28 01:14:55,46,2106.0,654.0,,Available,website maps this code to Available
1,19d40e5b-4430-448f-8d95-a062405dd71b,2026-09-28T01:50:01.351+00:00,2026-09-28T01:50:01.568+00:00,21072-30059,dryers,50170054,42000000,2026-09-28 01:50:01,2026-09-28 01:23:26,68,1595.0,2485.0,42,Running,
1,fe7d9ae0-5611-4f5c-8ae7-5470bd5108a5,2026-09-28T01:51:01.293+00:00,2026-09-28T01:51:01.470+00:00,21072-30059,washers,50170051,72000000,2026-09-28 01:51:01,2026-09-28 01:14:06,29,2215.0,-475.0,,Available,website maps this code to Available
1,fe7d9ae0-5611-4f5c-8ae7-5470bd5108a5,2026-09-28T01:51:01.293+00:00,2026-09-28T01:51:01.470+00:00,21072-30059,washers,50170080,72000000,2026-09-28 01:51:01,2026-09-28 00:26:38,29,5063.0,-3323.0,,Available,website maps this code to Available
1,fe7d9ae0-5611-4f5c-8ae7-5470bd5108a5,2026-09-28T01:51:01.293+00:00,2026-09-28T01:51:01.470+00:00,21072-30059,washers,50170075,72000000,2026-09-28 01:51:01,2026-09-28 00:25:28,29,5133.0,-3393.0,,Available,website maps this code to Available
1,fe7d9ae0-5611-4f5c-8ae7-5470bd5108a5,2026-09-28T01:51:01.293+00:00,2026-09-28T01:51:01.470+00:00,21072-30059,washers,50170082,72000000,2026-09-28 01:51:01,2026-09-28 00:14:48,29,5773.0,-4033.0,,Available,website maps this code to Available
1,fe7d9ae0-5611-4f5c-8ae7-5470bd5108a5,2026-09-28T01:51:01.293+00:00,2026-09-28T01:51:01.470+00:00,21072-30059,washers,50170050,72000000,2026-09-28 01:51:01,2026-09-28 01:16:32,29,2069.0,-329.0,,Available,website maps this code to Available
1,fe7d9ae0-5611-4f5c-8ae7-5470bd5108a5,2026-09-28T01:51:01.293+00:00,2026-09-28T01:51:01.470+00:00,21072-30059,washers,50170052,72000000,2026-09-28 01:51:01,2026-09-28 00:32:00,29,4741.0,-3001.0,,Available,website maps this code to Available
1,fe7d9ae0-5611-4f5c-8ae7-5470bd5108a5,2026-09-28T01:51:01.293+00:00,2026-09-28T01:51:01.470+00:00,21072-30059,washers,50170078,72000000,2026-09-28 01:51:01,2026-09-28 00:31:25,29,4776.0,-3036.0,,Available,website maps this code to Available
1,fe7d9ae0-5611-4f5c-8ae7-5470bd5108a5,2026-09-28T01:51:01.293+00:00,2026-09-28T01:51:01.470+00:00,21072-30059,washers,50170084,72000000,2026-09-28 01:51:01,2026-09-28 00:29:34,29,4887.0,-3147.0,,Available,website maps this code to Available
1,fe7d9ae0-5611-4f5c-8ae7-5470bd5108a5,2026-09-28T01:51:01.293+00:00,2026-09-28T01:51:01.470+00:00,21072-30059,washers,50170068,72000000,2026-09-28 01:51:01,2026-09-28 01:16:45,29,2056.0,-316.0,,Available,website maps this code to Available
1,fe7d9ae0-5611-4f5c-8ae7-5470bd5108a5,2026-09-28T01:51:01.293+00:00,2026-09-28T01:51:01.470+00:00,21072-30059,washers,50170072,72000000,2026-09-28 01:51:01,2026-09-27 23:01:12,29,10189.0,-8449.0,,Available,website maps this code to Available
1,fe7d9ae0-5611-4f5c-8ae7-5470bd5108a5,2026-09-28T01:51:01.293+00:00,2026-09-28T01:51:01.470+00:00,21072-30059,washers,20483408,72000000,2026-09-28 01:51:01,2024-12-20 00:43:32,0,55904849.0,-55904849.0,,Available,website maps this code to Available
1,fe7d9ae0-5611-4f5c-8ae7-5470bd5108a5,2026-09-28T01:51:01.293+00:00,2026-09-28T01:51:01.470+00:00,21072-30059,washers,50170055,72000000,2026-09-28 01:51:01,2026-09-28 01:16:18,29,2083.0,-343.0,,Available,website maps this code to Available
1,fe7d9ae0-5611-4f5c-8ae7-5470bd5108a5,2026-09-28T01:51:01.293+00:00,2026-09-28T01:51:01.470+00:00,21072-30059,dryers,50170058,D2000000,2026-09-28 01:51:01,2026-09-26 17:53:29,45,115052.0,-112352.0,,Start Mode After PF,
1,fe7d9ae0-5611-4f5c-8ae7-5470bd5108a5,2026-09-28T01:51:01.293+00:00,2026-09-28T01:51:01.470+00:00,21072-30059,dryers,50170061,72000000,2026-09-28 01:51:01,2026-09-28 01:14:22,46,2199.0,561.0,,Available,website maps this code to Available
1,fe7d9ae0-5611-4f5c-8ae7-5470bd5108a5,2026-09-28T01:51:01.293+00:00,2026-09-28T01:51:01.470+00:00,21072-30059,dryers,50170081,72000000,2026-09-28 01:51:01,2026-09-28 01:17:03,46,2038.0,722.0,,Available,website maps this code to Available
1,fe7d9ae0-5611-4f5c-8ae7-5470bd5108a5,2026-09-28T01:51:01.293+00:00,2026-09-28T01:51:01.470+00:00,21072-30059,dryers,50170060,42000000,2026-09-28 01:51:01,2026-09-28 01:23:52,45,1629.0,1071.0,18,Running,
1,fe7d9ae0-5611-4f5c-8ae7-5470bd5108a5,2026-09-28T01:51:01.293+00:00,2026-09-28T01:51:01.470+00:00,21072-30059,dryers,50170087,42000000,2026-09-28 01:51:01,2026-09-28 01:23:07,45,1674.0,1026.0,18,Running,
1,fe7d9ae0-5611-4f5c-8ae7-5470bd5108a5,2026-09-28T01:51:01.293+00:00,2026-09-28T01:51:01.470+00:00,21072-30059,dryers,50170064,42000000,2026-09-28 01:51:01,2026-09-28 01:20:52,50,1809.0,1191.0,20,Running,
1,fe7d9ae0-5611-4f5c-8ae7-5470bd5108a5,2026-09-28T01:51:01.293+00:00,2026-09-28T01:51:01.470+00:00,21072-30059,dryers,50170065,42000000,2026-09-28 01:51:01,2026-09-28 01:23:55,45,1626.0,1074.0,18,Running,
1,fe7d9ae0-5611-4f5c-8ae7-5470bd5108a5,2026-09-28T01:51:01.293+00:00,2026-09-28T01:51:01.470+00:00,21072-30059,dryers,50170059,52000000,2026-09-28 01:51:01,2026-09-28 01:16:55,23,2046.0,-666.0,,Finished,
1,fe7d9ae0-5611-4f5c-8ae7-5470bd5108a5,2026-09-28T01:51:01.293+00:00,2026-09-28T01:51:01.470+00:00,21072-30059,dryers,50170057,52000000,2026-09-28 01:51:01,2026-09-28 01:15:36,23,2125.0,-745.0,,Finished,
1,fe7d9ae0-5611-4f5c-8ae7-5470bd5108a5,2026-09-28T01:51:01.293+00:00,2026-09-28T01:51:01.470+00:00,21072-30059,dryers,50170062,72000000,2026-09-28 01:51:01,2026-09-27 07:03:28,46,67653.0,-64893.0,,Available,website maps this code to Available
1,fe7d9ae0-5611-4f5c-8ae7-5470bd5108a5,2026-09-28T01:51:01.293+00:00,2026-09-28T01:51:01.470+00:00,21072-30059,dryers,50170067,52000000,2026-09-28 01:51:01,2026-09-28 01:18:40,1,1941.0,-1881.0,,Finished,
1,fe7d9ae0-5611-4f5c-8ae7-5470bd5108a5,2026-09-28T01:51:01.293+00:00,2026-09-28T01:51:01.470+00:00,21072-30059,dryers,50170074,42000000,2026-09-28 01:51:01,2026-09-28 01:23:28,72,1653.0,2667.0,45,Running,
1,fe7d9ae0-5611-4f5c-8ae7-5470bd5108a5,2026-09-28T01:51:01.293+00:00,2026-09-28T01:51:01.470+00:00,21072-30059,dryers,50170071,72000000,2026-09-28 01:51:01,2026-09-28 01:14:55,46,2166.0,594.0,,Available,website maps this code to Available
1,fe7d9ae0-5611-4f5c-8ae7-5470bd5108a5,2026-09-28T01:51:01.293+00:00,2026-09-28T01:51:01.470+00:00,21072-30059,dryers,50170054,42000000,2026-09-28 01:51:01,2026-09-28 01:23:26,68,1655.0,2425.0,41,Running,
1,53da601c-a963-4386-ac49-dcebd1c8d2c4,2026-09-28T01:52:01.268+00:00,2026-09-28T01:52:01.458+00:00,21072-30059,washers,50170051,72000000,2026-09-28 01:52:01,2026-09-28 01:14:06,29,2275.0,-535.0,,Available,website maps this code to Available
1,53da601c-a963-4386-ac49-dcebd1c8d2c4,2026-09-28T01:52:01.268+00:00,2026-09-28T01:52:01.458+00:00,21072-30059,washers,50170080,72000000,2026-09-28 01:52:01,2026-09-28 00:26:38,29,5123.0,-3383.0,,Available,website maps this code to Available
1,53da601c-a963-4386-ac49-dcebd1c8d2c4,2026-09-28T01:52:01.268+00:00,2026-09-28T01:52:01.458+00:00,21072-30059,washers,50170075,72000000,2026-09-28 01:52:01,2026-09-28 00:25:28,29,5193.0,-3453.0,,Available,website maps this code to Available
1,53da601c-a963-4386-ac49-dcebd1c8d2c4,2026-09-28T01:52:01.268+00:00,2026-09-28T01:52:01.458+00:00,21072-30059,washers,50170082,72000000,2026-09-28 01:52:01,2026-09-28 00:14:48,29,5833.0,-4093.0,,Available,website maps this code to Available
1,53da601c-a963-4386-ac49-dcebd1c8d2c4,2026-09-28T01:52:01.268+00:00,2026-09-28T01:52:01.458+00:00,21072-30059,washers,50170050,72000000,2026-09-28 01:52:01,2026-09-28 01:16:32,29,2129.0,-389.0,,Available,website maps this code to Available
1,53da601c-a963-4386-ac49-dcebd1c8d2c4,2026-09-28T01:52:01.268+00:00,2026-09-28T01:52:01.458+00:00,21072-30059,washers,50170052,72000000,2026-09-28 01:52:01,2026-09-28 00:32:00,29,4801.0,-3061.0,,Available,website maps this code to Available
1,53da601c-a963-4386-ac49-dcebd1c8d2c4,2026-09-28T01:52:01.268+00:00,2026-09-28T01:52:01.458+00:00,21072-30059,washers,50170078,72000000,2026-09-28 01:52:01,2026-09-28 00:31:25,29,4836.0,-3096.0,,Available,website maps this code to Available
1,53da601c-a963-4386-ac49-dcebd1c8d2c4,2026-09-28T01:52:01.268+00:00,2026-09-28T01:52:01.458+00:00,21072-30059,washers,50170084,72000000,2026-09-28 01:52:01,2026-09-28 00:29:34,29,4947.0,-3207.0,,Available,website maps this code to Available
1,53da601c-a963-4386-ac49-dcebd1c8d2c4,2026-09-28T01:52:01.268+00:00,2026-09-28T01:52:01.458+00:00,21072-30059,washers,50170068,72000000,2026-09-28 01:52:01,2026-09-28 01:16:45,29,2116.0,-376.0,,Available,website maps this code to Available
1,53da601c-a963-4386-ac49-dcebd1c8d2c4,2026-09-28T01:52:01.268+00:00,2026-09-28T01:52:01.458+00:00,21072-30059,washers,50170072,72000000,2026-09-28 01:52:01,2026-09-27 23:01:12,29,10249.0,-8509.0,,Available,website maps this code to Available
1,53da601c-a963-4386-ac49-dcebd1c8d2c4,2026-09-28T01:52:01.268+00:00,2026-09-28T01:52:01.458+00:00,21072-30059,washers,20483408,72000000,2026-09-28 01:52:01,2024-12-20 00:43:32,0,55904909.0,-55904909.0,,Available,website maps this code to Available
1,53da601c-a963-4386-ac49-dcebd1c8d2c4,2026-09-28T01:52:01.268+00:00,2026-09-28T01:52:01.458+00:00,21072-30059,washers,50170055,72000000,2026-09-28 01:52:01,2026-09-28 01:16:18,29,2143.0,-403.0,,Available,website maps this code to Available
1,53da601c-a963-4386-ac49-dcebd1c8d2c4,2026-09-28T01:52:01.268+00:00,2026-09-28T01:52:01.458+00:00,21072-30059,dryers,50170058,D2000000,2026-09-28 01:52:01,2026-09-26 17:53:29,45,115112.0,-112412.0,,Start Mode After PF,
1,53da601c-a963-4386-ac49-dcebd1c8d2c4,2026-09-28T01:52:01.268+00:00,2026-09-28T01:52:01.458+00:00,21072-30059,dryers,50170061,72000000,2026-09-28 01:52:01,2026-09-28 01:14:22,46,2259.0,501.0,,Available,website maps this code to Available
1,53da601c-a963-4386-ac49-dcebd1c8d2c4,2026-09-28T01:52:01.268+00:00,2026-09-28T01:52:01.458+00:00,21072-30059,dryers,50170081,72000000,2026-09-28 01:52:01,2026-09-28 01:17:03,46,2098.0,662.0,,Available,website maps this code to Available
1,53da601c-a963-4386-ac49-dcebd1c8d2c4,2026-09-28T01:52:01.268+00:00,2026-09-28T01:52:01.458+00:00,21072-30059,dryers,50170060,42000000,2026-09-28 01:52:01,2026-09-28 01:23:52,45,1689.0,1011.0,17,Running,
1,53da601c-a963-4386-ac49-dcebd1c8d2c4,2026-09-28T01:52:01.268+00:00,2026-09-28T01:52:01.458+00:00,21072-30059,dryers,50170087,42000000,2026-09-28 01:52:01,2026-09-28 01:23:07,45,1734.0,966.0,17,Running,
1,53da601c-a963-4386-ac49-dcebd1c8d2c4,2026-09-28T01:52:01.268+00:00,2026-09-28T01:52:01.458+00:00,21072-30059,dryers,50170064,42000000,2026-09-28 01:52:01,2026-09-28 01:20:52,50,1869.0,1131.0,19,Running,
1,53da601c-a963-4386-ac49-dcebd1c8d2c4,2026-09-28T01:52:01.268+00:00,2026-09-28T01:52:01.458+00:00,21072-30059,dryers,50170065,42000000,2026-09-28 01:52:01,2026-09-28 01:23:55,45,1686.0,1014.0,17,Running,
1,53da601c-a963-4386-ac49-dcebd1c8d2c4,2026-09-28T01:52:01.268+00:00,2026-09-28T01:52:01.458+00:00,21072-30059,dryers,50170059,52000000,2026-09-28 01:52:01,2026-09-28 01:16:55,23,2106.0,-726.0,,Finished,
1,53da601c-a963-4386-ac49-dcebd1c8d2c4,2026-09-28T01:52:01.268+00:00,2026-09-28T01:52:01.458+00:00,21072-30059,dryers,50170057,52000000,2026-09-28 01:52:01,2026-09-28 01:15:36,23,2185.0,-805.0,,Finished,
1,53da601c-a963-4386-ac49-dcebd1c8d2c4,2026-09-28T01:52:01.268+00:00,2026-09-28T01:52:01.458+00:00,21072-30059,dryers,50170062,72000000,2026-09-28 01:52:01,2026-09-27 07:03:28,46,67713.0,-64953.0,,Available,website maps this code to Available
1,53da601c-a963-4386-ac49-dcebd1c8d2c4,2026-09-28T01:52:01.268+00:00,2026-09-28T01:52:01.458+00:00,21072-30059,dryers,50170067,52000000,2026-09-28 01:52:01,2026-09-28 01:18:40,1,2001.0,-1941.0,,Finished,
1,53da601c-a963-4386-ac49-dcebd1c8d2c4,2026-09-28T01:52:01.268+00:00,2026-09-28T01:52:01.458+00:00,21072-30059,dryers,50170074,42000000,2026-09-28 01:52:01,2026-09-28 01:23:28,72,1713.0,2607.0,44,Running,
1,53da601c-a963-4386-ac49-dcebd1c8d2c4,2026-09-28T01:52:01.268+00:00,2026-09-28T01:52:01.458+00:00,21072-30059,dryers,50170071,72000000,2026-09-28 01:52:01,2026-09-28 01:14:55,46,2226.0,534.0,,Available,website maps this code to Available
1,53da601c-a963-4386-ac49-dcebd1c8d2c4,2026-09-28T01:52:01.268+00:00,2026-09-28T01:52:01.458+00:00,21072-30059,dryers,50170054,42000000,2026-09-28 01:52:01,2026-09-28 01:23:26,68,1715.0,2365.0,40,Running,
1,ff2304ec-2198-4a62-98aa-516820e08b53,2026-09-28T01:53:01.281+00:00,2026-09-28T01:53:01.488+00:00,21072-30059,washers,50170051,72000000,2026-09-28 01:53:01,2026-09-28 01:14:06,29,2335.0,-595.0,,Available,website maps this code to Available
1,ff2304ec-2198-4a62-98aa-516820e08b53,2026-09-28T01:53:01.281+00:00,2026-09-28T01:53:01.488+00:00,21072-30059,washers,50170080,72000000,2026-09-28 01:53:01,2026-09-28 00:26:38,29,5183.0,-3443.0,,Available,website maps this code to Available
1,ff2304ec-2198-4a62-98aa-516820e08b53,2026-09-28T01:53:01.281+00:00,2026-09-28T01:53:01.488+00:00,21072-30059,washers,50170075,72000000,2026-09-28 01:53:01,2026-09-28 00:25:28,29,5253.0,-3513.0,,Available,website maps this code to Available
1,ff2304ec-2198-4a62-98aa-516820e08b53,2026-09-28T01:53:01.281+00:00,2026-09-28T01:53:01.488+00:00,21072-30059,washers,50170082,72000000,2026-09-28 01:53:01,2026-09-28 00:14:48,29,5893.0,-4153.0,,Available,website maps this code to Available
1,ff2304ec-2198-4a62-98aa-516820e08b53,2026-09-28T01:53:01.281+00:00,2026-09-28T01:53:01.488+00:00,21072-30059,washers,50170050,72000000,2026-09-28 01:53:01,2026-09-28 01:16:32,29,2189.0,-449.0,,Available,website maps this code to Available
1,ff2304ec-2198-4a62-98aa-516820e08b53,2026-09-28T01:53:01.281+00:00,2026-09-28T01:53:01.488+00:00,21072-30059,washers,50170052,72000000,2026-09-28 01:53:01,2026-09-28 00:32:00,29,4861.0,-3121.0,,Available,website maps this code to Available
1,ff2304ec-2198-4a62-98aa-516820e08b53,2026-09-28T01:53:01.281+00:00,2026-09-28T01:53:01.488+00:00,21072-30059,washers,50170078,72000000,2026-09-28 01:53:01,2026-09-28 00:31:25,29,4896.0,-3156.0,,Available,website maps this code to Available
1,ff2304ec-2198-4a62-98aa-516820e08b53,2026-09-28T01:53:01.281+00:00,2026-09-28T01:53:01.488+00:00,21072-30059,washers,50170084,72000000,2026-09-28 01:53:01,2026-09-28 00:29:34,29,5007.0,-3267.0,,Available,website maps this code to Available
1,ff2304ec-2198-4a62-98aa-516820e08b53,2026-09-28T01:53:01.281+00:00,2026-09-28T01:53:01.488+00:00,21072-30059,washers,50170068,72000000,2026-09-28 01:53:01,2026-09-28 01:16:45,29,2176.0,-436.0,,Available,website maps this code to Available
1,ff2304ec-2198-4a62-98aa-516820e08b53,2026-09-28T01:53:01.281+00:00,2026-09-28T01:53:01.488+00:00,21072-30059,washers,50170072,72000000,2026-09-28 01:53:01,2026-09-27 23:01:12,29,10309.0,-8569.0,,Available,website maps this code to Available
1,ff2304ec-2198-4a62-98aa-516820e08b53,2026-09-28T01:53:01.281+00:00,2026-09-28T01:53:01.488+00:00,21072-30059,washers,20483408,72000000,2026-09-28 01:53:01,2024-12-20 00:43:32,0,55904969.0,-55904969.0,,Available,website maps this code to Available
1,ff2304ec-2198-4a62-98aa-516820e08b53,2026-09-28T01:53:01.281+00:00,2026-09-28T01:53:01.488+00:00,21072-30059,washers,50170055,72000000,2026-09-28 01:53:01,2026-09-28 01:16:18,29,2203.0,-463.0,,Available,website maps this code to Available
1,ff2304ec-2198-4a62-98aa-516820e08b53,2026-09-28T01:53:01.281+00:00,2026-09-28T01:53:01.488+00:00,21072-30059,dryers,50170058,D2000000,2026-09-28 01:53:01,2026-09-26 17:53:29,45,115172.0,-112472.0,,Start Mode After PF,
1,ff2304ec-2198-4a62-98aa-516820e08b53,2026-09-28T01:53:01.281+00:00,2026-09-28T01:53:01.488+00:00,21072-30059,dryers,50170061,72000000,2026-09-28 01:53:01,2026-09-28 01:14:22,46,2319.0,441.0,,Available,website maps this code to Available
1,ff2304ec-2198-4a62-98aa-516820e08b53,2026-09-28T01:53:01.281+00:00,2026-09-28T01:53:01.488+00:00,21072-30059,dryers,50170081,72000000,2026-09-28 01:53:01,2026-09-28 01:17:03,46,2158.0,602.0,,Available,website maps this code to Available
1,ff2304ec-2198-4a62-98aa-516820e08b53,2026-09-28T01:53:01.281+00:00,2026-09-28T01:53:01.488+00:00,21072-30059,dryers,50170060,42000000,2026-09-28 01:53:01,2026-09-28 01:23:52,45,1749.0,951.0,16,Running,
1,ff2304ec-2198-4a62-98aa-516820e08b53,2026-09-28T01:53:01.281+00:00,2026-09-28T01:53:01.488+00:00,21072-30059,dryers,50170087,42000000,2026-09-28 01:53:01,2026-09-28 01:23:07,45,1794.0,906.0,16,Running,
1,ff2304ec-2198-4a62-98aa-516820e08b53,2026-09-28T01:53:01.281+00:00,2026-09-28T01:53:01.488+00:00,21072-30059,dryers,50170064,42000000,2026-09-28 01:53:01,2026-09-28 01:20:52,50,1929.0,1071.0,18,Running,
1,ff2304ec-2198-4a62-98aa-516820e08b53,2026-09-28T01:53:01.281+00:00,2026-09-28T01:53:01.488+00:00,21072-30059,dryers,50170065,42000000,2026-09-28 01:53:01,2026-09-28 01:23:55,45,1746.0,954.0,16,Running,
1,ff2304ec-2198-4a62-98aa-516820e08b53,2026-09-28T01:53:01.281+00:00,2026-09-28T01:53:01.488+00:00,21072-30059,dryers,50170059,52000000,2026-09-28 01:53:01,2026-09-28 01:16:55,23,2166.0,-786.0,,Finished,
1,ff2304ec-2198-4a62-98aa-516820e08b53,2026-09-28T01:53:01.281+00:00,2026-09-28T01:53:01.488+00:00,21072-30059,dryers,50170057,52000000,2026-09-28 01:53:01,2026-09-28 01:15:36,23,2245.0,-865.0,,Finished,
1,ff2304ec-2198-4a62-98aa-516820e08b53,2026-09-28T01:53:01.281+00:00,2026-09-28T01:53:01.488+00:00,21072-30059,dryers,50170062,72000000,2026-09-28 01:53:01,2026-09-27 07:03:28,46,67773.0,-65013.0,,Available,website maps this code to Available
1,ff2304ec-2198-4a62-98aa-516820e08b53,2026-09-28T01:53:01.281+00:00,2026-09-28T01:53:01.488+00:00,21072-30059,dryers,50170067,52000000,2026-09-28 01:53:01,2026-09-28 01:18:40,1,2061.0,-2001.0,,Finished,
1,ff2304ec-2198-4a62-98aa-516820e08b53,2026-09-28T01:53:01.281+00:00,2026-09-28T01:53:01.488+00:00,21072-30059,dryers,50170074,42000000,2026-09-28 01:53:01,2026-09-28 01:23:28,72,1773.0,2547.0,43,Running,
1,ff2304ec-2198-4a62-98aa-516820e08b53,2026-09-28T01:53:01.281+00:00,2026-09-28T01:53:01.488+00:00,21072-30059,dryers,50170071,72000000,2026-09-28 01:53:01,2026-09-28 01:14:55,46,2286.0,474.0,,Available,website maps this code to Available
1,ff2304ec-2198-4a62-98aa-516820e08b53,2026-09-28T01:53:01.281+00:00,2026-09-28T01:53:01.488+00:00,21072-30059,dryers,50170054,42000000,2026-09-28 01:53:01,2026-09-28 01:23:26,68,1775.0,2305.0,39,Running,
1,72397c2d-23f4-4d2a-b5e2-de314685fc2c,2026-09-28T01:54:01.272+00:00,2026-09-28T01:54:01.471+00:00,21072-30059,washers,50170051,72000000,2026-09-28 01:54:01,2026-09-28 01:14:06,29,2395.0,-655.0,,Available,website maps this code to Available
1,72397c2d-23f4-4d2a-b5e2-de314685fc2c,2026-09-28T01:54:01.272+00:00,2026-09-28T01:54:01.471+00:00,21072-30059,washers,50170080,72000000,2026-09-28 01:54:01,2026-09-28 00:26:38,29,5243.0,-3503.0,,Available,website maps this code to Available
1,72397c2d-23f4-4d2a-b5e2-de314685fc2c,2026-09-28T01:54:01.272+00:00,2026-09-28T01:54:01.471+00:00,21072-30059,washers,50170075,72000000,2026-09-28 01:54:01,2026-09-28 00:25:28,29,5313.0,-3573.0,,Available,website maps this code to Available
1,72397c2d-23f4-4d2a-b5e2-de314685fc2c,2026-09-28T01:54:01.272+00:00,2026-09-28T01:54:01.471+00:00,21072-30059,washers,50170082,72000000,2026-09-28 01:54:01,2026-09-28 00:14:48,29,5953.0,-4213.0,,Available,website maps this code to Available
1,72397c2d-23f4-4d2a-b5e2-de314685fc2c,2026-09-28T01:54:01.272+00:00,2026-09-28T01:54:01.471+00:00,21072-30059,washers,50170050,72000000,2026-09-28 01:54:01,2026-09-28 01:16:32,29,2249.0,-509.0,,Available,website maps this code to Available
1,72397c2d-23f4-4d2a-b5e2-de314685fc2c,2026-09-28T01:54:01.272+00:00,2026-09-28T01:54:01.471+00:00,21072-30059,washers,50170052,72000000,2026-09-28 01:54:01,2026-09-28 00:32:00,29,4921.0,-3181.0,,Available,website maps this code to Available
1,72397c2d-23f4-4d2a-b5e2-de314685fc2c,2026-09-28T01:54:01.272+00:00,2026-09-28T01:54:01.471+00:00,21072-30059,washers,50170078,72000000,2026-09-28 01:54:01,2026-09-28 00:31:25,29,4956.0,-3216.0,,Available,website maps this code to Available
1,72397c2d-23f4-4d2a-b5e2-de314685fc2c,2026-09-28T01:54:01.272+00:00,2026-09-28T01:54:01.471+00:00,21072-30059,washers,50170084,72000000,2026-09-28 01:54:01,2026-09-28 00:29:34,29,5067.0,-3327.0,,Available,website maps this code to Available
1,72397c2d-23f4-4d2a-b5e2-de314685fc2c,2026-09-28T01:54:01.272+00:00,2026-09-28T01:54:01.471+00:00,21072-30059,washers,50170068,72000000,2026-09-28 01:54:01,2026-09-28 01:16:45,29,2236.0,-496.0,,Available,website maps this code to Available
1,72397c2d-23f4-4d2a-b5e2-de314685fc2c,2026-09-28T01:54:01.272+00:00,2026-09-28T01:54:01.471+00:00,21072-30059,washers,50170072,72000000,2026-09-28 01:54:01,2026-09-27 23:01:12,29,10369.0,-8629.0,,Available,website maps this code to Available
1,72397c2d-23f4-4d2a-b5e2-de314685fc2c,2026-09-28T01:54:01.272+00:00,2026-09-28T01:54:01.471+00:00,21072-30059,washers,20483408,72000000,2026-09-28 01:54:01,2024-12-20 00:43:32,0,55905029.0,-55905029.0,,Available,website maps this code to Available
1,72397c2d-23f4-4d2a-b5e2-de314685fc2c,2026-09-28T01:54:01.272+00:00,2026-09-28T01:54:01.471+00:00,21072-30059,washers,50170055,72000000,2026-09-28 01:54:01,2026-09-28 01:16:18,29,2263.0,-523.0,,Available,website maps this code to Available
1,72397c2d-23f4-4d2a-b5e2-de314685fc2c,2026-09-28T01:54:01.272+00:00,2026-09-28T01:54:01.471+00:00,21072-30059,dryers,50170058,D2000000,2026-09-28 01:54:01,2026-09-26 17:53:29,45,115232.0,-112532.0,,Start Mode After PF,
1,72397c2d-23f4-4d2a-b5e2-de314685fc2c,2026-09-28T01:54:01.272+00:00,2026-09-28T01:54:01.471+00:00,21072-30059,dryers,50170061,72000000,2026-09-28 01:54:01,2026-09-28 01:14:22,46,2379.0,381.0,,Available,website maps this code to Available
1,72397c2d-23f4-4d2a-b5e2-de314685fc2c,2026-09-28T01:54:01.272+00:00,2026-09-28T01:54:01.471+00:00,21072-30059,dryers,50170081,72000000,2026-09-28 01:54:01,2026-09-28 01:17:03,46,2218.0,542.0,,Available,website maps this code to Available
1,72397c2d-23f4-4d2a-b5e2-de314685fc2c,2026-09-28T01:54:01.272+00:00,2026-09-28T01:54:01.471+00:00,21072-30059,dryers,50170060,42000000,2026-09-28 01:54:01,2026-09-28 01:23:52,45,1809.0,891.0,15,Running,
1,72397c2d-23f4-4d2a-b5e2-de314685fc2c,2026-09-28T01:54:01.272+00:00,2026-09-28T01:54:01.471+00:00,21072-30059,dryers,50170087,42000000,2026-09-28 01:54:01,2026-09-28 01:23:07,45,1854.0,846.0,15,Running,
1,72397c2d-23f4-4d2a-b5e2-de314685fc2c,2026-09-28T01:54:01.272+00:00,2026-09-28T01:54:01.471+00:00,21072-30059,dryers,50170064,42000000,2026-09-28 01:54:01,2026-09-28 01:20:52,50,1989.0,1011.0,17,Running,
1,72397c2d-23f4-4d2a-b5e2-de314685fc2c,2026-09-28T01:54:01.272+00:00,2026-09-28T01:54:01.471+00:00,21072-30059,dryers,50170065,42000000,2026-09-28 01:54:01,2026-09-28 01:23:55,45,1806.0,894.0,15,Running,
1,72397c2d-23f4-4d2a-b5e2-de314685fc2c,2026-09-28T01:54:01.272+00:00,2026-09-28T01:54:01.471+00:00,21072-30059,dryers,50170059,52000000,2026-09-28 01:54:01,2026-09-28 01:16:55,23,2226.0,-846.0,,Finished,
1,72397c2d-23f4-4d2a-b5e2-de314685fc2c,2026-09-28T01:54:01.272+00:00,2026-09-28T01:54:01.471+00:00,21072-30059,dryers,50170057,52000000,2026-09-28 01:54:01,2026-09-28 01:15:36,23,2305.0,-925.0,,Finished,
1,72397c2d-23f4-4d2a-b5e2-de314685fc2c,2026-09-28T01:54:01.272+00:00,2026-09-28T01:54:01.471+00:00,21072-30059,dryers,50170062,72000000,2026-09-28 01:54:01,2026-09-27 07:03:28,46,67833.0,-65073.0,,Available,website maps this code to Available
1,72397c2d-23f4-4d2a-b5e2-de314685fc2c,2026-09-28T01:54:01.272+00:00,2026-09-28T01:54:01.471+00:00,21072-30059,dryers,50170067,52000000,2026-09-28 01:54:01,2026-09-28 01:18:40,1,2121.0,-2061.0,,Finished,
1,72397c2d-23f4-4d2a-b5e2-de314685fc2c,2026-09-28T01:54:01.272+00:00,2026-09-28T01:54:01.471+00:00,21072-30059,dryers,50170074,42000000,2026-09-28 01:54:01,2026-09-28 01:23:28,72,1833.0,2487.0,42,Running,
1,72397c2d-23f4-4d2a-b5e2-de314685fc2c,2026-09-28T01:54:01.272+00:00,2026-09-28T01:54:01.471+00:00,21072-30059,dryers,50170071,72000000,2026-09-28 01:54:01,2026-09-28 01:14:55,46,2346.0,414.0,,Available,website maps this code to Available
1,72397c2d-23f4-4d2a-b5e2-de314685fc2c,2026-09-28T01:54:01.272+00:00,2026-09-28T01:54:01.471+00:00,21072-30059,dryers,50170054,42000000,2026-09-28 01:54:01,2026-09-28 01:23:26,68,1835.0,2245.0,38,Running,
1,e018c9f2-e3cb-4771-814d-4e28c047c29d,2026-09-28T01:55:01.300+00:00,2026-09-28T01:55:01.485+00:00,21072-30059,washers,50170051,72000000,2026-09-28 01:55:01,2026-09-28 01:14:06,29,2455.0,-715.0,,Available,website maps this code to Available
1,e018c9f2-e3cb-4771-814d-4e28c047c29d,2026-09-28T01:55:01.300+00:00,2026-09-28T01:55:01.485+00:00,21072-30059,washers,50170080,72000000,2026-09-28 01:55:01,2026-09-28 00:26:38,29,5303.0,-3563.0,,Available,website maps this code to Available
1,e018c9f2-e3cb-4771-814d-4e28c047c29d,2026-09-28T01:55:01.300+00:00,2026-09-28T01:55:01.485+00:00,21072-30059,washers,50170075,72000000,2026-09-28 01:55:01,2026-09-28 00:25:28,29,5373.0,-3633.0,,Available,website maps this code to Available
1,e018c9f2-e3cb-4771-814d-4e28c047c29d,2026-09-28T01:55:01.300+00:00,2026-09-28T01:55:01.485+00:00,21072-30059,washers,50170082,72000000,2026-09-28 01:55:01,2026-09-28 00:14:48,29,6013.0,-4273.0,,Available,website maps this code to Available
1,e018c9f2-e3cb-4771-814d-4e28c047c29d,2026-09-28T01:55:01.300+00:00,2026-09-28T01:55:01.485+00:00,21072-30059,washers,50170050,72000000,2026-09-28 01:55:01,2026-09-28 01:16:32,29,2309.0,-569.0,,Available,website maps this code to Available
1,e018c9f2-e3cb-4771-814d-4e28c047c29d,2026-09-28T01:55:01.300+00:00,2026-09-28T01:55:01.485+00:00,21072-30059,washers,50170052,72000000,2026-09-28 01:55:01,2026-09-28 00:32:00,29,4981.0,-3241.0,,Available,website maps this code to Available
1,e018c9f2-e3cb-4771-814d-4e28c047c29d,2026-09-28T01:55:01.300+00:00,2026-09-28T01:55:01.485+00:00,21072-30059,washers,50170078,72000000,2026-09-28 01:55:01,2026-09-28 00:31:25,29,5016.0,-3276.0,,Available,website maps this code to Available
1,e018c9f2-e3cb-4771-814d-4e28c047c29d,2026-09-28T01:55:01.300+00:00,2026-09-28T01:55:01.485+00:00,21072-30059,washers,50170084,72000000,2026-09-28 01:55:01,2026-09-28 00:29:34,29,5127.0,-3387.0,,Available,website maps this code to Available
1,e018c9f2-e3cb-4771-814d-4e28c047c29d,2026-09-28T01:55:01.300+00:00,2026-09-28T01:55:01.485+00:00,21072-30059,washers,50170068,72000000,2026-09-28 01:55:01,2026-09-28 01:16:45,29,2296.0,-556.0,,Available,website maps this code to Available
1,e018c9f2-e3cb-4771-814d-4e28c047c29d,2026-09-28T01:55:01.300+00:00,2026-09-28T01:55:01.485+00:00,21072-30059,washers,50170072,72000000,2026-09-28 01:55:01,2026-09-27 23:01:12,29,10429.0,-8689.0,,Available,website maps this code to Available
1,e018c9f2-e3cb-4771-814d-4e28c047c29d,2026-09-28T01:55:01.300+00:00,2026-09-28T01:55:01.485+00:00,21072-30059,washers,20483408,72000000,2026-09-28 01:55:01,2024-12-20 00:43:32,0,55905089.0,-55905089.0,,Available,website maps this code to Available
1,e018c9f2-e3cb-4771-814d-4e28c047c29d,2026-09-28T01:55:01.300+00:00,2026-09-28T01:55:01.485+00:00,21072-30059,washers,50170055,72000000,2026-09-28 01:55:01,2026-09-28 01:16:18,29,2323.0,-583.0,,Available,website maps this code to Available
1,e018c9f2-e3cb-4771-814d-4e28c047c29d,2026-09-28T01:55:01.300+00:00,2026-09-28T01:55:01.485+00:00,21072-30059,dryers,50170058,D2000000,2026-09-28 01:55:01,2026-09-26 17:53:29,45,115292.0,-112592.0,,Start Mode After PF,
1,e018c9f2-e3cb-4771-814d-4e28c047c29d,2026-09-28T01:55:01.300+00:00,2026-09-28T01:55:01.485+00:00,21072-30059,dryers,50170061,72000000,2026-09-28 01:55:01,2026-09-28 01:14:22,46,2439.0,321.0,,Available,website maps this code to Available
1,e018c9f2-e3cb-4771-814d-4e28c047c29d,2026-09-28T01:55:01.300+00:00,2026-09-28T01:55:01.485+00:00,21072-30059,dryers,50170081,72000000,2026-09-28 01:55:01,2026-09-28 01:17:03,46,2278.0,482.0,,Available,website maps this code to Available
1,e018c9f2-e3cb-4771-814d-4e28c047c29d,2026-09-28T01:55:01.300+00:00,2026-09-28T01:55:01.485+00:00,21072-30059,dryers,50170060,42000000,2026-09-28 01:55:01,2026-09-28 01:23:52,45,1869.0,831.0,14,Running,
1,e018c9f2-e3cb-4771-814d-4e28c047c29d,2026-09-28T01:55:01.300+00:00,2026-09-28T01:55:01.485+00:00,21072-30059,dryers,50170087,42000000,2026-09-28 01:55:01,2026-09-28 01:23:07,45,1914.0,786.0,14,Running,
1,e018c9f2-e3cb-4771-814d-4e28c047c29d,2026-09-28T01:55:01.300+00:00,2026-09-28T01:55:01.485+00:00,21072-30059,dryers,50170064,42000000,2026-09-28 01:55:01,2026-09-28 01:20:52,50,2049.0,951.0,16,Running,
1,e018c9f2-e3cb-4771-814d-4e28c047c29d,2026-09-28T01:55:01.300+00:00,2026-09-28T01:55:01.485+00:00,21072-30059,dryers,50170065,42000000,2026-09-28 01:55:01,2026-09-28 01:23:55,45,1866.0,834.0,14,Running,
1,e018c9f2-e3cb-4771-814d-4e28c047c29d,2026-09-28T01:55:01.300+00:00,2026-09-28T01:55:01.485+00:00,21072-30059,dryers,50170059,52000000,2026-09-28 01:55:01,2026-09-28 01:16:55,23,2286.0,-906.0,,Finished,
1,e018c9f2-e3cb-4771-814d-4e28c047c29d,2026-09-28T01:55:01.300+00:00,2026-09-28T01:55:01.485+00:00,21072-30059,dryers,50170057,52000000,2026-09-28 01:55:01,2026-09-28 01:15:36,23,2365.0,-985.0,,Finished,
1,e018c9f2-e3cb-4771-814d-4e28c047c29d,2026-09-28T01:55:01.300+00:00,2026-09-28T01:55:01.485+00:00,21072-30059,dryers,50170062,72000000,2026-09-28 01:55:01,2026-09-27 07:03:28,46,67893.0,-65133.0,,Available,website maps this code to Available
1,e018c9f2-e3cb-4771-814d-4e28c047c29d,2026-09-28T01:55:01.300+00:00,2026-09-28T01:55:01.485+00:00,21072-30059,dryers,50170067,52000000,2026-09-28 01:55:01,2026-09-28 01:18:40,1,2181.0,-2121.0,,Finished,
1,e018c9f2-e3cb-4771-814d-4e28c047c29d,2026-09-28T01:55:01.300+00:00,2026-09-28T01:55:01.485+00:00,21072-30059,dryers,50170074,42000000,2026-09-28 01:55:01,2026-09-28 01:23:28,72,1893.0,2427.0,41,Running,
1,e018c9f2-e3cb-4771-814d-4e28c047c29d,2026-09-28T01:55:01.300+00:00,2026-09-28T01:55:01.485+00:00,21072-30059,dryers,50170071,72000000,2026-09-28 01:55:01,2026-09-28 01:14:55,46,2406.0,354.0,,Available,website maps this code to Available
1,e018c9f2-e3cb-4771-814d-4e28c047c29d,2026-09-28T01:55:01.300+00:00,2026-09-28T01:55:01.485+00:00,21072-30059,dryers,50170054,42000000,2026-09-28 01:55:01,2026-09-28 01:23:26,68,1895.0,2185.0,37,Running,
1,5f419331-5bc7-4464-b855-6952ad617db1,2026-09-28T01:56:01.290+00:00,2026-09-28T01:56:01.482+00:00,21072-30059,washers,50170051,72000000,2026-09-28 01:56:01,2026-09-28 01:14:06,29,2515.0,-775.0,,Available,website maps this code to Available
1,5f419331-5bc7-4464-b855-6952ad617db1,2026-09-28T01:56:01.290+00:00,2026-09-28T01:56:01.482+00:00,21072-30059,washers,50170080,72000000,2026-09-28 01:56:01,2026-09-28 00:26:38,29,5363.0,-3623.0,,Available,website maps this code to Available
1,5f419331-5bc7-4464-b855-6952ad617db1,2026-09-28T01:56:01.290+00:00,2026-09-28T01:56:01.482+00:00,21072-30059,washers,50170075,72000000,2026-09-28 01:56:01,2026-09-28 00:25:28,29,5433.0,-3693.0,,Available,website maps this code to Available
1,5f419331-5bc7-4464-b855-6952ad617db1,2026-09-28T01:56:01.290+00:00,2026-09-28T01:56:01.482+00:00,21072-30059,washers,50170082,72000000,2026-09-28 01:56:01,2026-09-28 00:14:48,29,6073.0,-4333.0,,Available,website maps this code to Available
1,5f419331-5bc7-4464-b855-6952ad617db1,2026-09-28T01:56:01.290+00:00,2026-09-28T01:56:01.482+00:00,21072-30059,washers,50170050,72000000,2026-09-28 01:56:01,2026-09-28 01:16:32,29,2369.0,-629.0,,Available,website maps this code to Available
1,5f419331-5bc7-4464-b855-6952ad617db1,2026-09-28T01:56:01.290+00:00,2026-09-28T01:56:01.482+00:00,21072-30059,washers,50170052,72000000,2026-09-28 01:56:01,2026-09-28 00:32:00,29,5041.0,-3301.0,,Available,website maps this code to Available
1,5f419331-5bc7-4464-b855-6952ad617db1,2026-09-28T01:56:01.290+00:00,2026-09-28T01:56:01.482+00:00,21072-30059,washers,50170078,72000000,2026-09-28 01:56:01,2026-09-28 00:31:25,29,5076.0,-3336.0,,Available,website maps this code to Available
1,5f419331-5bc7-4464-b855-6952ad617db1,2026-09-28T01:56:01.290+00:00,2026-09-28T01:56:01.482+00:00,21072-30059,washers,50170084,72000000,2026-09-28 01:56:01,2026-09-28 00:29:34,29,5187.0,-3447.0,,Available,website maps this code to Available
1,5f419331-5bc7-4464-b855-6952ad617db1,2026-09-28T01:56:01.290+00:00,2026-09-28T01:56:01.482+00:00,21072-30059,washers,50170068,72000000,2026-09-28 01:56:01,2026-09-28 01:16:45,29,2356.0,-616.0,,Available,website maps this code to Available
1,5f419331-5bc7-4464-b855-6952ad617db1,2026-09-28T01:56:01.290+00:00,2026-09-28T01:56:01.482+00:00,21072-30059,washers,50170072,72000000,2026-09-28 01:56:01,2026-09-27 23:01:12,29,10489.0,-8749.0,,Available,website maps this code to Available
1,5f419331-5bc7-4464-b855-6952ad617db1,2026-09-28T01:56:01.290+00:00,2026-09-28T01:56:01.482+00:00,21072-30059,washers,20483408,72000000,2026-09-28 01:56:01,2024-12-20 00:43:32,0,55905149.0,-55905149.0,,Available,website maps this code to Available
1,5f419331-5bc7-4464-b855-6952ad617db1,2026-09-28T01:56:01.290+00:00,2026-09-28T01:56:01.482+00:00,21072-30059,washers,50170055,72000000,2026-09-28 01:56:01,2026-09-28 01:16:18,29,2383.0,-643.0,,Available,website maps this code to Available
1,5f419331-5bc7-4464-b855-6952ad617db1,2026-09-28T01:56:01.290+00:00,2026-09-28T01:56:01.482+00:00,21072-30059,dryers,50170058,D2000000,2026-09-28 01:56:01,2026-09-26 17:53:29,45,115352.0,-112652.0,,Start Mode After PF,
1,5f419331-5bc7-4464-b855-6952ad617db1,2026-09-28T01:56:01.290+00:00,2026-09-28T01:56:01.482+00:00,21072-30059,dryers,50170061,72000000,2026-09-28 01:56:01,2026-09-28 01:14:22,46,2499.0,261.0,,Available,website maps this code to Available
1,5f419331-5bc7-4464-b855-6952ad617db1,2026-09-28T01:56:01.290+00:00,2026-09-28T01:56:01.482+00:00,21072-30059,dryers,50170081,72000000,2026-09-28 01:56:01,2026-09-28 01:17:03,46,2338.0,422.0,,Available,website maps this code to Available
1,5f419331-5bc7-4464-b855-6952ad617db1,2026-09-28T01:56:01.290+00:00,2026-09-28T01:56:01.482+00:00,21072-30059,dryers,50170060,42000000,2026-09-28 01:56:01,2026-09-28 01:23:52,45,1929.0,771.0,13,Running,
1,5f419331-5bc7-4464-b855-6952ad617db1,2026-09-28T01:56:01.290+00:00,2026-09-28T01:56:01.482+00:00,21072-30059,dryers,50170087,42000000,2026-09-28 01:56:01,2026-09-28 01:23:07,45,1974.0,726.0,13,Running,
1,5f419331-5bc7-4464-b855-6952ad617db1,2026-09-28T01:56:01.290+00:00,2026-09-28T01:56:01.482+00:00,21072-30059,dryers,50170064,42000000,2026-09-28 01:56:01,2026-09-28 01:20:52,50,2109.0,891.0,15,Running,
1,5f419331-5bc7-4464-b855-6952ad617db1,2026-09-28T01:56:01.290+00:00,2026-09-28T01:56:01.482+00:00,21072-30059,dryers,50170065,42000000,2026-09-28 01:56:01,2026-09-28 01:23:55,45,1926.0,774.0,13,Running,
1,5f419331-5bc7-4464-b855-6952ad617db1,2026-09-28T01:56:01.290+00:00,2026-09-28T01:56:01.482+00:00,21072-30059,dryers,50170059,52000000,2026-09-28 01:56:01,2026-09-28 01:16:55,23,2346.0,-966.0,,Finished,
1,5f419331-5bc7-4464-b855-6952ad617db1,2026-09-28T01:56:01.290+00:00,2026-09-28T01:56:01.482+00:00,21072-30059,dryers,50170057,52000000,2026-09-28 01:56:01,2026-09-28 01:15:36,23,2425.0,-1045.0,,Finished,
1,5f419331-5bc7-4464-b855-6952ad617db1,2026-09-28T01:56:01.290+00:00,2026-09-28T01:56:01.482+00:00,21072-30059,dryers,50170062,72000000,2026-09-28 01:56:01,2026-09-27 07:03:28,46,67953.0,-65193.0,,Available,website maps this code to Available
1,5f419331-5bc7-4464-b855-6952ad617db1,2026-09-28T01:56:01.290+00:00,2026-09-28T01:56:01.482+00:00,21072-30059,dryers,50170067,52000000,2026-09-28 01:56:01,2026-09-28 01:18:40,1,2241.0,-2181.0,,Finished,
1,5f419331-5bc7-4464-b855-6952ad617db1,2026-09-28T01:56:01.290+00:00,2026-09-28T01:56:01.482+00:00,21072-30059,dryers,50170074,42000000,2026-09-28 01:56:01,2026-09-28 01:23:28,72,1953.0,2367.0,40,Running,
1,5f419331-5bc7-4464-b855-6952ad617db1,2026-09-28T01:56:01.290+00:00,2026-09-28T01:56:01.482+00:00,21072-30059,dryers,50170071,72000000,2026-09-28 01:56:01,2026-09-28 01:14:55,46,2466.0,294.0,,Available,website maps this code to Available
1,5f419331-5bc7-4464-b855-6952ad617db1,2026-09-28T01:56:01.290+00:00,2026-09-28T01:56:01.482+00:00,21072-30059,dryers,50170054,42000000,2026-09-28 01:56:01,2026-09-28 01:23:26,68,1955.0,2125.0,36,Running,
1,ea01f386-d7a2-4f83-924a-d43750daec09,2026-09-28T01:57:01.333+00:00,2026-09-28T01:57:01.520+00:00,21072-30059,washers,50170051,72000000,2026-09-28 01:57:01,2026-09-28 01:14:06,29,2575.0,-835.0,,Available,website maps this code to Available
1,ea01f386-d7a2-4f83-924a-d43750daec09,2026-09-28T01:57:01.333+00:00,2026-09-28T01:57:01.520+00:00,21072-30059,washers,50170080,72000000,2026-09-28 01:57:01,2026-09-28 00:26:38,29,5423.0,-3683.0,,Available,website maps this code to Available
1,ea01f386-d7a2-4f83-924a-d43750daec09,2026-09-28T01:57:01.333+00:00,2026-09-28T01:57:01.520+00:00,21072-30059,washers,50170075,72000000,2026-09-28 01:57:01,2026-09-28 00:25:28,29,5493.0,-3753.0,,Available,website maps this code to Available
1,ea01f386-d7a2-4f83-924a-d43750daec09,2026-09-28T01:57:01.333+00:00,2026-09-28T01:57:01.520+00:00,21072-30059,washers,50170082,72000000,2026-09-28 01:57:01,2026-09-28 00:14:48,29,6133.0,-4393.0,,Available,website maps this code to Available
1,ea01f386-d7a2-4f83-924a-d43750daec09,2026-09-28T01:57:01.333+00:00,2026-09-28T01:57:01.520+00:00,21072-30059,washers,50170050,72000000,2026-09-28 01:57:01,2026-09-28 01:16:32,29,2429.0,-689.0,,Available,website maps this code to Available
1,ea01f386-d7a2-4f83-924a-d43750daec09,2026-09-28T01:57:01.333+00:00,2026-09-28T01:57:01.520+00:00,21072-30059,washers,50170052,72000000,2026-09-28 01:57:01,2026-09-28 00:32:00,29,5101.0,-3361.0,,Available,website maps this code to Available
1,ea01f386-d7a2-4f83-924a-d43750daec09,2026-09-28T01:57:01.333+00:00,2026-09-28T01:57:01.520+00:00,21072-30059,washers,50170078,72000000,2026-09-28 01:57:01,2026-09-28 00:31:25,29,5136.0,-3396.0,,Available,website maps this code to Available
1,ea01f386-d7a2-4f83-924a-d43750daec09,2026-09-28T01:57:01.333+00:00,2026-09-28T01:57:01.520+00:00,21072-30059,washers,50170084,72000000,2026-09-28 01:57:01,2026-09-28 00:29:34,29,5247.0,-3507.0,,Available,website maps this code to Available
1,ea01f386-d7a2-4f83-924a-d43750daec09,2026-09-28T01:57:01.333+00:00,2026-09-28T01:57:01.520+00:00,21072-30059,washers,50170068,72000000,2026-09-28 01:57:01,2026-09-28 01:16:45,29,2416.0,-676.0,,Available,website maps this code to Available
1,ea01f386-d7a2-4f83-924a-d43750daec09,2026-09-28T01:57:01.333+00:00,2026-09-28T01:57:01.520+00:00,21072-30059,washers,50170072,72000000,2026-09-28 01:57:01,2026-09-27 23:01:12,29,10549.0,-8809.0,,Available,website maps this code to Available
1,ea01f386-d7a2-4f83-924a-d43750daec09,2026-09-28T01:57:01.333+00:00,2026-09-28T01:57:01.520+00:00,21072-30059,washers,20483408,72000000,2026-09-28 01:57:01,2024-12-20 00:43:32,0,55905209.0,-55905209.0,,Available,website maps this code to Available
1,ea01f386-d7a2-4f83-924a-d43750daec09,2026-09-28T01:57:01.333+00:00,2026-09-28T01:57:01.520+00:00,21072-30059,washers,50170055,72000000,2026-09-28 01:57:01,2026-09-28 01:16:18,29,2443.0,-703.0,,Available,website maps this code to Available
1,ea01f386-d7a2-4f83-924a-d43750daec09,2026-09-28T01:57:01.333+00:00,2026-09-28T01:57:01.520+00:00,21072-30059,dryers,50170058,D2000000,2026-09-28 01:57:01,2026-09-26 17:53:29,45,115412.0,-112712.0,,Start Mode After PF,
1,ea01f386-d7a2-4f83-924a-d43750daec09,2026-09-28T01:57:01.333+00:00,2026-09-28T01:57:01.520+00:00,21072-30059,dryers,50170061,72000000,2026-09-28 01:57:01,2026-09-28 01:14:22,46,2559.0,201.0,,Available,website maps this code to Available
1,ea01f386-d7a2-4f83-924a-d43750daec09,2026-09-28T01:57:01.333+00:00,2026-09-28T01:57:01.520+00:00,21072-30059,dryers,50170081,72000000,2026-09-28 01:57:01,2026-09-28 01:17:03,46,2398.0,362.0,,Available,website maps this code to Available
1,ea01f386-d7a2-4f83-924a-d43750daec09,2026-09-28T01:57:01.333+00:00,2026-09-28T01:57:01.520+00:00,21072-30059,dryers,50170060,42000000,2026-09-28 01:57:01,2026-09-28 01:23:52,45,1989.0,711.0,12,Running,
1,ea01f386-d7a2-4f83-924a-d43750daec09,2026-09-28T01:57:01.333+00:00,2026-09-28T01:57:01.520+00:00,21072-30059,dryers,50170087,42000000,2026-09-28 01:57:01,2026-09-28 01:23:07,45,2034.0,666.0,12,Running,
1,ea01f386-d7a2-4f83-924a-d43750daec09,2026-09-28T01:57:01.333+00:00,2026-09-28T01:57:01.520+00:00,21072-30059,dryers,50170064,42000000,2026-09-28 01:57:01,2026-09-28 01:20:52,50,2169.0,831.0,14,Running,
1,ea01f386-d7a2-4f83-924a-d43750daec09,2026-09-28T01:57:01.333+00:00,2026-09-28T01:57:01.520+00:00,21072-30059,dryers,50170065,42000000,2026-09-28 01:57:01,2026-09-28 01:23:55,45,1986.0,714.0,12,Running,
1,ea01f386-d7a2-4f83-924a-d43750daec09,2026-09-28T01:57:01.333+00:00,2026-09-28T01:57:01.520+00:00,21072-30059,dryers,50170059,52000000,2026-09-28 01:57:01,2026-09-28 01:16:55,23,2406.0,-1026.0,,Finished,
1,ea01f386-d7a2-4f83-924a-d43750daec09,2026-09-28T01:57:01.333+00:00,2026-09-28T01:57:01.520+00:00,21072-30059,dryers,50170057,52000000,2026-09-28 01:57:01,2026-09-28 01:15:36,23,2485.0,-1105.0,,Finished,
1,ea01f386-d7a2-4f83-924a-d43750daec09,2026-09-28T01:57:01.333+00:00,2026-09-28T01:57:01.520+00:00,21072-30059,dryers,50170062,72000000,2026-09-28 01:57:01,2026-09-27 07:03:28,46,68013.0,-65253.0,,Available,website maps this code to Available
1,ea01f386-d7a2-4f83-924a-d43750daec09,2026-09-28T01:57:01.333+00:00,2026-09-28T01:57:01.520+00:00,21072-30059,dryers,50170067,52000000,2026-09-28 01:57:01,2026-09-28 01:18:40,1,2301.0,-2241.0,,Finished,
1,ea01f386-d7a2-4f83-924a-d43750daec09,2026-09-28T01:57:01.333+00:00,2026-09-28T01:57:01.520+00:00,21072-30059,dryers,50170074,42000000,2026-09-28 01:57:01,2026-09-28 01:23:28,72,2013.0,2307.0,39,Running,
1,ea01f386-d7a2-4f83-924a-d43750daec09,2026-09-28T01:57:01.333+00:00,2026-09-28T01:57:01.520+00:00,21072-30059,dryers,50170071,72000000,2026-09-28 01:57:01,2026-09-28 01:14:55,46,2526.0,234.0,,Available,website maps this code to Available
1,ea01f386-d7a2-4f83-924a-d43750daec09,2026-09-28T01:57:01.333+00:00,2026-09-28T01:57:01.520+00:00,21072-30059,dryers,50170054,42000000,2026-09-28 01:57:01,2026-09-28 01:23:26,68,2015.0,2065.0,35,Running,
1,e721a7f4-0337-4d9a-9de9-6200cf28f6ce,2026-09-28T01:58:01.291+00:00,2026-09-28T01:58:01.466+00:00,21072-30059,washers,50170051,72000000,2026-09-28 01:58:01,2026-09-28 01:14:06,29,2635.0,-895.0,,Available,website maps this code to Available
1,e721a7f4-0337-4d9a-9de9-6200cf28f6ce,2026-09-28T01:58:01.291+00:00,2026-09-28T01:58:01.466+00:00,21072-30059,washers,50170080,72000000,2026-09-28 01:58:01,2026-09-28 00:26:38,29,5483.0,-3743.0,,Available,website maps this code to Available
1,e721a7f4-0337-4d9a-9de9-6200cf28f6ce,2026-09-28T01:58:01.291+00:00,2026-09-28T01:58:01.466+00:00,21072-30059,washers,50170075,72000000,2026-09-28 01:58:01,2026-09-28 00:25:28,29,5553.0,-3813.0,,Available,website maps this code to Available
1,e721a7f4-0337-4d9a-9de9-6200cf28f6ce,2026-09-28T01:58:01.291+00:00,2026-09-28T01:58:01.466+00:00,21072-30059,washers,50170082,72000000,2026-09-28 01:58:01,2026-09-28 00:14:48,29,6193.0,-4453.0,,Available,website maps this code to Available
1,e721a7f4-0337-4d9a-9de9-6200cf28f6ce,2026-09-28T01:58:01.291+00:00,2026-09-28T01:58:01.466+00:00,21072-30059,washers,50170050,72000000,2026-09-28 01:58:01,2026-09-28 01:16:32,29,2489.0,-749.0,,Available,website maps this code to Available
1,e721a7f4-0337-4d9a-9de9-6200cf28f6ce,2026-09-28T01:58:01.291+00:00,2026-09-28T01:58:01.466+00:00,21072-30059,washers,50170052,72000000,2026-09-28 01:58:01,2026-09-28 00:32:00,29,5161.0,-3421.0,,Available,website maps this code to Available
1,e721a7f4-0337-4d9a-9de9-6200cf28f6ce,2026-09-28T01:58:01.291+00:00,2026-09-28T01:58:01.466+00:00,21072-30059,washers,50170078,72000000,2026-09-28 01:58:01,2026-09-28 00:31:25,29,5196.0,-3456.0,,Available,website maps this code to Available
1,e721a7f4-0337-4d9a-9de9-6200cf28f6ce,2026-09-28T01:58:01.291+00:00,2026-09-28T01:58:01.466+00:00,21072-30059,washers,50170084,72000000,2026-09-28 01:58:01,2026-09-28 00:29:34,29,5307.0,-3567.0,,Available,website maps this code to Available
1,e721a7f4-0337-4d9a-9de9-6200cf28f6ce,2026-09-28T01:58:01.291+00:00,2026-09-28T01:58:01.466+00:00,21072-30059,washers,50170068,72000000,2026-09-28 01:58:01,2026-09-28 01:16:45,29,2476.0,-736.0,,Available,website maps this code to Available
1,e721a7f4-0337-4d9a-9de9-6200cf28f6ce,2026-09-28T01:58:01.291+00:00,2026-09-28T01:58:01.466+00:00,21072-30059,washers,50170072,72000000,2026-09-28 01:58:01,2026-09-27 23:01:12,29,10609.0,-8869.0,,Available,website maps this code to Available
1,e721a7f4-0337-4d9a-9de9-6200cf28f6ce,2026-09-28T01:58:01.291+00:00,2026-09-28T01:58:01.466+00:00,21072-30059,washers,20483408,72000000,2026-09-28 01:58:01,2024-12-20 00:43:32,0,55905269.0,-55905269.0,,Available,website maps this code to Available
1,e721a7f4-0337-4d9a-9de9-6200cf28f6ce,2026-09-28T01:58:01.291+00:00,2026-09-28T01:58:01.466+00:00,21072-30059,washers,50170055,72000000,2026-09-28 01:58:01,2026-09-28 01:16:18,29,2503.0,-763.0,,Available,website maps this code to Available
1,e721a7f4-0337-4d9a-9de9-6200cf28f6ce,2026-09-28T01:58:01.291+00:00,2026-09-28T01:58:01.466+00:00,21072-30059,dryers,50170058,D2000000,2026-09-28 01:58:01,2026-09-26 17:53:29,45,115472.0,-112772.0,,Start Mode After PF,
1,e721a7f4-0337-4d9a-9de9-6200cf28f6ce,2026-09-28T01:58:01.291+00:00,2026-09-28T01:58:01.466+00:00,21072-30059,dryers,50170061,72000000,2026-09-28 01:58:01,2026-09-28 01:14:22,46,2619.0,141.0,,Available,website maps this code to Available
1,e721a7f4-0337-4d9a-9de9-6200cf28f6ce,2026-09-28T01:58:01.291+00:00,2026-09-28T01:58:01.466+00:00,21072-30059,dryers,50170081,72000000,2026-09-28 01:58:01,2026-09-28 01:17:03,46,2458.0,302.0,,Available,website maps this code to Available
1,e721a7f4-0337-4d9a-9de9-6200cf28f6ce,2026-09-28T01:58:01.291+00:00,2026-09-28T01:58:01.466+00:00,21072-30059,dryers,50170060,42000000,2026-09-28 01:58:01,2026-09-28 01:23:52,45,2049.0,651.0,11,Running,
1,e721a7f4-0337-4d9a-9de9-6200cf28f6ce,2026-09-28T01:58:01.291+00:00,2026-09-28T01:58:01.466+00:00,21072-30059,dryers,50170087,42000000,2026-09-28 01:58:01,2026-09-28 01:57:37,10,24.0,576.0,10,Running,
1,e721a7f4-0337-4d9a-9de9-6200cf28f6ce,2026-09-28T01:58:01.291+00:00,2026-09-28T01:58:01.466+00:00,21072-30059,dryers,50170064,42000000,2026-09-28 01:58:01,2026-09-28 01:20:52,50,2229.0,771.0,13,Running,
1,e721a7f4-0337-4d9a-9de9-6200cf28f6ce,2026-09-28T01:58:01.291+00:00,2026-09-28T01:58:01.466+00:00,21072-30059,dryers,50170065,42000000,2026-09-28 01:58:01,2026-09-28 01:23:55,45,2046.0,654.0,11,Running,
1,e721a7f4-0337-4d9a-9de9-6200cf28f6ce,2026-09-28T01:58:01.291+00:00,2026-09-28T01:58:01.466+00:00,21072-30059,dryers,50170059,52000000,2026-09-28 01:58:01,2026-09-28 01:16:55,23,2466.0,-1086.0,,Finished,
1,e721a7f4-0337-4d9a-9de9-6200cf28f6ce,2026-09-28T01:58:01.291+00:00,2026-09-28T01:58:01.466+00:00,21072-30059,dryers,50170057,52000000,2026-09-28 01:58:01,2026-09-28 01:15:36,23,2545.0,-1165.0,,Finished,
1,e721a7f4-0337-4d9a-9de9-6200cf28f6ce,2026-09-28T01:58:01.291+00:00,2026-09-28T01:58:01.466+00:00,21072-30059,dryers,50170062,72000000,2026-09-28 01:58:01,2026-09-27 07:03:28,46,68073.0,-65313.0,,Available,website maps this code to Available
1,e721a7f4-0337-4d9a-9de9-6200cf28f6ce,2026-09-28T01:58:01.291+00:00,2026-09-28T01:58:01.466+00:00,21072-30059,dryers,50170067,52000000,2026-09-28 01:58:01,2026-09-28 01:18:40,1,2361.0,-2301.0,,Finished,
1,e721a7f4-0337-4d9a-9de9-6200cf28f6ce,2026-09-28T01:58:01.291+00:00,2026-09-28T01:58:01.466+00:00,21072-30059,dryers,50170074,42000000,2026-09-28 01:58:01,2026-09-28 01:23:28,72,2073.0,2247.0,38,Running,
1,e721a7f4-0337-4d9a-9de9-6200cf28f6ce,2026-09-28T01:58:01.291+00:00,2026-09-28T01:58:01.466+00:00,21072-30059,dryers,50170071,72000000,2026-09-28 01:58:01,2026-09-28 01:14:55,46,2586.0,174.0,,Available,website maps this code to Available
1,e721a7f4-0337-4d9a-9de9-6200cf28f6ce,2026-09-28T01:58:01.291+00:00,2026-09-28T01:58:01.466+00:00,21072-30059,dryers,50170054,42000000,2026-09-28 01:58:01,2026-09-28 01:23:26,68,2075.0,2005.0,34,Running,
1,b9acf5df-7352-4b36-bb94-f1dbec560bba,2026-09-28T01:59:01.266+00:00,2026-09-28T01:59:01.447+00:00,21072-30059,washers,50170051,72000000,2026-09-28 01:59:01,2026-09-28 01:14:06,29,2695.0,-955.0,,Available,website maps this code to Available
1,b9acf5df-7352-4b36-bb94-f1dbec560bba,2026-09-28T01:59:01.266+00:00,2026-09-28T01:59:01.447+00:00,21072-30059,washers,50170080,72000000,2026-09-28 01:59:01,2026-09-28 00:26:38,29,5543.0,-3803.0,,Available,website maps this code to Available
1,b9acf5df-7352-4b36-bb94-f1dbec560bba,2026-09-28T01:59:01.266+00:00,2026-09-28T01:59:01.447+00:00,21072-30059,washers,50170075,72000000,2026-09-28 01:59:01,2026-09-28 00:25:28,29,5613.0,-3873.0,,Available,website maps this code to Available
1,b9acf5df-7352-4b36-bb94-f1dbec560bba,2026-09-28T01:59:01.266+00:00,2026-09-28T01:59:01.447+00:00,21072-30059,washers,50170082,72000000,2026-09-28 01:59:01,2026-09-28 00:14:48,29,6253.0,-4513.0,,Available,website maps this code to Available
1,b9acf5df-7352-4b36-bb94-f1dbec560bba,2026-09-28T01:59:01.266+00:00,2026-09-28T01:59:01.447+00:00,21072-30059,washers,50170050,72000000,2026-09-28 01:59:01,2026-09-28 01:16:32,29,2549.0,-809.0,,Available,website maps this code to Available
1,b9acf5df-7352-4b36-bb94-f1dbec560bba,2026-09-28T01:59:01.266+00:00,2026-09-28T01:59:01.447+00:00,21072-30059,washers,50170052,72000000,2026-09-28 01:59:01,2026-09-28 00:32:00,29,5221.0,-3481.0,,Available,website maps this code to Available
1,b9acf5df-7352-4b36-bb94-f1dbec560bba,2026-09-28T01:59:01.266+00:00,2026-09-28T01:59:01.447+00:00,21072-30059,washers,50170078,72000000,2026-09-28 01:59:01,2026-09-28 00:31:25,29,5256.0,-3516.0,,Available,website maps this code to Available
1,b9acf5df-7352-4b36-bb94-f1dbec560bba,2026-09-28T01:59:01.266+00:00,2026-09-28T01:59:01.447+00:00,21072-30059,washers,50170084,72000000,2026-09-28 01:59:01,2026-09-28 00:29:34,29,5367.0,-3627.0,,Available,website maps this code to Available
1,b9acf5df-7352-4b36-bb94-f1dbec560bba,2026-09-28T01:59:01.266+00:00,2026-09-28T01:59:01.447+00:00,21072-30059,washers,50170068,72000000,2026-09-28 01:59:01,2026-09-28 01:16:45,29,2536.0,-796.0,,Available,website maps this code to Available
1,b9acf5df-7352-4b36-bb94-f1dbec560bba,2026-09-28T01:59:01.266+00:00,2026-09-28T01:59:01.447+00:00,21072-30059,washers,50170072,72000000,2026-09-28 01:59:01,2026-09-27 23:01:12,29,10669.0,-8929.0,,Available,website maps this code to Available
1,b9acf5df-7352-4b36-bb94-f1dbec560bba,2026-09-28T01:59:01.266+00:00,2026-09-28T01:59:01.447+00:00,21072-30059,washers,20483408,72000000,2026-09-28 01:59:01,2024-12-20 00:43:32,0,55905329.0,-55905329.0,,Available,website maps this code to Available
1,b9acf5df-7352-4b36-bb94-f1dbec560bba,2026-09-28T01:59:01.266+00:00,2026-09-28T01:59:01.447+00:00,21072-30059,washers,50170055,72000000,2026-09-28 01:59:01,2026-09-28 01:16:18,29,2563.0,-823.0,,Available,website maps this code to Available
1,b9acf5df-7352-4b36-bb94-f1dbec560bba,2026-09-28T01:59:01.266+00:00,2026-09-28T01:59:01.447+00:00,21072-30059,dryers,50170058,D2000000,2026-09-28 01:59:01,2026-09-26 17:53:29,45,115532.0,-112832.0,,Start Mode After PF,
1,b9acf5df-7352-4b36-bb94-f1dbec560bba,2026-09-28T01:59:01.266+00:00,2026-09-28T01:59:01.447+00:00,21072-30059,dryers,50170061,72000000,2026-09-28 01:59:01,2026-09-28 01:14:22,46,2679.0,81.0,,Available,website maps this code to Available
1,b9acf5df-7352-4b36-bb94-f1dbec560bba,2026-09-28T01:59:01.266+00:00,2026-09-28T01:59:01.447+00:00,21072-30059,dryers,50170081,72000000,2026-09-28 01:59:01,2026-09-28 01:17:03,46,2518.0,242.0,,Available,website maps this code to Available
1,b9acf5df-7352-4b36-bb94-f1dbec560bba,2026-09-28T01:59:01.266+00:00,2026-09-28T01:59:01.447+00:00,21072-30059,dryers,50170060,42000000,2026-09-28 01:59:01,2026-09-28 01:23:52,45,2109.0,591.0,10,Running,
1,b9acf5df-7352-4b36-bb94-f1dbec560bba,2026-09-28T01:59:01.266+00:00,2026-09-28T01:59:01.447+00:00,21072-30059,dryers,50170087,42000000,2026-09-28 01:59:01,2026-09-28 01:57:37,10,84.0,516.0,9,Running,
1,b9acf5df-7352-4b36-bb94-f1dbec560bba,2026-09-28T01:59:01.266+00:00,2026-09-28T01:59:01.447+00:00,21072-30059,dryers,50170064,42000000,2026-09-28 01:59:01,2026-09-28 01:20:52,50,2289.0,711.0,12,Running,
1,b9acf5df-7352-4b36-bb94-f1dbec560bba,2026-09-28T01:59:01.266+00:00,2026-09-28T01:59:01.447+00:00,21072-30059,dryers,50170065,42000000,2026-09-28 01:59:01,2026-09-28 01:58:25,10,36.0,564.0,10,Running,
1,b9acf5df-7352-4b36-bb94-f1dbec560bba,2026-09-28T01:59:01.266+00:00,2026-09-28T01:59:01.447+00:00,21072-30059,dryers,50170059,52000000,2026-09-28 01:59:01,2026-09-28 01:16:55,23,2526.0,-1146.0,,Finished,
1,b9acf5df-7352-4b36-bb94-f1dbec560bba,2026-09-28T01:59:01.266+00:00,2026-09-28T01:59:01.447+00:00,21072-30059,dryers,50170057,52000000,2026-09-28 01:59:01,2026-09-28 01:15:36,23,2605.0,-1225.0,,Finished,
1,b9acf5df-7352-4b36-bb94-f1dbec560bba,2026-09-28T01:59:01.266+00:00,2026-09-28T01:59:01.447+00:00,21072-30059,dryers,50170062,72000000,2026-09-28 01:59:01,2026-09-27 07:03:28,46,68133.0,-65373.0,,Available,website maps this code to Available
1,b9acf5df-7352-4b36-bb94-f1dbec560bba,2026-09-28T01:59:01.266+00:00,2026-09-28T01:59:01.447+00:00,21072-30059,dryers,50170067,52000000,2026-09-28 01:59:01,2026-09-28 01:18:40,1,2421.0,-2361.0,,Finished,
1,b9acf5df-7352-4b36-bb94-f1dbec560bba,2026-09-28T01:59:01.266+00:00,2026-09-28T01:59:01.447+00:00,21072-30059,dryers,50170074,42000000,2026-09-28 01:59:01,2026-09-28 01:23:28,72,2133.0,2187.0,37,Running,
1,b9acf5df-7352-4b36-bb94-f1dbec560bba,2026-09-28T01:59:01.266+00:00,2026-09-28T01:59:01.447+00:00,21072-30059,dryers,50170071,72000000,2026-09-28 01:59:01,2026-09-28 01:14:55,46,2646.0,114.0,,Available,website maps this code to Available
1,b9acf5df-7352-4b36-bb94-f1dbec560bba,2026-09-28T01:59:01.266+00:00,2026-09-28T01:59:01.447+00:00,21072-30059,dryers,50170054,42000000,2026-09-28 01:59:01,2026-09-28 01:23:26,68,2135.0,1945.0,33,Running,
1,19a4a0a5-1c8f-4bad-a662-f1bd37b98070,2026-09-28T02:00:01.372+00:00,2026-09-28T02:00:01.604+00:00,21072-30059,washers,50170051,72000000,2026-09-28 02:00:01,2026-09-28 01:14:06,29,2755.0,-1015.0,,Available,website maps this code to Available
1,19a4a0a5-1c8f-4bad-a662-f1bd37b98070,2026-09-28T02:00:01.372+00:00,2026-09-28T02:00:01.604+00:00,21072-30059,washers,50170080,72000000,2026-09-28 02:00:01,2026-09-28 00:26:38,29,5603.0,-3863.0,,Available,website maps this code to Available
1,19a4a0a5-1c8f-4bad-a662-f1bd37b98070,2026-09-28T02:00:01.372+00:00,2026-09-28T02:00:01.604+00:00,21072-30059,washers,50170075,72000000,2026-09-28 02:00:01,2026-09-28 00:25:28,29,5673.0,-3933.0,,Available,website maps this code to Available
1,19a4a0a5-1c8f-4bad-a662-f1bd37b98070,2026-09-28T02:00:01.372+00:00,2026-09-28T02:00:01.604+00:00,21072-30059,washers,50170082,72000000,2026-09-28 02:00:01,2026-09-28 00:14:48,29,6313.0,-4573.0,,Available,website maps this code to Available
1,19a4a0a5-1c8f-4bad-a662-f1bd37b98070,2026-09-28T02:00:01.372+00:00,2026-09-28T02:00:01.604+00:00,21072-30059,washers,50170050,72000000,2026-09-28 02:00:01,2026-09-28 01:16:32,29,2609.0,-869.0,,Available,website maps this code to Available
1,19a4a0a5-1c8f-4bad-a662-f1bd37b98070,2026-09-28T02:00:01.372+00:00,2026-09-28T02:00:01.604+00:00,21072-30059,washers,50170052,72000000,2026-09-28 02:00:01,2026-09-28 00:32:00,29,5281.0,-3541.0,,Available,website maps this code to Available
1,19a4a0a5-1c8f-4bad-a662-f1bd37b98070,2026-09-28T02:00:01.372+00:00,2026-09-28T02:00:01.604+00:00,21072-30059,washers,50170078,72000000,2026-09-28 02:00:01,2026-09-28 00:31:25,29,5316.0,-3576.0,,Available,website maps this code to Available
1,19a4a0a5-1c8f-4bad-a662-f1bd37b98070,2026-09-28T02:00:01.372+00:00,2026-09-28T02:00:01.604+00:00,21072-30059,washers,50170084,72000000,2026-09-28 02:00:01,2026-09-28 00:29:34,29,5427.0,-3687.0,,Available,website maps this code to Available
1,19a4a0a5-1c8f-4bad-a662-f1bd37b98070,2026-09-28T02:00:01.372+00:00,2026-09-28T02:00:01.604+00:00,21072-30059,washers,50170068,72000000,2026-09-28 02:00:01,2026-09-28 01:16:45,29,2596.0,-856.0,,Available,website maps this code to Available
1,19a4a0a5-1c8f-4bad-a662-f1bd37b98070,2026-09-28T02:00:01.372+00:00,2026-09-28T02:00:01.604+00:00,21072-30059,washers,50170072,72000000,2026-09-28 02:00:01,2026-09-27 23:01:12,29,10729.0,-8989.0,,Available,website maps this code to Available
1,19a4a0a5-1c8f-4bad-a662-f1bd37b98070,2026-09-28T02:00:01.372+00:00,2026-09-28T02:00:01.604+00:00,21072-30059,washers,20483408,72000000,2026-09-28 02:00:01,2024-12-20 00:43:32,0,55905389.0,-55905389.0,,Available,website maps this code to Available
1,19a4a0a5-1c8f-4bad-a662-f1bd37b98070,2026-09-28T02:00:01.372+00:00,2026-09-28T02:00:01.604+00:00,21072-30059,washers,50170055,72000000,2026-09-28 02:00:01,2026-09-28 01:16:18,29,2623.0,-883.0,,Available,website maps this code to Available
1,19a4a0a5-1c8f-4bad-a662-f1bd37b98070,2026-09-28T02:00:01.372+00:00,2026-09-28T02:00:01.604+00:00,21072-30059,dryers,50170058,D2000000,2026-09-28 02:00:01,2026-09-26 17:53:29,45,115592.0,-112892.0,,Start Mode After PF,
1,19a4a0a5-1c8f-4bad-a662-f1bd37b98070,2026-09-28T02:00:01.372+00:00,2026-09-28T02:00:01.604+00:00,21072-30059,dryers,50170061,72000000,2026-09-28 02:00:01,2026-09-28 01:14:22,46,2739.0,21.0,,Available,website maps this code to Available
1,19a4a0a5-1c8f-4bad-a662-f1bd37b98070,2026-09-28T02:00:01.372+00:00,2026-09-28T02:00:01.604+00:00,21072-30059,dryers,50170081,72000000,2026-09-28 02:00:01,2026-09-28 01:17:03,46,2578.0,182.0,,Available,website maps this code to Available
1,19a4a0a5-1c8f-4bad-a662-f1bd37b98070,2026-09-28T02:00:01.372+00:00,2026-09-28T02:00:01.604+00:00,21072-30059,dryers,50170060,42000000,2026-09-28 02:00:01,2026-09-28 01:59:23,10,38.0,562.0,10,Running,
1,19a4a0a5-1c8f-4bad-a662-f1bd37b98070,2026-09-28T02:00:01.372+00:00,2026-09-28T02:00:01.604+00:00,21072-30059,dryers,50170087,42000000,2026-09-28 02:00:01,2026-09-28 01:57:37,10,144.0,456.0,8,Running,
1,19a4a0a5-1c8f-4bad-a662-f1bd37b98070,2026-09-28T02:00:01.372+00:00,2026-09-28T02:00:01.604+00:00,21072-30059,dryers,50170064,42000000,2026-09-28 02:00:01,2026-09-28 01:20:52,50,2349.0,651.0,11,Running,
1,19a4a0a5-1c8f-4bad-a662-f1bd37b98070,2026-09-28T02:00:01.372+00:00,2026-09-28T02:00:01.604+00:00,21072-30059,dryers,50170065,42000000,2026-09-28 02:00:01,2026-09-28 01:58:25,10,96.0,504.0,9,Running,
1,19a4a0a5-1c8f-4bad-a662-f1bd37b98070,2026-09-28T02:00:01.372+00:00,2026-09-28T02:00:01.604+00:00,21072-30059,dryers,50170059,52000000,2026-09-28 02:00:01,2026-09-28 01:16:55,23,2586.0,-1206.0,,Finished,
1,19a4a0a5-1c8f-4bad-a662-f1bd37b98070,2026-09-28T02:00:01.372+00:00,2026-09-28T02:00:01.604+00:00,21072-30059,dryers,50170057,52000000,2026-09-28 02:00:01,2026-09-28 01:15:36,23,2665.0,-1285.0,,Finished,
1,19a4a0a5-1c8f-4bad-a662-f1bd37b98070,2026-09-28T02:00:01.372+00:00,2026-09-28T02:00:01.604+00:00,21072-30059,dryers,50170062,72000000,2026-09-28 02:00:01,2026-09-27 07:03:28,46,68193.0,-65433.0,,Available,website maps this code to Available
1,19a4a0a5-1c8f-4bad-a662-f1bd37b98070,2026-09-28T02:00:01.372+00:00,2026-09-28T02:00:01.604+00:00,21072-30059,dryers,50170067,52000000,2026-09-28 02:00:01,2026-09-28 01:18:40,1,2481.0,-2421.0,,Finished,
1,19a4a0a5-1c8f-4bad-a662-f1bd37b98070,2026-09-28T02:00:01.372+00:00,2026-09-28T02:00:01.604+00:00,21072-30059,dryers,50170074,42000000,2026-09-28 02:00:01,2026-09-28 01:23:28,72,2193.0,2127.0,36,Running,
1,19a4a0a5-1c8f-4bad-a662-f1bd37b98070,2026-09-28T02:00:01.372+00:00,2026-09-28T02:00:01.604+00:00,21072-30059,dryers,50170071,72000000,2026-09-28 02:00:01,2026-09-28 01:14:55,46,2706.0,54.0,,Available,website maps this code to Available
1,19a4a0a5-1c8f-4bad-a662-f1bd37b98070,2026-09-28T02:00:01.372+00:00,2026-09-28T02:00:01.604+00:00,21072-30059,dryers,50170054,42000000,2026-09-28 02:00:01,2026-09-28 01:23:26,68,2195.0,1885.0,32,Running,
