schema_version,poll_id,request_started_at_utc,observed_at_utc,room_id,machine_type,machine_id,raw_lmc_status,server_timestamp_raw,machine_report_time_raw,remaining_min_raw,report_age_seconds,adjusted_remaining_seconds,display_minutes_left,website_state,interpretation_note
1,98a3d2cd-f9b1-440b-b5f0-700acca17b12,2026-09-29T00:00:01.074+00:00,2026-09-29T00:00:01.284+00:00,21072-30059,washers,50170051,42000000,2026-09-29 00:00:01,2026-09-28 23:58:38,10,83.0,517.0,9,Running,
1,98a3d2cd-f9b1-440b-b5f0-700acca17b12,2026-09-29T00:00:01.074+00:00,2026-09-29T00:00:01.284+00:00,21072-30059,washers,50170080,42000000,2026-09-29 00:00:01,2026-09-28 23:47:48,28,733.0,947.0,16,Running,
1,98a3d2cd-f9b1-440b-b5f0-700acca17b12,2026-09-29T00:00:01.074+00:00,2026-09-29T00:00:01.284+00:00,21072-30059,washers,50170075,72000000,2026-09-29 00:00:01,2026-09-28 23:40:38,29,1163.0,577.0,,Available,website maps this code to Available
1,98a3d2cd-f9b1-440b-b5f0-700acca17b12,2026-09-29T00:00:01.074+00:00,2026-09-29T00:00:01.284+00:00,21072-30059,washers,50170082,72000000,2026-09-29 00:00:01,2026-09-28 23:42:22,29,1059.0,681.0,,Available,website maps this code to Available
1,98a3d2cd-f9b1-440b-b5f0-700acca17b12,2026-09-29T00:00:01.074+00:00,2026-09-29T00:00:01.284+00:00,21072-30059,washers,50170050,42000000,2026-09-29 00:00:01,2026-09-28 23:55:31,10,270.0,330.0,6,Running,
1,98a3d2cd-f9b1-440b-b5f0-700acca17b12,2026-09-29T00:00:01.074+00:00,2026-09-29T00:00:01.284+00:00,21072-30059,washers,50170052,72000000,2026-09-29 00:00:01,2026-09-28 23:45:08,29,893.0,847.0,,Available,website maps this code to Available
1,98a3d2cd-f9b1-440b-b5f0-700acca17b12,2026-09-29T00:00:01.074+00:00,2026-09-29T00:00:01.284+00:00,21072-30059,washers,50170078,72000000,2026-09-29 00:00:01,2026-09-28 23:35:24,29,1477.0,263.0,,Available,website maps this code to Available
1,98a3d2cd-f9b1-440b-b5f0-700acca17b12,2026-09-29T00:00:01.074+00:00,2026-09-29T00:00:01.284+00:00,21072-30059,washers,50170084,72000000,2026-09-29 00:00:01,2026-09-28 23:34:36,29,1525.0,215.0,,Available,website maps this code to Available
1,98a3d2cd-f9b1-440b-b5f0-700acca17b12,2026-09-29T00:00:01.074+00:00,2026-09-29T00:00:01.284+00:00,21072-30059,washers,50170068,72000000,2026-09-29 00:00:01,2026-09-28 23:32:25,29,1656.0,84.0,,Available,website maps this code to Available
1,98a3d2cd-f9b1-440b-b5f0-700acca17b12,2026-09-29T00:00:01.074+00:00,2026-09-29T00:00:01.284+00:00,21072-30059,washers,50170072,42000000,2026-09-29 00:00:01,2026-09-28 23:55:50,10,251.0,349.0,6,Running,
1,98a3d2cd-f9b1-440b-b5f0-700acca17b12,2026-09-29T00:00:01.074+00:00,2026-09-29T00:00:01.284+00:00,21072-30059,washers,20483408,72000000,2026-09-29 00:00:01,2024-12-20 00:43:32,0,55984589.0,-55984589.0,,Available,website maps this code to Available
1,98a3d2cd-f9b1-440b-b5f0-700acca17b12,2026-09-29T00:00:01.074+00:00,2026-09-29T00:00:01.284+00:00,21072-30059,washers,50170055,72000000,2026-09-29 00:00:01,2026-09-28 23:46:47,29,794.0,946.0,,Available,website maps this code to Available
1,98a3d2cd-f9b1-440b-b5f0-700acca17b12,2026-09-29T00:00:01.074+00:00,2026-09-29T00:00:01.284+00:00,21072-30059,dryers,50170058,D2000000,2026-09-29 00:00:01,2026-09-26 17:53:29,45,194792.0,-192092.0,,Start Mode After PF,
1,98a3d2cd-f9b1-440b-b5f0-700acca17b12,2026-09-29T00:00:01.074+00:00,2026-09-29T00:00:01.284+00:00,21072-30059,dryers,50170061,42000000,2026-09-29 00:00:01,2026-09-28 23:39:26,45,1235.0,1465.0,25,Running,
1,98a3d2cd-f9b1-440b-b5f0-700acca17b12,2026-09-29T00:00:01.074+00:00,2026-09-29T00:00:01.284+00:00,21072-30059,dryers,50170081,42000000,2026-09-29 00:00:01,2026-09-28 23:41:42,45,1099.0,1601.0,27,Running,
1,98a3d2cd-f9b1-440b-b5f0-700acca17b12,2026-09-29T00:00:01.074+00:00,2026-09-29T00:00:01.284+00:00,21072-30059,dryers,50170060,42000000,2026-09-29 00:00:01,2026-09-28 23:39:44,50,1217.0,1783.0,30,Running,
1,98a3d2cd-f9b1-440b-b5f0-700acca17b12,2026-09-29T00:00:01.074+00:00,2026-09-29T00:00:01.284+00:00,21072-30059,dryers,50170087,42000000,2026-09-29 00:00:01,2026-09-28 23:41:00,48,1141.0,1739.0,29,Running,
1,98a3d2cd-f9b1-440b-b5f0-700acca17b12,2026-09-29T00:00:01.074+00:00,2026-09-29T00:00:01.284+00:00,21072-30059,dryers,50170064,42000000,2026-09-29 00:00:01,2026-09-28 23:40:10,60,1191.0,2409.0,41,Running,
1,98a3d2cd-f9b1-440b-b5f0-700acca17b12,2026-09-29T00:00:01.074+00:00,2026-09-29T00:00:01.284+00:00,21072-30059,dryers,50170065,42000000,2026-09-29 00:00:01,2026-09-28 23:38:01,60,1320.0,2280.0,38,Running,
1,98a3d2cd-f9b1-440b-b5f0-700acca17b12,2026-09-29T00:00:01.074+00:00,2026-09-29T00:00:01.284+00:00,21072-30059,dryers,50170059,42000000,2026-09-29 00:00:01,2026-09-28 23:34:17,60,1544.0,2056.0,35,Running,
1,98a3d2cd-f9b1-440b-b5f0-700acca17b12,2026-09-29T00:00:01.074+00:00,2026-09-29T00:00:01.284+00:00,21072-30059,dryers,50170057,42000000,2026-09-29 00:00:01,2026-09-28 23:32:22,67,1659.0,2361.0,40,Running,
1,98a3d2cd-f9b1-440b-b5f0-700acca17b12,2026-09-29T00:00:01.074+00:00,2026-09-29T00:00:01.284+00:00,21072-30059,dryers,50170062,72000000,2026-09-29 00:00:01,2026-09-28 07:02:52,46,61029.0,-58269.0,,Available,website maps this code to Available
1,98a3d2cd-f9b1-440b-b5f0-700acca17b12,2026-09-29T00:00:01.074+00:00,2026-09-29T00:00:01.284+00:00,21072-30059,dryers,50170067,42000000,2026-09-29 00:00:01,2026-09-28 23:41:22,50,1119.0,1881.0,32,Running,
1,98a3d2cd-f9b1-440b-b5f0-700acca17b12,2026-09-29T00:00:01.074+00:00,2026-09-29T00:00:01.284+00:00,21072-30059,dryers,50170074,42000000,2026-09-29 00:00:01,2026-09-28 23:48:16,51,705.0,2355.0,40,Running,
1,98a3d2cd-f9b1-440b-b5f0-700acca17b12,2026-09-29T00:00:01.074+00:00,2026-09-29T00:00:01.284+00:00,21072-30059,dryers,50170071,42000000,2026-09-29 00:00:01,2026-09-28 23:44:25,45,936.0,1764.0,30,Running,
1,98a3d2cd-f9b1-440b-b5f0-700acca17b12,2026-09-29T00:00:01.074+00:00,2026-09-29T00:00:01.284+00:00,21072-30059,dryers,50170054,42000000,2026-09-29 00:00:01,2026-09-28 23:48:57,53,664.0,2516.0,42,Running,
1,bb8d7c5a-d63d-48ea-97b0-46dc42e3fa4e,2026-09-29T00:01:01.359+00:00,2026-09-29T00:01:01.537+00:00,21072-30059,washers,50170051,42000000,2026-09-29 00:01:01,2026-09-28 23:58:38,10,143.0,457.0,8,Running,
1,bb8d7c5a-d63d-48ea-97b0-46dc42e3fa4e,2026-09-29T00:01:01.359+00:00,2026-09-29T00:01:01.537+00:00,21072-30059,washers,50170080,42000000,2026-09-29 00:01:01,2026-09-28 23:47:48,28,793.0,887.0,15,Running,
1,bb8d7c5a-d63d-48ea-97b0-46dc42e3fa4e,2026-09-29T00:01:01.359+00:00,2026-09-29T00:01:01.537+00:00,21072-30059,washers,50170075,72000000,2026-09-29 00:01:01,2026-09-28 23:40:38,29,1223.0,517.0,,Available,website maps this code to Available
1,bb8d7c5a-d63d-48ea-97b0-46dc42e3fa4e,2026-09-29T00:01:01.359+00:00,2026-09-29T00:01:01.537+00:00,21072-30059,washers,50170082,72000000,2026-09-29 00:01:01,2026-09-28 23:42:22,29,1119.0,621.0,,Available,website maps this code to Available
1,bb8d7c5a-d63d-48ea-97b0-46dc42e3fa4e,2026-09-29T00:01:01.359+00:00,2026-09-29T00:01:01.537+00:00,21072-30059,washers,50170050,42000000,2026-09-29 00:01:01,2026-09-28 23:55:31,10,330.0,270.0,5,Running,
1,bb8d7c5a-d63d-48ea-97b0-46dc42e3fa4e,2026-09-29T00:01:01.359+00:00,2026-09-29T00:01:01.537+00:00,21072-30059,washers,50170052,72000000,2026-09-29 00:01:01,2026-09-28 23:45:08,29,953.0,787.0,,Available,website maps this code to Available
1,bb8d7c5a-d63d-48ea-97b0-46dc42e3fa4e,2026-09-29T00:01:01.359+00:00,2026-09-29T00:01:01.537+00:00,21072-30059,washers,50170078,72000000,2026-09-29 00:01:01,2026-09-28 23:35:24,29,1537.0,203.0,,Available,website maps this code to Available
1,bb8d7c5a-d63d-48ea-97b0-46dc42e3fa4e,2026-09-29T00:01:01.359+00:00,2026-09-29T00:01:01.537+00:00,21072-30059,washers,50170084,72000000,2026-09-29 00:01:01,2026-09-28 23:34:36,29,1585.0,155.0,,Available,website maps this code to Available
1,bb8d7c5a-d63d-48ea-97b0-46dc42e3fa4e,2026-09-29T00:01:01.359+00:00,2026-09-29T00:01:01.537+00:00,21072-30059,washers,50170068,72000000,2026-09-29 00:01:01,2026-09-28 23:32:25,29,1716.0,24.0,,Available,website maps this code to Available
1,bb8d7c5a-d63d-48ea-97b0-46dc42e3fa4e,2026-09-29T00:01:01.359+00:00,2026-09-29T00:01:01.537+00:00,21072-30059,washers,50170072,42000000,2026-09-29 00:01:01,2026-09-28 23:55:50,10,311.0,289.0,5,Running,
1,bb8d7c5a-d63d-48ea-97b0-46dc42e3fa4e,2026-09-29T00:01:01.359+00:00,2026-09-29T00:01:01.537+00:00,21072-30059,washers,20483408,72000000,2026-09-29 00:01:01,2024-12-20 00:43:32,0,55984649.0,-55984649.0,,Available,website maps this code to Available
1,bb8d7c5a-d63d-48ea-97b0-46dc42e3fa4e,2026-09-29T00:01:01.359+00:00,2026-09-29T00:01:01.537+00:00,21072-30059,washers,50170055,72000000,2026-09-29 00:01:01,2026-09-28 23:46:47,29,854.0,886.0,,Available,website maps this code to Available
1,bb8d7c5a-d63d-48ea-97b0-46dc42e3fa4e,2026-09-29T00:01:01.359+00:00,2026-09-29T00:01:01.537+00:00,21072-30059,dryers,50170058,D2000000,2026-09-29 00:01:01,2026-09-26 17:53:29,45,194852.0,-192152.0,,Start Mode After PF,
1,bb8d7c5a-d63d-48ea-97b0-46dc42e3fa4e,2026-09-29T00:01:01.359+00:00,2026-09-29T00:01:01.537+00:00,21072-30059,dryers,50170061,42000000,2026-09-29 00:01:01,2026-09-28 23:39:26,45,1295.0,1405.0,24,Running,
1,bb8d7c5a-d63d-48ea-97b0-46dc42e3fa4e,2026-09-29T00:01:01.359+00:00,2026-09-29T00:01:01.537+00:00,21072-30059,dryers,50170081,42000000,2026-09-29 00:01:01,2026-09-28 23:41:42,45,1159.0,1541.0,26,Running,
1,bb8d7c5a-d63d-48ea-97b0-46dc42e3fa4e,2026-09-29T00:01:01.359+00:00,2026-09-29T00:01:01.537+00:00,21072-30059,dryers,50170060,42000000,2026-09-29 00:01:01,2026-09-28 23:39:44,50,1277.0,1723.0,29,Running,
1,bb8d7c5a-d63d-48ea-97b0-46dc42e3fa4e,2026-09-29T00:01:01.359+00:00,2026-09-29T00:01:01.537+00:00,21072-30059,dryers,50170087,42000000,2026-09-29 00:01:01,2026-09-28 23:41:00,48,1201.0,1679.0,28,Running,
1,bb8d7c5a-d63d-48ea-97b0-46dc42e3fa4e,2026-09-29T00:01:01.359+00:00,2026-09-29T00:01:01.537+00:00,21072-30059,dryers,50170064,42000000,2026-09-29 00:01:01,2026-09-28 23:40:10,60,1251.0,2349.0,40,Running,
1,bb8d7c5a-d63d-48ea-97b0-46dc42e3fa4e,2026-09-29T00:01:01.359+00:00,2026-09-29T00:01:01.537+00:00,21072-30059,dryers,50170065,42000000,2026-09-29 00:01:01,2026-09-28 23:38:01,60,1380.0,2220.0,37,Running,
1,bb8d7c5a-d63d-48ea-97b0-46dc42e3fa4e,2026-09-29T00:01:01.359+00:00,2026-09-29T00:01:01.537+00:00,21072-30059,dryers,50170059,42000000,2026-09-29 00:01:01,2026-09-28 23:34:17,60,1604.0,1996.0,34,Running,
1,bb8d7c5a-d63d-48ea-97b0-46dc42e3fa4e,2026-09-29T00:01:01.359+00:00,2026-09-29T00:01:01.537+00:00,21072-30059,dryers,50170057,42000000,2026-09-29 00:01:01,2026-09-28 23:32:22,67,1719.0,2301.0,39,Running,
1,bb8d7c5a-d63d-48ea-97b0-46dc42e3fa4e,2026-09-29T00:01:01.359+00:00,2026-09-29T00:01:01.537+00:00,21072-30059,dryers,50170062,72000000,2026-09-29 00:01:01,2026-09-28 07:02:52,46,61089.0,-58329.0,,Available,website maps this code to Available
1,bb8d7c5a-d63d-48ea-97b0-46dc42e3fa4e,2026-09-29T00:01:01.359+00:00,2026-09-29T00:01:01.537+00:00,21072-30059,dryers,50170067,42000000,2026-09-29 00:01:01,2026-09-28 23:41:22,50,1179.0,1821.0,31,Running,
1,bb8d7c5a-d63d-48ea-97b0-46dc42e3fa4e,2026-09-29T00:01:01.359+00:00,2026-09-29T00:01:01.537+00:00,21072-30059,dryers,50170074,42000000,2026-09-29 00:01:01,2026-09-28 23:48:16,51,765.0,2295.0,39,Running,
1,bb8d7c5a-d63d-48ea-97b0-46dc42e3fa4e,2026-09-29T00:01:01.359+00:00,2026-09-29T00:01:01.537+00:00,21072-30059,dryers,50170071,42000000,2026-09-29 00:01:01,2026-09-28 23:44:25,45,996.0,1704.0,29,Running,
1,bb8d7c5a-d63d-48ea-97b0-46dc42e3fa4e,2026-09-29T00:01:01.359+00:00,2026-09-29T00:01:01.537+00:00,21072-30059,dryers,50170054,42000000,2026-09-29 00:01:01,2026-09-28 23:48:57,53,724.0,2456.0,41,Running,
1,661c25f0-b3a5-4b1e-a1ee-84267f2cca79,2026-09-29T00:02:01.274+00:00,2026-09-29T00:02:01.473+00:00,21072-30059,washers,50170051,42000000,2026-09-29 00:02:01,2026-09-28 23:58:38,10,203.0,397.0,7,Running,
1,661c25f0-b3a5-4b1e-a1ee-84267f2cca79,2026-09-29T00:02:01.274+00:00,2026-09-29T00:02:01.473+00:00,21072-30059,washers,50170080,42000000,2026-09-29 00:02:01,2026-09-28 23:47:48,28,853.0,827.0,14,Running,
1,661c25f0-b3a5-4b1e-a1ee-84267f2cca79,2026-09-29T00:02:01.274+00:00,2026-09-29T00:02:01.473+00:00,21072-30059,washers,50170075,72000000,2026-09-29 00:02:01,2026-09-28 23:40:38,29,1283.0,457.0,,Available,website maps this code to Available
1,661c25f0-b3a5-4b1e-a1ee-84267f2cca79,2026-09-29T00:02:01.274+00:00,2026-09-29T00:02:01.473+00:00,21072-30059,washers,50170082,72000000,2026-09-29 00:02:01,2026-09-28 23:42:22,29,1179.0,561.0,,Available,website maps this code to Available
1,661c25f0-b3a5-4b1e-a1ee-84267f2cca79,2026-09-29T00:02:01.274+00:00,2026-09-29T00:02:01.473+00:00,21072-30059,washers,50170050,42000000,2026-09-29 00:02:01,2026-09-28 23:55:31,10,390.0,210.0,4,Running,
1,661c25f0-b3a5-4b1e-a1ee-84267f2cca79,2026-09-29T00:02:01.274+00:00,2026-09-29T00:02:01.473+00:00,21072-30059,washers,50170052,72000000,2026-09-29 00:02:01,2026-09-28 23:45:08,29,1013.0,727.0,,Available,website maps this code to Available
1,661c25f0-b3a5-4b1e-a1ee-84267f2cca79,2026-09-29T00:02:01.274+00:00,2026-09-29T00:02:01.473+00:00,21072-30059,washers,50170078,72000000,2026-09-29 00:02:01,2026-09-28 23:35:24,29,1597.0,143.0,,Available,website maps this code to Available
1,661c25f0-b3a5-4b1e-a1ee-84267f2cca79,2026-09-29T00:02:01.274+00:00,2026-09-29T00:02:01.473+00:00,21072-30059,washers,50170084,72000000,2026-09-29 00:02:01,2026-09-28 23:34:36,29,1645.0,95.0,,Available,website maps this code to Available
1,661c25f0-b3a5-4b1e-a1ee-84267f2cca79,2026-09-29T00:02:01.274+00:00,2026-09-29T00:02:01.473+00:00,21072-30059,washers,50170068,72000000,2026-09-29 00:02:01,2026-09-28 23:32:25,29,1776.0,-36.0,,Available,website maps this code to Available
1,661c25f0-b3a5-4b1e-a1ee-84267f2cca79,2026-09-29T00:02:01.274+00:00,2026-09-29T00:02:01.473+00:00,21072-30059,washers,50170072,42000000,2026-09-29 00:02:01,2026-09-28 23:55:50,10,371.0,229.0,4,Running,
1,661c25f0-b3a5-4b1e-a1ee-84267f2cca79,2026-09-29T00:02:01.274+00:00,2026-09-29T00:02:01.473+00:00,21072-30059,washers,20483408,72000000,2026-09-29 00:02:01,2024-12-20 00:43:32,0,55984709.0,-55984709.0,,Available,website maps this code to Available
1,661c25f0-b3a5-4b1e-a1ee-84267f2cca79,2026-09-29T00:02:01.274+00:00,2026-09-29T00:02:01.473+00:00,21072-30059,washers,50170055,72000000,2026-09-29 00:02:01,2026-09-28 23:46:47,29,914.0,826.0,,Available,website maps this code to Available
1,661c25f0-b3a5-4b1e-a1ee-84267f2cca79,2026-09-29T00:02:01.274+00:00,2026-09-29T00:02:01.473+00:00,21072-30059,dryers,50170058,D2000000,2026-09-29 00:02:01,2026-09-26 17:53:29,45,194912.0,-192212.0,,Start Mode After PF,
1,661c25f0-b3a5-4b1e-a1ee-84267f2cca79,2026-09-29T00:02:01.274+00:00,2026-09-29T00:02:01.473+00:00,21072-30059,dryers,50170061,42000000,2026-09-29 00:02:01,2026-09-28 23:39:26,45,1355.0,1345.0,23,Running,
1,661c25f0-b3a5-4b1e-a1ee-84267f2cca79,2026-09-29T00:02:01.274+00:00,2026-09-29T00:02:01.473+00:00,21072-30059,dryers,50170081,42000000,2026-09-29 00:02:01,2026-09-28 23:41:42,45,1219.0,1481.0,25,Running,
1,661c25f0-b3a5-4b1e-a1ee-84267f2cca79,2026-09-29T00:02:01.274+00:00,2026-09-29T00:02:01.473+00:00,21072-30059,dryers,50170060,42000000,2026-09-29 00:02:01,2026-09-28 23:39:44,50,1337.0,1663.0,28,Running,
1,661c25f0-b3a5-4b1e-a1ee-84267f2cca79,2026-09-29T00:02:01.274+00:00,2026-09-29T00:02:01.473+00:00,21072-30059,dryers,50170087,42000000,2026-09-29 00:02:01,2026-09-28 23:41:00,48,1261.0,1619.0,27,Running,
1,661c25f0-b3a5-4b1e-a1ee-84267f2cca79,2026-09-29T00:02:01.274+00:00,2026-09-29T00:02:01.473+00:00,21072-30059,dryers,50170064,42000000,2026-09-29 00:02:01,2026-09-28 23:40:10,60,1311.0,2289.0,39,Running,
1,661c25f0-b3a5-4b1e-a1ee-84267f2cca79,2026-09-29T00:02:01.274+00:00,2026-09-29T00:02:01.473+00:00,21072-30059,dryers,50170065,42000000,2026-09-29 00:02:01,2026-09-28 23:38:01,60,1440.0,2160.0,36,Running,
1,661c25f0-b3a5-4b1e-a1ee-84267f2cca79,2026-09-29T00:02:01.274+00:00,2026-09-29T00:02:01.473+00:00,21072-30059,dryers,50170059,42000000,2026-09-29 00:02:01,2026-09-28 23:34:17,60,1664.0,1936.0,33,Running,
1,661c25f0-b3a5-4b1e-a1ee-84267f2cca79,2026-09-29T00:02:01.274+00:00,2026-09-29T00:02:01.473+00:00,21072-30059,dryers,50170057,42000000,2026-09-29 00:02:01,2026-09-28 23:32:22,67,1779.0,2241.0,38,Running,
1,661c25f0-b3a5-4b1e-a1ee-84267f2cca79,2026-09-29T00:02:01.274+00:00,2026-09-29T00:02:01.473+00:00,21072-30059,dryers,50170062,72000000,2026-09-29 00:02:01,2026-09-28 07:02:52,46,61149.0,-58389.0,,Available,website maps this code to Available
1,661c25f0-b3a5-4b1e-a1ee-84267f2cca79,2026-09-29T00:02:01.274+00:00,2026-09-29T00:02:01.473+00:00,21072-30059,dryers,50170067,42000000,2026-09-29 00:02:01,2026-09-28 23:41:22,50,1239.0,1761.0,30,Running,
1,661c25f0-b3a5-4b1e-a1ee-84267f2cca79,2026-09-29T00:02:01.274+00:00,2026-09-29T00:02:01.473+00:00,21072-30059,dryers,50170074,42000000,2026-09-29 00:02:01,2026-09-28 23:48:16,51,825.0,2235.0,38,Running,
1,661c25f0-b3a5-4b1e-a1ee-84267f2cca79,2026-09-29T00:02:01.274+00:00,2026-09-29T00:02:01.473+00:00,21072-30059,dryers,50170071,42000000,2026-09-29 00:02:01,2026-09-28 23:44:25,45,1056.0,1644.0,28,Running,
1,661c25f0-b3a5-4b1e-a1ee-84267f2cca79,2026-09-29T00:02:01.274+00:00,2026-09-29T00:02:01.473+00:00,21072-30059,dryers,50170054,42000000,2026-09-29 00:02:01,2026-09-28 23:48:57,53,784.0,2396.0,40,Running,
1,bf4e95d1-89ea-46f5-b111-4be09ac892bf,2026-09-29T00:03:01.271+00:00,2026-09-29T00:03:01.469+00:00,21072-30059,washers,50170051,42000000,2026-09-29 00:03:01,2026-09-28 23:58:38,10,263.0,337.0,6,Running,
1,bf4e95d1-89ea-46f5-b111-4be09ac892bf,2026-09-29T00:03:01.271+00:00,2026-09-29T00:03:01.469+00:00,21072-30059,washers,50170080,42000000,2026-09-29 00:03:01,2026-09-28 23:47:48,28,913.0,767.0,13,Running,
1,bf4e95d1-89ea-46f5-b111-4be09ac892bf,2026-09-29T00:03:01.271+00:00,2026-09-29T00:03:01.469+00:00,21072-30059,washers,50170075,72000000,2026-09-29 00:03:01,2026-09-28 23:40:38,29,1343.0,397.0,,Available,website maps this code to Available
1,bf4e95d1-89ea-46f5-b111-4be09ac892bf,2026-09-29T00:03:01.271+00:00,2026-09-29T00:03:01.469+00:00,21072-30059,washers,50170082,72000000,2026-09-29 00:03:01,2026-09-28 23:42:22,29,1239.0,501.0,,Available,website maps this code to Available
1,bf4e95d1-89ea-46f5-b111-4be09ac892bf,2026-09-29T00:03:01.271+00:00,2026-09-29T00:03:01.469+00:00,21072-30059,washers,50170050,42000000,2026-09-29 00:03:01,2026-09-28 23:55:31,10,450.0,150.0,3,Running,
1,bf4e95d1-89ea-46f5-b111-4be09ac892bf,2026-09-29T00:03:01.271+00:00,2026-09-29T00:03:01.469+00:00,21072-30059,washers,50170052,72000000,2026-09-29 00:03:01,2026-09-28 23:45:08,29,1073.0,667.0,,Available,website maps this code to Available
1,bf4e95d1-89ea-46f5-b111-4be09ac892bf,2026-09-29T00:03:01.271+00:00,2026-09-29T00:03:01.469+00:00,21072-30059,washers,50170078,72000000,2026-09-29 00:03:01,2026-09-28 23:35:24,29,1657.0,83.0,,Available,website maps this code to Available
1,bf4e95d1-89ea-46f5-b111-4be09ac892bf,2026-09-29T00:03:01.271+00:00,2026-09-29T00:03:01.469+00:00,21072-30059,washers,50170084,72000000,2026-09-29 00:03:01,2026-09-28 23:34:36,29,1705.0,35.0,,Available,website maps this code to Available
1,bf4e95d1-89ea-46f5-b111-4be09ac892bf,2026-09-29T00:03:01.271+00:00,2026-09-29T00:03:01.469+00:00,21072-30059,washers,50170068,72000000,2026-09-29 00:03:01,2026-09-28 23:32:25,29,1836.0,-96.0,,Available,website maps this code to Available
1,bf4e95d1-89ea-46f5-b111-4be09ac892bf,2026-09-29T00:03:01.271+00:00,2026-09-29T00:03:01.469+00:00,21072-30059,washers,50170072,42000000,2026-09-29 00:03:01,2026-09-28 23:55:50,10,431.0,169.0,3,Running,
1,bf4e95d1-89ea-46f5-b111-4be09ac892bf,2026-09-29T00:03:01.271+00:00,2026-09-29T00:03:01.469+00:00,21072-30059,washers,20483408,72000000,2026-09-29 00:03:01,2024-12-20 00:43:32,0,55984769.0,-55984769.0,,Available,website maps this code to Available
1,bf4e95d1-89ea-46f5-b111-4be09ac892bf,2026-09-29T00:03:01.271+00:00,2026-09-29T00:03:01.469+00:00,21072-30059,washers,50170055,72000000,2026-09-29 00:03:01,2026-09-28 23:46:47,29,974.0,766.0,,Available,website maps this code to Available
1,bf4e95d1-89ea-46f5-b111-4be09ac892bf,2026-09-29T00:03:01.271+00:00,2026-09-29T00:03:01.469+00:00,21072-30059,dryers,50170058,D2000000,2026-09-29 00:03:01,2026-09-26 17:53:29,45,194972.0,-192272.0,,Start Mode After PF,
1,bf4e95d1-89ea-46f5-b111-4be09ac892bf,2026-09-29T00:03:01.271+00:00,2026-09-29T00:03:01.469+00:00,21072-30059,dryers,50170061,42000000,2026-09-29 00:03:01,2026-09-28 23:39:26,45,1415.0,1285.0,22,Running,
1,bf4e95d1-89ea-46f5-b111-4be09ac892bf,2026-09-29T00:03:01.271+00:00,2026-09-29T00:03:01.469+00:00,21072-30059,dryers,50170081,42000000,2026-09-29 00:03:01,2026-09-28 23:41:42,45,1279.0,1421.0,24,Running,
1,bf4e95d1-89ea-46f5-b111-4be09ac892bf,2026-09-29T00:03:01.271+00:00,2026-09-29T00:03:01.469+00:00,21072-30059,dryers,50170060,42000000,2026-09-29 00:03:01,2026-09-28 23:39:44,50,1397.0,1603.0,27,Running,
1,bf4e95d1-89ea-46f5-b111-4be09ac892bf,2026-09-29T00:03:01.271+00:00,2026-09-29T00:03:01.469+00:00,21072-30059,dryers,50170087,42000000,2026-09-29 00:03:01,2026-09-28 23:41:00,48,1321.0,1559.0,26,Running,
1,bf4e95d1-89ea-46f5-b111-4be09ac892bf,2026-09-29T00:03:01.271+00:00,2026-09-29T00:03:01.469+00:00,21072-30059,dryers,50170064,42000000,2026-09-29 00:03:01,2026-09-28 23:40:10,60,1371.0,2229.0,38,Running,
1,bf4e95d1-89ea-46f5-b111-4be09ac892bf,2026-09-29T00:03:01.271+00:00,2026-09-29T00:03:01.469+00:00,21072-30059,dryers,50170065,42000000,2026-09-29 00:03:01,2026-09-28 23:38:01,60,1500.0,2100.0,35,Running,
1,bf4e95d1-89ea-46f5-b111-4be09ac892bf,2026-09-29T00:03:01.271+00:00,2026-09-29T00:03:01.469+00:00,21072-30059,dryers,50170059,42000000,2026-09-29 00:03:01,2026-09-28 23:34:17,60,1724.0,1876.0,32,Running,
1,bf4e95d1-89ea-46f5-b111-4be09ac892bf,2026-09-29T00:03:01.271+00:00,2026-09-29T00:03:01.469+00:00,21072-30059,dryers,50170057,42000000,2026-09-29 00:03:01,2026-09-28 23:32:22,67,1839.0,2181.0,37,Running,
1,bf4e95d1-89ea-46f5-b111-4be09ac892bf,2026-09-29T00:03:01.271+00:00,2026-09-29T00:03:01.469+00:00,21072-30059,dryers,50170062,72000000,2026-09-29 00:03:01,2026-09-28 07:02:52,46,61209.0,-58449.0,,Available,website maps this code to Available
1,bf4e95d1-89ea-46f5-b111-4be09ac892bf,2026-09-29T00:03:01.271+00:00,2026-09-29T00:03:01.469+00:00,21072-30059,dryers,50170067,42000000,2026-09-29 00:03:01,2026-09-28 23:41:22,50,1299.0,1701.0,29,Running,
1,bf4e95d1-89ea-46f5-b111-4be09ac892bf,2026-09-29T00:03:01.271+00:00,2026-09-29T00:03:01.469+00:00,21072-30059,dryers,50170074,42000000,2026-09-29 00:03:01,2026-09-28 23:48:16,51,885.0,2175.0,37,Running,
1,bf4e95d1-89ea-46f5-b111-4be09ac892bf,2026-09-29T00:03:01.271+00:00,2026-09-29T00:03:01.469+00:00,21072-30059,dryers,50170071,42000000,2026-09-29 00:03:01,2026-09-28 23:44:25,45,1116.0,1584.0,27,Running,
1,bf4e95d1-89ea-46f5-b111-4be09ac892bf,2026-09-29T00:03:01.271+00:00,2026-09-29T00:03:01.469+00:00,21072-30059,dryers,50170054,42000000,2026-09-29 00:03:01,2026-09-28 23:48:57,53,844.0,2336.0,39,Running,
1,ac5c45c9-1134-4a7b-b3c1-211b30d85df1,2026-09-29T00:04:01.294+00:00,2026-09-29T00:04:01.544+00:00,21072-30059,washers,50170051,42000000,2026-09-29 00:04:01,2026-09-28 23:58:38,10,323.0,277.0,5,Running,
1,ac5c45c9-1134-4a7b-b3c1-211b30d85df1,2026-09-29T00:04:01.294+00:00,2026-09-29T00:04:01.544+00:00,21072-30059,washers,50170080,42000000,2026-09-29 00:04:01,2026-09-28 23:47:48,28,973.0,707.0,12,Running,
1,ac5c45c9-1134-4a7b-b3c1-211b30d85df1,2026-09-29T00:04:01.294+00:00,2026-09-29T00:04:01.544+00:00,21072-30059,washers,50170075,72000000,2026-09-29 00:04:01,2026-09-28 23:40:38,29,1403.0,337.0,,Available,website maps this code to Available
1,ac5c45c9-1134-4a7b-b3c1-211b30d85df1,2026-09-29T00:04:01.294+00:00,2026-09-29T00:04:01.544+00:00,21072-30059,washers,50170082,72000000,2026-09-29 00:04:01,2026-09-28 23:42:22,29,1299.0,441.0,,Available,website maps this code to Available
1,ac5c45c9-1134-4a7b-b3c1-211b30d85df1,2026-09-29T00:04:01.294+00:00,2026-09-29T00:04:01.544+00:00,21072-30059,washers,50170050,42000000,2026-09-29 00:04:01,2026-09-28 23:55:31,10,510.0,90.0,2,Running,
1,ac5c45c9-1134-4a7b-b3c1-211b30d85df1,2026-09-29T00:04:01.294+00:00,2026-09-29T00:04:01.544+00:00,21072-30059,washers,50170052,72000000,2026-09-29 00:04:01,2026-09-28 23:45:08,29,1133.0,607.0,,Available,website maps this code to Available
1,ac5c45c9-1134-4a7b-b3c1-211b30d85df1,2026-09-29T00:04:01.294+00:00,2026-09-29T00:04:01.544+00:00,21072-30059,washers,50170078,72000000,2026-09-29 00:04:01,2026-09-28 23:35:24,29,1717.0,23.0,,Available,website maps this code to Available
1,ac5c45c9-1134-4a7b-b3c1-211b30d85df1,2026-09-29T00:04:01.294+00:00,2026-09-29T00:04:01.544+00:00,21072-30059,washers,50170084,72000000,2026-09-29 00:04:01,2026-09-28 23:34:36,29,1765.0,-25.0,,Available,website maps this code to Available
1,ac5c45c9-1134-4a7b-b3c1-211b30d85df1,2026-09-29T00:04:01.294+00:00,2026-09-29T00:04:01.544+00:00,21072-30059,washers,50170068,72000000,2026-09-29 00:04:01,2026-09-28 23:32:25,29,1896.0,-156.0,,Available,website maps this code to Available
1,ac5c45c9-1134-4a7b-b3c1-211b30d85df1,2026-09-29T00:04:01.294+00:00,2026-09-29T00:04:01.544+00:00,21072-30059,washers,50170072,42000000,2026-09-29 00:04:01,2026-09-28 23:55:50,10,491.0,109.0,2,Running,
1,ac5c45c9-1134-4a7b-b3c1-211b30d85df1,2026-09-29T00:04:01.294+00:00,2026-09-29T00:04:01.544+00:00,21072-30059,washers,20483408,72000000,2026-09-29 00:04:01,2024-12-20 00:43:32,0,55984829.0,-55984829.0,,Available,website maps this code to Available
1,ac5c45c9-1134-4a7b-b3c1-211b30d85df1,2026-09-29T00:04:01.294+00:00,2026-09-29T00:04:01.544+00:00,21072-30059,washers,50170055,72000000,2026-09-29 00:04:01,2026-09-28 23:46:47,29,1034.0,706.0,,Available,website maps this code to Available
1,ac5c45c9-1134-4a7b-b3c1-211b30d85df1,2026-09-29T00:04:01.294+00:00,2026-09-29T00:04:01.544+00:00,21072-30059,dryers,50170058,D2000000,2026-09-29 00:04:01,2026-09-26 17:53:29,45,195032.0,-192332.0,,Start Mode After PF,
1,ac5c45c9-1134-4a7b-b3c1-211b30d85df1,2026-09-29T00:04:01.294+00:00,2026-09-29T00:04:01.544+00:00,21072-30059,dryers,50170061,42000000,2026-09-29 00:04:01,2026-09-28 23:39:26,45,1475.0,1225.0,21,Running,
1,ac5c45c9-1134-4a7b-b3c1-211b30d85df1,2026-09-29T00:04:01.294+00:00,2026-09-29T00:04:01.544+00:00,21072-30059,dryers,50170081,42000000,2026-09-29 00:04:01,2026-09-28 23:41:42,45,1339.0,1361.0,23,Running,
1,ac5c45c9-1134-4a7b-b3c1-211b30d85df1,2026-09-29T00:04:01.294+00:00,2026-09-29T00:04:01.544+00:00,21072-30059,dryers,50170060,42000000,2026-09-29 00:04:01,2026-09-28 23:39:44,50,1457.0,1543.0,26,Running,
1,ac5c45c9-1134-4a7b-b3c1-211b30d85df1,2026-09-29T00:04:01.294+00:00,2026-09-29T00:04:01.544+00:00,21072-30059,dryers,50170087,42000000,2026-09-29 00:04:01,2026-09-28 23:41:00,48,1381.0,1499.0,25,Running,
1,ac5c45c9-1134-4a7b-b3c1-211b30d85df1,2026-09-29T00:04:01.294+00:00,2026-09-29T00:04:01.544+00:00,21072-30059,dryers,50170064,42000000,2026-09-29 00:04:01,2026-09-28 23:40:10,60,1431.0,2169.0,37,Running,
1,ac5c45c9-1134-4a7b-b3c1-211b30d85df1,2026-09-29T00:04:01.294+00:00,2026-09-29T00:04:01.544+00:00,21072-30059,dryers,50170065,42000000,2026-09-29 00:04:01,2026-09-28 23:38:01,60,1560.0,2040.0,34,Running,
1,ac5c45c9-1134-4a7b-b3c1-211b30d85df1,2026-09-29T00:04:01.294+00:00,2026-09-29T00:04:01.544+00:00,21072-30059,dryers,50170059,42000000,2026-09-29 00:04:01,2026-09-28 23:34:17,60,1784.0,1816.0,31,Running,
1,ac5c45c9-1134-4a7b-b3c1-211b30d85df1,2026-09-29T00:04:01.294+00:00,2026-09-29T00:04:01.544+00:00,21072-30059,dryers,50170057,42000000,2026-09-29 00:04:01,2026-09-28 23:32:22,67,1899.0,2121.0,36,Running,
1,ac5c45c9-1134-4a7b-b3c1-211b30d85df1,2026-09-29T00:04:01.294+00:00,2026-09-29T00:04:01.544+00:00,21072-30059,dryers,50170062,72000000,2026-09-29 00:04:01,2026-09-28 07:02:52,46,61269.0,-58509.0,,Available,website maps this code to Available
1,ac5c45c9-1134-4a7b-b3c1-211b30d85df1,2026-09-29T00:04:01.294+00:00,2026-09-29T00:04:01.544+00:00,21072-30059,dryers,50170067,42000000,2026-09-29 00:04:01,2026-09-28 23:41:22,50,1359.0,1641.0,28,Running,
1,ac5c45c9-1134-4a7b-b3c1-211b30d85df1,2026-09-29T00:04:01.294+00:00,2026-09-29T00:04:01.544+00:00,21072-30059,dryers,50170074,42000000,2026-09-29 00:04:01,2026-09-28 23:48:16,51,945.0,2115.0,36,Running,
1,ac5c45c9-1134-4a7b-b3c1-211b30d85df1,2026-09-29T00:04:01.294+00:00,2026-09-29T00:04:01.544+00:00,21072-30059,dryers,50170071,42000000,2026-09-29 00:04:01,2026-09-28 23:44:25,45,1176.0,1524.0,26,Running,
1,ac5c45c9-1134-4a7b-b3c1-211b30d85df1,2026-09-29T00:04:01.294+00:00,2026-09-29T00:04:01.544+00:00,21072-30059,dryers,50170054,42000000,2026-09-29 00:04:01,2026-09-28 23:48:57,53,904.0,2276.0,38,Running,
1,f7026724-21c3-44c5-9ae7-1f034eb55b4e,2026-09-29T00:05:01.260+00:00,2026-09-29T00:05:01.436+00:00,21072-30059,washers,50170051,42000000,2026-09-29 00:05:01,2026-09-28 23:58:38,10,383.0,217.0,4,Running,
1,f7026724-21c3-44c5-9ae7-1f034eb55b4e,2026-09-29T00:05:01.260+00:00,2026-09-29T00:05:01.436+00:00,21072-30059,washers,50170080,42000000,2026-09-29 00:05:01,2026-09-28 23:47:48,28,1033.0,647.0,11,Running,
1,f7026724-21c3-44c5-9ae7-1f034eb55b4e,2026-09-29T00:05:01.260+00:00,2026-09-29T00:05:01.436+00:00,21072-30059,washers,50170075,72000000,2026-09-29 00:05:01,2026-09-28 23:40:38,29,1463.0,277.0,,Available,website maps this code to Available
1,f7026724-21c3-44c5-9ae7-1f034eb55b4e,2026-09-29T00:05:01.260+00:00,2026-09-29T00:05:01.436+00:00,21072-30059,washers,50170082,72000000,2026-09-29 00:05:01,2026-09-28 23:42:22,29,1359.0,381.0,,Available,website maps this code to Available
1,f7026724-21c3-44c5-9ae7-1f034eb55b4e,2026-09-29T00:05:01.260+00:00,2026-09-29T00:05:01.436+00:00,21072-30059,washers,50170050,42000000,2026-09-29 00:05:01,2026-09-28 23:55:31,10,570.0,30.0,1,Running,
1,f7026724-21c3-44c5-9ae7-1f034eb55b4e,2026-09-29T00:05:01.260+00:00,2026-09-29T00:05:01.436+00:00,21072-30059,washers,50170052,72000000,2026-09-29 00:05:01,2026-09-28 23:45:08,29,1193.0,547.0,,Available,website maps this code to Available
1,f7026724-21c3-44c5-9ae7-1f034eb55b4e,2026-09-29T00:05:01.260+00:00,2026-09-29T00:05:01.436+00:00,21072-30059,washers,50170078,72000000,2026-09-29 00:05:01,2026-09-28 23:35:24,29,1777.0,-37.0,,Available,website maps this code to Available
1,f7026724-21c3-44c5-9ae7-1f034eb55b4e,2026-09-29T00:05:01.260+00:00,2026-09-29T00:05:01.436+00:00,21072-30059,washers,50170084,72000000,2026-09-29 00:05:01,2026-09-28 23:34:36,29,1825.0,-85.0,,Available,website maps this code to Available
1,f7026724-21c3-44c5-9ae7-1f034eb55b4e,2026-09-29T00:05:01.260+00:00,2026-09-29T00:05:01.436+00:00,21072-30059,washers,50170068,72000000,2026-09-29 00:05:01,2026-09-28 23:32:25,29,1956.0,-216.0,,Available,website maps this code to Available
1,f7026724-21c3-44c5-9ae7-1f034eb55b4e,2026-09-29T00:05:01.260+00:00,2026-09-29T00:05:01.436+00:00,21072-30059,washers,50170072,42000000,2026-09-29 00:05:01,2026-09-28 23:55:50,10,551.0,49.0,1,Running,
1,f7026724-21c3-44c5-9ae7-1f034eb55b4e,2026-09-29T00:05:01.260+00:00,2026-09-29T00:05:01.436+00:00,21072-30059,washers,20483408,72000000,2026-09-29 00:05:01,2024-12-20 00:43:32,0,55984889.0,-55984889.0,,Available,website maps this code to Available
1,f7026724-21c3-44c5-9ae7-1f034eb55b4e,2026-09-29T00:05:01.260+00:00,2026-09-29T00:05:01.436+00:00,21072-30059,washers,50170055,72000000,2026-09-29 00:05:01,2026-09-28 23:46:47,29,1094.0,646.0,,Available,website maps this code to Available
1,f7026724-21c3-44c5-9ae7-1f034eb55b4e,2026-09-29T00:05:01.260+00:00,2026-09-29T00:05:01.436+00:00,21072-30059,dryers,50170058,D2000000,2026-09-29 00:05:01,2026-09-26 17:53:29,45,195092.0,-192392.0,,Start Mode After PF,
1,f7026724-21c3-44c5-9ae7-1f034eb55b4e,2026-09-29T00:05:01.260+00:00,2026-09-29T00:05:01.436+00:00,21072-30059,dryers,50170061,42000000,2026-09-29 00:05:01,2026-09-28 23:39:26,45,1535.0,1165.0,20,Running,
1,f7026724-21c3-44c5-9ae7-1f034eb55b4e,2026-09-29T00:05:01.260+00:00,2026-09-29T00:05:01.436+00:00,21072-30059,dryers,50170081,42000000,2026-09-29 00:05:01,2026-09-28 23:41:42,45,1399.0,1301.0,22,Running,
1,f7026724-21c3-44c5-9ae7-1f034eb55b4e,2026-09-29T00:05:01.260+00:00,2026-09-29T00:05:01.436+00:00,21072-30059,dryers,50170060,42000000,2026-09-29 00:05:01,2026-09-28 23:39:44,50,1517.0,1483.0,25,Running,
1,f7026724-21c3-44c5-9ae7-1f034eb55b4e,2026-09-29T00:05:01.260+00:00,2026-09-29T00:05:01.436+00:00,21072-30059,dryers,50170087,42000000,2026-09-29 00:05:01,2026-09-28 23:41:00,48,1441.0,1439.0,24,Running,
1,f7026724-21c3-44c5-9ae7-1f034eb55b4e,2026-09-29T00:05:01.260+00:00,2026-09-29T00:05:01.436+00:00,21072-30059,dryers,50170064,42000000,2026-09-29 00:05:01,2026-09-28 23:40:10,60,1491.0,2109.0,36,Running,
1,f7026724-21c3-44c5-9ae7-1f034eb55b4e,2026-09-29T00:05:01.260+00:00,2026-09-29T00:05:01.436+00:00,21072-30059,dryers,50170065,42000000,2026-09-29 00:05:01,2026-09-28 23:38:01,60,1620.0,1980.0,33,Running,
1,f7026724-21c3-44c5-9ae7-1f034eb55b4e,2026-09-29T00:05:01.260+00:00,2026-09-29T00:05:01.436+00:00,21072-30059,dryers,50170059,42000000,2026-09-29 00:05:01,2026-09-28 23:34:17,60,1844.0,1756.0,30,Running,
1,f7026724-21c3-44c5-9ae7-1f034eb55b4e,2026-09-29T00:05:01.260+00:00,2026-09-29T00:05:01.436+00:00,21072-30059,dryers,50170057,42000000,2026-09-29 00:05:01,2026-09-28 23:32:22,67,1959.0,2061.0,35,Running,
1,f7026724-21c3-44c5-9ae7-1f034eb55b4e,2026-09-29T00:05:01.260+00:00,2026-09-29T00:05:01.436+00:00,21072-30059,dryers,50170062,72000000,2026-09-29 00:05:01,2026-09-28 07:02:52,46,61329.0,-58569.0,,Available,website maps this code to Available
1,f7026724-21c3-44c5-9ae7-1f034eb55b4e,2026-09-29T00:05:01.260+00:00,2026-09-29T00:05:01.436+00:00,21072-30059,dryers,50170067,42000000,2026-09-29 00:05:01,2026-09-28 23:41:22,50,1419.0,1581.0,27,Running,
1,f7026724-21c3-44c5-9ae7-1f034eb55b4e,2026-09-29T00:05:01.260+00:00,2026-09-29T00:05:01.436+00:00,21072-30059,dryers,50170074,42000000,2026-09-29 00:05:01,2026-09-28 23:48:16,51,1005.0,2055.0,35,Running,
1,f7026724-21c3-44c5-9ae7-1f034eb55b4e,2026-09-29T00:05:01.260+00:00,2026-09-29T00:05:01.436+00:00,21072-30059,dryers,50170071,42000000,2026-09-29 00:05:01,2026-09-28 23:44:25,45,1236.0,1464.0,25,Running,
1,f7026724-21c3-44c5-9ae7-1f034eb55b4e,2026-09-29T00:05:01.260+00:00,2026-09-29T00:05:01.436+00:00,21072-30059,dryers,50170054,42000000,2026-09-29 00:05:01,2026-09-28 23:48:57,53,964.0,2216.0,37,Running,
1,b593be41-4f48-4e63-8399-920d8de80a20,2026-09-29T00:06:01.363+00:00,2026-09-29T00:06:01.551+00:00,21072-30059,washers,50170051,42000000,2026-09-29 00:06:01,2026-09-28 23:58:38,10,443.0,157.0,3,Running,
1,b593be41-4f48-4e63-8399-920d8de80a20,2026-09-29T00:06:01.363+00:00,2026-09-29T00:06:01.551+00:00,21072-30059,washers,50170080,42000000,2026-09-29 00:06:01,2026-09-28 23:47:48,28,1093.0,587.0,10,Running,
1,b593be41-4f48-4e63-8399-920d8de80a20,2026-09-29T00:06:01.363+00:00,2026-09-29T00:06:01.551+00:00,21072-30059,washers,50170075,72000000,2026-09-29 00:06:01,2026-09-28 23:40:38,29,1523.0,217.0,,Available,website maps this code to Available
1,b593be41-4f48-4e63-8399-920d8de80a20,2026-09-29T00:06:01.363+00:00,2026-09-29T00:06:01.551+00:00,21072-30059,washers,50170082,72000000,2026-09-29 00:06:01,2026-09-28 23:42:22,29,1419.0,321.0,,Available,website maps this code to Available
1,b593be41-4f48-4e63-8399-920d8de80a20,2026-09-29T00:06:01.363+00:00,2026-09-29T00:06:01.551+00:00,21072-30059,washers,50170050,42000000,2026-09-29 00:06:01,2026-09-28 23:55:31,10,630.0,-30.0,,Available,website fallback: countdown expired
1,b593be41-4f48-4e63-8399-920d8de80a20,2026-09-29T00:06:01.363+00:00,2026-09-29T00:06:01.551+00:00,21072-30059,washers,50170052,72000000,2026-09-29 00:06:01,2026-09-28 23:45:08,29,1253.0,487.0,,Available,website maps this code to Available
1,b593be41-4f48-4e63-8399-920d8de80a20,2026-09-29T00:06:01.363+00:00,2026-09-29T00:06:01.551+00:00,21072-30059,washers,50170078,72000000,2026-09-29 00:06:01,2026-09-28 23:35:24,29,1837.0,-97.0,,Available,website maps this code to Available
1,b593be41-4f48-4e63-8399-920d8de80a20,2026-09-29T00:06:01.363+00:00,2026-09-29T00:06:01.551+00:00,21072-30059,washers,50170084,72000000,2026-09-29 00:06:01,2026-09-28 23:34:36,29,1885.0,-145.0,,Available,website maps this code to Available
1,b593be41-4f48-4e63-8399-920d8de80a20,2026-09-29T00:06:01.363+00:00,2026-09-29T00:06:01.551+00:00,21072-30059,washers,50170068,72000000,2026-09-29 00:06:01,2026-09-28 23:32:25,29,2016.0,-276.0,,Available,website maps this code to Available
1,b593be41-4f48-4e63-8399-920d8de80a20,2026-09-29T00:06:01.363+00:00,2026-09-29T00:06:01.551+00:00,21072-30059,washers,50170072,42000000,2026-09-29 00:06:01,2026-09-28 23:55:50,10,611.0,-11.0,,Available,website fallback: countdown expired
1,b593be41-4f48-4e63-8399-920d8de80a20,2026-09-29T00:06:01.363+00:00,2026-09-29T00:06:01.551+00:00,21072-30059,washers,20483408,72000000,2026-09-29 00:06:01,2024-12-20 00:43:32,0,55984949.0,-55984949.0,,Available,website maps this code to Available
1,b593be41-4f48-4e63-8399-920d8de80a20,2026-09-29T00:06:01.363+00:00,2026-09-29T00:06:01.551+00:00,21072-30059,washers,50170055,72000000,2026-09-29 00:06:01,2026-09-28 23:46:47,29,1154.0,586.0,,Available,website maps this code to Available
1,b593be41-4f48-4e63-8399-920d8de80a20,2026-09-29T00:06:01.363+00:00,2026-09-29T00:06:01.551+00:00,21072-30059,dryers,50170058,D2000000,2026-09-29 00:06:01,2026-09-26 17:53:29,45,195152.0,-192452.0,,Start Mode After PF,
1,b593be41-4f48-4e63-8399-920d8de80a20,2026-09-29T00:06:01.363+00:00,2026-09-29T00:06:01.551+00:00,21072-30059,dryers,50170061,42000000,2026-09-29 00:06:01,2026-09-28 23:39:26,45,1595.0,1105.0,19,Running,
1,b593be41-4f48-4e63-8399-920d8de80a20,2026-09-29T00:06:01.363+00:00,2026-09-29T00:06:01.551+00:00,21072-30059,dryers,50170081,42000000,2026-09-29 00:06:01,2026-09-28 23:41:42,45,1459.0,1241.0,21,Running,
1,b593be41-4f48-4e63-8399-920d8de80a20,2026-09-29T00:06:01.363+00:00,2026-09-29T00:06:01.551+00:00,21072-30059,dryers,50170060,42000000,2026-09-29 00:06:01,2026-09-28 23:39:44,50,1577.0,1423.0,24,Running,
1,b593be41-4f48-4e63-8399-920d8de80a20,2026-09-29T00:06:01.363+00:00,2026-09-29T00:06:01.551+00:00,21072-30059,dryers,50170087,42000000,2026-09-29 00:06:01,2026-09-28 23:41:00,48,1501.0,1379.0,23,Running,
1,b593be41-4f48-4e63-8399-920d8de80a20,2026-09-29T00:06:01.363+00:00,2026-09-29T00:06:01.551+00:00,21072-30059,dryers,50170064,42000000,2026-09-29 00:06:01,2026-09-28 23:40:10,60,1551.0,2049.0,35,Running,
1,b593be41-4f48-4e63-8399-920d8de80a20,2026-09-29T00:06:01.363+00:00,2026-09-29T00:06:01.551+00:00,21072-30059,dryers,50170065,42000000,2026-09-29 00:06:01,2026-09-28 23:38:01,60,1680.0,1920.0,32,Running,
1,b593be41-4f48-4e63-8399-920d8de80a20,2026-09-29T00:06:01.363+00:00,2026-09-29T00:06:01.551+00:00,21072-30059,dryers,50170059,42000000,2026-09-29 00:06:01,2026-09-28 23:34:17,60,1904.0,1696.0,29,Running,
1,b593be41-4f48-4e63-8399-920d8de80a20,2026-09-29T00:06:01.363+00:00,2026-09-29T00:06:01.551+00:00,21072-30059,dryers,50170057,42000000,2026-09-29 00:06:01,2026-09-28 23:32:22,67,2019.0,2001.0,34,Running,
1,b593be41-4f48-4e63-8399-920d8de80a20,2026-09-29T00:06:01.363+00:00,2026-09-29T00:06:01.551+00:00,21072-30059,dryers,50170062,72000000,2026-09-29 00:06:01,2026-09-28 07:02:52,46,61389.0,-58629.0,,Available,website maps this code to Available
1,b593be41-4f48-4e63-8399-920d8de80a20,2026-09-29T00:06:01.363+00:00,2026-09-29T00:06:01.551+00:00,21072-30059,dryers,50170067,42000000,2026-09-29 00:06:01,2026-09-28 23:41:22,50,1479.0,1521.0,26,Running,
1,b593be41-4f48-4e63-8399-920d8de80a20,2026-09-29T00:06:01.363+00:00,2026-09-29T00:06:01.551+00:00,21072-30059,dryers,50170074,42000000,2026-09-29 00:06:01,2026-09-28 23:48:16,51,1065.0,1995.0,34,Running,
1,b593be41-4f48-4e63-8399-920d8de80a20,2026-09-29T00:06:01.363+00:00,2026-09-29T00:06:01.551+00:00,21072-30059,dryers,50170071,42000000,2026-09-29 00:06:01,2026-09-28 23:44:25,45,1296.0,1404.0,24,Running,
1,b593be41-4f48-4e63-8399-920d8de80a20,2026-09-29T00:06:01.363+00:00,2026-09-29T00:06:01.551+00:00,21072-30059,dryers,50170054,42000000,2026-09-29 00:06:01,2026-09-28 23:48:57,53,1024.0,2156.0,36,Running,
1,c7af3b61-3626-46cd-ae70-96fea0fa2db1,2026-09-29T00:07:01.502+00:00,2026-09-29T00:07:01.712+00:00,21072-30059,washers,50170051,42000000,2026-09-29 00:07:01,2026-09-28 23:58:38,10,503.0,97.0,2,Running,
1,c7af3b61-3626-46cd-ae70-96fea0fa2db1,2026-09-29T00:07:01.502+00:00,2026-09-29T00:07:01.712+00:00,21072-30059,washers,50170080,42000000,2026-09-29 00:07:01,2026-09-28 23:47:48,28,1153.0,527.0,9,Running,
1,c7af3b61-3626-46cd-ae70-96fea0fa2db1,2026-09-29T00:07:01.502+00:00,2026-09-29T00:07:01.712+00:00,21072-30059,washers,50170075,72000000,2026-09-29 00:07:01,2026-09-28 23:40:38,29,1583.0,157.0,,Available,website maps this code to Available
1,c7af3b61-3626-46cd-ae70-96fea0fa2db1,2026-09-29T00:07:01.502+00:00,2026-09-29T00:07:01.712+00:00,21072-30059,washers,50170082,72000000,2026-09-29 00:07:01,2026-09-28 23:42:22,29,1479.0,261.0,,Available,website maps this code to Available
1,c7af3b61-3626-46cd-ae70-96fea0fa2db1,2026-09-29T00:07:01.502+00:00,2026-09-29T00:07:01.712+00:00,21072-30059,washers,50170050,42000000,2026-09-29 00:07:01,2026-09-28 23:55:31,10,690.0,-90.0,,Available,website fallback: countdown expired
1,c7af3b61-3626-46cd-ae70-96fea0fa2db1,2026-09-29T00:07:01.502+00:00,2026-09-29T00:07:01.712+00:00,21072-30059,washers,50170052,72000000,2026-09-29 00:07:01,2026-09-28 23:45:08,29,1313.0,427.0,,Available,website maps this code to Available
1,c7af3b61-3626-46cd-ae70-96fea0fa2db1,2026-09-29T00:07:01.502+00:00,2026-09-29T00:07:01.712+00:00,21072-30059,washers,50170078,72000000,2026-09-29 00:07:01,2026-09-28 23:35:24,29,1897.0,-157.0,,Available,website maps this code to Available
1,c7af3b61-3626-46cd-ae70-96fea0fa2db1,2026-09-29T00:07:01.502+00:00,2026-09-29T00:07:01.712+00:00,21072-30059,washers,50170084,72000000,2026-09-29 00:07:01,2026-09-28 23:34:36,29,1945.0,-205.0,,Available,website maps this code to Available
1,c7af3b61-3626-46cd-ae70-96fea0fa2db1,2026-09-29T00:07:01.502+00:00,2026-09-29T00:07:01.712+00:00,21072-30059,washers,50170068,72000000,2026-09-29 00:07:01,2026-09-28 23:32:25,29,2076.0,-336.0,,Available,website maps this code to Available
1,c7af3b61-3626-46cd-ae70-96fea0fa2db1,2026-09-29T00:07:01.502+00:00,2026-09-29T00:07:01.712+00:00,21072-30059,washers,50170072,42000000,2026-09-29 00:07:01,2026-09-28 23:55:50,10,671.0,-71.0,,Available,website fallback: countdown expired
1,c7af3b61-3626-46cd-ae70-96fea0fa2db1,2026-09-29T00:07:01.502+00:00,2026-09-29T00:07:01.712+00:00,21072-30059,washers,20483408,72000000,2026-09-29 00:07:01,2024-12-20 00:43:32,0,55985009.0,-55985009.0,,Available,website maps this code to Available
1,c7af3b61-3626-46cd-ae70-96fea0fa2db1,2026-09-29T00:07:01.502+00:00,2026-09-29T00:07:01.712+00:00,21072-30059,washers,50170055,72000000,2026-09-29 00:07:01,2026-09-28 23:46:47,29,1214.0,526.0,,Available,website maps this code to Available
1,c7af3b61-3626-46cd-ae70-96fea0fa2db1,2026-09-29T00:07:01.502+00:00,2026-09-29T00:07:01.712+00:00,21072-30059,dryers,50170058,D2000000,2026-09-29 00:07:01,2026-09-26 17:53:29,45,195212.0,-192512.0,,Start Mode After PF,
1,c7af3b61-3626-46cd-ae70-96fea0fa2db1,2026-09-29T00:07:01.502+00:00,2026-09-29T00:07:01.712+00:00,21072-30059,dryers,50170061,42000000,2026-09-29 00:07:01,2026-09-28 23:39:26,45,1655.0,1045.0,18,Running,
1,c7af3b61-3626-46cd-ae70-96fea0fa2db1,2026-09-29T00:07:01.502+00:00,2026-09-29T00:07:01.712+00:00,21072-30059,dryers,50170081,42000000,2026-09-29 00:07:01,2026-09-28 23:41:42,45,1519.0,1181.0,20,Running,
1,c7af3b61-3626-46cd-ae70-96fea0fa2db1,2026-09-29T00:07:01.502+00:00,2026-09-29T00:07:01.712+00:00,21072-30059,dryers,50170060,42000000,2026-09-29 00:07:01,2026-09-28 23:39:44,50,1637.0,1363.0,23,Running,
1,c7af3b61-3626-46cd-ae70-96fea0fa2db1,2026-09-29T00:07:01.502+00:00,2026-09-29T00:07:01.712+00:00,21072-30059,dryers,50170087,42000000,2026-09-29 00:07:01,2026-09-28 23:41:00,48,1561.0,1319.0,22,Running,
1,c7af3b61-3626-46cd-ae70-96fea0fa2db1,2026-09-29T00:07:01.502+00:00,2026-09-29T00:07:01.712+00:00,21072-30059,dryers,50170064,42000000,2026-09-29 00:07:01,2026-09-28 23:40:10,60,1611.0,1989.0,34,Running,
1,c7af3b61-3626-46cd-ae70-96fea0fa2db1,2026-09-29T00:07:01.502+00:00,2026-09-29T00:07:01.712+00:00,21072-30059,dryers,50170065,42000000,2026-09-29 00:07:01,2026-09-28 23:38:01,60,1740.0,1860.0,31,Running,
1,c7af3b61-3626-46cd-ae70-96fea0fa2db1,2026-09-29T00:07:01.502+00:00,2026-09-29T00:07:01.712+00:00,21072-30059,dryers,50170059,42000000,2026-09-29 00:07:01,2026-09-28 23:34:17,60,1964.0,1636.0,28,Running,
1,c7af3b61-3626-46cd-ae70-96fea0fa2db1,2026-09-29T00:07:01.502+00:00,2026-09-29T00:07:01.712+00:00,21072-30059,dryers,50170057,42000000,2026-09-29 00:07:01,2026-09-28 23:32:22,67,2079.0,1941.0,33,Running,
1,c7af3b61-3626-46cd-ae70-96fea0fa2db1,2026-09-29T00:07:01.502+00:00,2026-09-29T00:07:01.712+00:00,21072-30059,dryers,50170062,72000000,2026-09-29 00:07:01,2026-09-28 07:02:52,46,61449.0,-58689.0,,Available,website maps this code to Available
1,c7af3b61-3626-46cd-ae70-96fea0fa2db1,2026-09-29T00:07:01.502+00:00,2026-09-29T00:07:01.712+00:00,21072-30059,dryers,50170067,42000000,2026-09-29 00:07:01,2026-09-28 23:41:22,50,1539.0,1461.0,25,Running,
1,c7af3b61-3626-46cd-ae70-96fea0fa2db1,2026-09-29T00:07:01.502+00:00,2026-09-29T00:07:01.712+00:00,21072-30059,dryers,50170074,42000000,2026-09-29 00:07:01,2026-09-28 23:48:16,51,1125.0,1935.0,33,Running,
1,c7af3b61-3626-46cd-ae70-96fea0fa2db1,2026-09-29T00:07:01.502+00:00,2026-09-29T00:07:01.712+00:00,21072-30059,dryers,50170071,42000000,2026-09-29 00:07:01,2026-09-28 23:44:25,45,1356.0,1344.0,23,Running,
1,c7af3b61-3626-46cd-ae70-96fea0fa2db1,2026-09-29T00:07:01.502+00:00,2026-09-29T00:07:01.712+00:00,21072-30059,dryers,50170054,42000000,2026-09-29 00:07:01,2026-09-28 23:48:57,53,1084.0,2096.0,35,Running,
1,1d318371-b35d-44d8-ae95-c88582bbdf78,2026-09-29T00:08:00.976+00:00,2026-09-29T00:08:01.163+00:00,21072-30059,washers,50170051,42000000,2026-09-29 00:08:01,2026-09-28 23:58:38,10,563.0,37.0,1,Running,
1,1d318371-b35d-44d8-ae95-c88582bbdf78,2026-09-29T00:08:00.976+00:00,2026-09-29T00:08:01.163+00:00,21072-30059,washers,50170080,42000000,2026-09-29 00:08:01,2026-09-28 23:47:48,28,1213.0,467.0,8,Running,
1,1d318371-b35d-44d8-ae95-c88582bbdf78,2026-09-29T00:08:00.976+00:00,2026-09-29T00:08:01.163+00:00,21072-30059,washers,50170075,72000000,2026-09-29 00:08:01,2026-09-28 23:40:38,29,1643.0,97.0,,Available,website maps this code to Available
1,1d318371-b35d-44d8-ae95-c88582bbdf78,2026-09-29T00:08:00.976+00:00,2026-09-29T00:08:01.163+00:00,21072-30059,washers,50170082,72000000,2026-09-29 00:08:01,2026-09-28 23:42:22,29,1539.0,201.0,,Available,website maps this code to Available
1,1d318371-b35d-44d8-ae95-c88582bbdf78,2026-09-29T00:08:00.976+00:00,2026-09-29T00:08:01.163+00:00,21072-30059,washers,50170050,52000000,2026-09-29 00:08:01,2026-09-29 00:07:42,29,19.0,1721.0,,Finished,
1,1d318371-b35d-44d8-ae95-c88582bbdf78,2026-09-29T00:08:00.976+00:00,2026-09-29T00:08:01.163+00:00,21072-30059,washers,50170052,72000000,2026-09-29 00:08:01,2026-09-28 23:45:08,29,1373.0,367.0,,Available,website maps this code to Available
1,1d318371-b35d-44d8-ae95-c88582bbdf78,2026-09-29T00:08:00.976+00:00,2026-09-29T00:08:01.163+00:00,21072-30059,washers,50170078,72000000,2026-09-29 00:08:01,2026-09-28 23:35:24,29,1957.0,-217.0,,Available,website maps this code to Available
1,1d318371-b35d-44d8-ae95-c88582bbdf78,2026-09-29T00:08:00.976+00:00,2026-09-29T00:08:01.163+00:00,21072-30059,washers,50170084,72000000,2026-09-29 00:08:01,2026-09-28 23:34:36,29,2005.0,-265.0,,Available,website maps this code to Available
1,1d318371-b35d-44d8-ae95-c88582bbdf78,2026-09-29T00:08:00.976+00:00,2026-09-29T00:08:01.163+00:00,21072-30059,washers,50170068,72000000,2026-09-29 00:08:01,2026-09-28 23:32:25,29,2136.0,-396.0,,Available,website maps this code to Available
1,1d318371-b35d-44d8-ae95-c88582bbdf78,2026-09-29T00:08:00.976+00:00,2026-09-29T00:08:01.163+00:00,21072-30059,washers,50170072,42000000,2026-09-29 00:08:01,2026-09-28 23:55:50,10,731.0,-131.0,,Available,website fallback: countdown expired
1,1d318371-b35d-44d8-ae95-c88582bbdf78,2026-09-29T00:08:00.976+00:00,2026-09-29T00:08:01.163+00:00,21072-30059,washers,20483408,72000000,2026-09-29 00:08:01,2024-12-20 00:43:32,0,55985069.0,-55985069.0,,Available,website maps this code to Available
1,1d318371-b35d-44d8-ae95-c88582bbdf78,2026-09-29T00:08:00.976+00:00,2026-09-29T00:08:01.163+00:00,21072-30059,washers,50170055,72000000,2026-09-29 00:08:01,2026-09-28 23:46:47,29,1274.0,466.0,,Available,website maps this code to Available
1,1d318371-b35d-44d8-ae95-c88582bbdf78,2026-09-29T00:08:00.976+00:00,2026-09-29T00:08:01.163+00:00,21072-30059,dryers,50170058,D2000000,2026-09-29 00:08:01,2026-09-26 17:53:29,45,195272.0,-192572.0,,Start Mode After PF,
1,1d318371-b35d-44d8-ae95-c88582bbdf78,2026-09-29T00:08:00.976+00:00,2026-09-29T00:08:01.163+00:00,21072-30059,dryers,50170061,42000000,2026-09-29 00:08:01,2026-09-28 23:39:26,45,1715.0,985.0,17,Running,
1,1d318371-b35d-44d8-ae95-c88582bbdf78,2026-09-29T00:08:00.976+00:00,2026-09-29T00:08:01.163+00:00,21072-30059,dryers,50170081,42000000,2026-09-29 00:08:01,2026-09-28 23:41:42,45,1579.0,1121.0,19,Running,
1,1d318371-b35d-44d8-ae95-c88582bbdf78,2026-09-29T00:08:00.976+00:00,2026-09-29T00:08:01.163+00:00,21072-30059,dryers,50170060,42000000,2026-09-29 00:08:01,2026-09-28 23:39:44,50,1697.0,1303.0,22,Running,
1,1d318371-b35d-44d8-ae95-c88582bbdf78,2026-09-29T00:08:00.976+00:00,2026-09-29T00:08:01.163+00:00,21072-30059,dryers,50170087,42000000,2026-09-29 00:08:01,2026-09-28 23:41:00,48,1621.0,1259.0,21,Running,
1,1d318371-b35d-44d8-ae95-c88582bbdf78,2026-09-29T00:08:00.976+00:00,2026-09-29T00:08:01.163+00:00,21072-30059,dryers,50170064,42000000,2026-09-29 00:08:01,2026-09-28 23:40:10,60,1671.0,1929.0,33,Running,
1,1d318371-b35d-44d8-ae95-c88582bbdf78,2026-09-29T00:08:00.976+00:00,2026-09-29T00:08:01.163+00:00,21072-30059,dryers,50170065,42000000,2026-09-29 00:08:01,2026-09-28 23:38:01,60,1800.0,1800.0,30,Running,
1,1d318371-b35d-44d8-ae95-c88582bbdf78,2026-09-29T00:08:00.976+00:00,2026-09-29T00:08:01.163+00:00,21072-30059,dryers,50170059,42000000,2026-09-29 00:08:01,2026-09-28 23:34:17,60,2024.0,1576.0,27,Running,
1,1d318371-b35d-44d8-ae95-c88582bbdf78,2026-09-29T00:08:00.976+00:00,2026-09-29T00:08:01.163+00:00,21072-30059,dryers,50170057,42000000,2026-09-29 00:08:01,2026-09-28 23:32:22,67,2139.0,1881.0,32,Running,
1,1d318371-b35d-44d8-ae95-c88582bbdf78,2026-09-29T00:08:00.976+00:00,2026-09-29T00:08:01.163+00:00,21072-30059,dryers,50170062,72000000,2026-09-29 00:08:01,2026-09-28 07:02:52,46,61509.0,-58749.0,,Available,website maps this code to Available
1,1d318371-b35d-44d8-ae95-c88582bbdf78,2026-09-29T00:08:00.976+00:00,2026-09-29T00:08:01.163+00:00,21072-30059,dryers,50170067,42000000,2026-09-29 00:08:01,2026-09-28 23:41:22,50,1599.0,1401.0,24,Running,
1,1d318371-b35d-44d8-ae95-c88582bbdf78,2026-09-29T00:08:00.976+00:00,2026-09-29T00:08:01.163+00:00,21072-30059,dryers,50170074,42000000,2026-09-29 00:08:01,2026-09-28 23:48:16,51,1185.0,1875.0,32,Running,
1,1d318371-b35d-44d8-ae95-c88582bbdf78,2026-09-29T00:08:00.976+00:00,2026-09-29T00:08:01.163+00:00,21072-30059,dryers,50170071,42000000,2026-09-29 00:08:01,2026-09-28 23:44:25,45,1416.0,1284.0,22,Running,
1,1d318371-b35d-44d8-ae95-c88582bbdf78,2026-09-29T00:08:00.976+00:00,2026-09-29T00:08:01.163+00:00,21072-30059,dryers,50170054,42000000,2026-09-29 00:08:01,2026-09-28 23:48:57,53,1144.0,2036.0,34,Running,
1,cc46a5cb-dda0-4ccc-a2af-e038de08c83d,2026-09-29T00:09:01.350+00:00,2026-09-29T00:09:01.530+00:00,21072-30059,washers,50170051,42000000,2026-09-29 00:09:01,2026-09-28 23:58:38,10,623.0,-23.0,,Available,website fallback: countdown expired
1,cc46a5cb-dda0-4ccc-a2af-e038de08c83d,2026-09-29T00:09:01.350+00:00,2026-09-29T00:09:01.530+00:00,21072-30059,washers,50170080,42000000,2026-09-29 00:09:01,2026-09-28 23:47:48,28,1273.0,407.0,7,Running,
1,cc46a5cb-dda0-4ccc-a2af-e038de08c83d,2026-09-29T00:09:01.350+00:00,2026-09-29T00:09:01.530+00:00,21072-30059,washers,50170075,72000000,2026-09-29 00:09:01,2026-09-28 23:40:38,29,1703.0,37.0,,Available,website maps this code to Available
1,cc46a5cb-dda0-4ccc-a2af-e038de08c83d,2026-09-29T00:09:01.350+00:00,2026-09-29T00:09:01.530+00:00,21072-30059,washers,50170082,72000000,2026-09-29 00:09:01,2026-09-28 23:42:22,29,1599.0,141.0,,Available,website maps this code to Available
1,cc46a5cb-dda0-4ccc-a2af-e038de08c83d,2026-09-29T00:09:01.350+00:00,2026-09-29T00:09:01.530+00:00,21072-30059,washers,50170050,52000000,2026-09-29 00:09:01,2026-09-29 00:07:42,29,79.0,1661.0,,Finished,
1,cc46a5cb-dda0-4ccc-a2af-e038de08c83d,2026-09-29T00:09:01.350+00:00,2026-09-29T00:09:01.530+00:00,21072-30059,washers,50170052,72000000,2026-09-29 00:09:01,2026-09-28 23:45:08,29,1433.0,307.0,,Available,website maps this code to Available
1,cc46a5cb-dda0-4ccc-a2af-e038de08c83d,2026-09-29T00:09:01.350+00:00,2026-09-29T00:09:01.530+00:00,21072-30059,washers,50170078,72000000,2026-09-29 00:09:01,2026-09-28 23:35:24,29,2017.0,-277.0,,Available,website maps this code to Available
1,cc46a5cb-dda0-4ccc-a2af-e038de08c83d,2026-09-29T00:09:01.350+00:00,2026-09-29T00:09:01.530+00:00,21072-30059,washers,50170084,72000000,2026-09-29 00:09:01,2026-09-28 23:34:36,29,2065.0,-325.0,,Available,website maps this code to Available
1,cc46a5cb-dda0-4ccc-a2af-e038de08c83d,2026-09-29T00:09:01.350+00:00,2026-09-29T00:09:01.530+00:00,21072-30059,washers,50170068,72000000,2026-09-29 00:09:01,2026-09-28 23:32:25,29,2196.0,-456.0,,Available,website maps this code to Available
1,cc46a5cb-dda0-4ccc-a2af-e038de08c83d,2026-09-29T00:09:01.350+00:00,2026-09-29T00:09:01.530+00:00,21072-30059,washers,50170072,42000000,2026-09-29 00:09:01,2026-09-28 23:55:50,10,791.0,-191.0,,Available,website fallback: countdown expired
1,cc46a5cb-dda0-4ccc-a2af-e038de08c83d,2026-09-29T00:09:01.350+00:00,2026-09-29T00:09:01.530+00:00,21072-30059,washers,20483408,72000000,2026-09-29 00:09:01,2024-12-20 00:43:32,0,55985129.0,-55985129.0,,Available,website maps this code to Available
1,cc46a5cb-dda0-4ccc-a2af-e038de08c83d,2026-09-29T00:09:01.350+00:00,2026-09-29T00:09:01.530+00:00,21072-30059,washers,50170055,72000000,2026-09-29 00:09:01,2026-09-28 23:46:47,29,1334.0,406.0,,Available,website maps this code to Available
1,cc46a5cb-dda0-4ccc-a2af-e038de08c83d,2026-09-29T00:09:01.350+00:00,2026-09-29T00:09:01.530+00:00,21072-30059,dryers,50170058,D2000000,2026-09-29 00:09:01,2026-09-26 17:53:29,45,195332.0,-192632.0,,Start Mode After PF,
1,cc46a5cb-dda0-4ccc-a2af-e038de08c83d,2026-09-29T00:09:01.350+00:00,2026-09-29T00:09:01.530+00:00,21072-30059,dryers,50170061,42000000,2026-09-29 00:09:01,2026-09-28 23:39:26,45,1775.0,925.0,16,Running,
1,cc46a5cb-dda0-4ccc-a2af-e038de08c83d,2026-09-29T00:09:01.350+00:00,2026-09-29T00:09:01.530+00:00,21072-30059,dryers,50170081,42000000,2026-09-29 00:09:01,2026-09-28 23:41:42,45,1639.0,1061.0,18,Running,
1,cc46a5cb-dda0-4ccc-a2af-e038de08c83d,2026-09-29T00:09:01.350+00:00,2026-09-29T00:09:01.530+00:00,21072-30059,dryers,50170060,42000000,2026-09-29 00:09:01,2026-09-28 23:39:44,50,1757.0,1243.0,21,Running,
1,cc46a5cb-dda0-4ccc-a2af-e038de08c83d,2026-09-29T00:09:01.350+00:00,2026-09-29T00:09:01.530+00:00,21072-30059,dryers,50170087,42000000,2026-09-29 00:09:01,2026-09-28 23:41:00,48,1681.0,1199.0,20,Running,
1,cc46a5cb-dda0-4ccc-a2af-e038de08c83d,2026-09-29T00:09:01.350+00:00,2026-09-29T00:09:01.530+00:00,21072-30059,dryers,50170064,42000000,2026-09-29 00:09:01,2026-09-28 23:40:10,60,1731.0,1869.0,32,Running,
1,cc46a5cb-dda0-4ccc-a2af-e038de08c83d,2026-09-29T00:09:01.350+00:00,2026-09-29T00:09:01.530+00:00,21072-30059,dryers,50170065,42000000,2026-09-29 00:09:01,2026-09-28 23:38:01,60,1860.0,1740.0,29,Running,
1,cc46a5cb-dda0-4ccc-a2af-e038de08c83d,2026-09-29T00:09:01.350+00:00,2026-09-29T00:09:01.530+00:00,21072-30059,dryers,50170059,42000000,2026-09-29 00:09:01,2026-09-28 23:34:17,60,2084.0,1516.0,26,Running,
1,cc46a5cb-dda0-4ccc-a2af-e038de08c83d,2026-09-29T00:09:01.350+00:00,2026-09-29T00:09:01.530+00:00,21072-30059,dryers,50170057,42000000,2026-09-29 00:09:01,2026-09-28 23:32:22,67,2199.0,1821.0,31,Running,
1,cc46a5cb-dda0-4ccc-a2af-e038de08c83d,2026-09-29T00:09:01.350+00:00,2026-09-29T00:09:01.530+00:00,21072-30059,dryers,50170062,72000000,2026-09-29 00:09:01,2026-09-28 07:02:52,46,61569.0,-58809.0,,Available,website maps this code to Available
1,cc46a5cb-dda0-4ccc-a2af-e038de08c83d,2026-09-29T00:09:01.350+00:00,2026-09-29T00:09:01.530+00:00,21072-30059,dryers,50170067,42000000,2026-09-29 00:09:01,2026-09-28 23:41:22,50,1659.0,1341.0,23,Running,
1,cc46a5cb-dda0-4ccc-a2af-e038de08c83d,2026-09-29T00:09:01.350+00:00,2026-09-29T00:09:01.530+00:00,21072-30059,dryers,50170074,42000000,2026-09-29 00:09:01,2026-09-28 23:48:16,51,1245.0,1815.0,31,Running,
1,cc46a5cb-dda0-4ccc-a2af-e038de08c83d,2026-09-29T00:09:01.350+00:00,2026-09-29T00:09:01.530+00:00,21072-30059,dryers,50170071,42000000,2026-09-29 00:09:01,2026-09-28 23:44:25,45,1476.0,1224.0,21,Running,
1,cc46a5cb-dda0-4ccc-a2af-e038de08c83d,2026-09-29T00:09:01.350+00:00,2026-09-29T00:09:01.530+00:00,21072-30059,dryers,50170054,42000000,2026-09-29 00:09:01,2026-09-28 23:48:57,53,1204.0,1976.0,33,Running,
1,b748bc6d-6ee6-4300-b313-d4243423cac5,2026-09-29T00:10:01.335+00:00,2026-09-29T00:10:01.550+00:00,21072-30059,washers,50170051,42000000,2026-09-29 00:10:01,2026-09-28 23:58:38,10,683.0,-83.0,,Available,website fallback: countdown expired
1,b748bc6d-6ee6-4300-b313-d4243423cac5,2026-09-29T00:10:01.335+00:00,2026-09-29T00:10:01.550+00:00,21072-30059,washers,50170080,42000000,2026-09-29 00:10:01,2026-09-28 23:47:48,28,1333.0,347.0,6,Running,
1,b748bc6d-6ee6-4300-b313-d4243423cac5,2026-09-29T00:10:01.335+00:00,2026-09-29T00:10:01.550+00:00,21072-30059,washers,50170075,72000000,2026-09-29 00:10:01,2026-09-28 23:40:38,29,1763.0,-23.0,,Available,website maps this code to Available
1,b748bc6d-6ee6-4300-b313-d4243423cac5,2026-09-29T00:10:01.335+00:00,2026-09-29T00:10:01.550+00:00,21072-30059,washers,50170082,72000000,2026-09-29 00:10:01,2026-09-28 23:42:22,29,1659.0,81.0,,Available,website maps this code to Available
1,b748bc6d-6ee6-4300-b313-d4243423cac5,2026-09-29T00:10:01.335+00:00,2026-09-29T00:10:01.550+00:00,21072-30059,washers,50170050,52000000,2026-09-29 00:10:01,2026-09-29 00:07:42,29,139.0,1601.0,,Finished,
1,b748bc6d-6ee6-4300-b313-d4243423cac5,2026-09-29T00:10:01.335+00:00,2026-09-29T00:10:01.550+00:00,21072-30059,washers,50170052,72000000,2026-09-29 00:10:01,2026-09-28 23:45:08,29,1493.0,247.0,,Available,website maps this code to Available
1,b748bc6d-6ee6-4300-b313-d4243423cac5,2026-09-29T00:10:01.335+00:00,2026-09-29T00:10:01.550+00:00,21072-30059,washers,50170078,72000000,2026-09-29 00:10:01,2026-09-28 23:35:24,29,2077.0,-337.0,,Available,website maps this code to Available
1,b748bc6d-6ee6-4300-b313-d4243423cac5,2026-09-29T00:10:01.335+00:00,2026-09-29T00:10:01.550+00:00,21072-30059,washers,50170084,72000000,2026-09-29 00:10:01,2026-09-28 23:34:36,29,2125.0,-385.0,,Available,website maps this code to Available
1,b748bc6d-6ee6-4300-b313-d4243423cac5,2026-09-29T00:10:01.335+00:00,2026-09-29T00:10:01.550+00:00,21072-30059,washers,50170068,72000000,2026-09-29 00:10:01,2026-09-28 23:32:25,29,2256.0,-516.0,,Available,website maps this code to Available
1,b748bc6d-6ee6-4300-b313-d4243423cac5,2026-09-29T00:10:01.335+00:00,2026-09-29T00:10:01.550+00:00,21072-30059,washers,50170072,42000000,2026-09-29 00:10:01,2026-09-28 23:55:50,10,851.0,-251.0,,Available,website fallback: countdown expired
1,b748bc6d-6ee6-4300-b313-d4243423cac5,2026-09-29T00:10:01.335+00:00,2026-09-29T00:10:01.550+00:00,21072-30059,washers,20483408,72000000,2026-09-29 00:10:01,2024-12-20 00:43:32,0,55985189.0,-55985189.0,,Available,website maps this code to Available
1,b748bc6d-6ee6-4300-b313-d4243423cac5,2026-09-29T00:10:01.335+00:00,2026-09-29T00:10:01.550+00:00,21072-30059,washers,50170055,72000000,2026-09-29 00:10:01,2026-09-28 23:46:47,29,1394.0,346.0,,Available,website maps this code to Available
1,b748bc6d-6ee6-4300-b313-d4243423cac5,2026-09-29T00:10:01.335+00:00,2026-09-29T00:10:01.550+00:00,21072-30059,dryers,50170058,D2000000,2026-09-29 00:10:01,2026-09-26 17:53:29,45,195392.0,-192692.0,,Start Mode After PF,
1,b748bc6d-6ee6-4300-b313-d4243423cac5,2026-09-29T00:10:01.335+00:00,2026-09-29T00:10:01.550+00:00,21072-30059,dryers,50170061,42000000,2026-09-29 00:10:01,2026-09-28 23:39:26,45,1835.0,865.0,15,Running,
1,b748bc6d-6ee6-4300-b313-d4243423cac5,2026-09-29T00:10:01.335+00:00,2026-09-29T00:10:01.550+00:00,21072-30059,dryers,50170081,42000000,2026-09-29 00:10:01,2026-09-28 23:41:42,45,1699.0,1001.0,17,Running,
1,b748bc6d-6ee6-4300-b313-d4243423cac5,2026-09-29T00:10:01.335+00:00,2026-09-29T00:10:01.550+00:00,21072-30059,dryers,50170060,42000000,2026-09-29 00:10:01,2026-09-28 23:39:44,50,1817.0,1183.0,20,Running,
1,b748bc6d-6ee6-4300-b313-d4243423cac5,2026-09-29T00:10:01.335+00:00,2026-09-29T00:10:01.550+00:00,21072-30059,dryers,50170087,42000000,2026-09-29 00:10:01,2026-09-28 23:41:00,48,1741.0,1139.0,19,Running,
1,b748bc6d-6ee6-4300-b313-d4243423cac5,2026-09-29T00:10:01.335+00:00,2026-09-29T00:10:01.550+00:00,21072-30059,dryers,50170064,42000000,2026-09-29 00:10:01,2026-09-28 23:40:10,60,1791.0,1809.0,31,Running,
1,b748bc6d-6ee6-4300-b313-d4243423cac5,2026-09-29T00:10:01.335+00:00,2026-09-29T00:10:01.550+00:00,21072-30059,dryers,50170065,42000000,2026-09-29 00:10:01,2026-09-28 23:38:01,60,1920.0,1680.0,28,Running,
1,b748bc6d-6ee6-4300-b313-d4243423cac5,2026-09-29T00:10:01.335+00:00,2026-09-29T00:10:01.550+00:00,21072-30059,dryers,50170059,42000000,2026-09-29 00:10:01,2026-09-28 23:34:17,60,2144.0,1456.0,25,Running,
1,b748bc6d-6ee6-4300-b313-d4243423cac5,2026-09-29T00:10:01.335+00:00,2026-09-29T00:10:01.550+00:00,21072-30059,dryers,50170057,42000000,2026-09-29 00:10:01,2026-09-28 23:32:22,67,2259.0,1761.0,30,Running,
1,b748bc6d-6ee6-4300-b313-d4243423cac5,2026-09-29T00:10:01.335+00:00,2026-09-29T00:10:01.550+00:00,21072-30059,dryers,50170062,72000000,2026-09-29 00:10:01,2026-09-28 07:02:52,46,61629.0,-58869.0,,Available,website maps this code to Available
1,b748bc6d-6ee6-4300-b313-d4243423cac5,2026-09-29T00:10:01.335+00:00,2026-09-29T00:10:01.550+00:00,21072-30059,dryers,50170067,42000000,2026-09-29 00:10:01,2026-09-28 23:41:22,50,1719.0,1281.0,22,Running,
1,b748bc6d-6ee6-4300-b313-d4243423cac5,2026-09-29T00:10:01.335+00:00,2026-09-29T00:10:01.550+00:00,21072-30059,dryers,50170074,42000000,2026-09-29 00:10:01,2026-09-28 23:48:16,51,1305.0,1755.0,30,Running,
1,b748bc6d-6ee6-4300-b313-d4243423cac5,2026-09-29T00:10:01.335+00:00,2026-09-29T00:10:01.550+00:00,21072-30059,dryers,50170071,42000000,2026-09-29 00:10:01,2026-09-28 23:44:25,45,1536.0,1164.0,20,Running,
1,b748bc6d-6ee6-4300-b313-d4243423cac5,2026-09-29T00:10:01.335+00:00,2026-09-29T00:10:01.550+00:00,21072-30059,dryers,50170054,42000000,2026-09-29 00:10:01,2026-09-28 23:48:57,53,1264.0,1916.0,32,Running,
1,d7d9ac3f-da8a-466d-ae51-226cbe58c139,2026-09-29T00:11:01.284+00:00,2026-09-29T00:11:01.457+00:00,21072-30059,washers,50170051,52000000,2026-09-29 00:11:01,2026-09-29 00:10:50,29,11.0,1729.0,,Finished,
1,d7d9ac3f-da8a-466d-ae51-226cbe58c139,2026-09-29T00:11:01.284+00:00,2026-09-29T00:11:01.457+00:00,21072-30059,washers,50170080,42000000,2026-09-29 00:11:01,2026-09-29 00:10:08,10,53.0,547.0,10,Running,
1,d7d9ac3f-da8a-466d-ae51-226cbe58c139,2026-09-29T00:11:01.284+00:00,2026-09-29T00:11:01.457+00:00,21072-30059,washers,50170075,72000000,2026-09-29 00:11:01,2026-09-28 23:40:38,29,1823.0,-83.0,,Available,website maps this code to Available
1,d7d9ac3f-da8a-466d-ae51-226cbe58c139,2026-09-29T00:11:01.284+00:00,2026-09-29T00:11:01.457+00:00,21072-30059,washers,50170082,72000000,2026-09-29 00:11:01,2026-09-28 23:42:22,29,1719.0,21.0,,Available,website maps this code to Available
1,d7d9ac3f-da8a-466d-ae51-226cbe58c139,2026-09-29T00:11:01.284+00:00,2026-09-29T00:11:01.457+00:00,21072-30059,washers,50170050,52000000,2026-09-29 00:11:01,2026-09-29 00:07:42,29,199.0,1541.0,,Finished,
1,d7d9ac3f-da8a-466d-ae51-226cbe58c139,2026-09-29T00:11:01.284+00:00,2026-09-29T00:11:01.457+00:00,21072-30059,washers,50170052,72000000,2026-09-29 00:11:01,2026-09-28 23:45:08,29,1553.0,187.0,,Available,website maps this code to Available
1,d7d9ac3f-da8a-466d-ae51-226cbe58c139,2026-09-29T00:11:01.284+00:00,2026-09-29T00:11:01.457+00:00,21072-30059,washers,50170078,72000000,2026-09-29 00:11:01,2026-09-28 23:35:24,29,2137.0,-397.0,,Available,website maps this code to Available
1,d7d9ac3f-da8a-466d-ae51-226cbe58c139,2026-09-29T00:11:01.284+00:00,2026-09-29T00:11:01.457+00:00,21072-30059,washers,50170084,72000000,2026-09-29 00:11:01,2026-09-28 23:34:36,29,2185.0,-445.0,,Available,website maps this code to Available
1,d7d9ac3f-da8a-466d-ae51-226cbe58c139,2026-09-29T00:11:01.284+00:00,2026-09-29T00:11:01.457+00:00,21072-30059,washers,50170068,72000000,2026-09-29 00:11:01,2026-09-28 23:32:25,29,2316.0,-576.0,,Available,website maps this code to Available
1,d7d9ac3f-da8a-466d-ae51-226cbe58c139,2026-09-29T00:11:01.284+00:00,2026-09-29T00:11:01.457+00:00,21072-30059,washers,50170072,42000000,2026-09-29 00:11:01,2026-09-28 23:55:50,10,911.0,-311.0,,Available,website fallback: countdown expired
1,d7d9ac3f-da8a-466d-ae51-226cbe58c139,2026-09-29T00:11:01.284+00:00,2026-09-29T00:11:01.457+00:00,21072-30059,washers,20483408,72000000,2026-09-29 00:11:01,2024-12-20 00:43:32,0,55985249.0,-55985249.0,,Available,website maps this code to Available
1,d7d9ac3f-da8a-466d-ae51-226cbe58c139,2026-09-29T00:11:01.284+00:00,2026-09-29T00:11:01.457+00:00,21072-30059,washers,50170055,72000000,2026-09-29 00:11:01,2026-09-28 23:46:47,29,1454.0,286.0,,Available,website maps this code to Available
1,d7d9ac3f-da8a-466d-ae51-226cbe58c139,2026-09-29T00:11:01.284+00:00,2026-09-29T00:11:01.457+00:00,21072-30059,dryers,50170058,D2000000,2026-09-29 00:11:01,2026-09-26 17:53:29,45,195452.0,-192752.0,,Start Mode After PF,
1,d7d9ac3f-da8a-466d-ae51-226cbe58c139,2026-09-29T00:11:01.284+00:00,2026-09-29T00:11:01.457+00:00,21072-30059,dryers,50170061,42000000,2026-09-29 00:11:01,2026-09-28 23:39:26,45,1895.0,805.0,14,Running,
1,d7d9ac3f-da8a-466d-ae51-226cbe58c139,2026-09-29T00:11:01.284+00:00,2026-09-29T00:11:01.457+00:00,21072-30059,dryers,50170081,42000000,2026-09-29 00:11:01,2026-09-28 23:41:42,45,1759.0,941.0,16,Running,
1,d7d9ac3f-da8a-466d-ae51-226cbe58c139,2026-09-29T00:11:01.284+00:00,2026-09-29T00:11:01.457+00:00,21072-30059,dryers,50170060,42000000,2026-09-29 00:11:01,2026-09-28 23:39:44,50,1877.0,1123.0,19,Running,
1,d7d9ac3f-da8a-466d-ae51-226cbe58c139,2026-09-29T00:11:01.284+00:00,2026-09-29T00:11:01.457+00:00,21072-30059,dryers,50170087,42000000,2026-09-29 00:11:01,2026-09-28 23:41:00,48,1801.0,1079.0,18,Running,
1,d7d9ac3f-da8a-466d-ae51-226cbe58c139,2026-09-29T00:11:01.284+00:00,2026-09-29T00:11:01.457+00:00,21072-30059,dryers,50170064,42000000,2026-09-29 00:11:01,2026-09-28 23:40:10,60,1851.0,1749.0,30,Running,
1,d7d9ac3f-da8a-466d-ae51-226cbe58c139,2026-09-29T00:11:01.284+00:00,2026-09-29T00:11:01.457+00:00,21072-30059,dryers,50170065,42000000,2026-09-29 00:11:01,2026-09-28 23:38:01,60,1980.0,1620.0,27,Running,
1,d7d9ac3f-da8a-466d-ae51-226cbe58c139,2026-09-29T00:11:01.284+00:00,2026-09-29T00:11:01.457+00:00,21072-30059,dryers,50170059,42000000,2026-09-29 00:11:01,2026-09-28 23:34:17,60,2204.0,1396.0,24,Running,
1,d7d9ac3f-da8a-466d-ae51-226cbe58c139,2026-09-29T00:11:01.284+00:00,2026-09-29T00:11:01.457+00:00,21072-30059,dryers,50170057,42000000,2026-09-29 00:11:01,2026-09-28 23:32:22,67,2319.0,1701.0,29,Running,
1,d7d9ac3f-da8a-466d-ae51-226cbe58c139,2026-09-29T00:11:01.284+00:00,2026-09-29T00:11:01.457+00:00,21072-30059,dryers,50170062,72000000,2026-09-29 00:11:01,2026-09-28 07:02:52,46,61689.0,-58929.0,,Available,website maps this code to Available
1,d7d9ac3f-da8a-466d-ae51-226cbe58c139,2026-09-29T00:11:01.284+00:00,2026-09-29T00:11:01.457+00:00,21072-30059,dryers,50170067,42000000,2026-09-29 00:11:01,2026-09-28 23:41:22,50,1779.0,1221.0,21,Running,
1,d7d9ac3f-da8a-466d-ae51-226cbe58c139,2026-09-29T00:11:01.284+00:00,2026-09-29T00:11:01.457+00:00,21072-30059,dryers,50170074,42000000,2026-09-29 00:11:01,2026-09-28 23:48:16,51,1365.0,1695.0,29,Running,
1,d7d9ac3f-da8a-466d-ae51-226cbe58c139,2026-09-29T00:11:01.284+00:00,2026-09-29T00:11:01.457+00:00,21072-30059,dryers,50170071,42000000,2026-09-29 00:11:01,2026-09-28 23:44:25,45,1596.0,1104.0,19,Running,
1,d7d9ac3f-da8a-466d-ae51-226cbe58c139,2026-09-29T00:11:01.284+00:00,2026-09-29T00:11:01.457+00:00,21072-30059,dryers,50170054,42000000,2026-09-29 00:11:01,2026-09-28 23:48:57,53,1324.0,1856.0,31,Running,
1,f3785152-cbb6-4140-9854-d19c0061b9ba,2026-09-29T00:12:00.970+00:00,2026-09-29T00:12:01.160+00:00,21072-30059,washers,50170051,52000000,2026-09-29 00:12:01,2026-09-29 00:10:50,29,71.0,1669.0,,Finished,
1,f3785152-cbb6-4140-9854-d19c0061b9ba,2026-09-29T00:12:00.970+00:00,2026-09-29T00:12:01.160+00:00,21072-30059,washers,50170080,42000000,2026-09-29 00:12:01,2026-09-29 00:10:08,10,113.0,487.0,9,Running,
1,f3785152-cbb6-4140-9854-d19c0061b9ba,2026-09-29T00:12:00.970+00:00,2026-09-29T00:12:01.160+00:00,21072-30059,washers,50170075,72000000,2026-09-29 00:12:01,2026-09-28 23:40:38,29,1883.0,-143.0,,Available,website maps this code to Available
1,f3785152-cbb6-4140-9854-d19c0061b9ba,2026-09-29T00:12:00.970+00:00,2026-09-29T00:12:01.160+00:00,21072-30059,washers,50170082,72000000,2026-09-29 00:12:01,2026-09-28 23:42:22,29,1779.0,-39.0,,Available,website maps this code to Available
1,f3785152-cbb6-4140-9854-d19c0061b9ba,2026-09-29T00:12:00.970+00:00,2026-09-29T00:12:01.160+00:00,21072-30059,washers,50170050,52000000,2026-09-29 00:12:01,2026-09-29 00:07:42,29,259.0,1481.0,,Finished,
1,f3785152-cbb6-4140-9854-d19c0061b9ba,2026-09-29T00:12:00.970+00:00,2026-09-29T00:12:01.160+00:00,21072-30059,washers,50170052,72000000,2026-09-29 00:12:01,2026-09-28 23:45:08,29,1613.0,127.0,,Available,website maps this code to Available
1,f3785152-cbb6-4140-9854-d19c0061b9ba,2026-09-29T00:12:00.970+00:00,2026-09-29T00:12:01.160+00:00,21072-30059,washers,50170078,72000000,2026-09-29 00:12:01,2026-09-28 23:35:24,29,2197.0,-457.0,,Available,website maps this code to Available
1,f3785152-cbb6-4140-9854-d19c0061b9ba,2026-09-29T00:12:00.970+00:00,2026-09-29T00:12:01.160+00:00,21072-30059,washers,50170084,72000000,2026-09-29 00:12:01,2026-09-28 23:34:36,29,2245.0,-505.0,,Available,website maps this code to Available
1,f3785152-cbb6-4140-9854-d19c0061b9ba,2026-09-29T00:12:00.970+00:00,2026-09-29T00:12:01.160+00:00,21072-30059,washers,50170068,72000000,2026-09-29 00:12:01,2026-09-28 23:32:25,29,2376.0,-636.0,,Available,website maps this code to Available
1,f3785152-cbb6-4140-9854-d19c0061b9ba,2026-09-29T00:12:00.970+00:00,2026-09-29T00:12:01.160+00:00,21072-30059,washers,50170072,52000000,2026-09-29 00:12:01,2026-09-29 00:11:04,29,57.0,1683.0,,Finished,
1,f3785152-cbb6-4140-9854-d19c0061b9ba,2026-09-29T00:12:00.970+00:00,2026-09-29T00:12:01.160+00:00,21072-30059,washers,20483408,72000000,2026-09-29 00:12:01,2024-12-20 00:43:32,0,55985309.0,-55985309.0,,Available,website maps this code to Available
1,f3785152-cbb6-4140-9854-d19c0061b9ba,2026-09-29T00:12:00.970+00:00,2026-09-29T00:12:01.160+00:00,21072-30059,washers,50170055,72000000,2026-09-29 00:12:01,2026-09-28 23:46:47,29,1514.0,226.0,,Available,website maps this code to Available
1,f3785152-cbb6-4140-9854-d19c0061b9ba,2026-09-29T00:12:00.970+00:00,2026-09-29T00:12:01.160+00:00,21072-30059,dryers,50170058,D2000000,2026-09-29 00:12:01,2026-09-26 17:53:29,45,195512.0,-192812.0,,Start Mode After PF,
1,f3785152-cbb6-4140-9854-d19c0061b9ba,2026-09-29T00:12:00.970+00:00,2026-09-29T00:12:01.160+00:00,21072-30059,dryers,50170061,42000000,2026-09-29 00:12:01,2026-09-28 23:39:26,45,1955.0,745.0,13,Running,
1,f3785152-cbb6-4140-9854-d19c0061b9ba,2026-09-29T00:12:00.970+00:00,2026-09-29T00:12:01.160+00:00,21072-30059,dryers,50170081,42000000,2026-09-29 00:12:01,2026-09-28 23:41:42,45,1819.0,881.0,15,Running,
1,f3785152-cbb6-4140-9854-d19c0061b9ba,2026-09-29T00:12:00.970+00:00,2026-09-29T00:12:01.160+00:00,21072-30059,dryers,50170060,42000000,2026-09-29 00:12:01,2026-09-28 23:39:44,50,1937.0,1063.0,18,Running,
1,f3785152-cbb6-4140-9854-d19c0061b9ba,2026-09-29T00:12:00.970+00:00,2026-09-29T00:12:01.160+00:00,21072-30059,dryers,50170087,42000000,2026-09-29 00:12:01,2026-09-28 23:41:00,48,1861.0,1019.0,17,Running,
1,f3785152-cbb6-4140-9854-d19c0061b9ba,2026-09-29T00:12:00.970+00:00,2026-09-29T00:12:01.160+00:00,21072-30059,dryers,50170064,42000000,2026-09-29 00:12:01,2026-09-28 23:40:10,60,1911.0,1689.0,29,Running,
1,f3785152-cbb6-4140-9854-d19c0061b9ba,2026-09-29T00:12:00.970+00:00,2026-09-29T00:12:01.160+00:00,21072-30059,dryers,50170065,42000000,2026-09-29 00:12:01,2026-09-28 23:38:01,60,2040.0,1560.0,26,Running,
1,f3785152-cbb6-4140-9854-d19c0061b9ba,2026-09-29T00:12:00.970+00:00,2026-09-29T00:12:01.160+00:00,21072-30059,dryers,50170059,42000000,2026-09-29 00:12:01,2026-09-28 23:34:17,60,2264.0,1336.0,23,Running,
1,f3785152-cbb6-4140-9854-d19c0061b9ba,2026-09-29T00:12:00.970+00:00,2026-09-29T00:12:01.160+00:00,21072-30059,dryers,50170057,42000000,2026-09-29 00:12:01,2026-09-28 23:32:22,67,2379.0,1641.0,28,Running,
1,f3785152-cbb6-4140-9854-d19c0061b9ba,2026-09-29T00:12:00.970+00:00,2026-09-29T00:12:01.160+00:00,21072-30059,dryers,50170062,72000000,2026-09-29 00:12:01,2026-09-28 07:02:52,46,61749.0,-58989.0,,Available,website maps this code to Available
1,f3785152-cbb6-4140-9854-d19c0061b9ba,2026-09-29T00:12:00.970+00:00,2026-09-29T00:12:01.160+00:00,21072-30059,dryers,50170067,42000000,2026-09-29 00:12:01,2026-09-28 23:41:22,50,1839.0,1161.0,20,Running,
1,f3785152-cbb6-4140-9854-d19c0061b9ba,2026-09-29T00:12:00.970+00:00,2026-09-29T00:12:01.160+00:00,21072-30059,dryers,50170074,42000000,2026-09-29 00:12:01,2026-09-28 23:48:16,51,1425.0,1635.0,28,Running,
1,f3785152-cbb6-4140-9854-d19c0061b9ba,2026-09-29T00:12:00.970+00:00,2026-09-29T00:12:01.160+00:00,21072-30059,dryers,50170071,42000000,2026-09-29 00:12:01,2026-09-28 23:44:25,45,1656.0,1044.0,18,Running,
1,f3785152-cbb6-4140-9854-d19c0061b9ba,2026-09-29T00:12:00.970+00:00,2026-09-29T00:12:01.160+00:00,21072-30059,dryers,50170054,42000000,2026-09-29 00:12:01,2026-09-28 23:48:57,53,1384.0,1796.0,30,Running,
1,3f424a8d-213c-489e-8f6f-4c69eb5f1899,2026-09-29T00:13:01.355+00:00,2026-09-29T00:13:01.540+00:00,21072-30059,washers,50170051,52000000,2026-09-29 00:13:01,2026-09-29 00:10:50,29,131.0,1609.0,,Finished,
1,3f424a8d-213c-489e-8f6f-4c69eb5f1899,2026-09-29T00:13:01.355+00:00,2026-09-29T00:13:01.540+00:00,21072-30059,washers,50170080,42000000,2026-09-29 00:13:01,2026-09-29 00:10:08,10,173.0,427.0,8,Running,
1,3f424a8d-213c-489e-8f6f-4c69eb5f1899,2026-09-29T00:13:01.355+00:00,2026-09-29T00:13:01.540+00:00,21072-30059,washers,50170075,72000000,2026-09-29 00:13:01,2026-09-28 23:40:38,29,1943.0,-203.0,,Available,website maps this code to Available
1,3f424a8d-213c-489e-8f6f-4c69eb5f1899,2026-09-29T00:13:01.355+00:00,2026-09-29T00:13:01.540+00:00,21072-30059,washers,50170082,72000000,2026-09-29 00:13:01,2026-09-28 23:42:22,29,1839.0,-99.0,,Available,website maps this code to Available
1,3f424a8d-213c-489e-8f6f-4c69eb5f1899,2026-09-29T00:13:01.355+00:00,2026-09-29T00:13:01.540+00:00,21072-30059,washers,50170050,52000000,2026-09-29 00:13:01,2026-09-29 00:07:42,29,319.0,1421.0,,Finished,
1,3f424a8d-213c-489e-8f6f-4c69eb5f1899,2026-09-29T00:13:01.355+00:00,2026-09-29T00:13:01.540+00:00,21072-30059,washers,50170052,72000000,2026-09-29 00:13:01,2026-09-28 23:45:08,29,1673.0,67.0,,Available,website maps this code to Available
1,3f424a8d-213c-489e-8f6f-4c69eb5f1899,2026-09-29T00:13:01.355+00:00,2026-09-29T00:13:01.540+00:00,21072-30059,washers,50170078,72000000,2026-09-29 00:13:01,2026-09-28 23:35:24,29,2257.0,-517.0,,Available,website maps this code to Available
1,3f424a8d-213c-489e-8f6f-4c69eb5f1899,2026-09-29T00:13:01.355+00:00,2026-09-29T00:13:01.540+00:00,21072-30059,washers,50170084,72000000,2026-09-29 00:13:01,2026-09-28 23:34:36,29,2305.0,-565.0,,Available,website maps this code to Available
1,3f424a8d-213c-489e-8f6f-4c69eb5f1899,2026-09-29T00:13:01.355+00:00,2026-09-29T00:13:01.540+00:00,21072-30059,washers,50170068,72000000,2026-09-29 00:13:01,2026-09-28 23:32:25,29,2436.0,-696.0,,Available,website maps this code to Available
1,3f424a8d-213c-489e-8f6f-4c69eb5f1899,2026-09-29T00:13:01.355+00:00,2026-09-29T00:13:01.540+00:00,21072-30059,washers,50170072,52000000,2026-09-29 00:13:01,2026-09-29 00:11:04,29,117.0,1623.0,,Finished,
1,3f424a8d-213c-489e-8f6f-4c69eb5f1899,2026-09-29T00:13:01.355+00:00,2026-09-29T00:13:01.540+00:00,21072-30059,washers,20483408,72000000,2026-09-29 00:13:01,2024-12-20 00:43:32,0,55985369.0,-55985369.0,,Available,website maps this code to Available
1,3f424a8d-213c-489e-8f6f-4c69eb5f1899,2026-09-29T00:13:01.355+00:00,2026-09-29T00:13:01.540+00:00,21072-30059,washers,50170055,72000000,2026-09-29 00:13:01,2026-09-28 23:46:47,29,1574.0,166.0,,Available,website maps this code to Available
1,3f424a8d-213c-489e-8f6f-4c69eb5f1899,2026-09-29T00:13:01.355+00:00,2026-09-29T00:13:01.540+00:00,21072-30059,dryers,50170058,D2000000,2026-09-29 00:13:01,2026-09-26 17:53:29,45,195572.0,-192872.0,,Start Mode After PF,
1,3f424a8d-213c-489e-8f6f-4c69eb5f1899,2026-09-29T00:13:01.355+00:00,2026-09-29T00:13:01.540+00:00,21072-30059,dryers,50170061,42000000,2026-09-29 00:13:01,2026-09-28 23:39:26,45,2015.0,685.0,12,Running,
1,3f424a8d-213c-489e-8f6f-4c69eb5f1899,2026-09-29T00:13:01.355+00:00,2026-09-29T00:13:01.540+00:00,21072-30059,dryers,50170081,42000000,2026-09-29 00:13:01,2026-09-28 23:41:42,45,1879.0,821.0,14,Running,
1,3f424a8d-213c-489e-8f6f-4c69eb5f1899,2026-09-29T00:13:01.355+00:00,2026-09-29T00:13:01.540+00:00,21072-30059,dryers,50170060,42000000,2026-09-29 00:13:01,2026-09-28 23:39:44,50,1997.0,1003.0,17,Running,
1,3f424a8d-213c-489e-8f6f-4c69eb5f1899,2026-09-29T00:13:01.355+00:00,2026-09-29T00:13:01.540+00:00,21072-30059,dryers,50170087,42000000,2026-09-29 00:13:01,2026-09-28 23:41:00,48,1921.0,959.0,16,Running,
1,3f424a8d-213c-489e-8f6f-4c69eb5f1899,2026-09-29T00:13:01.355+00:00,2026-09-29T00:13:01.540+00:00,21072-30059,dryers,50170064,42000000,2026-09-29 00:13:01,2026-09-28 23:40:10,60,1971.0,1629.0,28,Running,
1,3f424a8d-213c-489e-8f6f-4c69eb5f1899,2026-09-29T00:13:01.355+00:00,2026-09-29T00:13:01.540+00:00,21072-30059,dryers,50170065,42000000,2026-09-29 00:13:01,2026-09-28 23:38:01,60,2100.0,1500.0,25,Running,
1,3f424a8d-213c-489e-8f6f-4c69eb5f1899,2026-09-29T00:13:01.355+00:00,2026-09-29T00:13:01.540+00:00,21072-30059,dryers,50170059,42000000,2026-09-29 00:13:01,2026-09-28 23:34:17,60,2324.0,1276.0,22,Running,
1,3f424a8d-213c-489e-8f6f-4c69eb5f1899,2026-09-29T00:13:01.355+00:00,2026-09-29T00:13:01.540+00:00,21072-30059,dryers,50170057,42000000,2026-09-29 00:13:01,2026-09-28 23:32:22,67,2439.0,1581.0,27,Running,
1,3f424a8d-213c-489e-8f6f-4c69eb5f1899,2026-09-29T00:13:01.355+00:00,2026-09-29T00:13:01.540+00:00,21072-30059,dryers,50170062,72000000,2026-09-29 00:13:01,2026-09-28 07:02:52,46,61809.0,-59049.0,,Available,website maps this code to Available
1,3f424a8d-213c-489e-8f6f-4c69eb5f1899,2026-09-29T00:13:01.355+00:00,2026-09-29T00:13:01.540+00:00,21072-30059,dryers,50170067,42000000,2026-09-29 00:13:01,2026-09-28 23:41:22,50,1899.0,1101.0,19,Running,
1,3f424a8d-213c-489e-8f6f-4c69eb5f1899,2026-09-29T00:13:01.355+00:00,2026-09-29T00:13:01.540+00:00,21072-30059,dryers,50170074,42000000,2026-09-29 00:13:01,2026-09-28 23:48:16,51,1485.0,1575.0,27,Running,
1,3f424a8d-213c-489e-8f6f-4c69eb5f1899,2026-09-29T00:13:01.355+00:00,2026-09-29T00:13:01.540+00:00,21072-30059,dryers,50170071,42000000,2026-09-29 00:13:01,2026-09-28 23:44:25,45,1716.0,984.0,17,Running,
1,3f424a8d-213c-489e-8f6f-4c69eb5f1899,2026-09-29T00:13:01.355+00:00,2026-09-29T00:13:01.540+00:00,21072-30059,dryers,50170054,42000000,2026-09-29 00:13:01,2026-09-28 23:48:57,53,1444.0,1736.0,29,Running,
1,4a49b8f1-adb9-4a29-8f6d-a17da7e24a3f,2026-09-29T00:14:01.341+00:00,2026-09-29T00:14:02.108+00:00,21072-30059,washers,50170051,52000000,2026-09-29 00:14:01,2026-09-29 00:10:50,29,191.0,1549.0,,Finished,
1,4a49b8f1-adb9-4a29-8f6d-a17da7e24a3f,2026-09-29T00:14:01.341+00:00,2026-09-29T00:14:02.108+00:00,21072-30059,washers,50170080,42000000,2026-09-29 00:14:01,2026-09-29 00:10:08,10,233.0,367.0,7,Running,
1,4a49b8f1-adb9-4a29-8f6d-a17da7e24a3f,2026-09-29T00:14:01.341+00:00,2026-09-29T00:14:02.108+00:00,21072-30059,washers,50170075,42000000,2026-09-29 00:14:01,2026-09-29 00:13:05,41,56.0,2404.0,41,Running,
1,4a49b8f1-adb9-4a29-8f6d-a17da7e24a3f,2026-09-29T00:14:01.341+00:00,2026-09-29T00:14:02.108+00:00,21072-30059,washers,50170082,72000000,2026-09-29 00:14:01,2026-09-28 23:42:22,29,1899.0,-159.0,,Available,website maps this code to Available
1,4a49b8f1-adb9-4a29-8f6d-a17da7e24a3f,2026-09-29T00:14:01.341+00:00,2026-09-29T00:14:02.108+00:00,21072-30059,washers,50170050,52000000,2026-09-29 00:14:01,2026-09-29 00:07:42,29,379.0,1361.0,,Finished,
1,4a49b8f1-adb9-4a29-8f6d-a17da7e24a3f,2026-09-29T00:14:01.341+00:00,2026-09-29T00:14:02.108+00:00,21072-30059,washers,50170052,72000000,2026-09-29 00:14:01,2026-09-28 23:45:08,29,1733.0,7.0,,Available,website maps this code to Available
1,4a49b8f1-adb9-4a29-8f6d-a17da7e24a3f,2026-09-29T00:14:01.341+00:00,2026-09-29T00:14:02.108+00:00,21072-30059,washers,50170078,72000000,2026-09-29 00:14:01,2026-09-28 23:35:24,29,2317.0,-577.0,,Available,website maps this code to Available
1,4a49b8f1-adb9-4a29-8f6d-a17da7e24a3f,2026-09-29T00:14:01.341+00:00,2026-09-29T00:14:02.108+00:00,21072-30059,washers,50170084,72000000,2026-09-29 00:14:01,2026-09-28 23:34:36,29,2365.0,-625.0,,Available,website maps this code to Available
1,4a49b8f1-adb9-4a29-8f6d-a17da7e24a3f,2026-09-29T00:14:01.341+00:00,2026-09-29T00:14:02.108+00:00,21072-30059,washers,50170068,72000000,2026-09-29 00:14:01,2026-09-28 23:32:25,29,2496.0,-756.0,,Available,website maps this code to Available
1,4a49b8f1-adb9-4a29-8f6d-a17da7e24a3f,2026-09-29T00:14:01.341+00:00,2026-09-29T00:14:02.108+00:00,21072-30059,washers,50170072,52000000,2026-09-29 00:14:01,2026-09-29 00:11:04,29,177.0,1563.0,,Finished,
1,4a49b8f1-adb9-4a29-8f6d-a17da7e24a3f,2026-09-29T00:14:01.341+00:00,2026-09-29T00:14:02.108+00:00,21072-30059,washers,20483408,72000000,2026-09-29 00:14:01,2024-12-20 00:43:32,0,55985429.0,-55985429.0,,Available,website maps this code to Available
1,4a49b8f1-adb9-4a29-8f6d-a17da7e24a3f,2026-09-29T00:14:01.341+00:00,2026-09-29T00:14:02.108+00:00,21072-30059,washers,50170055,42000000,2026-09-29 00:14:01,2026-09-29 00:13:11,41,50.0,2410.0,41,Running,
1,4a49b8f1-adb9-4a29-8f6d-a17da7e24a3f,2026-09-29T00:14:01.341+00:00,2026-09-29T00:14:02.108+00:00,21072-30059,dryers,50170058,D2000000,2026-09-29 00:14:01,2026-09-26 17:53:29,45,195632.0,-192932.0,,Start Mode After PF,
1,4a49b8f1-adb9-4a29-8f6d-a17da7e24a3f,2026-09-29T00:14:01.341+00:00,2026-09-29T00:14:02.108+00:00,21072-30059,dryers,50170061,42000000,2026-09-29 00:14:01,2026-09-29 00:13:55,10,6.0,594.0,10,Running,
1,4a49b8f1-adb9-4a29-8f6d-a17da7e24a3f,2026-09-29T00:14:01.341+00:00,2026-09-29T00:14:02.108+00:00,21072-30059,dryers,50170081,42000000,2026-09-29 00:14:01,2026-09-28 23:41:42,45,1939.0,761.0,13,Running,
1,4a49b8f1-adb9-4a29-8f6d-a17da7e24a3f,2026-09-29T00:14:01.341+00:00,2026-09-29T00:14:02.108+00:00,21072-30059,dryers,50170060,42000000,2026-09-29 00:14:01,2026-09-28 23:39:44,50,2057.0,943.0,16,Running,
1,4a49b8f1-adb9-4a29-8f6d-a17da7e24a3f,2026-09-29T00:14:01.341+00:00,2026-09-29T00:14:02.108+00:00,21072-30059,dryers,50170087,42000000,2026-09-29 00:14:01,2026-09-28 23:41:00,48,1981.0,899.0,15,Running,
1,4a49b8f1-adb9-4a29-8f6d-a17da7e24a3f,2026-09-29T00:14:01.341+00:00,2026-09-29T00:14:02.108+00:00,21072-30059,dryers,50170064,42000000,2026-09-29 00:14:01,2026-09-28 23:40:10,60,2031.0,1569.0,27,Running,
1,4a49b8f1-adb9-4a29-8f6d-a17da7e24a3f,2026-09-29T00:14:01.341+00:00,2026-09-29T00:14:02.108+00:00,21072-30059,dryers,50170065,42000000,2026-09-29 00:14:01,2026-09-28 23:38:01,60,2160.0,1440.0,24,Running,
1,4a49b8f1-adb9-4a29-8f6d-a17da7e24a3f,2026-09-29T00:14:01.341+00:00,2026-09-29T00:14:02.108+00:00,21072-30059,dryers,50170059,42000000,2026-09-29 00:14:01,2026-09-28 23:34:17,60,2384.0,1216.0,21,Running,
1,4a49b8f1-adb9-4a29-8f6d-a17da7e24a3f,2026-09-29T00:14:01.341+00:00,2026-09-29T00:14:02.108+00:00,21072-30059,dryers,50170057,42000000,2026-09-29 00:14:01,2026-09-28 23:32:22,67,2499.0,1521.0,26,Running,
1,4a49b8f1-adb9-4a29-8f6d-a17da7e24a3f,2026-09-29T00:14:01.341+00:00,2026-09-29T00:14:02.108+00:00,21072-30059,dryers,50170062,72000000,2026-09-29 00:14:01,2026-09-28 07:02:52,46,61869.0,-59109.0,,Available,website maps this code to Available
1,4a49b8f1-adb9-4a29-8f6d-a17da7e24a3f,2026-09-29T00:14:01.341+00:00,2026-09-29T00:14:02.108+00:00,21072-30059,dryers,50170067,42000000,2026-09-29 00:14:01,2026-09-28 23:41:22,50,1959.0,1041.0,18,Running,
1,4a49b8f1-adb9-4a29-8f6d-a17da7e24a3f,2026-09-29T00:14:01.341+00:00,2026-09-29T00:14:02.108+00:00,21072-30059,dryers,50170074,42000000,2026-09-29 00:14:01,2026-09-28 23:48:16,51,1545.0,1515.0,26,Running,
1,4a49b8f1-adb9-4a29-8f6d-a17da7e24a3f,2026-09-29T00:14:01.341+00:00,2026-09-29T00:14:02.108+00:00,21072-30059,dryers,50170071,42000000,2026-09-29 00:14:01,2026-09-28 23:44:25,45,1776.0,924.0,16,Running,
1,4a49b8f1-adb9-4a29-8f6d-a17da7e24a3f,2026-09-29T00:14:01.341+00:00,2026-09-29T00:14:02.108+00:00,21072-30059,dryers,50170054,42000000,2026-09-29 00:14:01,2026-09-28 23:48:57,53,1504.0,1676.0,28,Running,
1,5b959ac8-d420-4321-830b-a17c60e88d78,2026-09-29T00:15:01.291+00:00,2026-09-29T00:15:01.551+00:00,21072-30059,washers,50170051,52000000,2026-09-29 00:15:01,2026-09-29 00:10:50,29,251.0,1489.0,,Finished,
1,5b959ac8-d420-4321-830b-a17c60e88d78,2026-09-29T00:15:01.291+00:00,2026-09-29T00:15:01.551+00:00,21072-30059,washers,50170080,42000000,2026-09-29 00:15:01,2026-09-29 00:10:08,10,293.0,307.0,6,Running,
1,5b959ac8-d420-4321-830b-a17c60e88d78,2026-09-29T00:15:01.291+00:00,2026-09-29T00:15:01.551+00:00,21072-30059,washers,50170075,42000000,2026-09-29 00:15:01,2026-09-29 00:13:05,41,116.0,2344.0,40,Running,
1,5b959ac8-d420-4321-830b-a17c60e88d78,2026-09-29T00:15:01.291+00:00,2026-09-29T00:15:01.551+00:00,21072-30059,washers,50170082,72000000,2026-09-29 00:15:01,2026-09-28 23:42:22,29,1959.0,-219.0,,Available,website maps this code to Available
1,5b959ac8-d420-4321-830b-a17c60e88d78,2026-09-29T00:15:01.291+00:00,2026-09-29T00:15:01.551+00:00,21072-30059,washers,50170050,52000000,2026-09-29 00:15:01,2026-09-29 00:07:42,29,439.0,1301.0,,Finished,
1,5b959ac8-d420-4321-830b-a17c60e88d78,2026-09-29T00:15:01.291+00:00,2026-09-29T00:15:01.551+00:00,21072-30059,washers,50170052,72000000,2026-09-29 00:15:01,2026-09-28 23:45:08,29,1793.0,-53.0,,Available,website maps this code to Available
1,5b959ac8-d420-4321-830b-a17c60e88d78,2026-09-29T00:15:01.291+00:00,2026-09-29T00:15:01.551+00:00,21072-30059,washers,50170078,72000000,2026-09-29 00:15:01,2026-09-28 23:35:24,29,2377.0,-637.0,,Available,website maps this code to Available
1,5b959ac8-d420-4321-830b-a17c60e88d78,2026-09-29T00:15:01.291+00:00,2026-09-29T00:15:01.551+00:00,21072-30059,washers,50170084,72000000,2026-09-29 00:15:01,2026-09-28 23:34:36,29,2425.0,-685.0,,Available,website maps this code to Available
1,5b959ac8-d420-4321-830b-a17c60e88d78,2026-09-29T00:15:01.291+00:00,2026-09-29T00:15:01.551+00:00,21072-30059,washers,50170068,72000000,2026-09-29 00:15:01,2026-09-28 23:32:25,29,2556.0,-816.0,,Available,website maps this code to Available
1,5b959ac8-d420-4321-830b-a17c60e88d78,2026-09-29T00:15:01.291+00:00,2026-09-29T00:15:01.551+00:00,21072-30059,washers,50170072,52000000,2026-09-29 00:15:01,2026-09-29 00:11:04,29,237.0,1503.0,,Finished,
1,5b959ac8-d420-4321-830b-a17c60e88d78,2026-09-29T00:15:01.291+00:00,2026-09-29T00:15:01.551+00:00,21072-30059,washers,20483408,72000000,2026-09-29 00:15:01,2024-12-20 00:43:32,0,55985489.0,-55985489.0,,Available,website maps this code to Available
1,5b959ac8-d420-4321-830b-a17c60e88d78,2026-09-29T00:15:01.291+00:00,2026-09-29T00:15:01.551+00:00,21072-30059,washers,50170055,42000000,2026-09-29 00:15:01,2026-09-29 00:13:11,41,110.0,2350.0,40,Running,
1,5b959ac8-d420-4321-830b-a17c60e88d78,2026-09-29T00:15:01.291+00:00,2026-09-29T00:15:01.551+00:00,21072-30059,dryers,50170058,D2000000,2026-09-29 00:15:01,2026-09-26 17:53:29,45,195692.0,-192992.0,,Start Mode After PF,
1,5b959ac8-d420-4321-830b-a17c60e88d78,2026-09-29T00:15:01.291+00:00,2026-09-29T00:15:01.551+00:00,21072-30059,dryers,50170061,42000000,2026-09-29 00:15:01,2026-09-29 00:13:55,10,66.0,534.0,9,Running,
1,5b959ac8-d420-4321-830b-a17c60e88d78,2026-09-29T00:15:01.291+00:00,2026-09-29T00:15:01.551+00:00,21072-30059,dryers,50170081,42000000,2026-09-29 00:15:01,2026-09-28 23:41:42,45,1999.0,701.0,12,Running,
1,5b959ac8-d420-4321-830b-a17c60e88d78,2026-09-29T00:15:01.291+00:00,2026-09-29T00:15:01.551+00:00,21072-30059,dryers,50170060,42000000,2026-09-29 00:15:01,2026-09-28 23:39:44,50,2117.0,883.0,15,Running,
1,5b959ac8-d420-4321-830b-a17c60e88d78,2026-09-29T00:15:01.291+00:00,2026-09-29T00:15:01.551+00:00,21072-30059,dryers,50170087,42000000,2026-09-29 00:15:01,2026-09-28 23:41:00,48,2041.0,839.0,14,Running,
1,5b959ac8-d420-4321-830b-a17c60e88d78,2026-09-29T00:15:01.291+00:00,2026-09-29T00:15:01.551+00:00,21072-30059,dryers,50170064,42000000,2026-09-29 00:15:01,2026-09-28 23:40:10,60,2091.0,1509.0,26,Running,
1,5b959ac8-d420-4321-830b-a17c60e88d78,2026-09-29T00:15:01.291+00:00,2026-09-29T00:15:01.551+00:00,21072-30059,dryers,50170065,42000000,2026-09-29 00:15:01,2026-09-28 23:38:01,60,2220.0,1380.0,23,Running,
1,5b959ac8-d420-4321-830b-a17c60e88d78,2026-09-29T00:15:01.291+00:00,2026-09-29T00:15:01.551+00:00,21072-30059,dryers,50170059,42000000,2026-09-29 00:15:01,2026-09-28 23:34:17,60,2444.0,1156.0,20,Running,
1,5b959ac8-d420-4321-830b-a17c60e88d78,2026-09-29T00:15:01.291+00:00,2026-09-29T00:15:01.551+00:00,21072-30059,dryers,50170057,42000000,2026-09-29 00:15:01,2026-09-28 23:32:22,67,2559.0,1461.0,25,Running,
1,5b959ac8-d420-4321-830b-a17c60e88d78,2026-09-29T00:15:01.291+00:00,2026-09-29T00:15:01.551+00:00,21072-30059,dryers,50170062,72000000,2026-09-29 00:15:01,2026-09-28 07:02:52,46,61929.0,-59169.0,,Available,website maps this code to Available
1,5b959ac8-d420-4321-830b-a17c60e88d78,2026-09-29T00:15:01.291+00:00,2026-09-29T00:15:01.551+00:00,21072-30059,dryers,50170067,42000000,2026-09-29 00:15:01,2026-09-28 23:41:22,50,2019.0,981.0,17,Running,
1,5b959ac8-d420-4321-830b-a17c60e88d78,2026-09-29T00:15:01.291+00:00,2026-09-29T00:15:01.551+00:00,21072-30059,dryers,50170074,42000000,2026-09-29 00:15:01,2026-09-28 23:48:16,51,1605.0,1455.0,25,Running,
1,5b959ac8-d420-4321-830b-a17c60e88d78,2026-09-29T00:15:01.291+00:00,2026-09-29T00:15:01.551+00:00,21072-30059,dryers,50170071,42000000,2026-09-29 00:15:01,2026-09-28 23:44:25,45,1836.0,864.0,15,Running,
1,5b959ac8-d420-4321-830b-a17c60e88d78,2026-09-29T00:15:01.291+00:00,2026-09-29T00:15:01.551+00:00,21072-30059,dryers,50170054,42000000,2026-09-29 00:15:01,2026-09-28 23:48:57,53,1564.0,1616.0,27,Running,
1,d13a0343-34c3-45c0-9226-85def4eafaf0,2026-09-29T00:16:01.288+00:00,2026-09-29T00:16:01.491+00:00,21072-30059,washers,50170051,52000000,2026-09-29 00:16:01,2026-09-29 00:10:50,29,311.0,1429.0,,Finished,
1,d13a0343-34c3-45c0-9226-85def4eafaf0,2026-09-29T00:16:01.288+00:00,2026-09-29T00:16:01.491+00:00,21072-30059,washers,50170080,42000000,2026-09-29 00:16:01,2026-09-29 00:10:08,10,353.0,247.0,5,Running,
1,d13a0343-34c3-45c0-9226-85def4eafaf0,2026-09-29T00:16:01.288+00:00,2026-09-29T00:16:01.491+00:00,21072-30059,washers,50170075,42000000,2026-09-29 00:16:01,2026-09-29 00:13:05,41,176.0,2284.0,39,Running,
1,d13a0343-34c3-45c0-9226-85def4eafaf0,2026-09-29T00:16:01.288+00:00,2026-09-29T00:16:01.491+00:00,21072-30059,washers,50170082,72000000,2026-09-29 00:16:01,2026-09-28 23:42:22,29,2019.0,-279.0,,Available,website maps this code to Available
1,d13a0343-34c3-45c0-9226-85def4eafaf0,2026-09-29T00:16:01.288+00:00,2026-09-29T00:16:01.491+00:00,21072-30059,washers,50170050,52000000,2026-09-29 00:16:01,2026-09-29 00:07:42,29,499.0,1241.0,,Finished,
1,d13a0343-34c3-45c0-9226-85def4eafaf0,2026-09-29T00:16:01.288+00:00,2026-09-29T00:16:01.491+00:00,21072-30059,washers,50170052,72000000,2026-09-29 00:16:01,2026-09-28 23:45:08,29,1853.0,-113.0,,Available,website maps this code to Available
1,d13a0343-34c3-45c0-9226-85def4eafaf0,2026-09-29T00:16:01.288+00:00,2026-09-29T00:16:01.491+00:00,21072-30059,washers,50170078,72000000,2026-09-29 00:16:01,2026-09-28 23:35:24,29,2437.0,-697.0,,Available,website maps this code to Available
1,d13a0343-34c3-45c0-9226-85def4eafaf0,2026-09-29T00:16:01.288+00:00,2026-09-29T00:16:01.491+00:00,21072-30059,washers,50170084,72000000,2026-09-29 00:16:01,2026-09-28 23:34:36,29,2485.0,-745.0,,Available,website maps this code to Available
1,d13a0343-34c3-45c0-9226-85def4eafaf0,2026-09-29T00:16:01.288+00:00,2026-09-29T00:16:01.491+00:00,21072-30059,washers,50170068,72000000,2026-09-29 00:16:01,2026-09-28 23:32:25,29,2616.0,-876.0,,Available,website maps this code to Available
1,d13a0343-34c3-45c0-9226-85def4eafaf0,2026-09-29T00:16:01.288+00:00,2026-09-29T00:16:01.491+00:00,21072-30059,washers,50170072,52000000,2026-09-29 00:16:01,2026-09-29 00:11:04,29,297.0,1443.0,,Finished,
1,d13a0343-34c3-45c0-9226-85def4eafaf0,2026-09-29T00:16:01.288+00:00,2026-09-29T00:16:01.491+00:00,21072-30059,washers,20483408,72000000,2026-09-29 00:16:01,2024-12-20 00:43:32,0,55985549.0,-55985549.0,,Available,website maps this code to Available
1,d13a0343-34c3-45c0-9226-85def4eafaf0,2026-09-29T00:16:01.288+00:00,2026-09-29T00:16:01.491+00:00,21072-30059,washers,50170055,42000000,2026-09-29 00:16:01,2026-09-29 00:13:11,41,170.0,2290.0,39,Running,
1,d13a0343-34c3-45c0-9226-85def4eafaf0,2026-09-29T00:16:01.288+00:00,2026-09-29T00:16:01.491+00:00,21072-30059,dryers,50170058,D2000000,2026-09-29 00:16:01,2026-09-26 17:53:29,45,195752.0,-193052.0,,Start Mode After PF,
1,d13a0343-34c3-45c0-9226-85def4eafaf0,2026-09-29T00:16:01.288+00:00,2026-09-29T00:16:01.491+00:00,21072-30059,dryers,50170061,42000000,2026-09-29 00:16:01,2026-09-29 00:13:55,10,126.0,474.0,8,Running,
1,d13a0343-34c3-45c0-9226-85def4eafaf0,2026-09-29T00:16:01.288+00:00,2026-09-29T00:16:01.491+00:00,21072-30059,dryers,50170081,42000000,2026-09-29 00:16:01,2026-09-28 23:41:42,45,2059.0,641.0,11,Running,
1,d13a0343-34c3-45c0-9226-85def4eafaf0,2026-09-29T00:16:01.288+00:00,2026-09-29T00:16:01.491+00:00,21072-30059,dryers,50170060,42000000,2026-09-29 00:16:01,2026-09-28 23:39:44,50,2177.0,823.0,14,Running,
1,d13a0343-34c3-45c0-9226-85def4eafaf0,2026-09-29T00:16:01.288+00:00,2026-09-29T00:16:01.491+00:00,21072-30059,dryers,50170087,42000000,2026-09-29 00:16:01,2026-09-28 23:41:00,48,2101.0,779.0,13,Running,
1,d13a0343-34c3-45c0-9226-85def4eafaf0,2026-09-29T00:16:01.288+00:00,2026-09-29T00:16:01.491+00:00,21072-30059,dryers,50170064,42000000,2026-09-29 00:16:01,2026-09-28 23:40:10,60,2151.0,1449.0,25,Running,
1,d13a0343-34c3-45c0-9226-85def4eafaf0,2026-09-29T00:16:01.288+00:00,2026-09-29T00:16:01.491+00:00,21072-30059,dryers,50170065,42000000,2026-09-29 00:16:01,2026-09-28 23:38:01,60,2280.0,1320.0,22,Running,
1,d13a0343-34c3-45c0-9226-85def4eafaf0,2026-09-29T00:16:01.288+00:00,2026-09-29T00:16:01.491+00:00,21072-30059,dryers,50170059,42000000,2026-09-29 00:16:01,2026-09-28 23:34:17,60,2504.0,1096.0,19,Running,
1,d13a0343-34c3-45c0-9226-85def4eafaf0,2026-09-29T00:16:01.288+00:00,2026-09-29T00:16:01.491+00:00,21072-30059,dryers,50170057,42000000,2026-09-29 00:16:01,2026-09-28 23:32:22,67,2619.0,1401.0,24,Running,
1,d13a0343-34c3-45c0-9226-85def4eafaf0,2026-09-29T00:16:01.288+00:00,2026-09-29T00:16:01.491+00:00,21072-30059,dryers,50170062,72000000,2026-09-29 00:16:01,2026-09-28 07:02:52,46,61989.0,-59229.0,,Available,website maps this code to Available
1,d13a0343-34c3-45c0-9226-85def4eafaf0,2026-09-29T00:16:01.288+00:00,2026-09-29T00:16:01.491+00:00,21072-30059,dryers,50170067,42000000,2026-09-29 00:16:01,2026-09-28 23:41:22,50,2079.0,921.0,16,Running,
1,d13a0343-34c3-45c0-9226-85def4eafaf0,2026-09-29T00:16:01.288+00:00,2026-09-29T00:16:01.491+00:00,21072-30059,dryers,50170074,42000000,2026-09-29 00:16:01,2026-09-28 23:48:16,51,1665.0,1395.0,24,Running,
1,d13a0343-34c3-45c0-9226-85def4eafaf0,2026-09-29T00:16:01.288+00:00,2026-09-29T00:16:01.491+00:00,21072-30059,dryers,50170071,42000000,2026-09-29 00:16:01,2026-09-28 23:44:25,45,1896.0,804.0,14,Running,
1,d13a0343-34c3-45c0-9226-85def4eafaf0,2026-09-29T00:16:01.288+00:00,2026-09-29T00:16:01.491+00:00,21072-30059,dryers,50170054,42000000,2026-09-29 00:16:01,2026-09-28 23:48:57,53,1624.0,1556.0,26,Running,
1,64bb69f4-2667-48f5-b500-69bbe2764bb1,2026-09-29T00:17:01.287+00:00,2026-09-29T00:17:01.559+00:00,21072-30059,washers,50170051,52000000,2026-09-29 00:17:01,2026-09-29 00:10:50,29,371.0,1369.0,,Finished,
1,64bb69f4-2667-48f5-b500-69bbe2764bb1,2026-09-29T00:17:01.287+00:00,2026-09-29T00:17:01.559+00:00,21072-30059,washers,50170080,42000000,2026-09-29 00:17:01,2026-09-29 00:10:08,10,413.0,187.0,4,Running,
1,64bb69f4-2667-48f5-b500-69bbe2764bb1,2026-09-29T00:17:01.287+00:00,2026-09-29T00:17:01.559+00:00,21072-30059,washers,50170075,42000000,2026-09-29 00:17:01,2026-09-29 00:13:05,41,236.0,2224.0,38,Running,
1,64bb69f4-2667-48f5-b500-69bbe2764bb1,2026-09-29T00:17:01.287+00:00,2026-09-29T00:17:01.559+00:00,21072-30059,washers,50170082,72000000,2026-09-29 00:17:01,2026-09-28 23:42:22,29,2079.0,-339.0,,Available,website maps this code to Available
1,64bb69f4-2667-48f5-b500-69bbe2764bb1,2026-09-29T00:17:01.287+00:00,2026-09-29T00:17:01.559+00:00,21072-30059,washers,50170050,52000000,2026-09-29 00:17:01,2026-09-29 00:07:42,29,559.0,1181.0,,Finished,
1,64bb69f4-2667-48f5-b500-69bbe2764bb1,2026-09-29T00:17:01.287+00:00,2026-09-29T00:17:01.559+00:00,21072-30059,washers,50170052,72000000,2026-09-29 00:17:01,2026-09-28 23:45:08,29,1913.0,-173.0,,Available,website maps this code to Available
1,64bb69f4-2667-48f5-b500-69bbe2764bb1,2026-09-29T00:17:01.287+00:00,2026-09-29T00:17:01.559+00:00,21072-30059,washers,50170078,72000000,2026-09-29 00:17:01,2026-09-28 23:35:24,29,2497.0,-757.0,,Available,website maps this code to Available
1,64bb69f4-2667-48f5-b500-69bbe2764bb1,2026-09-29T00:17:01.287+00:00,2026-09-29T00:17:01.559+00:00,21072-30059,washers,50170084,72000000,2026-09-29 00:17:01,2026-09-28 23:34:36,29,2545.0,-805.0,,Available,website maps this code to Available
1,64bb69f4-2667-48f5-b500-69bbe2764bb1,2026-09-29T00:17:01.287+00:00,2026-09-29T00:17:01.559+00:00,21072-30059,washers,50170068,72000000,2026-09-29 00:17:01,2026-09-28 23:32:25,29,2676.0,-936.0,,Available,website maps this code to Available
1,64bb69f4-2667-48f5-b500-69bbe2764bb1,2026-09-29T00:17:01.287+00:00,2026-09-29T00:17:01.559+00:00,21072-30059,washers,50170072,52000000,2026-09-29 00:17:01,2026-09-29 00:11:04,29,357.0,1383.0,,Finished,
1,64bb69f4-2667-48f5-b500-69bbe2764bb1,2026-09-29T00:17:01.287+00:00,2026-09-29T00:17:01.559+00:00,21072-30059,washers,20483408,72000000,2026-09-29 00:17:01,2024-12-20 00:43:32,0,55985609.0,-55985609.0,,Available,website maps this code to Available
1,64bb69f4-2667-48f5-b500-69bbe2764bb1,2026-09-29T00:17:01.287+00:00,2026-09-29T00:17:01.559+00:00,21072-30059,washers,50170055,42000000,2026-09-29 00:17:01,2026-09-29 00:13:11,41,230.0,2230.0,38,Running,
1,64bb69f4-2667-48f5-b500-69bbe2764bb1,2026-09-29T00:17:01.287+00:00,2026-09-29T00:17:01.559+00:00,21072-30059,dryers,50170058,D2000000,2026-09-29 00:17:01,2026-09-26 17:53:29,45,195812.0,-193112.0,,Start Mode After PF,
1,64bb69f4-2667-48f5-b500-69bbe2764bb1,2026-09-29T00:17:01.287+00:00,2026-09-29T00:17:01.559+00:00,21072-30059,dryers,50170061,42000000,2026-09-29 00:17:01,2026-09-29 00:13:55,10,186.0,414.0,7,Running,
1,64bb69f4-2667-48f5-b500-69bbe2764bb1,2026-09-29T00:17:01.287+00:00,2026-09-29T00:17:01.559+00:00,21072-30059,dryers,50170081,42000000,2026-09-29 00:17:01,2026-09-28 23:41:42,45,2119.0,581.0,10,Running,
1,64bb69f4-2667-48f5-b500-69bbe2764bb1,2026-09-29T00:17:01.287+00:00,2026-09-29T00:17:01.559+00:00,21072-30059,dryers,50170060,42000000,2026-09-29 00:17:01,2026-09-28 23:39:44,50,2237.0,763.0,13,Running,
1,64bb69f4-2667-48f5-b500-69bbe2764bb1,2026-09-29T00:17:01.287+00:00,2026-09-29T00:17:01.559+00:00,21072-30059,dryers,50170087,42000000,2026-09-29 00:17:01,2026-09-28 23:41:00,48,2161.0,719.0,12,Running,
1,64bb69f4-2667-48f5-b500-69bbe2764bb1,2026-09-29T00:17:01.287+00:00,2026-09-29T00:17:01.559+00:00,21072-30059,dryers,50170064,42000000,2026-09-29 00:17:01,2026-09-28 23:40:10,60,2211.0,1389.0,24,Running,
1,64bb69f4-2667-48f5-b500-69bbe2764bb1,2026-09-29T00:17:01.287+00:00,2026-09-29T00:17:01.559+00:00,21072-30059,dryers,50170065,42000000,2026-09-29 00:17:01,2026-09-28 23:38:01,60,2340.0,1260.0,21,Running,
1,64bb69f4-2667-48f5-b500-69bbe2764bb1,2026-09-29T00:17:01.287+00:00,2026-09-29T00:17:01.559+00:00,21072-30059,dryers,50170059,42000000,2026-09-29 00:17:01,2026-09-28 23:34:17,60,2564.0,1036.0,18,Running,
1,64bb69f4-2667-48f5-b500-69bbe2764bb1,2026-09-29T00:17:01.287+00:00,2026-09-29T00:17:01.559+00:00,21072-30059,dryers,50170057,42000000,2026-09-29 00:17:01,2026-09-28 23:32:22,67,2679.0,1341.0,23,Running,
1,64bb69f4-2667-48f5-b500-69bbe2764bb1,2026-09-29T00:17:01.287+00:00,2026-09-29T00:17:01.559+00:00,21072-30059,dryers,50170062,72000000,2026-09-29 00:17:01,2026-09-28 07:02:52,46,62049.0,-59289.0,,Available,website maps this code to Available
1,64bb69f4-2667-48f5-b500-69bbe2764bb1,2026-09-29T00:17:01.287+00:00,2026-09-29T00:17:01.559+00:00,21072-30059,dryers,50170067,42000000,2026-09-29 00:17:01,2026-09-28 23:41:22,50,2139.0,861.0,15,Running,
1,64bb69f4-2667-48f5-b500-69bbe2764bb1,2026-09-29T00:17:01.287+00:00,2026-09-29T00:17:01.559+00:00,21072-30059,dryers,50170074,42000000,2026-09-29 00:17:01,2026-09-28 23:48:16,51,1725.0,1335.0,23,Running,
1,64bb69f4-2667-48f5-b500-69bbe2764bb1,2026-09-29T00:17:01.287+00:00,2026-09-29T00:17:01.559+00:00,21072-30059,dryers,50170071,42000000,2026-09-29 00:17:01,2026-09-28 23:44:25,45,1956.0,744.0,13,Running,
1,64bb69f4-2667-48f5-b500-69bbe2764bb1,2026-09-29T00:17:01.287+00:00,2026-09-29T00:17:01.559+00:00,21072-30059,dryers,50170054,42000000,2026-09-29 00:17:01,2026-09-28 23:48:57,53,1684.0,1496.0,25,Running,
1,cf3cb220-86f2-4c01-b699-0e9ada248a25,2026-09-29T00:18:01.271+00:00,2026-09-29T00:18:01.464+00:00,21072-30059,washers,50170051,52000000,2026-09-29 00:18:01,2026-09-29 00:10:50,29,431.0,1309.0,,Finished,
1,cf3cb220-86f2-4c01-b699-0e9ada248a25,2026-09-29T00:18:01.271+00:00,2026-09-29T00:18:01.464+00:00,21072-30059,washers,50170080,42000000,2026-09-29 00:18:01,2026-09-29 00:10:08,10,473.0,127.0,3,Running,
1,cf3cb220-86f2-4c01-b699-0e9ada248a25,2026-09-29T00:18:01.271+00:00,2026-09-29T00:18:01.464+00:00,21072-30059,washers,50170075,42000000,2026-09-29 00:18:01,2026-09-29 00:13:05,41,296.0,2164.0,37,Running,
1,cf3cb220-86f2-4c01-b699-0e9ada248a25,2026-09-29T00:18:01.271+00:00,2026-09-29T00:18:01.464+00:00,21072-30059,washers,50170082,72000000,2026-09-29 00:18:01,2026-09-28 23:42:22,29,2139.0,-399.0,,Available,website maps this code to Available
1,cf3cb220-86f2-4c01-b699-0e9ada248a25,2026-09-29T00:18:01.271+00:00,2026-09-29T00:18:01.464+00:00,21072-30059,washers,50170050,52000000,2026-09-29 00:18:01,2026-09-29 00:07:42,29,619.0,1121.0,,Finished,
1,cf3cb220-86f2-4c01-b699-0e9ada248a25,2026-09-29T00:18:01.271+00:00,2026-09-29T00:18:01.464+00:00,21072-30059,washers,50170052,72000000,2026-09-29 00:18:01,2026-09-28 23:45:08,29,1973.0,-233.0,,Available,website maps this code to Available
1,cf3cb220-86f2-4c01-b699-0e9ada248a25,2026-09-29T00:18:01.271+00:00,2026-09-29T00:18:01.464+00:00,21072-30059,washers,50170078,72000000,2026-09-29 00:18:01,2026-09-28 23:35:24,29,2557.0,-817.0,,Available,website maps this code to Available
1,cf3cb220-86f2-4c01-b699-0e9ada248a25,2026-09-29T00:18:01.271+00:00,2026-09-29T00:18:01.464+00:00,21072-30059,washers,50170084,72000000,2026-09-29 00:18:01,2026-09-28 23:34:36,29,2605.0,-865.0,,Available,website maps this code to Available
1,cf3cb220-86f2-4c01-b699-0e9ada248a25,2026-09-29T00:18:01.271+00:00,2026-09-29T00:18:01.464+00:00,21072-30059,washers,50170068,72000000,2026-09-29 00:18:01,2026-09-28 23:32:25,29,2736.0,-996.0,,Available,website maps this code to Available
1,cf3cb220-86f2-4c01-b699-0e9ada248a25,2026-09-29T00:18:01.271+00:00,2026-09-29T00:18:01.464+00:00,21072-30059,washers,50170072,52000000,2026-09-29 00:18:01,2026-09-29 00:11:04,29,417.0,1323.0,,Finished,
1,cf3cb220-86f2-4c01-b699-0e9ada248a25,2026-09-29T00:18:01.271+00:00,2026-09-29T00:18:01.464+00:00,21072-30059,washers,20483408,72000000,2026-09-29 00:18:01,2024-12-20 00:43:32,0,55985669.0,-55985669.0,,Available,website maps this code to Available
1,cf3cb220-86f2-4c01-b699-0e9ada248a25,2026-09-29T00:18:01.271+00:00,2026-09-29T00:18:01.464+00:00,21072-30059,washers,50170055,42000000,2026-09-29 00:18:01,2026-09-29 00:13:11,41,290.0,2170.0,37,Running,
1,cf3cb220-86f2-4c01-b699-0e9ada248a25,2026-09-29T00:18:01.271+00:00,2026-09-29T00:18:01.464+00:00,21072-30059,dryers,50170058,D2000000,2026-09-29 00:18:01,2026-09-26 17:53:29,45,195872.0,-193172.0,,Start Mode After PF,
1,cf3cb220-86f2-4c01-b699-0e9ada248a25,2026-09-29T00:18:01.271+00:00,2026-09-29T00:18:01.464+00:00,21072-30059,dryers,50170061,42000000,2026-09-29 00:18:01,2026-09-29 00:13:55,10,246.0,354.0,6,Running,
1,cf3cb220-86f2-4c01-b699-0e9ada248a25,2026-09-29T00:18:01.271+00:00,2026-09-29T00:18:01.464+00:00,21072-30059,dryers,50170081,42000000,2026-09-29 00:18:01,2026-09-29 00:17:12,10,49.0,551.0,10,Running,
1,cf3cb220-86f2-4c01-b699-0e9ada248a25,2026-09-29T00:18:01.271+00:00,2026-09-29T00:18:01.464+00:00,21072-30059,dryers,50170060,42000000,2026-09-29 00:18:01,2026-09-28 23:39:44,50,2297.0,703.0,12,Running,
1,cf3cb220-86f2-4c01-b699-0e9ada248a25,2026-09-29T00:18:01.271+00:00,2026-09-29T00:18:01.464+00:00,21072-30059,dryers,50170087,42000000,2026-09-29 00:18:01,2026-09-28 23:41:00,48,2221.0,659.0,11,Running,
1,cf3cb220-86f2-4c01-b699-0e9ada248a25,2026-09-29T00:18:01.271+00:00,2026-09-29T00:18:01.464+00:00,21072-30059,dryers,50170064,42000000,2026-09-29 00:18:01,2026-09-28 23:40:10,60,2271.0,1329.0,23,Running,
1,cf3cb220-86f2-4c01-b699-0e9ada248a25,2026-09-29T00:18:01.271+00:00,2026-09-29T00:18:01.464+00:00,21072-30059,dryers,50170065,42000000,2026-09-29 00:18:01,2026-09-28 23:38:01,60,2400.0,1200.0,20,Running,
1,cf3cb220-86f2-4c01-b699-0e9ada248a25,2026-09-29T00:18:01.271+00:00,2026-09-29T00:18:01.464+00:00,21072-30059,dryers,50170059,42000000,2026-09-29 00:18:01,2026-09-28 23:34:17,60,2624.0,976.0,17,Running,
1,cf3cb220-86f2-4c01-b699-0e9ada248a25,2026-09-29T00:18:01.271+00:00,2026-09-29T00:18:01.464+00:00,21072-30059,dryers,50170057,42000000,2026-09-29 00:18:01,2026-09-28 23:32:22,67,2739.0,1281.0,22,Running,
1,cf3cb220-86f2-4c01-b699-0e9ada248a25,2026-09-29T00:18:01.271+00:00,2026-09-29T00:18:01.464+00:00,21072-30059,dryers,50170062,72000000,2026-09-29 00:18:01,2026-09-28 07:02:52,46,62109.0,-59349.0,,Available,website maps this code to Available
1,cf3cb220-86f2-4c01-b699-0e9ada248a25,2026-09-29T00:18:01.271+00:00,2026-09-29T00:18:01.464+00:00,21072-30059,dryers,50170067,42000000,2026-09-29 00:18:01,2026-09-28 23:41:22,50,2199.0,801.0,14,Running,
1,cf3cb220-86f2-4c01-b699-0e9ada248a25,2026-09-29T00:18:01.271+00:00,2026-09-29T00:18:01.464+00:00,21072-30059,dryers,50170074,42000000,2026-09-29 00:18:01,2026-09-28 23:48:16,51,1785.0,1275.0,22,Running,
1,cf3cb220-86f2-4c01-b699-0e9ada248a25,2026-09-29T00:18:01.271+00:00,2026-09-29T00:18:01.464+00:00,21072-30059,dryers,50170071,42000000,2026-09-29 00:18:01,2026-09-28 23:44:25,45,2016.0,684.0,12,Running,
1,cf3cb220-86f2-4c01-b699-0e9ada248a25,2026-09-29T00:18:01.271+00:00,2026-09-29T00:18:01.464+00:00,21072-30059,dryers,50170054,42000000,2026-09-29 00:18:01,2026-09-28 23:48:57,53,1744.0,1436.0,24,Running,
1,b9648454-c9a7-4694-9849-34c794eefa70,2026-09-29T00:19:01.258+00:00,2026-09-29T00:19:01.490+00:00,21072-30059,washers,50170051,52000000,2026-09-29 00:19:01,2026-09-29 00:10:50,29,491.0,1249.0,,Finished,
1,b9648454-c9a7-4694-9849-34c794eefa70,2026-09-29T00:19:01.258+00:00,2026-09-29T00:19:01.490+00:00,21072-30059,washers,50170080,42000000,2026-09-29 00:19:01,2026-09-29 00:10:08,10,533.0,67.0,2,Running,
1,b9648454-c9a7-4694-9849-34c794eefa70,2026-09-29T00:19:01.258+00:00,2026-09-29T00:19:01.490+00:00,21072-30059,washers,50170075,42000000,2026-09-29 00:19:01,2026-09-29 00:13:05,41,356.0,2104.0,36,Running,
1,b9648454-c9a7-4694-9849-34c794eefa70,2026-09-29T00:19:01.258+00:00,2026-09-29T00:19:01.490+00:00,21072-30059,washers,50170082,72000000,2026-09-29 00:19:01,2026-09-28 23:42:22,29,2199.0,-459.0,,Available,website maps this code to Available
1,b9648454-c9a7-4694-9849-34c794eefa70,2026-09-29T00:19:01.258+00:00,2026-09-29T00:19:01.490+00:00,21072-30059,washers,50170050,52000000,2026-09-29 00:19:01,2026-09-29 00:07:42,29,679.0,1061.0,,Finished,
1,b9648454-c9a7-4694-9849-34c794eefa70,2026-09-29T00:19:01.258+00:00,2026-09-29T00:19:01.490+00:00,21072-30059,washers,50170052,72000000,2026-09-29 00:19:01,2026-09-28 23:45:08,29,2033.0,-293.0,,Available,website maps this code to Available
1,b9648454-c9a7-4694-9849-34c794eefa70,2026-09-29T00:19:01.258+00:00,2026-09-29T00:19:01.490+00:00,21072-30059,washers,50170078,72000000,2026-09-29 00:19:01,2026-09-28 23:35:24,29,2617.0,-877.0,,Available,website maps this code to Available
1,b9648454-c9a7-4694-9849-34c794eefa70,2026-09-29T00:19:01.258+00:00,2026-09-29T00:19:01.490+00:00,21072-30059,washers,50170084,72000000,2026-09-29 00:19:01,2026-09-28 23:34:36,29,2665.0,-925.0,,Available,website maps this code to Available
1,b9648454-c9a7-4694-9849-34c794eefa70,2026-09-29T00:19:01.258+00:00,2026-09-29T00:19:01.490+00:00,21072-30059,washers,50170068,72000000,2026-09-29 00:19:01,2026-09-28 23:32:25,29,2796.0,-1056.0,,Available,website maps this code to Available
1,b9648454-c9a7-4694-9849-34c794eefa70,2026-09-29T00:19:01.258+00:00,2026-09-29T00:19:01.490+00:00,21072-30059,washers,50170072,52000000,2026-09-29 00:19:01,2026-09-29 00:11:04,29,477.0,1263.0,,Finished,
1,b9648454-c9a7-4694-9849-34c794eefa70,2026-09-29T00:19:01.258+00:00,2026-09-29T00:19:01.490+00:00,21072-30059,washers,20483408,72000000,2026-09-29 00:19:01,2024-12-20 00:43:32,0,55985729.0,-55985729.0,,Available,website maps this code to Available
1,b9648454-c9a7-4694-9849-34c794eefa70,2026-09-29T00:19:01.258+00:00,2026-09-29T00:19:01.490+00:00,21072-30059,washers,50170055,42000000,2026-09-29 00:19:01,2026-09-29 00:13:11,41,350.0,2110.0,36,Running,
1,b9648454-c9a7-4694-9849-34c794eefa70,2026-09-29T00:19:01.258+00:00,2026-09-29T00:19:01.490+00:00,21072-30059,dryers,50170058,D2000000,2026-09-29 00:19:01,2026-09-26 17:53:29,45,195932.0,-193232.0,,Start Mode After PF,
1,b9648454-c9a7-4694-9849-34c794eefa70,2026-09-29T00:19:01.258+00:00,2026-09-29T00:19:01.490+00:00,21072-30059,dryers,50170061,42000000,2026-09-29 00:19:01,2026-09-29 00:13:55,10,306.0,294.0,5,Running,
1,b9648454-c9a7-4694-9849-34c794eefa70,2026-09-29T00:19:01.258+00:00,2026-09-29T00:19:01.490+00:00,21072-30059,dryers,50170081,42000000,2026-09-29 00:19:01,2026-09-29 00:17:12,10,109.0,491.0,9,Running,
1,b9648454-c9a7-4694-9849-34c794eefa70,2026-09-29T00:19:01.258+00:00,2026-09-29T00:19:01.490+00:00,21072-30059,dryers,50170060,42000000,2026-09-29 00:19:01,2026-09-28 23:39:44,50,2357.0,643.0,11,Running,
1,b9648454-c9a7-4694-9849-34c794eefa70,2026-09-29T00:19:01.258+00:00,2026-09-29T00:19:01.490+00:00,21072-30059,dryers,50170087,42000000,2026-09-29 00:19:01,2026-09-29 00:18:31,10,30.0,570.0,10,Running,
1,b9648454-c9a7-4694-9849-34c794eefa70,2026-09-29T00:19:01.258+00:00,2026-09-29T00:19:01.490+00:00,21072-30059,dryers,50170064,42000000,2026-09-29 00:19:01,2026-09-28 23:40:10,60,2331.0,1269.0,22,Running,
1,b9648454-c9a7-4694-9849-34c794eefa70,2026-09-29T00:19:01.258+00:00,2026-09-29T00:19:01.490+00:00,21072-30059,dryers,50170065,42000000,2026-09-29 00:19:01,2026-09-28 23:38:01,60,2460.0,1140.0,19,Running,
1,b9648454-c9a7-4694-9849-34c794eefa70,2026-09-29T00:19:01.258+00:00,2026-09-29T00:19:01.490+00:00,21072-30059,dryers,50170059,42000000,2026-09-29 00:19:01,2026-09-28 23:34:17,60,2684.0,916.0,16,Running,
1,b9648454-c9a7-4694-9849-34c794eefa70,2026-09-29T00:19:01.258+00:00,2026-09-29T00:19:01.490+00:00,21072-30059,dryers,50170057,42000000,2026-09-29 00:19:01,2026-09-28 23:32:22,67,2799.0,1221.0,21,Running,
1,b9648454-c9a7-4694-9849-34c794eefa70,2026-09-29T00:19:01.258+00:00,2026-09-29T00:19:01.490+00:00,21072-30059,dryers,50170062,72000000,2026-09-29 00:19:01,2026-09-28 07:02:52,46,62169.0,-59409.0,,Available,website maps this code to Available
1,b9648454-c9a7-4694-9849-34c794eefa70,2026-09-29T00:19:01.258+00:00,2026-09-29T00:19:01.490+00:00,21072-30059,dryers,50170067,42000000,2026-09-29 00:19:01,2026-09-28 23:41:22,50,2259.0,741.0,13,Running,
1,b9648454-c9a7-4694-9849-34c794eefa70,2026-09-29T00:19:01.258+00:00,2026-09-29T00:19:01.490+00:00,21072-30059,dryers,50170074,42000000,2026-09-29 00:19:01,2026-09-28 23:48:16,51,1845.0,1215.0,21,Running,
1,b9648454-c9a7-4694-9849-34c794eefa70,2026-09-29T00:19:01.258+00:00,2026-09-29T00:19:01.490+00:00,21072-30059,dryers,50170071,42000000,2026-09-29 00:19:01,2026-09-28 23:44:25,45,2076.0,624.0,11,Running,
1,b9648454-c9a7-4694-9849-34c794eefa70,2026-09-29T00:19:01.258+00:00,2026-09-29T00:19:01.490+00:00,21072-30059,dryers,50170054,42000000,2026-09-29 00:19:01,2026-09-28 23:48:57,53,1804.0,1376.0,23,Running,
1,629726cd-6a74-47c9-834a-10fa6f1e6b15,2026-09-29T00:20:01.367+00:00,2026-09-29T00:20:01.609+00:00,21072-30059,washers,50170051,52000000,2026-09-29 00:20:01,2026-09-29 00:10:50,29,551.0,1189.0,,Finished,
1,629726cd-6a74-47c9-834a-10fa6f1e6b15,2026-09-29T00:20:01.367+00:00,2026-09-29T00:20:01.609+00:00,21072-30059,washers,50170080,42000000,2026-09-29 00:20:01,2026-09-29 00:10:08,10,593.0,7.0,1,Running,
1,629726cd-6a74-47c9-834a-10fa6f1e6b15,2026-09-29T00:20:01.367+00:00,2026-09-29T00:20:01.609+00:00,21072-30059,washers,50170075,42000000,2026-09-29 00:20:01,2026-09-29 00:13:05,41,416.0,2044.0,35,Running,
1,629726cd-6a74-47c9-834a-10fa6f1e6b15,2026-09-29T00:20:01.367+00:00,2026-09-29T00:20:01.609+00:00,21072-30059,washers,50170082,72000000,2026-09-29 00:20:01,2026-09-28 23:42:22,29,2259.0,-519.0,,Available,website maps this code to Available
1,629726cd-6a74-47c9-834a-10fa6f1e6b15,2026-09-29T00:20:01.367+00:00,2026-09-29T00:20:01.609+00:00,21072-30059,washers,50170050,52000000,2026-09-29 00:20:01,2026-09-29 00:07:42,29,739.0,1001.0,,Finished,
1,629726cd-6a74-47c9-834a-10fa6f1e6b15,2026-09-29T00:20:01.367+00:00,2026-09-29T00:20:01.609+00:00,21072-30059,washers,50170052,72000000,2026-09-29 00:20:01,2026-09-28 23:45:08,29,2093.0,-353.0,,Available,website maps this code to Available
1,629726cd-6a74-47c9-834a-10fa6f1e6b15,2026-09-29T00:20:01.367+00:00,2026-09-29T00:20:01.609+00:00,21072-30059,washers,50170078,72000000,2026-09-29 00:20:01,2026-09-28 23:35:24,29,2677.0,-937.0,,Available,website maps this code to Available
1,629726cd-6a74-47c9-834a-10fa6f1e6b15,2026-09-29T00:20:01.367+00:00,2026-09-29T00:20:01.609+00:00,21072-30059,washers,50170084,72000000,2026-09-29 00:20:01,2026-09-28 23:34:36,29,2725.0,-985.0,,Available,website maps this code to Available
1,629726cd-6a74-47c9-834a-10fa6f1e6b15,2026-09-29T00:20:01.367+00:00,2026-09-29T00:20:01.609+00:00,21072-30059,washers,50170068,72000000,2026-09-29 00:20:01,2026-09-28 23:32:25,29,2856.0,-1116.0,,Available,website maps this code to Available
1,629726cd-6a74-47c9-834a-10fa6f1e6b15,2026-09-29T00:20:01.367+00:00,2026-09-29T00:20:01.609+00:00,21072-30059,washers,50170072,52000000,2026-09-29 00:20:01,2026-09-29 00:11:04,29,537.0,1203.0,,Finished,
1,629726cd-6a74-47c9-834a-10fa6f1e6b15,2026-09-29T00:20:01.367+00:00,2026-09-29T00:20:01.609+00:00,21072-30059,washers,20483408,72000000,2026-09-29 00:20:01,2024-12-20 00:43:32,0,55985789.0,-55985789.0,,Available,website maps this code to Available
1,629726cd-6a74-47c9-834a-10fa6f1e6b15,2026-09-29T00:20:01.367+00:00,2026-09-29T00:20:01.609+00:00,21072-30059,washers,50170055,42000000,2026-09-29 00:20:01,2026-09-29 00:13:11,41,410.0,2050.0,35,Running,
1,629726cd-6a74-47c9-834a-10fa6f1e6b15,2026-09-29T00:20:01.367+00:00,2026-09-29T00:20:01.609+00:00,21072-30059,dryers,50170058,D2000000,2026-09-29 00:20:01,2026-09-26 17:53:29,45,195992.0,-193292.0,,Start Mode After PF,
1,629726cd-6a74-47c9-834a-10fa6f1e6b15,2026-09-29T00:20:01.367+00:00,2026-09-29T00:20:01.609+00:00,21072-30059,dryers,50170061,42000000,2026-09-29 00:20:01,2026-09-29 00:13:55,10,366.0,234.0,4,Running,
1,629726cd-6a74-47c9-834a-10fa6f1e6b15,2026-09-29T00:20:01.367+00:00,2026-09-29T00:20:01.609+00:00,21072-30059,dryers,50170081,42000000,2026-09-29 00:20:01,2026-09-29 00:17:12,10,169.0,431.0,8,Running,
1,629726cd-6a74-47c9-834a-10fa6f1e6b15,2026-09-29T00:20:01.367+00:00,2026-09-29T00:20:01.609+00:00,21072-30059,dryers,50170060,42000000,2026-09-29 00:20:01,2026-09-29 00:19:17,10,44.0,556.0,10,Running,
1,629726cd-6a74-47c9-834a-10fa6f1e6b15,2026-09-29T00:20:01.367+00:00,2026-09-29T00:20:01.609+00:00,21072-30059,dryers,50170087,42000000,2026-09-29 00:20:01,2026-09-29 00:18:31,10,90.0,510.0,9,Running,
1,629726cd-6a74-47c9-834a-10fa6f1e6b15,2026-09-29T00:20:01.367+00:00,2026-09-29T00:20:01.609+00:00,21072-30059,dryers,50170064,42000000,2026-09-29 00:20:01,2026-09-28 23:40:10,60,2391.0,1209.0,21,Running,
1,629726cd-6a74-47c9-834a-10fa6f1e6b15,2026-09-29T00:20:01.367+00:00,2026-09-29T00:20:01.609+00:00,21072-30059,dryers,50170065,42000000,2026-09-29 00:20:01,2026-09-28 23:38:01,60,2520.0,1080.0,18,Running,
1,629726cd-6a74-47c9-834a-10fa6f1e6b15,2026-09-29T00:20:01.367+00:00,2026-09-29T00:20:01.609+00:00,21072-30059,dryers,50170059,42000000,2026-09-29 00:20:01,2026-09-28 23:34:17,60,2744.0,856.0,15,Running,
1,629726cd-6a74-47c9-834a-10fa6f1e6b15,2026-09-29T00:20:01.367+00:00,2026-09-29T00:20:01.609+00:00,21072-30059,dryers,50170057,42000000,2026-09-29 00:20:01,2026-09-28 23:32:22,67,2859.0,1161.0,20,Running,
1,629726cd-6a74-47c9-834a-10fa6f1e6b15,2026-09-29T00:20:01.367+00:00,2026-09-29T00:20:01.609+00:00,21072-30059,dryers,50170062,72000000,2026-09-29 00:20:01,2026-09-28 07:02:52,46,62229.0,-59469.0,,Available,website maps this code to Available
1,629726cd-6a74-47c9-834a-10fa6f1e6b15,2026-09-29T00:20:01.367+00:00,2026-09-29T00:20:01.609+00:00,21072-30059,dryers,50170067,42000000,2026-09-29 00:20:01,2026-09-28 23:41:22,50,2319.0,681.0,12,Running,
1,629726cd-6a74-47c9-834a-10fa6f1e6b15,2026-09-29T00:20:01.367+00:00,2026-09-29T00:20:01.609+00:00,21072-30059,dryers,50170074,42000000,2026-09-29 00:20:01,2026-09-28 23:48:16,51,1905.0,1155.0,20,Running,
1,629726cd-6a74-47c9-834a-10fa6f1e6b15,2026-09-29T00:20:01.367+00:00,2026-09-29T00:20:01.609+00:00,21072-30059,dryers,50170071,42000000,2026-09-29 00:20:01,2026-09-29 00:19:56,10,5.0,595.0,10,Running,
1,629726cd-6a74-47c9-834a-10fa6f1e6b15,2026-09-29T00:20:01.367+00:00,2026-09-29T00:20:01.609+00:00,21072-30059,dryers,50170054,42000000,2026-09-29 00:20:01,2026-09-28 23:48:57,53,1864.0,1316.0,22,Running,
1,373e480d-c7d2-4528-9c4d-97c695ecbf1c,2026-09-29T00:21:01.296+00:00,2026-09-29T00:21:01.469+00:00,21072-30059,washers,50170051,52000000,2026-09-29 00:21:01,2026-09-29 00:10:50,29,611.0,1129.0,,Finished,
1,373e480d-c7d2-4528-9c4d-97c695ecbf1c,2026-09-29T00:21:01.296+00:00,2026-09-29T00:21:01.469+00:00,21072-30059,washers,50170080,42000000,2026-09-29 00:21:01,2026-09-29 00:10:08,10,653.0,-53.0,,Available,website fallback: countdown expired
1,373e480d-c7d2-4528-9c4d-97c695ecbf1c,2026-09-29T00:21:01.296+00:00,2026-09-29T00:21:01.469+00:00,21072-30059,washers,50170075,42000000,2026-09-29 00:21:01,2026-09-29 00:13:05,41,476.0,1984.0,34,Running,
1,373e480d-c7d2-4528-9c4d-97c695ecbf1c,2026-09-29T00:21:01.296+00:00,2026-09-29T00:21:01.469+00:00,21072-30059,washers,50170082,72000000,2026-09-29 00:21:01,2026-09-28 23:42:22,29,2319.0,-579.0,,Available,website maps this code to Available
1,373e480d-c7d2-4528-9c4d-97c695ecbf1c,2026-09-29T00:21:01.296+00:00,2026-09-29T00:21:01.469+00:00,21072-30059,washers,50170050,52000000,2026-09-29 00:21:01,2026-09-29 00:07:42,29,799.0,941.0,,Finished,
1,373e480d-c7d2-4528-9c4d-97c695ecbf1c,2026-09-29T00:21:01.296+00:00,2026-09-29T00:21:01.469+00:00,21072-30059,washers,50170052,72000000,2026-09-29 00:21:01,2026-09-28 23:45:08,29,2153.0,-413.0,,Available,website maps this code to Available
1,373e480d-c7d2-4528-9c4d-97c695ecbf1c,2026-09-29T00:21:01.296+00:00,2026-09-29T00:21:01.469+00:00,21072-30059,washers,50170078,72000000,2026-09-29 00:21:01,2026-09-28 23:35:24,29,2737.0,-997.0,,Available,website maps this code to Available
1,373e480d-c7d2-4528-9c4d-97c695ecbf1c,2026-09-29T00:21:01.296+00:00,2026-09-29T00:21:01.469+00:00,21072-30059,washers,50170084,72000000,2026-09-29 00:21:01,2026-09-28 23:34:36,29,2785.0,-1045.0,,Available,website maps this code to Available
1,373e480d-c7d2-4528-9c4d-97c695ecbf1c,2026-09-29T00:21:01.296+00:00,2026-09-29T00:21:01.469+00:00,21072-30059,washers,50170068,72000000,2026-09-29 00:21:01,2026-09-28 23:32:25,29,2916.0,-1176.0,,Available,website maps this code to Available
1,373e480d-c7d2-4528-9c4d-97c695ecbf1c,2026-09-29T00:21:01.296+00:00,2026-09-29T00:21:01.469+00:00,21072-30059,washers,50170072,52000000,2026-09-29 00:21:01,2026-09-29 00:11:04,29,597.0,1143.0,,Finished,
1,373e480d-c7d2-4528-9c4d-97c695ecbf1c,2026-09-29T00:21:01.296+00:00,2026-09-29T00:21:01.469+00:00,21072-30059,washers,20483408,72000000,2026-09-29 00:21:01,2024-12-20 00:43:32,0,55985849.0,-55985849.0,,Available,website maps this code to Available
1,373e480d-c7d2-4528-9c4d-97c695ecbf1c,2026-09-29T00:21:01.296+00:00,2026-09-29T00:21:01.469+00:00,21072-30059,washers,50170055,42000000,2026-09-29 00:21:01,2026-09-29 00:13:11,41,470.0,1990.0,34,Running,
1,373e480d-c7d2-4528-9c4d-97c695ecbf1c,2026-09-29T00:21:01.296+00:00,2026-09-29T00:21:01.469+00:00,21072-30059,dryers,50170058,D2000000,2026-09-29 00:21:01,2026-09-26 17:53:29,45,196052.0,-193352.0,,Start Mode After PF,
1,373e480d-c7d2-4528-9c4d-97c695ecbf1c,2026-09-29T00:21:01.296+00:00,2026-09-29T00:21:01.469+00:00,21072-30059,dryers,50170061,42000000,2026-09-29 00:21:01,2026-09-29 00:13:55,10,426.0,174.0,3,Running,
1,373e480d-c7d2-4528-9c4d-97c695ecbf1c,2026-09-29T00:21:01.296+00:00,2026-09-29T00:21:01.469+00:00,21072-30059,dryers,50170081,42000000,2026-09-29 00:21:01,2026-09-29 00:17:12,10,229.0,371.0,7,Running,
1,373e480d-c7d2-4528-9c4d-97c695ecbf1c,2026-09-29T00:21:01.296+00:00,2026-09-29T00:21:01.469+00:00,21072-30059,dryers,50170060,42000000,2026-09-29 00:21:01,2026-09-29 00:19:17,10,104.0,496.0,9,Running,
1,373e480d-c7d2-4528-9c4d-97c695ecbf1c,2026-09-29T00:21:01.296+00:00,2026-09-29T00:21:01.469+00:00,21072-30059,dryers,50170087,42000000,2026-09-29 00:21:01,2026-09-29 00:18:31,10,150.0,450.0,8,Running,
1,373e480d-c7d2-4528-9c4d-97c695ecbf1c,2026-09-29T00:21:01.296+00:00,2026-09-29T00:21:01.469+00:00,21072-30059,dryers,50170064,42000000,2026-09-29 00:21:01,2026-09-28 23:40:10,60,2451.0,1149.0,20,Running,
1,373e480d-c7d2-4528-9c4d-97c695ecbf1c,2026-09-29T00:21:01.296+00:00,2026-09-29T00:21:01.469+00:00,21072-30059,dryers,50170065,42000000,2026-09-29 00:21:01,2026-09-28 23:38:01,60,2580.0,1020.0,17,Running,
1,373e480d-c7d2-4528-9c4d-97c695ecbf1c,2026-09-29T00:21:01.296+00:00,2026-09-29T00:21:01.469+00:00,21072-30059,dryers,50170059,42000000,2026-09-29 00:21:01,2026-09-28 23:34:17,60,2804.0,796.0,14,Running,
1,373e480d-c7d2-4528-9c4d-97c695ecbf1c,2026-09-29T00:21:01.296+00:00,2026-09-29T00:21:01.469+00:00,21072-30059,dryers,50170057,42000000,2026-09-29 00:21:01,2026-09-28 23:32:22,67,2919.0,1101.0,19,Running,
1,373e480d-c7d2-4528-9c4d-97c695ecbf1c,2026-09-29T00:21:01.296+00:00,2026-09-29T00:21:01.469+00:00,21072-30059,dryers,50170062,72000000,2026-09-29 00:21:01,2026-09-28 07:02:52,46,62289.0,-59529.0,,Available,website maps this code to Available
1,373e480d-c7d2-4528-9c4d-97c695ecbf1c,2026-09-29T00:21:01.296+00:00,2026-09-29T00:21:01.469+00:00,21072-30059,dryers,50170067,42000000,2026-09-29 00:21:01,2026-09-29 00:20:56,10,5.0,595.0,10,Running,
1,373e480d-c7d2-4528-9c4d-97c695ecbf1c,2026-09-29T00:21:01.296+00:00,2026-09-29T00:21:01.469+00:00,21072-30059,dryers,50170074,42000000,2026-09-29 00:21:01,2026-09-28 23:48:16,51,1965.0,1095.0,19,Running,
1,373e480d-c7d2-4528-9c4d-97c695ecbf1c,2026-09-29T00:21:01.296+00:00,2026-09-29T00:21:01.469+00:00,21072-30059,dryers,50170071,42000000,2026-09-29 00:21:01,2026-09-29 00:19:56,10,65.0,535.0,9,Running,
1,373e480d-c7d2-4528-9c4d-97c695ecbf1c,2026-09-29T00:21:01.296+00:00,2026-09-29T00:21:01.469+00:00,21072-30059,dryers,50170054,42000000,2026-09-29 00:21:01,2026-09-28 23:48:57,53,1924.0,1256.0,21,Running,
1,50dedecb-4fc5-4531-a7bf-51bf2a0b088c,2026-09-29T00:22:01.280+00:00,2026-09-29T00:22:01.461+00:00,21072-30059,washers,50170051,52000000,2026-09-29 00:22:01,2026-09-29 00:10:50,29,671.0,1069.0,,Finished,
1,50dedecb-4fc5-4531-a7bf-51bf2a0b088c,2026-09-29T00:22:01.280+00:00,2026-09-29T00:22:01.461+00:00,21072-30059,washers,50170080,42000000,2026-09-29 00:22:01,2026-09-29 00:10:08,10,713.0,-113.0,,Available,website fallback: countdown expired
1,50dedecb-4fc5-4531-a7bf-51bf2a0b088c,2026-09-29T00:22:01.280+00:00,2026-09-29T00:22:01.461+00:00,21072-30059,washers,50170075,42000000,2026-09-29 00:22:01,2026-09-29 00:13:05,41,536.0,1924.0,33,Running,
1,50dedecb-4fc5-4531-a7bf-51bf2a0b088c,2026-09-29T00:22:01.280+00:00,2026-09-29T00:22:01.461+00:00,21072-30059,washers,50170082,72000000,2026-09-29 00:22:01,2026-09-28 23:42:22,29,2379.0,-639.0,,Available,website maps this code to Available
1,50dedecb-4fc5-4531-a7bf-51bf2a0b088c,2026-09-29T00:22:01.280+00:00,2026-09-29T00:22:01.461+00:00,21072-30059,washers,50170050,52000000,2026-09-29 00:22:01,2026-09-29 00:07:42,29,859.0,881.0,,Finished,
1,50dedecb-4fc5-4531-a7bf-51bf2a0b088c,2026-09-29T00:22:01.280+00:00,2026-09-29T00:22:01.461+00:00,21072-30059,washers,50170052,72000000,2026-09-29 00:22:01,2026-09-28 23:45:08,29,2213.0,-473.0,,Available,website maps this code to Available
1,50dedecb-4fc5-4531-a7bf-51bf2a0b088c,2026-09-29T00:22:01.280+00:00,2026-09-29T00:22:01.461+00:00,21072-30059,washers,50170078,72000000,2026-09-29 00:22:01,2026-09-28 23:35:24,29,2797.0,-1057.0,,Available,website maps this code to Available
1,50dedecb-4fc5-4531-a7bf-51bf2a0b088c,2026-09-29T00:22:01.280+00:00,2026-09-29T00:22:01.461+00:00,21072-30059,washers,50170084,72000000,2026-09-29 00:22:01,2026-09-28 23:34:36,29,2845.0,-1105.0,,Available,website maps this code to Available
1,50dedecb-4fc5-4531-a7bf-51bf2a0b088c,2026-09-29T00:22:01.280+00:00,2026-09-29T00:22:01.461+00:00,21072-30059,washers,50170068,72000000,2026-09-29 00:22:01,2026-09-28 23:32:25,29,2976.0,-1236.0,,Available,website maps this code to Available
1,50dedecb-4fc5-4531-a7bf-51bf2a0b088c,2026-09-29T00:22:01.280+00:00,2026-09-29T00:22:01.461+00:00,21072-30059,washers,50170072,52000000,2026-09-29 00:22:01,2026-09-29 00:11:04,29,657.0,1083.0,,Finished,
1,50dedecb-4fc5-4531-a7bf-51bf2a0b088c,2026-09-29T00:22:01.280+00:00,2026-09-29T00:22:01.461+00:00,21072-30059,washers,20483408,72000000,2026-09-29 00:22:01,2024-12-20 00:43:32,0,55985909.0,-55985909.0,,Available,website maps this code to Available
1,50dedecb-4fc5-4531-a7bf-51bf2a0b088c,2026-09-29T00:22:01.280+00:00,2026-09-29T00:22:01.461+00:00,21072-30059,washers,50170055,42000000,2026-09-29 00:22:01,2026-09-29 00:13:11,41,530.0,1930.0,33,Running,
1,50dedecb-4fc5-4531-a7bf-51bf2a0b088c,2026-09-29T00:22:01.280+00:00,2026-09-29T00:22:01.461+00:00,21072-30059,dryers,50170058,D2000000,2026-09-29 00:22:01,2026-09-26 17:53:29,45,196112.0,-193412.0,,Start Mode After PF,
1,50dedecb-4fc5-4531-a7bf-51bf2a0b088c,2026-09-29T00:22:01.280+00:00,2026-09-29T00:22:01.461+00:00,21072-30059,dryers,50170061,42000000,2026-09-29 00:22:01,2026-09-29 00:13:55,10,486.0,114.0,2,Running,
1,50dedecb-4fc5-4531-a7bf-51bf2a0b088c,2026-09-29T00:22:01.280+00:00,2026-09-29T00:22:01.461+00:00,21072-30059,dryers,50170081,42000000,2026-09-29 00:22:01,2026-09-29 00:17:12,10,289.0,311.0,6,Running,
1,50dedecb-4fc5-4531-a7bf-51bf2a0b088c,2026-09-29T00:22:01.280+00:00,2026-09-29T00:22:01.461+00:00,21072-30059,dryers,50170060,42000000,2026-09-29 00:22:01,2026-09-29 00:19:17,10,164.0,436.0,8,Running,
1,50dedecb-4fc5-4531-a7bf-51bf2a0b088c,2026-09-29T00:22:01.280+00:00,2026-09-29T00:22:01.461+00:00,21072-30059,dryers,50170087,42000000,2026-09-29 00:22:01,2026-09-29 00:18:31,10,210.0,390.0,7,Running,
1,50dedecb-4fc5-4531-a7bf-51bf2a0b088c,2026-09-29T00:22:01.280+00:00,2026-09-29T00:22:01.461+00:00,21072-30059,dryers,50170064,42000000,2026-09-29 00:22:01,2026-09-28 23:40:10,60,2511.0,1089.0,19,Running,
1,50dedecb-4fc5-4531-a7bf-51bf2a0b088c,2026-09-29T00:22:01.280+00:00,2026-09-29T00:22:01.461+00:00,21072-30059,dryers,50170065,42000000,2026-09-29 00:22:01,2026-09-28 23:38:01,60,2640.0,960.0,16,Running,
1,50dedecb-4fc5-4531-a7bf-51bf2a0b088c,2026-09-29T00:22:01.280+00:00,2026-09-29T00:22:01.461+00:00,21072-30059,dryers,50170059,42000000,2026-09-29 00:22:01,2026-09-28 23:34:17,60,2864.0,736.0,13,Running,
1,50dedecb-4fc5-4531-a7bf-51bf2a0b088c,2026-09-29T00:22:01.280+00:00,2026-09-29T00:22:01.461+00:00,21072-30059,dryers,50170057,42000000,2026-09-29 00:22:01,2026-09-28 23:32:22,67,2979.0,1041.0,18,Running,
1,50dedecb-4fc5-4531-a7bf-51bf2a0b088c,2026-09-29T00:22:01.280+00:00,2026-09-29T00:22:01.461+00:00,21072-30059,dryers,50170062,72000000,2026-09-29 00:22:01,2026-09-28 07:02:52,46,62349.0,-59589.0,,Available,website maps this code to Available
1,50dedecb-4fc5-4531-a7bf-51bf2a0b088c,2026-09-29T00:22:01.280+00:00,2026-09-29T00:22:01.461+00:00,21072-30059,dryers,50170067,42000000,2026-09-29 00:22:01,2026-09-29 00:20:56,10,65.0,535.0,9,Running,
1,50dedecb-4fc5-4531-a7bf-51bf2a0b088c,2026-09-29T00:22:01.280+00:00,2026-09-29T00:22:01.461+00:00,21072-30059,dryers,50170074,42000000,2026-09-29 00:22:01,2026-09-28 23:48:16,51,2025.0,1035.0,18,Running,
1,50dedecb-4fc5-4531-a7bf-51bf2a0b088c,2026-09-29T00:22:01.280+00:00,2026-09-29T00:22:01.461+00:00,21072-30059,dryers,50170071,42000000,2026-09-29 00:22:01,2026-09-29 00:19:56,10,125.0,475.0,8,Running,
1,50dedecb-4fc5-4531-a7bf-51bf2a0b088c,2026-09-29T00:22:01.280+00:00,2026-09-29T00:22:01.461+00:00,21072-30059,dryers,50170054,42000000,2026-09-29 00:22:01,2026-09-28 23:48:57,53,1984.0,1196.0,20,Running,
1,a1c7c110-65fc-45ba-817b-ee8a68fbda46,2026-09-29T00:23:01.289+00:00,2026-09-29T00:23:01.492+00:00,21072-30059,washers,50170051,52000000,2026-09-29 00:23:01,2026-09-29 00:10:50,29,731.0,1009.0,,Finished,
1,a1c7c110-65fc-45ba-817b-ee8a68fbda46,2026-09-29T00:23:01.289+00:00,2026-09-29T00:23:01.492+00:00,21072-30059,washers,50170080,A2000000,2026-09-29 00:23:01,2026-09-29 00:22:20,1,41.0,19.0,,Door Unlock Mode,
1,a1c7c110-65fc-45ba-817b-ee8a68fbda46,2026-09-29T00:23:01.289+00:00,2026-09-29T00:23:01.492+00:00,21072-30059,washers,50170075,42000000,2026-09-29 00:23:01,2026-09-29 00:13:05,41,596.0,1864.0,32,Running,
1,a1c7c110-65fc-45ba-817b-ee8a68fbda46,2026-09-29T00:23:01.289+00:00,2026-09-29T00:23:01.492+00:00,21072-30059,washers,50170082,72000000,2026-09-29 00:23:01,2026-09-28 23:42:22,29,2439.0,-699.0,,Available,website maps this code to Available
1,a1c7c110-65fc-45ba-817b-ee8a68fbda46,2026-09-29T00:23:01.289+00:00,2026-09-29T00:23:01.492+00:00,21072-30059,washers,50170050,52000000,2026-09-29 00:23:01,2026-09-29 00:07:42,29,919.0,821.0,,Finished,
1,a1c7c110-65fc-45ba-817b-ee8a68fbda46,2026-09-29T00:23:01.289+00:00,2026-09-29T00:23:01.492+00:00,21072-30059,washers,50170052,72000000,2026-09-29 00:23:01,2026-09-28 23:45:08,29,2273.0,-533.0,,Available,website maps this code to Available
1,a1c7c110-65fc-45ba-817b-ee8a68fbda46,2026-09-29T00:23:01.289+00:00,2026-09-29T00:23:01.492+00:00,21072-30059,washers,50170078,72000000,2026-09-29 00:23:01,2026-09-28 23:35:24,29,2857.0,-1117.0,,Available,website maps this code to Available
1,a1c7c110-65fc-45ba-817b-ee8a68fbda46,2026-09-29T00:23:01.289+00:00,2026-09-29T00:23:01.492+00:00,21072-30059,washers,50170084,72000000,2026-09-29 00:23:01,2026-09-28 23:34:36,29,2905.0,-1165.0,,Available,website maps this code to Available
1,a1c7c110-65fc-45ba-817b-ee8a68fbda46,2026-09-29T00:23:01.289+00:00,2026-09-29T00:23:01.492+00:00,21072-30059,washers,50170068,72000000,2026-09-29 00:23:01,2026-09-28 23:32:25,29,3036.0,-1296.0,,Available,website maps this code to Available
1,a1c7c110-65fc-45ba-817b-ee8a68fbda46,2026-09-29T00:23:01.289+00:00,2026-09-29T00:23:01.492+00:00,21072-30059,washers,50170072,52000000,2026-09-29 00:23:01,2026-09-29 00:11:04,29,717.0,1023.0,,Finished,
1,a1c7c110-65fc-45ba-817b-ee8a68fbda46,2026-09-29T00:23:01.289+00:00,2026-09-29T00:23:01.492+00:00,21072-30059,washers,20483408,72000000,2026-09-29 00:23:01,2024-12-20 00:43:32,0,55985969.0,-55985969.0,,Available,website maps this code to Available
1,a1c7c110-65fc-45ba-817b-ee8a68fbda46,2026-09-29T00:23:01.289+00:00,2026-09-29T00:23:01.492+00:00,21072-30059,washers,50170055,42000000,2026-09-29 00:23:01,2026-09-29 00:13:11,41,590.0,1870.0,32,Running,
1,a1c7c110-65fc-45ba-817b-ee8a68fbda46,2026-09-29T00:23:01.289+00:00,2026-09-29T00:23:01.492+00:00,21072-30059,dryers,50170058,D2000000,2026-09-29 00:23:01,2026-09-26 17:53:29,45,196172.0,-193472.0,,Start Mode After PF,
1,a1c7c110-65fc-45ba-817b-ee8a68fbda46,2026-09-29T00:23:01.289+00:00,2026-09-29T00:23:01.492+00:00,21072-30059,dryers,50170061,42000000,2026-09-29 00:23:01,2026-09-29 00:13:55,10,546.0,54.0,1,Running,
1,a1c7c110-65fc-45ba-817b-ee8a68fbda46,2026-09-29T00:23:01.289+00:00,2026-09-29T00:23:01.492+00:00,21072-30059,dryers,50170081,42000000,2026-09-29 00:23:01,2026-09-29 00:17:12,10,349.0,251.0,5,Running,
1,a1c7c110-65fc-45ba-817b-ee8a68fbda46,2026-09-29T00:23:01.289+00:00,2026-09-29T00:23:01.492+00:00,21072-30059,dryers,50170060,42000000,2026-09-29 00:23:01,2026-09-29 00:19:17,10,224.0,376.0,7,Running,
1,a1c7c110-65fc-45ba-817b-ee8a68fbda46,2026-09-29T00:23:01.289+00:00,2026-09-29T00:23:01.492+00:00,21072-30059,dryers,50170087,42000000,2026-09-29 00:23:01,2026-09-29 00:18:31,10,270.0,330.0,6,Running,
1,a1c7c110-65fc-45ba-817b-ee8a68fbda46,2026-09-29T00:23:01.289+00:00,2026-09-29T00:23:01.492+00:00,21072-30059,dryers,50170064,42000000,2026-09-29 00:23:01,2026-09-28 23:40:10,60,2571.0,1029.0,18,Running,
1,a1c7c110-65fc-45ba-817b-ee8a68fbda46,2026-09-29T00:23:01.289+00:00,2026-09-29T00:23:01.492+00:00,21072-30059,dryers,50170065,42000000,2026-09-29 00:23:01,2026-09-28 23:38:01,60,2700.0,900.0,15,Running,
1,a1c7c110-65fc-45ba-817b-ee8a68fbda46,2026-09-29T00:23:01.289+00:00,2026-09-29T00:23:01.492+00:00,21072-30059,dryers,50170059,42000000,2026-09-29 00:23:01,2026-09-28 23:34:17,60,2924.0,676.0,12,Running,
1,a1c7c110-65fc-45ba-817b-ee8a68fbda46,2026-09-29T00:23:01.289+00:00,2026-09-29T00:23:01.492+00:00,21072-30059,dryers,50170057,42000000,2026-09-29 00:23:01,2026-09-28 23:32:22,67,3039.0,981.0,17,Running,
1,a1c7c110-65fc-45ba-817b-ee8a68fbda46,2026-09-29T00:23:01.289+00:00,2026-09-29T00:23:01.492+00:00,21072-30059,dryers,50170062,72000000,2026-09-29 00:23:01,2026-09-28 07:02:52,46,62409.0,-59649.0,,Available,website maps this code to Available
1,a1c7c110-65fc-45ba-817b-ee8a68fbda46,2026-09-29T00:23:01.289+00:00,2026-09-29T00:23:01.492+00:00,21072-30059,dryers,50170067,42000000,2026-09-29 00:23:01,2026-09-29 00:20:56,10,125.0,475.0,8,Running,
1,a1c7c110-65fc-45ba-817b-ee8a68fbda46,2026-09-29T00:23:01.289+00:00,2026-09-29T00:23:01.492+00:00,21072-30059,dryers,50170074,42000000,2026-09-29 00:23:01,2026-09-28 23:48:16,51,2085.0,975.0,17,Running,
1,a1c7c110-65fc-45ba-817b-ee8a68fbda46,2026-09-29T00:23:01.289+00:00,2026-09-29T00:23:01.492+00:00,21072-30059,dryers,50170071,42000000,2026-09-29 00:23:01,2026-09-29 00:19:56,10,185.0,415.0,7,Running,
1,a1c7c110-65fc-45ba-817b-ee8a68fbda46,2026-09-29T00:23:01.289+00:00,2026-09-29T00:23:01.492+00:00,21072-30059,dryers,50170054,42000000,2026-09-29 00:23:01,2026-09-28 23:48:57,53,2044.0,1136.0,19,Running,
1,168ac76f-390c-4028-afa0-d2d9aa4db067,2026-09-29T00:24:01.268+00:00,2026-09-29T00:24:01.522+00:00,21072-30059,washers,50170051,52000000,2026-09-29 00:24:01,2026-09-29 00:10:50,29,791.0,949.0,,Finished,
1,168ac76f-390c-4028-afa0-d2d9aa4db067,2026-09-29T00:24:01.268+00:00,2026-09-29T00:24:01.522+00:00,21072-30059,washers,50170080,52000000,2026-09-29 00:24:01,2026-09-29 00:23:23,29,38.0,1702.0,,Finished,
1,168ac76f-390c-4028-afa0-d2d9aa4db067,2026-09-29T00:24:01.268+00:00,2026-09-29T00:24:01.522+00:00,21072-30059,washers,50170075,42000000,2026-09-29 00:24:01,2026-09-29 00:13:05,41,656.0,1804.0,31,Running,
1,168ac76f-390c-4028-afa0-d2d9aa4db067,2026-09-29T00:24:01.268+00:00,2026-09-29T00:24:01.522+00:00,21072-30059,washers,50170082,72000000,2026-09-29 00:24:01,2026-09-28 23:42:22,29,2499.0,-759.0,,Available,website maps this code to Available
1,168ac76f-390c-4028-afa0-d2d9aa4db067,2026-09-29T00:24:01.268+00:00,2026-09-29T00:24:01.522+00:00,21072-30059,washers,50170050,52000000,2026-09-29 00:24:01,2026-09-29 00:07:42,29,979.0,761.0,,Finished,
1,168ac76f-390c-4028-afa0-d2d9aa4db067,2026-09-29T00:24:01.268+00:00,2026-09-29T00:24:01.522+00:00,21072-30059,washers,50170052,72000000,2026-09-29 00:24:01,2026-09-28 23:45:08,29,2333.0,-593.0,,Available,website maps this code to Available
1,168ac76f-390c-4028-afa0-d2d9aa4db067,2026-09-29T00:24:01.268+00:00,2026-09-29T00:24:01.522+00:00,21072-30059,washers,50170078,72000000,2026-09-29 00:24:01,2026-09-28 23:35:24,29,2917.0,-1177.0,,Available,website maps this code to Available
1,168ac76f-390c-4028-afa0-d2d9aa4db067,2026-09-29T00:24:01.268+00:00,2026-09-29T00:24:01.522+00:00,21072-30059,washers,50170084,72000000,2026-09-29 00:24:01,2026-09-28 23:34:36,29,2965.0,-1225.0,,Available,website maps this code to Available
1,168ac76f-390c-4028-afa0-d2d9aa4db067,2026-09-29T00:24:01.268+00:00,2026-09-29T00:24:01.522+00:00,21072-30059,washers,50170068,72000000,2026-09-29 00:24:01,2026-09-28 23:32:25,29,3096.0,-1356.0,,Available,website maps this code to Available
1,168ac76f-390c-4028-afa0-d2d9aa4db067,2026-09-29T00:24:01.268+00:00,2026-09-29T00:24:01.522+00:00,21072-30059,washers,50170072,52000000,2026-09-29 00:24:01,2026-09-29 00:11:04,29,777.0,963.0,,Finished,
1,168ac76f-390c-4028-afa0-d2d9aa4db067,2026-09-29T00:24:01.268+00:00,2026-09-29T00:24:01.522+00:00,21072-30059,washers,20483408,72000000,2026-09-29 00:24:01,2024-12-20 00:43:32,0,55986029.0,-55986029.0,,Available,website maps this code to Available
1,168ac76f-390c-4028-afa0-d2d9aa4db067,2026-09-29T00:24:01.268+00:00,2026-09-29T00:24:01.522+00:00,21072-30059,washers,50170055,42000000,2026-09-29 00:24:01,2026-09-29 00:13:11,41,650.0,1810.0,31,Running,
1,168ac76f-390c-4028-afa0-d2d9aa4db067,2026-09-29T00:24:01.268+00:00,2026-09-29T00:24:01.522+00:00,21072-30059,dryers,50170058,D2000000,2026-09-29 00:24:01,2026-09-26 17:53:29,45,196232.0,-193532.0,,Start Mode After PF,
1,168ac76f-390c-4028-afa0-d2d9aa4db067,2026-09-29T00:24:01.268+00:00,2026-09-29T00:24:01.522+00:00,21072-30059,dryers,50170061,42000000,2026-09-29 00:24:01,2026-09-29 00:13:55,10,606.0,-6.0,,Available,website fallback: countdown expired
1,168ac76f-390c-4028-afa0-d2d9aa4db067,2026-09-29T00:24:01.268+00:00,2026-09-29T00:24:01.522+00:00,21072-30059,dryers,50170081,42000000,2026-09-29 00:24:01,2026-09-29 00:17:12,10,409.0,191.0,4,Running,
1,168ac76f-390c-4028-afa0-d2d9aa4db067,2026-09-29T00:24:01.268+00:00,2026-09-29T00:24:01.522+00:00,21072-30059,dryers,50170060,42000000,2026-09-29 00:24:01,2026-09-29 00:19:17,10,284.0,316.0,6,Running,
1,168ac76f-390c-4028-afa0-d2d9aa4db067,2026-09-29T00:24:01.268+00:00,2026-09-29T00:24:01.522+00:00,21072-30059,dryers,50170087,42000000,2026-09-29 00:24:01,2026-09-29 00:18:31,10,330.0,270.0,5,Running,
1,168ac76f-390c-4028-afa0-d2d9aa4db067,2026-09-29T00:24:01.268+00:00,2026-09-29T00:24:01.522+00:00,21072-30059,dryers,50170064,42000000,2026-09-29 00:24:01,2026-09-28 23:40:10,60,2631.0,969.0,17,Running,
1,168ac76f-390c-4028-afa0-d2d9aa4db067,2026-09-29T00:24:01.268+00:00,2026-09-29T00:24:01.522+00:00,21072-30059,dryers,50170065,42000000,2026-09-29 00:24:01,2026-09-28 23:38:01,60,2760.0,840.0,14,Running,
1,168ac76f-390c-4028-afa0-d2d9aa4db067,2026-09-29T00:24:01.268+00:00,2026-09-29T00:24:01.522+00:00,21072-30059,dryers,50170059,42000000,2026-09-29 00:24:01,2026-09-29 00:23:58,10,3.0,597.0,10,Running,
1,168ac76f-390c-4028-afa0-d2d9aa4db067,2026-09-29T00:24:01.268+00:00,2026-09-29T00:24:01.522+00:00,21072-30059,dryers,50170057,42000000,2026-09-29 00:24:01,2026-09-28 23:32:22,67,3099.0,921.0,16,Running,
1,168ac76f-390c-4028-afa0-d2d9aa4db067,2026-09-29T00:24:01.268+00:00,2026-09-29T00:24:01.522+00:00,21072-30059,dryers,50170062,72000000,2026-09-29 00:24:01,2026-09-28 07:02:52,46,62469.0,-59709.0,,Available,website maps this code to Available
1,168ac76f-390c-4028-afa0-d2d9aa4db067,2026-09-29T00:24:01.268+00:00,2026-09-29T00:24:01.522+00:00,21072-30059,dryers,50170067,42000000,2026-09-29 00:24:01,2026-09-29 00:20:56,10,185.0,415.0,7,Running,
1,168ac76f-390c-4028-afa0-d2d9aa4db067,2026-09-29T00:24:01.268+00:00,2026-09-29T00:24:01.522+00:00,21072-30059,dryers,50170074,42000000,2026-09-29 00:24:01,2026-09-28 23:48:16,51,2145.0,915.0,16,Running,
1,168ac76f-390c-4028-afa0-d2d9aa4db067,2026-09-29T00:24:01.268+00:00,2026-09-29T00:24:01.522+00:00,21072-30059,dryers,50170071,42000000,2026-09-29 00:24:01,2026-09-29 00:19:56,10,245.0,355.0,6,Running,
1,168ac76f-390c-4028-afa0-d2d9aa4db067,2026-09-29T00:24:01.268+00:00,2026-09-29T00:24:01.522+00:00,21072-30059,dryers,50170054,42000000,2026-09-29 00:24:01,2026-09-28 23:48:57,53,2104.0,1076.0,18,Running,
1,eb603581-ddaf-4c2e-981e-85a6e94078ce,2026-09-29T00:25:01.323+00:00,2026-09-29T00:25:01.529+00:00,21072-30059,washers,50170051,52000000,2026-09-29 00:25:01,2026-09-29 00:10:50,29,851.0,889.0,,Finished,
1,eb603581-ddaf-4c2e-981e-85a6e94078ce,2026-09-29T00:25:01.323+00:00,2026-09-29T00:25:01.529+00:00,21072-30059,washers,50170080,52000000,2026-09-29 00:25:01,2026-09-29 00:23:23,29,98.0,1642.0,,Finished,
1,eb603581-ddaf-4c2e-981e-85a6e94078ce,2026-09-29T00:25:01.323+00:00,2026-09-29T00:25:01.529+00:00,21072-30059,washers,50170075,42000000,2026-09-29 00:25:01,2026-09-29 00:13:05,41,716.0,1744.0,30,Running,
1,eb603581-ddaf-4c2e-981e-85a6e94078ce,2026-09-29T00:25:01.323+00:00,2026-09-29T00:25:01.529+00:00,21072-30059,washers,50170082,72000000,2026-09-29 00:25:01,2026-09-28 23:42:22,29,2559.0,-819.0,,Available,website maps this code to Available
1,eb603581-ddaf-4c2e-981e-85a6e94078ce,2026-09-29T00:25:01.323+00:00,2026-09-29T00:25:01.529+00:00,21072-30059,washers,50170050,52000000,2026-09-29 00:25:01,2026-09-29 00:07:42,29,1039.0,701.0,,Finished,
1,eb603581-ddaf-4c2e-981e-85a6e94078ce,2026-09-29T00:25:01.323+00:00,2026-09-29T00:25:01.529+00:00,21072-30059,washers,50170052,72000000,2026-09-29 00:25:01,2026-09-28 23:45:08,29,2393.0,-653.0,,Available,website maps this code to Available
1,eb603581-ddaf-4c2e-981e-85a6e94078ce,2026-09-29T00:25:01.323+00:00,2026-09-29T00:25:01.529+00:00,21072-30059,washers,50170078,72000000,2026-09-29 00:25:01,2026-09-28 23:35:24,29,2977.0,-1237.0,,Available,website maps this code to Available
1,eb603581-ddaf-4c2e-981e-85a6e94078ce,2026-09-29T00:25:01.323+00:00,2026-09-29T00:25:01.529+00:00,21072-30059,washers,50170084,72000000,2026-09-29 00:25:01,2026-09-28 23:34:36,29,3025.0,-1285.0,,Available,website maps this code to Available
1,eb603581-ddaf-4c2e-981e-85a6e94078ce,2026-09-29T00:25:01.323+00:00,2026-09-29T00:25:01.529+00:00,21072-30059,washers,50170068,72000000,2026-09-29 00:25:01,2026-09-28 23:32:25,29,3156.0,-1416.0,,Available,website maps this code to Available
1,eb603581-ddaf-4c2e-981e-85a6e94078ce,2026-09-29T00:25:01.323+00:00,2026-09-29T00:25:01.529+00:00,21072-30059,washers,50170072,52000000,2026-09-29 00:25:01,2026-09-29 00:11:04,29,837.0,903.0,,Finished,
1,eb603581-ddaf-4c2e-981e-85a6e94078ce,2026-09-29T00:25:01.323+00:00,2026-09-29T00:25:01.529+00:00,21072-30059,washers,20483408,72000000,2026-09-29 00:25:01,2024-12-20 00:43:32,0,55986089.0,-55986089.0,,Available,website maps this code to Available
1,eb603581-ddaf-4c2e-981e-85a6e94078ce,2026-09-29T00:25:01.323+00:00,2026-09-29T00:25:01.529+00:00,21072-30059,washers,50170055,42000000,2026-09-29 00:25:01,2026-09-29 00:13:11,41,710.0,1750.0,30,Running,
1,eb603581-ddaf-4c2e-981e-85a6e94078ce,2026-09-29T00:25:01.323+00:00,2026-09-29T00:25:01.529+00:00,21072-30059,dryers,50170058,D2000000,2026-09-29 00:25:01,2026-09-26 17:53:29,45,196292.0,-193592.0,,Start Mode After PF,
1,eb603581-ddaf-4c2e-981e-85a6e94078ce,2026-09-29T00:25:01.323+00:00,2026-09-29T00:25:01.529+00:00,21072-30059,dryers,50170061,52000000,2026-09-29 00:25:01,2026-09-29 00:24:05,23,56.0,1324.0,,Finished,
1,eb603581-ddaf-4c2e-981e-85a6e94078ce,2026-09-29T00:25:01.323+00:00,2026-09-29T00:25:01.529+00:00,21072-30059,dryers,50170081,42000000,2026-09-29 00:25:01,2026-09-29 00:17:12,10,469.0,131.0,3,Running,
1,eb603581-ddaf-4c2e-981e-85a6e94078ce,2026-09-29T00:25:01.323+00:00,2026-09-29T00:25:01.529+00:00,21072-30059,dryers,50170060,42000000,2026-09-29 00:25:01,2026-09-29 00:19:17,10,344.0,256.0,5,Running,
1,eb603581-ddaf-4c2e-981e-85a6e94078ce,2026-09-29T00:25:01.323+00:00,2026-09-29T00:25:01.529+00:00,21072-30059,dryers,50170087,42000000,2026-09-29 00:25:01,2026-09-29 00:18:31,10,390.0,210.0,4,Running,
1,eb603581-ddaf-4c2e-981e-85a6e94078ce,2026-09-29T00:25:01.323+00:00,2026-09-29T00:25:01.529+00:00,21072-30059,dryers,50170064,42000000,2026-09-29 00:25:01,2026-09-28 23:40:10,60,2691.0,909.0,16,Running,
1,eb603581-ddaf-4c2e-981e-85a6e94078ce,2026-09-29T00:25:01.323+00:00,2026-09-29T00:25:01.529+00:00,21072-30059,dryers,50170065,42000000,2026-09-29 00:25:01,2026-09-28 23:38:01,60,2820.0,780.0,13,Running,
1,eb603581-ddaf-4c2e-981e-85a6e94078ce,2026-09-29T00:25:01.323+00:00,2026-09-29T00:25:01.529+00:00,21072-30059,dryers,50170059,42000000,2026-09-29 00:25:01,2026-09-29 00:23:58,10,63.0,537.0,9,Running,
1,eb603581-ddaf-4c2e-981e-85a6e94078ce,2026-09-29T00:25:01.323+00:00,2026-09-29T00:25:01.529+00:00,21072-30059,dryers,50170057,42000000,2026-09-29 00:25:01,2026-09-28 23:32:22,67,3159.0,861.0,15,Running,
1,eb603581-ddaf-4c2e-981e-85a6e94078ce,2026-09-29T00:25:01.323+00:00,2026-09-29T00:25:01.529+00:00,21072-30059,dryers,50170062,72000000,2026-09-29 00:25:01,2026-09-28 07:02:52,46,62529.0,-59769.0,,Available,website maps this code to Available
1,eb603581-ddaf-4c2e-981e-85a6e94078ce,2026-09-29T00:25:01.323+00:00,2026-09-29T00:25:01.529+00:00,21072-30059,dryers,50170067,42000000,2026-09-29 00:25:01,2026-09-29 00:20:56,10,245.0,355.0,6,Running,
1,eb603581-ddaf-4c2e-981e-85a6e94078ce,2026-09-29T00:25:01.323+00:00,2026-09-29T00:25:01.529+00:00,21072-30059,dryers,50170074,42000000,2026-09-29 00:25:01,2026-09-28 23:48:16,51,2205.0,855.0,15,Running,
1,eb603581-ddaf-4c2e-981e-85a6e94078ce,2026-09-29T00:25:01.323+00:00,2026-09-29T00:25:01.529+00:00,21072-30059,dryers,50170071,42000000,2026-09-29 00:25:01,2026-09-29 00:19:56,10,305.0,295.0,5,Running,
1,eb603581-ddaf-4c2e-981e-85a6e94078ce,2026-09-29T00:25:01.323+00:00,2026-09-29T00:25:01.529+00:00,21072-30059,dryers,50170054,42000000,2026-09-29 00:25:01,2026-09-28 23:48:57,53,2164.0,1016.0,17,Running,
1,4d64cabf-35df-4c9b-8134-f9a4c3fa4f13,2026-09-29T00:26:00.862+00:00,2026-09-29T00:26:01.052+00:00,21072-30059,washers,50170051,52000000,2026-09-29 00:26:01,2026-09-29 00:10:50,29,911.0,829.0,,Finished,
1,4d64cabf-35df-4c9b-8134-f9a4c3fa4f13,2026-09-29T00:26:00.862+00:00,2026-09-29T00:26:01.052+00:00,21072-30059,washers,50170080,52000000,2026-09-29 00:26:01,2026-09-29 00:23:23,29,158.0,1582.0,,Finished,
1,4d64cabf-35df-4c9b-8134-f9a4c3fa4f13,2026-09-29T00:26:00.862+00:00,2026-09-29T00:26:01.052+00:00,21072-30059,washers,50170075,42000000,2026-09-29 00:26:01,2026-09-29 00:13:05,41,776.0,1684.0,29,Running,
1,4d64cabf-35df-4c9b-8134-f9a4c3fa4f13,2026-09-29T00:26:00.862+00:00,2026-09-29T00:26:01.052+00:00,21072-30059,washers,50170082,72000000,2026-09-29 00:26:01,2026-09-28 23:42:22,29,2619.0,-879.0,,Available,website maps this code to Available
1,4d64cabf-35df-4c9b-8134-f9a4c3fa4f13,2026-09-29T00:26:00.862+00:00,2026-09-29T00:26:01.052+00:00,21072-30059,washers,50170050,52000000,2026-09-29 00:26:01,2026-09-29 00:07:42,29,1099.0,641.0,,Finished,
1,4d64cabf-35df-4c9b-8134-f9a4c3fa4f13,2026-09-29T00:26:00.862+00:00,2026-09-29T00:26:01.052+00:00,21072-30059,washers,50170052,72000000,2026-09-29 00:26:01,2026-09-28 23:45:08,29,2453.0,-713.0,,Available,website maps this code to Available
1,4d64cabf-35df-4c9b-8134-f9a4c3fa4f13,2026-09-29T00:26:00.862+00:00,2026-09-29T00:26:01.052+00:00,21072-30059,washers,50170078,72000000,2026-09-29 00:26:01,2026-09-28 23:35:24,29,3037.0,-1297.0,,Available,website maps this code to Available
1,4d64cabf-35df-4c9b-8134-f9a4c3fa4f13,2026-09-29T00:26:00.862+00:00,2026-09-29T00:26:01.052+00:00,21072-30059,washers,50170084,72000000,2026-09-29 00:26:01,2026-09-28 23:34:36,29,3085.0,-1345.0,,Available,website maps this code to Available
1,4d64cabf-35df-4c9b-8134-f9a4c3fa4f13,2026-09-29T00:26:00.862+00:00,2026-09-29T00:26:01.052+00:00,21072-30059,washers,50170068,72000000,2026-09-29 00:26:01,2026-09-28 23:32:25,29,3216.0,-1476.0,,Available,website maps this code to Available
1,4d64cabf-35df-4c9b-8134-f9a4c3fa4f13,2026-09-29T00:26:00.862+00:00,2026-09-29T00:26:01.052+00:00,21072-30059,washers,50170072,52000000,2026-09-29 00:26:01,2026-09-29 00:11:04,29,897.0,843.0,,Finished,
1,4d64cabf-35df-4c9b-8134-f9a4c3fa4f13,2026-09-29T00:26:00.862+00:00,2026-09-29T00:26:01.052+00:00,21072-30059,washers,20483408,72000000,2026-09-29 00:26:01,2024-12-20 00:43:32,0,55986149.0,-55986149.0,,Available,website maps this code to Available
1,4d64cabf-35df-4c9b-8134-f9a4c3fa4f13,2026-09-29T00:26:00.862+00:00,2026-09-29T00:26:01.052+00:00,21072-30059,washers,50170055,42000000,2026-09-29 00:26:01,2026-09-29 00:13:11,41,770.0,1690.0,29,Running,
1,4d64cabf-35df-4c9b-8134-f9a4c3fa4f13,2026-09-29T00:26:00.862+00:00,2026-09-29T00:26:01.052+00:00,21072-30059,dryers,50170058,D2000000,2026-09-29 00:26:01,2026-09-26 17:53:29,45,196352.0,-193652.0,,Start Mode After PF,
1,4d64cabf-35df-4c9b-8134-f9a4c3fa4f13,2026-09-29T00:26:00.862+00:00,2026-09-29T00:26:01.052+00:00,21072-30059,dryers,50170061,52000000,2026-09-29 00:26:01,2026-09-29 00:24:05,23,116.0,1264.0,,Finished,
1,4d64cabf-35df-4c9b-8134-f9a4c3fa4f13,2026-09-29T00:26:00.862+00:00,2026-09-29T00:26:01.052+00:00,21072-30059,dryers,50170081,42000000,2026-09-29 00:26:01,2026-09-29 00:17:12,10,529.0,71.0,2,Running,
1,4d64cabf-35df-4c9b-8134-f9a4c3fa4f13,2026-09-29T00:26:00.862+00:00,2026-09-29T00:26:01.052+00:00,21072-30059,dryers,50170060,42000000,2026-09-29 00:26:01,2026-09-29 00:19:17,10,404.0,196.0,4,Running,
1,4d64cabf-35df-4c9b-8134-f9a4c3fa4f13,2026-09-29T00:26:00.862+00:00,2026-09-29T00:26:01.052+00:00,21072-30059,dryers,50170087,42000000,2026-09-29 00:26:01,2026-09-29 00:18:31,10,450.0,150.0,3,Running,
1,4d64cabf-35df-4c9b-8134-f9a4c3fa4f13,2026-09-29T00:26:00.862+00:00,2026-09-29T00:26:01.052+00:00,21072-30059,dryers,50170064,42000000,2026-09-29 00:26:01,2026-09-28 23:40:10,60,2751.0,849.0,15,Running,
1,4d64cabf-35df-4c9b-8134-f9a4c3fa4f13,2026-09-29T00:26:00.862+00:00,2026-09-29T00:26:01.052+00:00,21072-30059,dryers,50170065,42000000,2026-09-29 00:26:01,2026-09-28 23:38:01,60,2880.0,720.0,12,Running,
1,4d64cabf-35df-4c9b-8134-f9a4c3fa4f13,2026-09-29T00:26:00.862+00:00,2026-09-29T00:26:01.052+00:00,21072-30059,dryers,50170059,42000000,2026-09-29 00:26:01,2026-09-29 00:23:58,10,123.0,477.0,8,Running,
1,4d64cabf-35df-4c9b-8134-f9a4c3fa4f13,2026-09-29T00:26:00.862+00:00,2026-09-29T00:26:01.052+00:00,21072-30059,dryers,50170057,42000000,2026-09-29 00:26:01,2026-09-28 23:32:22,67,3219.0,801.0,14,Running,
1,4d64cabf-35df-4c9b-8134-f9a4c3fa4f13,2026-09-29T00:26:00.862+00:00,2026-09-29T00:26:01.052+00:00,21072-30059,dryers,50170062,72000000,2026-09-29 00:26:01,2026-09-28 07:02:52,46,62589.0,-59829.0,,Available,website maps this code to Available
1,4d64cabf-35df-4c9b-8134-f9a4c3fa4f13,2026-09-29T00:26:00.862+00:00,2026-09-29T00:26:01.052+00:00,21072-30059,dryers,50170067,42000000,2026-09-29 00:26:01,2026-09-29 00:20:56,10,305.0,295.0,5,Running,
1,4d64cabf-35df-4c9b-8134-f9a4c3fa4f13,2026-09-29T00:26:00.862+00:00,2026-09-29T00:26:01.052+00:00,21072-30059,dryers,50170074,42000000,2026-09-29 00:26:01,2026-09-28 23:48:16,51,2265.0,795.0,14,Running,
1,4d64cabf-35df-4c9b-8134-f9a4c3fa4f13,2026-09-29T00:26:00.862+00:00,2026-09-29T00:26:01.052+00:00,21072-30059,dryers,50170071,42000000,2026-09-29 00:26:01,2026-09-29 00:19:56,10,365.0,235.0,4,Running,
1,4d64cabf-35df-4c9b-8134-f9a4c3fa4f13,2026-09-29T00:26:00.862+00:00,2026-09-29T00:26:01.052+00:00,21072-30059,dryers,50170054,42000000,2026-09-29 00:26:01,2026-09-28 23:48:57,53,2224.0,956.0,16,Running,
1,63f82382-e58c-4a28-b6ca-d17133a2e0c6,2026-09-29T00:27:01.322+00:00,2026-09-29T00:27:01.514+00:00,21072-30059,washers,50170051,52000000,2026-09-29 00:27:01,2026-09-29 00:10:50,29,971.0,769.0,,Finished,
1,63f82382-e58c-4a28-b6ca-d17133a2e0c6,2026-09-29T00:27:01.322+00:00,2026-09-29T00:27:01.514+00:00,21072-30059,washers,50170080,52000000,2026-09-29 00:27:01,2026-09-29 00:23:23,29,218.0,1522.0,,Finished,
1,63f82382-e58c-4a28-b6ca-d17133a2e0c6,2026-09-29T00:27:01.322+00:00,2026-09-29T00:27:01.514+00:00,21072-30059,washers,50170075,42000000,2026-09-29 00:27:01,2026-09-29 00:13:05,41,836.0,1624.0,28,Running,
1,63f82382-e58c-4a28-b6ca-d17133a2e0c6,2026-09-29T00:27:01.322+00:00,2026-09-29T00:27:01.514+00:00,21072-30059,washers,50170082,72000000,2026-09-29 00:27:01,2026-09-28 23:42:22,29,2679.0,-939.0,,Available,website maps this code to Available
1,63f82382-e58c-4a28-b6ca-d17133a2e0c6,2026-09-29T00:27:01.322+00:00,2026-09-29T00:27:01.514+00:00,21072-30059,washers,50170050,52000000,2026-09-29 00:27:01,2026-09-29 00:07:42,29,1159.0,581.0,,Finished,
1,63f82382-e58c-4a28-b6ca-d17133a2e0c6,2026-09-29T00:27:01.322+00:00,2026-09-29T00:27:01.514+00:00,21072-30059,washers,50170052,72000000,2026-09-29 00:27:01,2026-09-28 23:45:08,29,2513.0,-773.0,,Available,website maps this code to Available
1,63f82382-e58c-4a28-b6ca-d17133a2e0c6,2026-09-29T00:27:01.322+00:00,2026-09-29T00:27:01.514+00:00,21072-30059,washers,50170078,72000000,2026-09-29 00:27:01,2026-09-28 23:35:24,29,3097.0,-1357.0,,Available,website maps this code to Available
1,63f82382-e58c-4a28-b6ca-d17133a2e0c6,2026-09-29T00:27:01.322+00:00,2026-09-29T00:27:01.514+00:00,21072-30059,washers,50170084,72000000,2026-09-29 00:27:01,2026-09-28 23:34:36,29,3145.0,-1405.0,,Available,website maps this code to Available
1,63f82382-e58c-4a28-b6ca-d17133a2e0c6,2026-09-29T00:27:01.322+00:00,2026-09-29T00:27:01.514+00:00,21072-30059,washers,50170068,72000000,2026-09-29 00:27:01,2026-09-28 23:32:25,29,3276.0,-1536.0,,Available,website maps this code to Available
1,63f82382-e58c-4a28-b6ca-d17133a2e0c6,2026-09-29T00:27:01.322+00:00,2026-09-29T00:27:01.514+00:00,21072-30059,washers,50170072,52000000,2026-09-29 00:27:01,2026-09-29 00:11:04,29,957.0,783.0,,Finished,
1,63f82382-e58c-4a28-b6ca-d17133a2e0c6,2026-09-29T00:27:01.322+00:00,2026-09-29T00:27:01.514+00:00,21072-30059,washers,20483408,72000000,2026-09-29 00:27:01,2024-12-20 00:43:32,0,55986209.0,-55986209.0,,Available,website maps this code to Available
1,63f82382-e58c-4a28-b6ca-d17133a2e0c6,2026-09-29T00:27:01.322+00:00,2026-09-29T00:27:01.514+00:00,21072-30059,washers,50170055,42000000,2026-09-29 00:27:01,2026-09-29 00:13:11,41,830.0,1630.0,28,Running,
1,63f82382-e58c-4a28-b6ca-d17133a2e0c6,2026-09-29T00:27:01.322+00:00,2026-09-29T00:27:01.514+00:00,21072-30059,dryers,50170058,D2000000,2026-09-29 00:27:01,2026-09-26 17:53:29,45,196412.0,-193712.0,,Start Mode After PF,
1,63f82382-e58c-4a28-b6ca-d17133a2e0c6,2026-09-29T00:27:01.322+00:00,2026-09-29T00:27:01.514+00:00,21072-30059,dryers,50170061,52000000,2026-09-29 00:27:01,2026-09-29 00:24:05,23,176.0,1204.0,,Finished,
1,63f82382-e58c-4a28-b6ca-d17133a2e0c6,2026-09-29T00:27:01.322+00:00,2026-09-29T00:27:01.514+00:00,21072-30059,dryers,50170081,52000000,2026-09-29 00:27:01,2026-09-29 00:26:21,23,40.0,1340.0,,Finished,
1,63f82382-e58c-4a28-b6ca-d17133a2e0c6,2026-09-29T00:27:01.322+00:00,2026-09-29T00:27:01.514+00:00,21072-30059,dryers,50170060,42000000,2026-09-29 00:27:01,2026-09-29 00:19:17,10,464.0,136.0,3,Running,
1,63f82382-e58c-4a28-b6ca-d17133a2e0c6,2026-09-29T00:27:01.322+00:00,2026-09-29T00:27:01.514+00:00,21072-30059,dryers,50170087,42000000,2026-09-29 00:27:01,2026-09-29 00:18:31,10,510.0,90.0,2,Running,
1,63f82382-e58c-4a28-b6ca-d17133a2e0c6,2026-09-29T00:27:01.322+00:00,2026-09-29T00:27:01.514+00:00,21072-30059,dryers,50170064,42000000,2026-09-29 00:27:01,2026-09-28 23:40:10,60,2811.0,789.0,14,Running,
1,63f82382-e58c-4a28-b6ca-d17133a2e0c6,2026-09-29T00:27:01.322+00:00,2026-09-29T00:27:01.514+00:00,21072-30059,dryers,50170065,42000000,2026-09-29 00:27:01,2026-09-29 00:26:45,10,16.0,584.0,10,Running,
1,63f82382-e58c-4a28-b6ca-d17133a2e0c6,2026-09-29T00:27:01.322+00:00,2026-09-29T00:27:01.514+00:00,21072-30059,dryers,50170059,42000000,2026-09-29 00:27:01,2026-09-29 00:23:58,10,183.0,417.0,7,Running,
1,63f82382-e58c-4a28-b6ca-d17133a2e0c6,2026-09-29T00:27:01.322+00:00,2026-09-29T00:27:01.514+00:00,21072-30059,dryers,50170057,42000000,2026-09-29 00:27:01,2026-09-28 23:32:22,67,3279.0,741.0,13,Running,
1,63f82382-e58c-4a28-b6ca-d17133a2e0c6,2026-09-29T00:27:01.322+00:00,2026-09-29T00:27:01.514+00:00,21072-30059,dryers,50170062,72000000,2026-09-29 00:27:01,2026-09-28 07:02:52,46,62649.0,-59889.0,,Available,website maps this code to Available
1,63f82382-e58c-4a28-b6ca-d17133a2e0c6,2026-09-29T00:27:01.322+00:00,2026-09-29T00:27:01.514+00:00,21072-30059,dryers,50170067,42000000,2026-09-29 00:27:01,2026-09-29 00:20:56,10,365.0,235.0,4,Running,
1,63f82382-e58c-4a28-b6ca-d17133a2e0c6,2026-09-29T00:27:01.322+00:00,2026-09-29T00:27:01.514+00:00,21072-30059,dryers,50170074,42000000,2026-09-29 00:27:01,2026-09-28 23:48:16,51,2325.0,735.0,13,Running,
1,63f82382-e58c-4a28-b6ca-d17133a2e0c6,2026-09-29T00:27:01.322+00:00,2026-09-29T00:27:01.514+00:00,21072-30059,dryers,50170071,42000000,2026-09-29 00:27:01,2026-09-29 00:19:56,10,425.0,175.0,3,Running,
1,63f82382-e58c-4a28-b6ca-d17133a2e0c6,2026-09-29T00:27:01.322+00:00,2026-09-29T00:27:01.514+00:00,21072-30059,dryers,50170054,42000000,2026-09-29 00:27:01,2026-09-28 23:48:57,53,2284.0,896.0,15,Running,
1,b6729895-e6b3-4c21-a889-e5cd5fa4f49b,2026-09-29T00:28:01.268+00:00,2026-09-29T00:28:01.452+00:00,21072-30059,washers,50170051,52000000,2026-09-29 00:28:01,2026-09-29 00:10:50,29,1031.0,709.0,,Finished,
1,b6729895-e6b3-4c21-a889-e5cd5fa4f49b,2026-09-29T00:28:01.268+00:00,2026-09-29T00:28:01.452+00:00,21072-30059,washers,50170080,52000000,2026-09-29 00:28:01,2026-09-29 00:23:23,29,278.0,1462.0,,Finished,
1,b6729895-e6b3-4c21-a889-e5cd5fa4f49b,2026-09-29T00:28:01.268+00:00,2026-09-29T00:28:01.452+00:00,21072-30059,washers,50170075,42000000,2026-09-29 00:28:01,2026-09-29 00:13:05,41,896.0,1564.0,27,Running,
1,b6729895-e6b3-4c21-a889-e5cd5fa4f49b,2026-09-29T00:28:01.268+00:00,2026-09-29T00:28:01.452+00:00,21072-30059,washers,50170082,72000000,2026-09-29 00:28:01,2026-09-28 23:42:22,29,2739.0,-999.0,,Available,website maps this code to Available
1,b6729895-e6b3-4c21-a889-e5cd5fa4f49b,2026-09-29T00:28:01.268+00:00,2026-09-29T00:28:01.452+00:00,21072-30059,washers,50170050,52000000,2026-09-29 00:28:01,2026-09-29 00:07:42,29,1219.0,521.0,,Finished,
1,b6729895-e6b3-4c21-a889-e5cd5fa4f49b,2026-09-29T00:28:01.268+00:00,2026-09-29T00:28:01.452+00:00,21072-30059,washers,50170052,72000000,2026-09-29 00:28:01,2026-09-28 23:45:08,29,2573.0,-833.0,,Available,website maps this code to Available
1,b6729895-e6b3-4c21-a889-e5cd5fa4f49b,2026-09-29T00:28:01.268+00:00,2026-09-29T00:28:01.452+00:00,21072-30059,washers,50170078,72000000,2026-09-29 00:28:01,2026-09-28 23:35:24,29,3157.0,-1417.0,,Available,website maps this code to Available
1,b6729895-e6b3-4c21-a889-e5cd5fa4f49b,2026-09-29T00:28:01.268+00:00,2026-09-29T00:28:01.452+00:00,21072-30059,washers,50170084,72000000,2026-09-29 00:28:01,2026-09-28 23:34:36,29,3205.0,-1465.0,,Available,website maps this code to Available
1,b6729895-e6b3-4c21-a889-e5cd5fa4f49b,2026-09-29T00:28:01.268+00:00,2026-09-29T00:28:01.452+00:00,21072-30059,washers,50170068,72000000,2026-09-29 00:28:01,2026-09-28 23:32:25,29,3336.0,-1596.0,,Available,website maps this code to Available
1,b6729895-e6b3-4c21-a889-e5cd5fa4f49b,2026-09-29T00:28:01.268+00:00,2026-09-29T00:28:01.452+00:00,21072-30059,washers,50170072,52000000,2026-09-29 00:28:01,2026-09-29 00:11:04,29,1017.0,723.0,,Finished,
1,b6729895-e6b3-4c21-a889-e5cd5fa4f49b,2026-09-29T00:28:01.268+00:00,2026-09-29T00:28:01.452+00:00,21072-30059,washers,20483408,72000000,2026-09-29 00:28:01,2024-12-20 00:43:32,0,55986269.0,-55986269.0,,Available,website maps this code to Available
1,b6729895-e6b3-4c21-a889-e5cd5fa4f49b,2026-09-29T00:28:01.268+00:00,2026-09-29T00:28:01.452+00:00,21072-30059,washers,50170055,42000000,2026-09-29 00:28:01,2026-09-29 00:13:11,41,890.0,1570.0,27,Running,
1,b6729895-e6b3-4c21-a889-e5cd5fa4f49b,2026-09-29T00:28:01.268+00:00,2026-09-29T00:28:01.452+00:00,21072-30059,dryers,50170058,D2000000,2026-09-29 00:28:01,2026-09-26 17:53:29,45,196472.0,-193772.0,,Start Mode After PF,
1,b6729895-e6b3-4c21-a889-e5cd5fa4f49b,2026-09-29T00:28:01.268+00:00,2026-09-29T00:28:01.452+00:00,21072-30059,dryers,50170061,52000000,2026-09-29 00:28:01,2026-09-29 00:24:05,23,236.0,1144.0,,Finished,
1,b6729895-e6b3-4c21-a889-e5cd5fa4f49b,2026-09-29T00:28:01.268+00:00,2026-09-29T00:28:01.452+00:00,21072-30059,dryers,50170081,52000000,2026-09-29 00:28:01,2026-09-29 00:26:21,23,100.0,1280.0,,Finished,
1,b6729895-e6b3-4c21-a889-e5cd5fa4f49b,2026-09-29T00:28:01.268+00:00,2026-09-29T00:28:01.452+00:00,21072-30059,dryers,50170060,42000000,2026-09-29 00:28:01,2026-09-29 00:19:17,10,524.0,76.0,2,Running,
1,b6729895-e6b3-4c21-a889-e5cd5fa4f49b,2026-09-29T00:28:01.268+00:00,2026-09-29T00:28:01.452+00:00,21072-30059,dryers,50170087,42000000,2026-09-29 00:28:01,2026-09-29 00:18:31,10,570.0,30.0,1,Running,
1,b6729895-e6b3-4c21-a889-e5cd5fa4f49b,2026-09-29T00:28:01.268+00:00,2026-09-29T00:28:01.452+00:00,21072-30059,dryers,50170064,42000000,2026-09-29 00:28:01,2026-09-28 23:40:10,60,2871.0,729.0,13,Running,
1,b6729895-e6b3-4c21-a889-e5cd5fa4f49b,2026-09-29T00:28:01.268+00:00,2026-09-29T00:28:01.452+00:00,21072-30059,dryers,50170065,42000000,2026-09-29 00:28:01,2026-09-29 00:26:45,10,76.0,524.0,9,Running,
1,b6729895-e6b3-4c21-a889-e5cd5fa4f49b,2026-09-29T00:28:01.268+00:00,2026-09-29T00:28:01.452+00:00,21072-30059,dryers,50170059,42000000,2026-09-29 00:28:01,2026-09-29 00:23:58,10,243.0,357.0,6,Running,
1,b6729895-e6b3-4c21-a889-e5cd5fa4f49b,2026-09-29T00:28:01.268+00:00,2026-09-29T00:28:01.452+00:00,21072-30059,dryers,50170057,42000000,2026-09-29 00:28:01,2026-09-28 23:32:22,67,3339.0,681.0,12,Running,
1,b6729895-e6b3-4c21-a889-e5cd5fa4f49b,2026-09-29T00:28:01.268+00:00,2026-09-29T00:28:01.452+00:00,21072-30059,dryers,50170062,72000000,2026-09-29 00:28:01,2026-09-28 07:02:52,46,62709.0,-59949.0,,Available,website maps this code to Available
1,b6729895-e6b3-4c21-a889-e5cd5fa4f49b,2026-09-29T00:28:01.268+00:00,2026-09-29T00:28:01.452+00:00,21072-30059,dryers,50170067,42000000,2026-09-29 00:28:01,2026-09-29 00:20:56,10,425.0,175.0,3,Running,
1,b6729895-e6b3-4c21-a889-e5cd5fa4f49b,2026-09-29T00:28:01.268+00:00,2026-09-29T00:28:01.452+00:00,21072-30059,dryers,50170074,42000000,2026-09-29 00:28:01,2026-09-28 23:48:16,51,2385.0,675.0,12,Running,
1,b6729895-e6b3-4c21-a889-e5cd5fa4f49b,2026-09-29T00:28:01.268+00:00,2026-09-29T00:28:01.452+00:00,21072-30059,dryers,50170071,42000000,2026-09-29 00:28:01,2026-09-29 00:19:56,10,485.0,115.0,2,Running,
1,b6729895-e6b3-4c21-a889-e5cd5fa4f49b,2026-09-29T00:28:01.268+00:00,2026-09-29T00:28:01.452+00:00,21072-30059,dryers,50170054,42000000,2026-09-29 00:28:01,2026-09-28 23:48:57,53,2344.0,836.0,14,Running,
1,47faa071-795c-4b75-925a-d331843952dc,2026-09-29T00:29:01.302+00:00,2026-09-29T00:29:01.494+00:00,21072-30059,washers,50170051,52000000,2026-09-29 00:29:01,2026-09-29 00:10:50,29,1091.0,649.0,,Finished,
1,47faa071-795c-4b75-925a-d331843952dc,2026-09-29T00:29:01.302+00:00,2026-09-29T00:29:01.494+00:00,21072-30059,washers,50170080,52000000,2026-09-29 00:29:01,2026-09-29 00:23:23,29,338.0,1402.0,,Finished,
1,47faa071-795c-4b75-925a-d331843952dc,2026-09-29T00:29:01.302+00:00,2026-09-29T00:29:01.494+00:00,21072-30059,washers,50170075,42000000,2026-09-29 00:29:01,2026-09-29 00:13:05,41,956.0,1504.0,26,Running,
1,47faa071-795c-4b75-925a-d331843952dc,2026-09-29T00:29:01.302+00:00,2026-09-29T00:29:01.494+00:00,21072-30059,washers,50170082,72000000,2026-09-29 00:29:01,2026-09-28 23:42:22,29,2799.0,-1059.0,,Available,website maps this code to Available
1,47faa071-795c-4b75-925a-d331843952dc,2026-09-29T00:29:01.302+00:00,2026-09-29T00:29:01.494+00:00,21072-30059,washers,50170050,52000000,2026-09-29 00:29:01,2026-09-29 00:07:42,29,1279.0,461.0,,Finished,
1,47faa071-795c-4b75-925a-d331843952dc,2026-09-29T00:29:01.302+00:00,2026-09-29T00:29:01.494+00:00,21072-30059,washers,50170052,72000000,2026-09-29 00:29:01,2026-09-28 23:45:08,29,2633.0,-893.0,,Available,website maps this code to Available
1,47faa071-795c-4b75-925a-d331843952dc,2026-09-29T00:29:01.302+00:00,2026-09-29T00:29:01.494+00:00,21072-30059,washers,50170078,72000000,2026-09-29 00:29:01,2026-09-28 23:35:24,29,3217.0,-1477.0,,Available,website maps this code to Available
1,47faa071-795c-4b75-925a-d331843952dc,2026-09-29T00:29:01.302+00:00,2026-09-29T00:29:01.494+00:00,21072-30059,washers,50170084,72000000,2026-09-29 00:29:01,2026-09-28 23:34:36,29,3265.0,-1525.0,,Available,website maps this code to Available
1,47faa071-795c-4b75-925a-d331843952dc,2026-09-29T00:29:01.302+00:00,2026-09-29T00:29:01.494+00:00,21072-30059,washers,50170068,72000000,2026-09-29 00:29:01,2026-09-28 23:32:25,29,3396.0,-1656.0,,Available,website maps this code to Available
1,47faa071-795c-4b75-925a-d331843952dc,2026-09-29T00:29:01.302+00:00,2026-09-29T00:29:01.494+00:00,21072-30059,washers,50170072,52000000,2026-09-29 00:29:01,2026-09-29 00:11:04,29,1077.0,663.0,,Finished,
1,47faa071-795c-4b75-925a-d331843952dc,2026-09-29T00:29:01.302+00:00,2026-09-29T00:29:01.494+00:00,21072-30059,washers,20483408,72000000,2026-09-29 00:29:01,2024-12-20 00:43:32,0,55986329.0,-55986329.0,,Available,website maps this code to Available
1,47faa071-795c-4b75-925a-d331843952dc,2026-09-29T00:29:01.302+00:00,2026-09-29T00:29:01.494+00:00,21072-30059,washers,50170055,42000000,2026-09-29 00:29:01,2026-09-29 00:13:11,41,950.0,1510.0,26,Running,
1,47faa071-795c-4b75-925a-d331843952dc,2026-09-29T00:29:01.302+00:00,2026-09-29T00:29:01.494+00:00,21072-30059,dryers,50170058,D2000000,2026-09-29 00:29:01,2026-09-26 17:53:29,45,196532.0,-193832.0,,Start Mode After PF,
1,47faa071-795c-4b75-925a-d331843952dc,2026-09-29T00:29:01.302+00:00,2026-09-29T00:29:01.494+00:00,21072-30059,dryers,50170061,52000000,2026-09-29 00:29:01,2026-09-29 00:24:05,23,296.0,1084.0,,Finished,
1,47faa071-795c-4b75-925a-d331843952dc,2026-09-29T00:29:01.302+00:00,2026-09-29T00:29:01.494+00:00,21072-30059,dryers,50170081,52000000,2026-09-29 00:29:01,2026-09-29 00:26:21,23,160.0,1220.0,,Finished,
1,47faa071-795c-4b75-925a-d331843952dc,2026-09-29T00:29:01.302+00:00,2026-09-29T00:29:01.494+00:00,21072-30059,dryers,50170060,42000000,2026-09-29 00:29:01,2026-09-29 00:19:17,10,584.0,16.0,1,Running,
1,47faa071-795c-4b75-925a-d331843952dc,2026-09-29T00:29:01.302+00:00,2026-09-29T00:29:01.494+00:00,21072-30059,dryers,50170087,52000000,2026-09-29 00:29:01,2026-09-29 00:28:42,23,19.0,1361.0,,Finished,
1,47faa071-795c-4b75-925a-d331843952dc,2026-09-29T00:29:01.302+00:00,2026-09-29T00:29:01.494+00:00,21072-30059,dryers,50170064,42000000,2026-09-29 00:29:01,2026-09-28 23:40:10,60,2931.0,669.0,12,Running,
1,47faa071-795c-4b75-925a-d331843952dc,2026-09-29T00:29:01.302+00:00,2026-09-29T00:29:01.494+00:00,21072-30059,dryers,50170065,42000000,2026-09-29 00:29:01,2026-09-29 00:26:45,10,136.0,464.0,8,Running,
1,47faa071-795c-4b75-925a-d331843952dc,2026-09-29T00:29:01.302+00:00,2026-09-29T00:29:01.494+00:00,21072-30059,dryers,50170059,42000000,2026-09-29 00:29:01,2026-09-29 00:23:58,10,303.0,297.0,5,Running,
1,47faa071-795c-4b75-925a-d331843952dc,2026-09-29T00:29:01.302+00:00,2026-09-29T00:29:01.494+00:00,21072-30059,dryers,50170057,42000000,2026-09-29 00:29:01,2026-09-28 23:32:22,67,3399.0,621.0,11,Running,
1,47faa071-795c-4b75-925a-d331843952dc,2026-09-29T00:29:01.302+00:00,2026-09-29T00:29:01.494+00:00,21072-30059,dryers,50170062,72000000,2026-09-29 00:29:01,2026-09-28 07:02:52,46,62769.0,-60009.0,,Available,website maps this code to Available
1,47faa071-795c-4b75-925a-d331843952dc,2026-09-29T00:29:01.302+00:00,2026-09-29T00:29:01.494+00:00,21072-30059,dryers,50170067,42000000,2026-09-29 00:29:01,2026-09-29 00:20:56,10,485.0,115.0,2,Running,
1,47faa071-795c-4b75-925a-d331843952dc,2026-09-29T00:29:01.302+00:00,2026-09-29T00:29:01.494+00:00,21072-30059,dryers,50170074,42000000,2026-09-29 00:29:01,2026-09-29 00:28:50,10,11.0,589.0,10,Running,
1,47faa071-795c-4b75-925a-d331843952dc,2026-09-29T00:29:01.302+00:00,2026-09-29T00:29:01.494+00:00,21072-30059,dryers,50170071,42000000,2026-09-29 00:29:01,2026-09-29 00:19:56,10,545.0,55.0,1,Running,
1,47faa071-795c-4b75-925a-d331843952dc,2026-09-29T00:29:01.302+00:00,2026-09-29T00:29:01.494+00:00,21072-30059,dryers,50170054,42000000,2026-09-29 00:29:01,2026-09-28 23:48:57,53,2404.0,776.0,13,Running,
1,6f372476-9baa-4cb4-a8ad-085ba0bdf6a6,2026-09-29T00:30:01.344+00:00,2026-09-29T00:30:01.580+00:00,21072-30059,washers,50170051,52000000,2026-09-29 00:30:01,2026-09-29 00:10:50,29,1151.0,589.0,,Finished,
1,6f372476-9baa-4cb4-a8ad-085ba0bdf6a6,2026-09-29T00:30:01.344+00:00,2026-09-29T00:30:01.580+00:00,21072-30059,washers,50170080,72000000,2026-09-29 00:30:01,2026-09-29 00:29:29,29,32.0,1708.0,,Available,website maps this code to Available
1,6f372476-9baa-4cb4-a8ad-085ba0bdf6a6,2026-09-29T00:30:01.344+00:00,2026-09-29T00:30:01.580+00:00,21072-30059,washers,50170075,42000000,2026-09-29 00:30:01,2026-09-29 00:13:05,41,1016.0,1444.0,25,Running,
1,6f372476-9baa-4cb4-a8ad-085ba0bdf6a6,2026-09-29T00:30:01.344+00:00,2026-09-29T00:30:01.580+00:00,21072-30059,washers,50170082,72000000,2026-09-29 00:30:01,2026-09-28 23:42:22,29,2859.0,-1119.0,,Available,website maps this code to Available
1,6f372476-9baa-4cb4-a8ad-085ba0bdf6a6,2026-09-29T00:30:01.344+00:00,2026-09-29T00:30:01.580+00:00,21072-30059,washers,50170050,52000000,2026-09-29 00:30:01,2026-09-29 00:07:42,29,1339.0,401.0,,Finished,
1,6f372476-9baa-4cb4-a8ad-085ba0bdf6a6,2026-09-29T00:30:01.344+00:00,2026-09-29T00:30:01.580+00:00,21072-30059,washers,50170052,72000000,2026-09-29 00:30:01,2026-09-28 23:45:08,29,2693.0,-953.0,,Available,website maps this code to Available
1,6f372476-9baa-4cb4-a8ad-085ba0bdf6a6,2026-09-29T00:30:01.344+00:00,2026-09-29T00:30:01.580+00:00,21072-30059,washers,50170078,72000000,2026-09-29 00:30:01,2026-09-28 23:35:24,29,3277.0,-1537.0,,Available,website maps this code to Available
1,6f372476-9baa-4cb4-a8ad-085ba0bdf6a6,2026-09-29T00:30:01.344+00:00,2026-09-29T00:30:01.580+00:00,21072-30059,washers,50170084,72000000,2026-09-29 00:30:01,2026-09-28 23:34:36,29,3325.0,-1585.0,,Available,website maps this code to Available
1,6f372476-9baa-4cb4-a8ad-085ba0bdf6a6,2026-09-29T00:30:01.344+00:00,2026-09-29T00:30:01.580+00:00,21072-30059,washers,50170068,72000000,2026-09-29 00:30:01,2026-09-28 23:32:25,29,3456.0,-1716.0,,Available,website maps this code to Available
1,6f372476-9baa-4cb4-a8ad-085ba0bdf6a6,2026-09-29T00:30:01.344+00:00,2026-09-29T00:30:01.580+00:00,21072-30059,washers,50170072,52000000,2026-09-29 00:30:01,2026-09-29 00:11:04,29,1137.0,603.0,,Finished,
1,6f372476-9baa-4cb4-a8ad-085ba0bdf6a6,2026-09-29T00:30:01.344+00:00,2026-09-29T00:30:01.580+00:00,21072-30059,washers,20483408,72000000,2026-09-29 00:30:01,2024-12-20 00:43:32,0,55986389.0,-55986389.0,,Available,website maps this code to Available
1,6f372476-9baa-4cb4-a8ad-085ba0bdf6a6,2026-09-29T00:30:01.344+00:00,2026-09-29T00:30:01.580+00:00,21072-30059,washers,50170055,42000000,2026-09-29 00:30:01,2026-09-29 00:13:11,41,1010.0,1450.0,25,Running,
1,6f372476-9baa-4cb4-a8ad-085ba0bdf6a6,2026-09-29T00:30:01.344+00:00,2026-09-29T00:30:01.580+00:00,21072-30059,dryers,50170058,D2000000,2026-09-29 00:30:01,2026-09-26 17:53:29,45,196592.0,-193892.0,,Start Mode After PF,
1,6f372476-9baa-4cb4-a8ad-085ba0bdf6a6,2026-09-29T00:30:01.344+00:00,2026-09-29T00:30:01.580+00:00,21072-30059,dryers,50170061,52000000,2026-09-29 00:30:01,2026-09-29 00:24:05,23,356.0,1024.0,,Finished,
1,6f372476-9baa-4cb4-a8ad-085ba0bdf6a6,2026-09-29T00:30:01.344+00:00,2026-09-29T00:30:01.580+00:00,21072-30059,dryers,50170081,52000000,2026-09-29 00:30:01,2026-09-29 00:26:21,23,220.0,1160.0,,Finished,
1,6f372476-9baa-4cb4-a8ad-085ba0bdf6a6,2026-09-29T00:30:01.344+00:00,2026-09-29T00:30:01.580+00:00,21072-30059,dryers,50170060,52000000,2026-09-29 00:30:01,2026-09-29 00:29:27,23,34.0,1346.0,,Finished,
1,6f372476-9baa-4cb4-a8ad-085ba0bdf6a6,2026-09-29T00:30:01.344+00:00,2026-09-29T00:30:01.580+00:00,21072-30059,dryers,50170087,52000000,2026-09-29 00:30:01,2026-09-29 00:28:42,23,79.0,1301.0,,Finished,
1,6f372476-9baa-4cb4-a8ad-085ba0bdf6a6,2026-09-29T00:30:01.344+00:00,2026-09-29T00:30:01.580+00:00,21072-30059,dryers,50170064,42000000,2026-09-29 00:30:01,2026-09-29 00:29:52,10,9.0,591.0,10,Running,
1,6f372476-9baa-4cb4-a8ad-085ba0bdf6a6,2026-09-29T00:30:01.344+00:00,2026-09-29T00:30:01.580+00:00,21072-30059,dryers,50170065,42000000,2026-09-29 00:30:01,2026-09-29 00:26:45,10,196.0,404.0,7,Running,
1,6f372476-9baa-4cb4-a8ad-085ba0bdf6a6,2026-09-29T00:30:01.344+00:00,2026-09-29T00:30:01.580+00:00,21072-30059,dryers,50170059,42000000,2026-09-29 00:30:01,2026-09-29 00:23:58,10,363.0,237.0,4,Running,
1,6f372476-9baa-4cb4-a8ad-085ba0bdf6a6,2026-09-29T00:30:01.344+00:00,2026-09-29T00:30:01.580+00:00,21072-30059,dryers,50170057,42000000,2026-09-29 00:30:01,2026-09-29 00:29:10,10,51.0,549.0,10,Running,
1,6f372476-9baa-4cb4-a8ad-085ba0bdf6a6,2026-09-29T00:30:01.344+00:00,2026-09-29T00:30:01.580+00:00,21072-30059,dryers,50170062,72000000,2026-09-29 00:30:01,2026-09-28 07:02:52,46,62829.0,-60069.0,,Available,website maps this code to Available
1,6f372476-9baa-4cb4-a8ad-085ba0bdf6a6,2026-09-29T00:30:01.344+00:00,2026-09-29T00:30:01.580+00:00,21072-30059,dryers,50170067,42000000,2026-09-29 00:30:01,2026-09-29 00:20:56,10,545.0,55.0,1,Running,
1,6f372476-9baa-4cb4-a8ad-085ba0bdf6a6,2026-09-29T00:30:01.344+00:00,2026-09-29T00:30:01.580+00:00,21072-30059,dryers,50170074,42000000,2026-09-29 00:30:01,2026-09-29 00:28:50,10,71.0,529.0,9,Running,
1,6f372476-9baa-4cb4-a8ad-085ba0bdf6a6,2026-09-29T00:30:01.344+00:00,2026-09-29T00:30:01.580+00:00,21072-30059,dryers,50170071,42000000,2026-09-29 00:30:01,2026-09-29 00:19:56,10,605.0,-5.0,,Available,website fallback: countdown expired
1,6f372476-9baa-4cb4-a8ad-085ba0bdf6a6,2026-09-29T00:30:01.344+00:00,2026-09-29T00:30:01.580+00:00,21072-30059,dryers,50170054,42000000,2026-09-29 00:30:01,2026-09-28 23:48:57,53,2464.0,716.0,12,Running,
1,95847443-af26-459f-b91f-fcaf509b2afa,2026-09-29T00:31:01.392+00:00,2026-09-29T00:31:01.586+00:00,21072-30059,washers,50170051,52000000,2026-09-29 00:31:01,2026-09-29 00:10:50,29,1211.0,529.0,,Finished,
1,95847443-af26-459f-b91f-fcaf509b2afa,2026-09-29T00:31:01.392+00:00,2026-09-29T00:31:01.586+00:00,21072-30059,washers,50170080,72000000,2026-09-29 00:31:01,2026-09-29 00:29:29,29,92.0,1648.0,,Available,website maps this code to Available
1,95847443-af26-459f-b91f-fcaf509b2afa,2026-09-29T00:31:01.392+00:00,2026-09-29T00:31:01.586+00:00,21072-30059,washers,50170075,42000000,2026-09-29 00:31:01,2026-09-29 00:13:05,41,1076.0,1384.0,24,Running,
1,95847443-af26-459f-b91f-fcaf509b2afa,2026-09-29T00:31:01.392+00:00,2026-09-29T00:31:01.586+00:00,21072-30059,washers,50170082,72000000,2026-09-29 00:31:01,2026-09-28 23:42:22,29,2919.0,-1179.0,,Available,website maps this code to Available
1,95847443-af26-459f-b91f-fcaf509b2afa,2026-09-29T00:31:01.392+00:00,2026-09-29T00:31:01.586+00:00,21072-30059,washers,50170050,52000000,2026-09-29 00:31:01,2026-09-29 00:07:42,29,1399.0,341.0,,Finished,
1,95847443-af26-459f-b91f-fcaf509b2afa,2026-09-29T00:31:01.392+00:00,2026-09-29T00:31:01.586+00:00,21072-30059,washers,50170052,72000000,2026-09-29 00:31:01,2026-09-28 23:45:08,29,2753.0,-1013.0,,Available,website maps this code to Available
1,95847443-af26-459f-b91f-fcaf509b2afa,2026-09-29T00:31:01.392+00:00,2026-09-29T00:31:01.586+00:00,21072-30059,washers,50170078,72000000,2026-09-29 00:31:01,2026-09-28 23:35:24,29,3337.0,-1597.0,,Available,website maps this code to Available
1,95847443-af26-459f-b91f-fcaf509b2afa,2026-09-29T00:31:01.392+00:00,2026-09-29T00:31:01.586+00:00,21072-30059,washers,50170084,72000000,2026-09-29 00:31:01,2026-09-28 23:34:36,29,3385.0,-1645.0,,Available,website maps this code to Available
1,95847443-af26-459f-b91f-fcaf509b2afa,2026-09-29T00:31:01.392+00:00,2026-09-29T00:31:01.586+00:00,21072-30059,washers,50170068,72000000,2026-09-29 00:31:01,2026-09-28 23:32:25,29,3516.0,-1776.0,,Available,website maps this code to Available
1,95847443-af26-459f-b91f-fcaf509b2afa,2026-09-29T00:31:01.392+00:00,2026-09-29T00:31:01.586+00:00,21072-30059,washers,50170072,52000000,2026-09-29 00:31:01,2026-09-29 00:11:04,29,1197.0,543.0,,Finished,
1,95847443-af26-459f-b91f-fcaf509b2afa,2026-09-29T00:31:01.392+00:00,2026-09-29T00:31:01.586+00:00,21072-30059,washers,20483408,72000000,2026-09-29 00:31:01,2024-12-20 00:43:32,0,55986449.0,-55986449.0,,Available,website maps this code to Available
1,95847443-af26-459f-b91f-fcaf509b2afa,2026-09-29T00:31:01.392+00:00,2026-09-29T00:31:01.586+00:00,21072-30059,washers,50170055,42000000,2026-09-29 00:31:01,2026-09-29 00:13:11,41,1070.0,1390.0,24,Running,
1,95847443-af26-459f-b91f-fcaf509b2afa,2026-09-29T00:31:01.392+00:00,2026-09-29T00:31:01.586+00:00,21072-30059,dryers,50170058,D2000000,2026-09-29 00:31:01,2026-09-26 17:53:29,45,196652.0,-193952.0,,Start Mode After PF,
1,95847443-af26-459f-b91f-fcaf509b2afa,2026-09-29T00:31:01.392+00:00,2026-09-29T00:31:01.586+00:00,21072-30059,dryers,50170061,52000000,2026-09-29 00:31:01,2026-09-29 00:24:05,23,416.0,964.0,,Finished,
1,95847443-af26-459f-b91f-fcaf509b2afa,2026-09-29T00:31:01.392+00:00,2026-09-29T00:31:01.586+00:00,21072-30059,dryers,50170081,52000000,2026-09-29 00:31:01,2026-09-29 00:26:21,23,280.0,1100.0,,Finished,
1,95847443-af26-459f-b91f-fcaf509b2afa,2026-09-29T00:31:01.392+00:00,2026-09-29T00:31:01.586+00:00,21072-30059,dryers,50170060,52000000,2026-09-29 00:31:01,2026-09-29 00:29:27,23,94.0,1286.0,,Finished,
1,95847443-af26-459f-b91f-fcaf509b2afa,2026-09-29T00:31:01.392+00:00,2026-09-29T00:31:01.586+00:00,21072-30059,dryers,50170087,52000000,2026-09-29 00:31:01,2026-09-29 00:28:42,23,139.0,1241.0,,Finished,
1,95847443-af26-459f-b91f-fcaf509b2afa,2026-09-29T00:31:01.392+00:00,2026-09-29T00:31:01.586+00:00,21072-30059,dryers,50170064,42000000,2026-09-29 00:31:01,2026-09-29 00:29:52,10,69.0,531.0,9,Running,
1,95847443-af26-459f-b91f-fcaf509b2afa,2026-09-29T00:31:01.392+00:00,2026-09-29T00:31:01.586+00:00,21072-30059,dryers,50170065,42000000,2026-09-29 00:31:01,2026-09-29 00:26:45,10,256.0,344.0,6,Running,
1,95847443-af26-459f-b91f-fcaf509b2afa,2026-09-29T00:31:01.392+00:00,2026-09-29T00:31:01.586+00:00,21072-30059,dryers,50170059,42000000,2026-09-29 00:31:01,2026-09-29 00:23:58,10,423.0,177.0,3,Running,
1,95847443-af26-459f-b91f-fcaf509b2afa,2026-09-29T00:31:01.392+00:00,2026-09-29T00:31:01.586+00:00,21072-30059,dryers,50170057,42000000,2026-09-29 00:31:01,2026-09-29 00:29:10,10,111.0,489.0,9,Running,
1,95847443-af26-459f-b91f-fcaf509b2afa,2026-09-29T00:31:01.392+00:00,2026-09-29T00:31:01.586+00:00,21072-30059,dryers,50170062,72000000,2026-09-29 00:31:01,2026-09-28 07:02:52,46,62889.0,-60129.0,,Available,website maps this code to Available
1,95847443-af26-459f-b91f-fcaf509b2afa,2026-09-29T00:31:01.392+00:00,2026-09-29T00:31:01.586+00:00,21072-30059,dryers,50170067,42000000,2026-09-29 00:31:01,2026-09-29 00:20:56,10,605.0,-5.0,,Available,website fallback: countdown expired
1,95847443-af26-459f-b91f-fcaf509b2afa,2026-09-29T00:31:01.392+00:00,2026-09-29T00:31:01.586+00:00,21072-30059,dryers,50170074,42000000,2026-09-29 00:31:01,2026-09-29 00:28:50,10,131.0,469.0,8,Running,
1,95847443-af26-459f-b91f-fcaf509b2afa,2026-09-29T00:31:01.392+00:00,2026-09-29T00:31:01.586+00:00,21072-30059,dryers,50170071,52000000,2026-09-29 00:31:01,2026-09-29 00:30:07,23,54.0,1326.0,,Finished,
1,95847443-af26-459f-b91f-fcaf509b2afa,2026-09-29T00:31:01.392+00:00,2026-09-29T00:31:01.586+00:00,21072-30059,dryers,50170054,42000000,2026-09-29 00:31:01,2026-09-28 23:48:57,53,2524.0,656.0,11,Running,
1,939681f1-c98e-4436-b099-47681276b6c5,2026-09-29T00:32:01.286+00:00,2026-09-29T00:32:01.485+00:00,21072-30059,washers,50170051,52000000,2026-09-29 00:32:01,2026-09-29 00:10:50,29,1271.0,469.0,,Finished,
1,939681f1-c98e-4436-b099-47681276b6c5,2026-09-29T00:32:01.286+00:00,2026-09-29T00:32:01.485+00:00,21072-30059,washers,50170080,72000000,2026-09-29 00:32:01,2026-09-29 00:29:29,29,152.0,1588.0,,Available,website maps this code to Available
1,939681f1-c98e-4436-b099-47681276b6c5,2026-09-29T00:32:01.286+00:00,2026-09-29T00:32:01.485+00:00,21072-30059,washers,50170075,42000000,2026-09-29 00:32:01,2026-09-29 00:13:05,41,1136.0,1324.0,23,Running,
1,939681f1-c98e-4436-b099-47681276b6c5,2026-09-29T00:32:01.286+00:00,2026-09-29T00:32:01.485+00:00,21072-30059,washers,50170082,72000000,2026-09-29 00:32:01,2026-09-28 23:42:22,29,2979.0,-1239.0,,Available,website maps this code to Available
1,939681f1-c98e-4436-b099-47681276b6c5,2026-09-29T00:32:01.286+00:00,2026-09-29T00:32:01.485+00:00,21072-30059,washers,50170050,52000000,2026-09-29 00:32:01,2026-09-29 00:07:42,29,1459.0,281.0,,Finished,
1,939681f1-c98e-4436-b099-47681276b6c5,2026-09-29T00:32:01.286+00:00,2026-09-29T00:32:01.485+00:00,21072-30059,washers,50170052,72000000,2026-09-29 00:32:01,2026-09-28 23:45:08,29,2813.0,-1073.0,,Available,website maps this code to Available
1,939681f1-c98e-4436-b099-47681276b6c5,2026-09-29T00:32:01.286+00:00,2026-09-29T00:32:01.485+00:00,21072-30059,washers,50170078,72000000,2026-09-29 00:32:01,2026-09-28 23:35:24,29,3397.0,-1657.0,,Available,website maps this code to Available
1,939681f1-c98e-4436-b099-47681276b6c5,2026-09-29T00:32:01.286+00:00,2026-09-29T00:32:01.485+00:00,21072-30059,washers,50170084,72000000,2026-09-29 00:32:01,2026-09-28 23:34:36,29,3445.0,-1705.0,,Available,website maps this code to Available
1,939681f1-c98e-4436-b099-47681276b6c5,2026-09-29T00:32:01.286+00:00,2026-09-29T00:32:01.485+00:00,21072-30059,washers,50170068,72000000,2026-09-29 00:32:01,2026-09-28 23:32:25,29,3576.0,-1836.0,,Available,website maps this code to Available
1,939681f1-c98e-4436-b099-47681276b6c5,2026-09-29T00:32:01.286+00:00,2026-09-29T00:32:01.485+00:00,21072-30059,washers,50170072,52000000,2026-09-29 00:32:01,2026-09-29 00:11:04,29,1257.0,483.0,,Finished,
1,939681f1-c98e-4436-b099-47681276b6c5,2026-09-29T00:32:01.286+00:00,2026-09-29T00:32:01.485+00:00,21072-30059,washers,20483408,72000000,2026-09-29 00:32:01,2024-12-20 00:43:32,0,55986509.0,-55986509.0,,Available,website maps this code to Available
1,939681f1-c98e-4436-b099-47681276b6c5,2026-09-29T00:32:01.286+00:00,2026-09-29T00:32:01.485+00:00,21072-30059,washers,50170055,42000000,2026-09-29 00:32:01,2026-09-29 00:13:11,41,1130.0,1330.0,23,Running,
1,939681f1-c98e-4436-b099-47681276b6c5,2026-09-29T00:32:01.286+00:00,2026-09-29T00:32:01.485+00:00,21072-30059,dryers,50170058,D2000000,2026-09-29 00:32:01,2026-09-26 17:53:29,45,196712.0,-194012.0,,Start Mode After PF,
1,939681f1-c98e-4436-b099-47681276b6c5,2026-09-29T00:32:01.286+00:00,2026-09-29T00:32:01.485+00:00,21072-30059,dryers,50170061,52000000,2026-09-29 00:32:01,2026-09-29 00:24:05,23,476.0,904.0,,Finished,
1,939681f1-c98e-4436-b099-47681276b6c5,2026-09-29T00:32:01.286+00:00,2026-09-29T00:32:01.485+00:00,21072-30059,dryers,50170081,52000000,2026-09-29 00:32:01,2026-09-29 00:26:21,23,340.0,1040.0,,Finished,
1,939681f1-c98e-4436-b099-47681276b6c5,2026-09-29T00:32:01.286+00:00,2026-09-29T00:32:01.485+00:00,21072-30059,dryers,50170060,52000000,2026-09-29 00:32:01,2026-09-29 00:29:27,23,154.0,1226.0,,Finished,
1,939681f1-c98e-4436-b099-47681276b6c5,2026-09-29T00:32:01.286+00:00,2026-09-29T00:32:01.485+00:00,21072-30059,dryers,50170087,52000000,2026-09-29 00:32:01,2026-09-29 00:28:42,23,199.0,1181.0,,Finished,
1,939681f1-c98e-4436-b099-47681276b6c5,2026-09-29T00:32:01.286+00:00,2026-09-29T00:32:01.485+00:00,21072-30059,dryers,50170064,42000000,2026-09-29 00:32:01,2026-09-29 00:29:52,10,129.0,471.0,8,Running,
1,939681f1-c98e-4436-b099-47681276b6c5,2026-09-29T00:32:01.286+00:00,2026-09-29T00:32:01.485+00:00,21072-30059,dryers,50170065,42000000,2026-09-29 00:32:01,2026-09-29 00:26:45,10,316.0,284.0,5,Running,
1,939681f1-c98e-4436-b099-47681276b6c5,2026-09-29T00:32:01.286+00:00,2026-09-29T00:32:01.485+00:00,21072-30059,dryers,50170059,42000000,2026-09-29 00:32:01,2026-09-29 00:23:58,10,483.0,117.0,2,Running,
1,939681f1-c98e-4436-b099-47681276b6c5,2026-09-29T00:32:01.286+00:00,2026-09-29T00:32:01.485+00:00,21072-30059,dryers,50170057,42000000,2026-09-29 00:32:01,2026-09-29 00:29:10,10,171.0,429.0,8,Running,
1,939681f1-c98e-4436-b099-47681276b6c5,2026-09-29T00:32:01.286+00:00,2026-09-29T00:32:01.485+00:00,21072-30059,dryers,50170062,72000000,2026-09-29 00:32:01,2026-09-28 07:02:52,46,62949.0,-60189.0,,Available,website maps this code to Available
1,939681f1-c98e-4436-b099-47681276b6c5,2026-09-29T00:32:01.286+00:00,2026-09-29T00:32:01.485+00:00,21072-30059,dryers,50170067,52000000,2026-09-29 00:32:01,2026-09-29 00:31:06,23,55.0,1325.0,,Finished,
1,939681f1-c98e-4436-b099-47681276b6c5,2026-09-29T00:32:01.286+00:00,2026-09-29T00:32:01.485+00:00,21072-30059,dryers,50170074,42000000,2026-09-29 00:32:01,2026-09-29 00:28:50,10,191.0,409.0,7,Running,
1,939681f1-c98e-4436-b099-47681276b6c5,2026-09-29T00:32:01.286+00:00,2026-09-29T00:32:01.485+00:00,21072-30059,dryers,50170071,52000000,2026-09-29 00:32:01,2026-09-29 00:30:07,23,114.0,1266.0,,Finished,
1,939681f1-c98e-4436-b099-47681276b6c5,2026-09-29T00:32:01.286+00:00,2026-09-29T00:32:01.485+00:00,21072-30059,dryers,50170054,42000000,2026-09-29 00:32:01,2026-09-29 00:31:32,10,29.0,571.0,10,Running,
1,1aaa7b26-0824-4ef1-94d6-f1af75b71484,2026-09-29T00:33:01.292+00:00,2026-09-29T00:33:01.476+00:00,21072-30059,washers,50170051,52000000,2026-09-29 00:33:01,2026-09-29 00:10:50,29,1331.0,409.0,,Finished,
1,1aaa7b26-0824-4ef1-94d6-f1af75b71484,2026-09-29T00:33:01.292+00:00,2026-09-29T00:33:01.476+00:00,21072-30059,washers,50170080,72000000,2026-09-29 00:33:01,2026-09-29 00:29:29,29,212.0,1528.0,,Available,website maps this code to Available
1,1aaa7b26-0824-4ef1-94d6-f1af75b71484,2026-09-29T00:33:01.292+00:00,2026-09-29T00:33:01.476+00:00,21072-30059,washers,50170075,42000000,2026-09-29 00:33:01,2026-09-29 00:13:05,41,1196.0,1264.0,22,Running,
1,1aaa7b26-0824-4ef1-94d6-f1af75b71484,2026-09-29T00:33:01.292+00:00,2026-09-29T00:33:01.476+00:00,21072-30059,washers,50170082,72000000,2026-09-29 00:33:01,2026-09-28 23:42:22,29,3039.0,-1299.0,,Available,website maps this code to Available
1,1aaa7b26-0824-4ef1-94d6-f1af75b71484,2026-09-29T00:33:01.292+00:00,2026-09-29T00:33:01.476+00:00,21072-30059,washers,50170050,52000000,2026-09-29 00:33:01,2026-09-29 00:07:42,29,1519.0,221.0,,Finished,
1,1aaa7b26-0824-4ef1-94d6-f1af75b71484,2026-09-29T00:33:01.292+00:00,2026-09-29T00:33:01.476+00:00,21072-30059,washers,50170052,72000000,2026-09-29 00:33:01,2026-09-28 23:45:08,29,2873.0,-1133.0,,Available,website maps this code to Available
1,1aaa7b26-0824-4ef1-94d6-f1af75b71484,2026-09-29T00:33:01.292+00:00,2026-09-29T00:33:01.476+00:00,21072-30059,washers,50170078,72000000,2026-09-29 00:33:01,2026-09-28 23:35:24,29,3457.0,-1717.0,,Available,website maps this code to Available
1,1aaa7b26-0824-4ef1-94d6-f1af75b71484,2026-09-29T00:33:01.292+00:00,2026-09-29T00:33:01.476+00:00,21072-30059,washers,50170084,72000000,2026-09-29 00:33:01,2026-09-28 23:34:36,29,3505.0,-1765.0,,Available,website maps this code to Available
1,1aaa7b26-0824-4ef1-94d6-f1af75b71484,2026-09-29T00:33:01.292+00:00,2026-09-29T00:33:01.476+00:00,21072-30059,washers,50170068,72000000,2026-09-29 00:33:01,2026-09-28 23:32:25,29,3636.0,-1896.0,,Available,website maps this code to Available
1,1aaa7b26-0824-4ef1-94d6-f1af75b71484,2026-09-29T00:33:01.292+00:00,2026-09-29T00:33:01.476+00:00,21072-30059,washers,50170072,52000000,2026-09-29 00:33:01,2026-09-29 00:11:04,29,1317.0,423.0,,Finished,
1,1aaa7b26-0824-4ef1-94d6-f1af75b71484,2026-09-29T00:33:01.292+00:00,2026-09-29T00:33:01.476+00:00,21072-30059,washers,20483408,72000000,2026-09-29 00:33:01,2024-12-20 00:43:32,0,55986569.0,-55986569.0,,Available,website maps this code to Available
1,1aaa7b26-0824-4ef1-94d6-f1af75b71484,2026-09-29T00:33:01.292+00:00,2026-09-29T00:33:01.476+00:00,21072-30059,washers,50170055,42000000,2026-09-29 00:33:01,2026-09-29 00:13:11,41,1190.0,1270.0,22,Running,
1,1aaa7b26-0824-4ef1-94d6-f1af75b71484,2026-09-29T00:33:01.292+00:00,2026-09-29T00:33:01.476+00:00,21072-30059,dryers,50170058,D2000000,2026-09-29 00:33:01,2026-09-26 17:53:29,45,196772.0,-194072.0,,Start Mode After PF,
1,1aaa7b26-0824-4ef1-94d6-f1af75b71484,2026-09-29T00:33:01.292+00:00,2026-09-29T00:33:01.476+00:00,21072-30059,dryers,50170061,52000000,2026-09-29 00:33:01,2026-09-29 00:24:05,23,536.0,844.0,,Finished,
1,1aaa7b26-0824-4ef1-94d6-f1af75b71484,2026-09-29T00:33:01.292+00:00,2026-09-29T00:33:01.476+00:00,21072-30059,dryers,50170081,52000000,2026-09-29 00:33:01,2026-09-29 00:26:21,23,400.0,980.0,,Finished,
1,1aaa7b26-0824-4ef1-94d6-f1af75b71484,2026-09-29T00:33:01.292+00:00,2026-09-29T00:33:01.476+00:00,21072-30059,dryers,50170060,52000000,2026-09-29 00:33:01,2026-09-29 00:29:27,23,214.0,1166.0,,Finished,
1,1aaa7b26-0824-4ef1-94d6-f1af75b71484,2026-09-29T00:33:01.292+00:00,2026-09-29T00:33:01.476+00:00,21072-30059,dryers,50170087,52000000,2026-09-29 00:33:01,2026-09-29 00:28:42,23,259.0,1121.0,,Finished,
1,1aaa7b26-0824-4ef1-94d6-f1af75b71484,2026-09-29T00:33:01.292+00:00,2026-09-29T00:33:01.476+00:00,21072-30059,dryers,50170064,42000000,2026-09-29 00:33:01,2026-09-29 00:29:52,10,189.0,411.0,7,Running,
1,1aaa7b26-0824-4ef1-94d6-f1af75b71484,2026-09-29T00:33:01.292+00:00,2026-09-29T00:33:01.476+00:00,21072-30059,dryers,50170065,42000000,2026-09-29 00:33:01,2026-09-29 00:26:45,10,376.0,224.0,4,Running,
1,1aaa7b26-0824-4ef1-94d6-f1af75b71484,2026-09-29T00:33:01.292+00:00,2026-09-29T00:33:01.476+00:00,21072-30059,dryers,50170059,42000000,2026-09-29 00:33:01,2026-09-29 00:23:58,10,543.0,57.0,1,Running,
1,1aaa7b26-0824-4ef1-94d6-f1af75b71484,2026-09-29T00:33:01.292+00:00,2026-09-29T00:33:01.476+00:00,21072-30059,dryers,50170057,42000000,2026-09-29 00:33:01,2026-09-29 00:29:10,10,231.0,369.0,7,Running,
1,1aaa7b26-0824-4ef1-94d6-f1af75b71484,2026-09-29T00:33:01.292+00:00,2026-09-29T00:33:01.476+00:00,21072-30059,dryers,50170062,72000000,2026-09-29 00:33:01,2026-09-28 07:02:52,46,63009.0,-60249.0,,Available,website maps this code to Available
1,1aaa7b26-0824-4ef1-94d6-f1af75b71484,2026-09-29T00:33:01.292+00:00,2026-09-29T00:33:01.476+00:00,21072-30059,dryers,50170067,52000000,2026-09-29 00:33:01,2026-09-29 00:31:06,23,115.0,1265.0,,Finished,
1,1aaa7b26-0824-4ef1-94d6-f1af75b71484,2026-09-29T00:33:01.292+00:00,2026-09-29T00:33:01.476+00:00,21072-30059,dryers,50170074,42000000,2026-09-29 00:33:01,2026-09-29 00:28:50,10,251.0,349.0,6,Running,
1,1aaa7b26-0824-4ef1-94d6-f1af75b71484,2026-09-29T00:33:01.292+00:00,2026-09-29T00:33:01.476+00:00,21072-30059,dryers,50170071,52000000,2026-09-29 00:33:01,2026-09-29 00:30:07,23,174.0,1206.0,,Finished,
1,1aaa7b26-0824-4ef1-94d6-f1af75b71484,2026-09-29T00:33:01.292+00:00,2026-09-29T00:33:01.476+00:00,21072-30059,dryers,50170054,42000000,2026-09-29 00:33:01,2026-09-29 00:31:32,10,89.0,511.0,9,Running,
1,13191331-8b3e-4fd3-815c-f5f01eeeb057,2026-09-29T00:34:01.288+00:00,2026-09-29T00:34:01.501+00:00,21072-30059,washers,50170051,52000000,2026-09-29 00:34:01,2026-09-29 00:10:50,29,1391.0,349.0,,Finished,
1,13191331-8b3e-4fd3-815c-f5f01eeeb057,2026-09-29T00:34:01.288+00:00,2026-09-29T00:34:01.501+00:00,21072-30059,washers,50170080,72000000,2026-09-29 00:34:01,2026-09-29 00:29:29,29,272.0,1468.0,,Available,website maps this code to Available
1,13191331-8b3e-4fd3-815c-f5f01eeeb057,2026-09-29T00:34:01.288+00:00,2026-09-29T00:34:01.501+00:00,21072-30059,washers,50170075,42000000,2026-09-29 00:34:01,2026-09-29 00:13:05,41,1256.0,1204.0,21,Running,
1,13191331-8b3e-4fd3-815c-f5f01eeeb057,2026-09-29T00:34:01.288+00:00,2026-09-29T00:34:01.501+00:00,21072-30059,washers,50170082,72000000,2026-09-29 00:34:01,2026-09-28 23:42:22,29,3099.0,-1359.0,,Available,website maps this code to Available
1,13191331-8b3e-4fd3-815c-f5f01eeeb057,2026-09-29T00:34:01.288+00:00,2026-09-29T00:34:01.501+00:00,21072-30059,washers,50170050,52000000,2026-09-29 00:34:01,2026-09-29 00:07:42,29,1579.0,161.0,,Finished,
1,13191331-8b3e-4fd3-815c-f5f01eeeb057,2026-09-29T00:34:01.288+00:00,2026-09-29T00:34:01.501+00:00,21072-30059,washers,50170052,72000000,2026-09-29 00:34:01,2026-09-28 23:45:08,29,2933.0,-1193.0,,Available,website maps this code to Available
1,13191331-8b3e-4fd3-815c-f5f01eeeb057,2026-09-29T00:34:01.288+00:00,2026-09-29T00:34:01.501+00:00,21072-30059,washers,50170078,72000000,2026-09-29 00:34:01,2026-09-28 23:35:24,29,3517.0,-1777.0,,Available,website maps this code to Available
1,13191331-8b3e-4fd3-815c-f5f01eeeb057,2026-09-29T00:34:01.288+00:00,2026-09-29T00:34:01.501+00:00,21072-30059,washers,50170084,72000000,2026-09-29 00:34:01,2026-09-28 23:34:36,29,3565.0,-1825.0,,Available,website maps this code to Available
1,13191331-8b3e-4fd3-815c-f5f01eeeb057,2026-09-29T00:34:01.288+00:00,2026-09-29T00:34:01.501+00:00,21072-30059,washers,50170068,72000000,2026-09-29 00:34:01,2026-09-28 23:32:25,29,3696.0,-1956.0,,Available,website maps this code to Available
1,13191331-8b3e-4fd3-815c-f5f01eeeb057,2026-09-29T00:34:01.288+00:00,2026-09-29T00:34:01.501+00:00,21072-30059,washers,50170072,52000000,2026-09-29 00:34:01,2026-09-29 00:11:04,29,1377.0,363.0,,Finished,
1,13191331-8b3e-4fd3-815c-f5f01eeeb057,2026-09-29T00:34:01.288+00:00,2026-09-29T00:34:01.501+00:00,21072-30059,washers,20483408,72000000,2026-09-29 00:34:01,2024-12-20 00:43:32,0,55986629.0,-55986629.0,,Available,website maps this code to Available
1,13191331-8b3e-4fd3-815c-f5f01eeeb057,2026-09-29T00:34:01.288+00:00,2026-09-29T00:34:01.501+00:00,21072-30059,washers,50170055,42000000,2026-09-29 00:34:01,2026-09-29 00:13:11,41,1250.0,1210.0,21,Running,
1,13191331-8b3e-4fd3-815c-f5f01eeeb057,2026-09-29T00:34:01.288+00:00,2026-09-29T00:34:01.501+00:00,21072-30059,dryers,50170058,D2000000,2026-09-29 00:34:01,2026-09-26 17:53:29,45,196832.0,-194132.0,,Start Mode After PF,
1,13191331-8b3e-4fd3-815c-f5f01eeeb057,2026-09-29T00:34:01.288+00:00,2026-09-29T00:34:01.501+00:00,21072-30059,dryers,50170061,52000000,2026-09-29 00:34:01,2026-09-29 00:24:05,23,596.0,784.0,,Finished,
1,13191331-8b3e-4fd3-815c-f5f01eeeb057,2026-09-29T00:34:01.288+00:00,2026-09-29T00:34:01.501+00:00,21072-30059,dryers,50170081,52000000,2026-09-29 00:34:01,2026-09-29 00:26:21,23,460.0,920.0,,Finished,
1,13191331-8b3e-4fd3-815c-f5f01eeeb057,2026-09-29T00:34:01.288+00:00,2026-09-29T00:34:01.501+00:00,21072-30059,dryers,50170060,52000000,2026-09-29 00:34:01,2026-09-29 00:29:27,23,274.0,1106.0,,Finished,
1,13191331-8b3e-4fd3-815c-f5f01eeeb057,2026-09-29T00:34:01.288+00:00,2026-09-29T00:34:01.501+00:00,21072-30059,dryers,50170087,52000000,2026-09-29 00:34:01,2026-09-29 00:28:42,23,319.0,1061.0,,Finished,
1,13191331-8b3e-4fd3-815c-f5f01eeeb057,2026-09-29T00:34:01.288+00:00,2026-09-29T00:34:01.501+00:00,21072-30059,dryers,50170064,42000000,2026-09-29 00:34:01,2026-09-29 00:29:52,10,249.0,351.0,6,Running,
1,13191331-8b3e-4fd3-815c-f5f01eeeb057,2026-09-29T00:34:01.288+00:00,2026-09-29T00:34:01.501+00:00,21072-30059,dryers,50170065,42000000,2026-09-29 00:34:01,2026-09-29 00:26:45,10,436.0,164.0,3,Running,
1,13191331-8b3e-4fd3-815c-f5f01eeeb057,2026-09-29T00:34:01.288+00:00,2026-09-29T00:34:01.501+00:00,21072-30059,dryers,50170059,42000000,2026-09-29 00:34:01,2026-09-29 00:23:58,10,603.0,-3.0,,Available,website fallback: countdown expired
1,13191331-8b3e-4fd3-815c-f5f01eeeb057,2026-09-29T00:34:01.288+00:00,2026-09-29T00:34:01.501+00:00,21072-30059,dryers,50170057,42000000,2026-09-29 00:34:01,2026-09-29 00:29:10,10,291.0,309.0,6,Running,
1,13191331-8b3e-4fd3-815c-f5f01eeeb057,2026-09-29T00:34:01.288+00:00,2026-09-29T00:34:01.501+00:00,21072-30059,dryers,50170062,72000000,2026-09-29 00:34:01,2026-09-28 07:02:52,46,63069.0,-60309.0,,Available,website maps this code to Available
1,13191331-8b3e-4fd3-815c-f5f01eeeb057,2026-09-29T00:34:01.288+00:00,2026-09-29T00:34:01.501+00:00,21072-30059,dryers,50170067,52000000,2026-09-29 00:34:01,2026-09-29 00:31:06,23,175.0,1205.0,,Finished,
1,13191331-8b3e-4fd3-815c-f5f01eeeb057,2026-09-29T00:34:01.288+00:00,2026-09-29T00:34:01.501+00:00,21072-30059,dryers,50170074,42000000,2026-09-29 00:34:01,2026-09-29 00:28:50,10,311.0,289.0,5,Running,
1,13191331-8b3e-4fd3-815c-f5f01eeeb057,2026-09-29T00:34:01.288+00:00,2026-09-29T00:34:01.501+00:00,21072-30059,dryers,50170071,52000000,2026-09-29 00:34:01,2026-09-29 00:30:07,23,234.0,1146.0,,Finished,
1,13191331-8b3e-4fd3-815c-f5f01eeeb057,2026-09-29T00:34:01.288+00:00,2026-09-29T00:34:01.501+00:00,21072-30059,dryers,50170054,42000000,2026-09-29 00:34:01,2026-09-29 00:31:32,10,149.0,451.0,8,Running,
1,8d0868be-1626-4f3a-8254-0d92d08fd87f,2026-09-29T00:35:01.359+00:00,2026-09-29T00:35:01.545+00:00,21072-30059,washers,50170051,52000000,2026-09-29 00:35:01,2026-09-29 00:10:50,29,1451.0,289.0,,Finished,
1,8d0868be-1626-4f3a-8254-0d92d08fd87f,2026-09-29T00:35:01.359+00:00,2026-09-29T00:35:01.545+00:00,21072-30059,washers,50170080,72000000,2026-09-29 00:35:01,2026-09-29 00:29:29,29,332.0,1408.0,,Available,website maps this code to Available
1,8d0868be-1626-4f3a-8254-0d92d08fd87f,2026-09-29T00:35:01.359+00:00,2026-09-29T00:35:01.545+00:00,21072-30059,washers,50170075,42000000,2026-09-29 00:35:01,2026-09-29 00:13:05,41,1316.0,1144.0,20,Running,
1,8d0868be-1626-4f3a-8254-0d92d08fd87f,2026-09-29T00:35:01.359+00:00,2026-09-29T00:35:01.545+00:00,21072-30059,washers,50170082,72000000,2026-09-29 00:35:01,2026-09-28 23:42:22,29,3159.0,-1419.0,,Available,website maps this code to Available
1,8d0868be-1626-4f3a-8254-0d92d08fd87f,2026-09-29T00:35:01.359+00:00,2026-09-29T00:35:01.545+00:00,21072-30059,washers,50170050,52000000,2026-09-29 00:35:01,2026-09-29 00:07:42,29,1639.0,101.0,,Finished,
1,8d0868be-1626-4f3a-8254-0d92d08fd87f,2026-09-29T00:35:01.359+00:00,2026-09-29T00:35:01.545+00:00,21072-30059,washers,50170052,72000000,2026-09-29 00:35:01,2026-09-28 23:45:08,29,2993.0,-1253.0,,Available,website maps this code to Available
1,8d0868be-1626-4f3a-8254-0d92d08fd87f,2026-09-29T00:35:01.359+00:00,2026-09-29T00:35:01.545+00:00,21072-30059,washers,50170078,72000000,2026-09-29 00:35:01,2026-09-28 23:35:24,29,3577.0,-1837.0,,Available,website maps this code to Available
1,8d0868be-1626-4f3a-8254-0d92d08fd87f,2026-09-29T00:35:01.359+00:00,2026-09-29T00:35:01.545+00:00,21072-30059,washers,50170084,72000000,2026-09-29 00:35:01,2026-09-28 23:34:36,29,3625.0,-1885.0,,Available,website maps this code to Available
1,8d0868be-1626-4f3a-8254-0d92d08fd87f,2026-09-29T00:35:01.359+00:00,2026-09-29T00:35:01.545+00:00,21072-30059,washers,50170068,72000000,2026-09-29 00:35:01,2026-09-28 23:32:25,29,3756.0,-2016.0,,Available,website maps this code to Available
1,8d0868be-1626-4f3a-8254-0d92d08fd87f,2026-09-29T00:35:01.359+00:00,2026-09-29T00:35:01.545+00:00,21072-30059,washers,50170072,52000000,2026-09-29 00:35:01,2026-09-29 00:11:04,29,1437.0,303.0,,Finished,
1,8d0868be-1626-4f3a-8254-0d92d08fd87f,2026-09-29T00:35:01.359+00:00,2026-09-29T00:35:01.545+00:00,21072-30059,washers,20483408,72000000,2026-09-29 00:35:01,2024-12-20 00:43:32,0,55986689.0,-55986689.0,,Available,website maps this code to Available
1,8d0868be-1626-4f3a-8254-0d92d08fd87f,2026-09-29T00:35:01.359+00:00,2026-09-29T00:35:01.545+00:00,21072-30059,washers,50170055,42000000,2026-09-29 00:35:01,2026-09-29 00:13:11,41,1310.0,1150.0,20,Running,
1,8d0868be-1626-4f3a-8254-0d92d08fd87f,2026-09-29T00:35:01.359+00:00,2026-09-29T00:35:01.545+00:00,21072-30059,dryers,50170058,D2000000,2026-09-29 00:35:01,2026-09-26 17:53:29,45,196892.0,-194192.0,,Start Mode After PF,
1,8d0868be-1626-4f3a-8254-0d92d08fd87f,2026-09-29T00:35:01.359+00:00,2026-09-29T00:35:01.545+00:00,21072-30059,dryers,50170061,52000000,2026-09-29 00:35:01,2026-09-29 00:24:05,23,656.0,724.0,,Finished,
1,8d0868be-1626-4f3a-8254-0d92d08fd87f,2026-09-29T00:35:01.359+00:00,2026-09-29T00:35:01.545+00:00,21072-30059,dryers,50170081,52000000,2026-09-29 00:35:01,2026-09-29 00:26:21,23,520.0,860.0,,Finished,
1,8d0868be-1626-4f3a-8254-0d92d08fd87f,2026-09-29T00:35:01.359+00:00,2026-09-29T00:35:01.545+00:00,21072-30059,dryers,50170060,52000000,2026-09-29 00:35:01,2026-09-29 00:29:27,23,334.0,1046.0,,Finished,
1,8d0868be-1626-4f3a-8254-0d92d08fd87f,2026-09-29T00:35:01.359+00:00,2026-09-29T00:35:01.545+00:00,21072-30059,dryers,50170087,52000000,2026-09-29 00:35:01,2026-09-29 00:28:42,23,379.0,1001.0,,Finished,
1,8d0868be-1626-4f3a-8254-0d92d08fd87f,2026-09-29T00:35:01.359+00:00,2026-09-29T00:35:01.545+00:00,21072-30059,dryers,50170064,42000000,2026-09-29 00:35:01,2026-09-29 00:29:52,10,309.0,291.0,5,Running,
1,8d0868be-1626-4f3a-8254-0d92d08fd87f,2026-09-29T00:35:01.359+00:00,2026-09-29T00:35:01.545+00:00,21072-30059,dryers,50170065,42000000,2026-09-29 00:35:01,2026-09-29 00:26:45,10,496.0,104.0,2,Running,
1,8d0868be-1626-4f3a-8254-0d92d08fd87f,2026-09-29T00:35:01.359+00:00,2026-09-29T00:35:01.545+00:00,21072-30059,dryers,50170059,52000000,2026-09-29 00:35:01,2026-09-29 00:34:08,23,53.0,1327.0,,Finished,
1,8d0868be-1626-4f3a-8254-0d92d08fd87f,2026-09-29T00:35:01.359+00:00,2026-09-29T00:35:01.545+00:00,21072-30059,dryers,50170057,42000000,2026-09-29 00:35:01,2026-09-29 00:29:10,10,351.0,249.0,5,Running,
1,8d0868be-1626-4f3a-8254-0d92d08fd87f,2026-09-29T00:35:01.359+00:00,2026-09-29T00:35:01.545+00:00,21072-30059,dryers,50170062,72000000,2026-09-29 00:35:01,2026-09-28 07:02:52,46,63129.0,-60369.0,,Available,website maps this code to Available
1,8d0868be-1626-4f3a-8254-0d92d08fd87f,2026-09-29T00:35:01.359+00:00,2026-09-29T00:35:01.545+00:00,21072-30059,dryers,50170067,52000000,2026-09-29 00:35:01,2026-09-29 00:31:06,23,235.0,1145.0,,Finished,
1,8d0868be-1626-4f3a-8254-0d92d08fd87f,2026-09-29T00:35:01.359+00:00,2026-09-29T00:35:01.545+00:00,21072-30059,dryers,50170074,42000000,2026-09-29 00:35:01,2026-09-29 00:28:50,10,371.0,229.0,4,Running,
1,8d0868be-1626-4f3a-8254-0d92d08fd87f,2026-09-29T00:35:01.359+00:00,2026-09-29T00:35:01.545+00:00,21072-30059,dryers,50170071,52000000,2026-09-29 00:35:01,2026-09-29 00:30:07,23,294.0,1086.0,,Finished,
1,8d0868be-1626-4f3a-8254-0d92d08fd87f,2026-09-29T00:35:01.359+00:00,2026-09-29T00:35:01.545+00:00,21072-30059,dryers,50170054,42000000,2026-09-29 00:35:01,2026-09-29 00:31:32,10,209.0,391.0,7,Running,
1,ab9f9729-a45f-4e96-a87f-22b0e3e8edb5,2026-09-29T00:36:01.300+00:00,2026-09-29T00:36:01.516+00:00,21072-30059,washers,50170051,52000000,2026-09-29 00:36:01,2026-09-29 00:10:50,29,1511.0,229.0,,Finished,
1,ab9f9729-a45f-4e96-a87f-22b0e3e8edb5,2026-09-29T00:36:01.300+00:00,2026-09-29T00:36:01.516+00:00,21072-30059,washers,50170080,72000000,2026-09-29 00:36:01,2026-09-29 00:29:29,29,392.0,1348.0,,Available,website maps this code to Available
1,ab9f9729-a45f-4e96-a87f-22b0e3e8edb5,2026-09-29T00:36:01.300+00:00,2026-09-29T00:36:01.516+00:00,21072-30059,washers,50170075,42000000,2026-09-29 00:36:01,2026-09-29 00:13:05,41,1376.0,1084.0,19,Running,
1,ab9f9729-a45f-4e96-a87f-22b0e3e8edb5,2026-09-29T00:36:01.300+00:00,2026-09-29T00:36:01.516+00:00,21072-30059,washers,50170082,72000000,2026-09-29 00:36:01,2026-09-28 23:42:22,29,3219.0,-1479.0,,Available,website maps this code to Available
1,ab9f9729-a45f-4e96-a87f-22b0e3e8edb5,2026-09-29T00:36:01.300+00:00,2026-09-29T00:36:01.516+00:00,21072-30059,washers,50170050,52000000,2026-09-29 00:36:01,2026-09-29 00:07:42,29,1699.0,41.0,,Finished,
1,ab9f9729-a45f-4e96-a87f-22b0e3e8edb5,2026-09-29T00:36:01.300+00:00,2026-09-29T00:36:01.516+00:00,21072-30059,washers,50170052,72000000,2026-09-29 00:36:01,2026-09-28 23:45:08,29,3053.0,-1313.0,,Available,website maps this code to Available
1,ab9f9729-a45f-4e96-a87f-22b0e3e8edb5,2026-09-29T00:36:01.300+00:00,2026-09-29T00:36:01.516+00:00,21072-30059,washers,50170078,72000000,2026-09-29 00:36:01,2026-09-28 23:35:24,29,3637.0,-1897.0,,Available,website maps this code to Available
1,ab9f9729-a45f-4e96-a87f-22b0e3e8edb5,2026-09-29T00:36:01.300+00:00,2026-09-29T00:36:01.516+00:00,21072-30059,washers,50170084,72000000,2026-09-29 00:36:01,2026-09-28 23:34:36,29,3685.0,-1945.0,,Available,website maps this code to Available
1,ab9f9729-a45f-4e96-a87f-22b0e3e8edb5,2026-09-29T00:36:01.300+00:00,2026-09-29T00:36:01.516+00:00,21072-30059,washers,50170068,72000000,2026-09-29 00:36:01,2026-09-28 23:32:25,29,3816.0,-2076.0,,Available,website maps this code to Available
1,ab9f9729-a45f-4e96-a87f-22b0e3e8edb5,2026-09-29T00:36:01.300+00:00,2026-09-29T00:36:01.516+00:00,21072-30059,washers,50170072,52000000,2026-09-29 00:36:01,2026-09-29 00:11:04,29,1497.0,243.0,,Finished,
1,ab9f9729-a45f-4e96-a87f-22b0e3e8edb5,2026-09-29T00:36:01.300+00:00,2026-09-29T00:36:01.516+00:00,21072-30059,washers,20483408,72000000,2026-09-29 00:36:01,2024-12-20 00:43:32,0,55986749.0,-55986749.0,,Available,website maps this code to Available
1,ab9f9729-a45f-4e96-a87f-22b0e3e8edb5,2026-09-29T00:36:01.300+00:00,2026-09-29T00:36:01.516+00:00,21072-30059,washers,50170055,42000000,2026-09-29 00:36:01,2026-09-29 00:13:11,41,1370.0,1090.0,19,Running,
1,ab9f9729-a45f-4e96-a87f-22b0e3e8edb5,2026-09-29T00:36:01.300+00:00,2026-09-29T00:36:01.516+00:00,21072-30059,dryers,50170058,D2000000,2026-09-29 00:36:01,2026-09-26 17:53:29,45,196952.0,-194252.0,,Start Mode After PF,
1,ab9f9729-a45f-4e96-a87f-22b0e3e8edb5,2026-09-29T00:36:01.300+00:00,2026-09-29T00:36:01.516+00:00,21072-30059,dryers,50170061,72000000,2026-09-29 00:36:01,2026-09-29 00:35:15,46,46.0,2714.0,,Available,website maps this code to Available
1,ab9f9729-a45f-4e96-a87f-22b0e3e8edb5,2026-09-29T00:36:01.300+00:00,2026-09-29T00:36:01.516+00:00,21072-30059,dryers,50170081,52000000,2026-09-29 00:36:01,2026-09-29 00:26:21,23,580.0,800.0,,Finished,
1,ab9f9729-a45f-4e96-a87f-22b0e3e8edb5,2026-09-29T00:36:01.300+00:00,2026-09-29T00:36:01.516+00:00,21072-30059,dryers,50170060,52000000,2026-09-29 00:36:01,2026-09-29 00:29:27,23,394.0,986.0,,Finished,
1,ab9f9729-a45f-4e96-a87f-22b0e3e8edb5,2026-09-29T00:36:01.300+00:00,2026-09-29T00:36:01.516+00:00,21072-30059,dryers,50170087,52000000,2026-09-29 00:36:01,2026-09-29 00:28:42,23,439.0,941.0,,Finished,
1,ab9f9729-a45f-4e96-a87f-22b0e3e8edb5,2026-09-29T00:36:01.300+00:00,2026-09-29T00:36:01.516+00:00,21072-30059,dryers,50170064,42000000,2026-09-29 00:36:01,2026-09-29 00:29:52,10,369.0,231.0,4,Running,
1,ab9f9729-a45f-4e96-a87f-22b0e3e8edb5,2026-09-29T00:36:01.300+00:00,2026-09-29T00:36:01.516+00:00,21072-30059,dryers,50170065,42000000,2026-09-29 00:36:01,2026-09-29 00:26:45,10,556.0,44.0,1,Running,
1,ab9f9729-a45f-4e96-a87f-22b0e3e8edb5,2026-09-29T00:36:01.300+00:00,2026-09-29T00:36:01.516+00:00,21072-30059,dryers,50170059,52000000,2026-09-29 00:36:01,2026-09-29 00:34:08,23,113.0,1267.0,,Finished,
1,ab9f9729-a45f-4e96-a87f-22b0e3e8edb5,2026-09-29T00:36:01.300+00:00,2026-09-29T00:36:01.516+00:00,21072-30059,dryers,50170057,42000000,2026-09-29 00:36:01,2026-09-29 00:29:10,10,411.0,189.0,4,Running,
1,ab9f9729-a45f-4e96-a87f-22b0e3e8edb5,2026-09-29T00:36:01.300+00:00,2026-09-29T00:36:01.516+00:00,21072-30059,dryers,50170062,72000000,2026-09-29 00:36:01,2026-09-28 07:02:52,46,63189.0,-60429.0,,Available,website maps this code to Available
1,ab9f9729-a45f-4e96-a87f-22b0e3e8edb5,2026-09-29T00:36:01.300+00:00,2026-09-29T00:36:01.516+00:00,21072-30059,dryers,50170067,52000000,2026-09-29 00:36:01,2026-09-29 00:31:06,23,295.0,1085.0,,Finished,
1,ab9f9729-a45f-4e96-a87f-22b0e3e8edb5,2026-09-29T00:36:01.300+00:00,2026-09-29T00:36:01.516+00:00,21072-30059,dryers,50170074,42000000,2026-09-29 00:36:01,2026-09-29 00:28:50,10,431.0,169.0,3,Running,
1,ab9f9729-a45f-4e96-a87f-22b0e3e8edb5,2026-09-29T00:36:01.300+00:00,2026-09-29T00:36:01.516+00:00,21072-30059,dryers,50170071,52000000,2026-09-29 00:36:01,2026-09-29 00:30:07,23,354.0,1026.0,,Finished,
1,ab9f9729-a45f-4e96-a87f-22b0e3e8edb5,2026-09-29T00:36:01.300+00:00,2026-09-29T00:36:01.516+00:00,21072-30059,dryers,50170054,42000000,2026-09-29 00:36:01,2026-09-29 00:31:32,10,269.0,331.0,6,Running,
1,24643d8a-c86c-45c1-8e44-c119d616a938,2026-09-29T00:37:01.297+00:00,2026-09-29T00:37:01.473+00:00,21072-30059,washers,50170051,52000000,2026-09-29 00:37:01,2026-09-29 00:10:50,29,1571.0,169.0,,Finished,
1,24643d8a-c86c-45c1-8e44-c119d616a938,2026-09-29T00:37:01.297+00:00,2026-09-29T00:37:01.473+00:00,21072-30059,washers,50170080,72000000,2026-09-29 00:37:01,2026-09-29 00:29:29,29,452.0,1288.0,,Available,website maps this code to Available
1,24643d8a-c86c-45c1-8e44-c119d616a938,2026-09-29T00:37:01.297+00:00,2026-09-29T00:37:01.473+00:00,21072-30059,washers,50170075,42000000,2026-09-29 00:37:01,2026-09-29 00:13:05,41,1436.0,1024.0,18,Running,
1,24643d8a-c86c-45c1-8e44-c119d616a938,2026-09-29T00:37:01.297+00:00,2026-09-29T00:37:01.473+00:00,21072-30059,washers,50170082,72000000,2026-09-29 00:37:01,2026-09-28 23:42:22,29,3279.0,-1539.0,,Available,website maps this code to Available
1,24643d8a-c86c-45c1-8e44-c119d616a938,2026-09-29T00:37:01.297+00:00,2026-09-29T00:37:01.473+00:00,21072-30059,washers,50170050,52000000,2026-09-29 00:37:01,2026-09-29 00:07:42,29,1759.0,-19.0,,Finished,
1,24643d8a-c86c-45c1-8e44-c119d616a938,2026-09-29T00:37:01.297+00:00,2026-09-29T00:37:01.473+00:00,21072-30059,washers,50170052,72000000,2026-09-29 00:37:01,2026-09-28 23:45:08,29,3113.0,-1373.0,,Available,website maps this code to Available
1,24643d8a-c86c-45c1-8e44-c119d616a938,2026-09-29T00:37:01.297+00:00,2026-09-29T00:37:01.473+00:00,21072-30059,washers,50170078,72000000,2026-09-29 00:37:01,2026-09-28 23:35:24,29,3697.0,-1957.0,,Available,website maps this code to Available
1,24643d8a-c86c-45c1-8e44-c119d616a938,2026-09-29T00:37:01.297+00:00,2026-09-29T00:37:01.473+00:00,21072-30059,washers,50170084,72000000,2026-09-29 00:37:01,2026-09-28 23:34:36,29,3745.0,-2005.0,,Available,website maps this code to Available
1,24643d8a-c86c-45c1-8e44-c119d616a938,2026-09-29T00:37:01.297+00:00,2026-09-29T00:37:01.473+00:00,21072-30059,washers,50170068,72000000,2026-09-29 00:37:01,2026-09-28 23:32:25,29,3876.0,-2136.0,,Available,website maps this code to Available
1,24643d8a-c86c-45c1-8e44-c119d616a938,2026-09-29T00:37:01.297+00:00,2026-09-29T00:37:01.473+00:00,21072-30059,washers,50170072,52000000,2026-09-29 00:37:01,2026-09-29 00:11:04,29,1557.0,183.0,,Finished,
1,24643d8a-c86c-45c1-8e44-c119d616a938,2026-09-29T00:37:01.297+00:00,2026-09-29T00:37:01.473+00:00,21072-30059,washers,20483408,72000000,2026-09-29 00:37:01,2024-12-20 00:43:32,0,55986809.0,-55986809.0,,Available,website maps this code to Available
1,24643d8a-c86c-45c1-8e44-c119d616a938,2026-09-29T00:37:01.297+00:00,2026-09-29T00:37:01.473+00:00,21072-30059,washers,50170055,42000000,2026-09-29 00:37:01,2026-09-29 00:13:11,41,1430.0,1030.0,18,Running,
1,24643d8a-c86c-45c1-8e44-c119d616a938,2026-09-29T00:37:01.297+00:00,2026-09-29T00:37:01.473+00:00,21072-30059,dryers,50170058,D2000000,2026-09-29 00:37:01,2026-09-26 17:53:29,45,197012.0,-194312.0,,Start Mode After PF,
1,24643d8a-c86c-45c1-8e44-c119d616a938,2026-09-29T00:37:01.297+00:00,2026-09-29T00:37:01.473+00:00,21072-30059,dryers,50170061,72000000,2026-09-29 00:37:01,2026-09-29 00:35:15,46,106.0,2654.0,,Available,website maps this code to Available
1,24643d8a-c86c-45c1-8e44-c119d616a938,2026-09-29T00:37:01.297+00:00,2026-09-29T00:37:01.473+00:00,21072-30059,dryers,50170081,52000000,2026-09-29 00:37:01,2026-09-29 00:26:21,23,640.0,740.0,,Finished,
1,24643d8a-c86c-45c1-8e44-c119d616a938,2026-09-29T00:37:01.297+00:00,2026-09-29T00:37:01.473+00:00,21072-30059,dryers,50170060,52000000,2026-09-29 00:37:01,2026-09-29 00:29:27,23,454.0,926.0,,Finished,
1,24643d8a-c86c-45c1-8e44-c119d616a938,2026-09-29T00:37:01.297+00:00,2026-09-29T00:37:01.473+00:00,21072-30059,dryers,50170087,52000000,2026-09-29 00:37:01,2026-09-29 00:28:42,23,499.0,881.0,,Finished,
1,24643d8a-c86c-45c1-8e44-c119d616a938,2026-09-29T00:37:01.297+00:00,2026-09-29T00:37:01.473+00:00,21072-30059,dryers,50170064,42000000,2026-09-29 00:37:01,2026-09-29 00:29:52,10,429.0,171.0,3,Running,
1,24643d8a-c86c-45c1-8e44-c119d616a938,2026-09-29T00:37:01.297+00:00,2026-09-29T00:37:01.473+00:00,21072-30059,dryers,50170065,52000000,2026-09-29 00:37:01,2026-09-29 00:36:55,23,6.0,1374.0,,Finished,
1,24643d8a-c86c-45c1-8e44-c119d616a938,2026-09-29T00:37:01.297+00:00,2026-09-29T00:37:01.473+00:00,21072-30059,dryers,50170059,52000000,2026-09-29 00:37:01,2026-09-29 00:34:08,23,173.0,1207.0,,Finished,
1,24643d8a-c86c-45c1-8e44-c119d616a938,2026-09-29T00:37:01.297+00:00,2026-09-29T00:37:01.473+00:00,21072-30059,dryers,50170057,42000000,2026-09-29 00:37:01,2026-09-29 00:29:10,10,471.0,129.0,3,Running,
1,24643d8a-c86c-45c1-8e44-c119d616a938,2026-09-29T00:37:01.297+00:00,2026-09-29T00:37:01.473+00:00,21072-30059,dryers,50170062,72000000,2026-09-29 00:37:01,2026-09-28 07:02:52,46,63249.0,-60489.0,,Available,website maps this code to Available
1,24643d8a-c86c-45c1-8e44-c119d616a938,2026-09-29T00:37:01.297+00:00,2026-09-29T00:37:01.473+00:00,21072-30059,dryers,50170067,52000000,2026-09-29 00:37:01,2026-09-29 00:31:06,23,355.0,1025.0,,Finished,
1,24643d8a-c86c-45c1-8e44-c119d616a938,2026-09-29T00:37:01.297+00:00,2026-09-29T00:37:01.473+00:00,21072-30059,dryers,50170074,42000000,2026-09-29 00:37:01,2026-09-29 00:28:50,10,491.0,109.0,2,Running,
1,24643d8a-c86c-45c1-8e44-c119d616a938,2026-09-29T00:37:01.297+00:00,2026-09-29T00:37:01.473+00:00,21072-30059,dryers,50170071,52000000,2026-09-29 00:37:01,2026-09-29 00:30:07,23,414.0,966.0,,Finished,
1,24643d8a-c86c-45c1-8e44-c119d616a938,2026-09-29T00:37:01.297+00:00,2026-09-29T00:37:01.473+00:00,21072-30059,dryers,50170054,42000000,2026-09-29 00:37:01,2026-09-29 00:31:32,10,329.0,271.0,5,Running,
1,247aaea9-4246-4ec4-9a4f-baa60861ed9d,2026-09-29T00:38:01.405+00:00,2026-09-29T00:38:01.637+00:00,21072-30059,washers,50170051,52000000,2026-09-29 00:38:01,2026-09-29 00:10:50,29,1631.0,109.0,,Finished,
1,247aaea9-4246-4ec4-9a4f-baa60861ed9d,2026-09-29T00:38:01.405+00:00,2026-09-29T00:38:01.637+00:00,21072-30059,washers,50170080,72000000,2026-09-29 00:38:01,2026-09-29 00:29:29,29,512.0,1228.0,,Available,website maps this code to Available
1,247aaea9-4246-4ec4-9a4f-baa60861ed9d,2026-09-29T00:38:01.405+00:00,2026-09-29T00:38:01.637+00:00,21072-30059,washers,50170075,42000000,2026-09-29 00:38:01,2026-09-29 00:13:05,41,1496.0,964.0,17,Running,
1,247aaea9-4246-4ec4-9a4f-baa60861ed9d,2026-09-29T00:38:01.405+00:00,2026-09-29T00:38:01.637+00:00,21072-30059,washers,50170082,72000000,2026-09-29 00:38:01,2026-09-28 23:42:22,29,3339.0,-1599.0,,Available,website maps this code to Available
1,247aaea9-4246-4ec4-9a4f-baa60861ed9d,2026-09-29T00:38:01.405+00:00,2026-09-29T00:38:01.637+00:00,21072-30059,washers,50170050,52000000,2026-09-29 00:38:01,2026-09-29 00:07:42,29,1819.0,-79.0,,Finished,
1,247aaea9-4246-4ec4-9a4f-baa60861ed9d,2026-09-29T00:38:01.405+00:00,2026-09-29T00:38:01.637+00:00,21072-30059,washers,50170052,72000000,2026-09-29 00:38:01,2026-09-28 23:45:08,29,3173.0,-1433.0,,Available,website maps this code to Available
1,247aaea9-4246-4ec4-9a4f-baa60861ed9d,2026-09-29T00:38:01.405+00:00,2026-09-29T00:38:01.637+00:00,21072-30059,washers,50170078,72000000,2026-09-29 00:38:01,2026-09-28 23:35:24,29,3757.0,-2017.0,,Available,website maps this code to Available
1,247aaea9-4246-4ec4-9a4f-baa60861ed9d,2026-09-29T00:38:01.405+00:00,2026-09-29T00:38:01.637+00:00,21072-30059,washers,50170084,72000000,2026-09-29 00:38:01,2026-09-28 23:34:36,29,3805.0,-2065.0,,Available,website maps this code to Available
1,247aaea9-4246-4ec4-9a4f-baa60861ed9d,2026-09-29T00:38:01.405+00:00,2026-09-29T00:38:01.637+00:00,21072-30059,washers,50170068,72000000,2026-09-29 00:38:01,2026-09-28 23:32:25,29,3936.0,-2196.0,,Available,website maps this code to Available
1,247aaea9-4246-4ec4-9a4f-baa60861ed9d,2026-09-29T00:38:01.405+00:00,2026-09-29T00:38:01.637+00:00,21072-30059,washers,50170072,72000000,2026-09-29 00:38:01,2026-09-29 00:37:24,29,37.0,1703.0,,Available,website maps this code to Available
1,247aaea9-4246-4ec4-9a4f-baa60861ed9d,2026-09-29T00:38:01.405+00:00,2026-09-29T00:38:01.637+00:00,21072-30059,washers,20483408,72000000,2026-09-29 00:38:01,2024-12-20 00:43:32,0,55986869.0,-55986869.0,,Available,website maps this code to Available
1,247aaea9-4246-4ec4-9a4f-baa60861ed9d,2026-09-29T00:38:01.405+00:00,2026-09-29T00:38:01.637+00:00,21072-30059,washers,50170055,42000000,2026-09-29 00:38:01,2026-09-29 00:13:11,41,1490.0,970.0,17,Running,
1,247aaea9-4246-4ec4-9a4f-baa60861ed9d,2026-09-29T00:38:01.405+00:00,2026-09-29T00:38:01.637+00:00,21072-30059,dryers,50170058,D2000000,2026-09-29 00:38:01,2026-09-26 17:53:29,45,197072.0,-194372.0,,Start Mode After PF,
1,247aaea9-4246-4ec4-9a4f-baa60861ed9d,2026-09-29T00:38:01.405+00:00,2026-09-29T00:38:01.637+00:00,21072-30059,dryers,50170061,72000000,2026-09-29 00:38:01,2026-09-29 00:35:15,46,166.0,2594.0,,Available,website maps this code to Available
1,247aaea9-4246-4ec4-9a4f-baa60861ed9d,2026-09-29T00:38:01.405+00:00,2026-09-29T00:38:01.637+00:00,21072-30059,dryers,50170081,52000000,2026-09-29 00:38:01,2026-09-29 00:26:21,23,700.0,680.0,,Finished,
1,247aaea9-4246-4ec4-9a4f-baa60861ed9d,2026-09-29T00:38:01.405+00:00,2026-09-29T00:38:01.637+00:00,21072-30059,dryers,50170060,52000000,2026-09-29 00:38:01,2026-09-29 00:29:27,23,514.0,866.0,,Finished,
1,247aaea9-4246-4ec4-9a4f-baa60861ed9d,2026-09-29T00:38:01.405+00:00,2026-09-29T00:38:01.637+00:00,21072-30059,dryers,50170087,52000000,2026-09-29 00:38:01,2026-09-29 00:28:42,23,559.0,821.0,,Finished,
1,247aaea9-4246-4ec4-9a4f-baa60861ed9d,2026-09-29T00:38:01.405+00:00,2026-09-29T00:38:01.637+00:00,21072-30059,dryers,50170064,42000000,2026-09-29 00:38:01,2026-09-29 00:29:52,10,489.0,111.0,2,Running,
1,247aaea9-4246-4ec4-9a4f-baa60861ed9d,2026-09-29T00:38:01.405+00:00,2026-09-29T00:38:01.637+00:00,21072-30059,dryers,50170065,52000000,2026-09-29 00:38:01,2026-09-29 00:36:55,23,66.0,1314.0,,Finished,
1,247aaea9-4246-4ec4-9a4f-baa60861ed9d,2026-09-29T00:38:01.405+00:00,2026-09-29T00:38:01.637+00:00,21072-30059,dryers,50170059,52000000,2026-09-29 00:38:01,2026-09-29 00:34:08,23,233.0,1147.0,,Finished,
1,247aaea9-4246-4ec4-9a4f-baa60861ed9d,2026-09-29T00:38:01.405+00:00,2026-09-29T00:38:01.637+00:00,21072-30059,dryers,50170057,42000000,2026-09-29 00:38:01,2026-09-29 00:29:10,10,531.0,69.0,2,Running,
1,247aaea9-4246-4ec4-9a4f-baa60861ed9d,2026-09-29T00:38:01.405+00:00,2026-09-29T00:38:01.637+00:00,21072-30059,dryers,50170062,72000000,2026-09-29 00:38:01,2026-09-28 07:02:52,46,63309.0,-60549.0,,Available,website maps this code to Available
1,247aaea9-4246-4ec4-9a4f-baa60861ed9d,2026-09-29T00:38:01.405+00:00,2026-09-29T00:38:01.637+00:00,21072-30059,dryers,50170067,52000000,2026-09-29 00:38:01,2026-09-29 00:31:06,23,415.0,965.0,,Finished,
1,247aaea9-4246-4ec4-9a4f-baa60861ed9d,2026-09-29T00:38:01.405+00:00,2026-09-29T00:38:01.637+00:00,21072-30059,dryers,50170074,42000000,2026-09-29 00:38:01,2026-09-29 00:28:50,10,551.0,49.0,1,Running,
1,247aaea9-4246-4ec4-9a4f-baa60861ed9d,2026-09-29T00:38:01.405+00:00,2026-09-29T00:38:01.637+00:00,21072-30059,dryers,50170071,52000000,2026-09-29 00:38:01,2026-09-29 00:30:07,23,474.0,906.0,,Finished,
1,247aaea9-4246-4ec4-9a4f-baa60861ed9d,2026-09-29T00:38:01.405+00:00,2026-09-29T00:38:01.637+00:00,21072-30059,dryers,50170054,42000000,2026-09-29 00:38:01,2026-09-29 00:31:32,10,389.0,211.0,4,Running,
1,01dd8173-6a60-4f23-87d0-d74f38c84c3f,2026-09-29T00:39:01.297+00:00,2026-09-29T00:39:01.492+00:00,21072-30059,washers,50170051,52000000,2026-09-29 00:39:01,2026-09-29 00:10:50,29,1691.0,49.0,,Finished,
1,01dd8173-6a60-4f23-87d0-d74f38c84c3f,2026-09-29T00:39:01.297+00:00,2026-09-29T00:39:01.492+00:00,21072-30059,washers,50170080,72000000,2026-09-29 00:39:01,2026-09-29 00:29:29,29,572.0,1168.0,,Available,website maps this code to Available
1,01dd8173-6a60-4f23-87d0-d74f38c84c3f,2026-09-29T00:39:01.297+00:00,2026-09-29T00:39:01.492+00:00,21072-30059,washers,50170075,42000000,2026-09-29 00:39:01,2026-09-29 00:13:05,41,1556.0,904.0,16,Running,
1,01dd8173-6a60-4f23-87d0-d74f38c84c3f,2026-09-29T00:39:01.297+00:00,2026-09-29T00:39:01.492+00:00,21072-30059,washers,50170082,72000000,2026-09-29 00:39:01,2026-09-28 23:42:22,29,3399.0,-1659.0,,Available,website maps this code to Available
1,01dd8173-6a60-4f23-87d0-d74f38c84c3f,2026-09-29T00:39:01.297+00:00,2026-09-29T00:39:01.492+00:00,21072-30059,washers,50170050,52000000,2026-09-29 00:39:01,2026-09-29 00:07:42,29,1879.0,-139.0,,Finished,
1,01dd8173-6a60-4f23-87d0-d74f38c84c3f,2026-09-29T00:39:01.297+00:00,2026-09-29T00:39:01.492+00:00,21072-30059,washers,50170052,72000000,2026-09-29 00:39:01,2026-09-28 23:45:08,29,3233.0,-1493.0,,Available,website maps this code to Available
1,01dd8173-6a60-4f23-87d0-d74f38c84c3f,2026-09-29T00:39:01.297+00:00,2026-09-29T00:39:01.492+00:00,21072-30059,washers,50170078,72000000,2026-09-29 00:39:01,2026-09-28 23:35:24,29,3817.0,-2077.0,,Available,website maps this code to Available
1,01dd8173-6a60-4f23-87d0-d74f38c84c3f,2026-09-29T00:39:01.297+00:00,2026-09-29T00:39:01.492+00:00,21072-30059,washers,50170084,72000000,2026-09-29 00:39:01,2026-09-28 23:34:36,29,3865.0,-2125.0,,Available,website maps this code to Available
1,01dd8173-6a60-4f23-87d0-d74f38c84c3f,2026-09-29T00:39:01.297+00:00,2026-09-29T00:39:01.492+00:00,21072-30059,washers,50170068,72000000,2026-09-29 00:39:01,2026-09-28 23:32:25,29,3996.0,-2256.0,,Available,website maps this code to Available
1,01dd8173-6a60-4f23-87d0-d74f38c84c3f,2026-09-29T00:39:01.297+00:00,2026-09-29T00:39:01.492+00:00,21072-30059,washers,50170072,72000000,2026-09-29 00:39:01,2026-09-29 00:37:24,29,97.0,1643.0,,Available,website maps this code to Available
1,01dd8173-6a60-4f23-87d0-d74f38c84c3f,2026-09-29T00:39:01.297+00:00,2026-09-29T00:39:01.492+00:00,21072-30059,washers,20483408,72000000,2026-09-29 00:39:01,2024-12-20 00:43:32,0,55986929.0,-55986929.0,,Available,website maps this code to Available
1,01dd8173-6a60-4f23-87d0-d74f38c84c3f,2026-09-29T00:39:01.297+00:00,2026-09-29T00:39:01.492+00:00,21072-30059,washers,50170055,42000000,2026-09-29 00:39:01,2026-09-29 00:13:11,41,1550.0,910.0,16,Running,
1,01dd8173-6a60-4f23-87d0-d74f38c84c3f,2026-09-29T00:39:01.297+00:00,2026-09-29T00:39:01.492+00:00,21072-30059,dryers,50170058,D2000000,2026-09-29 00:39:01,2026-09-26 17:53:29,45,197132.0,-194432.0,,Start Mode After PF,
1,01dd8173-6a60-4f23-87d0-d74f38c84c3f,2026-09-29T00:39:01.297+00:00,2026-09-29T00:39:01.492+00:00,21072-30059,dryers,50170061,72000000,2026-09-29 00:39:01,2026-09-29 00:35:15,46,226.0,2534.0,,Available,website maps this code to Available
1,01dd8173-6a60-4f23-87d0-d74f38c84c3f,2026-09-29T00:39:01.297+00:00,2026-09-29T00:39:01.492+00:00,21072-30059,dryers,50170081,52000000,2026-09-29 00:39:01,2026-09-29 00:26:21,23,760.0,620.0,,Finished,
1,01dd8173-6a60-4f23-87d0-d74f38c84c3f,2026-09-29T00:39:01.297+00:00,2026-09-29T00:39:01.492+00:00,21072-30059,dryers,50170060,52000000,2026-09-29 00:39:01,2026-09-29 00:29:27,23,574.0,806.0,,Finished,
1,01dd8173-6a60-4f23-87d0-d74f38c84c3f,2026-09-29T00:39:01.297+00:00,2026-09-29T00:39:01.492+00:00,21072-30059,dryers,50170087,52000000,2026-09-29 00:39:01,2026-09-29 00:28:42,23,619.0,761.0,,Finished,
1,01dd8173-6a60-4f23-87d0-d74f38c84c3f,2026-09-29T00:39:01.297+00:00,2026-09-29T00:39:01.492+00:00,21072-30059,dryers,50170064,42000000,2026-09-29 00:39:01,2026-09-29 00:29:52,10,549.0,51.0,1,Running,
1,01dd8173-6a60-4f23-87d0-d74f38c84c3f,2026-09-29T00:39:01.297+00:00,2026-09-29T00:39:01.492+00:00,21072-30059,dryers,50170065,52000000,2026-09-29 00:39:01,2026-09-29 00:36:55,23,126.0,1254.0,,Finished,
1,01dd8173-6a60-4f23-87d0-d74f38c84c3f,2026-09-29T00:39:01.297+00:00,2026-09-29T00:39:01.492+00:00,21072-30059,dryers,50170059,52000000,2026-09-29 00:39:01,2026-09-29 00:34:08,23,293.0,1087.0,,Finished,
1,01dd8173-6a60-4f23-87d0-d74f38c84c3f,2026-09-29T00:39:01.297+00:00,2026-09-29T00:39:01.492+00:00,21072-30059,dryers,50170057,42000000,2026-09-29 00:39:01,2026-09-29 00:29:10,10,591.0,9.0,1,Running,
1,01dd8173-6a60-4f23-87d0-d74f38c84c3f,2026-09-29T00:39:01.297+00:00,2026-09-29T00:39:01.492+00:00,21072-30059,dryers,50170062,42000000,2026-09-29 00:39:01,2026-09-29 00:38:25,45,36.0,2664.0,45,Running,
1,01dd8173-6a60-4f23-87d0-d74f38c84c3f,2026-09-29T00:39:01.297+00:00,2026-09-29T00:39:01.492+00:00,21072-30059,dryers,50170067,52000000,2026-09-29 00:39:01,2026-09-29 00:31:06,23,475.0,905.0,,Finished,
1,01dd8173-6a60-4f23-87d0-d74f38c84c3f,2026-09-29T00:39:01.297+00:00,2026-09-29T00:39:01.492+00:00,21072-30059,dryers,50170074,52000000,2026-09-29 00:39:01,2026-09-29 00:39:00,23,1.0,1379.0,,Finished,
1,01dd8173-6a60-4f23-87d0-d74f38c84c3f,2026-09-29T00:39:01.297+00:00,2026-09-29T00:39:01.492+00:00,21072-30059,dryers,50170071,52000000,2026-09-29 00:39:01,2026-09-29 00:30:07,23,534.0,846.0,,Finished,
1,01dd8173-6a60-4f23-87d0-d74f38c84c3f,2026-09-29T00:39:01.297+00:00,2026-09-29T00:39:01.492+00:00,21072-30059,dryers,50170054,42000000,2026-09-29 00:39:01,2026-09-29 00:31:32,10,449.0,151.0,3,Running,
1,5fd4f836-1698-4e6c-8e56-ddb03b94fa7f,2026-09-29T00:40:01.316+00:00,2026-09-29T00:40:01.520+00:00,21072-30059,washers,50170051,72000000,2026-09-29 00:40:01,2026-09-29 00:39:12,29,49.0,1691.0,,Available,website maps this code to Available
1,5fd4f836-1698-4e6c-8e56-ddb03b94fa7f,2026-09-29T00:40:01.316+00:00,2026-09-29T00:40:01.520+00:00,21072-30059,washers,50170080,42000000,2026-09-29 00:40:01,2026-09-29 00:39:39,26,22.0,1538.0,26,Running,
1,5fd4f836-1698-4e6c-8e56-ddb03b94fa7f,2026-09-29T00:40:01.316+00:00,2026-09-29T00:40:01.520+00:00,21072-30059,washers,50170075,42000000,2026-09-29 00:40:01,2026-09-29 00:13:05,41,1616.0,844.0,15,Running,
1,5fd4f836-1698-4e6c-8e56-ddb03b94fa7f,2026-09-29T00:40:01.316+00:00,2026-09-29T00:40:01.520+00:00,21072-30059,washers,50170082,72000000,2026-09-29 00:40:01,2026-09-28 23:42:22,29,3459.0,-1719.0,,Available,website maps this code to Available
1,5fd4f836-1698-4e6c-8e56-ddb03b94fa7f,2026-09-29T00:40:01.316+00:00,2026-09-29T00:40:01.520+00:00,21072-30059,washers,50170050,52000000,2026-09-29 00:40:01,2026-09-29 00:07:42,29,1939.0,-199.0,,Finished,
1,5fd4f836-1698-4e6c-8e56-ddb03b94fa7f,2026-09-29T00:40:01.316+00:00,2026-09-29T00:40:01.520+00:00,21072-30059,washers,50170052,72000000,2026-09-29 00:40:01,2026-09-28 23:45:08,29,3293.0,-1553.0,,Available,website maps this code to Available
1,5fd4f836-1698-4e6c-8e56-ddb03b94fa7f,2026-09-29T00:40:01.316+00:00,2026-09-29T00:40:01.520+00:00,21072-30059,washers,50170078,72000000,2026-09-29 00:40:01,2026-09-28 23:35:24,29,3877.0,-2137.0,,Available,website maps this code to Available
1,5fd4f836-1698-4e6c-8e56-ddb03b94fa7f,2026-09-29T00:40:01.316+00:00,2026-09-29T00:40:01.520+00:00,21072-30059,washers,50170084,72000000,2026-09-29 00:40:01,2026-09-28 23:34:36,29,3925.0,-2185.0,,Available,website maps this code to Available
1,5fd4f836-1698-4e6c-8e56-ddb03b94fa7f,2026-09-29T00:40:01.316+00:00,2026-09-29T00:40:01.520+00:00,21072-30059,washers,50170068,72000000,2026-09-29 00:40:01,2026-09-28 23:32:25,29,4056.0,-2316.0,,Available,website maps this code to Available
1,5fd4f836-1698-4e6c-8e56-ddb03b94fa7f,2026-09-29T00:40:01.316+00:00,2026-09-29T00:40:01.520+00:00,21072-30059,washers,50170072,72000000,2026-09-29 00:40:01,2026-09-29 00:37:24,29,157.0,1583.0,,Available,website maps this code to Available
1,5fd4f836-1698-4e6c-8e56-ddb03b94fa7f,2026-09-29T00:40:01.316+00:00,2026-09-29T00:40:01.520+00:00,21072-30059,washers,20483408,72000000,2026-09-29 00:40:01,2024-12-20 00:43:32,0,55986989.0,-55986989.0,,Available,website maps this code to Available
1,5fd4f836-1698-4e6c-8e56-ddb03b94fa7f,2026-09-29T00:40:01.316+00:00,2026-09-29T00:40:01.520+00:00,21072-30059,washers,50170055,42000000,2026-09-29 00:40:01,2026-09-29 00:13:11,41,1610.0,850.0,15,Running,
1,5fd4f836-1698-4e6c-8e56-ddb03b94fa7f,2026-09-29T00:40:01.316+00:00,2026-09-29T00:40:01.520+00:00,21072-30059,dryers,50170058,D2000000,2026-09-29 00:40:01,2026-09-26 17:53:29,45,197192.0,-194492.0,,Start Mode After PF,
1,5fd4f836-1698-4e6c-8e56-ddb03b94fa7f,2026-09-29T00:40:01.316+00:00,2026-09-29T00:40:01.520+00:00,21072-30059,dryers,50170061,72000000,2026-09-29 00:40:01,2026-09-29 00:35:15,46,286.0,2474.0,,Available,website maps this code to Available
1,5fd4f836-1698-4e6c-8e56-ddb03b94fa7f,2026-09-29T00:40:01.316+00:00,2026-09-29T00:40:01.520+00:00,21072-30059,dryers,50170081,52000000,2026-09-29 00:40:01,2026-09-29 00:26:21,23,820.0,560.0,,Finished,
1,5fd4f836-1698-4e6c-8e56-ddb03b94fa7f,2026-09-29T00:40:01.316+00:00,2026-09-29T00:40:01.520+00:00,21072-30059,dryers,50170060,52000000,2026-09-29 00:40:01,2026-09-29 00:29:27,23,634.0,746.0,,Finished,
1,5fd4f836-1698-4e6c-8e56-ddb03b94fa7f,2026-09-29T00:40:01.316+00:00,2026-09-29T00:40:01.520+00:00,21072-30059,dryers,50170087,52000000,2026-09-29 00:40:01,2026-09-29 00:28:42,23,679.0,701.0,,Finished,
1,5fd4f836-1698-4e6c-8e56-ddb03b94fa7f,2026-09-29T00:40:01.316+00:00,2026-09-29T00:40:01.520+00:00,21072-30059,dryers,50170064,42000000,2026-09-29 00:40:01,2026-09-29 00:29:52,10,609.0,-9.0,,Available,website fallback: countdown expired
1,5fd4f836-1698-4e6c-8e56-ddb03b94fa7f,2026-09-29T00:40:01.316+00:00,2026-09-29T00:40:01.520+00:00,21072-30059,dryers,50170065,52000000,2026-09-29 00:40:01,2026-09-29 00:36:55,23,186.0,1194.0,,Finished,
1,5fd4f836-1698-4e6c-8e56-ddb03b94fa7f,2026-09-29T00:40:01.316+00:00,2026-09-29T00:40:01.520+00:00,21072-30059,dryers,50170059,52000000,2026-09-29 00:40:01,2026-09-29 00:34:08,23,353.0,1027.0,,Finished,
1,5fd4f836-1698-4e6c-8e56-ddb03b94fa7f,2026-09-29T00:40:01.316+00:00,2026-09-29T00:40:01.520+00:00,21072-30059,dryers,50170057,52000000,2026-09-29 00:40:01,2026-09-29 00:39:20,23,41.0,1339.0,,Finished,
1,5fd4f836-1698-4e6c-8e56-ddb03b94fa7f,2026-09-29T00:40:01.316+00:00,2026-09-29T00:40:01.520+00:00,21072-30059,dryers,50170062,42000000,2026-09-29 00:40:01,2026-09-29 00:38:25,45,96.0,2604.0,44,Running,
1,5fd4f836-1698-4e6c-8e56-ddb03b94fa7f,2026-09-29T00:40:01.316+00:00,2026-09-29T00:40:01.520+00:00,21072-30059,dryers,50170067,52000000,2026-09-29 00:40:01,2026-09-29 00:31:06,23,535.0,845.0,,Finished,
1,5fd4f836-1698-4e6c-8e56-ddb03b94fa7f,2026-09-29T00:40:01.316+00:00,2026-09-29T00:40:01.520+00:00,21072-30059,dryers,50170074,52000000,2026-09-29 00:40:01,2026-09-29 00:39:00,23,61.0,1319.0,,Finished,
1,5fd4f836-1698-4e6c-8e56-ddb03b94fa7f,2026-09-29T00:40:01.316+00:00,2026-09-29T00:40:01.520+00:00,21072-30059,dryers,50170071,52000000,2026-09-29 00:40:01,2026-09-29 00:30:07,23,594.0,786.0,,Finished,
1,5fd4f836-1698-4e6c-8e56-ddb03b94fa7f,2026-09-29T00:40:01.316+00:00,2026-09-29T00:40:01.520+00:00,21072-30059,dryers,50170054,42000000,2026-09-29 00:40:01,2026-09-29 00:31:32,10,509.0,91.0,2,Running,
1,195b0a6f-7ece-4a9a-b438-01a76042520d,2026-09-29T00:41:01.419+00:00,2026-09-29T00:41:01.647+00:00,21072-30059,washers,50170051,72000000,2026-09-29 00:41:01,2026-09-29 00:39:12,29,109.0,1631.0,,Available,website maps this code to Available
1,195b0a6f-7ece-4a9a-b438-01a76042520d,2026-09-29T00:41:01.419+00:00,2026-09-29T00:41:01.647+00:00,21072-30059,washers,50170080,42000000,2026-09-29 00:41:01,2026-09-29 00:39:39,26,82.0,1478.0,25,Running,
1,195b0a6f-7ece-4a9a-b438-01a76042520d,2026-09-29T00:41:01.419+00:00,2026-09-29T00:41:01.647+00:00,21072-30059,washers,50170075,42000000,2026-09-29 00:41:01,2026-09-29 00:13:05,41,1676.0,784.0,14,Running,
1,195b0a6f-7ece-4a9a-b438-01a76042520d,2026-09-29T00:41:01.419+00:00,2026-09-29T00:41:01.647+00:00,21072-30059,washers,50170082,72000000,2026-09-29 00:41:01,2026-09-28 23:42:22,29,3519.0,-1779.0,,Available,website maps this code to Available
1,195b0a6f-7ece-4a9a-b438-01a76042520d,2026-09-29T00:41:01.419+00:00,2026-09-29T00:41:01.647+00:00,21072-30059,washers,50170050,52000000,2026-09-29 00:41:01,2026-09-29 00:07:42,29,1999.0,-259.0,,Finished,
1,195b0a6f-7ece-4a9a-b438-01a76042520d,2026-09-29T00:41:01.419+00:00,2026-09-29T00:41:01.647+00:00,21072-30059,washers,50170052,72000000,2026-09-29 00:41:01,2026-09-28 23:45:08,29,3353.0,-1613.0,,Available,website maps this code to Available
1,195b0a6f-7ece-4a9a-b438-01a76042520d,2026-09-29T00:41:01.419+00:00,2026-09-29T00:41:01.647+00:00,21072-30059,washers,50170078,72000000,2026-09-29 00:41:01,2026-09-28 23:35:24,29,3937.0,-2197.0,,Available,website maps this code to Available
1,195b0a6f-7ece-4a9a-b438-01a76042520d,2026-09-29T00:41:01.419+00:00,2026-09-29T00:41:01.647+00:00,21072-30059,washers,50170084,72000000,2026-09-29 00:41:01,2026-09-28 23:34:36,29,3985.0,-2245.0,,Available,website maps this code to Available
1,195b0a6f-7ece-4a9a-b438-01a76042520d,2026-09-29T00:41:01.419+00:00,2026-09-29T00:41:01.647+00:00,21072-30059,washers,50170068,72000000,2026-09-29 00:41:01,2026-09-28 23:32:25,29,4116.0,-2376.0,,Available,website maps this code to Available
1,195b0a6f-7ece-4a9a-b438-01a76042520d,2026-09-29T00:41:01.419+00:00,2026-09-29T00:41:01.647+00:00,21072-30059,washers,50170072,72000000,2026-09-29 00:41:01,2026-09-29 00:37:24,29,217.0,1523.0,,Available,website maps this code to Available
1,195b0a6f-7ece-4a9a-b438-01a76042520d,2026-09-29T00:41:01.419+00:00,2026-09-29T00:41:01.647+00:00,21072-30059,washers,20483408,72000000,2026-09-29 00:41:01,2024-12-20 00:43:32,0,55987049.0,-55987049.0,,Available,website maps this code to Available
1,195b0a6f-7ece-4a9a-b438-01a76042520d,2026-09-29T00:41:01.419+00:00,2026-09-29T00:41:01.647+00:00,21072-30059,washers,50170055,42000000,2026-09-29 00:41:01,2026-09-29 00:13:11,41,1670.0,790.0,14,Running,
1,195b0a6f-7ece-4a9a-b438-01a76042520d,2026-09-29T00:41:01.419+00:00,2026-09-29T00:41:01.647+00:00,21072-30059,dryers,50170058,D2000000,2026-09-29 00:41:01,2026-09-26 17:53:29,45,197252.0,-194552.0,,Start Mode After PF,
1,195b0a6f-7ece-4a9a-b438-01a76042520d,2026-09-29T00:41:01.419+00:00,2026-09-29T00:41:01.647+00:00,21072-30059,dryers,50170061,42000000,2026-09-29 00:41:01,2026-09-29 00:40:21,45,40.0,2660.0,45,Running,
1,195b0a6f-7ece-4a9a-b438-01a76042520d,2026-09-29T00:41:01.419+00:00,2026-09-29T00:41:01.647+00:00,21072-30059,dryers,50170081,52000000,2026-09-29 00:41:01,2026-09-29 00:26:21,23,880.0,500.0,,Finished,
1,195b0a6f-7ece-4a9a-b438-01a76042520d,2026-09-29T00:41:01.419+00:00,2026-09-29T00:41:01.647+00:00,21072-30059,dryers,50170060,72000000,2026-09-29 00:41:01,2026-09-29 00:40:38,46,23.0,2737.0,,Available,website maps this code to Available
1,195b0a6f-7ece-4a9a-b438-01a76042520d,2026-09-29T00:41:01.419+00:00,2026-09-29T00:41:01.647+00:00,21072-30059,dryers,50170087,72000000,2026-09-29 00:41:01,2026-09-29 00:40:52,46,9.0,2751.0,,Available,website maps this code to Available
1,195b0a6f-7ece-4a9a-b438-01a76042520d,2026-09-29T00:41:01.419+00:00,2026-09-29T00:41:01.647+00:00,21072-30059,dryers,50170064,52000000,2026-09-29 00:41:01,2026-09-29 00:40:02,23,59.0,1321.0,,Finished,
1,195b0a6f-7ece-4a9a-b438-01a76042520d,2026-09-29T00:41:01.419+00:00,2026-09-29T00:41:01.647+00:00,21072-30059,dryers,50170065,52000000,2026-09-29 00:41:01,2026-09-29 00:36:55,23,246.0,1134.0,,Finished,
1,195b0a6f-7ece-4a9a-b438-01a76042520d,2026-09-29T00:41:01.419+00:00,2026-09-29T00:41:01.647+00:00,21072-30059,dryers,50170059,52000000,2026-09-29 00:41:01,2026-09-29 00:34:08,23,413.0,967.0,,Finished,
1,195b0a6f-7ece-4a9a-b438-01a76042520d,2026-09-29T00:41:01.419+00:00,2026-09-29T00:41:01.647+00:00,21072-30059,dryers,50170057,52000000,2026-09-29 00:41:01,2026-09-29 00:39:20,23,101.0,1279.0,,Finished,
1,195b0a6f-7ece-4a9a-b438-01a76042520d,2026-09-29T00:41:01.419+00:00,2026-09-29T00:41:01.647+00:00,21072-30059,dryers,50170062,42000000,2026-09-29 00:41:01,2026-09-29 00:38:25,45,156.0,2544.0,43,Running,
1,195b0a6f-7ece-4a9a-b438-01a76042520d,2026-09-29T00:41:01.419+00:00,2026-09-29T00:41:01.647+00:00,21072-30059,dryers,50170067,52000000,2026-09-29 00:41:01,2026-09-29 00:31:06,23,595.0,785.0,,Finished,
1,195b0a6f-7ece-4a9a-b438-01a76042520d,2026-09-29T00:41:01.419+00:00,2026-09-29T00:41:01.647+00:00,21072-30059,dryers,50170074,52000000,2026-09-29 00:41:01,2026-09-29 00:39:00,23,121.0,1259.0,,Finished,
1,195b0a6f-7ece-4a9a-b438-01a76042520d,2026-09-29T00:41:01.419+00:00,2026-09-29T00:41:01.647+00:00,21072-30059,dryers,50170071,52000000,2026-09-29 00:41:01,2026-09-29 00:30:07,23,654.0,726.0,,Finished,
1,195b0a6f-7ece-4a9a-b438-01a76042520d,2026-09-29T00:41:01.419+00:00,2026-09-29T00:41:01.647+00:00,21072-30059,dryers,50170054,42000000,2026-09-29 00:41:01,2026-09-29 00:31:32,10,569.0,31.0,1,Running,
1,4cbc8a41-62d0-4bd1-bd22-1f240dfff9e7,2026-09-29T00:42:01.278+00:00,2026-09-29T00:42:01.478+00:00,21072-30059,washers,50170051,42000000,2026-09-29 00:42:01,2026-09-29 00:41:16,28,45.0,1635.0,28,Running,
1,4cbc8a41-62d0-4bd1-bd22-1f240dfff9e7,2026-09-29T00:42:01.278+00:00,2026-09-29T00:42:01.478+00:00,21072-30059,washers,50170080,42000000,2026-09-29 00:42:01,2026-09-29 00:39:39,26,142.0,1418.0,24,Running,
1,4cbc8a41-62d0-4bd1-bd22-1f240dfff9e7,2026-09-29T00:42:01.278+00:00,2026-09-29T00:42:01.478+00:00,21072-30059,washers,50170075,42000000,2026-09-29 00:42:01,2026-09-29 00:13:05,41,1736.0,724.0,13,Running,
1,4cbc8a41-62d0-4bd1-bd22-1f240dfff9e7,2026-09-29T00:42:01.278+00:00,2026-09-29T00:42:01.478+00:00,21072-30059,washers,50170082,72000000,2026-09-29 00:42:01,2026-09-28 23:42:22,29,3579.0,-1839.0,,Available,website maps this code to Available
1,4cbc8a41-62d0-4bd1-bd22-1f240dfff9e7,2026-09-29T00:42:01.278+00:00,2026-09-29T00:42:01.478+00:00,21072-30059,washers,50170050,52000000,2026-09-29 00:42:01,2026-09-29 00:07:42,29,2059.0,-319.0,,Finished,
1,4cbc8a41-62d0-4bd1-bd22-1f240dfff9e7,2026-09-29T00:42:01.278+00:00,2026-09-29T00:42:01.478+00:00,21072-30059,washers,50170052,72000000,2026-09-29 00:42:01,2026-09-28 23:45:08,29,3413.0,-1673.0,,Available,website maps this code to Available
1,4cbc8a41-62d0-4bd1-bd22-1f240dfff9e7,2026-09-29T00:42:01.278+00:00,2026-09-29T00:42:01.478+00:00,21072-30059,washers,50170078,72000000,2026-09-29 00:42:01,2026-09-28 23:35:24,29,3997.0,-2257.0,,Available,website maps this code to Available
1,4cbc8a41-62d0-4bd1-bd22-1f240dfff9e7,2026-09-29T00:42:01.278+00:00,2026-09-29T00:42:01.478+00:00,21072-30059,washers,50170084,72000000,2026-09-29 00:42:01,2026-09-28 23:34:36,29,4045.0,-2305.0,,Available,website maps this code to Available
1,4cbc8a41-62d0-4bd1-bd22-1f240dfff9e7,2026-09-29T00:42:01.278+00:00,2026-09-29T00:42:01.478+00:00,21072-30059,washers,50170068,72000000,2026-09-29 00:42:01,2026-09-28 23:32:25,29,4176.0,-2436.0,,Available,website maps this code to Available
1,4cbc8a41-62d0-4bd1-bd22-1f240dfff9e7,2026-09-29T00:42:01.278+00:00,2026-09-29T00:42:01.478+00:00,21072-30059,washers,50170072,72000000,2026-09-29 00:42:01,2026-09-29 00:37:24,29,277.0,1463.0,,Available,website maps this code to Available
1,4cbc8a41-62d0-4bd1-bd22-1f240dfff9e7,2026-09-29T00:42:01.278+00:00,2026-09-29T00:42:01.478+00:00,21072-30059,washers,20483408,72000000,2026-09-29 00:42:01,2024-12-20 00:43:32,0,55987109.0,-55987109.0,,Available,website maps this code to Available
1,4cbc8a41-62d0-4bd1-bd22-1f240dfff9e7,2026-09-29T00:42:01.278+00:00,2026-09-29T00:42:01.478+00:00,21072-30059,washers,50170055,42000000,2026-09-29 00:42:01,2026-09-29 00:13:11,41,1730.0,730.0,13,Running,
1,4cbc8a41-62d0-4bd1-bd22-1f240dfff9e7,2026-09-29T00:42:01.278+00:00,2026-09-29T00:42:01.478+00:00,21072-30059,dryers,50170058,D2000000,2026-09-29 00:42:01,2026-09-26 17:53:29,45,197312.0,-194612.0,,Start Mode After PF,
1,4cbc8a41-62d0-4bd1-bd22-1f240dfff9e7,2026-09-29T00:42:01.278+00:00,2026-09-29T00:42:01.478+00:00,21072-30059,dryers,50170061,42000000,2026-09-29 00:42:01,2026-09-29 00:40:21,45,100.0,2600.0,44,Running,
1,4cbc8a41-62d0-4bd1-bd22-1f240dfff9e7,2026-09-29T00:42:01.278+00:00,2026-09-29T00:42:01.478+00:00,21072-30059,dryers,50170081,52000000,2026-09-29 00:42:01,2026-09-29 00:26:21,23,940.0,440.0,,Finished,
1,4cbc8a41-62d0-4bd1-bd22-1f240dfff9e7,2026-09-29T00:42:01.278+00:00,2026-09-29T00:42:01.478+00:00,21072-30059,dryers,50170060,72000000,2026-09-29 00:42:01,2026-09-29 00:40:38,46,83.0,2677.0,,Available,website maps this code to Available
1,4cbc8a41-62d0-4bd1-bd22-1f240dfff9e7,2026-09-29T00:42:01.278+00:00,2026-09-29T00:42:01.478+00:00,21072-30059,dryers,50170087,72000000,2026-09-29 00:42:01,2026-09-29 00:40:52,46,69.0,2691.0,,Available,website maps this code to Available
1,4cbc8a41-62d0-4bd1-bd22-1f240dfff9e7,2026-09-29T00:42:01.278+00:00,2026-09-29T00:42:01.478+00:00,21072-30059,dryers,50170064,52000000,2026-09-29 00:42:01,2026-09-29 00:40:02,23,119.0,1261.0,,Finished,
1,4cbc8a41-62d0-4bd1-bd22-1f240dfff9e7,2026-09-29T00:42:01.278+00:00,2026-09-29T00:42:01.478+00:00,21072-30059,dryers,50170065,52000000,2026-09-29 00:42:01,2026-09-29 00:36:55,23,306.0,1074.0,,Finished,
1,4cbc8a41-62d0-4bd1-bd22-1f240dfff9e7,2026-09-29T00:42:01.278+00:00,2026-09-29T00:42:01.478+00:00,21072-30059,dryers,50170059,52000000,2026-09-29 00:42:01,2026-09-29 00:34:08,23,473.0,907.0,,Finished,
1,4cbc8a41-62d0-4bd1-bd22-1f240dfff9e7,2026-09-29T00:42:01.278+00:00,2026-09-29T00:42:01.478+00:00,21072-30059,dryers,50170057,52000000,2026-09-29 00:42:01,2026-09-29 00:39:20,23,161.0,1219.0,,Finished,
1,4cbc8a41-62d0-4bd1-bd22-1f240dfff9e7,2026-09-29T00:42:01.278+00:00,2026-09-29T00:42:01.478+00:00,21072-30059,dryers,50170062,42000000,2026-09-29 00:42:01,2026-09-29 00:38:25,45,216.0,2484.0,42,Running,
1,4cbc8a41-62d0-4bd1-bd22-1f240dfff9e7,2026-09-29T00:42:01.278+00:00,2026-09-29T00:42:01.478+00:00,21072-30059,dryers,50170067,72000000,2026-09-29 00:42:01,2026-09-29 00:41:17,46,44.0,2716.0,,Available,website maps this code to Available
1,4cbc8a41-62d0-4bd1-bd22-1f240dfff9e7,2026-09-29T00:42:01.278+00:00,2026-09-29T00:42:01.478+00:00,21072-30059,dryers,50170074,52000000,2026-09-29 00:42:01,2026-09-29 00:39:00,23,181.0,1199.0,,Finished,
1,4cbc8a41-62d0-4bd1-bd22-1f240dfff9e7,2026-09-29T00:42:01.278+00:00,2026-09-29T00:42:01.478+00:00,21072-30059,dryers,50170071,52000000,2026-09-29 00:42:01,2026-09-29 00:30:07,23,714.0,666.0,,Finished,
1,4cbc8a41-62d0-4bd1-bd22-1f240dfff9e7,2026-09-29T00:42:01.278+00:00,2026-09-29T00:42:01.478+00:00,21072-30059,dryers,50170054,52000000,2026-09-29 00:42:01,2026-09-29 00:41:43,23,18.0,1362.0,,Finished,
1,201b97ee-d668-4d5d-bae6-221d3d95dce7,2026-09-29T00:43:01.311+00:00,2026-09-29T00:43:01.503+00:00,21072-30059,washers,50170051,42000000,2026-09-29 00:43:01,2026-09-29 00:41:16,28,105.0,1575.0,27,Running,
1,201b97ee-d668-4d5d-bae6-221d3d95dce7,2026-09-29T00:43:01.311+00:00,2026-09-29T00:43:01.503+00:00,21072-30059,washers,50170080,42000000,2026-09-29 00:43:01,2026-09-29 00:39:39,26,202.0,1358.0,23,Running,
1,201b97ee-d668-4d5d-bae6-221d3d95dce7,2026-09-29T00:43:01.311+00:00,2026-09-29T00:43:01.503+00:00,21072-30059,washers,50170075,42000000,2026-09-29 00:43:01,2026-09-29 00:13:05,41,1796.0,664.0,12,Running,
1,201b97ee-d668-4d5d-bae6-221d3d95dce7,2026-09-29T00:43:01.311+00:00,2026-09-29T00:43:01.503+00:00,21072-30059,washers,50170082,72000000,2026-09-29 00:43:01,2026-09-28 23:42:22,29,3639.0,-1899.0,,Available,website maps this code to Available
1,201b97ee-d668-4d5d-bae6-221d3d95dce7,2026-09-29T00:43:01.311+00:00,2026-09-29T00:43:01.503+00:00,21072-30059,washers,50170050,72000000,2026-09-29 00:43:01,2026-09-29 00:42:09,29,52.0,1688.0,,Available,website maps this code to Available
1,201b97ee-d668-4d5d-bae6-221d3d95dce7,2026-09-29T00:43:01.311+00:00,2026-09-29T00:43:01.503+00:00,21072-30059,washers,50170052,72000000,2026-09-29 00:43:01,2026-09-28 23:45:08,29,3473.0,-1733.0,,Available,website maps this code to Available
1,201b97ee-d668-4d5d-bae6-221d3d95dce7,2026-09-29T00:43:01.311+00:00,2026-09-29T00:43:01.503+00:00,21072-30059,washers,50170078,72000000,2026-09-29 00:43:01,2026-09-28 23:35:24,29,4057.0,-2317.0,,Available,website maps this code to Available
1,201b97ee-d668-4d5d-bae6-221d3d95dce7,2026-09-29T00:43:01.311+00:00,2026-09-29T00:43:01.503+00:00,21072-30059,washers,50170084,72000000,2026-09-29 00:43:01,2026-09-28 23:34:36,29,4105.0,-2365.0,,Available,website maps this code to Available
1,201b97ee-d668-4d5d-bae6-221d3d95dce7,2026-09-29T00:43:01.311+00:00,2026-09-29T00:43:01.503+00:00,21072-30059,washers,50170068,72000000,2026-09-29 00:43:01,2026-09-28 23:32:25,29,4236.0,-2496.0,,Available,website maps this code to Available
1,201b97ee-d668-4d5d-bae6-221d3d95dce7,2026-09-29T00:43:01.311+00:00,2026-09-29T00:43:01.503+00:00,21072-30059,washers,50170072,72000000,2026-09-29 00:43:01,2026-09-29 00:37:24,29,337.0,1403.0,,Available,website maps this code to Available
1,201b97ee-d668-4d5d-bae6-221d3d95dce7,2026-09-29T00:43:01.311+00:00,2026-09-29T00:43:01.503+00:00,21072-30059,washers,20483408,72000000,2026-09-29 00:43:01,2024-12-20 00:43:32,0,55987169.0,-55987169.0,,Available,website maps this code to Available
1,201b97ee-d668-4d5d-bae6-221d3d95dce7,2026-09-29T00:43:01.311+00:00,2026-09-29T00:43:01.503+00:00,21072-30059,washers,50170055,42000000,2026-09-29 00:43:01,2026-09-29 00:13:11,41,1790.0,670.0,12,Running,
1,201b97ee-d668-4d5d-bae6-221d3d95dce7,2026-09-29T00:43:01.311+00:00,2026-09-29T00:43:01.503+00:00,21072-30059,dryers,50170058,D2000000,2026-09-29 00:43:01,2026-09-26 17:53:29,45,197372.0,-194672.0,,Start Mode After PF,
1,201b97ee-d668-4d5d-bae6-221d3d95dce7,2026-09-29T00:43:01.311+00:00,2026-09-29T00:43:01.503+00:00,21072-30059,dryers,50170061,42000000,2026-09-29 00:43:01,2026-09-29 00:40:21,45,160.0,2540.0,43,Running,
1,201b97ee-d668-4d5d-bae6-221d3d95dce7,2026-09-29T00:43:01.311+00:00,2026-09-29T00:43:01.503+00:00,21072-30059,dryers,50170081,52000000,2026-09-29 00:43:01,2026-09-29 00:26:21,23,1000.0,380.0,,Finished,
1,201b97ee-d668-4d5d-bae6-221d3d95dce7,2026-09-29T00:43:01.311+00:00,2026-09-29T00:43:01.503+00:00,21072-30059,dryers,50170060,72000000,2026-09-29 00:43:01,2026-09-29 00:40:38,46,143.0,2617.0,,Available,website maps this code to Available
1,201b97ee-d668-4d5d-bae6-221d3d95dce7,2026-09-29T00:43:01.311+00:00,2026-09-29T00:43:01.503+00:00,21072-30059,dryers,50170087,72000000,2026-09-29 00:43:01,2026-09-29 00:40:52,46,129.0,2631.0,,Available,website maps this code to Available
1,201b97ee-d668-4d5d-bae6-221d3d95dce7,2026-09-29T00:43:01.311+00:00,2026-09-29T00:43:01.503+00:00,21072-30059,dryers,50170064,52000000,2026-09-29 00:43:01,2026-09-29 00:40:02,23,179.0,1201.0,,Finished,
1,201b97ee-d668-4d5d-bae6-221d3d95dce7,2026-09-29T00:43:01.311+00:00,2026-09-29T00:43:01.503+00:00,21072-30059,dryers,50170065,52000000,2026-09-29 00:43:01,2026-09-29 00:36:55,23,366.0,1014.0,,Finished,
1,201b97ee-d668-4d5d-bae6-221d3d95dce7,2026-09-29T00:43:01.311+00:00,2026-09-29T00:43:01.503+00:00,21072-30059,dryers,50170059,52000000,2026-09-29 00:43:01,2026-09-29 00:34:08,23,533.0,847.0,,Finished,
1,201b97ee-d668-4d5d-bae6-221d3d95dce7,2026-09-29T00:43:01.311+00:00,2026-09-29T00:43:01.503+00:00,21072-30059,dryers,50170057,52000000,2026-09-29 00:43:01,2026-09-29 00:39:20,23,221.0,1159.0,,Finished,
1,201b97ee-d668-4d5d-bae6-221d3d95dce7,2026-09-29T00:43:01.311+00:00,2026-09-29T00:43:01.503+00:00,21072-30059,dryers,50170062,42000000,2026-09-29 00:43:01,2026-09-29 00:38:25,45,276.0,2424.0,41,Running,
1,201b97ee-d668-4d5d-bae6-221d3d95dce7,2026-09-29T00:43:01.311+00:00,2026-09-29T00:43:01.503+00:00,21072-30059,dryers,50170067,42000000,2026-09-29 00:43:01,2026-09-29 00:42:20,45,41.0,2659.0,45,Running,
1,201b97ee-d668-4d5d-bae6-221d3d95dce7,2026-09-29T00:43:01.311+00:00,2026-09-29T00:43:01.503+00:00,21072-30059,dryers,50170074,52000000,2026-09-29 00:43:01,2026-09-29 00:39:00,23,241.0,1139.0,,Finished,
1,201b97ee-d668-4d5d-bae6-221d3d95dce7,2026-09-29T00:43:01.311+00:00,2026-09-29T00:43:01.503+00:00,21072-30059,dryers,50170071,52000000,2026-09-29 00:43:01,2026-09-29 00:30:07,23,774.0,606.0,,Finished,
1,201b97ee-d668-4d5d-bae6-221d3d95dce7,2026-09-29T00:43:01.311+00:00,2026-09-29T00:43:01.503+00:00,21072-30059,dryers,50170054,52000000,2026-09-29 00:43:01,2026-09-29 00:41:43,23,78.0,1302.0,,Finished,
1,9ca85cad-cbdc-4429-a9b9-33e17f102de2,2026-09-29T00:44:01.308+00:00,2026-09-29T00:44:01.509+00:00,21072-30059,washers,50170051,42000000,2026-09-29 00:44:01,2026-09-29 00:41:16,28,165.0,1515.0,26,Running,
1,9ca85cad-cbdc-4429-a9b9-33e17f102de2,2026-09-29T00:44:01.308+00:00,2026-09-29T00:44:01.509+00:00,21072-30059,washers,50170080,42000000,2026-09-29 00:44:01,2026-09-29 00:39:39,26,262.0,1298.0,22,Running,
1,9ca85cad-cbdc-4429-a9b9-33e17f102de2,2026-09-29T00:44:01.308+00:00,2026-09-29T00:44:01.509+00:00,21072-30059,washers,50170075,42000000,2026-09-29 00:44:01,2026-09-29 00:13:05,41,1856.0,604.0,11,Running,
1,9ca85cad-cbdc-4429-a9b9-33e17f102de2,2026-09-29T00:44:01.308+00:00,2026-09-29T00:44:01.509+00:00,21072-30059,washers,50170082,72000000,2026-09-29 00:44:01,2026-09-28 23:42:22,29,3699.0,-1959.0,,Available,website maps this code to Available
1,9ca85cad-cbdc-4429-a9b9-33e17f102de2,2026-09-29T00:44:01.308+00:00,2026-09-29T00:44:01.509+00:00,21072-30059,washers,50170050,72000000,2026-09-29 00:44:01,2026-09-29 00:42:09,29,112.0,1628.0,,Available,website maps this code to Available
1,9ca85cad-cbdc-4429-a9b9-33e17f102de2,2026-09-29T00:44:01.308+00:00,2026-09-29T00:44:01.509+00:00,21072-30059,washers,50170052,72000000,2026-09-29 00:44:01,2026-09-28 23:45:08,29,3533.0,-1793.0,,Available,website maps this code to Available
1,9ca85cad-cbdc-4429-a9b9-33e17f102de2,2026-09-29T00:44:01.308+00:00,2026-09-29T00:44:01.509+00:00,21072-30059,washers,50170078,72000000,2026-09-29 00:44:01,2026-09-28 23:35:24,29,4117.0,-2377.0,,Available,website maps this code to Available
1,9ca85cad-cbdc-4429-a9b9-33e17f102de2,2026-09-29T00:44:01.308+00:00,2026-09-29T00:44:01.509+00:00,21072-30059,washers,50170084,72000000,2026-09-29 00:44:01,2026-09-28 23:34:36,29,4165.0,-2425.0,,Available,website maps this code to Available
1,9ca85cad-cbdc-4429-a9b9-33e17f102de2,2026-09-29T00:44:01.308+00:00,2026-09-29T00:44:01.509+00:00,21072-30059,washers,50170068,72000000,2026-09-29 00:44:01,2026-09-28 23:32:25,29,4296.0,-2556.0,,Available,website maps this code to Available
1,9ca85cad-cbdc-4429-a9b9-33e17f102de2,2026-09-29T00:44:01.308+00:00,2026-09-29T00:44:01.509+00:00,21072-30059,washers,50170072,72000000,2026-09-29 00:44:01,2026-09-29 00:37:24,29,397.0,1343.0,,Available,website maps this code to Available
1,9ca85cad-cbdc-4429-a9b9-33e17f102de2,2026-09-29T00:44:01.308+00:00,2026-09-29T00:44:01.509+00:00,21072-30059,washers,20483408,72000000,2026-09-29 00:44:01,2024-12-20 00:43:32,0,55987229.0,-55987229.0,,Available,website maps this code to Available
1,9ca85cad-cbdc-4429-a9b9-33e17f102de2,2026-09-29T00:44:01.308+00:00,2026-09-29T00:44:01.509+00:00,21072-30059,washers,50170055,42000000,2026-09-29 00:44:01,2026-09-29 00:13:11,41,1850.0,610.0,11,Running,
1,9ca85cad-cbdc-4429-a9b9-33e17f102de2,2026-09-29T00:44:01.308+00:00,2026-09-29T00:44:01.509+00:00,21072-30059,dryers,50170058,D2000000,2026-09-29 00:44:01,2026-09-26 17:53:29,45,197432.0,-194732.0,,Start Mode After PF,
1,9ca85cad-cbdc-4429-a9b9-33e17f102de2,2026-09-29T00:44:01.308+00:00,2026-09-29T00:44:01.509+00:00,21072-30059,dryers,50170061,42000000,2026-09-29 00:44:01,2026-09-29 00:40:21,45,220.0,2480.0,42,Running,
1,9ca85cad-cbdc-4429-a9b9-33e17f102de2,2026-09-29T00:44:01.308+00:00,2026-09-29T00:44:01.509+00:00,21072-30059,dryers,50170081,52000000,2026-09-29 00:44:01,2026-09-29 00:26:21,23,1060.0,320.0,,Finished,
1,9ca85cad-cbdc-4429-a9b9-33e17f102de2,2026-09-29T00:44:01.308+00:00,2026-09-29T00:44:01.509+00:00,21072-30059,dryers,50170060,72000000,2026-09-29 00:44:01,2026-09-29 00:40:38,46,203.0,2557.0,,Available,website maps this code to Available
1,9ca85cad-cbdc-4429-a9b9-33e17f102de2,2026-09-29T00:44:01.308+00:00,2026-09-29T00:44:01.509+00:00,21072-30059,dryers,50170087,72000000,2026-09-29 00:44:01,2026-09-29 00:40:52,46,189.0,2571.0,,Available,website maps this code to Available
1,9ca85cad-cbdc-4429-a9b9-33e17f102de2,2026-09-29T00:44:01.308+00:00,2026-09-29T00:44:01.509+00:00,21072-30059,dryers,50170064,52000000,2026-09-29 00:44:01,2026-09-29 00:40:02,23,239.0,1141.0,,Finished,
1,9ca85cad-cbdc-4429-a9b9-33e17f102de2,2026-09-29T00:44:01.308+00:00,2026-09-29T00:44:01.509+00:00,21072-30059,dryers,50170065,52000000,2026-09-29 00:44:01,2026-09-29 00:36:55,23,426.0,954.0,,Finished,
1,9ca85cad-cbdc-4429-a9b9-33e17f102de2,2026-09-29T00:44:01.308+00:00,2026-09-29T00:44:01.509+00:00,21072-30059,dryers,50170059,52000000,2026-09-29 00:44:01,2026-09-29 00:34:08,23,593.0,787.0,,Finished,
1,9ca85cad-cbdc-4429-a9b9-33e17f102de2,2026-09-29T00:44:01.308+00:00,2026-09-29T00:44:01.509+00:00,21072-30059,dryers,50170057,52000000,2026-09-29 00:44:01,2026-09-29 00:39:20,23,281.0,1099.0,,Finished,
1,9ca85cad-cbdc-4429-a9b9-33e17f102de2,2026-09-29T00:44:01.308+00:00,2026-09-29T00:44:01.509+00:00,21072-30059,dryers,50170062,42000000,2026-09-29 00:44:01,2026-09-29 00:38:25,45,336.0,2364.0,40,Running,
1,9ca85cad-cbdc-4429-a9b9-33e17f102de2,2026-09-29T00:44:01.308+00:00,2026-09-29T00:44:01.509+00:00,21072-30059,dryers,50170067,42000000,2026-09-29 00:44:01,2026-09-29 00:42:20,45,101.0,2599.0,44,Running,
1,9ca85cad-cbdc-4429-a9b9-33e17f102de2,2026-09-29T00:44:01.308+00:00,2026-09-29T00:44:01.509+00:00,21072-30059,dryers,50170074,52000000,2026-09-29 00:44:01,2026-09-29 00:39:00,23,301.0,1079.0,,Finished,
1,9ca85cad-cbdc-4429-a9b9-33e17f102de2,2026-09-29T00:44:01.308+00:00,2026-09-29T00:44:01.509+00:00,21072-30059,dryers,50170071,52000000,2026-09-29 00:44:01,2026-09-29 00:30:07,23,834.0,546.0,,Finished,
1,9ca85cad-cbdc-4429-a9b9-33e17f102de2,2026-09-29T00:44:01.308+00:00,2026-09-29T00:44:01.509+00:00,21072-30059,dryers,50170054,52000000,2026-09-29 00:44:01,2026-09-29 00:41:43,23,138.0,1242.0,,Finished,
1,c134092b-c427-4312-8893-937ab650b2db,2026-09-29T00:45:01.331+00:00,2026-09-29T00:45:01.524+00:00,21072-30059,washers,50170051,42000000,2026-09-29 00:45:01,2026-09-29 00:41:16,28,225.0,1455.0,25,Running,
1,c134092b-c427-4312-8893-937ab650b2db,2026-09-29T00:45:01.331+00:00,2026-09-29T00:45:01.524+00:00,21072-30059,washers,50170080,42000000,2026-09-29 00:45:01,2026-09-29 00:39:39,26,322.0,1238.0,21,Running,
1,c134092b-c427-4312-8893-937ab650b2db,2026-09-29T00:45:01.331+00:00,2026-09-29T00:45:01.524+00:00,21072-30059,washers,50170075,42000000,2026-09-29 00:45:01,2026-09-29 00:13:05,41,1916.0,544.0,10,Running,
1,c134092b-c427-4312-8893-937ab650b2db,2026-09-29T00:45:01.331+00:00,2026-09-29T00:45:01.524+00:00,21072-30059,washers,50170082,72000000,2026-09-29 00:45:01,2026-09-28 23:42:22,29,3759.0,-2019.0,,Available,website maps this code to Available
1,c134092b-c427-4312-8893-937ab650b2db,2026-09-29T00:45:01.331+00:00,2026-09-29T00:45:01.524+00:00,21072-30059,washers,50170050,72000000,2026-09-29 00:45:01,2026-09-29 00:42:09,29,172.0,1568.0,,Available,website maps this code to Available
1,c134092b-c427-4312-8893-937ab650b2db,2026-09-29T00:45:01.331+00:00,2026-09-29T00:45:01.524+00:00,21072-30059,washers,50170052,72000000,2026-09-29 00:45:01,2026-09-28 23:45:08,29,3593.0,-1853.0,,Available,website maps this code to Available
1,c134092b-c427-4312-8893-937ab650b2db,2026-09-29T00:45:01.331+00:00,2026-09-29T00:45:01.524+00:00,21072-30059,washers,50170078,72000000,2026-09-29 00:45:01,2026-09-28 23:35:24,29,4177.0,-2437.0,,Available,website maps this code to Available
1,c134092b-c427-4312-8893-937ab650b2db,2026-09-29T00:45:01.331+00:00,2026-09-29T00:45:01.524+00:00,21072-30059,washers,50170084,72000000,2026-09-29 00:45:01,2026-09-28 23:34:36,29,4225.0,-2485.0,,Available,website maps this code to Available
1,c134092b-c427-4312-8893-937ab650b2db,2026-09-29T00:45:01.331+00:00,2026-09-29T00:45:01.524+00:00,21072-30059,washers,50170068,72000000,2026-09-29 00:45:01,2026-09-28 23:32:25,29,4356.0,-2616.0,,Available,website maps this code to Available
1,c134092b-c427-4312-8893-937ab650b2db,2026-09-29T00:45:01.331+00:00,2026-09-29T00:45:01.524+00:00,21072-30059,washers,50170072,72000000,2026-09-29 00:45:01,2026-09-29 00:37:24,29,457.0,1283.0,,Available,website maps this code to Available
1,c134092b-c427-4312-8893-937ab650b2db,2026-09-29T00:45:01.331+00:00,2026-09-29T00:45:01.524+00:00,21072-30059,washers,20483408,72000000,2026-09-29 00:45:01,2024-12-20 00:43:32,0,55987289.0,-55987289.0,,Available,website maps this code to Available
1,c134092b-c427-4312-8893-937ab650b2db,2026-09-29T00:45:01.331+00:00,2026-09-29T00:45:01.524+00:00,21072-30059,washers,50170055,42000000,2026-09-29 00:45:01,2026-09-29 00:13:11,41,1910.0,550.0,10,Running,
1,c134092b-c427-4312-8893-937ab650b2db,2026-09-29T00:45:01.331+00:00,2026-09-29T00:45:01.524+00:00,21072-30059,dryers,50170058,D2000000,2026-09-29 00:45:01,2026-09-26 17:53:29,45,197492.0,-194792.0,,Start Mode After PF,
1,c134092b-c427-4312-8893-937ab650b2db,2026-09-29T00:45:01.331+00:00,2026-09-29T00:45:01.524+00:00,21072-30059,dryers,50170061,42000000,2026-09-29 00:45:01,2026-09-29 00:40:21,45,280.0,2420.0,41,Running,
1,c134092b-c427-4312-8893-937ab650b2db,2026-09-29T00:45:01.331+00:00,2026-09-29T00:45:01.524+00:00,21072-30059,dryers,50170081,52000000,2026-09-29 00:45:01,2026-09-29 00:26:21,23,1120.0,260.0,,Finished,
1,c134092b-c427-4312-8893-937ab650b2db,2026-09-29T00:45:01.331+00:00,2026-09-29T00:45:01.524+00:00,21072-30059,dryers,50170060,42000000,2026-09-29 00:45:01,2026-09-29 00:44:43,53,18.0,3162.0,53,Running,
1,c134092b-c427-4312-8893-937ab650b2db,2026-09-29T00:45:01.331+00:00,2026-09-29T00:45:01.524+00:00,21072-30059,dryers,50170087,42000000,2026-09-29 00:45:01,2026-09-29 00:44:57,45,4.0,2696.0,45,Running,
1,c134092b-c427-4312-8893-937ab650b2db,2026-09-29T00:45:01.331+00:00,2026-09-29T00:45:01.524+00:00,21072-30059,dryers,50170064,52000000,2026-09-29 00:45:01,2026-09-29 00:40:02,23,299.0,1081.0,,Finished,
1,c134092b-c427-4312-8893-937ab650b2db,2026-09-29T00:45:01.331+00:00,2026-09-29T00:45:01.524+00:00,21072-30059,dryers,50170065,52000000,2026-09-29 00:45:01,2026-09-29 00:36:55,23,486.0,894.0,,Finished,
1,c134092b-c427-4312-8893-937ab650b2db,2026-09-29T00:45:01.331+00:00,2026-09-29T00:45:01.524+00:00,21072-30059,dryers,50170059,52000000,2026-09-29 00:45:01,2026-09-29 00:34:08,23,653.0,727.0,,Finished,
1,c134092b-c427-4312-8893-937ab650b2db,2026-09-29T00:45:01.331+00:00,2026-09-29T00:45:01.524+00:00,21072-30059,dryers,50170057,52000000,2026-09-29 00:45:01,2026-09-29 00:39:20,23,341.0,1039.0,,Finished,
1,c134092b-c427-4312-8893-937ab650b2db,2026-09-29T00:45:01.331+00:00,2026-09-29T00:45:01.524+00:00,21072-30059,dryers,50170062,42000000,2026-09-29 00:45:01,2026-09-29 00:38:25,45,396.0,2304.0,39,Running,
1,c134092b-c427-4312-8893-937ab650b2db,2026-09-29T00:45:01.331+00:00,2026-09-29T00:45:01.524+00:00,21072-30059,dryers,50170067,42000000,2026-09-29 00:45:01,2026-09-29 00:42:20,45,161.0,2539.0,43,Running,
1,c134092b-c427-4312-8893-937ab650b2db,2026-09-29T00:45:01.331+00:00,2026-09-29T00:45:01.524+00:00,21072-30059,dryers,50170074,52000000,2026-09-29 00:45:01,2026-09-29 00:39:00,23,361.0,1019.0,,Finished,
1,c134092b-c427-4312-8893-937ab650b2db,2026-09-29T00:45:01.331+00:00,2026-09-29T00:45:01.524+00:00,21072-30059,dryers,50170071,52000000,2026-09-29 00:45:01,2026-09-29 00:30:07,23,894.0,486.0,,Finished,
1,c134092b-c427-4312-8893-937ab650b2db,2026-09-29T00:45:01.331+00:00,2026-09-29T00:45:01.524+00:00,21072-30059,dryers,50170054,52000000,2026-09-29 00:45:01,2026-09-29 00:41:43,23,198.0,1182.0,,Finished,
1,7c23a648-0fc2-4641-adbe-92419bbe4316,2026-09-29T00:46:01.284+00:00,2026-09-29T00:46:01.475+00:00,21072-30059,washers,50170051,42000000,2026-09-29 00:46:01,2026-09-29 00:41:16,28,285.0,1395.0,24,Running,
1,7c23a648-0fc2-4641-adbe-92419bbe4316,2026-09-29T00:46:01.284+00:00,2026-09-29T00:46:01.475+00:00,21072-30059,washers,50170080,42000000,2026-09-29 00:46:01,2026-09-29 00:39:39,26,382.0,1178.0,20,Running,
1,7c23a648-0fc2-4641-adbe-92419bbe4316,2026-09-29T00:46:01.284+00:00,2026-09-29T00:46:01.475+00:00,21072-30059,washers,50170075,42000000,2026-09-29 00:46:01,2026-09-29 00:45:33,10,28.0,572.0,10,Running,
1,7c23a648-0fc2-4641-adbe-92419bbe4316,2026-09-29T00:46:01.284+00:00,2026-09-29T00:46:01.475+00:00,21072-30059,washers,50170082,72000000,2026-09-29 00:46:01,2026-09-28 23:42:22,29,3819.0,-2079.0,,Available,website maps this code to Available
1,7c23a648-0fc2-4641-adbe-92419bbe4316,2026-09-29T00:46:01.284+00:00,2026-09-29T00:46:01.475+00:00,21072-30059,washers,50170050,72000000,2026-09-29 00:46:01,2026-09-29 00:42:09,29,232.0,1508.0,,Available,website maps this code to Available
1,7c23a648-0fc2-4641-adbe-92419bbe4316,2026-09-29T00:46:01.284+00:00,2026-09-29T00:46:01.475+00:00,21072-30059,washers,50170052,72000000,2026-09-29 00:46:01,2026-09-28 23:45:08,29,3653.0,-1913.0,,Available,website maps this code to Available
1,7c23a648-0fc2-4641-adbe-92419bbe4316,2026-09-29T00:46:01.284+00:00,2026-09-29T00:46:01.475+00:00,21072-30059,washers,50170078,72000000,2026-09-29 00:46:01,2026-09-28 23:35:24,29,4237.0,-2497.0,,Available,website maps this code to Available
1,7c23a648-0fc2-4641-adbe-92419bbe4316,2026-09-29T00:46:01.284+00:00,2026-09-29T00:46:01.475+00:00,21072-30059,washers,50170084,72000000,2026-09-29 00:46:01,2026-09-28 23:34:36,29,4285.0,-2545.0,,Available,website maps this code to Available
1,7c23a648-0fc2-4641-adbe-92419bbe4316,2026-09-29T00:46:01.284+00:00,2026-09-29T00:46:01.475+00:00,21072-30059,washers,50170068,72000000,2026-09-29 00:46:01,2026-09-28 23:32:25,29,4416.0,-2676.0,,Available,website maps this code to Available
1,7c23a648-0fc2-4641-adbe-92419bbe4316,2026-09-29T00:46:01.284+00:00,2026-09-29T00:46:01.475+00:00,21072-30059,washers,50170072,72000000,2026-09-29 00:46:01,2026-09-29 00:37:24,29,517.0,1223.0,,Available,website maps this code to Available
1,7c23a648-0fc2-4641-adbe-92419bbe4316,2026-09-29T00:46:01.284+00:00,2026-09-29T00:46:01.475+00:00,21072-30059,washers,20483408,72000000,2026-09-29 00:46:01,2024-12-20 00:43:32,0,55987349.0,-55987349.0,,Available,website maps this code to Available
1,7c23a648-0fc2-4641-adbe-92419bbe4316,2026-09-29T00:46:01.284+00:00,2026-09-29T00:46:01.475+00:00,21072-30059,washers,50170055,42000000,2026-09-29 00:46:01,2026-09-29 00:13:11,41,1970.0,490.0,9,Running,
1,7c23a648-0fc2-4641-adbe-92419bbe4316,2026-09-29T00:46:01.284+00:00,2026-09-29T00:46:01.475+00:00,21072-30059,dryers,50170058,D2000000,2026-09-29 00:46:01,2026-09-26 17:53:29,45,197552.0,-194852.0,,Start Mode After PF,
1,7c23a648-0fc2-4641-adbe-92419bbe4316,2026-09-29T00:46:01.284+00:00,2026-09-29T00:46:01.475+00:00,21072-30059,dryers,50170061,42000000,2026-09-29 00:46:01,2026-09-29 00:40:21,45,340.0,2360.0,40,Running,
1,7c23a648-0fc2-4641-adbe-92419bbe4316,2026-09-29T00:46:01.284+00:00,2026-09-29T00:46:01.475+00:00,21072-30059,dryers,50170081,52000000,2026-09-29 00:46:01,2026-09-29 00:26:21,23,1180.0,200.0,,Finished,
1,7c23a648-0fc2-4641-adbe-92419bbe4316,2026-09-29T00:46:01.284+00:00,2026-09-29T00:46:01.475+00:00,21072-30059,dryers,50170060,42000000,2026-09-29 00:46:01,2026-09-29 00:44:43,53,78.0,3102.0,52,Running,
1,7c23a648-0fc2-4641-adbe-92419bbe4316,2026-09-29T00:46:01.284+00:00,2026-09-29T00:46:01.475+00:00,21072-30059,dryers,50170087,42000000,2026-09-29 00:46:01,2026-09-29 00:46:00,53,1.0,3179.0,53,Running,
1,7c23a648-0fc2-4641-adbe-92419bbe4316,2026-09-29T00:46:01.284+00:00,2026-09-29T00:46:01.475+00:00,21072-30059,dryers,50170064,52000000,2026-09-29 00:46:01,2026-09-29 00:40:02,23,359.0,1021.0,,Finished,
1,7c23a648-0fc2-4641-adbe-92419bbe4316,2026-09-29T00:46:01.284+00:00,2026-09-29T00:46:01.475+00:00,21072-30059,dryers,50170065,52000000,2026-09-29 00:46:01,2026-09-29 00:36:55,23,546.0,834.0,,Finished,
1,7c23a648-0fc2-4641-adbe-92419bbe4316,2026-09-29T00:46:01.284+00:00,2026-09-29T00:46:01.475+00:00,21072-30059,dryers,50170059,52000000,2026-09-29 00:46:01,2026-09-29 00:34:08,23,713.0,667.0,,Finished,
1,7c23a648-0fc2-4641-adbe-92419bbe4316,2026-09-29T00:46:01.284+00:00,2026-09-29T00:46:01.475+00:00,21072-30059,dryers,50170057,52000000,2026-09-29 00:46:01,2026-09-29 00:39:20,23,401.0,979.0,,Finished,
1,7c23a648-0fc2-4641-adbe-92419bbe4316,2026-09-29T00:46:01.284+00:00,2026-09-29T00:46:01.475+00:00,21072-30059,dryers,50170062,42000000,2026-09-29 00:46:01,2026-09-29 00:38:25,45,456.0,2244.0,38,Running,
1,7c23a648-0fc2-4641-adbe-92419bbe4316,2026-09-29T00:46:01.284+00:00,2026-09-29T00:46:01.475+00:00,21072-30059,dryers,50170067,42000000,2026-09-29 00:46:01,2026-09-29 00:42:20,45,221.0,2479.0,42,Running,
1,7c23a648-0fc2-4641-adbe-92419bbe4316,2026-09-29T00:46:01.284+00:00,2026-09-29T00:46:01.475+00:00,21072-30059,dryers,50170074,52000000,2026-09-29 00:46:01,2026-09-29 00:39:00,23,421.0,959.0,,Finished,
1,7c23a648-0fc2-4641-adbe-92419bbe4316,2026-09-29T00:46:01.284+00:00,2026-09-29T00:46:01.475+00:00,21072-30059,dryers,50170071,52000000,2026-09-29 00:46:01,2026-09-29 00:30:07,23,954.0,426.0,,Finished,
1,7c23a648-0fc2-4641-adbe-92419bbe4316,2026-09-29T00:46:01.284+00:00,2026-09-29T00:46:01.475+00:00,21072-30059,dryers,50170054,52000000,2026-09-29 00:46:01,2026-09-29 00:41:43,23,258.0,1122.0,,Finished,
1,0abd4777-a228-4ced-9d8a-2c8c7093ffd9,2026-09-29T00:47:01.281+00:00,2026-09-29T00:47:01.483+00:00,21072-30059,washers,50170051,42000000,2026-09-29 00:47:01,2026-09-29 00:41:16,28,345.0,1335.0,23,Running,
1,0abd4777-a228-4ced-9d8a-2c8c7093ffd9,2026-09-29T00:47:01.281+00:00,2026-09-29T00:47:01.483+00:00,21072-30059,washers,50170080,42000000,2026-09-29 00:47:01,2026-09-29 00:39:39,26,442.0,1118.0,19,Running,
1,0abd4777-a228-4ced-9d8a-2c8c7093ffd9,2026-09-29T00:47:01.281+00:00,2026-09-29T00:47:01.483+00:00,21072-30059,washers,50170075,42000000,2026-09-29 00:47:01,2026-09-29 00:45:33,10,88.0,512.0,9,Running,
1,0abd4777-a228-4ced-9d8a-2c8c7093ffd9,2026-09-29T00:47:01.281+00:00,2026-09-29T00:47:01.483+00:00,21072-30059,washers,50170082,42000000,2026-09-29 00:47:01,2026-09-29 00:46:15,26,46.0,1514.0,26,Running,
1,0abd4777-a228-4ced-9d8a-2c8c7093ffd9,2026-09-29T00:47:01.281+00:00,2026-09-29T00:47:01.483+00:00,21072-30059,washers,50170050,72000000,2026-09-29 00:47:01,2026-09-29 00:42:09,29,292.0,1448.0,,Available,website maps this code to Available
1,0abd4777-a228-4ced-9d8a-2c8c7093ffd9,2026-09-29T00:47:01.281+00:00,2026-09-29T00:47:01.483+00:00,21072-30059,washers,50170052,72000000,2026-09-29 00:47:01,2026-09-28 23:45:08,29,3713.0,-1973.0,,Available,website maps this code to Available
1,0abd4777-a228-4ced-9d8a-2c8c7093ffd9,2026-09-29T00:47:01.281+00:00,2026-09-29T00:47:01.483+00:00,21072-30059,washers,50170078,72000000,2026-09-29 00:47:01,2026-09-28 23:35:24,29,4297.0,-2557.0,,Available,website maps this code to Available
1,0abd4777-a228-4ced-9d8a-2c8c7093ffd9,2026-09-29T00:47:01.281+00:00,2026-09-29T00:47:01.483+00:00,21072-30059,washers,50170084,72000000,2026-09-29 00:47:01,2026-09-28 23:34:36,29,4345.0,-2605.0,,Available,website maps this code to Available
1,0abd4777-a228-4ced-9d8a-2c8c7093ffd9,2026-09-29T00:47:01.281+00:00,2026-09-29T00:47:01.483+00:00,21072-30059,washers,50170068,72000000,2026-09-29 00:47:01,2026-09-28 23:32:25,29,4476.0,-2736.0,,Available,website maps this code to Available
1,0abd4777-a228-4ced-9d8a-2c8c7093ffd9,2026-09-29T00:47:01.281+00:00,2026-09-29T00:47:01.483+00:00,21072-30059,washers,50170072,72000000,2026-09-29 00:47:01,2026-09-29 00:37:24,29,577.0,1163.0,,Available,website maps this code to Available
1,0abd4777-a228-4ced-9d8a-2c8c7093ffd9,2026-09-29T00:47:01.281+00:00,2026-09-29T00:47:01.483+00:00,21072-30059,washers,20483408,72000000,2026-09-29 00:47:01,2024-12-20 00:43:32,0,55987409.0,-55987409.0,,Available,website maps this code to Available
1,0abd4777-a228-4ced-9d8a-2c8c7093ffd9,2026-09-29T00:47:01.281+00:00,2026-09-29T00:47:01.483+00:00,21072-30059,washers,50170055,42000000,2026-09-29 00:47:01,2026-09-29 00:13:11,41,2030.0,430.0,8,Running,
1,0abd4777-a228-4ced-9d8a-2c8c7093ffd9,2026-09-29T00:47:01.281+00:00,2026-09-29T00:47:01.483+00:00,21072-30059,dryers,50170058,D2000000,2026-09-29 00:47:01,2026-09-26 17:53:29,45,197612.0,-194912.0,,Start Mode After PF,
1,0abd4777-a228-4ced-9d8a-2c8c7093ffd9,2026-09-29T00:47:01.281+00:00,2026-09-29T00:47:01.483+00:00,21072-30059,dryers,50170061,42000000,2026-09-29 00:47:01,2026-09-29 00:40:21,45,400.0,2300.0,39,Running,
1,0abd4777-a228-4ced-9d8a-2c8c7093ffd9,2026-09-29T00:47:01.281+00:00,2026-09-29T00:47:01.483+00:00,21072-30059,dryers,50170081,52000000,2026-09-29 00:47:01,2026-09-29 00:26:21,23,1240.0,140.0,,Finished,
1,0abd4777-a228-4ced-9d8a-2c8c7093ffd9,2026-09-29T00:47:01.281+00:00,2026-09-29T00:47:01.483+00:00,21072-30059,dryers,50170060,42000000,2026-09-29 00:47:01,2026-09-29 00:44:43,53,138.0,3042.0,51,Running,
1,0abd4777-a228-4ced-9d8a-2c8c7093ffd9,2026-09-29T00:47:01.281+00:00,2026-09-29T00:47:01.483+00:00,21072-30059,dryers,50170087,42000000,2026-09-29 00:47:01,2026-09-29 00:46:00,53,61.0,3119.0,52,Running,
1,0abd4777-a228-4ced-9d8a-2c8c7093ffd9,2026-09-29T00:47:01.281+00:00,2026-09-29T00:47:01.483+00:00,21072-30059,dryers,50170064,52000000,2026-09-29 00:47:01,2026-09-29 00:40:02,23,419.0,961.0,,Finished,
1,0abd4777-a228-4ced-9d8a-2c8c7093ffd9,2026-09-29T00:47:01.281+00:00,2026-09-29T00:47:01.483+00:00,21072-30059,dryers,50170065,52000000,2026-09-29 00:47:01,2026-09-29 00:36:55,23,606.0,774.0,,Finished,
1,0abd4777-a228-4ced-9d8a-2c8c7093ffd9,2026-09-29T00:47:01.281+00:00,2026-09-29T00:47:01.483+00:00,21072-30059,dryers,50170059,52000000,2026-09-29 00:47:01,2026-09-29 00:34:08,23,773.0,607.0,,Finished,
1,0abd4777-a228-4ced-9d8a-2c8c7093ffd9,2026-09-29T00:47:01.281+00:00,2026-09-29T00:47:01.483+00:00,21072-30059,dryers,50170057,52000000,2026-09-29 00:47:01,2026-09-29 00:39:20,23,461.0,919.0,,Finished,
1,0abd4777-a228-4ced-9d8a-2c8c7093ffd9,2026-09-29T00:47:01.281+00:00,2026-09-29T00:47:01.483+00:00,21072-30059,dryers,50170062,42000000,2026-09-29 00:47:01,2026-09-29 00:38:25,45,516.0,2184.0,37,Running,
1,0abd4777-a228-4ced-9d8a-2c8c7093ffd9,2026-09-29T00:47:01.281+00:00,2026-09-29T00:47:01.483+00:00,21072-30059,dryers,50170067,42000000,2026-09-29 00:47:01,2026-09-29 00:46:25,49,36.0,2904.0,49,Running,
1,0abd4777-a228-4ced-9d8a-2c8c7093ffd9,2026-09-29T00:47:01.281+00:00,2026-09-29T00:47:01.483+00:00,21072-30059,dryers,50170074,52000000,2026-09-29 00:47:01,2026-09-29 00:39:00,23,481.0,899.0,,Finished,
1,0abd4777-a228-4ced-9d8a-2c8c7093ffd9,2026-09-29T00:47:01.281+00:00,2026-09-29T00:47:01.483+00:00,21072-30059,dryers,50170071,52000000,2026-09-29 00:47:01,2026-09-29 00:30:07,23,1014.0,366.0,,Finished,
1,0abd4777-a228-4ced-9d8a-2c8c7093ffd9,2026-09-29T00:47:01.281+00:00,2026-09-29T00:47:01.483+00:00,21072-30059,dryers,50170054,52000000,2026-09-29 00:47:01,2026-09-29 00:41:43,23,318.0,1062.0,,Finished,
1,a6750a06-83fa-410e-8c6d-b286776c6a60,2026-09-29T00:48:01.286+00:00,2026-09-29T00:48:01.464+00:00,21072-30059,washers,50170051,42000000,2026-09-29 00:48:01,2026-09-29 00:41:16,28,405.0,1275.0,22,Running,
1,a6750a06-83fa-410e-8c6d-b286776c6a60,2026-09-29T00:48:01.286+00:00,2026-09-29T00:48:01.464+00:00,21072-30059,washers,50170080,42000000,2026-09-29 00:48:01,2026-09-29 00:39:39,26,502.0,1058.0,18,Running,
1,a6750a06-83fa-410e-8c6d-b286776c6a60,2026-09-29T00:48:01.286+00:00,2026-09-29T00:48:01.464+00:00,21072-30059,washers,50170075,42000000,2026-09-29 00:48:01,2026-09-29 00:45:33,10,148.0,452.0,8,Running,
1,a6750a06-83fa-410e-8c6d-b286776c6a60,2026-09-29T00:48:01.286+00:00,2026-09-29T00:48:01.464+00:00,21072-30059,washers,50170082,42000000,2026-09-29 00:48:01,2026-09-29 00:46:15,26,106.0,1454.0,25,Running,
1,a6750a06-83fa-410e-8c6d-b286776c6a60,2026-09-29T00:48:01.286+00:00,2026-09-29T00:48:01.464+00:00,21072-30059,washers,50170050,72000000,2026-09-29 00:48:01,2026-09-29 00:42:09,29,352.0,1388.0,,Available,website maps this code to Available
1,a6750a06-83fa-410e-8c6d-b286776c6a60,2026-09-29T00:48:01.286+00:00,2026-09-29T00:48:01.464+00:00,21072-30059,washers,50170052,72000000,2026-09-29 00:48:01,2026-09-28 23:45:08,29,3773.0,-2033.0,,Available,website maps this code to Available
1,a6750a06-83fa-410e-8c6d-b286776c6a60,2026-09-29T00:48:01.286+00:00,2026-09-29T00:48:01.464+00:00,21072-30059,washers,50170078,72000000,2026-09-29 00:48:01,2026-09-28 23:35:24,29,4357.0,-2617.0,,Available,website maps this code to Available
1,a6750a06-83fa-410e-8c6d-b286776c6a60,2026-09-29T00:48:01.286+00:00,2026-09-29T00:48:01.464+00:00,21072-30059,washers,50170084,72000000,2026-09-29 00:48:01,2026-09-28 23:34:36,29,4405.0,-2665.0,,Available,website maps this code to Available
1,a6750a06-83fa-410e-8c6d-b286776c6a60,2026-09-29T00:48:01.286+00:00,2026-09-29T00:48:01.464+00:00,21072-30059,washers,50170068,72000000,2026-09-29 00:48:01,2026-09-28 23:32:25,29,4536.0,-2796.0,,Available,website maps this code to Available
1,a6750a06-83fa-410e-8c6d-b286776c6a60,2026-09-29T00:48:01.286+00:00,2026-09-29T00:48:01.464+00:00,21072-30059,washers,50170072,72000000,2026-09-29 00:48:01,2026-09-29 00:37:24,29,637.0,1103.0,,Available,website maps this code to Available
1,a6750a06-83fa-410e-8c6d-b286776c6a60,2026-09-29T00:48:01.286+00:00,2026-09-29T00:48:01.464+00:00,21072-30059,washers,20483408,72000000,2026-09-29 00:48:01,2024-12-20 00:43:32,0,55987469.0,-55987469.0,,Available,website maps this code to Available
1,a6750a06-83fa-410e-8c6d-b286776c6a60,2026-09-29T00:48:01.286+00:00,2026-09-29T00:48:01.464+00:00,21072-30059,washers,50170055,42000000,2026-09-29 00:48:01,2026-09-29 00:13:11,41,2090.0,370.0,7,Running,
1,a6750a06-83fa-410e-8c6d-b286776c6a60,2026-09-29T00:48:01.286+00:00,2026-09-29T00:48:01.464+00:00,21072-30059,dryers,50170058,D2000000,2026-09-29 00:48:01,2026-09-26 17:53:29,45,197672.0,-194972.0,,Start Mode After PF,
1,a6750a06-83fa-410e-8c6d-b286776c6a60,2026-09-29T00:48:01.286+00:00,2026-09-29T00:48:01.464+00:00,21072-30059,dryers,50170061,42000000,2026-09-29 00:48:01,2026-09-29 00:40:21,45,460.0,2240.0,38,Running,
1,a6750a06-83fa-410e-8c6d-b286776c6a60,2026-09-29T00:48:01.286+00:00,2026-09-29T00:48:01.464+00:00,21072-30059,dryers,50170081,52000000,2026-09-29 00:48:01,2026-09-29 00:26:21,23,1300.0,80.0,,Finished,
1,a6750a06-83fa-410e-8c6d-b286776c6a60,2026-09-29T00:48:01.286+00:00,2026-09-29T00:48:01.464+00:00,21072-30059,dryers,50170060,42000000,2026-09-29 00:48:01,2026-09-29 00:44:43,53,198.0,2982.0,50,Running,
1,a6750a06-83fa-410e-8c6d-b286776c6a60,2026-09-29T00:48:01.286+00:00,2026-09-29T00:48:01.464+00:00,21072-30059,dryers,50170087,42000000,2026-09-29 00:48:01,2026-09-29 00:46:00,53,121.0,3059.0,51,Running,
1,a6750a06-83fa-410e-8c6d-b286776c6a60,2026-09-29T00:48:01.286+00:00,2026-09-29T00:48:01.464+00:00,21072-30059,dryers,50170064,52000000,2026-09-29 00:48:01,2026-09-29 00:40:02,23,479.0,901.0,,Finished,
1,a6750a06-83fa-410e-8c6d-b286776c6a60,2026-09-29T00:48:01.286+00:00,2026-09-29T00:48:01.464+00:00,21072-30059,dryers,50170065,52000000,2026-09-29 00:48:01,2026-09-29 00:36:55,23,666.0,714.0,,Finished,
1,a6750a06-83fa-410e-8c6d-b286776c6a60,2026-09-29T00:48:01.286+00:00,2026-09-29T00:48:01.464+00:00,21072-30059,dryers,50170059,52000000,2026-09-29 00:48:01,2026-09-29 00:34:08,23,833.0,547.0,,Finished,
1,a6750a06-83fa-410e-8c6d-b286776c6a60,2026-09-29T00:48:01.286+00:00,2026-09-29T00:48:01.464+00:00,21072-30059,dryers,50170057,52000000,2026-09-29 00:48:01,2026-09-29 00:39:20,23,521.0,859.0,,Finished,
1,a6750a06-83fa-410e-8c6d-b286776c6a60,2026-09-29T00:48:01.286+00:00,2026-09-29T00:48:01.464+00:00,21072-30059,dryers,50170062,42000000,2026-09-29 00:48:01,2026-09-29 00:38:25,45,576.0,2124.0,36,Running,
1,a6750a06-83fa-410e-8c6d-b286776c6a60,2026-09-29T00:48:01.286+00:00,2026-09-29T00:48:01.464+00:00,21072-30059,dryers,50170067,42000000,2026-09-29 00:48:01,2026-09-29 00:46:25,49,96.0,2844.0,48,Running,
1,a6750a06-83fa-410e-8c6d-b286776c6a60,2026-09-29T00:48:01.286+00:00,2026-09-29T00:48:01.464+00:00,21072-30059,dryers,50170074,52000000,2026-09-29 00:48:01,2026-09-29 00:39:00,23,541.0,839.0,,Finished,
1,a6750a06-83fa-410e-8c6d-b286776c6a60,2026-09-29T00:48:01.286+00:00,2026-09-29T00:48:01.464+00:00,21072-30059,dryers,50170071,52000000,2026-09-29 00:48:01,2026-09-29 00:30:07,23,1074.0,306.0,,Finished,
1,a6750a06-83fa-410e-8c6d-b286776c6a60,2026-09-29T00:48:01.286+00:00,2026-09-29T00:48:01.464+00:00,21072-30059,dryers,50170054,52000000,2026-09-29 00:48:01,2026-09-29 00:41:43,23,378.0,1002.0,,Finished,
1,bf715bed-97e7-40bf-b261-60735723f40e,2026-09-29T00:49:01.276+00:00,2026-09-29T00:49:01.476+00:00,21072-30059,washers,50170051,42000000,2026-09-29 00:49:01,2026-09-29 00:41:16,28,465.0,1215.0,21,Running,
1,bf715bed-97e7-40bf-b261-60735723f40e,2026-09-29T00:49:01.276+00:00,2026-09-29T00:49:01.476+00:00,21072-30059,washers,50170080,42000000,2026-09-29 00:49:01,2026-09-29 00:39:39,26,562.0,998.0,17,Running,
1,bf715bed-97e7-40bf-b261-60735723f40e,2026-09-29T00:49:01.276+00:00,2026-09-29T00:49:01.476+00:00,21072-30059,washers,50170075,42000000,2026-09-29 00:49:01,2026-09-29 00:45:33,10,208.0,392.0,7,Running,
1,bf715bed-97e7-40bf-b261-60735723f40e,2026-09-29T00:49:01.276+00:00,2026-09-29T00:49:01.476+00:00,21072-30059,washers,50170082,42000000,2026-09-29 00:49:01,2026-09-29 00:46:15,26,166.0,1394.0,24,Running,
1,bf715bed-97e7-40bf-b261-60735723f40e,2026-09-29T00:49:01.276+00:00,2026-09-29T00:49:01.476+00:00,21072-30059,washers,50170050,72000000,2026-09-29 00:49:01,2026-09-29 00:42:09,29,412.0,1328.0,,Available,website maps this code to Available
1,bf715bed-97e7-40bf-b261-60735723f40e,2026-09-29T00:49:01.276+00:00,2026-09-29T00:49:01.476+00:00,21072-30059,washers,50170052,72000000,2026-09-29 00:49:01,2026-09-28 23:45:08,29,3833.0,-2093.0,,Available,website maps this code to Available
1,bf715bed-97e7-40bf-b261-60735723f40e,2026-09-29T00:49:01.276+00:00,2026-09-29T00:49:01.476+00:00,21072-30059,washers,50170078,72000000,2026-09-29 00:49:01,2026-09-28 23:35:24,29,4417.0,-2677.0,,Available,website maps this code to Available
1,bf715bed-97e7-40bf-b261-60735723f40e,2026-09-29T00:49:01.276+00:00,2026-09-29T00:49:01.476+00:00,21072-30059,washers,50170084,72000000,2026-09-29 00:49:01,2026-09-28 23:34:36,29,4465.0,-2725.0,,Available,website maps this code to Available
1,bf715bed-97e7-40bf-b261-60735723f40e,2026-09-29T00:49:01.276+00:00,2026-09-29T00:49:01.476+00:00,21072-30059,washers,50170068,72000000,2026-09-29 00:49:01,2026-09-28 23:32:25,29,4596.0,-2856.0,,Available,website maps this code to Available
1,bf715bed-97e7-40bf-b261-60735723f40e,2026-09-29T00:49:01.276+00:00,2026-09-29T00:49:01.476+00:00,21072-30059,washers,50170072,72000000,2026-09-29 00:49:01,2026-09-29 00:37:24,29,697.0,1043.0,,Available,website maps this code to Available
1,bf715bed-97e7-40bf-b261-60735723f40e,2026-09-29T00:49:01.276+00:00,2026-09-29T00:49:01.476+00:00,21072-30059,washers,20483408,72000000,2026-09-29 00:49:01,2024-12-20 00:43:32,0,55987529.0,-55987529.0,,Available,website maps this code to Available
1,bf715bed-97e7-40bf-b261-60735723f40e,2026-09-29T00:49:01.276+00:00,2026-09-29T00:49:01.476+00:00,21072-30059,washers,50170055,42000000,2026-09-29 00:49:01,2026-09-29 00:13:11,41,2150.0,310.0,6,Running,
1,bf715bed-97e7-40bf-b261-60735723f40e,2026-09-29T00:49:01.276+00:00,2026-09-29T00:49:01.476+00:00,21072-30059,dryers,50170058,D2000000,2026-09-29 00:49:01,2026-09-26 17:53:29,45,197732.0,-195032.0,,Start Mode After PF,
1,bf715bed-97e7-40bf-b261-60735723f40e,2026-09-29T00:49:01.276+00:00,2026-09-29T00:49:01.476+00:00,21072-30059,dryers,50170061,42000000,2026-09-29 00:49:01,2026-09-29 00:40:21,45,520.0,2180.0,37,Running,
1,bf715bed-97e7-40bf-b261-60735723f40e,2026-09-29T00:49:01.276+00:00,2026-09-29T00:49:01.476+00:00,21072-30059,dryers,50170081,52000000,2026-09-29 00:49:01,2026-09-29 00:26:21,23,1360.0,20.0,,Finished,
1,bf715bed-97e7-40bf-b261-60735723f40e,2026-09-29T00:49:01.276+00:00,2026-09-29T00:49:01.476+00:00,21072-30059,dryers,50170060,42000000,2026-09-29 00:49:01,2026-09-29 00:44:43,53,258.0,2922.0,49,Running,
1,bf715bed-97e7-40bf-b261-60735723f40e,2026-09-29T00:49:01.276+00:00,2026-09-29T00:49:01.476+00:00,21072-30059,dryers,50170087,42000000,2026-09-29 00:49:01,2026-09-29 00:46:00,53,181.0,2999.0,50,Running,
1,bf715bed-97e7-40bf-b261-60735723f40e,2026-09-29T00:49:01.276+00:00,2026-09-29T00:49:01.476+00:00,21072-30059,dryers,50170064,52000000,2026-09-29 00:49:01,2026-09-29 00:40:02,23,539.0,841.0,,Finished,
1,bf715bed-97e7-40bf-b261-60735723f40e,2026-09-29T00:49:01.276+00:00,2026-09-29T00:49:01.476+00:00,21072-30059,dryers,50170065,52000000,2026-09-29 00:49:01,2026-09-29 00:36:55,23,726.0,654.0,,Finished,
1,bf715bed-97e7-40bf-b261-60735723f40e,2026-09-29T00:49:01.276+00:00,2026-09-29T00:49:01.476+00:00,21072-30059,dryers,50170059,52000000,2026-09-29 00:49:01,2026-09-29 00:34:08,23,893.0,487.0,,Finished,
1,bf715bed-97e7-40bf-b261-60735723f40e,2026-09-29T00:49:01.276+00:00,2026-09-29T00:49:01.476+00:00,21072-30059,dryers,50170057,52000000,2026-09-29 00:49:01,2026-09-29 00:39:20,23,581.0,799.0,,Finished,
1,bf715bed-97e7-40bf-b261-60735723f40e,2026-09-29T00:49:01.276+00:00,2026-09-29T00:49:01.476+00:00,21072-30059,dryers,50170062,42000000,2026-09-29 00:49:01,2026-09-29 00:38:25,45,636.0,2064.0,35,Running,
1,bf715bed-97e7-40bf-b261-60735723f40e,2026-09-29T00:49:01.276+00:00,2026-09-29T00:49:01.476+00:00,21072-30059,dryers,50170067,42000000,2026-09-29 00:49:01,2026-09-29 00:46:25,49,156.0,2784.0,47,Running,
1,bf715bed-97e7-40bf-b261-60735723f40e,2026-09-29T00:49:01.276+00:00,2026-09-29T00:49:01.476+00:00,21072-30059,dryers,50170074,52000000,2026-09-29 00:49:01,2026-09-29 00:39:00,23,601.0,779.0,,Finished,
1,bf715bed-97e7-40bf-b261-60735723f40e,2026-09-29T00:49:01.276+00:00,2026-09-29T00:49:01.476+00:00,21072-30059,dryers,50170071,52000000,2026-09-29 00:49:01,2026-09-29 00:30:07,23,1134.0,246.0,,Finished,
1,bf715bed-97e7-40bf-b261-60735723f40e,2026-09-29T00:49:01.276+00:00,2026-09-29T00:49:01.476+00:00,21072-30059,dryers,50170054,52000000,2026-09-29 00:49:01,2026-09-29 00:41:43,23,438.0,942.0,,Finished,
1,5efecc10-6312-4d63-8b9d-736caaa5c53d,2026-09-29T00:50:01.493+00:00,2026-09-29T00:50:01.692+00:00,21072-30059,washers,50170051,42000000,2026-09-29 00:50:01,2026-09-29 00:41:16,28,525.0,1155.0,20,Running,
1,5efecc10-6312-4d63-8b9d-736caaa5c53d,2026-09-29T00:50:01.493+00:00,2026-09-29T00:50:01.692+00:00,21072-30059,washers,50170080,42000000,2026-09-29 00:50:01,2026-09-29 00:39:39,26,622.0,938.0,16,Running,
1,5efecc10-6312-4d63-8b9d-736caaa5c53d,2026-09-29T00:50:01.493+00:00,2026-09-29T00:50:01.692+00:00,21072-30059,washers,50170075,42000000,2026-09-29 00:50:01,2026-09-29 00:45:33,10,268.0,332.0,6,Running,
1,5efecc10-6312-4d63-8b9d-736caaa5c53d,2026-09-29T00:50:01.493+00:00,2026-09-29T00:50:01.692+00:00,21072-30059,washers,50170082,42000000,2026-09-29 00:50:01,2026-09-29 00:46:15,26,226.0,1334.0,23,Running,
1,5efecc10-6312-4d63-8b9d-736caaa5c53d,2026-09-29T00:50:01.493+00:00,2026-09-29T00:50:01.692+00:00,21072-30059,washers,50170050,72000000,2026-09-29 00:50:01,2026-09-29 00:42:09,29,472.0,1268.0,,Available,website maps this code to Available
1,5efecc10-6312-4d63-8b9d-736caaa5c53d,2026-09-29T00:50:01.493+00:00,2026-09-29T00:50:01.692+00:00,21072-30059,washers,50170052,72000000,2026-09-29 00:50:01,2026-09-28 23:45:08,29,3893.0,-2153.0,,Available,website maps this code to Available
1,5efecc10-6312-4d63-8b9d-736caaa5c53d,2026-09-29T00:50:01.493+00:00,2026-09-29T00:50:01.692+00:00,21072-30059,washers,50170078,72000000,2026-09-29 00:50:01,2026-09-28 23:35:24,29,4477.0,-2737.0,,Available,website maps this code to Available
1,5efecc10-6312-4d63-8b9d-736caaa5c53d,2026-09-29T00:50:01.493+00:00,2026-09-29T00:50:01.692+00:00,21072-30059,washers,50170084,72000000,2026-09-29 00:50:01,2026-09-28 23:34:36,29,4525.0,-2785.0,,Available,website maps this code to Available
1,5efecc10-6312-4d63-8b9d-736caaa5c53d,2026-09-29T00:50:01.493+00:00,2026-09-29T00:50:01.692+00:00,21072-30059,washers,50170068,72000000,2026-09-29 00:50:01,2026-09-28 23:32:25,29,4656.0,-2916.0,,Available,website maps this code to Available
1,5efecc10-6312-4d63-8b9d-736caaa5c53d,2026-09-29T00:50:01.493+00:00,2026-09-29T00:50:01.692+00:00,21072-30059,washers,50170072,72000000,2026-09-29 00:50:01,2026-09-29 00:37:24,29,757.0,983.0,,Available,website maps this code to Available
1,5efecc10-6312-4d63-8b9d-736caaa5c53d,2026-09-29T00:50:01.493+00:00,2026-09-29T00:50:01.692+00:00,21072-30059,washers,20483408,72000000,2026-09-29 00:50:01,2024-12-20 00:43:32,0,55987589.0,-55987589.0,,Available,website maps this code to Available
1,5efecc10-6312-4d63-8b9d-736caaa5c53d,2026-09-29T00:50:01.493+00:00,2026-09-29T00:50:01.692+00:00,21072-30059,washers,50170055,42000000,2026-09-29 00:50:01,2026-09-29 00:13:11,41,2210.0,250.0,5,Running,
1,5efecc10-6312-4d63-8b9d-736caaa5c53d,2026-09-29T00:50:01.493+00:00,2026-09-29T00:50:01.692+00:00,21072-30059,dryers,50170058,D2000000,2026-09-29 00:50:01,2026-09-26 17:53:29,45,197792.0,-195092.0,,Start Mode After PF,
1,5efecc10-6312-4d63-8b9d-736caaa5c53d,2026-09-29T00:50:01.493+00:00,2026-09-29T00:50:01.692+00:00,21072-30059,dryers,50170061,42000000,2026-09-29 00:50:01,2026-09-29 00:40:21,45,580.0,2120.0,36,Running,
1,5efecc10-6312-4d63-8b9d-736caaa5c53d,2026-09-29T00:50:01.493+00:00,2026-09-29T00:50:01.692+00:00,21072-30059,dryers,50170081,52000000,2026-09-29 00:50:01,2026-09-29 00:26:21,23,1420.0,-40.0,,Finished,
1,5efecc10-6312-4d63-8b9d-736caaa5c53d,2026-09-29T00:50:01.493+00:00,2026-09-29T00:50:01.692+00:00,21072-30059,dryers,50170060,42000000,2026-09-29 00:50:01,2026-09-29 00:44:43,53,318.0,2862.0,48,Running,
1,5efecc10-6312-4d63-8b9d-736caaa5c53d,2026-09-29T00:50:01.493+00:00,2026-09-29T00:50:01.692+00:00,21072-30059,dryers,50170087,42000000,2026-09-29 00:50:01,2026-09-29 00:46:00,53,241.0,2939.0,49,Running,
1,5efecc10-6312-4d63-8b9d-736caaa5c53d,2026-09-29T00:50:01.493+00:00,2026-09-29T00:50:01.692+00:00,21072-30059,dryers,50170064,52000000,2026-09-29 00:50:01,2026-09-29 00:40:02,23,599.0,781.0,,Finished,
1,5efecc10-6312-4d63-8b9d-736caaa5c53d,2026-09-29T00:50:01.493+00:00,2026-09-29T00:50:01.692+00:00,21072-30059,dryers,50170065,52000000,2026-09-29 00:50:01,2026-09-29 00:36:55,23,786.0,594.0,,Finished,
1,5efecc10-6312-4d63-8b9d-736caaa5c53d,2026-09-29T00:50:01.493+00:00,2026-09-29T00:50:01.692+00:00,21072-30059,dryers,50170059,52000000,2026-09-29 00:50:01,2026-09-29 00:34:08,23,953.0,427.0,,Finished,
1,5efecc10-6312-4d63-8b9d-736caaa5c53d,2026-09-29T00:50:01.493+00:00,2026-09-29T00:50:01.692+00:00,21072-30059,dryers,50170057,52000000,2026-09-29 00:50:01,2026-09-29 00:39:20,23,641.0,739.0,,Finished,
1,5efecc10-6312-4d63-8b9d-736caaa5c53d,2026-09-29T00:50:01.493+00:00,2026-09-29T00:50:01.692+00:00,21072-30059,dryers,50170062,42000000,2026-09-29 00:50:01,2026-09-29 00:38:25,45,696.0,2004.0,34,Running,
1,5efecc10-6312-4d63-8b9d-736caaa5c53d,2026-09-29T00:50:01.493+00:00,2026-09-29T00:50:01.692+00:00,21072-30059,dryers,50170067,42000000,2026-09-29 00:50:01,2026-09-29 00:46:25,49,216.0,2724.0,46,Running,
1,5efecc10-6312-4d63-8b9d-736caaa5c53d,2026-09-29T00:50:01.493+00:00,2026-09-29T00:50:01.692+00:00,21072-30059,dryers,50170074,52000000,2026-09-29 00:50:01,2026-09-29 00:39:00,23,661.0,719.0,,Finished,
1,5efecc10-6312-4d63-8b9d-736caaa5c53d,2026-09-29T00:50:01.493+00:00,2026-09-29T00:50:01.692+00:00,21072-30059,dryers,50170071,52000000,2026-09-29 00:50:01,2026-09-29 00:30:07,23,1194.0,186.0,,Finished,
1,5efecc10-6312-4d63-8b9d-736caaa5c53d,2026-09-29T00:50:01.493+00:00,2026-09-29T00:50:01.692+00:00,21072-30059,dryers,50170054,52000000,2026-09-29 00:50:01,2026-09-29 00:41:43,23,498.0,882.0,,Finished,
1,1356abe9-7c2b-439c-9628-e424b421bd5c,2026-09-29T00:51:01.237+00:00,2026-09-29T00:51:01.420+00:00,21072-30059,washers,50170051,42000000,2026-09-29 00:51:01,2026-09-29 00:41:16,28,585.0,1095.0,19,Running,
1,1356abe9-7c2b-439c-9628-e424b421bd5c,2026-09-29T00:51:01.237+00:00,2026-09-29T00:51:01.420+00:00,21072-30059,washers,50170080,42000000,2026-09-29 00:51:01,2026-09-29 00:39:39,26,682.0,878.0,15,Running,
1,1356abe9-7c2b-439c-9628-e424b421bd5c,2026-09-29T00:51:01.237+00:00,2026-09-29T00:51:01.420+00:00,21072-30059,washers,50170075,42000000,2026-09-29 00:51:01,2026-09-29 00:45:33,10,328.0,272.0,5,Running,
1,1356abe9-7c2b-439c-9628-e424b421bd5c,2026-09-29T00:51:01.237+00:00,2026-09-29T00:51:01.420+00:00,21072-30059,washers,50170082,42000000,2026-09-29 00:51:01,2026-09-29 00:46:15,26,286.0,1274.0,22,Running,
1,1356abe9-7c2b-439c-9628-e424b421bd5c,2026-09-29T00:51:01.237+00:00,2026-09-29T00:51:01.420+00:00,21072-30059,washers,50170050,72000000,2026-09-29 00:51:01,2026-09-29 00:42:09,29,532.0,1208.0,,Available,website maps this code to Available
1,1356abe9-7c2b-439c-9628-e424b421bd5c,2026-09-29T00:51:01.237+00:00,2026-09-29T00:51:01.420+00:00,21072-30059,washers,50170052,72000000,2026-09-29 00:51:01,2026-09-28 23:45:08,29,3953.0,-2213.0,,Available,website maps this code to Available
1,1356abe9-7c2b-439c-9628-e424b421bd5c,2026-09-29T00:51:01.237+00:00,2026-09-29T00:51:01.420+00:00,21072-30059,washers,50170078,72000000,2026-09-29 00:51:01,2026-09-28 23:35:24,29,4537.0,-2797.0,,Available,website maps this code to Available
1,1356abe9-7c2b-439c-9628-e424b421bd5c,2026-09-29T00:51:01.237+00:00,2026-09-29T00:51:01.420+00:00,21072-30059,washers,50170084,72000000,2026-09-29 00:51:01,2026-09-28 23:34:36,29,4585.0,-2845.0,,Available,website maps this code to Available
1,1356abe9-7c2b-439c-9628-e424b421bd5c,2026-09-29T00:51:01.237+00:00,2026-09-29T00:51:01.420+00:00,21072-30059,washers,50170068,72000000,2026-09-29 00:51:01,2026-09-28 23:32:25,29,4716.0,-2976.0,,Available,website maps this code to Available
1,1356abe9-7c2b-439c-9628-e424b421bd5c,2026-09-29T00:51:01.237+00:00,2026-09-29T00:51:01.420+00:00,21072-30059,washers,50170072,72000000,2026-09-29 00:51:01,2026-09-29 00:37:24,29,817.0,923.0,,Available,website maps this code to Available
1,1356abe9-7c2b-439c-9628-e424b421bd5c,2026-09-29T00:51:01.237+00:00,2026-09-29T00:51:01.420+00:00,21072-30059,washers,20483408,72000000,2026-09-29 00:51:01,2024-12-20 00:43:32,0,55987649.0,-55987649.0,,Available,website maps this code to Available
1,1356abe9-7c2b-439c-9628-e424b421bd5c,2026-09-29T00:51:01.237+00:00,2026-09-29T00:51:01.420+00:00,21072-30059,washers,50170055,42000000,2026-09-29 00:51:01,2026-09-29 00:13:11,41,2270.0,190.0,4,Running,
1,1356abe9-7c2b-439c-9628-e424b421bd5c,2026-09-29T00:51:01.237+00:00,2026-09-29T00:51:01.420+00:00,21072-30059,dryers,50170058,D2000000,2026-09-29 00:51:01,2026-09-26 17:53:29,45,197852.0,-195152.0,,Start Mode After PF,
1,1356abe9-7c2b-439c-9628-e424b421bd5c,2026-09-29T00:51:01.237+00:00,2026-09-29T00:51:01.420+00:00,21072-30059,dryers,50170061,42000000,2026-09-29 00:51:01,2026-09-29 00:40:21,45,640.0,2060.0,35,Running,
1,1356abe9-7c2b-439c-9628-e424b421bd5c,2026-09-29T00:51:01.237+00:00,2026-09-29T00:51:01.420+00:00,21072-30059,dryers,50170081,52000000,2026-09-29 00:51:01,2026-09-29 00:26:21,23,1480.0,-100.0,,Finished,
1,1356abe9-7c2b-439c-9628-e424b421bd5c,2026-09-29T00:51:01.237+00:00,2026-09-29T00:51:01.420+00:00,21072-30059,dryers,50170060,42000000,2026-09-29 00:51:01,2026-09-29 00:44:43,53,378.0,2802.0,47,Running,
1,1356abe9-7c2b-439c-9628-e424b421bd5c,2026-09-29T00:51:01.237+00:00,2026-09-29T00:51:01.420+00:00,21072-30059,dryers,50170087,42000000,2026-09-29 00:51:01,2026-09-29 00:46:00,53,301.0,2879.0,48,Running,
1,1356abe9-7c2b-439c-9628-e424b421bd5c,2026-09-29T00:51:01.237+00:00,2026-09-29T00:51:01.420+00:00,21072-30059,dryers,50170064,52000000,2026-09-29 00:51:01,2026-09-29 00:40:02,23,659.0,721.0,,Finished,
1,1356abe9-7c2b-439c-9628-e424b421bd5c,2026-09-29T00:51:01.237+00:00,2026-09-29T00:51:01.420+00:00,21072-30059,dryers,50170065,52000000,2026-09-29 00:51:01,2026-09-29 00:36:55,23,846.0,534.0,,Finished,
1,1356abe9-7c2b-439c-9628-e424b421bd5c,2026-09-29T00:51:01.237+00:00,2026-09-29T00:51:01.420+00:00,21072-30059,dryers,50170059,52000000,2026-09-29 00:51:01,2026-09-29 00:34:08,23,1013.0,367.0,,Finished,
1,1356abe9-7c2b-439c-9628-e424b421bd5c,2026-09-29T00:51:01.237+00:00,2026-09-29T00:51:01.420+00:00,21072-30059,dryers,50170057,52000000,2026-09-29 00:51:01,2026-09-29 00:39:20,23,701.0,679.0,,Finished,
1,1356abe9-7c2b-439c-9628-e424b421bd5c,2026-09-29T00:51:01.237+00:00,2026-09-29T00:51:01.420+00:00,21072-30059,dryers,50170062,42000000,2026-09-29 00:51:01,2026-09-29 00:38:25,45,756.0,1944.0,33,Running,
1,1356abe9-7c2b-439c-9628-e424b421bd5c,2026-09-29T00:51:01.237+00:00,2026-09-29T00:51:01.420+00:00,21072-30059,dryers,50170067,42000000,2026-09-29 00:51:01,2026-09-29 00:46:25,49,276.0,2664.0,45,Running,
1,1356abe9-7c2b-439c-9628-e424b421bd5c,2026-09-29T00:51:01.237+00:00,2026-09-29T00:51:01.420+00:00,21072-30059,dryers,50170074,52000000,2026-09-29 00:51:01,2026-09-29 00:39:00,23,721.0,659.0,,Finished,
1,1356abe9-7c2b-439c-9628-e424b421bd5c,2026-09-29T00:51:01.237+00:00,2026-09-29T00:51:01.420+00:00,21072-30059,dryers,50170071,52000000,2026-09-29 00:51:01,2026-09-29 00:30:07,23,1254.0,126.0,,Finished,
1,1356abe9-7c2b-439c-9628-e424b421bd5c,2026-09-29T00:51:01.237+00:00,2026-09-29T00:51:01.420+00:00,21072-30059,dryers,50170054,52000000,2026-09-29 00:51:01,2026-09-29 00:41:43,23,558.0,822.0,,Finished,
1,08416474-1977-4167-8069-6619b7c13027,2026-09-29T00:52:01.276+00:00,2026-09-29T00:52:01.483+00:00,21072-30059,washers,50170051,42000000,2026-09-29 00:52:01,2026-09-29 00:41:16,28,645.0,1035.0,18,Running,
1,08416474-1977-4167-8069-6619b7c13027,2026-09-29T00:52:01.276+00:00,2026-09-29T00:52:01.483+00:00,21072-30059,washers,50170080,42000000,2026-09-29 00:52:01,2026-09-29 00:39:39,26,742.0,818.0,14,Running,
1,08416474-1977-4167-8069-6619b7c13027,2026-09-29T00:52:01.276+00:00,2026-09-29T00:52:01.483+00:00,21072-30059,washers,50170075,42000000,2026-09-29 00:52:01,2026-09-29 00:45:33,10,388.0,212.0,4,Running,
1,08416474-1977-4167-8069-6619b7c13027,2026-09-29T00:52:01.276+00:00,2026-09-29T00:52:01.483+00:00,21072-30059,washers,50170082,42000000,2026-09-29 00:52:01,2026-09-29 00:46:15,26,346.0,1214.0,21,Running,
1,08416474-1977-4167-8069-6619b7c13027,2026-09-29T00:52:01.276+00:00,2026-09-29T00:52:01.483+00:00,21072-30059,washers,50170050,72000000,2026-09-29 00:52:01,2026-09-29 00:42:09,29,592.0,1148.0,,Available,website maps this code to Available
1,08416474-1977-4167-8069-6619b7c13027,2026-09-29T00:52:01.276+00:00,2026-09-29T00:52:01.483+00:00,21072-30059,washers,50170052,72000000,2026-09-29 00:52:01,2026-09-28 23:45:08,29,4013.0,-2273.0,,Available,website maps this code to Available
1,08416474-1977-4167-8069-6619b7c13027,2026-09-29T00:52:01.276+00:00,2026-09-29T00:52:01.483+00:00,21072-30059,washers,50170078,72000000,2026-09-29 00:52:01,2026-09-28 23:35:24,29,4597.0,-2857.0,,Available,website maps this code to Available
1,08416474-1977-4167-8069-6619b7c13027,2026-09-29T00:52:01.276+00:00,2026-09-29T00:52:01.483+00:00,21072-30059,washers,50170084,72000000,2026-09-29 00:52:01,2026-09-28 23:34:36,29,4645.0,-2905.0,,Available,website maps this code to Available
1,08416474-1977-4167-8069-6619b7c13027,2026-09-29T00:52:01.276+00:00,2026-09-29T00:52:01.483+00:00,21072-30059,washers,50170068,72000000,2026-09-29 00:52:01,2026-09-28 23:32:25,29,4776.0,-3036.0,,Available,website maps this code to Available
1,08416474-1977-4167-8069-6619b7c13027,2026-09-29T00:52:01.276+00:00,2026-09-29T00:52:01.483+00:00,21072-30059,washers,50170072,72000000,2026-09-29 00:52:01,2026-09-29 00:37:24,29,877.0,863.0,,Available,website maps this code to Available
1,08416474-1977-4167-8069-6619b7c13027,2026-09-29T00:52:01.276+00:00,2026-09-29T00:52:01.483+00:00,21072-30059,washers,20483408,72000000,2026-09-29 00:52:01,2024-12-20 00:43:32,0,55987709.0,-55987709.0,,Available,website maps this code to Available
1,08416474-1977-4167-8069-6619b7c13027,2026-09-29T00:52:01.276+00:00,2026-09-29T00:52:01.483+00:00,21072-30059,washers,50170055,42000000,2026-09-29 00:52:01,2026-09-29 00:13:11,41,2330.0,130.0,3,Running,
1,08416474-1977-4167-8069-6619b7c13027,2026-09-29T00:52:01.276+00:00,2026-09-29T00:52:01.483+00:00,21072-30059,dryers,50170058,D2000000,2026-09-29 00:52:01,2026-09-26 17:53:29,45,197912.0,-195212.0,,Start Mode After PF,
1,08416474-1977-4167-8069-6619b7c13027,2026-09-29T00:52:01.276+00:00,2026-09-29T00:52:01.483+00:00,21072-30059,dryers,50170061,42000000,2026-09-29 00:52:01,2026-09-29 00:40:21,45,700.0,2000.0,34,Running,
1,08416474-1977-4167-8069-6619b7c13027,2026-09-29T00:52:01.276+00:00,2026-09-29T00:52:01.483+00:00,21072-30059,dryers,50170081,52000000,2026-09-29 00:52:01,2026-09-29 00:26:21,23,1540.0,-160.0,,Finished,
1,08416474-1977-4167-8069-6619b7c13027,2026-09-29T00:52:01.276+00:00,2026-09-29T00:52:01.483+00:00,21072-30059,dryers,50170060,42000000,2026-09-29 00:52:01,2026-09-29 00:44:43,53,438.0,2742.0,46,Running,
1,08416474-1977-4167-8069-6619b7c13027,2026-09-29T00:52:01.276+00:00,2026-09-29T00:52:01.483+00:00,21072-30059,dryers,50170087,42000000,2026-09-29 00:52:01,2026-09-29 00:46:00,53,361.0,2819.0,47,Running,
1,08416474-1977-4167-8069-6619b7c13027,2026-09-29T00:52:01.276+00:00,2026-09-29T00:52:01.483+00:00,21072-30059,dryers,50170064,52000000,2026-09-29 00:52:01,2026-09-29 00:40:02,23,719.0,661.0,,Finished,
1,08416474-1977-4167-8069-6619b7c13027,2026-09-29T00:52:01.276+00:00,2026-09-29T00:52:01.483+00:00,21072-30059,dryers,50170065,52000000,2026-09-29 00:52:01,2026-09-29 00:36:55,23,906.0,474.0,,Finished,
1,08416474-1977-4167-8069-6619b7c13027,2026-09-29T00:52:01.276+00:00,2026-09-29T00:52:01.483+00:00,21072-30059,dryers,50170059,52000000,2026-09-29 00:52:01,2026-09-29 00:34:08,23,1073.0,307.0,,Finished,
1,08416474-1977-4167-8069-6619b7c13027,2026-09-29T00:52:01.276+00:00,2026-09-29T00:52:01.483+00:00,21072-30059,dryers,50170057,52000000,2026-09-29 00:52:01,2026-09-29 00:39:20,23,761.0,619.0,,Finished,
1,08416474-1977-4167-8069-6619b7c13027,2026-09-29T00:52:01.276+00:00,2026-09-29T00:52:01.483+00:00,21072-30059,dryers,50170062,42000000,2026-09-29 00:52:01,2026-09-29 00:38:25,45,816.0,1884.0,32,Running,
1,08416474-1977-4167-8069-6619b7c13027,2026-09-29T00:52:01.276+00:00,2026-09-29T00:52:01.483+00:00,21072-30059,dryers,50170067,42000000,2026-09-29 00:52:01,2026-09-29 00:46:25,49,336.0,2604.0,44,Running,
1,08416474-1977-4167-8069-6619b7c13027,2026-09-29T00:52:01.276+00:00,2026-09-29T00:52:01.483+00:00,21072-30059,dryers,50170074,52000000,2026-09-29 00:52:01,2026-09-29 00:39:00,23,781.0,599.0,,Finished,
1,08416474-1977-4167-8069-6619b7c13027,2026-09-29T00:52:01.276+00:00,2026-09-29T00:52:01.483+00:00,21072-30059,dryers,50170071,52000000,2026-09-29 00:52:01,2026-09-29 00:30:07,23,1314.0,66.0,,Finished,
1,08416474-1977-4167-8069-6619b7c13027,2026-09-29T00:52:01.276+00:00,2026-09-29T00:52:01.483+00:00,21072-30059,dryers,50170054,52000000,2026-09-29 00:52:01,2026-09-29 00:41:43,23,618.0,762.0,,Finished,
1,60b36726-872d-4b16-b65c-f7f774ede160,2026-09-29T00:53:01.296+00:00,2026-09-29T00:53:01.483+00:00,21072-30059,washers,50170051,42000000,2026-09-29 00:53:01,2026-09-29 00:41:16,28,705.0,975.0,17,Running,
1,60b36726-872d-4b16-b65c-f7f774ede160,2026-09-29T00:53:01.296+00:00,2026-09-29T00:53:01.483+00:00,21072-30059,washers,50170080,42000000,2026-09-29 00:53:01,2026-09-29 00:39:39,26,802.0,758.0,13,Running,
1,60b36726-872d-4b16-b65c-f7f774ede160,2026-09-29T00:53:01.296+00:00,2026-09-29T00:53:01.483+00:00,21072-30059,washers,50170075,42000000,2026-09-29 00:53:01,2026-09-29 00:45:33,10,448.0,152.0,3,Running,
1,60b36726-872d-4b16-b65c-f7f774ede160,2026-09-29T00:53:01.296+00:00,2026-09-29T00:53:01.483+00:00,21072-30059,washers,50170082,42000000,2026-09-29 00:53:01,2026-09-29 00:46:15,26,406.0,1154.0,20,Running,
1,60b36726-872d-4b16-b65c-f7f774ede160,2026-09-29T00:53:01.296+00:00,2026-09-29T00:53:01.483+00:00,21072-30059,washers,50170050,72000000,2026-09-29 00:53:01,2026-09-29 00:42:09,29,652.0,1088.0,,Available,website maps this code to Available
1,60b36726-872d-4b16-b65c-f7f774ede160,2026-09-29T00:53:01.296+00:00,2026-09-29T00:53:01.483+00:00,21072-30059,washers,50170052,72000000,2026-09-29 00:53:01,2026-09-28 23:45:08,29,4073.0,-2333.0,,Available,website maps this code to Available
1,60b36726-872d-4b16-b65c-f7f774ede160,2026-09-29T00:53:01.296+00:00,2026-09-29T00:53:01.483+00:00,21072-30059,washers,50170078,72000000,2026-09-29 00:53:01,2026-09-28 23:35:24,29,4657.0,-2917.0,,Available,website maps this code to Available
1,60b36726-872d-4b16-b65c-f7f774ede160,2026-09-29T00:53:01.296+00:00,2026-09-29T00:53:01.483+00:00,21072-30059,washers,50170084,72000000,2026-09-29 00:53:01,2026-09-28 23:34:36,29,4705.0,-2965.0,,Available,website maps this code to Available
1,60b36726-872d-4b16-b65c-f7f774ede160,2026-09-29T00:53:01.296+00:00,2026-09-29T00:53:01.483+00:00,21072-30059,washers,50170068,72000000,2026-09-29 00:53:01,2026-09-28 23:32:25,29,4836.0,-3096.0,,Available,website maps this code to Available
1,60b36726-872d-4b16-b65c-f7f774ede160,2026-09-29T00:53:01.296+00:00,2026-09-29T00:53:01.483+00:00,21072-30059,washers,50170072,72000000,2026-09-29 00:53:01,2026-09-29 00:37:24,29,937.0,803.0,,Available,website maps this code to Available
1,60b36726-872d-4b16-b65c-f7f774ede160,2026-09-29T00:53:01.296+00:00,2026-09-29T00:53:01.483+00:00,21072-30059,washers,20483408,72000000,2026-09-29 00:53:01,2024-12-20 00:43:32,0,55987769.0,-55987769.0,,Available,website maps this code to Available
1,60b36726-872d-4b16-b65c-f7f774ede160,2026-09-29T00:53:01.296+00:00,2026-09-29T00:53:01.483+00:00,21072-30059,washers,50170055,42000000,2026-09-29 00:53:01,2026-09-29 00:13:11,41,2390.0,70.0,2,Running,
1,60b36726-872d-4b16-b65c-f7f774ede160,2026-09-29T00:53:01.296+00:00,2026-09-29T00:53:01.483+00:00,21072-30059,dryers,50170058,D2000000,2026-09-29 00:53:01,2026-09-26 17:53:29,45,197972.0,-195272.0,,Start Mode After PF,
1,60b36726-872d-4b16-b65c-f7f774ede160,2026-09-29T00:53:01.296+00:00,2026-09-29T00:53:01.483+00:00,21072-30059,dryers,50170061,42000000,2026-09-29 00:53:01,2026-09-29 00:40:21,45,760.0,1940.0,33,Running,
1,60b36726-872d-4b16-b65c-f7f774ede160,2026-09-29T00:53:01.296+00:00,2026-09-29T00:53:01.483+00:00,21072-30059,dryers,50170081,52000000,2026-09-29 00:53:01,2026-09-29 00:26:21,23,1600.0,-220.0,,Finished,
1,60b36726-872d-4b16-b65c-f7f774ede160,2026-09-29T00:53:01.296+00:00,2026-09-29T00:53:01.483+00:00,21072-30059,dryers,50170060,42000000,2026-09-29 00:53:01,2026-09-29 00:44:43,53,498.0,2682.0,45,Running,
1,60b36726-872d-4b16-b65c-f7f774ede160,2026-09-29T00:53:01.296+00:00,2026-09-29T00:53:01.483+00:00,21072-30059,dryers,50170087,42000000,2026-09-29 00:53:01,2026-09-29 00:46:00,53,421.0,2759.0,46,Running,
1,60b36726-872d-4b16-b65c-f7f774ede160,2026-09-29T00:53:01.296+00:00,2026-09-29T00:53:01.483+00:00,21072-30059,dryers,50170064,52000000,2026-09-29 00:53:01,2026-09-29 00:40:02,23,779.0,601.0,,Finished,
1,60b36726-872d-4b16-b65c-f7f774ede160,2026-09-29T00:53:01.296+00:00,2026-09-29T00:53:01.483+00:00,21072-30059,dryers,50170065,52000000,2026-09-29 00:53:01,2026-09-29 00:36:55,23,966.0,414.0,,Finished,
1,60b36726-872d-4b16-b65c-f7f774ede160,2026-09-29T00:53:01.296+00:00,2026-09-29T00:53:01.483+00:00,21072-30059,dryers,50170059,52000000,2026-09-29 00:53:01,2026-09-29 00:34:08,23,1133.0,247.0,,Finished,
1,60b36726-872d-4b16-b65c-f7f774ede160,2026-09-29T00:53:01.296+00:00,2026-09-29T00:53:01.483+00:00,21072-30059,dryers,50170057,52000000,2026-09-29 00:53:01,2026-09-29 00:39:20,23,821.0,559.0,,Finished,
1,60b36726-872d-4b16-b65c-f7f774ede160,2026-09-29T00:53:01.296+00:00,2026-09-29T00:53:01.483+00:00,21072-30059,dryers,50170062,42000000,2026-09-29 00:53:01,2026-09-29 00:38:25,45,876.0,1824.0,31,Running,
1,60b36726-872d-4b16-b65c-f7f774ede160,2026-09-29T00:53:01.296+00:00,2026-09-29T00:53:01.483+00:00,21072-30059,dryers,50170067,42000000,2026-09-29 00:53:01,2026-09-29 00:46:25,49,396.0,2544.0,43,Running,
1,60b36726-872d-4b16-b65c-f7f774ede160,2026-09-29T00:53:01.296+00:00,2026-09-29T00:53:01.483+00:00,21072-30059,dryers,50170074,52000000,2026-09-29 00:53:01,2026-09-29 00:39:00,23,841.0,539.0,,Finished,
1,60b36726-872d-4b16-b65c-f7f774ede160,2026-09-29T00:53:01.296+00:00,2026-09-29T00:53:01.483+00:00,21072-30059,dryers,50170071,52000000,2026-09-29 00:53:01,2026-09-29 00:30:07,23,1374.0,6.0,,Finished,
1,60b36726-872d-4b16-b65c-f7f774ede160,2026-09-29T00:53:01.296+00:00,2026-09-29T00:53:01.483+00:00,21072-30059,dryers,50170054,52000000,2026-09-29 00:53:01,2026-09-29 00:41:43,23,678.0,702.0,,Finished,
1,bc0ca950-61ea-44dd-86f5-592d98b5bddb,2026-09-29T00:54:01.266+00:00,2026-09-29T00:54:01.495+00:00,21072-30059,washers,50170051,42000000,2026-09-29 00:54:01,2026-09-29 00:41:16,28,765.0,915.0,16,Running,
1,bc0ca950-61ea-44dd-86f5-592d98b5bddb,2026-09-29T00:54:01.266+00:00,2026-09-29T00:54:01.495+00:00,21072-30059,washers,50170080,42000000,2026-09-29 00:54:01,2026-09-29 00:39:39,26,862.0,698.0,12,Running,
1,bc0ca950-61ea-44dd-86f5-592d98b5bddb,2026-09-29T00:54:01.266+00:00,2026-09-29T00:54:01.495+00:00,21072-30059,washers,50170075,42000000,2026-09-29 00:54:01,2026-09-29 00:45:33,10,508.0,92.0,2,Running,
1,bc0ca950-61ea-44dd-86f5-592d98b5bddb,2026-09-29T00:54:01.266+00:00,2026-09-29T00:54:01.495+00:00,21072-30059,washers,50170082,42000000,2026-09-29 00:54:01,2026-09-29 00:46:15,26,466.0,1094.0,19,Running,
1,bc0ca950-61ea-44dd-86f5-592d98b5bddb,2026-09-29T00:54:01.266+00:00,2026-09-29T00:54:01.495+00:00,21072-30059,washers,50170050,72000000,2026-09-29 00:54:01,2026-09-29 00:42:09,29,712.0,1028.0,,Available,website maps this code to Available
1,bc0ca950-61ea-44dd-86f5-592d98b5bddb,2026-09-29T00:54:01.266+00:00,2026-09-29T00:54:01.495+00:00,21072-30059,washers,50170052,72000000,2026-09-29 00:54:01,2026-09-28 23:45:08,29,4133.0,-2393.0,,Available,website maps this code to Available
1,bc0ca950-61ea-44dd-86f5-592d98b5bddb,2026-09-29T00:54:01.266+00:00,2026-09-29T00:54:01.495+00:00,21072-30059,washers,50170078,72000000,2026-09-29 00:54:01,2026-09-28 23:35:24,29,4717.0,-2977.0,,Available,website maps this code to Available
1,bc0ca950-61ea-44dd-86f5-592d98b5bddb,2026-09-29T00:54:01.266+00:00,2026-09-29T00:54:01.495+00:00,21072-30059,washers,50170084,72000000,2026-09-29 00:54:01,2026-09-28 23:34:36,29,4765.0,-3025.0,,Available,website maps this code to Available
1,bc0ca950-61ea-44dd-86f5-592d98b5bddb,2026-09-29T00:54:01.266+00:00,2026-09-29T00:54:01.495+00:00,21072-30059,washers,50170068,72000000,2026-09-29 00:54:01,2026-09-28 23:32:25,29,4896.0,-3156.0,,Available,website maps this code to Available
1,bc0ca950-61ea-44dd-86f5-592d98b5bddb,2026-09-29T00:54:01.266+00:00,2026-09-29T00:54:01.495+00:00,21072-30059,washers,50170072,72000000,2026-09-29 00:54:01,2026-09-29 00:37:24,29,997.0,743.0,,Available,website maps this code to Available
1,bc0ca950-61ea-44dd-86f5-592d98b5bddb,2026-09-29T00:54:01.266+00:00,2026-09-29T00:54:01.495+00:00,21072-30059,washers,20483408,72000000,2026-09-29 00:54:01,2024-12-20 00:43:32,0,55987829.0,-55987829.0,,Available,website maps this code to Available
1,bc0ca950-61ea-44dd-86f5-592d98b5bddb,2026-09-29T00:54:01.266+00:00,2026-09-29T00:54:01.495+00:00,21072-30059,washers,50170055,42000000,2026-09-29 00:54:01,2026-09-29 00:13:11,41,2450.0,10.0,1,Running,
1,bc0ca950-61ea-44dd-86f5-592d98b5bddb,2026-09-29T00:54:01.266+00:00,2026-09-29T00:54:01.495+00:00,21072-30059,dryers,50170058,D2000000,2026-09-29 00:54:01,2026-09-26 17:53:29,45,198032.0,-195332.0,,Start Mode After PF,
1,bc0ca950-61ea-44dd-86f5-592d98b5bddb,2026-09-29T00:54:01.266+00:00,2026-09-29T00:54:01.495+00:00,21072-30059,dryers,50170061,42000000,2026-09-29 00:54:01,2026-09-29 00:40:21,45,820.0,1880.0,32,Running,
1,bc0ca950-61ea-44dd-86f5-592d98b5bddb,2026-09-29T00:54:01.266+00:00,2026-09-29T00:54:01.495+00:00,21072-30059,dryers,50170081,52000000,2026-09-29 00:54:01,2026-09-29 00:26:21,23,1660.0,-280.0,,Finished,
1,bc0ca950-61ea-44dd-86f5-592d98b5bddb,2026-09-29T00:54:01.266+00:00,2026-09-29T00:54:01.495+00:00,21072-30059,dryers,50170060,42000000,2026-09-29 00:54:01,2026-09-29 00:44:43,53,558.0,2622.0,44,Running,
1,bc0ca950-61ea-44dd-86f5-592d98b5bddb,2026-09-29T00:54:01.266+00:00,2026-09-29T00:54:01.495+00:00,21072-30059,dryers,50170087,42000000,2026-09-29 00:54:01,2026-09-29 00:46:00,53,481.0,2699.0,45,Running,
1,bc0ca950-61ea-44dd-86f5-592d98b5bddb,2026-09-29T00:54:01.266+00:00,2026-09-29T00:54:01.495+00:00,21072-30059,dryers,50170064,52000000,2026-09-29 00:54:01,2026-09-29 00:40:02,23,839.0,541.0,,Finished,
1,bc0ca950-61ea-44dd-86f5-592d98b5bddb,2026-09-29T00:54:01.266+00:00,2026-09-29T00:54:01.495+00:00,21072-30059,dryers,50170065,52000000,2026-09-29 00:54:01,2026-09-29 00:36:55,23,1026.0,354.0,,Finished,
1,bc0ca950-61ea-44dd-86f5-592d98b5bddb,2026-09-29T00:54:01.266+00:00,2026-09-29T00:54:01.495+00:00,21072-30059,dryers,50170059,52000000,2026-09-29 00:54:01,2026-09-29 00:34:08,23,1193.0,187.0,,Finished,
1,bc0ca950-61ea-44dd-86f5-592d98b5bddb,2026-09-29T00:54:01.266+00:00,2026-09-29T00:54:01.495+00:00,21072-30059,dryers,50170057,52000000,2026-09-29 00:54:01,2026-09-29 00:39:20,23,881.0,499.0,,Finished,
1,bc0ca950-61ea-44dd-86f5-592d98b5bddb,2026-09-29T00:54:01.266+00:00,2026-09-29T00:54:01.495+00:00,21072-30059,dryers,50170062,42000000,2026-09-29 00:54:01,2026-09-29 00:38:25,45,936.0,1764.0,30,Running,
1,bc0ca950-61ea-44dd-86f5-592d98b5bddb,2026-09-29T00:54:01.266+00:00,2026-09-29T00:54:01.495+00:00,21072-30059,dryers,50170067,42000000,2026-09-29 00:54:01,2026-09-29 00:46:25,49,456.0,2484.0,42,Running,
1,bc0ca950-61ea-44dd-86f5-592d98b5bddb,2026-09-29T00:54:01.266+00:00,2026-09-29T00:54:01.495+00:00,21072-30059,dryers,50170074,52000000,2026-09-29 00:54:01,2026-09-29 00:39:00,23,901.0,479.0,,Finished,
1,bc0ca950-61ea-44dd-86f5-592d98b5bddb,2026-09-29T00:54:01.266+00:00,2026-09-29T00:54:01.495+00:00,21072-30059,dryers,50170071,52000000,2026-09-29 00:54:01,2026-09-29 00:30:07,23,1434.0,-54.0,,Finished,
1,bc0ca950-61ea-44dd-86f5-592d98b5bddb,2026-09-29T00:54:01.266+00:00,2026-09-29T00:54:01.495+00:00,21072-30059,dryers,50170054,52000000,2026-09-29 00:54:01,2026-09-29 00:41:43,23,738.0,642.0,,Finished,
1,02cce68f-0d5d-4791-8bbf-fb62f65a0548,2026-09-29T00:55:01.294+00:00,2026-09-29T00:55:01.493+00:00,21072-30059,washers,50170051,42000000,2026-09-29 00:55:01,2026-09-29 00:41:16,28,825.0,855.0,15,Running,
1,02cce68f-0d5d-4791-8bbf-fb62f65a0548,2026-09-29T00:55:01.294+00:00,2026-09-29T00:55:01.493+00:00,21072-30059,washers,50170080,42000000,2026-09-29 00:55:01,2026-09-29 00:39:39,26,922.0,638.0,11,Running,
1,02cce68f-0d5d-4791-8bbf-fb62f65a0548,2026-09-29T00:55:01.294+00:00,2026-09-29T00:55:01.493+00:00,21072-30059,washers,50170075,42000000,2026-09-29 00:55:01,2026-09-29 00:45:33,10,568.0,32.0,1,Running,
1,02cce68f-0d5d-4791-8bbf-fb62f65a0548,2026-09-29T00:55:01.294+00:00,2026-09-29T00:55:01.493+00:00,21072-30059,washers,50170082,42000000,2026-09-29 00:55:01,2026-09-29 00:46:15,26,526.0,1034.0,18,Running,
1,02cce68f-0d5d-4791-8bbf-fb62f65a0548,2026-09-29T00:55:01.294+00:00,2026-09-29T00:55:01.493+00:00,21072-30059,washers,50170050,72000000,2026-09-29 00:55:01,2026-09-29 00:42:09,29,772.0,968.0,,Available,website maps this code to Available
1,02cce68f-0d5d-4791-8bbf-fb62f65a0548,2026-09-29T00:55:01.294+00:00,2026-09-29T00:55:01.493+00:00,21072-30059,washers,50170052,72000000,2026-09-29 00:55:01,2026-09-28 23:45:08,29,4193.0,-2453.0,,Available,website maps this code to Available
1,02cce68f-0d5d-4791-8bbf-fb62f65a0548,2026-09-29T00:55:01.294+00:00,2026-09-29T00:55:01.493+00:00,21072-30059,washers,50170078,72000000,2026-09-29 00:55:01,2026-09-28 23:35:24,29,4777.0,-3037.0,,Available,website maps this code to Available
1,02cce68f-0d5d-4791-8bbf-fb62f65a0548,2026-09-29T00:55:01.294+00:00,2026-09-29T00:55:01.493+00:00,21072-30059,washers,50170084,72000000,2026-09-29 00:55:01,2026-09-28 23:34:36,29,4825.0,-3085.0,,Available,website maps this code to Available
1,02cce68f-0d5d-4791-8bbf-fb62f65a0548,2026-09-29T00:55:01.294+00:00,2026-09-29T00:55:01.493+00:00,21072-30059,washers,50170068,72000000,2026-09-29 00:55:01,2026-09-28 23:32:25,29,4956.0,-3216.0,,Available,website maps this code to Available
1,02cce68f-0d5d-4791-8bbf-fb62f65a0548,2026-09-29T00:55:01.294+00:00,2026-09-29T00:55:01.493+00:00,21072-30059,washers,50170072,72000000,2026-09-29 00:55:01,2026-09-29 00:37:24,29,1057.0,683.0,,Available,website maps this code to Available
1,02cce68f-0d5d-4791-8bbf-fb62f65a0548,2026-09-29T00:55:01.294+00:00,2026-09-29T00:55:01.493+00:00,21072-30059,washers,20483408,72000000,2026-09-29 00:55:01,2024-12-20 00:43:32,0,55987889.0,-55987889.0,,Available,website maps this code to Available
1,02cce68f-0d5d-4791-8bbf-fb62f65a0548,2026-09-29T00:55:01.294+00:00,2026-09-29T00:55:01.493+00:00,21072-30059,washers,50170055,42000000,2026-09-29 00:55:01,2026-09-29 00:13:11,41,2510.0,-50.0,,Available,website fallback: countdown expired
1,02cce68f-0d5d-4791-8bbf-fb62f65a0548,2026-09-29T00:55:01.294+00:00,2026-09-29T00:55:01.493+00:00,21072-30059,dryers,50170058,D2000000,2026-09-29 00:55:01,2026-09-26 17:53:29,45,198092.0,-195392.0,,Start Mode After PF,
1,02cce68f-0d5d-4791-8bbf-fb62f65a0548,2026-09-29T00:55:01.294+00:00,2026-09-29T00:55:01.493+00:00,21072-30059,dryers,50170061,42000000,2026-09-29 00:55:01,2026-09-29 00:40:21,45,880.0,1820.0,31,Running,
1,02cce68f-0d5d-4791-8bbf-fb62f65a0548,2026-09-29T00:55:01.294+00:00,2026-09-29T00:55:01.493+00:00,21072-30059,dryers,50170081,52000000,2026-09-29 00:55:01,2026-09-29 00:26:21,23,1720.0,-340.0,,Finished,
1,02cce68f-0d5d-4791-8bbf-fb62f65a0548,2026-09-29T00:55:01.294+00:00,2026-09-29T00:55:01.493+00:00,21072-30059,dryers,50170060,42000000,2026-09-29 00:55:01,2026-09-29 00:44:43,53,618.0,2562.0,43,Running,
1,02cce68f-0d5d-4791-8bbf-fb62f65a0548,2026-09-29T00:55:01.294+00:00,2026-09-29T00:55:01.493+00:00,21072-30059,dryers,50170087,42000000,2026-09-29 00:55:01,2026-09-29 00:46:00,53,541.0,2639.0,44,Running,
1,02cce68f-0d5d-4791-8bbf-fb62f65a0548,2026-09-29T00:55:01.294+00:00,2026-09-29T00:55:01.493+00:00,21072-30059,dryers,50170064,52000000,2026-09-29 00:55:01,2026-09-29 00:40:02,23,899.0,481.0,,Finished,
1,02cce68f-0d5d-4791-8bbf-fb62f65a0548,2026-09-29T00:55:01.294+00:00,2026-09-29T00:55:01.493+00:00,21072-30059,dryers,50170065,52000000,2026-09-29 00:55:01,2026-09-29 00:36:55,23,1086.0,294.0,,Finished,
1,02cce68f-0d5d-4791-8bbf-fb62f65a0548,2026-09-29T00:55:01.294+00:00,2026-09-29T00:55:01.493+00:00,21072-30059,dryers,50170059,52000000,2026-09-29 00:55:01,2026-09-29 00:34:08,23,1253.0,127.0,,Finished,
1,02cce68f-0d5d-4791-8bbf-fb62f65a0548,2026-09-29T00:55:01.294+00:00,2026-09-29T00:55:01.493+00:00,21072-30059,dryers,50170057,52000000,2026-09-29 00:55:01,2026-09-29 00:39:20,23,941.0,439.0,,Finished,
1,02cce68f-0d5d-4791-8bbf-fb62f65a0548,2026-09-29T00:55:01.294+00:00,2026-09-29T00:55:01.493+00:00,21072-30059,dryers,50170062,42000000,2026-09-29 00:55:01,2026-09-29 00:38:25,45,996.0,1704.0,29,Running,
1,02cce68f-0d5d-4791-8bbf-fb62f65a0548,2026-09-29T00:55:01.294+00:00,2026-09-29T00:55:01.493+00:00,21072-30059,dryers,50170067,42000000,2026-09-29 00:55:01,2026-09-29 00:46:25,49,516.0,2424.0,41,Running,
1,02cce68f-0d5d-4791-8bbf-fb62f65a0548,2026-09-29T00:55:01.294+00:00,2026-09-29T00:55:01.493+00:00,21072-30059,dryers,50170074,52000000,2026-09-29 00:55:01,2026-09-29 00:39:00,23,961.0,419.0,,Finished,
1,02cce68f-0d5d-4791-8bbf-fb62f65a0548,2026-09-29T00:55:01.294+00:00,2026-09-29T00:55:01.493+00:00,21072-30059,dryers,50170071,52000000,2026-09-29 00:55:01,2026-09-29 00:30:07,23,1494.0,-114.0,,Finished,
1,02cce68f-0d5d-4791-8bbf-fb62f65a0548,2026-09-29T00:55:01.294+00:00,2026-09-29T00:55:01.493+00:00,21072-30059,dryers,50170054,52000000,2026-09-29 00:55:01,2026-09-29 00:41:43,23,798.0,582.0,,Finished,
1,6890f132-5a16-4531-b3b0-90d38398a4e8,2026-09-29T00:56:01.349+00:00,2026-09-29T00:56:01.571+00:00,21072-30059,washers,50170051,42000000,2026-09-29 00:56:01,2026-09-29 00:41:16,28,885.0,795.0,14,Running,
1,6890f132-5a16-4531-b3b0-90d38398a4e8,2026-09-29T00:56:01.349+00:00,2026-09-29T00:56:01.571+00:00,21072-30059,washers,50170080,42000000,2026-09-29 00:56:01,2026-09-29 00:39:39,26,982.0,578.0,10,Running,
1,6890f132-5a16-4531-b3b0-90d38398a4e8,2026-09-29T00:56:01.349+00:00,2026-09-29T00:56:01.571+00:00,21072-30059,washers,50170075,42000000,2026-09-29 00:56:01,2026-09-29 00:45:33,10,628.0,-28.0,,Available,website fallback: countdown expired
1,6890f132-5a16-4531-b3b0-90d38398a4e8,2026-09-29T00:56:01.349+00:00,2026-09-29T00:56:01.571+00:00,21072-30059,washers,50170082,42000000,2026-09-29 00:56:01,2026-09-29 00:46:15,26,586.0,974.0,17,Running,
1,6890f132-5a16-4531-b3b0-90d38398a4e8,2026-09-29T00:56:01.349+00:00,2026-09-29T00:56:01.571+00:00,21072-30059,washers,50170050,72000000,2026-09-29 00:56:01,2026-09-29 00:42:09,29,832.0,908.0,,Available,website maps this code to Available
1,6890f132-5a16-4531-b3b0-90d38398a4e8,2026-09-29T00:56:01.349+00:00,2026-09-29T00:56:01.571+00:00,21072-30059,washers,50170052,72000000,2026-09-29 00:56:01,2026-09-28 23:45:08,29,4253.0,-2513.0,,Available,website maps this code to Available
1,6890f132-5a16-4531-b3b0-90d38398a4e8,2026-09-29T00:56:01.349+00:00,2026-09-29T00:56:01.571+00:00,21072-30059,washers,50170078,72000000,2026-09-29 00:56:01,2026-09-28 23:35:24,29,4837.0,-3097.0,,Available,website maps this code to Available
1,6890f132-5a16-4531-b3b0-90d38398a4e8,2026-09-29T00:56:01.349+00:00,2026-09-29T00:56:01.571+00:00,21072-30059,washers,50170084,72000000,2026-09-29 00:56:01,2026-09-28 23:34:36,29,4885.0,-3145.0,,Available,website maps this code to Available
1,6890f132-5a16-4531-b3b0-90d38398a4e8,2026-09-29T00:56:01.349+00:00,2026-09-29T00:56:01.571+00:00,21072-30059,washers,50170068,72000000,2026-09-29 00:56:01,2026-09-28 23:32:25,29,5016.0,-3276.0,,Available,website maps this code to Available
1,6890f132-5a16-4531-b3b0-90d38398a4e8,2026-09-29T00:56:01.349+00:00,2026-09-29T00:56:01.571+00:00,21072-30059,washers,50170072,72000000,2026-09-29 00:56:01,2026-09-29 00:37:24,29,1117.0,623.0,,Available,website maps this code to Available
1,6890f132-5a16-4531-b3b0-90d38398a4e8,2026-09-29T00:56:01.349+00:00,2026-09-29T00:56:01.571+00:00,21072-30059,washers,20483408,72000000,2026-09-29 00:56:01,2024-12-20 00:43:32,0,55987949.0,-55987949.0,,Available,website maps this code to Available
1,6890f132-5a16-4531-b3b0-90d38398a4e8,2026-09-29T00:56:01.349+00:00,2026-09-29T00:56:01.571+00:00,21072-30059,washers,50170055,42000000,2026-09-29 00:56:01,2026-09-29 00:13:11,41,2570.0,-110.0,,Available,website fallback: countdown expired
1,6890f132-5a16-4531-b3b0-90d38398a4e8,2026-09-29T00:56:01.349+00:00,2026-09-29T00:56:01.571+00:00,21072-30059,dryers,50170058,D2000000,2026-09-29 00:56:01,2026-09-26 17:53:29,45,198152.0,-195452.0,,Start Mode After PF,
1,6890f132-5a16-4531-b3b0-90d38398a4e8,2026-09-29T00:56:01.349+00:00,2026-09-29T00:56:01.571+00:00,21072-30059,dryers,50170061,42000000,2026-09-29 00:56:01,2026-09-29 00:40:21,45,940.0,1760.0,30,Running,
1,6890f132-5a16-4531-b3b0-90d38398a4e8,2026-09-29T00:56:01.349+00:00,2026-09-29T00:56:01.571+00:00,21072-30059,dryers,50170081,52000000,2026-09-29 00:56:01,2026-09-29 00:26:21,23,1780.0,-400.0,,Finished,
1,6890f132-5a16-4531-b3b0-90d38398a4e8,2026-09-29T00:56:01.349+00:00,2026-09-29T00:56:01.571+00:00,21072-30059,dryers,50170060,42000000,2026-09-29 00:56:01,2026-09-29 00:44:43,53,678.0,2502.0,42,Running,
1,6890f132-5a16-4531-b3b0-90d38398a4e8,2026-09-29T00:56:01.349+00:00,2026-09-29T00:56:01.571+00:00,21072-30059,dryers,50170087,42000000,2026-09-29 00:56:01,2026-09-29 00:46:00,53,601.0,2579.0,43,Running,
1,6890f132-5a16-4531-b3b0-90d38398a4e8,2026-09-29T00:56:01.349+00:00,2026-09-29T00:56:01.571+00:00,21072-30059,dryers,50170064,52000000,2026-09-29 00:56:01,2026-09-29 00:40:02,23,959.0,421.0,,Finished,
1,6890f132-5a16-4531-b3b0-90d38398a4e8,2026-09-29T00:56:01.349+00:00,2026-09-29T00:56:01.571+00:00,21072-30059,dryers,50170065,52000000,2026-09-29 00:56:01,2026-09-29 00:36:55,23,1146.0,234.0,,Finished,
1,6890f132-5a16-4531-b3b0-90d38398a4e8,2026-09-29T00:56:01.349+00:00,2026-09-29T00:56:01.571+00:00,21072-30059,dryers,50170059,52000000,2026-09-29 00:56:01,2026-09-29 00:34:08,23,1313.0,67.0,,Finished,
1,6890f132-5a16-4531-b3b0-90d38398a4e8,2026-09-29T00:56:01.349+00:00,2026-09-29T00:56:01.571+00:00,21072-30059,dryers,50170057,52000000,2026-09-29 00:56:01,2026-09-29 00:39:20,23,1001.0,379.0,,Finished,
1,6890f132-5a16-4531-b3b0-90d38398a4e8,2026-09-29T00:56:01.349+00:00,2026-09-29T00:56:01.571+00:00,21072-30059,dryers,50170062,42000000,2026-09-29 00:56:01,2026-09-29 00:38:25,45,1056.0,1644.0,28,Running,
1,6890f132-5a16-4531-b3b0-90d38398a4e8,2026-09-29T00:56:01.349+00:00,2026-09-29T00:56:01.571+00:00,21072-30059,dryers,50170067,42000000,2026-09-29 00:56:01,2026-09-29 00:46:25,49,576.0,2364.0,40,Running,
1,6890f132-5a16-4531-b3b0-90d38398a4e8,2026-09-29T00:56:01.349+00:00,2026-09-29T00:56:01.571+00:00,21072-30059,dryers,50170074,52000000,2026-09-29 00:56:01,2026-09-29 00:39:00,23,1021.0,359.0,,Finished,
1,6890f132-5a16-4531-b3b0-90d38398a4e8,2026-09-29T00:56:01.349+00:00,2026-09-29T00:56:01.571+00:00,21072-30059,dryers,50170071,52000000,2026-09-29 00:56:01,2026-09-29 00:30:07,23,1554.0,-174.0,,Finished,
1,6890f132-5a16-4531-b3b0-90d38398a4e8,2026-09-29T00:56:01.349+00:00,2026-09-29T00:56:01.571+00:00,21072-30059,dryers,50170054,52000000,2026-09-29 00:56:01,2026-09-29 00:41:43,23,858.0,522.0,,Finished,
1,5e152e93-f6c8-4cf9-b957-7c15222ba74e,2026-09-29T00:57:01.291+00:00,2026-09-29T00:57:01.502+00:00,21072-30059,washers,50170051,42000000,2026-09-29 00:57:01,2026-09-29 00:41:16,28,945.0,735.0,13,Running,
1,5e152e93-f6c8-4cf9-b957-7c15222ba74e,2026-09-29T00:57:01.291+00:00,2026-09-29T00:57:01.502+00:00,21072-30059,washers,50170080,42000000,2026-09-29 00:57:01,2026-09-29 00:39:39,26,1042.0,518.0,9,Running,
1,5e152e93-f6c8-4cf9-b957-7c15222ba74e,2026-09-29T00:57:01.291+00:00,2026-09-29T00:57:01.502+00:00,21072-30059,washers,50170075,52000000,2026-09-29 00:57:01,2026-09-29 00:56:44,29,17.0,1723.0,,Finished,
1,5e152e93-f6c8-4cf9-b957-7c15222ba74e,2026-09-29T00:57:01.291+00:00,2026-09-29T00:57:01.502+00:00,21072-30059,washers,50170082,42000000,2026-09-29 00:57:01,2026-09-29 00:46:15,26,646.0,914.0,16,Running,
1,5e152e93-f6c8-4cf9-b957-7c15222ba74e,2026-09-29T00:57:01.291+00:00,2026-09-29T00:57:01.502+00:00,21072-30059,washers,50170050,72000000,2026-09-29 00:57:01,2026-09-29 00:42:09,29,892.0,848.0,,Available,website maps this code to Available
1,5e152e93-f6c8-4cf9-b957-7c15222ba74e,2026-09-29T00:57:01.291+00:00,2026-09-29T00:57:01.502+00:00,21072-30059,washers,50170052,72000000,2026-09-29 00:57:01,2026-09-28 23:45:08,29,4313.0,-2573.0,,Available,website maps this code to Available
1,5e152e93-f6c8-4cf9-b957-7c15222ba74e,2026-09-29T00:57:01.291+00:00,2026-09-29T00:57:01.502+00:00,21072-30059,washers,50170078,72000000,2026-09-29 00:57:01,2026-09-28 23:35:24,29,4897.0,-3157.0,,Available,website maps this code to Available
1,5e152e93-f6c8-4cf9-b957-7c15222ba74e,2026-09-29T00:57:01.291+00:00,2026-09-29T00:57:01.502+00:00,21072-30059,washers,50170084,72000000,2026-09-29 00:57:01,2026-09-28 23:34:36,29,4945.0,-3205.0,,Available,website maps this code to Available
1,5e152e93-f6c8-4cf9-b957-7c15222ba74e,2026-09-29T00:57:01.291+00:00,2026-09-29T00:57:01.502+00:00,21072-30059,washers,50170068,72000000,2026-09-29 00:57:01,2026-09-28 23:32:25,29,5076.0,-3336.0,,Available,website maps this code to Available
1,5e152e93-f6c8-4cf9-b957-7c15222ba74e,2026-09-29T00:57:01.291+00:00,2026-09-29T00:57:01.502+00:00,21072-30059,washers,50170072,72000000,2026-09-29 00:57:01,2026-09-29 00:37:24,29,1177.0,563.0,,Available,website maps this code to Available
1,5e152e93-f6c8-4cf9-b957-7c15222ba74e,2026-09-29T00:57:01.291+00:00,2026-09-29T00:57:01.502+00:00,21072-30059,washers,20483408,72000000,2026-09-29 00:57:01,2024-12-20 00:43:32,0,55988009.0,-55988009.0,,Available,website maps this code to Available
1,5e152e93-f6c8-4cf9-b957-7c15222ba74e,2026-09-29T00:57:01.291+00:00,2026-09-29T00:57:01.502+00:00,21072-30059,washers,50170055,42000000,2026-09-29 00:57:01,2026-09-29 00:13:11,41,2630.0,-170.0,,Available,website fallback: countdown expired
1,5e152e93-f6c8-4cf9-b957-7c15222ba74e,2026-09-29T00:57:01.291+00:00,2026-09-29T00:57:01.502+00:00,21072-30059,dryers,50170058,D2000000,2026-09-29 00:57:01,2026-09-26 17:53:29,45,198212.0,-195512.0,,Start Mode After PF,
1,5e152e93-f6c8-4cf9-b957-7c15222ba74e,2026-09-29T00:57:01.291+00:00,2026-09-29T00:57:01.502+00:00,21072-30059,dryers,50170061,42000000,2026-09-29 00:57:01,2026-09-29 00:40:21,45,1000.0,1700.0,29,Running,
1,5e152e93-f6c8-4cf9-b957-7c15222ba74e,2026-09-29T00:57:01.291+00:00,2026-09-29T00:57:01.502+00:00,21072-30059,dryers,50170081,52000000,2026-09-29 00:57:01,2026-09-29 00:26:21,23,1840.0,-460.0,,Finished,
1,5e152e93-f6c8-4cf9-b957-7c15222ba74e,2026-09-29T00:57:01.291+00:00,2026-09-29T00:57:01.502+00:00,21072-30059,dryers,50170060,42000000,2026-09-29 00:57:01,2026-09-29 00:44:43,53,738.0,2442.0,41,Running,
1,5e152e93-f6c8-4cf9-b957-7c15222ba74e,2026-09-29T00:57:01.291+00:00,2026-09-29T00:57:01.502+00:00,21072-30059,dryers,50170087,42000000,2026-09-29 00:57:01,2026-09-29 00:46:00,53,661.0,2519.0,42,Running,
1,5e152e93-f6c8-4cf9-b957-7c15222ba74e,2026-09-29T00:57:01.291+00:00,2026-09-29T00:57:01.502+00:00,21072-30059,dryers,50170064,52000000,2026-09-29 00:57:01,2026-09-29 00:40:02,23,1019.0,361.0,,Finished,
1,5e152e93-f6c8-4cf9-b957-7c15222ba74e,2026-09-29T00:57:01.291+00:00,2026-09-29T00:57:01.502+00:00,21072-30059,dryers,50170065,52000000,2026-09-29 00:57:01,2026-09-29 00:36:55,23,1206.0,174.0,,Finished,
1,5e152e93-f6c8-4cf9-b957-7c15222ba74e,2026-09-29T00:57:01.291+00:00,2026-09-29T00:57:01.502+00:00,21072-30059,dryers,50170059,72000000,2026-09-29 00:57:01,2026-09-29 00:56:32,46,29.0,2731.0,,Available,website maps this code to Available
1,5e152e93-f6c8-4cf9-b957-7c15222ba74e,2026-09-29T00:57:01.291+00:00,2026-09-29T00:57:01.502+00:00,21072-30059,dryers,50170057,52000000,2026-09-29 00:57:01,2026-09-29 00:39:20,23,1061.0,319.0,,Finished,
1,5e152e93-f6c8-4cf9-b957-7c15222ba74e,2026-09-29T00:57:01.291+00:00,2026-09-29T00:57:01.502+00:00,21072-30059,dryers,50170062,42000000,2026-09-29 00:57:01,2026-09-29 00:38:25,45,1116.0,1584.0,27,Running,
1,5e152e93-f6c8-4cf9-b957-7c15222ba74e,2026-09-29T00:57:01.291+00:00,2026-09-29T00:57:01.502+00:00,21072-30059,dryers,50170067,42000000,2026-09-29 00:57:01,2026-09-29 00:46:25,49,636.0,2304.0,39,Running,
1,5e152e93-f6c8-4cf9-b957-7c15222ba74e,2026-09-29T00:57:01.291+00:00,2026-09-29T00:57:01.502+00:00,21072-30059,dryers,50170074,52000000,2026-09-29 00:57:01,2026-09-29 00:39:00,23,1081.0,299.0,,Finished,
1,5e152e93-f6c8-4cf9-b957-7c15222ba74e,2026-09-29T00:57:01.291+00:00,2026-09-29T00:57:01.502+00:00,21072-30059,dryers,50170071,52000000,2026-09-29 00:57:01,2026-09-29 00:30:07,23,1614.0,-234.0,,Finished,
1,5e152e93-f6c8-4cf9-b957-7c15222ba74e,2026-09-29T00:57:01.291+00:00,2026-09-29T00:57:01.502+00:00,21072-30059,dryers,50170054,52000000,2026-09-29 00:57:01,2026-09-29 00:41:43,23,918.0,462.0,,Finished,
1,87318fd0-3244-40b6-a10e-693a558d23cf,2026-09-29T00:58:01.265+00:00,2026-09-29T00:58:01.478+00:00,21072-30059,washers,50170051,42000000,2026-09-29 00:58:01,2026-09-29 00:41:16,28,1005.0,675.0,12,Running,
1,87318fd0-3244-40b6-a10e-693a558d23cf,2026-09-29T00:58:01.265+00:00,2026-09-29T00:58:01.478+00:00,21072-30059,washers,50170080,42000000,2026-09-29 00:58:01,2026-09-29 00:39:39,26,1102.0,458.0,8,Running,
1,87318fd0-3244-40b6-a10e-693a558d23cf,2026-09-29T00:58:01.265+00:00,2026-09-29T00:58:01.478+00:00,21072-30059,washers,50170075,52000000,2026-09-29 00:58:01,2026-09-29 00:56:44,29,77.0,1663.0,,Finished,
1,87318fd0-3244-40b6-a10e-693a558d23cf,2026-09-29T00:58:01.265+00:00,2026-09-29T00:58:01.478+00:00,21072-30059,washers,50170082,42000000,2026-09-29 00:58:01,2026-09-29 00:46:15,26,706.0,854.0,15,Running,
1,87318fd0-3244-40b6-a10e-693a558d23cf,2026-09-29T00:58:01.265+00:00,2026-09-29T00:58:01.478+00:00,21072-30059,washers,50170050,72000000,2026-09-29 00:58:01,2026-09-29 00:42:09,29,952.0,788.0,,Available,website maps this code to Available
1,87318fd0-3244-40b6-a10e-693a558d23cf,2026-09-29T00:58:01.265+00:00,2026-09-29T00:58:01.478+00:00,21072-30059,washers,50170052,72000000,2026-09-29 00:58:01,2026-09-28 23:45:08,29,4373.0,-2633.0,,Available,website maps this code to Available
1,87318fd0-3244-40b6-a10e-693a558d23cf,2026-09-29T00:58:01.265+00:00,2026-09-29T00:58:01.478+00:00,21072-30059,washers,50170078,72000000,2026-09-29 00:58:01,2026-09-28 23:35:24,29,4957.0,-3217.0,,Available,website maps this code to Available
1,87318fd0-3244-40b6-a10e-693a558d23cf,2026-09-29T00:58:01.265+00:00,2026-09-29T00:58:01.478+00:00,21072-30059,washers,50170084,72000000,2026-09-29 00:58:01,2026-09-28 23:34:36,29,5005.0,-3265.0,,Available,website maps this code to Available
1,87318fd0-3244-40b6-a10e-693a558d23cf,2026-09-29T00:58:01.265+00:00,2026-09-29T00:58:01.478+00:00,21072-30059,washers,50170068,72000000,2026-09-29 00:58:01,2026-09-28 23:32:25,29,5136.0,-3396.0,,Available,website maps this code to Available
1,87318fd0-3244-40b6-a10e-693a558d23cf,2026-09-29T00:58:01.265+00:00,2026-09-29T00:58:01.478+00:00,21072-30059,washers,50170072,72000000,2026-09-29 00:58:01,2026-09-29 00:37:24,29,1237.0,503.0,,Available,website maps this code to Available
1,87318fd0-3244-40b6-a10e-693a558d23cf,2026-09-29T00:58:01.265+00:00,2026-09-29T00:58:01.478+00:00,21072-30059,washers,20483408,72000000,2026-09-29 00:58:01,2024-12-20 00:43:32,0,55988069.0,-55988069.0,,Available,website maps this code to Available
1,87318fd0-3244-40b6-a10e-693a558d23cf,2026-09-29T00:58:01.265+00:00,2026-09-29T00:58:01.478+00:00,21072-30059,washers,50170055,42000000,2026-09-29 00:58:01,2026-09-29 00:13:11,41,2690.0,-230.0,,Available,website fallback: countdown expired
1,87318fd0-3244-40b6-a10e-693a558d23cf,2026-09-29T00:58:01.265+00:00,2026-09-29T00:58:01.478+00:00,21072-30059,dryers,50170058,D2000000,2026-09-29 00:58:01,2026-09-26 17:53:29,45,198272.0,-195572.0,,Start Mode After PF,
1,87318fd0-3244-40b6-a10e-693a558d23cf,2026-09-29T00:58:01.265+00:00,2026-09-29T00:58:01.478+00:00,21072-30059,dryers,50170061,42000000,2026-09-29 00:58:01,2026-09-29 00:40:21,45,1060.0,1640.0,28,Running,
1,87318fd0-3244-40b6-a10e-693a558d23cf,2026-09-29T00:58:01.265+00:00,2026-09-29T00:58:01.478+00:00,21072-30059,dryers,50170081,52000000,2026-09-29 00:58:01,2026-09-29 00:26:21,23,1900.0,-520.0,,Finished,
1,87318fd0-3244-40b6-a10e-693a558d23cf,2026-09-29T00:58:01.265+00:00,2026-09-29T00:58:01.478+00:00,21072-30059,dryers,50170060,42000000,2026-09-29 00:58:01,2026-09-29 00:44:43,53,798.0,2382.0,40,Running,
1,87318fd0-3244-40b6-a10e-693a558d23cf,2026-09-29T00:58:01.265+00:00,2026-09-29T00:58:01.478+00:00,21072-30059,dryers,50170087,42000000,2026-09-29 00:58:01,2026-09-29 00:46:00,53,721.0,2459.0,41,Running,
1,87318fd0-3244-40b6-a10e-693a558d23cf,2026-09-29T00:58:01.265+00:00,2026-09-29T00:58:01.478+00:00,21072-30059,dryers,50170064,52000000,2026-09-29 00:58:01,2026-09-29 00:40:02,23,1079.0,301.0,,Finished,
1,87318fd0-3244-40b6-a10e-693a558d23cf,2026-09-29T00:58:01.265+00:00,2026-09-29T00:58:01.478+00:00,21072-30059,dryers,50170065,72000000,2026-09-29 00:58:01,2026-09-29 00:57:19,25,42.0,1458.0,,Available,website maps this code to Available
1,87318fd0-3244-40b6-a10e-693a558d23cf,2026-09-29T00:58:01.265+00:00,2026-09-29T00:58:01.478+00:00,21072-30059,dryers,50170059,72000000,2026-09-29 00:58:01,2026-09-29 00:56:32,46,89.0,2671.0,,Available,website maps this code to Available
1,87318fd0-3244-40b6-a10e-693a558d23cf,2026-09-29T00:58:01.265+00:00,2026-09-29T00:58:01.478+00:00,21072-30059,dryers,50170057,72000000,2026-09-29 00:58:01,2026-09-29 00:57:35,46,26.0,2734.0,,Available,website maps this code to Available
1,87318fd0-3244-40b6-a10e-693a558d23cf,2026-09-29T00:58:01.265+00:00,2026-09-29T00:58:01.478+00:00,21072-30059,dryers,50170062,42000000,2026-09-29 00:58:01,2026-09-29 00:38:25,45,1176.0,1524.0,26,Running,
1,87318fd0-3244-40b6-a10e-693a558d23cf,2026-09-29T00:58:01.265+00:00,2026-09-29T00:58:01.478+00:00,21072-30059,dryers,50170067,42000000,2026-09-29 00:58:01,2026-09-29 00:46:25,49,696.0,2244.0,38,Running,
1,87318fd0-3244-40b6-a10e-693a558d23cf,2026-09-29T00:58:01.265+00:00,2026-09-29T00:58:01.478+00:00,21072-30059,dryers,50170074,52000000,2026-09-29 00:58:01,2026-09-29 00:39:00,23,1141.0,239.0,,Finished,
1,87318fd0-3244-40b6-a10e-693a558d23cf,2026-09-29T00:58:01.265+00:00,2026-09-29T00:58:01.478+00:00,21072-30059,dryers,50170071,52000000,2026-09-29 00:58:01,2026-09-29 00:30:07,23,1674.0,-294.0,,Finished,
1,87318fd0-3244-40b6-a10e-693a558d23cf,2026-09-29T00:58:01.265+00:00,2026-09-29T00:58:01.478+00:00,21072-30059,dryers,50170054,52000000,2026-09-29 00:58:01,2026-09-29 00:41:43,23,978.0,402.0,,Finished,
1,0c868fa1-b07e-4781-af5d-74a881ca3360,2026-09-29T00:59:01.428+00:00,2026-09-29T00:59:01.616+00:00,21072-30059,washers,50170051,42000000,2026-09-29 00:59:01,2026-09-29 00:41:16,28,1065.0,615.0,11,Running,
1,0c868fa1-b07e-4781-af5d-74a881ca3360,2026-09-29T00:59:01.428+00:00,2026-09-29T00:59:01.616+00:00,21072-30059,washers,50170080,42000000,2026-09-29 00:59:01,2026-09-29 00:39:39,26,1162.0,398.0,7,Running,
1,0c868fa1-b07e-4781-af5d-74a881ca3360,2026-09-29T00:59:01.428+00:00,2026-09-29T00:59:01.616+00:00,21072-30059,washers,50170075,52000000,2026-09-29 00:59:01,2026-09-29 00:56:44,29,137.0,1603.0,,Finished,
1,0c868fa1-b07e-4781-af5d-74a881ca3360,2026-09-29T00:59:01.428+00:00,2026-09-29T00:59:01.616+00:00,21072-30059,washers,50170082,42000000,2026-09-29 00:59:01,2026-09-29 00:46:15,26,766.0,794.0,14,Running,
1,0c868fa1-b07e-4781-af5d-74a881ca3360,2026-09-29T00:59:01.428+00:00,2026-09-29T00:59:01.616+00:00,21072-30059,washers,50170050,72000000,2026-09-29 00:59:01,2026-09-29 00:42:09,29,1012.0,728.0,,Available,website maps this code to Available
1,0c868fa1-b07e-4781-af5d-74a881ca3360,2026-09-29T00:59:01.428+00:00,2026-09-29T00:59:01.616+00:00,21072-30059,washers,50170052,72000000,2026-09-29 00:59:01,2026-09-28 23:45:08,29,4433.0,-2693.0,,Available,website maps this code to Available
1,0c868fa1-b07e-4781-af5d-74a881ca3360,2026-09-29T00:59:01.428+00:00,2026-09-29T00:59:01.616+00:00,21072-30059,washers,50170078,72000000,2026-09-29 00:59:01,2026-09-28 23:35:24,29,5017.0,-3277.0,,Available,website maps this code to Available
1,0c868fa1-b07e-4781-af5d-74a881ca3360,2026-09-29T00:59:01.428+00:00,2026-09-29T00:59:01.616+00:00,21072-30059,washers,50170084,72000000,2026-09-29 00:59:01,2026-09-28 23:34:36,29,5065.0,-3325.0,,Available,website maps this code to Available
1,0c868fa1-b07e-4781-af5d-74a881ca3360,2026-09-29T00:59:01.428+00:00,2026-09-29T00:59:01.616+00:00,21072-30059,washers,50170068,72000000,2026-09-29 00:59:01,2026-09-28 23:32:25,29,5196.0,-3456.0,,Available,website maps this code to Available
1,0c868fa1-b07e-4781-af5d-74a881ca3360,2026-09-29T00:59:01.428+00:00,2026-09-29T00:59:01.616+00:00,21072-30059,washers,50170072,72000000,2026-09-29 00:59:01,2026-09-29 00:37:24,29,1297.0,443.0,,Available,website maps this code to Available
1,0c868fa1-b07e-4781-af5d-74a881ca3360,2026-09-29T00:59:01.428+00:00,2026-09-29T00:59:01.616+00:00,21072-30059,washers,20483408,72000000,2026-09-29 00:59:01,2024-12-20 00:43:32,0,55988129.0,-55988129.0,,Available,website maps this code to Available
1,0c868fa1-b07e-4781-af5d-74a881ca3360,2026-09-29T00:59:01.428+00:00,2026-09-29T00:59:01.616+00:00,21072-30059,washers,50170055,42000000,2026-09-29 00:59:01,2026-09-29 00:13:11,41,2750.0,-290.0,,Available,website fallback: countdown expired
1,0c868fa1-b07e-4781-af5d-74a881ca3360,2026-09-29T00:59:01.428+00:00,2026-09-29T00:59:01.616+00:00,21072-30059,dryers,50170058,D2000000,2026-09-29 00:59:01,2026-09-26 17:53:29,45,198332.0,-195632.0,,Start Mode After PF,
1,0c868fa1-b07e-4781-af5d-74a881ca3360,2026-09-29T00:59:01.428+00:00,2026-09-29T00:59:01.616+00:00,21072-30059,dryers,50170061,42000000,2026-09-29 00:59:01,2026-09-29 00:40:21,45,1120.0,1580.0,27,Running,
1,0c868fa1-b07e-4781-af5d-74a881ca3360,2026-09-29T00:59:01.428+00:00,2026-09-29T00:59:01.616+00:00,21072-30059,dryers,50170081,52000000,2026-09-29 00:59:01,2026-09-29 00:26:21,23,1960.0,-580.0,,Finished,
1,0c868fa1-b07e-4781-af5d-74a881ca3360,2026-09-29T00:59:01.428+00:00,2026-09-29T00:59:01.616+00:00,21072-30059,dryers,50170060,42000000,2026-09-29 00:59:01,2026-09-29 00:44:43,53,858.0,2322.0,39,Running,
1,0c868fa1-b07e-4781-af5d-74a881ca3360,2026-09-29T00:59:01.428+00:00,2026-09-29T00:59:01.616+00:00,21072-30059,dryers,50170087,42000000,2026-09-29 00:59:01,2026-09-29 00:46:00,53,781.0,2399.0,40,Running,
1,0c868fa1-b07e-4781-af5d-74a881ca3360,2026-09-29T00:59:01.428+00:00,2026-09-29T00:59:01.616+00:00,21072-30059,dryers,50170064,52000000,2026-09-29 00:59:01,2026-09-29 00:40:02,23,1139.0,241.0,,Finished,
1,0c868fa1-b07e-4781-af5d-74a881ca3360,2026-09-29T00:59:01.428+00:00,2026-09-29T00:59:01.616+00:00,21072-30059,dryers,50170065,72000000,2026-09-29 00:59:01,2026-09-29 00:57:19,25,102.0,1398.0,,Available,website maps this code to Available
1,0c868fa1-b07e-4781-af5d-74a881ca3360,2026-09-29T00:59:01.428+00:00,2026-09-29T00:59:01.616+00:00,21072-30059,dryers,50170059,72000000,2026-09-29 00:59:01,2026-09-29 00:56:32,46,149.0,2611.0,,Available,website maps this code to Available
1,0c868fa1-b07e-4781-af5d-74a881ca3360,2026-09-29T00:59:01.428+00:00,2026-09-29T00:59:01.616+00:00,21072-30059,dryers,50170057,72000000,2026-09-29 00:59:01,2026-09-29 00:57:35,46,86.0,2674.0,,Available,website maps this code to Available
1,0c868fa1-b07e-4781-af5d-74a881ca3360,2026-09-29T00:59:01.428+00:00,2026-09-29T00:59:01.616+00:00,21072-30059,dryers,50170062,42000000,2026-09-29 00:59:01,2026-09-29 00:38:25,45,1236.0,1464.0,25,Running,
1,0c868fa1-b07e-4781-af5d-74a881ca3360,2026-09-29T00:59:01.428+00:00,2026-09-29T00:59:01.616+00:00,21072-30059,dryers,50170067,42000000,2026-09-29 00:59:01,2026-09-29 00:46:25,49,756.0,2184.0,37,Running,
1,0c868fa1-b07e-4781-af5d-74a881ca3360,2026-09-29T00:59:01.428+00:00,2026-09-29T00:59:01.616+00:00,21072-30059,dryers,50170074,52000000,2026-09-29 00:59:01,2026-09-29 00:39:00,23,1201.0,179.0,,Finished,
1,0c868fa1-b07e-4781-af5d-74a881ca3360,2026-09-29T00:59:01.428+00:00,2026-09-29T00:59:01.616+00:00,21072-30059,dryers,50170071,52000000,2026-09-29 00:59:01,2026-09-29 00:30:07,23,1734.0,-354.0,,Finished,
1,0c868fa1-b07e-4781-af5d-74a881ca3360,2026-09-29T00:59:01.428+00:00,2026-09-29T00:59:01.616+00:00,21072-30059,dryers,50170054,52000000,2026-09-29 00:59:01,2026-09-29 00:41:43,23,1038.0,342.0,,Finished,
1,2a6494ea-38ec-42b2-b702-7bfe66e13f20,2026-09-29T01:00:00.968+00:00,2026-09-29T01:00:01.154+00:00,21072-30059,washers,50170051,42000000,2026-09-29 01:00:01,2026-09-29 00:41:16,28,1125.0,555.0,10,Running,
1,2a6494ea-38ec-42b2-b702-7bfe66e13f20,2026-09-29T01:00:00.968+00:00,2026-09-29T01:00:01.154+00:00,21072-30059,washers,50170080,42000000,2026-09-29 01:00:01,2026-09-29 00:59:57,10,4.0,596.0,10,Running,
1,2a6494ea-38ec-42b2-b702-7bfe66e13f20,2026-09-29T01:00:00.968+00:00,2026-09-29T01:00:01.154+00:00,21072-30059,washers,50170075,52000000,2026-09-29 01:00:01,2026-09-29 00:56:44,29,197.0,1543.0,,Finished,
1,2a6494ea-38ec-42b2-b702-7bfe66e13f20,2026-09-29T01:00:00.968+00:00,2026-09-29T01:00:01.154+00:00,21072-30059,washers,50170082,42000000,2026-09-29 01:00:01,2026-09-29 00:46:15,26,826.0,734.0,13,Running,
1,2a6494ea-38ec-42b2-b702-7bfe66e13f20,2026-09-29T01:00:00.968+00:00,2026-09-29T01:00:01.154+00:00,21072-30059,washers,50170050,72000000,2026-09-29 01:00:01,2026-09-29 00:42:09,29,1072.0,668.0,,Available,website maps this code to Available
1,2a6494ea-38ec-42b2-b702-7bfe66e13f20,2026-09-29T01:00:00.968+00:00,2026-09-29T01:00:01.154+00:00,21072-30059,washers,50170052,72000000,2026-09-29 01:00:01,2026-09-28 23:45:08,29,4493.0,-2753.0,,Available,website maps this code to Available
1,2a6494ea-38ec-42b2-b702-7bfe66e13f20,2026-09-29T01:00:00.968+00:00,2026-09-29T01:00:01.154+00:00,21072-30059,washers,50170078,72000000,2026-09-29 01:00:01,2026-09-28 23:35:24,29,5077.0,-3337.0,,Available,website maps this code to Available
1,2a6494ea-38ec-42b2-b702-7bfe66e13f20,2026-09-29T01:00:00.968+00:00,2026-09-29T01:00:01.154+00:00,21072-30059,washers,50170084,72000000,2026-09-29 01:00:01,2026-09-28 23:34:36,29,5125.0,-3385.0,,Available,website maps this code to Available
1,2a6494ea-38ec-42b2-b702-7bfe66e13f20,2026-09-29T01:00:00.968+00:00,2026-09-29T01:00:01.154+00:00,21072-30059,washers,50170068,72000000,2026-09-29 01:00:01,2026-09-28 23:32:25,29,5256.0,-3516.0,,Available,website maps this code to Available
1,2a6494ea-38ec-42b2-b702-7bfe66e13f20,2026-09-29T01:00:00.968+00:00,2026-09-29T01:00:01.154+00:00,21072-30059,washers,50170072,72000000,2026-09-29 01:00:01,2026-09-29 00:37:24,29,1357.0,383.0,,Available,website maps this code to Available
1,2a6494ea-38ec-42b2-b702-7bfe66e13f20,2026-09-29T01:00:00.968+00:00,2026-09-29T01:00:01.154+00:00,21072-30059,washers,20483408,72000000,2026-09-29 01:00:01,2024-12-20 00:43:32,0,55988189.0,-55988189.0,,Available,website maps this code to Available
1,2a6494ea-38ec-42b2-b702-7bfe66e13f20,2026-09-29T01:00:00.968+00:00,2026-09-29T01:00:01.154+00:00,21072-30059,washers,50170055,42000000,2026-09-29 01:00:01,2026-09-29 00:59:50,10,11.0,589.0,10,Running,
1,2a6494ea-38ec-42b2-b702-7bfe66e13f20,2026-09-29T01:00:00.968+00:00,2026-09-29T01:00:01.154+00:00,21072-30059,dryers,50170058,D2000000,2026-09-29 01:00:01,2026-09-26 17:53:29,45,198392.0,-195692.0,,Start Mode After PF,
1,2a6494ea-38ec-42b2-b702-7bfe66e13f20,2026-09-29T01:00:00.968+00:00,2026-09-29T01:00:01.154+00:00,21072-30059,dryers,50170061,42000000,2026-09-29 01:00:01,2026-09-29 00:40:21,45,1180.0,1520.0,26,Running,
1,2a6494ea-38ec-42b2-b702-7bfe66e13f20,2026-09-29T01:00:00.968+00:00,2026-09-29T01:00:01.154+00:00,21072-30059,dryers,50170081,52000000,2026-09-29 01:00:01,2026-09-29 00:26:21,23,2020.0,-640.0,,Finished,
1,2a6494ea-38ec-42b2-b702-7bfe66e13f20,2026-09-29T01:00:00.968+00:00,2026-09-29T01:00:01.154+00:00,21072-30059,dryers,50170060,42000000,2026-09-29 01:00:01,2026-09-29 00:44:43,53,918.0,2262.0,38,Running,
1,2a6494ea-38ec-42b2-b702-7bfe66e13f20,2026-09-29T01:00:00.968+00:00,2026-09-29T01:00:01.154+00:00,21072-30059,dryers,50170087,42000000,2026-09-29 01:00:01,2026-09-29 00:46:00,53,841.0,2339.0,39,Running,
1,2a6494ea-38ec-42b2-b702-7bfe66e13f20,2026-09-29T01:00:00.968+00:00,2026-09-29T01:00:01.154+00:00,21072-30059,dryers,50170064,72000000,2026-09-29 01:00:01,2026-09-29 00:59:18,46,43.0,2717.0,,Available,website maps this code to Available
1,2a6494ea-38ec-42b2-b702-7bfe66e13f20,2026-09-29T01:00:00.968+00:00,2026-09-29T01:00:01.154+00:00,21072-30059,dryers,50170065,72000000,2026-09-29 01:00:01,2026-09-29 00:57:19,25,162.0,1338.0,,Available,website maps this code to Available
1,2a6494ea-38ec-42b2-b702-7bfe66e13f20,2026-09-29T01:00:00.968+00:00,2026-09-29T01:00:01.154+00:00,21072-30059,dryers,50170059,72000000,2026-09-29 01:00:01,2026-09-29 00:56:32,46,209.0,2551.0,,Available,website maps this code to Available
1,2a6494ea-38ec-42b2-b702-7bfe66e13f20,2026-09-29T01:00:00.968+00:00,2026-09-29T01:00:01.154+00:00,21072-30059,dryers,50170057,72000000,2026-09-29 01:00:01,2026-09-29 00:57:35,46,146.0,2614.0,,Available,website maps this code to Available
1,2a6494ea-38ec-42b2-b702-7bfe66e13f20,2026-09-29T01:00:00.968+00:00,2026-09-29T01:00:01.154+00:00,21072-30059,dryers,50170062,42000000,2026-09-29 01:00:01,2026-09-29 00:38:25,45,1296.0,1404.0,24,Running,
1,2a6494ea-38ec-42b2-b702-7bfe66e13f20,2026-09-29T01:00:00.968+00:00,2026-09-29T01:00:01.154+00:00,21072-30059,dryers,50170067,42000000,2026-09-29 01:00:01,2026-09-29 00:46:25,49,816.0,2124.0,36,Running,
1,2a6494ea-38ec-42b2-b702-7bfe66e13f20,2026-09-29T01:00:00.968+00:00,2026-09-29T01:00:01.154+00:00,21072-30059,dryers,50170074,52000000,2026-09-29 01:00:01,2026-09-29 00:39:00,23,1261.0,119.0,,Finished,
1,2a6494ea-38ec-42b2-b702-7bfe66e13f20,2026-09-29T01:00:00.968+00:00,2026-09-29T01:00:01.154+00:00,21072-30059,dryers,50170071,52000000,2026-09-29 01:00:01,2026-09-29 00:30:07,23,1794.0,-414.0,,Finished,
1,2a6494ea-38ec-42b2-b702-7bfe66e13f20,2026-09-29T01:00:00.968+00:00,2026-09-29T01:00:01.154+00:00,21072-30059,dryers,50170054,52000000,2026-09-29 01:00:01,2026-09-29 00:41:43,23,1098.0,282.0,,Finished,
