schema_version,poll_id,request_started_at_utc,observed_at_utc,room_id,machine_type,machine_id,raw_lmc_status,server_timestamp_raw,machine_report_time_raw,remaining_min_raw,report_age_seconds,adjusted_remaining_seconds,display_minutes_left,website_state,interpretation_note
1,3db3f189-8b6b-4b8d-ab3b-85f6d841b782,2026-09-25T00:00:01.735+00:00,2026-09-25T00:00:02.009+00:00,21072-30059,washers,50170051,42000000,2026-09-25 00:00:01,2026-09-24 23:29:58,35,1803.0,297.0,5,Running,
1,3db3f189-8b6b-4b8d-ab3b-85f6d841b782,2026-09-25T00:00:01.735+00:00,2026-09-25T00:00:02.009+00:00,21072-30059,washers,50170080,42000000,2026-09-25 00:00:01,2026-09-24 23:25:17,41,2084.0,376.0,7,Running,
1,3db3f189-8b6b-4b8d-ab3b-85f6d841b782,2026-09-25T00:00:01.735+00:00,2026-09-25T00:00:02.009+00:00,21072-30059,washers,50170075,42000000,2026-09-25 00:00:01,2026-09-24 23:52:12,10,469.0,131.0,3,Running,
1,3db3f189-8b6b-4b8d-ab3b-85f6d841b782,2026-09-25T00:00:01.735+00:00,2026-09-25T00:00:02.009+00:00,21072-30059,washers,50170082,72000000,2026-09-25 00:00:01,2026-09-24 07:02:33,29,61048.0,-59308.0,,Available,website maps this code to Available
1,3db3f189-8b6b-4b8d-ab3b-85f6d841b782,2026-09-25T00:00:01.735+00:00,2026-09-25T00:00:02.009+00:00,21072-30059,washers,50170050,42000000,2026-09-25 00:00:01,2026-09-24 23:21:27,43,2314.0,266.0,5,Running,
1,3db3f189-8b6b-4b8d-ab3b-85f6d841b782,2026-09-25T00:00:01.735+00:00,2026-09-25T00:00:02.009+00:00,21072-30059,washers,50170052,42000000,2026-09-25 00:00:01,2026-09-24 23:53:55,10,366.0,234.0,4,Running,
1,3db3f189-8b6b-4b8d-ab3b-85f6d841b782,2026-09-25T00:00:01.735+00:00,2026-09-25T00:00:02.009+00:00,21072-30059,washers,50170078,72000000,2026-09-25 00:00:01,2026-09-24 23:56:38,29,203.0,1537.0,,Available,website maps this code to Available
1,3db3f189-8b6b-4b8d-ab3b-85f6d841b782,2026-09-25T00:00:01.735+00:00,2026-09-25T00:00:02.009+00:00,21072-30059,washers,50170084,72000000,2026-09-25 00:00:01,2026-09-24 15:48:03,29,29518.0,-27778.0,,Available,website maps this code to Available
1,3db3f189-8b6b-4b8d-ab3b-85f6d841b782,2026-09-25T00:00:01.735+00:00,2026-09-25T00:00:02.009+00:00,21072-30059,washers,50170068,72000000,2026-09-25 00:00:01,2026-09-24 23:56:53,29,188.0,1552.0,,Available,website maps this code to Available
1,3db3f189-8b6b-4b8d-ab3b-85f6d841b782,2026-09-25T00:00:01.735+00:00,2026-09-25T00:00:02.009+00:00,21072-30059,washers,50170072,72000000,2026-09-25 00:00:01,2026-09-24 23:57:52,29,129.0,1611.0,,Available,website maps this code to Available
1,3db3f189-8b6b-4b8d-ab3b-85f6d841b782,2026-09-25T00:00:01.735+00:00,2026-09-25T00:00:02.009+00:00,21072-30059,washers,20483408,72000000,2026-09-25 00:00:01,2024-12-20 00:43:32,0,55638989.0,-55638989.0,,Available,website maps this code to Available
1,3db3f189-8b6b-4b8d-ab3b-85f6d841b782,2026-09-25T00:00:01.735+00:00,2026-09-25T00:00:02.009+00:00,21072-30059,washers,50170055,72000000,2026-09-25 00:00:01,2026-09-24 23:53:15,29,406.0,1334.0,,Available,website maps this code to Available
1,3db3f189-8b6b-4b8d-ab3b-85f6d841b782,2026-09-25T00:00:01.735+00:00,2026-09-25T00:00:02.009+00:00,21072-30059,dryers,50170058,72000000,2026-09-25 00:00:01,2026-09-12 03:29:03,46,1110658.0,-1107898.0,,Available,website maps this code to Available
1,3db3f189-8b6b-4b8d-ab3b-85f6d841b782,2026-09-25T00:00:01.735+00:00,2026-09-25T00:00:02.009+00:00,21072-30059,dryers,50170061,72000000,2026-09-25 00:00:01,2026-09-24 20:07:24,46,13957.0,-11197.0,,Available,website maps this code to Available
1,3db3f189-8b6b-4b8d-ab3b-85f6d841b782,2026-09-25T00:00:01.735+00:00,2026-09-25T00:00:02.009+00:00,21072-30059,dryers,50170081,72000000,2026-09-25 00:00:01,2026-09-24 20:09:15,46,13846.0,-11086.0,,Available,website maps this code to Available
1,3db3f189-8b6b-4b8d-ab3b-85f6d841b782,2026-09-25T00:00:01.735+00:00,2026-09-25T00:00:02.009+00:00,21072-30059,dryers,50170060,72000000,2026-09-25 00:00:01,2026-09-24 07:40:57,46,58744.0,-55984.0,,Available,website maps this code to Available
1,3db3f189-8b6b-4b8d-ab3b-85f6d841b782,2026-09-25T00:00:01.735+00:00,2026-09-25T00:00:02.009+00:00,21072-30059,dryers,50170087,72000000,2026-09-25 00:00:01,2026-09-24 07:02:08,46,61073.0,-58313.0,,Available,website maps this code to Available
1,3db3f189-8b6b-4b8d-ab3b-85f6d841b782,2026-09-25T00:00:01.735+00:00,2026-09-25T00:00:02.009+00:00,21072-30059,dryers,50170064,72000000,2026-09-25 00:00:01,2026-09-24 07:02:42,46,61039.0,-58279.0,,Available,website maps this code to Available
1,3db3f189-8b6b-4b8d-ab3b-85f6d841b782,2026-09-25T00:00:01.735+00:00,2026-09-25T00:00:02.009+00:00,21072-30059,dryers,50170065,42000000,2026-09-25 00:00:01,2026-09-24 23:57:14,45,167.0,2533.0,43,Running,
1,3db3f189-8b6b-4b8d-ab3b-85f6d841b782,2026-09-25T00:00:01.735+00:00,2026-09-25T00:00:02.009+00:00,21072-30059,dryers,50170059,72000000,2026-09-25 00:00:01,2026-09-24 15:47:57,46,29524.0,-26764.0,,Available,website maps this code to Available
1,3db3f189-8b6b-4b8d-ab3b-85f6d841b782,2026-09-25T00:00:01.735+00:00,2026-09-25T00:00:02.009+00:00,21072-30059,dryers,50170057,42000000,2026-09-25 00:00:01,2026-09-24 23:57:46,45,135.0,2565.0,43,Running,
1,3db3f189-8b6b-4b8d-ab3b-85f6d841b782,2026-09-25T00:00:01.735+00:00,2026-09-25T00:00:02.009+00:00,21072-30059,dryers,50170062,42000000,2026-09-25 00:00:01,2026-09-24 23:58:30,45,91.0,2609.0,44,Running,
1,3db3f189-8b6b-4b8d-ab3b-85f6d841b782,2026-09-25T00:00:01.735+00:00,2026-09-25T00:00:02.009+00:00,21072-30059,dryers,50170067,42000000,2026-09-25 00:00:01,2026-09-24 23:55:05,45,296.0,2404.0,41,Running,
1,3db3f189-8b6b-4b8d-ab3b-85f6d841b782,2026-09-25T00:00:01.735+00:00,2026-09-25T00:00:02.009+00:00,21072-30059,dryers,50170074,42000000,2026-09-25 00:00:01,2026-09-24 23:55:11,45,290.0,2410.0,41,Running,
1,3db3f189-8b6b-4b8d-ab3b-85f6d841b782,2026-09-25T00:00:01.735+00:00,2026-09-25T00:00:02.009+00:00,21072-30059,dryers,50170071,72000000,2026-09-25 00:00:01,2026-09-24 07:02:46,46,61035.0,-58275.0,,Available,website maps this code to Available
1,3db3f189-8b6b-4b8d-ab3b-85f6d841b782,2026-09-25T00:00:01.735+00:00,2026-09-25T00:00:02.009+00:00,21072-30059,dryers,50170054,52000000,2026-09-25 00:00:01,2026-09-24 19:43:49,1,15372.0,-15312.0,,Available,website fallback: report over 1 hour old
1,21dc5e45-b395-42cc-a585-6a2aebe67857,2026-09-25T00:01:01.268+00:00,2026-09-25T00:01:01.474+00:00,21072-30059,washers,50170051,42000000,2026-09-25 00:01:01,2026-09-24 23:29:58,35,1863.0,237.0,4,Running,
1,21dc5e45-b395-42cc-a585-6a2aebe67857,2026-09-25T00:01:01.268+00:00,2026-09-25T00:01:01.474+00:00,21072-30059,washers,50170080,42000000,2026-09-25 00:01:01,2026-09-24 23:25:17,41,2144.0,316.0,6,Running,
1,21dc5e45-b395-42cc-a585-6a2aebe67857,2026-09-25T00:01:01.268+00:00,2026-09-25T00:01:01.474+00:00,21072-30059,washers,50170075,42000000,2026-09-25 00:01:01,2026-09-24 23:52:12,10,529.0,71.0,2,Running,
1,21dc5e45-b395-42cc-a585-6a2aebe67857,2026-09-25T00:01:01.268+00:00,2026-09-25T00:01:01.474+00:00,21072-30059,washers,50170082,72000000,2026-09-25 00:01:01,2026-09-24 07:02:33,29,61108.0,-59368.0,,Available,website maps this code to Available
1,21dc5e45-b395-42cc-a585-6a2aebe67857,2026-09-25T00:01:01.268+00:00,2026-09-25T00:01:01.474+00:00,21072-30059,washers,50170050,42000000,2026-09-25 00:01:01,2026-09-24 23:21:27,43,2374.0,206.0,4,Running,
1,21dc5e45-b395-42cc-a585-6a2aebe67857,2026-09-25T00:01:01.268+00:00,2026-09-25T00:01:01.474+00:00,21072-30059,washers,50170052,42000000,2026-09-25 00:01:01,2026-09-24 23:53:55,10,426.0,174.0,3,Running,
1,21dc5e45-b395-42cc-a585-6a2aebe67857,2026-09-25T00:01:01.268+00:00,2026-09-25T00:01:01.474+00:00,21072-30059,washers,50170078,72000000,2026-09-25 00:01:01,2026-09-24 23:56:38,29,263.0,1477.0,,Available,website maps this code to Available
1,21dc5e45-b395-42cc-a585-6a2aebe67857,2026-09-25T00:01:01.268+00:00,2026-09-25T00:01:01.474+00:00,21072-30059,washers,50170084,72000000,2026-09-25 00:01:01,2026-09-24 15:48:03,29,29578.0,-27838.0,,Available,website maps this code to Available
1,21dc5e45-b395-42cc-a585-6a2aebe67857,2026-09-25T00:01:01.268+00:00,2026-09-25T00:01:01.474+00:00,21072-30059,washers,50170068,72000000,2026-09-25 00:01:01,2026-09-24 23:56:53,29,248.0,1492.0,,Available,website maps this code to Available
1,21dc5e45-b395-42cc-a585-6a2aebe67857,2026-09-25T00:01:01.268+00:00,2026-09-25T00:01:01.474+00:00,21072-30059,washers,50170072,72000000,2026-09-25 00:01:01,2026-09-24 23:57:52,29,189.0,1551.0,,Available,website maps this code to Available
1,21dc5e45-b395-42cc-a585-6a2aebe67857,2026-09-25T00:01:01.268+00:00,2026-09-25T00:01:01.474+00:00,21072-30059,washers,20483408,72000000,2026-09-25 00:01:01,2024-12-20 00:43:32,0,55639049.0,-55639049.0,,Available,website maps this code to Available
1,21dc5e45-b395-42cc-a585-6a2aebe67857,2026-09-25T00:01:01.268+00:00,2026-09-25T00:01:01.474+00:00,21072-30059,washers,50170055,72000000,2026-09-25 00:01:01,2026-09-24 23:53:15,29,466.0,1274.0,,Available,website maps this code to Available
1,21dc5e45-b395-42cc-a585-6a2aebe67857,2026-09-25T00:01:01.268+00:00,2026-09-25T00:01:01.474+00:00,21072-30059,dryers,50170058,72000000,2026-09-25 00:01:01,2026-09-12 03:29:03,46,1110718.0,-1107958.0,,Available,website maps this code to Available
1,21dc5e45-b395-42cc-a585-6a2aebe67857,2026-09-25T00:01:01.268+00:00,2026-09-25T00:01:01.474+00:00,21072-30059,dryers,50170061,72000000,2026-09-25 00:01:01,2026-09-24 20:07:24,46,14017.0,-11257.0,,Available,website maps this code to Available
1,21dc5e45-b395-42cc-a585-6a2aebe67857,2026-09-25T00:01:01.268+00:00,2026-09-25T00:01:01.474+00:00,21072-30059,dryers,50170081,72000000,2026-09-25 00:01:01,2026-09-24 20:09:15,46,13906.0,-11146.0,,Available,website maps this code to Available
1,21dc5e45-b395-42cc-a585-6a2aebe67857,2026-09-25T00:01:01.268+00:00,2026-09-25T00:01:01.474+00:00,21072-30059,dryers,50170060,72000000,2026-09-25 00:01:01,2026-09-24 07:40:57,46,58804.0,-56044.0,,Available,website maps this code to Available
1,21dc5e45-b395-42cc-a585-6a2aebe67857,2026-09-25T00:01:01.268+00:00,2026-09-25T00:01:01.474+00:00,21072-30059,dryers,50170087,72000000,2026-09-25 00:01:01,2026-09-24 07:02:08,46,61133.0,-58373.0,,Available,website maps this code to Available
1,21dc5e45-b395-42cc-a585-6a2aebe67857,2026-09-25T00:01:01.268+00:00,2026-09-25T00:01:01.474+00:00,21072-30059,dryers,50170064,72000000,2026-09-25 00:01:01,2026-09-24 07:02:42,46,61099.0,-58339.0,,Available,website maps this code to Available
1,21dc5e45-b395-42cc-a585-6a2aebe67857,2026-09-25T00:01:01.268+00:00,2026-09-25T00:01:01.474+00:00,21072-30059,dryers,50170065,42000000,2026-09-25 00:01:01,2026-09-24 23:57:14,45,227.0,2473.0,42,Running,
1,21dc5e45-b395-42cc-a585-6a2aebe67857,2026-09-25T00:01:01.268+00:00,2026-09-25T00:01:01.474+00:00,21072-30059,dryers,50170059,72000000,2026-09-25 00:01:01,2026-09-24 15:47:57,46,29584.0,-26824.0,,Available,website maps this code to Available
1,21dc5e45-b395-42cc-a585-6a2aebe67857,2026-09-25T00:01:01.268+00:00,2026-09-25T00:01:01.474+00:00,21072-30059,dryers,50170057,42000000,2026-09-25 00:01:01,2026-09-24 23:57:46,45,195.0,2505.0,42,Running,
1,21dc5e45-b395-42cc-a585-6a2aebe67857,2026-09-25T00:01:01.268+00:00,2026-09-25T00:01:01.474+00:00,21072-30059,dryers,50170062,42000000,2026-09-25 00:01:01,2026-09-24 23:58:30,45,151.0,2549.0,43,Running,
1,21dc5e45-b395-42cc-a585-6a2aebe67857,2026-09-25T00:01:01.268+00:00,2026-09-25T00:01:01.474+00:00,21072-30059,dryers,50170067,42000000,2026-09-25 00:01:01,2026-09-24 23:55:05,45,356.0,2344.0,40,Running,
1,21dc5e45-b395-42cc-a585-6a2aebe67857,2026-09-25T00:01:01.268+00:00,2026-09-25T00:01:01.474+00:00,21072-30059,dryers,50170074,42000000,2026-09-25 00:01:01,2026-09-24 23:55:11,45,350.0,2350.0,40,Running,
1,21dc5e45-b395-42cc-a585-6a2aebe67857,2026-09-25T00:01:01.268+00:00,2026-09-25T00:01:01.474+00:00,21072-30059,dryers,50170071,72000000,2026-09-25 00:01:01,2026-09-24 07:02:46,46,61095.0,-58335.0,,Available,website maps this code to Available
1,21dc5e45-b395-42cc-a585-6a2aebe67857,2026-09-25T00:01:01.268+00:00,2026-09-25T00:01:01.474+00:00,21072-30059,dryers,50170054,52000000,2026-09-25 00:01:01,2026-09-24 19:43:49,1,15432.0,-15372.0,,Available,website fallback: report over 1 hour old
1,48e000c9-254d-4693-ab05-557d4d732b99,2026-09-25T00:02:01.339+00:00,2026-09-25T00:02:01.525+00:00,21072-30059,washers,50170051,42000000,2026-09-25 00:02:01,2026-09-25 00:01:38,10,23.0,577.0,10,Running,
1,48e000c9-254d-4693-ab05-557d4d732b99,2026-09-25T00:02:01.339+00:00,2026-09-25T00:02:01.525+00:00,21072-30059,washers,50170080,42000000,2026-09-25 00:02:01,2026-09-24 23:25:17,41,2204.0,256.0,5,Running,
1,48e000c9-254d-4693-ab05-557d4d732b99,2026-09-25T00:02:01.339+00:00,2026-09-25T00:02:01.525+00:00,21072-30059,washers,50170075,42000000,2026-09-25 00:02:01,2026-09-24 23:52:12,10,589.0,11.0,1,Running,
1,48e000c9-254d-4693-ab05-557d4d732b99,2026-09-25T00:02:01.339+00:00,2026-09-25T00:02:01.525+00:00,21072-30059,washers,50170082,72000000,2026-09-25 00:02:01,2026-09-24 07:02:33,29,61168.0,-59428.0,,Available,website maps this code to Available
1,48e000c9-254d-4693-ab05-557d4d732b99,2026-09-25T00:02:01.339+00:00,2026-09-25T00:02:01.525+00:00,21072-30059,washers,50170050,42000000,2026-09-25 00:02:01,2026-09-24 23:21:27,43,2434.0,146.0,3,Running,
1,48e000c9-254d-4693-ab05-557d4d732b99,2026-09-25T00:02:01.339+00:00,2026-09-25T00:02:01.525+00:00,21072-30059,washers,50170052,42000000,2026-09-25 00:02:01,2026-09-24 23:53:55,10,486.0,114.0,2,Running,
1,48e000c9-254d-4693-ab05-557d4d732b99,2026-09-25T00:02:01.339+00:00,2026-09-25T00:02:01.525+00:00,21072-30059,washers,50170078,72000000,2026-09-25 00:02:01,2026-09-24 23:56:38,29,323.0,1417.0,,Available,website maps this code to Available
1,48e000c9-254d-4693-ab05-557d4d732b99,2026-09-25T00:02:01.339+00:00,2026-09-25T00:02:01.525+00:00,21072-30059,washers,50170084,72000000,2026-09-25 00:02:01,2026-09-24 15:48:03,29,29638.0,-27898.0,,Available,website maps this code to Available
1,48e000c9-254d-4693-ab05-557d4d732b99,2026-09-25T00:02:01.339+00:00,2026-09-25T00:02:01.525+00:00,21072-30059,washers,50170068,72000000,2026-09-25 00:02:01,2026-09-24 23:56:53,29,308.0,1432.0,,Available,website maps this code to Available
1,48e000c9-254d-4693-ab05-557d4d732b99,2026-09-25T00:02:01.339+00:00,2026-09-25T00:02:01.525+00:00,21072-30059,washers,50170072,72000000,2026-09-25 00:02:01,2026-09-24 23:57:52,29,249.0,1491.0,,Available,website maps this code to Available
1,48e000c9-254d-4693-ab05-557d4d732b99,2026-09-25T00:02:01.339+00:00,2026-09-25T00:02:01.525+00:00,21072-30059,washers,20483408,72000000,2026-09-25 00:02:01,2024-12-20 00:43:32,0,55639109.0,-55639109.0,,Available,website maps this code to Available
1,48e000c9-254d-4693-ab05-557d4d732b99,2026-09-25T00:02:01.339+00:00,2026-09-25T00:02:01.525+00:00,21072-30059,washers,50170055,72000000,2026-09-25 00:02:01,2026-09-24 23:53:15,29,526.0,1214.0,,Available,website maps this code to Available
1,48e000c9-254d-4693-ab05-557d4d732b99,2026-09-25T00:02:01.339+00:00,2026-09-25T00:02:01.525+00:00,21072-30059,dryers,50170058,72000000,2026-09-25 00:02:01,2026-09-12 03:29:03,46,1110778.0,-1108018.0,,Available,website maps this code to Available
1,48e000c9-254d-4693-ab05-557d4d732b99,2026-09-25T00:02:01.339+00:00,2026-09-25T00:02:01.525+00:00,21072-30059,dryers,50170061,72000000,2026-09-25 00:02:01,2026-09-24 20:07:24,46,14077.0,-11317.0,,Available,website maps this code to Available
1,48e000c9-254d-4693-ab05-557d4d732b99,2026-09-25T00:02:01.339+00:00,2026-09-25T00:02:01.525+00:00,21072-30059,dryers,50170081,72000000,2026-09-25 00:02:01,2026-09-24 20:09:15,46,13966.0,-11206.0,,Available,website maps this code to Available
1,48e000c9-254d-4693-ab05-557d4d732b99,2026-09-25T00:02:01.339+00:00,2026-09-25T00:02:01.525+00:00,21072-30059,dryers,50170060,72000000,2026-09-25 00:02:01,2026-09-24 07:40:57,46,58864.0,-56104.0,,Available,website maps this code to Available
1,48e000c9-254d-4693-ab05-557d4d732b99,2026-09-25T00:02:01.339+00:00,2026-09-25T00:02:01.525+00:00,21072-30059,dryers,50170087,72000000,2026-09-25 00:02:01,2026-09-24 07:02:08,46,61193.0,-58433.0,,Available,website maps this code to Available
1,48e000c9-254d-4693-ab05-557d4d732b99,2026-09-25T00:02:01.339+00:00,2026-09-25T00:02:01.525+00:00,21072-30059,dryers,50170064,72000000,2026-09-25 00:02:01,2026-09-24 07:02:42,46,61159.0,-58399.0,,Available,website maps this code to Available
1,48e000c9-254d-4693-ab05-557d4d732b99,2026-09-25T00:02:01.339+00:00,2026-09-25T00:02:01.525+00:00,21072-30059,dryers,50170065,42000000,2026-09-25 00:02:01,2026-09-24 23:57:14,45,287.0,2413.0,41,Running,
1,48e000c9-254d-4693-ab05-557d4d732b99,2026-09-25T00:02:01.339+00:00,2026-09-25T00:02:01.525+00:00,21072-30059,dryers,50170059,72000000,2026-09-25 00:02:01,2026-09-24 15:47:57,46,29644.0,-26884.0,,Available,website maps this code to Available
1,48e000c9-254d-4693-ab05-557d4d732b99,2026-09-25T00:02:01.339+00:00,2026-09-25T00:02:01.525+00:00,21072-30059,dryers,50170057,42000000,2026-09-25 00:02:01,2026-09-24 23:57:46,45,255.0,2445.0,41,Running,
1,48e000c9-254d-4693-ab05-557d4d732b99,2026-09-25T00:02:01.339+00:00,2026-09-25T00:02:01.525+00:00,21072-30059,dryers,50170062,42000000,2026-09-25 00:02:01,2026-09-24 23:58:30,45,211.0,2489.0,42,Running,
1,48e000c9-254d-4693-ab05-557d4d732b99,2026-09-25T00:02:01.339+00:00,2026-09-25T00:02:01.525+00:00,21072-30059,dryers,50170067,42000000,2026-09-25 00:02:01,2026-09-24 23:55:05,45,416.0,2284.0,39,Running,
1,48e000c9-254d-4693-ab05-557d4d732b99,2026-09-25T00:02:01.339+00:00,2026-09-25T00:02:01.525+00:00,21072-30059,dryers,50170074,42000000,2026-09-25 00:02:01,2026-09-24 23:55:11,45,410.0,2290.0,39,Running,
1,48e000c9-254d-4693-ab05-557d4d732b99,2026-09-25T00:02:01.339+00:00,2026-09-25T00:02:01.525+00:00,21072-30059,dryers,50170071,72000000,2026-09-25 00:02:01,2026-09-24 07:02:46,46,61155.0,-58395.0,,Available,website maps this code to Available
1,48e000c9-254d-4693-ab05-557d4d732b99,2026-09-25T00:02:01.339+00:00,2026-09-25T00:02:01.525+00:00,21072-30059,dryers,50170054,52000000,2026-09-25 00:02:01,2026-09-24 19:43:49,1,15492.0,-15432.0,,Available,website fallback: report over 1 hour old
1,28122cd5-686e-432d-bed0-06def967ab48,2026-09-25T00:03:01.285+00:00,2026-09-25T00:03:01.476+00:00,21072-30059,washers,50170051,42000000,2026-09-25 00:03:01,2026-09-25 00:01:38,10,83.0,517.0,9,Running,
1,28122cd5-686e-432d-bed0-06def967ab48,2026-09-25T00:03:01.285+00:00,2026-09-25T00:03:01.476+00:00,21072-30059,washers,50170080,42000000,2026-09-25 00:03:01,2026-09-25 00:02:49,10,12.0,588.0,10,Running,
1,28122cd5-686e-432d-bed0-06def967ab48,2026-09-25T00:03:01.285+00:00,2026-09-25T00:03:01.476+00:00,21072-30059,washers,50170075,42000000,2026-09-25 00:03:01,2026-09-24 23:52:12,10,649.0,-49.0,,Available,website fallback: countdown expired
1,28122cd5-686e-432d-bed0-06def967ab48,2026-09-25T00:03:01.285+00:00,2026-09-25T00:03:01.476+00:00,21072-30059,washers,50170082,72000000,2026-09-25 00:03:01,2026-09-24 07:02:33,29,61228.0,-59488.0,,Available,website maps this code to Available
1,28122cd5-686e-432d-bed0-06def967ab48,2026-09-25T00:03:01.285+00:00,2026-09-25T00:03:01.476+00:00,21072-30059,washers,50170050,42000000,2026-09-25 00:03:01,2026-09-24 23:21:27,43,2494.0,86.0,2,Running,
1,28122cd5-686e-432d-bed0-06def967ab48,2026-09-25T00:03:01.285+00:00,2026-09-25T00:03:01.476+00:00,21072-30059,washers,50170052,42000000,2026-09-25 00:03:01,2026-09-24 23:53:55,10,546.0,54.0,1,Running,
1,28122cd5-686e-432d-bed0-06def967ab48,2026-09-25T00:03:01.285+00:00,2026-09-25T00:03:01.476+00:00,21072-30059,washers,50170078,72000000,2026-09-25 00:03:01,2026-09-24 23:56:38,29,383.0,1357.0,,Available,website maps this code to Available
1,28122cd5-686e-432d-bed0-06def967ab48,2026-09-25T00:03:01.285+00:00,2026-09-25T00:03:01.476+00:00,21072-30059,washers,50170084,72000000,2026-09-25 00:03:01,2026-09-24 15:48:03,29,29698.0,-27958.0,,Available,website maps this code to Available
1,28122cd5-686e-432d-bed0-06def967ab48,2026-09-25T00:03:01.285+00:00,2026-09-25T00:03:01.476+00:00,21072-30059,washers,50170068,72000000,2026-09-25 00:03:01,2026-09-24 23:56:53,29,368.0,1372.0,,Available,website maps this code to Available
1,28122cd5-686e-432d-bed0-06def967ab48,2026-09-25T00:03:01.285+00:00,2026-09-25T00:03:01.476+00:00,21072-30059,washers,50170072,72000000,2026-09-25 00:03:01,2026-09-24 23:57:52,29,309.0,1431.0,,Available,website maps this code to Available
1,28122cd5-686e-432d-bed0-06def967ab48,2026-09-25T00:03:01.285+00:00,2026-09-25T00:03:01.476+00:00,21072-30059,washers,20483408,72000000,2026-09-25 00:03:01,2024-12-20 00:43:32,0,55639169.0,-55639169.0,,Available,website maps this code to Available
1,28122cd5-686e-432d-bed0-06def967ab48,2026-09-25T00:03:01.285+00:00,2026-09-25T00:03:01.476+00:00,21072-30059,washers,50170055,72000000,2026-09-25 00:03:01,2026-09-24 23:53:15,29,586.0,1154.0,,Available,website maps this code to Available
1,28122cd5-686e-432d-bed0-06def967ab48,2026-09-25T00:03:01.285+00:00,2026-09-25T00:03:01.476+00:00,21072-30059,dryers,50170058,72000000,2026-09-25 00:03:01,2026-09-12 03:29:03,46,1110838.0,-1108078.0,,Available,website maps this code to Available
1,28122cd5-686e-432d-bed0-06def967ab48,2026-09-25T00:03:01.285+00:00,2026-09-25T00:03:01.476+00:00,21072-30059,dryers,50170061,72000000,2026-09-25 00:03:01,2026-09-24 20:07:24,46,14137.0,-11377.0,,Available,website maps this code to Available
1,28122cd5-686e-432d-bed0-06def967ab48,2026-09-25T00:03:01.285+00:00,2026-09-25T00:03:01.476+00:00,21072-30059,dryers,50170081,72000000,2026-09-25 00:03:01,2026-09-24 20:09:15,46,14026.0,-11266.0,,Available,website maps this code to Available
1,28122cd5-686e-432d-bed0-06def967ab48,2026-09-25T00:03:01.285+00:00,2026-09-25T00:03:01.476+00:00,21072-30059,dryers,50170060,72000000,2026-09-25 00:03:01,2026-09-24 07:40:57,46,58924.0,-56164.0,,Available,website maps this code to Available
1,28122cd5-686e-432d-bed0-06def967ab48,2026-09-25T00:03:01.285+00:00,2026-09-25T00:03:01.476+00:00,21072-30059,dryers,50170087,72000000,2026-09-25 00:03:01,2026-09-24 07:02:08,46,61253.0,-58493.0,,Available,website maps this code to Available
1,28122cd5-686e-432d-bed0-06def967ab48,2026-09-25T00:03:01.285+00:00,2026-09-25T00:03:01.476+00:00,21072-30059,dryers,50170064,72000000,2026-09-25 00:03:01,2026-09-24 07:02:42,46,61219.0,-58459.0,,Available,website maps this code to Available
1,28122cd5-686e-432d-bed0-06def967ab48,2026-09-25T00:03:01.285+00:00,2026-09-25T00:03:01.476+00:00,21072-30059,dryers,50170065,42000000,2026-09-25 00:03:01,2026-09-24 23:57:14,45,347.0,2353.0,40,Running,
1,28122cd5-686e-432d-bed0-06def967ab48,2026-09-25T00:03:01.285+00:00,2026-09-25T00:03:01.476+00:00,21072-30059,dryers,50170059,72000000,2026-09-25 00:03:01,2026-09-24 15:47:57,46,29704.0,-26944.0,,Available,website maps this code to Available
1,28122cd5-686e-432d-bed0-06def967ab48,2026-09-25T00:03:01.285+00:00,2026-09-25T00:03:01.476+00:00,21072-30059,dryers,50170057,42000000,2026-09-25 00:03:01,2026-09-24 23:57:46,45,315.0,2385.0,40,Running,
1,28122cd5-686e-432d-bed0-06def967ab48,2026-09-25T00:03:01.285+00:00,2026-09-25T00:03:01.476+00:00,21072-30059,dryers,50170062,42000000,2026-09-25 00:03:01,2026-09-24 23:58:30,45,271.0,2429.0,41,Running,
1,28122cd5-686e-432d-bed0-06def967ab48,2026-09-25T00:03:01.285+00:00,2026-09-25T00:03:01.476+00:00,21072-30059,dryers,50170067,42000000,2026-09-25 00:03:01,2026-09-24 23:55:05,45,476.0,2224.0,38,Running,
1,28122cd5-686e-432d-bed0-06def967ab48,2026-09-25T00:03:01.285+00:00,2026-09-25T00:03:01.476+00:00,21072-30059,dryers,50170074,42000000,2026-09-25 00:03:01,2026-09-24 23:55:11,45,470.0,2230.0,38,Running,
1,28122cd5-686e-432d-bed0-06def967ab48,2026-09-25T00:03:01.285+00:00,2026-09-25T00:03:01.476+00:00,21072-30059,dryers,50170071,72000000,2026-09-25 00:03:01,2026-09-24 07:02:46,46,61215.0,-58455.0,,Available,website maps this code to Available
1,28122cd5-686e-432d-bed0-06def967ab48,2026-09-25T00:03:01.285+00:00,2026-09-25T00:03:01.476+00:00,21072-30059,dryers,50170054,52000000,2026-09-25 00:03:01,2026-09-24 19:43:49,1,15552.0,-15492.0,,Available,website fallback: report over 1 hour old
1,6e8a9a57-3260-48de-b982-9f5181d89399,2026-09-25T00:04:01.290+00:00,2026-09-25T00:04:01.481+00:00,21072-30059,washers,50170051,42000000,2026-09-25 00:04:01,2026-09-25 00:01:38,10,143.0,457.0,8,Running,
1,6e8a9a57-3260-48de-b982-9f5181d89399,2026-09-25T00:04:01.290+00:00,2026-09-25T00:04:01.481+00:00,21072-30059,washers,50170080,42000000,2026-09-25 00:04:01,2026-09-25 00:02:49,10,72.0,528.0,9,Running,
1,6e8a9a57-3260-48de-b982-9f5181d89399,2026-09-25T00:04:01.290+00:00,2026-09-25T00:04:01.481+00:00,21072-30059,washers,50170075,52000000,2026-09-25 00:04:01,2026-09-25 00:03:22,29,39.0,1701.0,,Finished,
1,6e8a9a57-3260-48de-b982-9f5181d89399,2026-09-25T00:04:01.290+00:00,2026-09-25T00:04:01.481+00:00,21072-30059,washers,50170082,72000000,2026-09-25 00:04:01,2026-09-24 07:02:33,29,61288.0,-59548.0,,Available,website maps this code to Available
1,6e8a9a57-3260-48de-b982-9f5181d89399,2026-09-25T00:04:01.290+00:00,2026-09-25T00:04:01.481+00:00,21072-30059,washers,50170050,42000000,2026-09-25 00:04:01,2026-09-24 23:21:27,43,2554.0,26.0,1,Running,
1,6e8a9a57-3260-48de-b982-9f5181d89399,2026-09-25T00:04:01.290+00:00,2026-09-25T00:04:01.481+00:00,21072-30059,washers,50170052,42000000,2026-09-25 00:04:01,2026-09-24 23:53:55,10,606.0,-6.0,,Available,website fallback: countdown expired
1,6e8a9a57-3260-48de-b982-9f5181d89399,2026-09-25T00:04:01.290+00:00,2026-09-25T00:04:01.481+00:00,21072-30059,washers,50170078,72000000,2026-09-25 00:04:01,2026-09-24 23:56:38,29,443.0,1297.0,,Available,website maps this code to Available
1,6e8a9a57-3260-48de-b982-9f5181d89399,2026-09-25T00:04:01.290+00:00,2026-09-25T00:04:01.481+00:00,21072-30059,washers,50170084,72000000,2026-09-25 00:04:01,2026-09-24 15:48:03,29,29758.0,-28018.0,,Available,website maps this code to Available
1,6e8a9a57-3260-48de-b982-9f5181d89399,2026-09-25T00:04:01.290+00:00,2026-09-25T00:04:01.481+00:00,21072-30059,washers,50170068,72000000,2026-09-25 00:04:01,2026-09-24 23:56:53,29,428.0,1312.0,,Available,website maps this code to Available
1,6e8a9a57-3260-48de-b982-9f5181d89399,2026-09-25T00:04:01.290+00:00,2026-09-25T00:04:01.481+00:00,21072-30059,washers,50170072,72000000,2026-09-25 00:04:01,2026-09-24 23:57:52,29,369.0,1371.0,,Available,website maps this code to Available
1,6e8a9a57-3260-48de-b982-9f5181d89399,2026-09-25T00:04:01.290+00:00,2026-09-25T00:04:01.481+00:00,21072-30059,washers,20483408,72000000,2026-09-25 00:04:01,2024-12-20 00:43:32,0,55639229.0,-55639229.0,,Available,website maps this code to Available
1,6e8a9a57-3260-48de-b982-9f5181d89399,2026-09-25T00:04:01.290+00:00,2026-09-25T00:04:01.481+00:00,21072-30059,washers,50170055,72000000,2026-09-25 00:04:01,2026-09-24 23:53:15,29,646.0,1094.0,,Available,website maps this code to Available
1,6e8a9a57-3260-48de-b982-9f5181d89399,2026-09-25T00:04:01.290+00:00,2026-09-25T00:04:01.481+00:00,21072-30059,dryers,50170058,72000000,2026-09-25 00:04:01,2026-09-12 03:29:03,46,1110898.0,-1108138.0,,Available,website maps this code to Available
1,6e8a9a57-3260-48de-b982-9f5181d89399,2026-09-25T00:04:01.290+00:00,2026-09-25T00:04:01.481+00:00,21072-30059,dryers,50170061,72000000,2026-09-25 00:04:01,2026-09-24 20:07:24,46,14197.0,-11437.0,,Available,website maps this code to Available
1,6e8a9a57-3260-48de-b982-9f5181d89399,2026-09-25T00:04:01.290+00:00,2026-09-25T00:04:01.481+00:00,21072-30059,dryers,50170081,72000000,2026-09-25 00:04:01,2026-09-24 20:09:15,46,14086.0,-11326.0,,Available,website maps this code to Available
1,6e8a9a57-3260-48de-b982-9f5181d89399,2026-09-25T00:04:01.290+00:00,2026-09-25T00:04:01.481+00:00,21072-30059,dryers,50170060,72000000,2026-09-25 00:04:01,2026-09-24 07:40:57,46,58984.0,-56224.0,,Available,website maps this code to Available
1,6e8a9a57-3260-48de-b982-9f5181d89399,2026-09-25T00:04:01.290+00:00,2026-09-25T00:04:01.481+00:00,21072-30059,dryers,50170087,72000000,2026-09-25 00:04:01,2026-09-24 07:02:08,46,61313.0,-58553.0,,Available,website maps this code to Available
1,6e8a9a57-3260-48de-b982-9f5181d89399,2026-09-25T00:04:01.290+00:00,2026-09-25T00:04:01.481+00:00,21072-30059,dryers,50170064,72000000,2026-09-25 00:04:01,2026-09-24 07:02:42,46,61279.0,-58519.0,,Available,website maps this code to Available
1,6e8a9a57-3260-48de-b982-9f5181d89399,2026-09-25T00:04:01.290+00:00,2026-09-25T00:04:01.481+00:00,21072-30059,dryers,50170065,42000000,2026-09-25 00:04:01,2026-09-24 23:57:14,45,407.0,2293.0,39,Running,
1,6e8a9a57-3260-48de-b982-9f5181d89399,2026-09-25T00:04:01.290+00:00,2026-09-25T00:04:01.481+00:00,21072-30059,dryers,50170059,72000000,2026-09-25 00:04:01,2026-09-24 15:47:57,46,29764.0,-27004.0,,Available,website maps this code to Available
1,6e8a9a57-3260-48de-b982-9f5181d89399,2026-09-25T00:04:01.290+00:00,2026-09-25T00:04:01.481+00:00,21072-30059,dryers,50170057,42000000,2026-09-25 00:04:01,2026-09-24 23:57:46,45,375.0,2325.0,39,Running,
1,6e8a9a57-3260-48de-b982-9f5181d89399,2026-09-25T00:04:01.290+00:00,2026-09-25T00:04:01.481+00:00,21072-30059,dryers,50170062,42000000,2026-09-25 00:04:01,2026-09-24 23:58:30,45,331.0,2369.0,40,Running,
1,6e8a9a57-3260-48de-b982-9f5181d89399,2026-09-25T00:04:01.290+00:00,2026-09-25T00:04:01.481+00:00,21072-30059,dryers,50170067,42000000,2026-09-25 00:04:01,2026-09-24 23:55:05,45,536.0,2164.0,37,Running,
1,6e8a9a57-3260-48de-b982-9f5181d89399,2026-09-25T00:04:01.290+00:00,2026-09-25T00:04:01.481+00:00,21072-30059,dryers,50170074,42000000,2026-09-25 00:04:01,2026-09-24 23:55:11,45,530.0,2170.0,37,Running,
1,6e8a9a57-3260-48de-b982-9f5181d89399,2026-09-25T00:04:01.290+00:00,2026-09-25T00:04:01.481+00:00,21072-30059,dryers,50170071,72000000,2026-09-25 00:04:01,2026-09-24 07:02:46,46,61275.0,-58515.0,,Available,website maps this code to Available
1,6e8a9a57-3260-48de-b982-9f5181d89399,2026-09-25T00:04:01.290+00:00,2026-09-25T00:04:01.481+00:00,21072-30059,dryers,50170054,52000000,2026-09-25 00:04:01,2026-09-24 19:43:49,1,15612.0,-15552.0,,Available,website fallback: report over 1 hour old
1,805b6c14-1f60-45a8-9ae2-346a253f1338,2026-09-25T00:05:01.284+00:00,2026-09-25T00:05:01.476+00:00,21072-30059,washers,50170051,42000000,2026-09-25 00:05:01,2026-09-25 00:01:38,10,203.0,397.0,7,Running,
1,805b6c14-1f60-45a8-9ae2-346a253f1338,2026-09-25T00:05:01.284+00:00,2026-09-25T00:05:01.476+00:00,21072-30059,washers,50170080,42000000,2026-09-25 00:05:01,2026-09-25 00:02:49,10,132.0,468.0,8,Running,
1,805b6c14-1f60-45a8-9ae2-346a253f1338,2026-09-25T00:05:01.284+00:00,2026-09-25T00:05:01.476+00:00,21072-30059,washers,50170075,52000000,2026-09-25 00:05:01,2026-09-25 00:03:22,29,99.0,1641.0,,Finished,
1,805b6c14-1f60-45a8-9ae2-346a253f1338,2026-09-25T00:05:01.284+00:00,2026-09-25T00:05:01.476+00:00,21072-30059,washers,50170082,72000000,2026-09-25 00:05:01,2026-09-24 07:02:33,29,61348.0,-59608.0,,Available,website maps this code to Available
1,805b6c14-1f60-45a8-9ae2-346a253f1338,2026-09-25T00:05:01.284+00:00,2026-09-25T00:05:01.476+00:00,21072-30059,washers,50170050,42000000,2026-09-25 00:05:01,2026-09-24 23:21:27,43,2614.0,-34.0,,Available,website fallback: countdown expired
1,805b6c14-1f60-45a8-9ae2-346a253f1338,2026-09-25T00:05:01.284+00:00,2026-09-25T00:05:01.476+00:00,21072-30059,washers,50170052,A2000000,2026-09-25 00:05:01,2026-09-25 00:04:06,1,55.0,5.0,,Door Unlock Mode,
1,805b6c14-1f60-45a8-9ae2-346a253f1338,2026-09-25T00:05:01.284+00:00,2026-09-25T00:05:01.476+00:00,21072-30059,washers,50170078,72000000,2026-09-25 00:05:01,2026-09-24 23:56:38,29,503.0,1237.0,,Available,website maps this code to Available
1,805b6c14-1f60-45a8-9ae2-346a253f1338,2026-09-25T00:05:01.284+00:00,2026-09-25T00:05:01.476+00:00,21072-30059,washers,50170084,72000000,2026-09-25 00:05:01,2026-09-24 15:48:03,29,29818.0,-28078.0,,Available,website maps this code to Available
1,805b6c14-1f60-45a8-9ae2-346a253f1338,2026-09-25T00:05:01.284+00:00,2026-09-25T00:05:01.476+00:00,21072-30059,washers,50170068,72000000,2026-09-25 00:05:01,2026-09-24 23:56:53,29,488.0,1252.0,,Available,website maps this code to Available
1,805b6c14-1f60-45a8-9ae2-346a253f1338,2026-09-25T00:05:01.284+00:00,2026-09-25T00:05:01.476+00:00,21072-30059,washers,50170072,72000000,2026-09-25 00:05:01,2026-09-24 23:57:52,29,429.0,1311.0,,Available,website maps this code to Available
1,805b6c14-1f60-45a8-9ae2-346a253f1338,2026-09-25T00:05:01.284+00:00,2026-09-25T00:05:01.476+00:00,21072-30059,washers,20483408,72000000,2026-09-25 00:05:01,2024-12-20 00:43:32,0,55639289.0,-55639289.0,,Available,website maps this code to Available
1,805b6c14-1f60-45a8-9ae2-346a253f1338,2026-09-25T00:05:01.284+00:00,2026-09-25T00:05:01.476+00:00,21072-30059,washers,50170055,72000000,2026-09-25 00:05:01,2026-09-24 23:53:15,29,706.0,1034.0,,Available,website maps this code to Available
1,805b6c14-1f60-45a8-9ae2-346a253f1338,2026-09-25T00:05:01.284+00:00,2026-09-25T00:05:01.476+00:00,21072-30059,dryers,50170058,72000000,2026-09-25 00:05:01,2026-09-12 03:29:03,46,1110958.0,-1108198.0,,Available,website maps this code to Available
1,805b6c14-1f60-45a8-9ae2-346a253f1338,2026-09-25T00:05:01.284+00:00,2026-09-25T00:05:01.476+00:00,21072-30059,dryers,50170061,72000000,2026-09-25 00:05:01,2026-09-24 20:07:24,46,14257.0,-11497.0,,Available,website maps this code to Available
1,805b6c14-1f60-45a8-9ae2-346a253f1338,2026-09-25T00:05:01.284+00:00,2026-09-25T00:05:01.476+00:00,21072-30059,dryers,50170081,72000000,2026-09-25 00:05:01,2026-09-24 20:09:15,46,14146.0,-11386.0,,Available,website maps this code to Available
1,805b6c14-1f60-45a8-9ae2-346a253f1338,2026-09-25T00:05:01.284+00:00,2026-09-25T00:05:01.476+00:00,21072-30059,dryers,50170060,72000000,2026-09-25 00:05:01,2026-09-24 07:40:57,46,59044.0,-56284.0,,Available,website maps this code to Available
1,805b6c14-1f60-45a8-9ae2-346a253f1338,2026-09-25T00:05:01.284+00:00,2026-09-25T00:05:01.476+00:00,21072-30059,dryers,50170087,72000000,2026-09-25 00:05:01,2026-09-24 07:02:08,46,61373.0,-58613.0,,Available,website maps this code to Available
1,805b6c14-1f60-45a8-9ae2-346a253f1338,2026-09-25T00:05:01.284+00:00,2026-09-25T00:05:01.476+00:00,21072-30059,dryers,50170064,72000000,2026-09-25 00:05:01,2026-09-24 07:02:42,46,61339.0,-58579.0,,Available,website maps this code to Available
1,805b6c14-1f60-45a8-9ae2-346a253f1338,2026-09-25T00:05:01.284+00:00,2026-09-25T00:05:01.476+00:00,21072-30059,dryers,50170065,42000000,2026-09-25 00:05:01,2026-09-24 23:57:14,45,467.0,2233.0,38,Running,
1,805b6c14-1f60-45a8-9ae2-346a253f1338,2026-09-25T00:05:01.284+00:00,2026-09-25T00:05:01.476+00:00,21072-30059,dryers,50170059,72000000,2026-09-25 00:05:01,2026-09-24 15:47:57,46,29824.0,-27064.0,,Available,website maps this code to Available
1,805b6c14-1f60-45a8-9ae2-346a253f1338,2026-09-25T00:05:01.284+00:00,2026-09-25T00:05:01.476+00:00,21072-30059,dryers,50170057,42000000,2026-09-25 00:05:01,2026-09-24 23:57:46,45,435.0,2265.0,38,Running,
1,805b6c14-1f60-45a8-9ae2-346a253f1338,2026-09-25T00:05:01.284+00:00,2026-09-25T00:05:01.476+00:00,21072-30059,dryers,50170062,42000000,2026-09-25 00:05:01,2026-09-24 23:58:30,45,391.0,2309.0,39,Running,
1,805b6c14-1f60-45a8-9ae2-346a253f1338,2026-09-25T00:05:01.284+00:00,2026-09-25T00:05:01.476+00:00,21072-30059,dryers,50170067,42000000,2026-09-25 00:05:01,2026-09-24 23:55:05,45,596.0,2104.0,36,Running,
1,805b6c14-1f60-45a8-9ae2-346a253f1338,2026-09-25T00:05:01.284+00:00,2026-09-25T00:05:01.476+00:00,21072-30059,dryers,50170074,42000000,2026-09-25 00:05:01,2026-09-24 23:55:11,45,590.0,2110.0,36,Running,
1,805b6c14-1f60-45a8-9ae2-346a253f1338,2026-09-25T00:05:01.284+00:00,2026-09-25T00:05:01.476+00:00,21072-30059,dryers,50170071,72000000,2026-09-25 00:05:01,2026-09-24 07:02:46,46,61335.0,-58575.0,,Available,website maps this code to Available
1,805b6c14-1f60-45a8-9ae2-346a253f1338,2026-09-25T00:05:01.284+00:00,2026-09-25T00:05:01.476+00:00,21072-30059,dryers,50170054,52000000,2026-09-25 00:05:01,2026-09-24 19:43:49,1,15672.0,-15612.0,,Available,website fallback: report over 1 hour old
1,c9f95ff4-2d89-4e7d-aee6-04bfc1a969b0,2026-09-25T00:06:01.284+00:00,2026-09-25T00:06:01.474+00:00,21072-30059,washers,50170051,42000000,2026-09-25 00:06:01,2026-09-25 00:01:38,10,263.0,337.0,6,Running,
1,c9f95ff4-2d89-4e7d-aee6-04bfc1a969b0,2026-09-25T00:06:01.284+00:00,2026-09-25T00:06:01.474+00:00,21072-30059,washers,50170080,42000000,2026-09-25 00:06:01,2026-09-25 00:02:49,10,192.0,408.0,7,Running,
1,c9f95ff4-2d89-4e7d-aee6-04bfc1a969b0,2026-09-25T00:06:01.284+00:00,2026-09-25T00:06:01.474+00:00,21072-30059,washers,50170075,52000000,2026-09-25 00:06:01,2026-09-25 00:03:22,29,159.0,1581.0,,Finished,
1,c9f95ff4-2d89-4e7d-aee6-04bfc1a969b0,2026-09-25T00:06:01.284+00:00,2026-09-25T00:06:01.474+00:00,21072-30059,washers,50170082,72000000,2026-09-25 00:06:01,2026-09-24 07:02:33,29,61408.0,-59668.0,,Available,website maps this code to Available
1,c9f95ff4-2d89-4e7d-aee6-04bfc1a969b0,2026-09-25T00:06:01.284+00:00,2026-09-25T00:06:01.474+00:00,21072-30059,washers,50170050,42000000,2026-09-25 00:06:01,2026-09-24 23:21:27,43,2674.0,-94.0,,Available,website fallback: countdown expired
1,c9f95ff4-2d89-4e7d-aee6-04bfc1a969b0,2026-09-25T00:06:01.284+00:00,2026-09-25T00:06:01.474+00:00,21072-30059,washers,50170052,52000000,2026-09-25 00:06:01,2026-09-25 00:05:08,29,53.0,1687.0,,Finished,
1,c9f95ff4-2d89-4e7d-aee6-04bfc1a969b0,2026-09-25T00:06:01.284+00:00,2026-09-25T00:06:01.474+00:00,21072-30059,washers,50170078,72000000,2026-09-25 00:06:01,2026-09-24 23:56:38,29,563.0,1177.0,,Available,website maps this code to Available
1,c9f95ff4-2d89-4e7d-aee6-04bfc1a969b0,2026-09-25T00:06:01.284+00:00,2026-09-25T00:06:01.474+00:00,21072-30059,washers,50170084,72000000,2026-09-25 00:06:01,2026-09-24 15:48:03,29,29878.0,-28138.0,,Available,website maps this code to Available
1,c9f95ff4-2d89-4e7d-aee6-04bfc1a969b0,2026-09-25T00:06:01.284+00:00,2026-09-25T00:06:01.474+00:00,21072-30059,washers,50170068,72000000,2026-09-25 00:06:01,2026-09-24 23:56:53,29,548.0,1192.0,,Available,website maps this code to Available
1,c9f95ff4-2d89-4e7d-aee6-04bfc1a969b0,2026-09-25T00:06:01.284+00:00,2026-09-25T00:06:01.474+00:00,21072-30059,washers,50170072,72000000,2026-09-25 00:06:01,2026-09-24 23:57:52,29,489.0,1251.0,,Available,website maps this code to Available
1,c9f95ff4-2d89-4e7d-aee6-04bfc1a969b0,2026-09-25T00:06:01.284+00:00,2026-09-25T00:06:01.474+00:00,21072-30059,washers,20483408,72000000,2026-09-25 00:06:01,2024-12-20 00:43:32,0,55639349.0,-55639349.0,,Available,website maps this code to Available
1,c9f95ff4-2d89-4e7d-aee6-04bfc1a969b0,2026-09-25T00:06:01.284+00:00,2026-09-25T00:06:01.474+00:00,21072-30059,washers,50170055,72000000,2026-09-25 00:06:01,2026-09-24 23:53:15,29,766.0,974.0,,Available,website maps this code to Available
1,c9f95ff4-2d89-4e7d-aee6-04bfc1a969b0,2026-09-25T00:06:01.284+00:00,2026-09-25T00:06:01.474+00:00,21072-30059,dryers,50170058,72000000,2026-09-25 00:06:01,2026-09-12 03:29:03,46,1111018.0,-1108258.0,,Available,website maps this code to Available
1,c9f95ff4-2d89-4e7d-aee6-04bfc1a969b0,2026-09-25T00:06:01.284+00:00,2026-09-25T00:06:01.474+00:00,21072-30059,dryers,50170061,72000000,2026-09-25 00:06:01,2026-09-24 20:07:24,46,14317.0,-11557.0,,Available,website maps this code to Available
1,c9f95ff4-2d89-4e7d-aee6-04bfc1a969b0,2026-09-25T00:06:01.284+00:00,2026-09-25T00:06:01.474+00:00,21072-30059,dryers,50170081,72000000,2026-09-25 00:06:01,2026-09-24 20:09:15,46,14206.0,-11446.0,,Available,website maps this code to Available
1,c9f95ff4-2d89-4e7d-aee6-04bfc1a969b0,2026-09-25T00:06:01.284+00:00,2026-09-25T00:06:01.474+00:00,21072-30059,dryers,50170060,72000000,2026-09-25 00:06:01,2026-09-24 07:40:57,46,59104.0,-56344.0,,Available,website maps this code to Available
1,c9f95ff4-2d89-4e7d-aee6-04bfc1a969b0,2026-09-25T00:06:01.284+00:00,2026-09-25T00:06:01.474+00:00,21072-30059,dryers,50170087,72000000,2026-09-25 00:06:01,2026-09-24 07:02:08,46,61433.0,-58673.0,,Available,website maps this code to Available
1,c9f95ff4-2d89-4e7d-aee6-04bfc1a969b0,2026-09-25T00:06:01.284+00:00,2026-09-25T00:06:01.474+00:00,21072-30059,dryers,50170064,72000000,2026-09-25 00:06:01,2026-09-24 07:02:42,46,61399.0,-58639.0,,Available,website maps this code to Available
1,c9f95ff4-2d89-4e7d-aee6-04bfc1a969b0,2026-09-25T00:06:01.284+00:00,2026-09-25T00:06:01.474+00:00,21072-30059,dryers,50170065,42000000,2026-09-25 00:06:01,2026-09-24 23:57:14,45,527.0,2173.0,37,Running,
1,c9f95ff4-2d89-4e7d-aee6-04bfc1a969b0,2026-09-25T00:06:01.284+00:00,2026-09-25T00:06:01.474+00:00,21072-30059,dryers,50170059,72000000,2026-09-25 00:06:01,2026-09-24 15:47:57,46,29884.0,-27124.0,,Available,website maps this code to Available
1,c9f95ff4-2d89-4e7d-aee6-04bfc1a969b0,2026-09-25T00:06:01.284+00:00,2026-09-25T00:06:01.474+00:00,21072-30059,dryers,50170057,42000000,2026-09-25 00:06:01,2026-09-24 23:57:46,45,495.0,2205.0,37,Running,
1,c9f95ff4-2d89-4e7d-aee6-04bfc1a969b0,2026-09-25T00:06:01.284+00:00,2026-09-25T00:06:01.474+00:00,21072-30059,dryers,50170062,42000000,2026-09-25 00:06:01,2026-09-24 23:58:30,45,451.0,2249.0,38,Running,
1,c9f95ff4-2d89-4e7d-aee6-04bfc1a969b0,2026-09-25T00:06:01.284+00:00,2026-09-25T00:06:01.474+00:00,21072-30059,dryers,50170067,42000000,2026-09-25 00:06:01,2026-09-24 23:55:05,45,656.0,2044.0,35,Running,
1,c9f95ff4-2d89-4e7d-aee6-04bfc1a969b0,2026-09-25T00:06:01.284+00:00,2026-09-25T00:06:01.474+00:00,21072-30059,dryers,50170074,42000000,2026-09-25 00:06:01,2026-09-24 23:55:11,45,650.0,2050.0,35,Running,
1,c9f95ff4-2d89-4e7d-aee6-04bfc1a969b0,2026-09-25T00:06:01.284+00:00,2026-09-25T00:06:01.474+00:00,21072-30059,dryers,50170071,72000000,2026-09-25 00:06:01,2026-09-24 07:02:46,46,61395.0,-58635.0,,Available,website maps this code to Available
1,c9f95ff4-2d89-4e7d-aee6-04bfc1a969b0,2026-09-25T00:06:01.284+00:00,2026-09-25T00:06:01.474+00:00,21072-30059,dryers,50170054,52000000,2026-09-25 00:06:01,2026-09-24 19:43:49,1,15732.0,-15672.0,,Available,website fallback: report over 1 hour old
1,e40b05f8-77de-4782-bc69-d193bceff2cf,2026-09-25T00:07:01.508+00:00,2026-09-25T00:07:01.726+00:00,21072-30059,washers,50170051,42000000,2026-09-25 00:07:01,2026-09-25 00:01:38,10,323.0,277.0,5,Running,
1,e40b05f8-77de-4782-bc69-d193bceff2cf,2026-09-25T00:07:01.508+00:00,2026-09-25T00:07:01.726+00:00,21072-30059,washers,50170080,42000000,2026-09-25 00:07:01,2026-09-25 00:02:49,10,252.0,348.0,6,Running,
1,e40b05f8-77de-4782-bc69-d193bceff2cf,2026-09-25T00:07:01.508+00:00,2026-09-25T00:07:01.726+00:00,21072-30059,washers,50170075,52000000,2026-09-25 00:07:01,2026-09-25 00:03:22,29,219.0,1521.0,,Finished,
1,e40b05f8-77de-4782-bc69-d193bceff2cf,2026-09-25T00:07:01.508+00:00,2026-09-25T00:07:01.726+00:00,21072-30059,washers,50170082,72000000,2026-09-25 00:07:01,2026-09-24 07:02:33,29,61468.0,-59728.0,,Available,website maps this code to Available
1,e40b05f8-77de-4782-bc69-d193bceff2cf,2026-09-25T00:07:01.508+00:00,2026-09-25T00:07:01.726+00:00,21072-30059,washers,50170050,42000000,2026-09-25 00:07:01,2026-09-24 23:21:27,43,2734.0,-154.0,,Available,website fallback: countdown expired
1,e40b05f8-77de-4782-bc69-d193bceff2cf,2026-09-25T00:07:01.508+00:00,2026-09-25T00:07:01.726+00:00,21072-30059,washers,50170052,52000000,2026-09-25 00:07:01,2026-09-25 00:05:08,29,113.0,1627.0,,Finished,
1,e40b05f8-77de-4782-bc69-d193bceff2cf,2026-09-25T00:07:01.508+00:00,2026-09-25T00:07:01.726+00:00,21072-30059,washers,50170078,72000000,2026-09-25 00:07:01,2026-09-24 23:56:38,29,623.0,1117.0,,Available,website maps this code to Available
1,e40b05f8-77de-4782-bc69-d193bceff2cf,2026-09-25T00:07:01.508+00:00,2026-09-25T00:07:01.726+00:00,21072-30059,washers,50170084,72000000,2026-09-25 00:07:01,2026-09-24 15:48:03,29,29938.0,-28198.0,,Available,website maps this code to Available
1,e40b05f8-77de-4782-bc69-d193bceff2cf,2026-09-25T00:07:01.508+00:00,2026-09-25T00:07:01.726+00:00,21072-30059,washers,50170068,72000000,2026-09-25 00:07:01,2026-09-24 23:56:53,29,608.0,1132.0,,Available,website maps this code to Available
1,e40b05f8-77de-4782-bc69-d193bceff2cf,2026-09-25T00:07:01.508+00:00,2026-09-25T00:07:01.726+00:00,21072-30059,washers,50170072,72000000,2026-09-25 00:07:01,2026-09-24 23:57:52,29,549.0,1191.0,,Available,website maps this code to Available
1,e40b05f8-77de-4782-bc69-d193bceff2cf,2026-09-25T00:07:01.508+00:00,2026-09-25T00:07:01.726+00:00,21072-30059,washers,20483408,72000000,2026-09-25 00:07:01,2024-12-20 00:43:32,0,55639409.0,-55639409.0,,Available,website maps this code to Available
1,e40b05f8-77de-4782-bc69-d193bceff2cf,2026-09-25T00:07:01.508+00:00,2026-09-25T00:07:01.726+00:00,21072-30059,washers,50170055,72000000,2026-09-25 00:07:01,2026-09-24 23:53:15,29,826.0,914.0,,Available,website maps this code to Available
1,e40b05f8-77de-4782-bc69-d193bceff2cf,2026-09-25T00:07:01.508+00:00,2026-09-25T00:07:01.726+00:00,21072-30059,dryers,50170058,72000000,2026-09-25 00:07:01,2026-09-12 03:29:03,46,1111078.0,-1108318.0,,Available,website maps this code to Available
1,e40b05f8-77de-4782-bc69-d193bceff2cf,2026-09-25T00:07:01.508+00:00,2026-09-25T00:07:01.726+00:00,21072-30059,dryers,50170061,72000000,2026-09-25 00:07:01,2026-09-24 20:07:24,46,14377.0,-11617.0,,Available,website maps this code to Available
1,e40b05f8-77de-4782-bc69-d193bceff2cf,2026-09-25T00:07:01.508+00:00,2026-09-25T00:07:01.726+00:00,21072-30059,dryers,50170081,72000000,2026-09-25 00:07:01,2026-09-24 20:09:15,46,14266.0,-11506.0,,Available,website maps this code to Available
1,e40b05f8-77de-4782-bc69-d193bceff2cf,2026-09-25T00:07:01.508+00:00,2026-09-25T00:07:01.726+00:00,21072-30059,dryers,50170060,72000000,2026-09-25 00:07:01,2026-09-24 07:40:57,46,59164.0,-56404.0,,Available,website maps this code to Available
1,e40b05f8-77de-4782-bc69-d193bceff2cf,2026-09-25T00:07:01.508+00:00,2026-09-25T00:07:01.726+00:00,21072-30059,dryers,50170087,72000000,2026-09-25 00:07:01,2026-09-24 07:02:08,46,61493.0,-58733.0,,Available,website maps this code to Available
1,e40b05f8-77de-4782-bc69-d193bceff2cf,2026-09-25T00:07:01.508+00:00,2026-09-25T00:07:01.726+00:00,21072-30059,dryers,50170064,72000000,2026-09-25 00:07:01,2026-09-24 07:02:42,46,61459.0,-58699.0,,Available,website maps this code to Available
1,e40b05f8-77de-4782-bc69-d193bceff2cf,2026-09-25T00:07:01.508+00:00,2026-09-25T00:07:01.726+00:00,21072-30059,dryers,50170065,42000000,2026-09-25 00:07:01,2026-09-24 23:57:14,45,587.0,2113.0,36,Running,
1,e40b05f8-77de-4782-bc69-d193bceff2cf,2026-09-25T00:07:01.508+00:00,2026-09-25T00:07:01.726+00:00,21072-30059,dryers,50170059,72000000,2026-09-25 00:07:01,2026-09-24 15:47:57,46,29944.0,-27184.0,,Available,website maps this code to Available
1,e40b05f8-77de-4782-bc69-d193bceff2cf,2026-09-25T00:07:01.508+00:00,2026-09-25T00:07:01.726+00:00,21072-30059,dryers,50170057,42000000,2026-09-25 00:07:01,2026-09-24 23:57:46,45,555.0,2145.0,36,Running,
1,e40b05f8-77de-4782-bc69-d193bceff2cf,2026-09-25T00:07:01.508+00:00,2026-09-25T00:07:01.726+00:00,21072-30059,dryers,50170062,42000000,2026-09-25 00:07:01,2026-09-24 23:58:30,45,511.0,2189.0,37,Running,
1,e40b05f8-77de-4782-bc69-d193bceff2cf,2026-09-25T00:07:01.508+00:00,2026-09-25T00:07:01.726+00:00,21072-30059,dryers,50170067,42000000,2026-09-25 00:07:01,2026-09-24 23:55:05,45,716.0,1984.0,34,Running,
1,e40b05f8-77de-4782-bc69-d193bceff2cf,2026-09-25T00:07:01.508+00:00,2026-09-25T00:07:01.726+00:00,21072-30059,dryers,50170074,42000000,2026-09-25 00:07:01,2026-09-24 23:55:11,45,710.0,1990.0,34,Running,
1,e40b05f8-77de-4782-bc69-d193bceff2cf,2026-09-25T00:07:01.508+00:00,2026-09-25T00:07:01.726+00:00,21072-30059,dryers,50170071,72000000,2026-09-25 00:07:01,2026-09-24 07:02:46,46,61455.0,-58695.0,,Available,website maps this code to Available
1,e40b05f8-77de-4782-bc69-d193bceff2cf,2026-09-25T00:07:01.508+00:00,2026-09-25T00:07:01.726+00:00,21072-30059,dryers,50170054,52000000,2026-09-25 00:07:01,2026-09-24 19:43:49,1,15792.0,-15732.0,,Available,website fallback: report over 1 hour old
1,c97af1af-ffbb-4605-918e-4975128caf7a,2026-09-25T00:08:01.294+00:00,2026-09-25T00:08:01.470+00:00,21072-30059,washers,50170051,42000000,2026-09-25 00:08:01,2026-09-25 00:01:38,10,383.0,217.0,4,Running,
1,c97af1af-ffbb-4605-918e-4975128caf7a,2026-09-25T00:08:01.294+00:00,2026-09-25T00:08:01.470+00:00,21072-30059,washers,50170080,42000000,2026-09-25 00:08:01,2026-09-25 00:02:49,10,312.0,288.0,5,Running,
1,c97af1af-ffbb-4605-918e-4975128caf7a,2026-09-25T00:08:01.294+00:00,2026-09-25T00:08:01.470+00:00,21072-30059,washers,50170075,52000000,2026-09-25 00:08:01,2026-09-25 00:03:22,29,279.0,1461.0,,Finished,
1,c97af1af-ffbb-4605-918e-4975128caf7a,2026-09-25T00:08:01.294+00:00,2026-09-25T00:08:01.470+00:00,21072-30059,washers,50170082,72000000,2026-09-25 00:08:01,2026-09-24 07:02:33,29,61528.0,-59788.0,,Available,website maps this code to Available
1,c97af1af-ffbb-4605-918e-4975128caf7a,2026-09-25T00:08:01.294+00:00,2026-09-25T00:08:01.470+00:00,21072-30059,washers,50170050,42000000,2026-09-25 00:08:01,2026-09-24 23:21:27,43,2794.0,-214.0,,Available,website fallback: countdown expired
1,c97af1af-ffbb-4605-918e-4975128caf7a,2026-09-25T00:08:01.294+00:00,2026-09-25T00:08:01.470+00:00,21072-30059,washers,50170052,52000000,2026-09-25 00:08:01,2026-09-25 00:05:08,29,173.0,1567.0,,Finished,
1,c97af1af-ffbb-4605-918e-4975128caf7a,2026-09-25T00:08:01.294+00:00,2026-09-25T00:08:01.470+00:00,21072-30059,washers,50170078,72000000,2026-09-25 00:08:01,2026-09-24 23:56:38,29,683.0,1057.0,,Available,website maps this code to Available
1,c97af1af-ffbb-4605-918e-4975128caf7a,2026-09-25T00:08:01.294+00:00,2026-09-25T00:08:01.470+00:00,21072-30059,washers,50170084,72000000,2026-09-25 00:08:01,2026-09-24 15:48:03,29,29998.0,-28258.0,,Available,website maps this code to Available
1,c97af1af-ffbb-4605-918e-4975128caf7a,2026-09-25T00:08:01.294+00:00,2026-09-25T00:08:01.470+00:00,21072-30059,washers,50170068,72000000,2026-09-25 00:08:01,2026-09-24 23:56:53,29,668.0,1072.0,,Available,website maps this code to Available
1,c97af1af-ffbb-4605-918e-4975128caf7a,2026-09-25T00:08:01.294+00:00,2026-09-25T00:08:01.470+00:00,21072-30059,washers,50170072,72000000,2026-09-25 00:08:01,2026-09-24 23:57:52,29,609.0,1131.0,,Available,website maps this code to Available
1,c97af1af-ffbb-4605-918e-4975128caf7a,2026-09-25T00:08:01.294+00:00,2026-09-25T00:08:01.470+00:00,21072-30059,washers,20483408,72000000,2026-09-25 00:08:01,2024-12-20 00:43:32,0,55639469.0,-55639469.0,,Available,website maps this code to Available
1,c97af1af-ffbb-4605-918e-4975128caf7a,2026-09-25T00:08:01.294+00:00,2026-09-25T00:08:01.470+00:00,21072-30059,washers,50170055,72000000,2026-09-25 00:08:01,2026-09-24 23:53:15,29,886.0,854.0,,Available,website maps this code to Available
1,c97af1af-ffbb-4605-918e-4975128caf7a,2026-09-25T00:08:01.294+00:00,2026-09-25T00:08:01.470+00:00,21072-30059,dryers,50170058,72000000,2026-09-25 00:08:01,2026-09-12 03:29:03,46,1111138.0,-1108378.0,,Available,website maps this code to Available
1,c97af1af-ffbb-4605-918e-4975128caf7a,2026-09-25T00:08:01.294+00:00,2026-09-25T00:08:01.470+00:00,21072-30059,dryers,50170061,72000000,2026-09-25 00:08:01,2026-09-24 20:07:24,46,14437.0,-11677.0,,Available,website maps this code to Available
1,c97af1af-ffbb-4605-918e-4975128caf7a,2026-09-25T00:08:01.294+00:00,2026-09-25T00:08:01.470+00:00,21072-30059,dryers,50170081,72000000,2026-09-25 00:08:01,2026-09-24 20:09:15,46,14326.0,-11566.0,,Available,website maps this code to Available
1,c97af1af-ffbb-4605-918e-4975128caf7a,2026-09-25T00:08:01.294+00:00,2026-09-25T00:08:01.470+00:00,21072-30059,dryers,50170060,72000000,2026-09-25 00:08:01,2026-09-24 07:40:57,46,59224.0,-56464.0,,Available,website maps this code to Available
1,c97af1af-ffbb-4605-918e-4975128caf7a,2026-09-25T00:08:01.294+00:00,2026-09-25T00:08:01.470+00:00,21072-30059,dryers,50170087,72000000,2026-09-25 00:08:01,2026-09-24 07:02:08,46,61553.0,-58793.0,,Available,website maps this code to Available
1,c97af1af-ffbb-4605-918e-4975128caf7a,2026-09-25T00:08:01.294+00:00,2026-09-25T00:08:01.470+00:00,21072-30059,dryers,50170064,72000000,2026-09-25 00:08:01,2026-09-24 07:02:42,46,61519.0,-58759.0,,Available,website maps this code to Available
1,c97af1af-ffbb-4605-918e-4975128caf7a,2026-09-25T00:08:01.294+00:00,2026-09-25T00:08:01.470+00:00,21072-30059,dryers,50170065,42000000,2026-09-25 00:08:01,2026-09-24 23:57:14,45,647.0,2053.0,35,Running,
1,c97af1af-ffbb-4605-918e-4975128caf7a,2026-09-25T00:08:01.294+00:00,2026-09-25T00:08:01.470+00:00,21072-30059,dryers,50170059,72000000,2026-09-25 00:08:01,2026-09-24 15:47:57,46,30004.0,-27244.0,,Available,website maps this code to Available
1,c97af1af-ffbb-4605-918e-4975128caf7a,2026-09-25T00:08:01.294+00:00,2026-09-25T00:08:01.470+00:00,21072-30059,dryers,50170057,42000000,2026-09-25 00:08:01,2026-09-24 23:57:46,45,615.0,2085.0,35,Running,
1,c97af1af-ffbb-4605-918e-4975128caf7a,2026-09-25T00:08:01.294+00:00,2026-09-25T00:08:01.470+00:00,21072-30059,dryers,50170062,42000000,2026-09-25 00:08:01,2026-09-24 23:58:30,45,571.0,2129.0,36,Running,
1,c97af1af-ffbb-4605-918e-4975128caf7a,2026-09-25T00:08:01.294+00:00,2026-09-25T00:08:01.470+00:00,21072-30059,dryers,50170067,42000000,2026-09-25 00:08:01,2026-09-24 23:55:05,45,776.0,1924.0,33,Running,
1,c97af1af-ffbb-4605-918e-4975128caf7a,2026-09-25T00:08:01.294+00:00,2026-09-25T00:08:01.470+00:00,21072-30059,dryers,50170074,42000000,2026-09-25 00:08:01,2026-09-24 23:55:11,45,770.0,1930.0,33,Running,
1,c97af1af-ffbb-4605-918e-4975128caf7a,2026-09-25T00:08:01.294+00:00,2026-09-25T00:08:01.470+00:00,21072-30059,dryers,50170071,72000000,2026-09-25 00:08:01,2026-09-24 07:02:46,46,61515.0,-58755.0,,Available,website maps this code to Available
1,c97af1af-ffbb-4605-918e-4975128caf7a,2026-09-25T00:08:01.294+00:00,2026-09-25T00:08:01.470+00:00,21072-30059,dryers,50170054,52000000,2026-09-25 00:08:01,2026-09-24 19:43:49,1,15852.0,-15792.0,,Available,website fallback: report over 1 hour old
1,6bf33dd8-1b32-4548-99e6-b63033dc152f,2026-09-25T00:09:00.835+00:00,2026-09-25T00:09:01.010+00:00,21072-30059,washers,50170051,42000000,2026-09-25 00:09:00,2026-09-25 00:01:38,10,442.0,158.0,3,Running,
1,6bf33dd8-1b32-4548-99e6-b63033dc152f,2026-09-25T00:09:00.835+00:00,2026-09-25T00:09:01.010+00:00,21072-30059,washers,50170080,42000000,2026-09-25 00:09:00,2026-09-25 00:02:49,10,371.0,229.0,4,Running,
1,6bf33dd8-1b32-4548-99e6-b63033dc152f,2026-09-25T00:09:00.835+00:00,2026-09-25T00:09:01.010+00:00,21072-30059,washers,50170075,52000000,2026-09-25 00:09:00,2026-09-25 00:03:22,29,338.0,1402.0,,Finished,
1,6bf33dd8-1b32-4548-99e6-b63033dc152f,2026-09-25T00:09:00.835+00:00,2026-09-25T00:09:01.010+00:00,21072-30059,washers,50170082,72000000,2026-09-25 00:09:00,2026-09-24 07:02:33,29,61587.0,-59847.0,,Available,website maps this code to Available
1,6bf33dd8-1b32-4548-99e6-b63033dc152f,2026-09-25T00:09:00.835+00:00,2026-09-25T00:09:01.010+00:00,21072-30059,washers,50170050,42000000,2026-09-25 00:09:00,2026-09-25 00:08:06,10,54.0,546.0,10,Running,
1,6bf33dd8-1b32-4548-99e6-b63033dc152f,2026-09-25T00:09:00.835+00:00,2026-09-25T00:09:01.010+00:00,21072-30059,washers,50170052,52000000,2026-09-25 00:09:00,2026-09-25 00:05:08,29,232.0,1508.0,,Finished,
1,6bf33dd8-1b32-4548-99e6-b63033dc152f,2026-09-25T00:09:00.835+00:00,2026-09-25T00:09:01.010+00:00,21072-30059,washers,50170078,72000000,2026-09-25 00:09:00,2026-09-24 23:56:38,29,742.0,998.0,,Available,website maps this code to Available
1,6bf33dd8-1b32-4548-99e6-b63033dc152f,2026-09-25T00:09:00.835+00:00,2026-09-25T00:09:01.010+00:00,21072-30059,washers,50170084,72000000,2026-09-25 00:09:00,2026-09-24 15:48:03,29,30057.0,-28317.0,,Available,website maps this code to Available
1,6bf33dd8-1b32-4548-99e6-b63033dc152f,2026-09-25T00:09:00.835+00:00,2026-09-25T00:09:01.010+00:00,21072-30059,washers,50170068,72000000,2026-09-25 00:09:00,2026-09-24 23:56:53,29,727.0,1013.0,,Available,website maps this code to Available
1,6bf33dd8-1b32-4548-99e6-b63033dc152f,2026-09-25T00:09:00.835+00:00,2026-09-25T00:09:01.010+00:00,21072-30059,washers,50170072,72000000,2026-09-25 00:09:00,2026-09-24 23:57:52,29,668.0,1072.0,,Available,website maps this code to Available
1,6bf33dd8-1b32-4548-99e6-b63033dc152f,2026-09-25T00:09:00.835+00:00,2026-09-25T00:09:01.010+00:00,21072-30059,washers,20483408,72000000,2026-09-25 00:09:00,2024-12-20 00:43:32,0,55639528.0,-55639528.0,,Available,website maps this code to Available
1,6bf33dd8-1b32-4548-99e6-b63033dc152f,2026-09-25T00:09:00.835+00:00,2026-09-25T00:09:01.010+00:00,21072-30059,washers,50170055,72000000,2026-09-25 00:09:00,2026-09-24 23:53:15,29,945.0,795.0,,Available,website maps this code to Available
1,6bf33dd8-1b32-4548-99e6-b63033dc152f,2026-09-25T00:09:00.835+00:00,2026-09-25T00:09:01.010+00:00,21072-30059,dryers,50170058,72000000,2026-09-25 00:09:00,2026-09-12 03:29:03,46,1111197.0,-1108437.0,,Available,website maps this code to Available
1,6bf33dd8-1b32-4548-99e6-b63033dc152f,2026-09-25T00:09:00.835+00:00,2026-09-25T00:09:01.010+00:00,21072-30059,dryers,50170061,72000000,2026-09-25 00:09:00,2026-09-24 20:07:24,46,14496.0,-11736.0,,Available,website maps this code to Available
1,6bf33dd8-1b32-4548-99e6-b63033dc152f,2026-09-25T00:09:00.835+00:00,2026-09-25T00:09:01.010+00:00,21072-30059,dryers,50170081,72000000,2026-09-25 00:09:00,2026-09-24 20:09:15,46,14385.0,-11625.0,,Available,website maps this code to Available
1,6bf33dd8-1b32-4548-99e6-b63033dc152f,2026-09-25T00:09:00.835+00:00,2026-09-25T00:09:01.010+00:00,21072-30059,dryers,50170060,72000000,2026-09-25 00:09:00,2026-09-24 07:40:57,46,59283.0,-56523.0,,Available,website maps this code to Available
1,6bf33dd8-1b32-4548-99e6-b63033dc152f,2026-09-25T00:09:00.835+00:00,2026-09-25T00:09:01.010+00:00,21072-30059,dryers,50170087,72000000,2026-09-25 00:09:00,2026-09-24 07:02:08,46,61612.0,-58852.0,,Available,website maps this code to Available
1,6bf33dd8-1b32-4548-99e6-b63033dc152f,2026-09-25T00:09:00.835+00:00,2026-09-25T00:09:01.010+00:00,21072-30059,dryers,50170064,72000000,2026-09-25 00:09:00,2026-09-24 07:02:42,46,61578.0,-58818.0,,Available,website maps this code to Available
1,6bf33dd8-1b32-4548-99e6-b63033dc152f,2026-09-25T00:09:00.835+00:00,2026-09-25T00:09:01.010+00:00,21072-30059,dryers,50170065,42000000,2026-09-25 00:09:00,2026-09-24 23:57:14,45,706.0,1994.0,34,Running,
1,6bf33dd8-1b32-4548-99e6-b63033dc152f,2026-09-25T00:09:00.835+00:00,2026-09-25T00:09:01.010+00:00,21072-30059,dryers,50170059,72000000,2026-09-25 00:09:00,2026-09-24 15:47:57,46,30063.0,-27303.0,,Available,website maps this code to Available
1,6bf33dd8-1b32-4548-99e6-b63033dc152f,2026-09-25T00:09:00.835+00:00,2026-09-25T00:09:01.010+00:00,21072-30059,dryers,50170057,42000000,2026-09-25 00:09:00,2026-09-24 23:57:46,45,674.0,2026.0,34,Running,
1,6bf33dd8-1b32-4548-99e6-b63033dc152f,2026-09-25T00:09:00.835+00:00,2026-09-25T00:09:01.010+00:00,21072-30059,dryers,50170062,42000000,2026-09-25 00:09:00,2026-09-24 23:58:30,45,630.0,2070.0,35,Running,
1,6bf33dd8-1b32-4548-99e6-b63033dc152f,2026-09-25T00:09:00.835+00:00,2026-09-25T00:09:01.010+00:00,21072-30059,dryers,50170067,42000000,2026-09-25 00:09:00,2026-09-24 23:55:05,45,835.0,1865.0,32,Running,
1,6bf33dd8-1b32-4548-99e6-b63033dc152f,2026-09-25T00:09:00.835+00:00,2026-09-25T00:09:01.010+00:00,21072-30059,dryers,50170074,42000000,2026-09-25 00:09:00,2026-09-24 23:55:11,45,829.0,1871.0,32,Running,
1,6bf33dd8-1b32-4548-99e6-b63033dc152f,2026-09-25T00:09:00.835+00:00,2026-09-25T00:09:01.010+00:00,21072-30059,dryers,50170071,72000000,2026-09-25 00:09:00,2026-09-24 07:02:46,46,61574.0,-58814.0,,Available,website maps this code to Available
1,6bf33dd8-1b32-4548-99e6-b63033dc152f,2026-09-25T00:09:00.835+00:00,2026-09-25T00:09:01.010+00:00,21072-30059,dryers,50170054,52000000,2026-09-25 00:09:00,2026-09-24 19:43:49,1,15911.0,-15851.0,,Available,website fallback: report over 1 hour old
1,36e07e67-8aca-45d8-aed6-531dc0480498,2026-09-25T00:10:01.428+00:00,2026-09-25T00:10:01.611+00:00,21072-30059,washers,50170051,42000000,2026-09-25 00:10:01,2026-09-25 00:01:38,10,503.0,97.0,2,Running,
1,36e07e67-8aca-45d8-aed6-531dc0480498,2026-09-25T00:10:01.428+00:00,2026-09-25T00:10:01.611+00:00,21072-30059,washers,50170080,42000000,2026-09-25 00:10:01,2026-09-25 00:02:49,10,432.0,168.0,3,Running,
1,36e07e67-8aca-45d8-aed6-531dc0480498,2026-09-25T00:10:01.428+00:00,2026-09-25T00:10:01.611+00:00,21072-30059,washers,50170075,52000000,2026-09-25 00:10:01,2026-09-25 00:03:22,29,399.0,1341.0,,Finished,
1,36e07e67-8aca-45d8-aed6-531dc0480498,2026-09-25T00:10:01.428+00:00,2026-09-25T00:10:01.611+00:00,21072-30059,washers,50170082,72000000,2026-09-25 00:10:01,2026-09-24 07:02:33,29,61648.0,-59908.0,,Available,website maps this code to Available
1,36e07e67-8aca-45d8-aed6-531dc0480498,2026-09-25T00:10:01.428+00:00,2026-09-25T00:10:01.611+00:00,21072-30059,washers,50170050,42000000,2026-09-25 00:10:01,2026-09-25 00:08:06,10,115.0,485.0,9,Running,
1,36e07e67-8aca-45d8-aed6-531dc0480498,2026-09-25T00:10:01.428+00:00,2026-09-25T00:10:01.611+00:00,21072-30059,washers,50170052,52000000,2026-09-25 00:10:01,2026-09-25 00:05:08,29,293.0,1447.0,,Finished,
1,36e07e67-8aca-45d8-aed6-531dc0480498,2026-09-25T00:10:01.428+00:00,2026-09-25T00:10:01.611+00:00,21072-30059,washers,50170078,72000000,2026-09-25 00:10:01,2026-09-24 23:56:38,29,803.0,937.0,,Available,website maps this code to Available
1,36e07e67-8aca-45d8-aed6-531dc0480498,2026-09-25T00:10:01.428+00:00,2026-09-25T00:10:01.611+00:00,21072-30059,washers,50170084,72000000,2026-09-25 00:10:01,2026-09-24 15:48:03,29,30118.0,-28378.0,,Available,website maps this code to Available
1,36e07e67-8aca-45d8-aed6-531dc0480498,2026-09-25T00:10:01.428+00:00,2026-09-25T00:10:01.611+00:00,21072-30059,washers,50170068,72000000,2026-09-25 00:10:01,2026-09-24 23:56:53,29,788.0,952.0,,Available,website maps this code to Available
1,36e07e67-8aca-45d8-aed6-531dc0480498,2026-09-25T00:10:01.428+00:00,2026-09-25T00:10:01.611+00:00,21072-30059,washers,50170072,72000000,2026-09-25 00:10:01,2026-09-24 23:57:52,29,729.0,1011.0,,Available,website maps this code to Available
1,36e07e67-8aca-45d8-aed6-531dc0480498,2026-09-25T00:10:01.428+00:00,2026-09-25T00:10:01.611+00:00,21072-30059,washers,20483408,72000000,2026-09-25 00:10:01,2024-12-20 00:43:32,0,55639589.0,-55639589.0,,Available,website maps this code to Available
1,36e07e67-8aca-45d8-aed6-531dc0480498,2026-09-25T00:10:01.428+00:00,2026-09-25T00:10:01.611+00:00,21072-30059,washers,50170055,72000000,2026-09-25 00:10:01,2026-09-24 23:53:15,29,1006.0,734.0,,Available,website maps this code to Available
1,36e07e67-8aca-45d8-aed6-531dc0480498,2026-09-25T00:10:01.428+00:00,2026-09-25T00:10:01.611+00:00,21072-30059,dryers,50170058,72000000,2026-09-25 00:10:01,2026-09-12 03:29:03,46,1111258.0,-1108498.0,,Available,website maps this code to Available
1,36e07e67-8aca-45d8-aed6-531dc0480498,2026-09-25T00:10:01.428+00:00,2026-09-25T00:10:01.611+00:00,21072-30059,dryers,50170061,72000000,2026-09-25 00:10:01,2026-09-24 20:07:24,46,14557.0,-11797.0,,Available,website maps this code to Available
1,36e07e67-8aca-45d8-aed6-531dc0480498,2026-09-25T00:10:01.428+00:00,2026-09-25T00:10:01.611+00:00,21072-30059,dryers,50170081,72000000,2026-09-25 00:10:01,2026-09-24 20:09:15,46,14446.0,-11686.0,,Available,website maps this code to Available
1,36e07e67-8aca-45d8-aed6-531dc0480498,2026-09-25T00:10:01.428+00:00,2026-09-25T00:10:01.611+00:00,21072-30059,dryers,50170060,72000000,2026-09-25 00:10:01,2026-09-24 07:40:57,46,59344.0,-56584.0,,Available,website maps this code to Available
1,36e07e67-8aca-45d8-aed6-531dc0480498,2026-09-25T00:10:01.428+00:00,2026-09-25T00:10:01.611+00:00,21072-30059,dryers,50170087,72000000,2026-09-25 00:10:01,2026-09-24 07:02:08,46,61673.0,-58913.0,,Available,website maps this code to Available
1,36e07e67-8aca-45d8-aed6-531dc0480498,2026-09-25T00:10:01.428+00:00,2026-09-25T00:10:01.611+00:00,21072-30059,dryers,50170064,72000000,2026-09-25 00:10:01,2026-09-24 07:02:42,46,61639.0,-58879.0,,Available,website maps this code to Available
1,36e07e67-8aca-45d8-aed6-531dc0480498,2026-09-25T00:10:01.428+00:00,2026-09-25T00:10:01.611+00:00,21072-30059,dryers,50170065,42000000,2026-09-25 00:10:01,2026-09-24 23:57:14,45,767.0,1933.0,33,Running,
1,36e07e67-8aca-45d8-aed6-531dc0480498,2026-09-25T00:10:01.428+00:00,2026-09-25T00:10:01.611+00:00,21072-30059,dryers,50170059,72000000,2026-09-25 00:10:01,2026-09-24 15:47:57,46,30124.0,-27364.0,,Available,website maps this code to Available
1,36e07e67-8aca-45d8-aed6-531dc0480498,2026-09-25T00:10:01.428+00:00,2026-09-25T00:10:01.611+00:00,21072-30059,dryers,50170057,42000000,2026-09-25 00:10:01,2026-09-24 23:57:46,45,735.0,1965.0,33,Running,
1,36e07e67-8aca-45d8-aed6-531dc0480498,2026-09-25T00:10:01.428+00:00,2026-09-25T00:10:01.611+00:00,21072-30059,dryers,50170062,42000000,2026-09-25 00:10:01,2026-09-24 23:58:30,45,691.0,2009.0,34,Running,
1,36e07e67-8aca-45d8-aed6-531dc0480498,2026-09-25T00:10:01.428+00:00,2026-09-25T00:10:01.611+00:00,21072-30059,dryers,50170067,42000000,2026-09-25 00:10:01,2026-09-24 23:55:05,45,896.0,1804.0,31,Running,
1,36e07e67-8aca-45d8-aed6-531dc0480498,2026-09-25T00:10:01.428+00:00,2026-09-25T00:10:01.611+00:00,21072-30059,dryers,50170074,42000000,2026-09-25 00:10:01,2026-09-24 23:55:11,45,890.0,1810.0,31,Running,
1,36e07e67-8aca-45d8-aed6-531dc0480498,2026-09-25T00:10:01.428+00:00,2026-09-25T00:10:01.611+00:00,21072-30059,dryers,50170071,72000000,2026-09-25 00:10:01,2026-09-24 07:02:46,46,61635.0,-58875.0,,Available,website maps this code to Available
1,36e07e67-8aca-45d8-aed6-531dc0480498,2026-09-25T00:10:01.428+00:00,2026-09-25T00:10:01.611+00:00,21072-30059,dryers,50170054,52000000,2026-09-25 00:10:01,2026-09-24 19:43:49,1,15972.0,-15912.0,,Available,website fallback: report over 1 hour old
1,dff3eb09-3b89-47b5-8970-40e607c6e6e9,2026-09-25T00:11:01.283+00:00,2026-09-25T00:11:01.488+00:00,21072-30059,washers,50170051,42000000,2026-09-25 00:11:01,2026-09-25 00:01:38,10,563.0,37.0,1,Running,
1,dff3eb09-3b89-47b5-8970-40e607c6e6e9,2026-09-25T00:11:01.283+00:00,2026-09-25T00:11:01.488+00:00,21072-30059,washers,50170080,42000000,2026-09-25 00:11:01,2026-09-25 00:02:49,10,492.0,108.0,2,Running,
1,dff3eb09-3b89-47b5-8970-40e607c6e6e9,2026-09-25T00:11:01.283+00:00,2026-09-25T00:11:01.488+00:00,21072-30059,washers,50170075,52000000,2026-09-25 00:11:01,2026-09-25 00:03:22,29,459.0,1281.0,,Finished,
1,dff3eb09-3b89-47b5-8970-40e607c6e6e9,2026-09-25T00:11:01.283+00:00,2026-09-25T00:11:01.488+00:00,21072-30059,washers,50170082,72000000,2026-09-25 00:11:01,2026-09-24 07:02:33,29,61708.0,-59968.0,,Available,website maps this code to Available
1,dff3eb09-3b89-47b5-8970-40e607c6e6e9,2026-09-25T00:11:01.283+00:00,2026-09-25T00:11:01.488+00:00,21072-30059,washers,50170050,42000000,2026-09-25 00:11:01,2026-09-25 00:08:06,10,175.0,425.0,8,Running,
1,dff3eb09-3b89-47b5-8970-40e607c6e6e9,2026-09-25T00:11:01.283+00:00,2026-09-25T00:11:01.488+00:00,21072-30059,washers,50170052,52000000,2026-09-25 00:11:01,2026-09-25 00:05:08,29,353.0,1387.0,,Finished,
1,dff3eb09-3b89-47b5-8970-40e607c6e6e9,2026-09-25T00:11:01.283+00:00,2026-09-25T00:11:01.488+00:00,21072-30059,washers,50170078,72000000,2026-09-25 00:11:01,2026-09-24 23:56:38,29,863.0,877.0,,Available,website maps this code to Available
1,dff3eb09-3b89-47b5-8970-40e607c6e6e9,2026-09-25T00:11:01.283+00:00,2026-09-25T00:11:01.488+00:00,21072-30059,washers,50170084,72000000,2026-09-25 00:11:01,2026-09-24 15:48:03,29,30178.0,-28438.0,,Available,website maps this code to Available
1,dff3eb09-3b89-47b5-8970-40e607c6e6e9,2026-09-25T00:11:01.283+00:00,2026-09-25T00:11:01.488+00:00,21072-30059,washers,50170068,72000000,2026-09-25 00:11:01,2026-09-24 23:56:53,29,848.0,892.0,,Available,website maps this code to Available
1,dff3eb09-3b89-47b5-8970-40e607c6e6e9,2026-09-25T00:11:01.283+00:00,2026-09-25T00:11:01.488+00:00,21072-30059,washers,50170072,72000000,2026-09-25 00:11:01,2026-09-24 23:57:52,29,789.0,951.0,,Available,website maps this code to Available
1,dff3eb09-3b89-47b5-8970-40e607c6e6e9,2026-09-25T00:11:01.283+00:00,2026-09-25T00:11:01.488+00:00,21072-30059,washers,20483408,72000000,2026-09-25 00:11:01,2024-12-20 00:43:32,0,55639649.0,-55639649.0,,Available,website maps this code to Available
1,dff3eb09-3b89-47b5-8970-40e607c6e6e9,2026-09-25T00:11:01.283+00:00,2026-09-25T00:11:01.488+00:00,21072-30059,washers,50170055,72000000,2026-09-25 00:11:01,2026-09-24 23:53:15,29,1066.0,674.0,,Available,website maps this code to Available
1,dff3eb09-3b89-47b5-8970-40e607c6e6e9,2026-09-25T00:11:01.283+00:00,2026-09-25T00:11:01.488+00:00,21072-30059,dryers,50170058,72000000,2026-09-25 00:11:01,2026-09-12 03:29:03,46,1111318.0,-1108558.0,,Available,website maps this code to Available
1,dff3eb09-3b89-47b5-8970-40e607c6e6e9,2026-09-25T00:11:01.283+00:00,2026-09-25T00:11:01.488+00:00,21072-30059,dryers,50170061,72000000,2026-09-25 00:11:01,2026-09-24 20:07:24,46,14617.0,-11857.0,,Available,website maps this code to Available
1,dff3eb09-3b89-47b5-8970-40e607c6e6e9,2026-09-25T00:11:01.283+00:00,2026-09-25T00:11:01.488+00:00,21072-30059,dryers,50170081,72000000,2026-09-25 00:11:01,2026-09-24 20:09:15,46,14506.0,-11746.0,,Available,website maps this code to Available
1,dff3eb09-3b89-47b5-8970-40e607c6e6e9,2026-09-25T00:11:01.283+00:00,2026-09-25T00:11:01.488+00:00,21072-30059,dryers,50170060,72000000,2026-09-25 00:11:01,2026-09-24 07:40:57,46,59404.0,-56644.0,,Available,website maps this code to Available
1,dff3eb09-3b89-47b5-8970-40e607c6e6e9,2026-09-25T00:11:01.283+00:00,2026-09-25T00:11:01.488+00:00,21072-30059,dryers,50170087,72000000,2026-09-25 00:11:01,2026-09-24 07:02:08,46,61733.0,-58973.0,,Available,website maps this code to Available
1,dff3eb09-3b89-47b5-8970-40e607c6e6e9,2026-09-25T00:11:01.283+00:00,2026-09-25T00:11:01.488+00:00,21072-30059,dryers,50170064,72000000,2026-09-25 00:11:01,2026-09-24 07:02:42,46,61699.0,-58939.0,,Available,website maps this code to Available
1,dff3eb09-3b89-47b5-8970-40e607c6e6e9,2026-09-25T00:11:01.283+00:00,2026-09-25T00:11:01.488+00:00,21072-30059,dryers,50170065,42000000,2026-09-25 00:11:01,2026-09-24 23:57:14,45,827.0,1873.0,32,Running,
1,dff3eb09-3b89-47b5-8970-40e607c6e6e9,2026-09-25T00:11:01.283+00:00,2026-09-25T00:11:01.488+00:00,21072-30059,dryers,50170059,72000000,2026-09-25 00:11:01,2026-09-24 15:47:57,46,30184.0,-27424.0,,Available,website maps this code to Available
1,dff3eb09-3b89-47b5-8970-40e607c6e6e9,2026-09-25T00:11:01.283+00:00,2026-09-25T00:11:01.488+00:00,21072-30059,dryers,50170057,42000000,2026-09-25 00:11:01,2026-09-24 23:57:46,45,795.0,1905.0,32,Running,
1,dff3eb09-3b89-47b5-8970-40e607c6e6e9,2026-09-25T00:11:01.283+00:00,2026-09-25T00:11:01.488+00:00,21072-30059,dryers,50170062,42000000,2026-09-25 00:11:01,2026-09-24 23:58:30,45,751.0,1949.0,33,Running,
1,dff3eb09-3b89-47b5-8970-40e607c6e6e9,2026-09-25T00:11:01.283+00:00,2026-09-25T00:11:01.488+00:00,21072-30059,dryers,50170067,42000000,2026-09-25 00:11:01,2026-09-24 23:55:05,45,956.0,1744.0,30,Running,
1,dff3eb09-3b89-47b5-8970-40e607c6e6e9,2026-09-25T00:11:01.283+00:00,2026-09-25T00:11:01.488+00:00,21072-30059,dryers,50170074,42000000,2026-09-25 00:11:01,2026-09-24 23:55:11,45,950.0,1750.0,30,Running,
1,dff3eb09-3b89-47b5-8970-40e607c6e6e9,2026-09-25T00:11:01.283+00:00,2026-09-25T00:11:01.488+00:00,21072-30059,dryers,50170071,72000000,2026-09-25 00:11:01,2026-09-24 07:02:46,46,61695.0,-58935.0,,Available,website maps this code to Available
1,dff3eb09-3b89-47b5-8970-40e607c6e6e9,2026-09-25T00:11:01.283+00:00,2026-09-25T00:11:01.488+00:00,21072-30059,dryers,50170054,52000000,2026-09-25 00:11:01,2026-09-24 19:43:49,1,16032.0,-15972.0,,Available,website fallback: report over 1 hour old
1,72b4d6fd-de79-492f-9734-e9abe53b3c94,2026-09-25T00:12:01.280+00:00,2026-09-25T00:12:01.524+00:00,21072-30059,washers,50170051,42000000,2026-09-25 00:12:01,2026-09-25 00:01:38,10,623.0,-23.0,,Available,website fallback: countdown expired
1,72b4d6fd-de79-492f-9734-e9abe53b3c94,2026-09-25T00:12:01.280+00:00,2026-09-25T00:12:01.524+00:00,21072-30059,washers,50170080,42000000,2026-09-25 00:12:01,2026-09-25 00:02:49,10,552.0,48.0,1,Running,
1,72b4d6fd-de79-492f-9734-e9abe53b3c94,2026-09-25T00:12:01.280+00:00,2026-09-25T00:12:01.524+00:00,21072-30059,washers,50170075,52000000,2026-09-25 00:12:01,2026-09-25 00:03:22,29,519.0,1221.0,,Finished,
1,72b4d6fd-de79-492f-9734-e9abe53b3c94,2026-09-25T00:12:01.280+00:00,2026-09-25T00:12:01.524+00:00,21072-30059,washers,50170082,72000000,2026-09-25 00:12:01,2026-09-24 07:02:33,29,61768.0,-60028.0,,Available,website maps this code to Available
1,72b4d6fd-de79-492f-9734-e9abe53b3c94,2026-09-25T00:12:01.280+00:00,2026-09-25T00:12:01.524+00:00,21072-30059,washers,50170050,42000000,2026-09-25 00:12:01,2026-09-25 00:08:06,10,235.0,365.0,7,Running,
1,72b4d6fd-de79-492f-9734-e9abe53b3c94,2026-09-25T00:12:01.280+00:00,2026-09-25T00:12:01.524+00:00,21072-30059,washers,50170052,72000000,2026-09-25 00:12:01,2026-09-25 00:11:14,29,47.0,1693.0,,Available,website maps this code to Available
1,72b4d6fd-de79-492f-9734-e9abe53b3c94,2026-09-25T00:12:01.280+00:00,2026-09-25T00:12:01.524+00:00,21072-30059,washers,50170078,72000000,2026-09-25 00:12:01,2026-09-24 23:56:38,29,923.0,817.0,,Available,website maps this code to Available
1,72b4d6fd-de79-492f-9734-e9abe53b3c94,2026-09-25T00:12:01.280+00:00,2026-09-25T00:12:01.524+00:00,21072-30059,washers,50170084,72000000,2026-09-25 00:12:01,2026-09-24 15:48:03,29,30238.0,-28498.0,,Available,website maps this code to Available
1,72b4d6fd-de79-492f-9734-e9abe53b3c94,2026-09-25T00:12:01.280+00:00,2026-09-25T00:12:01.524+00:00,21072-30059,washers,50170068,72000000,2026-09-25 00:12:01,2026-09-24 23:56:53,29,908.0,832.0,,Available,website maps this code to Available
1,72b4d6fd-de79-492f-9734-e9abe53b3c94,2026-09-25T00:12:01.280+00:00,2026-09-25T00:12:01.524+00:00,21072-30059,washers,50170072,72000000,2026-09-25 00:12:01,2026-09-24 23:57:52,29,849.0,891.0,,Available,website maps this code to Available
1,72b4d6fd-de79-492f-9734-e9abe53b3c94,2026-09-25T00:12:01.280+00:00,2026-09-25T00:12:01.524+00:00,21072-30059,washers,20483408,72000000,2026-09-25 00:12:01,2024-12-20 00:43:32,0,55639709.0,-55639709.0,,Available,website maps this code to Available
1,72b4d6fd-de79-492f-9734-e9abe53b3c94,2026-09-25T00:12:01.280+00:00,2026-09-25T00:12:01.524+00:00,21072-30059,washers,50170055,72000000,2026-09-25 00:12:01,2026-09-24 23:53:15,29,1126.0,614.0,,Available,website maps this code to Available
1,72b4d6fd-de79-492f-9734-e9abe53b3c94,2026-09-25T00:12:01.280+00:00,2026-09-25T00:12:01.524+00:00,21072-30059,dryers,50170058,72000000,2026-09-25 00:12:01,2026-09-12 03:29:03,46,1111378.0,-1108618.0,,Available,website maps this code to Available
1,72b4d6fd-de79-492f-9734-e9abe53b3c94,2026-09-25T00:12:01.280+00:00,2026-09-25T00:12:01.524+00:00,21072-30059,dryers,50170061,72000000,2026-09-25 00:12:01,2026-09-24 20:07:24,46,14677.0,-11917.0,,Available,website maps this code to Available
1,72b4d6fd-de79-492f-9734-e9abe53b3c94,2026-09-25T00:12:01.280+00:00,2026-09-25T00:12:01.524+00:00,21072-30059,dryers,50170081,72000000,2026-09-25 00:12:01,2026-09-24 20:09:15,46,14566.0,-11806.0,,Available,website maps this code to Available
1,72b4d6fd-de79-492f-9734-e9abe53b3c94,2026-09-25T00:12:01.280+00:00,2026-09-25T00:12:01.524+00:00,21072-30059,dryers,50170060,72000000,2026-09-25 00:12:01,2026-09-24 07:40:57,46,59464.0,-56704.0,,Available,website maps this code to Available
1,72b4d6fd-de79-492f-9734-e9abe53b3c94,2026-09-25T00:12:01.280+00:00,2026-09-25T00:12:01.524+00:00,21072-30059,dryers,50170087,42000000,2026-09-25 00:12:01,2026-09-25 00:11:45,45,16.0,2684.0,45,Running,
1,72b4d6fd-de79-492f-9734-e9abe53b3c94,2026-09-25T00:12:01.280+00:00,2026-09-25T00:12:01.524+00:00,21072-30059,dryers,50170064,72000000,2026-09-25 00:12:01,2026-09-24 07:02:42,46,61759.0,-58999.0,,Available,website maps this code to Available
1,72b4d6fd-de79-492f-9734-e9abe53b3c94,2026-09-25T00:12:01.280+00:00,2026-09-25T00:12:01.524+00:00,21072-30059,dryers,50170065,42000000,2026-09-25 00:12:01,2026-09-24 23:57:14,45,887.0,1813.0,31,Running,
1,72b4d6fd-de79-492f-9734-e9abe53b3c94,2026-09-25T00:12:01.280+00:00,2026-09-25T00:12:01.524+00:00,21072-30059,dryers,50170059,72000000,2026-09-25 00:12:01,2026-09-24 15:47:57,46,30244.0,-27484.0,,Available,website maps this code to Available
1,72b4d6fd-de79-492f-9734-e9abe53b3c94,2026-09-25T00:12:01.280+00:00,2026-09-25T00:12:01.524+00:00,21072-30059,dryers,50170057,42000000,2026-09-25 00:12:01,2026-09-24 23:57:46,45,855.0,1845.0,31,Running,
1,72b4d6fd-de79-492f-9734-e9abe53b3c94,2026-09-25T00:12:01.280+00:00,2026-09-25T00:12:01.524+00:00,21072-30059,dryers,50170062,42000000,2026-09-25 00:12:01,2026-09-24 23:58:30,45,811.0,1889.0,32,Running,
1,72b4d6fd-de79-492f-9734-e9abe53b3c94,2026-09-25T00:12:01.280+00:00,2026-09-25T00:12:01.524+00:00,21072-30059,dryers,50170067,42000000,2026-09-25 00:12:01,2026-09-24 23:55:05,45,1016.0,1684.0,29,Running,
1,72b4d6fd-de79-492f-9734-e9abe53b3c94,2026-09-25T00:12:01.280+00:00,2026-09-25T00:12:01.524+00:00,21072-30059,dryers,50170074,42000000,2026-09-25 00:12:01,2026-09-24 23:55:11,45,1010.0,1690.0,29,Running,
1,72b4d6fd-de79-492f-9734-e9abe53b3c94,2026-09-25T00:12:01.280+00:00,2026-09-25T00:12:01.524+00:00,21072-30059,dryers,50170071,72000000,2026-09-25 00:12:01,2026-09-24 07:02:46,46,61755.0,-58995.0,,Available,website maps this code to Available
1,72b4d6fd-de79-492f-9734-e9abe53b3c94,2026-09-25T00:12:01.280+00:00,2026-09-25T00:12:01.524+00:00,21072-30059,dryers,50170054,52000000,2026-09-25 00:12:01,2026-09-24 19:43:49,1,16092.0,-16032.0,,Available,website fallback: report over 1 hour old
1,fb6141f3-dc57-4233-9683-8fbd80ef0b95,2026-09-25T00:13:01.416+00:00,2026-09-25T00:13:01.609+00:00,21072-30059,washers,50170051,42000000,2026-09-25 00:13:01,2026-09-25 00:01:38,10,683.0,-83.0,,Available,website fallback: countdown expired
1,fb6141f3-dc57-4233-9683-8fbd80ef0b95,2026-09-25T00:13:01.416+00:00,2026-09-25T00:13:01.609+00:00,21072-30059,washers,50170080,42000000,2026-09-25 00:13:01,2026-09-25 00:02:49,10,612.0,-12.0,,Available,website fallback: countdown expired
1,fb6141f3-dc57-4233-9683-8fbd80ef0b95,2026-09-25T00:13:01.416+00:00,2026-09-25T00:13:01.609+00:00,21072-30059,washers,50170075,52000000,2026-09-25 00:13:01,2026-09-25 00:03:22,29,579.0,1161.0,,Finished,
1,fb6141f3-dc57-4233-9683-8fbd80ef0b95,2026-09-25T00:13:01.416+00:00,2026-09-25T00:13:01.609+00:00,21072-30059,washers,50170082,72000000,2026-09-25 00:13:01,2026-09-24 07:02:33,29,61828.0,-60088.0,,Available,website maps this code to Available
1,fb6141f3-dc57-4233-9683-8fbd80ef0b95,2026-09-25T00:13:01.416+00:00,2026-09-25T00:13:01.609+00:00,21072-30059,washers,50170050,42000000,2026-09-25 00:13:01,2026-09-25 00:08:06,10,295.0,305.0,6,Running,
1,fb6141f3-dc57-4233-9683-8fbd80ef0b95,2026-09-25T00:13:01.416+00:00,2026-09-25T00:13:01.609+00:00,21072-30059,washers,50170052,72000000,2026-09-25 00:13:01,2026-09-25 00:11:14,29,107.0,1633.0,,Available,website maps this code to Available
1,fb6141f3-dc57-4233-9683-8fbd80ef0b95,2026-09-25T00:13:01.416+00:00,2026-09-25T00:13:01.609+00:00,21072-30059,washers,50170078,72000000,2026-09-25 00:13:01,2026-09-24 23:56:38,29,983.0,757.0,,Available,website maps this code to Available
1,fb6141f3-dc57-4233-9683-8fbd80ef0b95,2026-09-25T00:13:01.416+00:00,2026-09-25T00:13:01.609+00:00,21072-30059,washers,50170084,72000000,2026-09-25 00:13:01,2026-09-24 15:48:03,29,30298.0,-28558.0,,Available,website maps this code to Available
1,fb6141f3-dc57-4233-9683-8fbd80ef0b95,2026-09-25T00:13:01.416+00:00,2026-09-25T00:13:01.609+00:00,21072-30059,washers,50170068,72000000,2026-09-25 00:13:01,2026-09-24 23:56:53,29,968.0,772.0,,Available,website maps this code to Available
1,fb6141f3-dc57-4233-9683-8fbd80ef0b95,2026-09-25T00:13:01.416+00:00,2026-09-25T00:13:01.609+00:00,21072-30059,washers,50170072,72000000,2026-09-25 00:13:01,2026-09-24 23:57:52,29,909.0,831.0,,Available,website maps this code to Available
1,fb6141f3-dc57-4233-9683-8fbd80ef0b95,2026-09-25T00:13:01.416+00:00,2026-09-25T00:13:01.609+00:00,21072-30059,washers,20483408,72000000,2026-09-25 00:13:01,2024-12-20 00:43:32,0,55639769.0,-55639769.0,,Available,website maps this code to Available
1,fb6141f3-dc57-4233-9683-8fbd80ef0b95,2026-09-25T00:13:01.416+00:00,2026-09-25T00:13:01.609+00:00,21072-30059,washers,50170055,72000000,2026-09-25 00:13:01,2026-09-24 23:53:15,29,1186.0,554.0,,Available,website maps this code to Available
1,fb6141f3-dc57-4233-9683-8fbd80ef0b95,2026-09-25T00:13:01.416+00:00,2026-09-25T00:13:01.609+00:00,21072-30059,dryers,50170058,72000000,2026-09-25 00:13:01,2026-09-12 03:29:03,46,1111438.0,-1108678.0,,Available,website maps this code to Available
1,fb6141f3-dc57-4233-9683-8fbd80ef0b95,2026-09-25T00:13:01.416+00:00,2026-09-25T00:13:01.609+00:00,21072-30059,dryers,50170061,72000000,2026-09-25 00:13:01,2026-09-24 20:07:24,46,14737.0,-11977.0,,Available,website maps this code to Available
1,fb6141f3-dc57-4233-9683-8fbd80ef0b95,2026-09-25T00:13:01.416+00:00,2026-09-25T00:13:01.609+00:00,21072-30059,dryers,50170081,72000000,2026-09-25 00:13:01,2026-09-24 20:09:15,46,14626.0,-11866.0,,Available,website maps this code to Available
1,fb6141f3-dc57-4233-9683-8fbd80ef0b95,2026-09-25T00:13:01.416+00:00,2026-09-25T00:13:01.609+00:00,21072-30059,dryers,50170060,72000000,2026-09-25 00:13:01,2026-09-24 07:40:57,46,59524.0,-56764.0,,Available,website maps this code to Available
1,fb6141f3-dc57-4233-9683-8fbd80ef0b95,2026-09-25T00:13:01.416+00:00,2026-09-25T00:13:01.609+00:00,21072-30059,dryers,50170087,42000000,2026-09-25 00:13:01,2026-09-25 00:11:45,45,76.0,2624.0,44,Running,
1,fb6141f3-dc57-4233-9683-8fbd80ef0b95,2026-09-25T00:13:01.416+00:00,2026-09-25T00:13:01.609+00:00,21072-30059,dryers,50170064,72000000,2026-09-25 00:13:01,2026-09-24 07:02:42,46,61819.0,-59059.0,,Available,website maps this code to Available
1,fb6141f3-dc57-4233-9683-8fbd80ef0b95,2026-09-25T00:13:01.416+00:00,2026-09-25T00:13:01.609+00:00,21072-30059,dryers,50170065,42000000,2026-09-25 00:13:01,2026-09-24 23:57:14,45,947.0,1753.0,30,Running,
1,fb6141f3-dc57-4233-9683-8fbd80ef0b95,2026-09-25T00:13:01.416+00:00,2026-09-25T00:13:01.609+00:00,21072-30059,dryers,50170059,72000000,2026-09-25 00:13:01,2026-09-24 15:47:57,46,30304.0,-27544.0,,Available,website maps this code to Available
1,fb6141f3-dc57-4233-9683-8fbd80ef0b95,2026-09-25T00:13:01.416+00:00,2026-09-25T00:13:01.609+00:00,21072-30059,dryers,50170057,42000000,2026-09-25 00:13:01,2026-09-24 23:57:46,45,915.0,1785.0,30,Running,
1,fb6141f3-dc57-4233-9683-8fbd80ef0b95,2026-09-25T00:13:01.416+00:00,2026-09-25T00:13:01.609+00:00,21072-30059,dryers,50170062,42000000,2026-09-25 00:13:01,2026-09-24 23:58:30,45,871.0,1829.0,31,Running,
1,fb6141f3-dc57-4233-9683-8fbd80ef0b95,2026-09-25T00:13:01.416+00:00,2026-09-25T00:13:01.609+00:00,21072-30059,dryers,50170067,42000000,2026-09-25 00:13:01,2026-09-24 23:55:05,45,1076.0,1624.0,28,Running,
1,fb6141f3-dc57-4233-9683-8fbd80ef0b95,2026-09-25T00:13:01.416+00:00,2026-09-25T00:13:01.609+00:00,21072-30059,dryers,50170074,42000000,2026-09-25 00:13:01,2026-09-24 23:55:11,45,1070.0,1630.0,28,Running,
1,fb6141f3-dc57-4233-9683-8fbd80ef0b95,2026-09-25T00:13:01.416+00:00,2026-09-25T00:13:01.609+00:00,21072-30059,dryers,50170071,72000000,2026-09-25 00:13:01,2026-09-24 07:02:46,46,61815.0,-59055.0,,Available,website maps this code to Available
1,fb6141f3-dc57-4233-9683-8fbd80ef0b95,2026-09-25T00:13:01.416+00:00,2026-09-25T00:13:01.609+00:00,21072-30059,dryers,50170054,52000000,2026-09-25 00:13:01,2026-09-24 19:43:49,1,16152.0,-16092.0,,Available,website fallback: report over 1 hour old
1,67688580-f097-4db8-b869-836b3f561396,2026-09-25T00:14:01.373+00:00,2026-09-25T00:14:01.562+00:00,21072-30059,washers,50170051,42000000,2026-09-25 00:14:01,2026-09-25 00:01:38,10,743.0,-143.0,,Available,website fallback: countdown expired
1,67688580-f097-4db8-b869-836b3f561396,2026-09-25T00:14:01.373+00:00,2026-09-25T00:14:01.562+00:00,21072-30059,washers,50170080,42000000,2026-09-25 00:14:01,2026-09-25 00:02:49,10,672.0,-72.0,,Available,website fallback: countdown expired
1,67688580-f097-4db8-b869-836b3f561396,2026-09-25T00:14:01.373+00:00,2026-09-25T00:14:01.562+00:00,21072-30059,washers,50170075,52000000,2026-09-25 00:14:01,2026-09-25 00:03:22,29,639.0,1101.0,,Finished,
1,67688580-f097-4db8-b869-836b3f561396,2026-09-25T00:14:01.373+00:00,2026-09-25T00:14:01.562+00:00,21072-30059,washers,50170082,72000000,2026-09-25 00:14:01,2026-09-24 07:02:33,29,61888.0,-60148.0,,Available,website maps this code to Available
1,67688580-f097-4db8-b869-836b3f561396,2026-09-25T00:14:01.373+00:00,2026-09-25T00:14:01.562+00:00,21072-30059,washers,50170050,42000000,2026-09-25 00:14:01,2026-09-25 00:08:06,10,355.0,245.0,5,Running,
1,67688580-f097-4db8-b869-836b3f561396,2026-09-25T00:14:01.373+00:00,2026-09-25T00:14:01.562+00:00,21072-30059,washers,50170052,72000000,2026-09-25 00:14:01,2026-09-25 00:11:14,29,167.0,1573.0,,Available,website maps this code to Available
1,67688580-f097-4db8-b869-836b3f561396,2026-09-25T00:14:01.373+00:00,2026-09-25T00:14:01.562+00:00,21072-30059,washers,50170078,72000000,2026-09-25 00:14:01,2026-09-24 23:56:38,29,1043.0,697.0,,Available,website maps this code to Available
1,67688580-f097-4db8-b869-836b3f561396,2026-09-25T00:14:01.373+00:00,2026-09-25T00:14:01.562+00:00,21072-30059,washers,50170084,72000000,2026-09-25 00:14:01,2026-09-24 15:48:03,29,30358.0,-28618.0,,Available,website maps this code to Available
1,67688580-f097-4db8-b869-836b3f561396,2026-09-25T00:14:01.373+00:00,2026-09-25T00:14:01.562+00:00,21072-30059,washers,50170068,72000000,2026-09-25 00:14:01,2026-09-24 23:56:53,29,1028.0,712.0,,Available,website maps this code to Available
1,67688580-f097-4db8-b869-836b3f561396,2026-09-25T00:14:01.373+00:00,2026-09-25T00:14:01.562+00:00,21072-30059,washers,50170072,72000000,2026-09-25 00:14:01,2026-09-24 23:57:52,29,969.0,771.0,,Available,website maps this code to Available
1,67688580-f097-4db8-b869-836b3f561396,2026-09-25T00:14:01.373+00:00,2026-09-25T00:14:01.562+00:00,21072-30059,washers,20483408,72000000,2026-09-25 00:14:01,2024-12-20 00:43:32,0,55639829.0,-55639829.0,,Available,website maps this code to Available
1,67688580-f097-4db8-b869-836b3f561396,2026-09-25T00:14:01.373+00:00,2026-09-25T00:14:01.562+00:00,21072-30059,washers,50170055,72000000,2026-09-25 00:14:01,2026-09-24 23:53:15,29,1246.0,494.0,,Available,website maps this code to Available
1,67688580-f097-4db8-b869-836b3f561396,2026-09-25T00:14:01.373+00:00,2026-09-25T00:14:01.562+00:00,21072-30059,dryers,50170058,72000000,2026-09-25 00:14:01,2026-09-12 03:29:03,46,1111498.0,-1108738.0,,Available,website maps this code to Available
1,67688580-f097-4db8-b869-836b3f561396,2026-09-25T00:14:01.373+00:00,2026-09-25T00:14:01.562+00:00,21072-30059,dryers,50170061,72000000,2026-09-25 00:14:01,2026-09-24 20:07:24,46,14797.0,-12037.0,,Available,website maps this code to Available
1,67688580-f097-4db8-b869-836b3f561396,2026-09-25T00:14:01.373+00:00,2026-09-25T00:14:01.562+00:00,21072-30059,dryers,50170081,72000000,2026-09-25 00:14:01,2026-09-24 20:09:15,46,14686.0,-11926.0,,Available,website maps this code to Available
1,67688580-f097-4db8-b869-836b3f561396,2026-09-25T00:14:01.373+00:00,2026-09-25T00:14:01.562+00:00,21072-30059,dryers,50170060,72000000,2026-09-25 00:14:01,2026-09-24 07:40:57,46,59584.0,-56824.0,,Available,website maps this code to Available
1,67688580-f097-4db8-b869-836b3f561396,2026-09-25T00:14:01.373+00:00,2026-09-25T00:14:01.562+00:00,21072-30059,dryers,50170087,42000000,2026-09-25 00:14:01,2026-09-25 00:11:45,45,136.0,2564.0,43,Running,
1,67688580-f097-4db8-b869-836b3f561396,2026-09-25T00:14:01.373+00:00,2026-09-25T00:14:01.562+00:00,21072-30059,dryers,50170064,72000000,2026-09-25 00:14:01,2026-09-24 07:02:42,46,61879.0,-59119.0,,Available,website maps this code to Available
1,67688580-f097-4db8-b869-836b3f561396,2026-09-25T00:14:01.373+00:00,2026-09-25T00:14:01.562+00:00,21072-30059,dryers,50170065,42000000,2026-09-25 00:14:01,2026-09-24 23:57:14,45,1007.0,1693.0,29,Running,
1,67688580-f097-4db8-b869-836b3f561396,2026-09-25T00:14:01.373+00:00,2026-09-25T00:14:01.562+00:00,21072-30059,dryers,50170059,72000000,2026-09-25 00:14:01,2026-09-24 15:47:57,46,30364.0,-27604.0,,Available,website maps this code to Available
1,67688580-f097-4db8-b869-836b3f561396,2026-09-25T00:14:01.373+00:00,2026-09-25T00:14:01.562+00:00,21072-30059,dryers,50170057,42000000,2026-09-25 00:14:01,2026-09-24 23:57:46,45,975.0,1725.0,29,Running,
1,67688580-f097-4db8-b869-836b3f561396,2026-09-25T00:14:01.373+00:00,2026-09-25T00:14:01.562+00:00,21072-30059,dryers,50170062,42000000,2026-09-25 00:14:01,2026-09-24 23:58:30,45,931.0,1769.0,30,Running,
1,67688580-f097-4db8-b869-836b3f561396,2026-09-25T00:14:01.373+00:00,2026-09-25T00:14:01.562+00:00,21072-30059,dryers,50170067,42000000,2026-09-25 00:14:01,2026-09-24 23:55:05,45,1136.0,1564.0,27,Running,
1,67688580-f097-4db8-b869-836b3f561396,2026-09-25T00:14:01.373+00:00,2026-09-25T00:14:01.562+00:00,21072-30059,dryers,50170074,42000000,2026-09-25 00:14:01,2026-09-24 23:55:11,45,1130.0,1570.0,27,Running,
1,67688580-f097-4db8-b869-836b3f561396,2026-09-25T00:14:01.373+00:00,2026-09-25T00:14:01.562+00:00,21072-30059,dryers,50170071,72000000,2026-09-25 00:14:01,2026-09-24 07:02:46,46,61875.0,-59115.0,,Available,website maps this code to Available
1,67688580-f097-4db8-b869-836b3f561396,2026-09-25T00:14:01.373+00:00,2026-09-25T00:14:01.562+00:00,21072-30059,dryers,50170054,52000000,2026-09-25 00:14:01,2026-09-24 19:43:49,1,16212.0,-16152.0,,Available,website fallback: report over 1 hour old
1,46b50476-e8bc-4ae7-a46d-66b5a42fdea5,2026-09-25T00:15:01.384+00:00,2026-09-25T00:15:01.579+00:00,21072-30059,washers,50170051,52000000,2026-09-25 00:15:01,2026-09-25 00:14:38,29,23.0,1717.0,,Finished,
1,46b50476-e8bc-4ae7-a46d-66b5a42fdea5,2026-09-25T00:15:01.384+00:00,2026-09-25T00:15:01.579+00:00,21072-30059,washers,50170080,42000000,2026-09-25 00:15:01,2026-09-25 00:02:49,10,732.0,-132.0,,Available,website fallback: countdown expired
1,46b50476-e8bc-4ae7-a46d-66b5a42fdea5,2026-09-25T00:15:01.384+00:00,2026-09-25T00:15:01.579+00:00,21072-30059,washers,50170075,72000000,2026-09-25 00:15:01,2026-09-25 00:14:33,29,28.0,1712.0,,Available,website maps this code to Available
1,46b50476-e8bc-4ae7-a46d-66b5a42fdea5,2026-09-25T00:15:01.384+00:00,2026-09-25T00:15:01.579+00:00,21072-30059,washers,50170082,72000000,2026-09-25 00:15:01,2026-09-24 07:02:33,29,61948.0,-60208.0,,Available,website maps this code to Available
1,46b50476-e8bc-4ae7-a46d-66b5a42fdea5,2026-09-25T00:15:01.384+00:00,2026-09-25T00:15:01.579+00:00,21072-30059,washers,50170050,42000000,2026-09-25 00:15:01,2026-09-25 00:08:06,10,415.0,185.0,4,Running,
1,46b50476-e8bc-4ae7-a46d-66b5a42fdea5,2026-09-25T00:15:01.384+00:00,2026-09-25T00:15:01.579+00:00,21072-30059,washers,50170052,72000000,2026-09-25 00:15:01,2026-09-25 00:11:14,29,227.0,1513.0,,Available,website maps this code to Available
1,46b50476-e8bc-4ae7-a46d-66b5a42fdea5,2026-09-25T00:15:01.384+00:00,2026-09-25T00:15:01.579+00:00,21072-30059,washers,50170078,72000000,2026-09-25 00:15:01,2026-09-24 23:56:38,29,1103.0,637.0,,Available,website maps this code to Available
1,46b50476-e8bc-4ae7-a46d-66b5a42fdea5,2026-09-25T00:15:01.384+00:00,2026-09-25T00:15:01.579+00:00,21072-30059,washers,50170084,72000000,2026-09-25 00:15:01,2026-09-24 15:48:03,29,30418.0,-28678.0,,Available,website maps this code to Available
1,46b50476-e8bc-4ae7-a46d-66b5a42fdea5,2026-09-25T00:15:01.384+00:00,2026-09-25T00:15:01.579+00:00,21072-30059,washers,50170068,72000000,2026-09-25 00:15:01,2026-09-24 23:56:53,29,1088.0,652.0,,Available,website maps this code to Available
1,46b50476-e8bc-4ae7-a46d-66b5a42fdea5,2026-09-25T00:15:01.384+00:00,2026-09-25T00:15:01.579+00:00,21072-30059,washers,50170072,72000000,2026-09-25 00:15:01,2026-09-24 23:57:52,29,1029.0,711.0,,Available,website maps this code to Available
1,46b50476-e8bc-4ae7-a46d-66b5a42fdea5,2026-09-25T00:15:01.384+00:00,2026-09-25T00:15:01.579+00:00,21072-30059,washers,20483408,72000000,2026-09-25 00:15:01,2024-12-20 00:43:32,0,55639889.0,-55639889.0,,Available,website maps this code to Available
1,46b50476-e8bc-4ae7-a46d-66b5a42fdea5,2026-09-25T00:15:01.384+00:00,2026-09-25T00:15:01.579+00:00,21072-30059,washers,50170055,72000000,2026-09-25 00:15:01,2026-09-24 23:53:15,29,1306.0,434.0,,Available,website maps this code to Available
1,46b50476-e8bc-4ae7-a46d-66b5a42fdea5,2026-09-25T00:15:01.384+00:00,2026-09-25T00:15:01.579+00:00,21072-30059,dryers,50170058,72000000,2026-09-25 00:15:01,2026-09-12 03:29:03,46,1111558.0,-1108798.0,,Available,website maps this code to Available
1,46b50476-e8bc-4ae7-a46d-66b5a42fdea5,2026-09-25T00:15:01.384+00:00,2026-09-25T00:15:01.579+00:00,21072-30059,dryers,50170061,72000000,2026-09-25 00:15:01,2026-09-24 20:07:24,46,14857.0,-12097.0,,Available,website maps this code to Available
1,46b50476-e8bc-4ae7-a46d-66b5a42fdea5,2026-09-25T00:15:01.384+00:00,2026-09-25T00:15:01.579+00:00,21072-30059,dryers,50170081,72000000,2026-09-25 00:15:01,2026-09-24 20:09:15,46,14746.0,-11986.0,,Available,website maps this code to Available
1,46b50476-e8bc-4ae7-a46d-66b5a42fdea5,2026-09-25T00:15:01.384+00:00,2026-09-25T00:15:01.579+00:00,21072-30059,dryers,50170060,72000000,2026-09-25 00:15:01,2026-09-24 07:40:57,46,59644.0,-56884.0,,Available,website maps this code to Available
1,46b50476-e8bc-4ae7-a46d-66b5a42fdea5,2026-09-25T00:15:01.384+00:00,2026-09-25T00:15:01.579+00:00,21072-30059,dryers,50170087,42000000,2026-09-25 00:15:01,2026-09-25 00:11:45,45,196.0,2504.0,42,Running,
1,46b50476-e8bc-4ae7-a46d-66b5a42fdea5,2026-09-25T00:15:01.384+00:00,2026-09-25T00:15:01.579+00:00,21072-30059,dryers,50170064,72000000,2026-09-25 00:15:01,2026-09-24 07:02:42,46,61939.0,-59179.0,,Available,website maps this code to Available
1,46b50476-e8bc-4ae7-a46d-66b5a42fdea5,2026-09-25T00:15:01.384+00:00,2026-09-25T00:15:01.579+00:00,21072-30059,dryers,50170065,42000000,2026-09-25 00:15:01,2026-09-24 23:57:14,45,1067.0,1633.0,28,Running,
1,46b50476-e8bc-4ae7-a46d-66b5a42fdea5,2026-09-25T00:15:01.384+00:00,2026-09-25T00:15:01.579+00:00,21072-30059,dryers,50170059,72000000,2026-09-25 00:15:01,2026-09-24 15:47:57,46,30424.0,-27664.0,,Available,website maps this code to Available
1,46b50476-e8bc-4ae7-a46d-66b5a42fdea5,2026-09-25T00:15:01.384+00:00,2026-09-25T00:15:01.579+00:00,21072-30059,dryers,50170057,42000000,2026-09-25 00:15:01,2026-09-24 23:57:46,45,1035.0,1665.0,28,Running,
1,46b50476-e8bc-4ae7-a46d-66b5a42fdea5,2026-09-25T00:15:01.384+00:00,2026-09-25T00:15:01.579+00:00,21072-30059,dryers,50170062,42000000,2026-09-25 00:15:01,2026-09-24 23:58:30,45,991.0,1709.0,29,Running,
1,46b50476-e8bc-4ae7-a46d-66b5a42fdea5,2026-09-25T00:15:01.384+00:00,2026-09-25T00:15:01.579+00:00,21072-30059,dryers,50170067,42000000,2026-09-25 00:15:01,2026-09-24 23:55:05,45,1196.0,1504.0,26,Running,
1,46b50476-e8bc-4ae7-a46d-66b5a42fdea5,2026-09-25T00:15:01.384+00:00,2026-09-25T00:15:01.579+00:00,21072-30059,dryers,50170074,42000000,2026-09-25 00:15:01,2026-09-24 23:55:11,45,1190.0,1510.0,26,Running,
1,46b50476-e8bc-4ae7-a46d-66b5a42fdea5,2026-09-25T00:15:01.384+00:00,2026-09-25T00:15:01.579+00:00,21072-30059,dryers,50170071,72000000,2026-09-25 00:15:01,2026-09-24 07:02:46,46,61935.0,-59175.0,,Available,website maps this code to Available
1,46b50476-e8bc-4ae7-a46d-66b5a42fdea5,2026-09-25T00:15:01.384+00:00,2026-09-25T00:15:01.579+00:00,21072-30059,dryers,50170054,52000000,2026-09-25 00:15:01,2026-09-24 19:43:49,1,16272.0,-16212.0,,Available,website fallback: report over 1 hour old
1,92fffdb5-b87c-40ed-902e-c6f8c8403443,2026-09-25T00:16:01.272+00:00,2026-09-25T00:16:01.471+00:00,21072-30059,washers,50170051,52000000,2026-09-25 00:16:01,2026-09-25 00:14:38,29,83.0,1657.0,,Finished,
1,92fffdb5-b87c-40ed-902e-c6f8c8403443,2026-09-25T00:16:01.272+00:00,2026-09-25T00:16:01.471+00:00,21072-30059,washers,50170080,52000000,2026-09-25 00:16:01,2026-09-25 00:15:07,29,54.0,1686.0,,Finished,
1,92fffdb5-b87c-40ed-902e-c6f8c8403443,2026-09-25T00:16:01.272+00:00,2026-09-25T00:16:01.471+00:00,21072-30059,washers,50170075,72000000,2026-09-25 00:16:01,2026-09-25 00:14:33,29,88.0,1652.0,,Available,website maps this code to Available
1,92fffdb5-b87c-40ed-902e-c6f8c8403443,2026-09-25T00:16:01.272+00:00,2026-09-25T00:16:01.471+00:00,21072-30059,washers,50170082,72000000,2026-09-25 00:16:01,2026-09-24 07:02:33,29,62008.0,-60268.0,,Available,website maps this code to Available
1,92fffdb5-b87c-40ed-902e-c6f8c8403443,2026-09-25T00:16:01.272+00:00,2026-09-25T00:16:01.471+00:00,21072-30059,washers,50170050,42000000,2026-09-25 00:16:01,2026-09-25 00:08:06,10,475.0,125.0,3,Running,
1,92fffdb5-b87c-40ed-902e-c6f8c8403443,2026-09-25T00:16:01.272+00:00,2026-09-25T00:16:01.471+00:00,21072-30059,washers,50170052,72000000,2026-09-25 00:16:01,2026-09-25 00:11:14,29,287.0,1453.0,,Available,website maps this code to Available
1,92fffdb5-b87c-40ed-902e-c6f8c8403443,2026-09-25T00:16:01.272+00:00,2026-09-25T00:16:01.471+00:00,21072-30059,washers,50170078,72000000,2026-09-25 00:16:01,2026-09-24 23:56:38,29,1163.0,577.0,,Available,website maps this code to Available
1,92fffdb5-b87c-40ed-902e-c6f8c8403443,2026-09-25T00:16:01.272+00:00,2026-09-25T00:16:01.471+00:00,21072-30059,washers,50170084,72000000,2026-09-25 00:16:01,2026-09-24 15:48:03,29,30478.0,-28738.0,,Available,website maps this code to Available
1,92fffdb5-b87c-40ed-902e-c6f8c8403443,2026-09-25T00:16:01.272+00:00,2026-09-25T00:16:01.471+00:00,21072-30059,washers,50170068,72000000,2026-09-25 00:16:01,2026-09-24 23:56:53,29,1148.0,592.0,,Available,website maps this code to Available
1,92fffdb5-b87c-40ed-902e-c6f8c8403443,2026-09-25T00:16:01.272+00:00,2026-09-25T00:16:01.471+00:00,21072-30059,washers,50170072,72000000,2026-09-25 00:16:01,2026-09-24 23:57:52,29,1089.0,651.0,,Available,website maps this code to Available
1,92fffdb5-b87c-40ed-902e-c6f8c8403443,2026-09-25T00:16:01.272+00:00,2026-09-25T00:16:01.471+00:00,21072-30059,washers,20483408,72000000,2026-09-25 00:16:01,2024-12-20 00:43:32,0,55639949.0,-55639949.0,,Available,website maps this code to Available
1,92fffdb5-b87c-40ed-902e-c6f8c8403443,2026-09-25T00:16:01.272+00:00,2026-09-25T00:16:01.471+00:00,21072-30059,washers,50170055,72000000,2026-09-25 00:16:01,2026-09-24 23:53:15,29,1366.0,374.0,,Available,website maps this code to Available
1,92fffdb5-b87c-40ed-902e-c6f8c8403443,2026-09-25T00:16:01.272+00:00,2026-09-25T00:16:01.471+00:00,21072-30059,dryers,50170058,72000000,2026-09-25 00:16:01,2026-09-12 03:29:03,46,1111618.0,-1108858.0,,Available,website maps this code to Available
1,92fffdb5-b87c-40ed-902e-c6f8c8403443,2026-09-25T00:16:01.272+00:00,2026-09-25T00:16:01.471+00:00,21072-30059,dryers,50170061,72000000,2026-09-25 00:16:01,2026-09-24 20:07:24,46,14917.0,-12157.0,,Available,website maps this code to Available
1,92fffdb5-b87c-40ed-902e-c6f8c8403443,2026-09-25T00:16:01.272+00:00,2026-09-25T00:16:01.471+00:00,21072-30059,dryers,50170081,72000000,2026-09-25 00:16:01,2026-09-24 20:09:15,46,14806.0,-12046.0,,Available,website maps this code to Available
1,92fffdb5-b87c-40ed-902e-c6f8c8403443,2026-09-25T00:16:01.272+00:00,2026-09-25T00:16:01.471+00:00,21072-30059,dryers,50170060,72000000,2026-09-25 00:16:01,2026-09-24 07:40:57,46,59704.0,-56944.0,,Available,website maps this code to Available
1,92fffdb5-b87c-40ed-902e-c6f8c8403443,2026-09-25T00:16:01.272+00:00,2026-09-25T00:16:01.471+00:00,21072-30059,dryers,50170087,42000000,2026-09-25 00:16:01,2026-09-25 00:11:45,45,256.0,2444.0,41,Running,
1,92fffdb5-b87c-40ed-902e-c6f8c8403443,2026-09-25T00:16:01.272+00:00,2026-09-25T00:16:01.471+00:00,21072-30059,dryers,50170064,72000000,2026-09-25 00:16:01,2026-09-24 07:02:42,46,61999.0,-59239.0,,Available,website maps this code to Available
1,92fffdb5-b87c-40ed-902e-c6f8c8403443,2026-09-25T00:16:01.272+00:00,2026-09-25T00:16:01.471+00:00,21072-30059,dryers,50170065,42000000,2026-09-25 00:16:01,2026-09-24 23:57:14,45,1127.0,1573.0,27,Running,
1,92fffdb5-b87c-40ed-902e-c6f8c8403443,2026-09-25T00:16:01.272+00:00,2026-09-25T00:16:01.471+00:00,21072-30059,dryers,50170059,72000000,2026-09-25 00:16:01,2026-09-24 15:47:57,46,30484.0,-27724.0,,Available,website maps this code to Available
1,92fffdb5-b87c-40ed-902e-c6f8c8403443,2026-09-25T00:16:01.272+00:00,2026-09-25T00:16:01.471+00:00,21072-30059,dryers,50170057,42000000,2026-09-25 00:16:01,2026-09-24 23:57:46,45,1095.0,1605.0,27,Running,
1,92fffdb5-b87c-40ed-902e-c6f8c8403443,2026-09-25T00:16:01.272+00:00,2026-09-25T00:16:01.471+00:00,21072-30059,dryers,50170062,42000000,2026-09-25 00:16:01,2026-09-24 23:58:30,45,1051.0,1649.0,28,Running,
1,92fffdb5-b87c-40ed-902e-c6f8c8403443,2026-09-25T00:16:01.272+00:00,2026-09-25T00:16:01.471+00:00,21072-30059,dryers,50170067,42000000,2026-09-25 00:16:01,2026-09-24 23:55:05,45,1256.0,1444.0,25,Running,
1,92fffdb5-b87c-40ed-902e-c6f8c8403443,2026-09-25T00:16:01.272+00:00,2026-09-25T00:16:01.471+00:00,21072-30059,dryers,50170074,42000000,2026-09-25 00:16:01,2026-09-24 23:55:11,45,1250.0,1450.0,25,Running,
1,92fffdb5-b87c-40ed-902e-c6f8c8403443,2026-09-25T00:16:01.272+00:00,2026-09-25T00:16:01.471+00:00,21072-30059,dryers,50170071,72000000,2026-09-25 00:16:01,2026-09-24 07:02:46,46,61995.0,-59235.0,,Available,website maps this code to Available
1,92fffdb5-b87c-40ed-902e-c6f8c8403443,2026-09-25T00:16:01.272+00:00,2026-09-25T00:16:01.471+00:00,21072-30059,dryers,50170054,52000000,2026-09-25 00:16:01,2026-09-24 19:43:49,1,16332.0,-16272.0,,Available,website fallback: report over 1 hour old
1,496e71f7-149e-4f58-8164-1d0d4ad4a8d5,2026-09-25T00:17:01.305+00:00,2026-09-25T00:17:01.512+00:00,21072-30059,washers,50170051,52000000,2026-09-25 00:17:01,2026-09-25 00:14:38,29,143.0,1597.0,,Finished,
1,496e71f7-149e-4f58-8164-1d0d4ad4a8d5,2026-09-25T00:17:01.305+00:00,2026-09-25T00:17:01.512+00:00,21072-30059,washers,50170080,52000000,2026-09-25 00:17:01,2026-09-25 00:15:07,29,114.0,1626.0,,Finished,
1,496e71f7-149e-4f58-8164-1d0d4ad4a8d5,2026-09-25T00:17:01.305+00:00,2026-09-25T00:17:01.512+00:00,21072-30059,washers,50170075,72000000,2026-09-25 00:17:01,2026-09-25 00:14:33,29,148.0,1592.0,,Available,website maps this code to Available
1,496e71f7-149e-4f58-8164-1d0d4ad4a8d5,2026-09-25T00:17:01.305+00:00,2026-09-25T00:17:01.512+00:00,21072-30059,washers,50170082,72000000,2026-09-25 00:17:01,2026-09-24 07:02:33,29,62068.0,-60328.0,,Available,website maps this code to Available
1,496e71f7-149e-4f58-8164-1d0d4ad4a8d5,2026-09-25T00:17:01.305+00:00,2026-09-25T00:17:01.512+00:00,21072-30059,washers,50170050,42000000,2026-09-25 00:17:01,2026-09-25 00:08:06,10,535.0,65.0,2,Running,
1,496e71f7-149e-4f58-8164-1d0d4ad4a8d5,2026-09-25T00:17:01.305+00:00,2026-09-25T00:17:01.512+00:00,21072-30059,washers,50170052,72000000,2026-09-25 00:17:01,2026-09-25 00:11:14,29,347.0,1393.0,,Available,website maps this code to Available
1,496e71f7-149e-4f58-8164-1d0d4ad4a8d5,2026-09-25T00:17:01.305+00:00,2026-09-25T00:17:01.512+00:00,21072-30059,washers,50170078,72000000,2026-09-25 00:17:01,2026-09-24 23:56:38,29,1223.0,517.0,,Available,website maps this code to Available
1,496e71f7-149e-4f58-8164-1d0d4ad4a8d5,2026-09-25T00:17:01.305+00:00,2026-09-25T00:17:01.512+00:00,21072-30059,washers,50170084,72000000,2026-09-25 00:17:01,2026-09-24 15:48:03,29,30538.0,-28798.0,,Available,website maps this code to Available
1,496e71f7-149e-4f58-8164-1d0d4ad4a8d5,2026-09-25T00:17:01.305+00:00,2026-09-25T00:17:01.512+00:00,21072-30059,washers,50170068,72000000,2026-09-25 00:17:01,2026-09-24 23:56:53,29,1208.0,532.0,,Available,website maps this code to Available
1,496e71f7-149e-4f58-8164-1d0d4ad4a8d5,2026-09-25T00:17:01.305+00:00,2026-09-25T00:17:01.512+00:00,21072-30059,washers,50170072,72000000,2026-09-25 00:17:01,2026-09-24 23:57:52,29,1149.0,591.0,,Available,website maps this code to Available
1,496e71f7-149e-4f58-8164-1d0d4ad4a8d5,2026-09-25T00:17:01.305+00:00,2026-09-25T00:17:01.512+00:00,21072-30059,washers,20483408,72000000,2026-09-25 00:17:01,2024-12-20 00:43:32,0,55640009.0,-55640009.0,,Available,website maps this code to Available
1,496e71f7-149e-4f58-8164-1d0d4ad4a8d5,2026-09-25T00:17:01.305+00:00,2026-09-25T00:17:01.512+00:00,21072-30059,washers,50170055,72000000,2026-09-25 00:17:01,2026-09-24 23:53:15,29,1426.0,314.0,,Available,website maps this code to Available
1,496e71f7-149e-4f58-8164-1d0d4ad4a8d5,2026-09-25T00:17:01.305+00:00,2026-09-25T00:17:01.512+00:00,21072-30059,dryers,50170058,72000000,2026-09-25 00:17:01,2026-09-12 03:29:03,46,1111678.0,-1108918.0,,Available,website maps this code to Available
1,496e71f7-149e-4f58-8164-1d0d4ad4a8d5,2026-09-25T00:17:01.305+00:00,2026-09-25T00:17:01.512+00:00,21072-30059,dryers,50170061,72000000,2026-09-25 00:17:01,2026-09-24 20:07:24,46,14977.0,-12217.0,,Available,website maps this code to Available
1,496e71f7-149e-4f58-8164-1d0d4ad4a8d5,2026-09-25T00:17:01.305+00:00,2026-09-25T00:17:01.512+00:00,21072-30059,dryers,50170081,72000000,2026-09-25 00:17:01,2026-09-24 20:09:15,46,14866.0,-12106.0,,Available,website maps this code to Available
1,496e71f7-149e-4f58-8164-1d0d4ad4a8d5,2026-09-25T00:17:01.305+00:00,2026-09-25T00:17:01.512+00:00,21072-30059,dryers,50170060,72000000,2026-09-25 00:17:01,2026-09-24 07:40:57,46,59764.0,-57004.0,,Available,website maps this code to Available
1,496e71f7-149e-4f58-8164-1d0d4ad4a8d5,2026-09-25T00:17:01.305+00:00,2026-09-25T00:17:01.512+00:00,21072-30059,dryers,50170087,42000000,2026-09-25 00:17:01,2026-09-25 00:11:45,45,316.0,2384.0,40,Running,
1,496e71f7-149e-4f58-8164-1d0d4ad4a8d5,2026-09-25T00:17:01.305+00:00,2026-09-25T00:17:01.512+00:00,21072-30059,dryers,50170064,72000000,2026-09-25 00:17:01,2026-09-24 07:02:42,46,62059.0,-59299.0,,Available,website maps this code to Available
1,496e71f7-149e-4f58-8164-1d0d4ad4a8d5,2026-09-25T00:17:01.305+00:00,2026-09-25T00:17:01.512+00:00,21072-30059,dryers,50170065,42000000,2026-09-25 00:17:01,2026-09-24 23:57:14,45,1187.0,1513.0,26,Running,
1,496e71f7-149e-4f58-8164-1d0d4ad4a8d5,2026-09-25T00:17:01.305+00:00,2026-09-25T00:17:01.512+00:00,21072-30059,dryers,50170059,72000000,2026-09-25 00:17:01,2026-09-24 15:47:57,46,30544.0,-27784.0,,Available,website maps this code to Available
1,496e71f7-149e-4f58-8164-1d0d4ad4a8d5,2026-09-25T00:17:01.305+00:00,2026-09-25T00:17:01.512+00:00,21072-30059,dryers,50170057,42000000,2026-09-25 00:17:01,2026-09-24 23:57:46,45,1155.0,1545.0,26,Running,
1,496e71f7-149e-4f58-8164-1d0d4ad4a8d5,2026-09-25T00:17:01.305+00:00,2026-09-25T00:17:01.512+00:00,21072-30059,dryers,50170062,42000000,2026-09-25 00:17:01,2026-09-24 23:58:30,45,1111.0,1589.0,27,Running,
1,496e71f7-149e-4f58-8164-1d0d4ad4a8d5,2026-09-25T00:17:01.305+00:00,2026-09-25T00:17:01.512+00:00,21072-30059,dryers,50170067,42000000,2026-09-25 00:17:01,2026-09-24 23:55:05,45,1316.0,1384.0,24,Running,
1,496e71f7-149e-4f58-8164-1d0d4ad4a8d5,2026-09-25T00:17:01.305+00:00,2026-09-25T00:17:01.512+00:00,21072-30059,dryers,50170074,42000000,2026-09-25 00:17:01,2026-09-24 23:55:11,45,1310.0,1390.0,24,Running,
1,496e71f7-149e-4f58-8164-1d0d4ad4a8d5,2026-09-25T00:17:01.305+00:00,2026-09-25T00:17:01.512+00:00,21072-30059,dryers,50170071,72000000,2026-09-25 00:17:01,2026-09-24 07:02:46,46,62055.0,-59295.0,,Available,website maps this code to Available
1,496e71f7-149e-4f58-8164-1d0d4ad4a8d5,2026-09-25T00:17:01.305+00:00,2026-09-25T00:17:01.512+00:00,21072-30059,dryers,50170054,52000000,2026-09-25 00:17:01,2026-09-24 19:43:49,1,16392.0,-16332.0,,Available,website fallback: report over 1 hour old
1,ff6d354f-aefe-4cd2-8f79-1ef3a561e52e,2026-09-25T00:18:01.288+00:00,2026-09-25T00:18:01.483+00:00,21072-30059,washers,50170051,72000000,2026-09-25 00:18:01,2026-09-25 00:17:42,29,19.0,1721.0,,Available,website maps this code to Available
1,ff6d354f-aefe-4cd2-8f79-1ef3a561e52e,2026-09-25T00:18:01.288+00:00,2026-09-25T00:18:01.483+00:00,21072-30059,washers,50170080,52000000,2026-09-25 00:18:01,2026-09-25 00:15:07,29,174.0,1566.0,,Finished,
1,ff6d354f-aefe-4cd2-8f79-1ef3a561e52e,2026-09-25T00:18:01.288+00:00,2026-09-25T00:18:01.483+00:00,21072-30059,washers,50170075,72000000,2026-09-25 00:18:01,2026-09-25 00:14:33,29,208.0,1532.0,,Available,website maps this code to Available
1,ff6d354f-aefe-4cd2-8f79-1ef3a561e52e,2026-09-25T00:18:01.288+00:00,2026-09-25T00:18:01.483+00:00,21072-30059,washers,50170082,72000000,2026-09-25 00:18:01,2026-09-24 07:02:33,29,62128.0,-60388.0,,Available,website maps this code to Available
1,ff6d354f-aefe-4cd2-8f79-1ef3a561e52e,2026-09-25T00:18:01.288+00:00,2026-09-25T00:18:01.483+00:00,21072-30059,washers,50170050,42000000,2026-09-25 00:18:01,2026-09-25 00:08:06,10,595.0,5.0,1,Running,
1,ff6d354f-aefe-4cd2-8f79-1ef3a561e52e,2026-09-25T00:18:01.288+00:00,2026-09-25T00:18:01.483+00:00,21072-30059,washers,50170052,72000000,2026-09-25 00:18:01,2026-09-25 00:11:14,29,407.0,1333.0,,Available,website maps this code to Available
1,ff6d354f-aefe-4cd2-8f79-1ef3a561e52e,2026-09-25T00:18:01.288+00:00,2026-09-25T00:18:01.483+00:00,21072-30059,washers,50170078,72000000,2026-09-25 00:18:01,2026-09-24 23:56:38,29,1283.0,457.0,,Available,website maps this code to Available
1,ff6d354f-aefe-4cd2-8f79-1ef3a561e52e,2026-09-25T00:18:01.288+00:00,2026-09-25T00:18:01.483+00:00,21072-30059,washers,50170084,72000000,2026-09-25 00:18:01,2026-09-24 15:48:03,29,30598.0,-28858.0,,Available,website maps this code to Available
1,ff6d354f-aefe-4cd2-8f79-1ef3a561e52e,2026-09-25T00:18:01.288+00:00,2026-09-25T00:18:01.483+00:00,21072-30059,washers,50170068,72000000,2026-09-25 00:18:01,2026-09-24 23:56:53,29,1268.0,472.0,,Available,website maps this code to Available
1,ff6d354f-aefe-4cd2-8f79-1ef3a561e52e,2026-09-25T00:18:01.288+00:00,2026-09-25T00:18:01.483+00:00,21072-30059,washers,50170072,72000000,2026-09-25 00:18:01,2026-09-24 23:57:52,29,1209.0,531.0,,Available,website maps this code to Available
1,ff6d354f-aefe-4cd2-8f79-1ef3a561e52e,2026-09-25T00:18:01.288+00:00,2026-09-25T00:18:01.483+00:00,21072-30059,washers,20483408,72000000,2026-09-25 00:18:01,2024-12-20 00:43:32,0,55640069.0,-55640069.0,,Available,website maps this code to Available
1,ff6d354f-aefe-4cd2-8f79-1ef3a561e52e,2026-09-25T00:18:01.288+00:00,2026-09-25T00:18:01.483+00:00,21072-30059,washers,50170055,72000000,2026-09-25 00:18:01,2026-09-24 23:53:15,29,1486.0,254.0,,Available,website maps this code to Available
1,ff6d354f-aefe-4cd2-8f79-1ef3a561e52e,2026-09-25T00:18:01.288+00:00,2026-09-25T00:18:01.483+00:00,21072-30059,dryers,50170058,72000000,2026-09-25 00:18:01,2026-09-12 03:29:03,46,1111738.0,-1108978.0,,Available,website maps this code to Available
1,ff6d354f-aefe-4cd2-8f79-1ef3a561e52e,2026-09-25T00:18:01.288+00:00,2026-09-25T00:18:01.483+00:00,21072-30059,dryers,50170061,72000000,2026-09-25 00:18:01,2026-09-24 20:07:24,46,15037.0,-12277.0,,Available,website maps this code to Available
1,ff6d354f-aefe-4cd2-8f79-1ef3a561e52e,2026-09-25T00:18:01.288+00:00,2026-09-25T00:18:01.483+00:00,21072-30059,dryers,50170081,72000000,2026-09-25 00:18:01,2026-09-24 20:09:15,46,14926.0,-12166.0,,Available,website maps this code to Available
1,ff6d354f-aefe-4cd2-8f79-1ef3a561e52e,2026-09-25T00:18:01.288+00:00,2026-09-25T00:18:01.483+00:00,21072-30059,dryers,50170060,72000000,2026-09-25 00:18:01,2026-09-24 07:40:57,46,59824.0,-57064.0,,Available,website maps this code to Available
1,ff6d354f-aefe-4cd2-8f79-1ef3a561e52e,2026-09-25T00:18:01.288+00:00,2026-09-25T00:18:01.483+00:00,21072-30059,dryers,50170087,42000000,2026-09-25 00:18:01,2026-09-25 00:11:45,45,376.0,2324.0,39,Running,
1,ff6d354f-aefe-4cd2-8f79-1ef3a561e52e,2026-09-25T00:18:01.288+00:00,2026-09-25T00:18:01.483+00:00,21072-30059,dryers,50170064,72000000,2026-09-25 00:18:01,2026-09-24 07:02:42,46,62119.0,-59359.0,,Available,website maps this code to Available
1,ff6d354f-aefe-4cd2-8f79-1ef3a561e52e,2026-09-25T00:18:01.288+00:00,2026-09-25T00:18:01.483+00:00,21072-30059,dryers,50170065,42000000,2026-09-25 00:18:01,2026-09-24 23:57:14,45,1247.0,1453.0,25,Running,
1,ff6d354f-aefe-4cd2-8f79-1ef3a561e52e,2026-09-25T00:18:01.288+00:00,2026-09-25T00:18:01.483+00:00,21072-30059,dryers,50170059,72000000,2026-09-25 00:18:01,2026-09-24 15:47:57,46,30604.0,-27844.0,,Available,website maps this code to Available
1,ff6d354f-aefe-4cd2-8f79-1ef3a561e52e,2026-09-25T00:18:01.288+00:00,2026-09-25T00:18:01.483+00:00,21072-30059,dryers,50170057,42000000,2026-09-25 00:18:01,2026-09-24 23:57:46,45,1215.0,1485.0,25,Running,
1,ff6d354f-aefe-4cd2-8f79-1ef3a561e52e,2026-09-25T00:18:01.288+00:00,2026-09-25T00:18:01.483+00:00,21072-30059,dryers,50170062,42000000,2026-09-25 00:18:01,2026-09-24 23:58:30,45,1171.0,1529.0,26,Running,
1,ff6d354f-aefe-4cd2-8f79-1ef3a561e52e,2026-09-25T00:18:01.288+00:00,2026-09-25T00:18:01.483+00:00,21072-30059,dryers,50170067,42000000,2026-09-25 00:18:01,2026-09-24 23:55:05,45,1376.0,1324.0,23,Running,
1,ff6d354f-aefe-4cd2-8f79-1ef3a561e52e,2026-09-25T00:18:01.288+00:00,2026-09-25T00:18:01.483+00:00,21072-30059,dryers,50170074,42000000,2026-09-25 00:18:01,2026-09-24 23:55:11,45,1370.0,1330.0,23,Running,
1,ff6d354f-aefe-4cd2-8f79-1ef3a561e52e,2026-09-25T00:18:01.288+00:00,2026-09-25T00:18:01.483+00:00,21072-30059,dryers,50170071,42000000,2026-09-25 00:18:01,2026-09-25 00:17:23,45,38.0,2662.0,45,Running,
1,ff6d354f-aefe-4cd2-8f79-1ef3a561e52e,2026-09-25T00:18:01.288+00:00,2026-09-25T00:18:01.483+00:00,21072-30059,dryers,50170054,72000000,2026-09-25 00:18:01,2026-09-25 00:17:10,46,51.0,2709.0,,Available,website maps this code to Available
1,4a2157a5-401e-4eb9-bc1a-c08e40c38383,2026-09-25T00:19:01.296+00:00,2026-09-25T00:19:01.481+00:00,21072-30059,washers,50170051,72000000,2026-09-25 00:19:01,2026-09-25 00:17:42,29,79.0,1661.0,,Available,website maps this code to Available
1,4a2157a5-401e-4eb9-bc1a-c08e40c38383,2026-09-25T00:19:01.296+00:00,2026-09-25T00:19:01.481+00:00,21072-30059,washers,50170080,52000000,2026-09-25 00:19:01,2026-09-25 00:15:07,29,234.0,1506.0,,Finished,
1,4a2157a5-401e-4eb9-bc1a-c08e40c38383,2026-09-25T00:19:01.296+00:00,2026-09-25T00:19:01.481+00:00,21072-30059,washers,50170075,72000000,2026-09-25 00:19:01,2026-09-25 00:14:33,29,268.0,1472.0,,Available,website maps this code to Available
1,4a2157a5-401e-4eb9-bc1a-c08e40c38383,2026-09-25T00:19:01.296+00:00,2026-09-25T00:19:01.481+00:00,21072-30059,washers,50170082,72000000,2026-09-25 00:19:01,2026-09-24 07:02:33,29,62188.0,-60448.0,,Available,website maps this code to Available
1,4a2157a5-401e-4eb9-bc1a-c08e40c38383,2026-09-25T00:19:01.296+00:00,2026-09-25T00:19:01.481+00:00,21072-30059,washers,50170050,A2000000,2026-09-25 00:19:01,2026-09-25 00:18:16,1,45.0,15.0,,Door Unlock Mode,
1,4a2157a5-401e-4eb9-bc1a-c08e40c38383,2026-09-25T00:19:01.296+00:00,2026-09-25T00:19:01.481+00:00,21072-30059,washers,50170052,72000000,2026-09-25 00:19:01,2026-09-25 00:11:14,29,467.0,1273.0,,Available,website maps this code to Available
1,4a2157a5-401e-4eb9-bc1a-c08e40c38383,2026-09-25T00:19:01.296+00:00,2026-09-25T00:19:01.481+00:00,21072-30059,washers,50170078,72000000,2026-09-25 00:19:01,2026-09-24 23:56:38,29,1343.0,397.0,,Available,website maps this code to Available
1,4a2157a5-401e-4eb9-bc1a-c08e40c38383,2026-09-25T00:19:01.296+00:00,2026-09-25T00:19:01.481+00:00,21072-30059,washers,50170084,72000000,2026-09-25 00:19:01,2026-09-24 15:48:03,29,30658.0,-28918.0,,Available,website maps this code to Available
1,4a2157a5-401e-4eb9-bc1a-c08e40c38383,2026-09-25T00:19:01.296+00:00,2026-09-25T00:19:01.481+00:00,21072-30059,washers,50170068,72000000,2026-09-25 00:19:01,2026-09-24 23:56:53,29,1328.0,412.0,,Available,website maps this code to Available
1,4a2157a5-401e-4eb9-bc1a-c08e40c38383,2026-09-25T00:19:01.296+00:00,2026-09-25T00:19:01.481+00:00,21072-30059,washers,50170072,72000000,2026-09-25 00:19:01,2026-09-24 23:57:52,29,1269.0,471.0,,Available,website maps this code to Available
1,4a2157a5-401e-4eb9-bc1a-c08e40c38383,2026-09-25T00:19:01.296+00:00,2026-09-25T00:19:01.481+00:00,21072-30059,washers,20483408,72000000,2026-09-25 00:19:01,2024-12-20 00:43:32,0,55640129.0,-55640129.0,,Available,website maps this code to Available
1,4a2157a5-401e-4eb9-bc1a-c08e40c38383,2026-09-25T00:19:01.296+00:00,2026-09-25T00:19:01.481+00:00,21072-30059,washers,50170055,72000000,2026-09-25 00:19:01,2026-09-24 23:53:15,29,1546.0,194.0,,Available,website maps this code to Available
1,4a2157a5-401e-4eb9-bc1a-c08e40c38383,2026-09-25T00:19:01.296+00:00,2026-09-25T00:19:01.481+00:00,21072-30059,dryers,50170058,72000000,2026-09-25 00:19:01,2026-09-12 03:29:03,46,1111798.0,-1109038.0,,Available,website maps this code to Available
1,4a2157a5-401e-4eb9-bc1a-c08e40c38383,2026-09-25T00:19:01.296+00:00,2026-09-25T00:19:01.481+00:00,21072-30059,dryers,50170061,72000000,2026-09-25 00:19:01,2026-09-24 20:07:24,46,15097.0,-12337.0,,Available,website maps this code to Available
1,4a2157a5-401e-4eb9-bc1a-c08e40c38383,2026-09-25T00:19:01.296+00:00,2026-09-25T00:19:01.481+00:00,21072-30059,dryers,50170081,72000000,2026-09-25 00:19:01,2026-09-24 20:09:15,46,14986.0,-12226.0,,Available,website maps this code to Available
1,4a2157a5-401e-4eb9-bc1a-c08e40c38383,2026-09-25T00:19:01.296+00:00,2026-09-25T00:19:01.481+00:00,21072-30059,dryers,50170060,72000000,2026-09-25 00:19:01,2026-09-24 07:40:57,46,59884.0,-57124.0,,Available,website maps this code to Available
1,4a2157a5-401e-4eb9-bc1a-c08e40c38383,2026-09-25T00:19:01.296+00:00,2026-09-25T00:19:01.481+00:00,21072-30059,dryers,50170087,42000000,2026-09-25 00:19:01,2026-09-25 00:11:45,45,436.0,2264.0,38,Running,
1,4a2157a5-401e-4eb9-bc1a-c08e40c38383,2026-09-25T00:19:01.296+00:00,2026-09-25T00:19:01.481+00:00,21072-30059,dryers,50170064,72000000,2026-09-25 00:19:01,2026-09-24 07:02:42,46,62179.0,-59419.0,,Available,website maps this code to Available
1,4a2157a5-401e-4eb9-bc1a-c08e40c38383,2026-09-25T00:19:01.296+00:00,2026-09-25T00:19:01.481+00:00,21072-30059,dryers,50170065,42000000,2026-09-25 00:19:01,2026-09-24 23:57:14,45,1307.0,1393.0,24,Running,
1,4a2157a5-401e-4eb9-bc1a-c08e40c38383,2026-09-25T00:19:01.296+00:00,2026-09-25T00:19:01.481+00:00,21072-30059,dryers,50170059,72000000,2026-09-25 00:19:01,2026-09-24 15:47:57,46,30664.0,-27904.0,,Available,website maps this code to Available
1,4a2157a5-401e-4eb9-bc1a-c08e40c38383,2026-09-25T00:19:01.296+00:00,2026-09-25T00:19:01.481+00:00,21072-30059,dryers,50170057,42000000,2026-09-25 00:19:01,2026-09-24 23:57:46,45,1275.0,1425.0,24,Running,
1,4a2157a5-401e-4eb9-bc1a-c08e40c38383,2026-09-25T00:19:01.296+00:00,2026-09-25T00:19:01.481+00:00,21072-30059,dryers,50170062,42000000,2026-09-25 00:19:01,2026-09-24 23:58:30,45,1231.0,1469.0,25,Running,
1,4a2157a5-401e-4eb9-bc1a-c08e40c38383,2026-09-25T00:19:01.296+00:00,2026-09-25T00:19:01.481+00:00,21072-30059,dryers,50170067,42000000,2026-09-25 00:19:01,2026-09-24 23:55:05,45,1436.0,1264.0,22,Running,
1,4a2157a5-401e-4eb9-bc1a-c08e40c38383,2026-09-25T00:19:01.296+00:00,2026-09-25T00:19:01.481+00:00,21072-30059,dryers,50170074,42000000,2026-09-25 00:19:01,2026-09-24 23:55:11,45,1430.0,1270.0,22,Running,
1,4a2157a5-401e-4eb9-bc1a-c08e40c38383,2026-09-25T00:19:01.296+00:00,2026-09-25T00:19:01.481+00:00,21072-30059,dryers,50170071,42000000,2026-09-25 00:19:01,2026-09-25 00:17:23,45,98.0,2602.0,44,Running,
1,4a2157a5-401e-4eb9-bc1a-c08e40c38383,2026-09-25T00:19:01.296+00:00,2026-09-25T00:19:01.481+00:00,21072-30059,dryers,50170054,72000000,2026-09-25 00:19:01,2026-09-25 00:17:10,46,111.0,2649.0,,Available,website maps this code to Available
1,617f6fdc-fa2a-4a6c-9ea6-1ddad8a62813,2026-09-25T00:20:01.363+00:00,2026-09-25T00:20:01.548+00:00,21072-30059,washers,50170051,72000000,2026-09-25 00:20:01,2026-09-25 00:17:42,29,139.0,1601.0,,Available,website maps this code to Available
1,617f6fdc-fa2a-4a6c-9ea6-1ddad8a62813,2026-09-25T00:20:01.363+00:00,2026-09-25T00:20:01.548+00:00,21072-30059,washers,50170080,52000000,2026-09-25 00:20:01,2026-09-25 00:15:07,29,294.0,1446.0,,Finished,
1,617f6fdc-fa2a-4a6c-9ea6-1ddad8a62813,2026-09-25T00:20:01.363+00:00,2026-09-25T00:20:01.548+00:00,21072-30059,washers,50170075,72000000,2026-09-25 00:20:01,2026-09-25 00:14:33,29,328.0,1412.0,,Available,website maps this code to Available
1,617f6fdc-fa2a-4a6c-9ea6-1ddad8a62813,2026-09-25T00:20:01.363+00:00,2026-09-25T00:20:01.548+00:00,21072-30059,washers,50170082,72000000,2026-09-25 00:20:01,2026-09-24 07:02:33,29,62248.0,-60508.0,,Available,website maps this code to Available
1,617f6fdc-fa2a-4a6c-9ea6-1ddad8a62813,2026-09-25T00:20:01.363+00:00,2026-09-25T00:20:01.548+00:00,21072-30059,washers,50170050,72000000,2026-09-25 00:20:01,2026-09-25 00:19:24,29,37.0,1703.0,,Available,website maps this code to Available
1,617f6fdc-fa2a-4a6c-9ea6-1ddad8a62813,2026-09-25T00:20:01.363+00:00,2026-09-25T00:20:01.548+00:00,21072-30059,washers,50170052,72000000,2026-09-25 00:20:01,2026-09-25 00:11:14,29,527.0,1213.0,,Available,website maps this code to Available
1,617f6fdc-fa2a-4a6c-9ea6-1ddad8a62813,2026-09-25T00:20:01.363+00:00,2026-09-25T00:20:01.548+00:00,21072-30059,washers,50170078,72000000,2026-09-25 00:20:01,2026-09-24 23:56:38,29,1403.0,337.0,,Available,website maps this code to Available
1,617f6fdc-fa2a-4a6c-9ea6-1ddad8a62813,2026-09-25T00:20:01.363+00:00,2026-09-25T00:20:01.548+00:00,21072-30059,washers,50170084,72000000,2026-09-25 00:20:01,2026-09-24 15:48:03,29,30718.0,-28978.0,,Available,website maps this code to Available
1,617f6fdc-fa2a-4a6c-9ea6-1ddad8a62813,2026-09-25T00:20:01.363+00:00,2026-09-25T00:20:01.548+00:00,21072-30059,washers,50170068,72000000,2026-09-25 00:20:01,2026-09-24 23:56:53,29,1388.0,352.0,,Available,website maps this code to Available
1,617f6fdc-fa2a-4a6c-9ea6-1ddad8a62813,2026-09-25T00:20:01.363+00:00,2026-09-25T00:20:01.548+00:00,21072-30059,washers,50170072,72000000,2026-09-25 00:20:01,2026-09-24 23:57:52,29,1329.0,411.0,,Available,website maps this code to Available
1,617f6fdc-fa2a-4a6c-9ea6-1ddad8a62813,2026-09-25T00:20:01.363+00:00,2026-09-25T00:20:01.548+00:00,21072-30059,washers,20483408,72000000,2026-09-25 00:20:01,2024-12-20 00:43:32,0,55640189.0,-55640189.0,,Available,website maps this code to Available
1,617f6fdc-fa2a-4a6c-9ea6-1ddad8a62813,2026-09-25T00:20:01.363+00:00,2026-09-25T00:20:01.548+00:00,21072-30059,washers,50170055,72000000,2026-09-25 00:20:01,2026-09-24 23:53:15,29,1606.0,134.0,,Available,website maps this code to Available
1,617f6fdc-fa2a-4a6c-9ea6-1ddad8a62813,2026-09-25T00:20:01.363+00:00,2026-09-25T00:20:01.548+00:00,21072-30059,dryers,50170058,72000000,2026-09-25 00:20:01,2026-09-12 03:29:03,46,1111858.0,-1109098.0,,Available,website maps this code to Available
1,617f6fdc-fa2a-4a6c-9ea6-1ddad8a62813,2026-09-25T00:20:01.363+00:00,2026-09-25T00:20:01.548+00:00,21072-30059,dryers,50170061,72000000,2026-09-25 00:20:01,2026-09-24 20:07:24,46,15157.0,-12397.0,,Available,website maps this code to Available
1,617f6fdc-fa2a-4a6c-9ea6-1ddad8a62813,2026-09-25T00:20:01.363+00:00,2026-09-25T00:20:01.548+00:00,21072-30059,dryers,50170081,72000000,2026-09-25 00:20:01,2026-09-24 20:09:15,46,15046.0,-12286.0,,Available,website maps this code to Available
1,617f6fdc-fa2a-4a6c-9ea6-1ddad8a62813,2026-09-25T00:20:01.363+00:00,2026-09-25T00:20:01.548+00:00,21072-30059,dryers,50170060,72000000,2026-09-25 00:20:01,2026-09-24 07:40:57,46,59944.0,-57184.0,,Available,website maps this code to Available
1,617f6fdc-fa2a-4a6c-9ea6-1ddad8a62813,2026-09-25T00:20:01.363+00:00,2026-09-25T00:20:01.548+00:00,21072-30059,dryers,50170087,42000000,2026-09-25 00:20:01,2026-09-25 00:11:45,45,496.0,2204.0,37,Running,
1,617f6fdc-fa2a-4a6c-9ea6-1ddad8a62813,2026-09-25T00:20:01.363+00:00,2026-09-25T00:20:01.548+00:00,21072-30059,dryers,50170064,72000000,2026-09-25 00:20:01,2026-09-24 07:02:42,46,62239.0,-59479.0,,Available,website maps this code to Available
1,617f6fdc-fa2a-4a6c-9ea6-1ddad8a62813,2026-09-25T00:20:01.363+00:00,2026-09-25T00:20:01.548+00:00,21072-30059,dryers,50170065,42000000,2026-09-25 00:20:01,2026-09-24 23:57:14,45,1367.0,1333.0,23,Running,
1,617f6fdc-fa2a-4a6c-9ea6-1ddad8a62813,2026-09-25T00:20:01.363+00:00,2026-09-25T00:20:01.548+00:00,21072-30059,dryers,50170059,72000000,2026-09-25 00:20:01,2026-09-24 15:47:57,46,30724.0,-27964.0,,Available,website maps this code to Available
1,617f6fdc-fa2a-4a6c-9ea6-1ddad8a62813,2026-09-25T00:20:01.363+00:00,2026-09-25T00:20:01.548+00:00,21072-30059,dryers,50170057,42000000,2026-09-25 00:20:01,2026-09-24 23:57:46,45,1335.0,1365.0,23,Running,
1,617f6fdc-fa2a-4a6c-9ea6-1ddad8a62813,2026-09-25T00:20:01.363+00:00,2026-09-25T00:20:01.548+00:00,21072-30059,dryers,50170062,42000000,2026-09-25 00:20:01,2026-09-24 23:58:30,45,1291.0,1409.0,24,Running,
1,617f6fdc-fa2a-4a6c-9ea6-1ddad8a62813,2026-09-25T00:20:01.363+00:00,2026-09-25T00:20:01.548+00:00,21072-30059,dryers,50170067,42000000,2026-09-25 00:20:01,2026-09-24 23:55:05,45,1496.0,1204.0,21,Running,
1,617f6fdc-fa2a-4a6c-9ea6-1ddad8a62813,2026-09-25T00:20:01.363+00:00,2026-09-25T00:20:01.548+00:00,21072-30059,dryers,50170074,42000000,2026-09-25 00:20:01,2026-09-24 23:55:11,45,1490.0,1210.0,21,Running,
1,617f6fdc-fa2a-4a6c-9ea6-1ddad8a62813,2026-09-25T00:20:01.363+00:00,2026-09-25T00:20:01.548+00:00,21072-30059,dryers,50170071,42000000,2026-09-25 00:20:01,2026-09-25 00:17:23,45,158.0,2542.0,43,Running,
1,617f6fdc-fa2a-4a6c-9ea6-1ddad8a62813,2026-09-25T00:20:01.363+00:00,2026-09-25T00:20:01.548+00:00,21072-30059,dryers,50170054,72000000,2026-09-25 00:20:01,2026-09-25 00:17:10,46,171.0,2589.0,,Available,website maps this code to Available
1,f2f7083a-8edb-4d88-b4c4-ee1eebc2bb7a,2026-09-25T00:21:00.847+00:00,2026-09-25T00:21:01.036+00:00,21072-30059,washers,50170051,72000000,2026-09-25 00:21:01,2026-09-25 00:17:42,29,199.0,1541.0,,Available,website maps this code to Available
1,f2f7083a-8edb-4d88-b4c4-ee1eebc2bb7a,2026-09-25T00:21:00.847+00:00,2026-09-25T00:21:01.036+00:00,21072-30059,washers,50170080,72000000,2026-09-25 00:21:01,2026-09-25 00:20:13,29,48.0,1692.0,,Available,website maps this code to Available
1,f2f7083a-8edb-4d88-b4c4-ee1eebc2bb7a,2026-09-25T00:21:00.847+00:00,2026-09-25T00:21:01.036+00:00,21072-30059,washers,50170075,72000000,2026-09-25 00:21:01,2026-09-25 00:14:33,29,388.0,1352.0,,Available,website maps this code to Available
1,f2f7083a-8edb-4d88-b4c4-ee1eebc2bb7a,2026-09-25T00:21:00.847+00:00,2026-09-25T00:21:01.036+00:00,21072-30059,washers,50170082,72000000,2026-09-25 00:21:01,2026-09-24 07:02:33,29,62308.0,-60568.0,,Available,website maps this code to Available
1,f2f7083a-8edb-4d88-b4c4-ee1eebc2bb7a,2026-09-25T00:21:00.847+00:00,2026-09-25T00:21:01.036+00:00,21072-30059,washers,50170050,72000000,2026-09-25 00:21:01,2026-09-25 00:19:24,29,97.0,1643.0,,Available,website maps this code to Available
1,f2f7083a-8edb-4d88-b4c4-ee1eebc2bb7a,2026-09-25T00:21:00.847+00:00,2026-09-25T00:21:01.036+00:00,21072-30059,washers,50170052,72000000,2026-09-25 00:21:01,2026-09-25 00:11:14,29,587.0,1153.0,,Available,website maps this code to Available
1,f2f7083a-8edb-4d88-b4c4-ee1eebc2bb7a,2026-09-25T00:21:00.847+00:00,2026-09-25T00:21:01.036+00:00,21072-30059,washers,50170078,72000000,2026-09-25 00:21:01,2026-09-24 23:56:38,29,1463.0,277.0,,Available,website maps this code to Available
1,f2f7083a-8edb-4d88-b4c4-ee1eebc2bb7a,2026-09-25T00:21:00.847+00:00,2026-09-25T00:21:01.036+00:00,21072-30059,washers,50170084,72000000,2026-09-25 00:21:01,2026-09-24 15:48:03,29,30778.0,-29038.0,,Available,website maps this code to Available
1,f2f7083a-8edb-4d88-b4c4-ee1eebc2bb7a,2026-09-25T00:21:00.847+00:00,2026-09-25T00:21:01.036+00:00,21072-30059,washers,50170068,72000000,2026-09-25 00:21:01,2026-09-24 23:56:53,29,1448.0,292.0,,Available,website maps this code to Available
1,f2f7083a-8edb-4d88-b4c4-ee1eebc2bb7a,2026-09-25T00:21:00.847+00:00,2026-09-25T00:21:01.036+00:00,21072-30059,washers,50170072,72000000,2026-09-25 00:21:01,2026-09-24 23:57:52,29,1389.0,351.0,,Available,website maps this code to Available
1,f2f7083a-8edb-4d88-b4c4-ee1eebc2bb7a,2026-09-25T00:21:00.847+00:00,2026-09-25T00:21:01.036+00:00,21072-30059,washers,20483408,72000000,2026-09-25 00:21:01,2024-12-20 00:43:32,0,55640249.0,-55640249.0,,Available,website maps this code to Available
1,f2f7083a-8edb-4d88-b4c4-ee1eebc2bb7a,2026-09-25T00:21:00.847+00:00,2026-09-25T00:21:01.036+00:00,21072-30059,washers,50170055,72000000,2026-09-25 00:21:01,2026-09-24 23:53:15,29,1666.0,74.0,,Available,website maps this code to Available
1,f2f7083a-8edb-4d88-b4c4-ee1eebc2bb7a,2026-09-25T00:21:00.847+00:00,2026-09-25T00:21:01.036+00:00,21072-30059,dryers,50170058,72000000,2026-09-25 00:21:01,2026-09-12 03:29:03,46,1111918.0,-1109158.0,,Available,website maps this code to Available
1,f2f7083a-8edb-4d88-b4c4-ee1eebc2bb7a,2026-09-25T00:21:00.847+00:00,2026-09-25T00:21:01.036+00:00,21072-30059,dryers,50170061,72000000,2026-09-25 00:21:01,2026-09-24 20:07:24,46,15217.0,-12457.0,,Available,website maps this code to Available
1,f2f7083a-8edb-4d88-b4c4-ee1eebc2bb7a,2026-09-25T00:21:00.847+00:00,2026-09-25T00:21:01.036+00:00,21072-30059,dryers,50170081,72000000,2026-09-25 00:21:01,2026-09-24 20:09:15,46,15106.0,-12346.0,,Available,website maps this code to Available
1,f2f7083a-8edb-4d88-b4c4-ee1eebc2bb7a,2026-09-25T00:21:00.847+00:00,2026-09-25T00:21:01.036+00:00,21072-30059,dryers,50170060,72000000,2026-09-25 00:21:01,2026-09-24 07:40:57,46,60004.0,-57244.0,,Available,website maps this code to Available
1,f2f7083a-8edb-4d88-b4c4-ee1eebc2bb7a,2026-09-25T00:21:00.847+00:00,2026-09-25T00:21:01.036+00:00,21072-30059,dryers,50170087,42000000,2026-09-25 00:21:01,2026-09-25 00:11:45,45,556.0,2144.0,36,Running,
1,f2f7083a-8edb-4d88-b4c4-ee1eebc2bb7a,2026-09-25T00:21:00.847+00:00,2026-09-25T00:21:01.036+00:00,21072-30059,dryers,50170064,72000000,2026-09-25 00:21:01,2026-09-24 07:02:42,46,62299.0,-59539.0,,Available,website maps this code to Available
1,f2f7083a-8edb-4d88-b4c4-ee1eebc2bb7a,2026-09-25T00:21:00.847+00:00,2026-09-25T00:21:01.036+00:00,21072-30059,dryers,50170065,42000000,2026-09-25 00:21:01,2026-09-24 23:57:14,45,1427.0,1273.0,22,Running,
1,f2f7083a-8edb-4d88-b4c4-ee1eebc2bb7a,2026-09-25T00:21:00.847+00:00,2026-09-25T00:21:01.036+00:00,21072-30059,dryers,50170059,72000000,2026-09-25 00:21:01,2026-09-24 15:47:57,46,30784.0,-28024.0,,Available,website maps this code to Available
1,f2f7083a-8edb-4d88-b4c4-ee1eebc2bb7a,2026-09-25T00:21:00.847+00:00,2026-09-25T00:21:01.036+00:00,21072-30059,dryers,50170057,42000000,2026-09-25 00:21:01,2026-09-24 23:57:46,45,1395.0,1305.0,22,Running,
1,f2f7083a-8edb-4d88-b4c4-ee1eebc2bb7a,2026-09-25T00:21:00.847+00:00,2026-09-25T00:21:01.036+00:00,21072-30059,dryers,50170062,42000000,2026-09-25 00:21:01,2026-09-24 23:58:30,45,1351.0,1349.0,23,Running,
1,f2f7083a-8edb-4d88-b4c4-ee1eebc2bb7a,2026-09-25T00:21:00.847+00:00,2026-09-25T00:21:01.036+00:00,21072-30059,dryers,50170067,42000000,2026-09-25 00:21:01,2026-09-24 23:55:05,45,1556.0,1144.0,20,Running,
1,f2f7083a-8edb-4d88-b4c4-ee1eebc2bb7a,2026-09-25T00:21:00.847+00:00,2026-09-25T00:21:01.036+00:00,21072-30059,dryers,50170074,42000000,2026-09-25 00:21:01,2026-09-24 23:55:11,45,1550.0,1150.0,20,Running,
1,f2f7083a-8edb-4d88-b4c4-ee1eebc2bb7a,2026-09-25T00:21:00.847+00:00,2026-09-25T00:21:01.036+00:00,21072-30059,dryers,50170071,42000000,2026-09-25 00:21:01,2026-09-25 00:17:23,45,218.0,2482.0,42,Running,
1,f2f7083a-8edb-4d88-b4c4-ee1eebc2bb7a,2026-09-25T00:21:00.847+00:00,2026-09-25T00:21:01.036+00:00,21072-30059,dryers,50170054,72000000,2026-09-25 00:21:01,2026-09-25 00:17:10,46,231.0,2529.0,,Available,website maps this code to Available
1,e522c602-a6aa-453c-a470-62193628f2d1,2026-09-25T00:22:01.317+00:00,2026-09-25T00:22:01.527+00:00,21072-30059,washers,50170051,72000000,2026-09-25 00:22:01,2026-09-25 00:17:42,29,259.0,1481.0,,Available,website maps this code to Available
1,e522c602-a6aa-453c-a470-62193628f2d1,2026-09-25T00:22:01.317+00:00,2026-09-25T00:22:01.527+00:00,21072-30059,washers,50170080,72000000,2026-09-25 00:22:01,2026-09-25 00:20:13,29,108.0,1632.0,,Available,website maps this code to Available
1,e522c602-a6aa-453c-a470-62193628f2d1,2026-09-25T00:22:01.317+00:00,2026-09-25T00:22:01.527+00:00,21072-30059,washers,50170075,72000000,2026-09-25 00:22:01,2026-09-25 00:14:33,29,448.0,1292.0,,Available,website maps this code to Available
1,e522c602-a6aa-453c-a470-62193628f2d1,2026-09-25T00:22:01.317+00:00,2026-09-25T00:22:01.527+00:00,21072-30059,washers,50170082,72000000,2026-09-25 00:22:01,2026-09-24 07:02:33,29,62368.0,-60628.0,,Available,website maps this code to Available
1,e522c602-a6aa-453c-a470-62193628f2d1,2026-09-25T00:22:01.317+00:00,2026-09-25T00:22:01.527+00:00,21072-30059,washers,50170050,72000000,2026-09-25 00:22:01,2026-09-25 00:19:24,29,157.0,1583.0,,Available,website maps this code to Available
1,e522c602-a6aa-453c-a470-62193628f2d1,2026-09-25T00:22:01.317+00:00,2026-09-25T00:22:01.527+00:00,21072-30059,washers,50170052,72000000,2026-09-25 00:22:01,2026-09-25 00:11:14,29,647.0,1093.0,,Available,website maps this code to Available
1,e522c602-a6aa-453c-a470-62193628f2d1,2026-09-25T00:22:01.317+00:00,2026-09-25T00:22:01.527+00:00,21072-30059,washers,50170078,72000000,2026-09-25 00:22:01,2026-09-24 23:56:38,29,1523.0,217.0,,Available,website maps this code to Available
1,e522c602-a6aa-453c-a470-62193628f2d1,2026-09-25T00:22:01.317+00:00,2026-09-25T00:22:01.527+00:00,21072-30059,washers,50170084,72000000,2026-09-25 00:22:01,2026-09-24 15:48:03,29,30838.0,-29098.0,,Available,website maps this code to Available
1,e522c602-a6aa-453c-a470-62193628f2d1,2026-09-25T00:22:01.317+00:00,2026-09-25T00:22:01.527+00:00,21072-30059,washers,50170068,72000000,2026-09-25 00:22:01,2026-09-24 23:56:53,29,1508.0,232.0,,Available,website maps this code to Available
1,e522c602-a6aa-453c-a470-62193628f2d1,2026-09-25T00:22:01.317+00:00,2026-09-25T00:22:01.527+00:00,21072-30059,washers,50170072,72000000,2026-09-25 00:22:01,2026-09-24 23:57:52,29,1449.0,291.0,,Available,website maps this code to Available
1,e522c602-a6aa-453c-a470-62193628f2d1,2026-09-25T00:22:01.317+00:00,2026-09-25T00:22:01.527+00:00,21072-30059,washers,20483408,72000000,2026-09-25 00:22:01,2024-12-20 00:43:32,0,55640309.0,-55640309.0,,Available,website maps this code to Available
1,e522c602-a6aa-453c-a470-62193628f2d1,2026-09-25T00:22:01.317+00:00,2026-09-25T00:22:01.527+00:00,21072-30059,washers,50170055,72000000,2026-09-25 00:22:01,2026-09-24 23:53:15,29,1726.0,14.0,,Available,website maps this code to Available
1,e522c602-a6aa-453c-a470-62193628f2d1,2026-09-25T00:22:01.317+00:00,2026-09-25T00:22:01.527+00:00,21072-30059,dryers,50170058,72000000,2026-09-25 00:22:01,2026-09-12 03:29:03,46,1111978.0,-1109218.0,,Available,website maps this code to Available
1,e522c602-a6aa-453c-a470-62193628f2d1,2026-09-25T00:22:01.317+00:00,2026-09-25T00:22:01.527+00:00,21072-30059,dryers,50170061,72000000,2026-09-25 00:22:01,2026-09-24 20:07:24,46,15277.0,-12517.0,,Available,website maps this code to Available
1,e522c602-a6aa-453c-a470-62193628f2d1,2026-09-25T00:22:01.317+00:00,2026-09-25T00:22:01.527+00:00,21072-30059,dryers,50170081,42000000,2026-09-25 00:22:01,2026-09-25 00:21:38,45,23.0,2677.0,45,Running,
1,e522c602-a6aa-453c-a470-62193628f2d1,2026-09-25T00:22:01.317+00:00,2026-09-25T00:22:01.527+00:00,21072-30059,dryers,50170060,72000000,2026-09-25 00:22:01,2026-09-24 07:40:57,46,60064.0,-57304.0,,Available,website maps this code to Available
1,e522c602-a6aa-453c-a470-62193628f2d1,2026-09-25T00:22:01.317+00:00,2026-09-25T00:22:01.527+00:00,21072-30059,dryers,50170087,42000000,2026-09-25 00:22:01,2026-09-25 00:11:45,45,616.0,2084.0,35,Running,
1,e522c602-a6aa-453c-a470-62193628f2d1,2026-09-25T00:22:01.317+00:00,2026-09-25T00:22:01.527+00:00,21072-30059,dryers,50170064,72000000,2026-09-25 00:22:01,2026-09-24 07:02:42,46,62359.0,-59599.0,,Available,website maps this code to Available
1,e522c602-a6aa-453c-a470-62193628f2d1,2026-09-25T00:22:01.317+00:00,2026-09-25T00:22:01.527+00:00,21072-30059,dryers,50170065,42000000,2026-09-25 00:22:01,2026-09-24 23:57:14,45,1487.0,1213.0,21,Running,
1,e522c602-a6aa-453c-a470-62193628f2d1,2026-09-25T00:22:01.317+00:00,2026-09-25T00:22:01.527+00:00,21072-30059,dryers,50170059,72000000,2026-09-25 00:22:01,2026-09-24 15:47:57,46,30844.0,-28084.0,,Available,website maps this code to Available
1,e522c602-a6aa-453c-a470-62193628f2d1,2026-09-25T00:22:01.317+00:00,2026-09-25T00:22:01.527+00:00,21072-30059,dryers,50170057,42000000,2026-09-25 00:22:01,2026-09-24 23:57:46,45,1455.0,1245.0,21,Running,
1,e522c602-a6aa-453c-a470-62193628f2d1,2026-09-25T00:22:01.317+00:00,2026-09-25T00:22:01.527+00:00,21072-30059,dryers,50170062,42000000,2026-09-25 00:22:01,2026-09-24 23:58:30,45,1411.0,1289.0,22,Running,
1,e522c602-a6aa-453c-a470-62193628f2d1,2026-09-25T00:22:01.317+00:00,2026-09-25T00:22:01.527+00:00,21072-30059,dryers,50170067,42000000,2026-09-25 00:22:01,2026-09-24 23:55:05,45,1616.0,1084.0,19,Running,
1,e522c602-a6aa-453c-a470-62193628f2d1,2026-09-25T00:22:01.317+00:00,2026-09-25T00:22:01.527+00:00,21072-30059,dryers,50170074,42000000,2026-09-25 00:22:01,2026-09-24 23:55:11,45,1610.0,1090.0,19,Running,
1,e522c602-a6aa-453c-a470-62193628f2d1,2026-09-25T00:22:01.317+00:00,2026-09-25T00:22:01.527+00:00,21072-30059,dryers,50170071,42000000,2026-09-25 00:22:01,2026-09-25 00:17:23,45,278.0,2422.0,41,Running,
1,e522c602-a6aa-453c-a470-62193628f2d1,2026-09-25T00:22:01.317+00:00,2026-09-25T00:22:01.527+00:00,21072-30059,dryers,50170054,42000000,2026-09-25 00:22:01,2026-09-25 00:21:16,45,45.0,2655.0,45,Running,
1,f3785d5d-d7f0-4002-bde8-d5e13a3aa169,2026-09-25T00:23:01.304+00:00,2026-09-25T00:23:01.502+00:00,21072-30059,washers,50170051,72000000,2026-09-25 00:23:01,2026-09-25 00:17:42,29,319.0,1421.0,,Available,website maps this code to Available
1,f3785d5d-d7f0-4002-bde8-d5e13a3aa169,2026-09-25T00:23:01.304+00:00,2026-09-25T00:23:01.502+00:00,21072-30059,washers,50170080,72000000,2026-09-25 00:23:01,2026-09-25 00:20:13,29,168.0,1572.0,,Available,website maps this code to Available
1,f3785d5d-d7f0-4002-bde8-d5e13a3aa169,2026-09-25T00:23:01.304+00:00,2026-09-25T00:23:01.502+00:00,21072-30059,washers,50170075,72000000,2026-09-25 00:23:01,2026-09-25 00:14:33,29,508.0,1232.0,,Available,website maps this code to Available
1,f3785d5d-d7f0-4002-bde8-d5e13a3aa169,2026-09-25T00:23:01.304+00:00,2026-09-25T00:23:01.502+00:00,21072-30059,washers,50170082,72000000,2026-09-25 00:23:01,2026-09-24 07:02:33,29,62428.0,-60688.0,,Available,website maps this code to Available
1,f3785d5d-d7f0-4002-bde8-d5e13a3aa169,2026-09-25T00:23:01.304+00:00,2026-09-25T00:23:01.502+00:00,21072-30059,washers,50170050,72000000,2026-09-25 00:23:01,2026-09-25 00:19:24,29,217.0,1523.0,,Available,website maps this code to Available
1,f3785d5d-d7f0-4002-bde8-d5e13a3aa169,2026-09-25T00:23:01.304+00:00,2026-09-25T00:23:01.502+00:00,21072-30059,washers,50170052,72000000,2026-09-25 00:23:01,2026-09-25 00:11:14,29,707.0,1033.0,,Available,website maps this code to Available
1,f3785d5d-d7f0-4002-bde8-d5e13a3aa169,2026-09-25T00:23:01.304+00:00,2026-09-25T00:23:01.502+00:00,21072-30059,washers,50170078,72000000,2026-09-25 00:23:01,2026-09-24 23:56:38,29,1583.0,157.0,,Available,website maps this code to Available
1,f3785d5d-d7f0-4002-bde8-d5e13a3aa169,2026-09-25T00:23:01.304+00:00,2026-09-25T00:23:01.502+00:00,21072-30059,washers,50170084,72000000,2026-09-25 00:23:01,2026-09-24 15:48:03,29,30898.0,-29158.0,,Available,website maps this code to Available
1,f3785d5d-d7f0-4002-bde8-d5e13a3aa169,2026-09-25T00:23:01.304+00:00,2026-09-25T00:23:01.502+00:00,21072-30059,washers,50170068,72000000,2026-09-25 00:23:01,2026-09-24 23:56:53,29,1568.0,172.0,,Available,website maps this code to Available
1,f3785d5d-d7f0-4002-bde8-d5e13a3aa169,2026-09-25T00:23:01.304+00:00,2026-09-25T00:23:01.502+00:00,21072-30059,washers,50170072,72000000,2026-09-25 00:23:01,2026-09-24 23:57:52,29,1509.0,231.0,,Available,website maps this code to Available
1,f3785d5d-d7f0-4002-bde8-d5e13a3aa169,2026-09-25T00:23:01.304+00:00,2026-09-25T00:23:01.502+00:00,21072-30059,washers,20483408,72000000,2026-09-25 00:23:01,2024-12-20 00:43:32,0,55640369.0,-55640369.0,,Available,website maps this code to Available
1,f3785d5d-d7f0-4002-bde8-d5e13a3aa169,2026-09-25T00:23:01.304+00:00,2026-09-25T00:23:01.502+00:00,21072-30059,washers,50170055,72000000,2026-09-25 00:23:01,2026-09-24 23:53:15,29,1786.0,-46.0,,Available,website maps this code to Available
1,f3785d5d-d7f0-4002-bde8-d5e13a3aa169,2026-09-25T00:23:01.304+00:00,2026-09-25T00:23:01.502+00:00,21072-30059,dryers,50170058,72000000,2026-09-25 00:23:01,2026-09-12 03:29:03,46,1112038.0,-1109278.0,,Available,website maps this code to Available
1,f3785d5d-d7f0-4002-bde8-d5e13a3aa169,2026-09-25T00:23:01.304+00:00,2026-09-25T00:23:01.502+00:00,21072-30059,dryers,50170061,72000000,2026-09-25 00:23:01,2026-09-24 20:07:24,46,15337.0,-12577.0,,Available,website maps this code to Available
1,f3785d5d-d7f0-4002-bde8-d5e13a3aa169,2026-09-25T00:23:01.304+00:00,2026-09-25T00:23:01.502+00:00,21072-30059,dryers,50170081,42000000,2026-09-25 00:23:01,2026-09-25 00:21:38,45,83.0,2617.0,44,Running,
1,f3785d5d-d7f0-4002-bde8-d5e13a3aa169,2026-09-25T00:23:01.304+00:00,2026-09-25T00:23:01.502+00:00,21072-30059,dryers,50170060,42000000,2026-09-25 00:23:01,2026-09-25 00:22:16,45,45.0,2655.0,45,Running,
1,f3785d5d-d7f0-4002-bde8-d5e13a3aa169,2026-09-25T00:23:01.304+00:00,2026-09-25T00:23:01.502+00:00,21072-30059,dryers,50170087,42000000,2026-09-25 00:23:01,2026-09-25 00:11:45,45,676.0,2024.0,34,Running,
1,f3785d5d-d7f0-4002-bde8-d5e13a3aa169,2026-09-25T00:23:01.304+00:00,2026-09-25T00:23:01.502+00:00,21072-30059,dryers,50170064,72000000,2026-09-25 00:23:01,2026-09-24 07:02:42,46,62419.0,-59659.0,,Available,website maps this code to Available
1,f3785d5d-d7f0-4002-bde8-d5e13a3aa169,2026-09-25T00:23:01.304+00:00,2026-09-25T00:23:01.502+00:00,21072-30059,dryers,50170065,42000000,2026-09-25 00:23:01,2026-09-24 23:57:14,45,1547.0,1153.0,20,Running,
1,f3785d5d-d7f0-4002-bde8-d5e13a3aa169,2026-09-25T00:23:01.304+00:00,2026-09-25T00:23:01.502+00:00,21072-30059,dryers,50170059,72000000,2026-09-25 00:23:01,2026-09-24 15:47:57,46,30904.0,-28144.0,,Available,website maps this code to Available
1,f3785d5d-d7f0-4002-bde8-d5e13a3aa169,2026-09-25T00:23:01.304+00:00,2026-09-25T00:23:01.502+00:00,21072-30059,dryers,50170057,42000000,2026-09-25 00:23:01,2026-09-24 23:57:46,45,1515.0,1185.0,20,Running,
1,f3785d5d-d7f0-4002-bde8-d5e13a3aa169,2026-09-25T00:23:01.304+00:00,2026-09-25T00:23:01.502+00:00,21072-30059,dryers,50170062,42000000,2026-09-25 00:23:01,2026-09-24 23:58:30,45,1471.0,1229.0,21,Running,
1,f3785d5d-d7f0-4002-bde8-d5e13a3aa169,2026-09-25T00:23:01.304+00:00,2026-09-25T00:23:01.502+00:00,21072-30059,dryers,50170067,42000000,2026-09-25 00:23:01,2026-09-24 23:55:05,45,1676.0,1024.0,18,Running,
1,f3785d5d-d7f0-4002-bde8-d5e13a3aa169,2026-09-25T00:23:01.304+00:00,2026-09-25T00:23:01.502+00:00,21072-30059,dryers,50170074,42000000,2026-09-25 00:23:01,2026-09-24 23:55:11,45,1670.0,1030.0,18,Running,
1,f3785d5d-d7f0-4002-bde8-d5e13a3aa169,2026-09-25T00:23:01.304+00:00,2026-09-25T00:23:01.502+00:00,21072-30059,dryers,50170071,42000000,2026-09-25 00:23:01,2026-09-25 00:17:23,45,338.0,2362.0,40,Running,
1,f3785d5d-d7f0-4002-bde8-d5e13a3aa169,2026-09-25T00:23:01.304+00:00,2026-09-25T00:23:01.502+00:00,21072-30059,dryers,50170054,42000000,2026-09-25 00:23:01,2026-09-25 00:22:19,53,42.0,3138.0,53,Running,
1,1e2bf975-35b0-4747-af02-423a50f23458,2026-09-25T00:24:01.298+00:00,2026-09-25T00:24:01.511+00:00,21072-30059,washers,50170051,72000000,2026-09-25 00:24:01,2026-09-25 00:17:42,29,379.0,1361.0,,Available,website maps this code to Available
1,1e2bf975-35b0-4747-af02-423a50f23458,2026-09-25T00:24:01.298+00:00,2026-09-25T00:24:01.511+00:00,21072-30059,washers,50170080,72000000,2026-09-25 00:24:01,2026-09-25 00:20:13,29,228.0,1512.0,,Available,website maps this code to Available
1,1e2bf975-35b0-4747-af02-423a50f23458,2026-09-25T00:24:01.298+00:00,2026-09-25T00:24:01.511+00:00,21072-30059,washers,50170075,72000000,2026-09-25 00:24:01,2026-09-25 00:14:33,29,568.0,1172.0,,Available,website maps this code to Available
1,1e2bf975-35b0-4747-af02-423a50f23458,2026-09-25T00:24:01.298+00:00,2026-09-25T00:24:01.511+00:00,21072-30059,washers,50170082,72000000,2026-09-25 00:24:01,2026-09-24 07:02:33,29,62488.0,-60748.0,,Available,website maps this code to Available
1,1e2bf975-35b0-4747-af02-423a50f23458,2026-09-25T00:24:01.298+00:00,2026-09-25T00:24:01.511+00:00,21072-30059,washers,50170050,72000000,2026-09-25 00:24:01,2026-09-25 00:19:24,29,277.0,1463.0,,Available,website maps this code to Available
1,1e2bf975-35b0-4747-af02-423a50f23458,2026-09-25T00:24:01.298+00:00,2026-09-25T00:24:01.511+00:00,21072-30059,washers,50170052,72000000,2026-09-25 00:24:01,2026-09-25 00:11:14,29,767.0,973.0,,Available,website maps this code to Available
1,1e2bf975-35b0-4747-af02-423a50f23458,2026-09-25T00:24:01.298+00:00,2026-09-25T00:24:01.511+00:00,21072-30059,washers,50170078,72000000,2026-09-25 00:24:01,2026-09-24 23:56:38,29,1643.0,97.0,,Available,website maps this code to Available
1,1e2bf975-35b0-4747-af02-423a50f23458,2026-09-25T00:24:01.298+00:00,2026-09-25T00:24:01.511+00:00,21072-30059,washers,50170084,72000000,2026-09-25 00:24:01,2026-09-24 15:48:03,29,30958.0,-29218.0,,Available,website maps this code to Available
1,1e2bf975-35b0-4747-af02-423a50f23458,2026-09-25T00:24:01.298+00:00,2026-09-25T00:24:01.511+00:00,21072-30059,washers,50170068,72000000,2026-09-25 00:24:01,2026-09-24 23:56:53,29,1628.0,112.0,,Available,website maps this code to Available
1,1e2bf975-35b0-4747-af02-423a50f23458,2026-09-25T00:24:01.298+00:00,2026-09-25T00:24:01.511+00:00,21072-30059,washers,50170072,72000000,2026-09-25 00:24:01,2026-09-24 23:57:52,29,1569.0,171.0,,Available,website maps this code to Available
1,1e2bf975-35b0-4747-af02-423a50f23458,2026-09-25T00:24:01.298+00:00,2026-09-25T00:24:01.511+00:00,21072-30059,washers,20483408,72000000,2026-09-25 00:24:01,2024-12-20 00:43:32,0,55640429.0,-55640429.0,,Available,website maps this code to Available
1,1e2bf975-35b0-4747-af02-423a50f23458,2026-09-25T00:24:01.298+00:00,2026-09-25T00:24:01.511+00:00,21072-30059,washers,50170055,72000000,2026-09-25 00:24:01,2026-09-24 23:53:15,29,1846.0,-106.0,,Available,website maps this code to Available
1,1e2bf975-35b0-4747-af02-423a50f23458,2026-09-25T00:24:01.298+00:00,2026-09-25T00:24:01.511+00:00,21072-30059,dryers,50170058,72000000,2026-09-25 00:24:01,2026-09-12 03:29:03,46,1112098.0,-1109338.0,,Available,website maps this code to Available
1,1e2bf975-35b0-4747-af02-423a50f23458,2026-09-25T00:24:01.298+00:00,2026-09-25T00:24:01.511+00:00,21072-30059,dryers,50170061,72000000,2026-09-25 00:24:01,2026-09-24 20:07:24,46,15397.0,-12637.0,,Available,website maps this code to Available
1,1e2bf975-35b0-4747-af02-423a50f23458,2026-09-25T00:24:01.298+00:00,2026-09-25T00:24:01.511+00:00,21072-30059,dryers,50170081,42000000,2026-09-25 00:24:01,2026-09-25 00:21:38,45,143.0,2557.0,43,Running,
1,1e2bf975-35b0-4747-af02-423a50f23458,2026-09-25T00:24:01.298+00:00,2026-09-25T00:24:01.511+00:00,21072-30059,dryers,50170060,42000000,2026-09-25 00:24:01,2026-09-25 00:22:16,45,105.0,2595.0,44,Running,
1,1e2bf975-35b0-4747-af02-423a50f23458,2026-09-25T00:24:01.298+00:00,2026-09-25T00:24:01.511+00:00,21072-30059,dryers,50170087,42000000,2026-09-25 00:24:01,2026-09-25 00:11:45,45,736.0,1964.0,33,Running,
1,1e2bf975-35b0-4747-af02-423a50f23458,2026-09-25T00:24:01.298+00:00,2026-09-25T00:24:01.511+00:00,21072-30059,dryers,50170064,72000000,2026-09-25 00:24:01,2026-09-24 07:02:42,46,62479.0,-59719.0,,Available,website maps this code to Available
1,1e2bf975-35b0-4747-af02-423a50f23458,2026-09-25T00:24:01.298+00:00,2026-09-25T00:24:01.511+00:00,21072-30059,dryers,50170065,42000000,2026-09-25 00:24:01,2026-09-24 23:57:14,45,1607.0,1093.0,19,Running,
1,1e2bf975-35b0-4747-af02-423a50f23458,2026-09-25T00:24:01.298+00:00,2026-09-25T00:24:01.511+00:00,21072-30059,dryers,50170059,72000000,2026-09-25 00:24:01,2026-09-24 15:47:57,46,30964.0,-28204.0,,Available,website maps this code to Available
1,1e2bf975-35b0-4747-af02-423a50f23458,2026-09-25T00:24:01.298+00:00,2026-09-25T00:24:01.511+00:00,21072-30059,dryers,50170057,42000000,2026-09-25 00:24:01,2026-09-24 23:57:46,45,1575.0,1125.0,19,Running,
1,1e2bf975-35b0-4747-af02-423a50f23458,2026-09-25T00:24:01.298+00:00,2026-09-25T00:24:01.511+00:00,21072-30059,dryers,50170062,42000000,2026-09-25 00:24:01,2026-09-24 23:58:30,45,1531.0,1169.0,20,Running,
1,1e2bf975-35b0-4747-af02-423a50f23458,2026-09-25T00:24:01.298+00:00,2026-09-25T00:24:01.511+00:00,21072-30059,dryers,50170067,42000000,2026-09-25 00:24:01,2026-09-24 23:55:05,45,1736.0,964.0,17,Running,
1,1e2bf975-35b0-4747-af02-423a50f23458,2026-09-25T00:24:01.298+00:00,2026-09-25T00:24:01.511+00:00,21072-30059,dryers,50170074,42000000,2026-09-25 00:24:01,2026-09-24 23:55:11,45,1730.0,970.0,17,Running,
1,1e2bf975-35b0-4747-af02-423a50f23458,2026-09-25T00:24:01.298+00:00,2026-09-25T00:24:01.511+00:00,21072-30059,dryers,50170071,42000000,2026-09-25 00:24:01,2026-09-25 00:17:23,45,398.0,2302.0,39,Running,
1,1e2bf975-35b0-4747-af02-423a50f23458,2026-09-25T00:24:01.298+00:00,2026-09-25T00:24:01.511+00:00,21072-30059,dryers,50170054,42000000,2026-09-25 00:24:01,2026-09-25 00:22:19,53,102.0,3078.0,52,Running,
1,981ae384-51d9-4c23-bebf-4c4abbae375d,2026-09-25T00:25:01.283+00:00,2026-09-25T00:25:01.482+00:00,21072-30059,washers,50170051,72000000,2026-09-25 00:25:01,2026-09-25 00:17:42,29,439.0,1301.0,,Available,website maps this code to Available
1,981ae384-51d9-4c23-bebf-4c4abbae375d,2026-09-25T00:25:01.283+00:00,2026-09-25T00:25:01.482+00:00,21072-30059,washers,50170080,72000000,2026-09-25 00:25:01,2026-09-25 00:20:13,29,288.0,1452.0,,Available,website maps this code to Available
1,981ae384-51d9-4c23-bebf-4c4abbae375d,2026-09-25T00:25:01.283+00:00,2026-09-25T00:25:01.482+00:00,21072-30059,washers,50170075,72000000,2026-09-25 00:25:01,2026-09-25 00:14:33,29,628.0,1112.0,,Available,website maps this code to Available
1,981ae384-51d9-4c23-bebf-4c4abbae375d,2026-09-25T00:25:01.283+00:00,2026-09-25T00:25:01.482+00:00,21072-30059,washers,50170082,72000000,2026-09-25 00:25:01,2026-09-24 07:02:33,29,62548.0,-60808.0,,Available,website maps this code to Available
1,981ae384-51d9-4c23-bebf-4c4abbae375d,2026-09-25T00:25:01.283+00:00,2026-09-25T00:25:01.482+00:00,21072-30059,washers,50170050,72000000,2026-09-25 00:25:01,2026-09-25 00:19:24,29,337.0,1403.0,,Available,website maps this code to Available
1,981ae384-51d9-4c23-bebf-4c4abbae375d,2026-09-25T00:25:01.283+00:00,2026-09-25T00:25:01.482+00:00,21072-30059,washers,50170052,72000000,2026-09-25 00:25:01,2026-09-25 00:11:14,29,827.0,913.0,,Available,website maps this code to Available
1,981ae384-51d9-4c23-bebf-4c4abbae375d,2026-09-25T00:25:01.283+00:00,2026-09-25T00:25:01.482+00:00,21072-30059,washers,50170078,72000000,2026-09-25 00:25:01,2026-09-24 23:56:38,29,1703.0,37.0,,Available,website maps this code to Available
1,981ae384-51d9-4c23-bebf-4c4abbae375d,2026-09-25T00:25:01.283+00:00,2026-09-25T00:25:01.482+00:00,21072-30059,washers,50170084,72000000,2026-09-25 00:25:01,2026-09-24 15:48:03,29,31018.0,-29278.0,,Available,website maps this code to Available
1,981ae384-51d9-4c23-bebf-4c4abbae375d,2026-09-25T00:25:01.283+00:00,2026-09-25T00:25:01.482+00:00,21072-30059,washers,50170068,72000000,2026-09-25 00:25:01,2026-09-24 23:56:53,29,1688.0,52.0,,Available,website maps this code to Available
1,981ae384-51d9-4c23-bebf-4c4abbae375d,2026-09-25T00:25:01.283+00:00,2026-09-25T00:25:01.482+00:00,21072-30059,washers,50170072,42000000,2026-09-25 00:25:01,2026-09-25 00:24:16,43,45.0,2535.0,43,Running,
1,981ae384-51d9-4c23-bebf-4c4abbae375d,2026-09-25T00:25:01.283+00:00,2026-09-25T00:25:01.482+00:00,21072-30059,washers,20483408,72000000,2026-09-25 00:25:01,2024-12-20 00:43:32,0,55640489.0,-55640489.0,,Available,website maps this code to Available
1,981ae384-51d9-4c23-bebf-4c4abbae375d,2026-09-25T00:25:01.283+00:00,2026-09-25T00:25:01.482+00:00,21072-30059,washers,50170055,72000000,2026-09-25 00:25:01,2026-09-24 23:53:15,29,1906.0,-166.0,,Available,website maps this code to Available
1,981ae384-51d9-4c23-bebf-4c4abbae375d,2026-09-25T00:25:01.283+00:00,2026-09-25T00:25:01.482+00:00,21072-30059,dryers,50170058,72000000,2026-09-25 00:25:01,2026-09-12 03:29:03,46,1112158.0,-1109398.0,,Available,website maps this code to Available
1,981ae384-51d9-4c23-bebf-4c4abbae375d,2026-09-25T00:25:01.283+00:00,2026-09-25T00:25:01.482+00:00,21072-30059,dryers,50170061,72000000,2026-09-25 00:25:01,2026-09-24 20:07:24,46,15457.0,-12697.0,,Available,website maps this code to Available
1,981ae384-51d9-4c23-bebf-4c4abbae375d,2026-09-25T00:25:01.283+00:00,2026-09-25T00:25:01.482+00:00,21072-30059,dryers,50170081,42000000,2026-09-25 00:25:01,2026-09-25 00:21:38,45,203.0,2497.0,42,Running,
1,981ae384-51d9-4c23-bebf-4c4abbae375d,2026-09-25T00:25:01.283+00:00,2026-09-25T00:25:01.482+00:00,21072-30059,dryers,50170060,42000000,2026-09-25 00:25:01,2026-09-25 00:22:16,45,165.0,2535.0,43,Running,
1,981ae384-51d9-4c23-bebf-4c4abbae375d,2026-09-25T00:25:01.283+00:00,2026-09-25T00:25:01.482+00:00,21072-30059,dryers,50170087,42000000,2026-09-25 00:25:01,2026-09-25 00:11:45,45,796.0,1904.0,32,Running,
1,981ae384-51d9-4c23-bebf-4c4abbae375d,2026-09-25T00:25:01.283+00:00,2026-09-25T00:25:01.482+00:00,21072-30059,dryers,50170064,72000000,2026-09-25 00:25:01,2026-09-24 07:02:42,46,62539.0,-59779.0,,Available,website maps this code to Available
1,981ae384-51d9-4c23-bebf-4c4abbae375d,2026-09-25T00:25:01.283+00:00,2026-09-25T00:25:01.482+00:00,21072-30059,dryers,50170065,42000000,2026-09-25 00:25:01,2026-09-24 23:57:14,45,1667.0,1033.0,18,Running,
1,981ae384-51d9-4c23-bebf-4c4abbae375d,2026-09-25T00:25:01.283+00:00,2026-09-25T00:25:01.482+00:00,21072-30059,dryers,50170059,72000000,2026-09-25 00:25:01,2026-09-24 15:47:57,46,31024.0,-28264.0,,Available,website maps this code to Available
1,981ae384-51d9-4c23-bebf-4c4abbae375d,2026-09-25T00:25:01.283+00:00,2026-09-25T00:25:01.482+00:00,21072-30059,dryers,50170057,42000000,2026-09-25 00:25:01,2026-09-24 23:57:46,45,1635.0,1065.0,18,Running,
1,981ae384-51d9-4c23-bebf-4c4abbae375d,2026-09-25T00:25:01.283+00:00,2026-09-25T00:25:01.482+00:00,21072-30059,dryers,50170062,42000000,2026-09-25 00:25:01,2026-09-24 23:58:30,45,1591.0,1109.0,19,Running,
1,981ae384-51d9-4c23-bebf-4c4abbae375d,2026-09-25T00:25:01.283+00:00,2026-09-25T00:25:01.482+00:00,21072-30059,dryers,50170067,42000000,2026-09-25 00:25:01,2026-09-24 23:55:05,45,1796.0,904.0,16,Running,
1,981ae384-51d9-4c23-bebf-4c4abbae375d,2026-09-25T00:25:01.283+00:00,2026-09-25T00:25:01.482+00:00,21072-30059,dryers,50170074,42000000,2026-09-25 00:25:01,2026-09-24 23:55:11,45,1790.0,910.0,16,Running,
1,981ae384-51d9-4c23-bebf-4c4abbae375d,2026-09-25T00:25:01.283+00:00,2026-09-25T00:25:01.482+00:00,21072-30059,dryers,50170071,42000000,2026-09-25 00:25:01,2026-09-25 00:17:23,45,458.0,2242.0,38,Running,
1,981ae384-51d9-4c23-bebf-4c4abbae375d,2026-09-25T00:25:01.283+00:00,2026-09-25T00:25:01.482+00:00,21072-30059,dryers,50170054,42000000,2026-09-25 00:25:01,2026-09-25 00:22:19,53,162.0,3018.0,51,Running,
1,99b422b5-4527-49f5-a706-5f33e0daca82,2026-09-25T00:26:01.268+00:00,2026-09-25T00:26:01.446+00:00,21072-30059,washers,50170051,72000000,2026-09-25 00:26:01,2026-09-25 00:17:42,29,499.0,1241.0,,Available,website maps this code to Available
1,99b422b5-4527-49f5-a706-5f33e0daca82,2026-09-25T00:26:01.268+00:00,2026-09-25T00:26:01.446+00:00,21072-30059,washers,50170080,72000000,2026-09-25 00:26:01,2026-09-25 00:20:13,29,348.0,1392.0,,Available,website maps this code to Available
1,99b422b5-4527-49f5-a706-5f33e0daca82,2026-09-25T00:26:01.268+00:00,2026-09-25T00:26:01.446+00:00,21072-30059,washers,50170075,72000000,2026-09-25 00:26:01,2026-09-25 00:14:33,29,688.0,1052.0,,Available,website maps this code to Available
1,99b422b5-4527-49f5-a706-5f33e0daca82,2026-09-25T00:26:01.268+00:00,2026-09-25T00:26:01.446+00:00,21072-30059,washers,50170082,72000000,2026-09-25 00:26:01,2026-09-24 07:02:33,29,62608.0,-60868.0,,Available,website maps this code to Available
1,99b422b5-4527-49f5-a706-5f33e0daca82,2026-09-25T00:26:01.268+00:00,2026-09-25T00:26:01.446+00:00,21072-30059,washers,50170050,72000000,2026-09-25 00:26:01,2026-09-25 00:19:24,29,397.0,1343.0,,Available,website maps this code to Available
1,99b422b5-4527-49f5-a706-5f33e0daca82,2026-09-25T00:26:01.268+00:00,2026-09-25T00:26:01.446+00:00,21072-30059,washers,50170052,72000000,2026-09-25 00:26:01,2026-09-25 00:11:14,29,887.0,853.0,,Available,website maps this code to Available
1,99b422b5-4527-49f5-a706-5f33e0daca82,2026-09-25T00:26:01.268+00:00,2026-09-25T00:26:01.446+00:00,21072-30059,washers,50170078,72000000,2026-09-25 00:26:01,2026-09-24 23:56:38,29,1763.0,-23.0,,Available,website maps this code to Available
1,99b422b5-4527-49f5-a706-5f33e0daca82,2026-09-25T00:26:01.268+00:00,2026-09-25T00:26:01.446+00:00,21072-30059,washers,50170084,72000000,2026-09-25 00:26:01,2026-09-24 15:48:03,29,31078.0,-29338.0,,Available,website maps this code to Available
1,99b422b5-4527-49f5-a706-5f33e0daca82,2026-09-25T00:26:01.268+00:00,2026-09-25T00:26:01.446+00:00,21072-30059,washers,50170068,72000000,2026-09-25 00:26:01,2026-09-24 23:56:53,29,1748.0,-8.0,,Available,website maps this code to Available
1,99b422b5-4527-49f5-a706-5f33e0daca82,2026-09-25T00:26:01.268+00:00,2026-09-25T00:26:01.446+00:00,21072-30059,washers,50170072,42000000,2026-09-25 00:26:01,2026-09-25 00:24:16,43,105.0,2475.0,42,Running,
1,99b422b5-4527-49f5-a706-5f33e0daca82,2026-09-25T00:26:01.268+00:00,2026-09-25T00:26:01.446+00:00,21072-30059,washers,20483408,72000000,2026-09-25 00:26:01,2024-12-20 00:43:32,0,55640549.0,-55640549.0,,Available,website maps this code to Available
1,99b422b5-4527-49f5-a706-5f33e0daca82,2026-09-25T00:26:01.268+00:00,2026-09-25T00:26:01.446+00:00,21072-30059,washers,50170055,72000000,2026-09-25 00:26:01,2026-09-24 23:53:15,29,1966.0,-226.0,,Available,website maps this code to Available
1,99b422b5-4527-49f5-a706-5f33e0daca82,2026-09-25T00:26:01.268+00:00,2026-09-25T00:26:01.446+00:00,21072-30059,dryers,50170058,72000000,2026-09-25 00:26:01,2026-09-12 03:29:03,46,1112218.0,-1109458.0,,Available,website maps this code to Available
1,99b422b5-4527-49f5-a706-5f33e0daca82,2026-09-25T00:26:01.268+00:00,2026-09-25T00:26:01.446+00:00,21072-30059,dryers,50170061,72000000,2026-09-25 00:26:01,2026-09-24 20:07:24,46,15517.0,-12757.0,,Available,website maps this code to Available
1,99b422b5-4527-49f5-a706-5f33e0daca82,2026-09-25T00:26:01.268+00:00,2026-09-25T00:26:01.446+00:00,21072-30059,dryers,50170081,42000000,2026-09-25 00:26:01,2026-09-25 00:21:38,45,263.0,2437.0,41,Running,
1,99b422b5-4527-49f5-a706-5f33e0daca82,2026-09-25T00:26:01.268+00:00,2026-09-25T00:26:01.446+00:00,21072-30059,dryers,50170060,42000000,2026-09-25 00:26:01,2026-09-25 00:22:16,45,225.0,2475.0,42,Running,
1,99b422b5-4527-49f5-a706-5f33e0daca82,2026-09-25T00:26:01.268+00:00,2026-09-25T00:26:01.446+00:00,21072-30059,dryers,50170087,42000000,2026-09-25 00:26:01,2026-09-25 00:11:45,45,856.0,1844.0,31,Running,
1,99b422b5-4527-49f5-a706-5f33e0daca82,2026-09-25T00:26:01.268+00:00,2026-09-25T00:26:01.446+00:00,21072-30059,dryers,50170064,72000000,2026-09-25 00:26:01,2026-09-24 07:02:42,46,62599.0,-59839.0,,Available,website maps this code to Available
1,99b422b5-4527-49f5-a706-5f33e0daca82,2026-09-25T00:26:01.268+00:00,2026-09-25T00:26:01.446+00:00,21072-30059,dryers,50170065,42000000,2026-09-25 00:26:01,2026-09-24 23:57:14,45,1727.0,973.0,17,Running,
1,99b422b5-4527-49f5-a706-5f33e0daca82,2026-09-25T00:26:01.268+00:00,2026-09-25T00:26:01.446+00:00,21072-30059,dryers,50170059,72000000,2026-09-25 00:26:01,2026-09-24 15:47:57,46,31084.0,-28324.0,,Available,website maps this code to Available
1,99b422b5-4527-49f5-a706-5f33e0daca82,2026-09-25T00:26:01.268+00:00,2026-09-25T00:26:01.446+00:00,21072-30059,dryers,50170057,42000000,2026-09-25 00:26:01,2026-09-24 23:57:46,45,1695.0,1005.0,17,Running,
1,99b422b5-4527-49f5-a706-5f33e0daca82,2026-09-25T00:26:01.268+00:00,2026-09-25T00:26:01.446+00:00,21072-30059,dryers,50170062,42000000,2026-09-25 00:26:01,2026-09-24 23:58:30,45,1651.0,1049.0,18,Running,
1,99b422b5-4527-49f5-a706-5f33e0daca82,2026-09-25T00:26:01.268+00:00,2026-09-25T00:26:01.446+00:00,21072-30059,dryers,50170067,42000000,2026-09-25 00:26:01,2026-09-24 23:55:05,45,1856.0,844.0,15,Running,
1,99b422b5-4527-49f5-a706-5f33e0daca82,2026-09-25T00:26:01.268+00:00,2026-09-25T00:26:01.446+00:00,21072-30059,dryers,50170074,42000000,2026-09-25 00:26:01,2026-09-24 23:55:11,45,1850.0,850.0,15,Running,
1,99b422b5-4527-49f5-a706-5f33e0daca82,2026-09-25T00:26:01.268+00:00,2026-09-25T00:26:01.446+00:00,21072-30059,dryers,50170071,42000000,2026-09-25 00:26:01,2026-09-25 00:17:23,45,518.0,2182.0,37,Running,
1,99b422b5-4527-49f5-a706-5f33e0daca82,2026-09-25T00:26:01.268+00:00,2026-09-25T00:26:01.446+00:00,21072-30059,dryers,50170054,42000000,2026-09-25 00:26:01,2026-09-25 00:22:19,53,222.0,2958.0,50,Running,
1,560aae73-dfad-4913-bded-8c4c83d14a19,2026-09-25T00:27:01.284+00:00,2026-09-25T00:27:01.471+00:00,21072-30059,washers,50170051,72000000,2026-09-25 00:27:01,2026-09-25 00:17:42,29,559.0,1181.0,,Available,website maps this code to Available
1,560aae73-dfad-4913-bded-8c4c83d14a19,2026-09-25T00:27:01.284+00:00,2026-09-25T00:27:01.471+00:00,21072-30059,washers,50170080,72000000,2026-09-25 00:27:01,2026-09-25 00:20:13,29,408.0,1332.0,,Available,website maps this code to Available
1,560aae73-dfad-4913-bded-8c4c83d14a19,2026-09-25T00:27:01.284+00:00,2026-09-25T00:27:01.471+00:00,21072-30059,washers,50170075,72000000,2026-09-25 00:27:01,2026-09-25 00:14:33,29,748.0,992.0,,Available,website maps this code to Available
1,560aae73-dfad-4913-bded-8c4c83d14a19,2026-09-25T00:27:01.284+00:00,2026-09-25T00:27:01.471+00:00,21072-30059,washers,50170082,72000000,2026-09-25 00:27:01,2026-09-24 07:02:33,29,62668.0,-60928.0,,Available,website maps this code to Available
1,560aae73-dfad-4913-bded-8c4c83d14a19,2026-09-25T00:27:01.284+00:00,2026-09-25T00:27:01.471+00:00,21072-30059,washers,50170050,72000000,2026-09-25 00:27:01,2026-09-25 00:19:24,29,457.0,1283.0,,Available,website maps this code to Available
1,560aae73-dfad-4913-bded-8c4c83d14a19,2026-09-25T00:27:01.284+00:00,2026-09-25T00:27:01.471+00:00,21072-30059,washers,50170052,72000000,2026-09-25 00:27:01,2026-09-25 00:11:14,29,947.0,793.0,,Available,website maps this code to Available
1,560aae73-dfad-4913-bded-8c4c83d14a19,2026-09-25T00:27:01.284+00:00,2026-09-25T00:27:01.471+00:00,21072-30059,washers,50170078,72000000,2026-09-25 00:27:01,2026-09-24 23:56:38,29,1823.0,-83.0,,Available,website maps this code to Available
1,560aae73-dfad-4913-bded-8c4c83d14a19,2026-09-25T00:27:01.284+00:00,2026-09-25T00:27:01.471+00:00,21072-30059,washers,50170084,72000000,2026-09-25 00:27:01,2026-09-24 15:48:03,29,31138.0,-29398.0,,Available,website maps this code to Available
1,560aae73-dfad-4913-bded-8c4c83d14a19,2026-09-25T00:27:01.284+00:00,2026-09-25T00:27:01.471+00:00,21072-30059,washers,50170068,42000000,2026-09-25 00:27:01,2026-09-25 00:26:18,37,43.0,2177.0,37,Running,
1,560aae73-dfad-4913-bded-8c4c83d14a19,2026-09-25T00:27:01.284+00:00,2026-09-25T00:27:01.471+00:00,21072-30059,washers,50170072,42000000,2026-09-25 00:27:01,2026-09-25 00:24:16,43,165.0,2415.0,41,Running,
1,560aae73-dfad-4913-bded-8c4c83d14a19,2026-09-25T00:27:01.284+00:00,2026-09-25T00:27:01.471+00:00,21072-30059,washers,20483408,72000000,2026-09-25 00:27:01,2024-12-20 00:43:32,0,55640609.0,-55640609.0,,Available,website maps this code to Available
1,560aae73-dfad-4913-bded-8c4c83d14a19,2026-09-25T00:27:01.284+00:00,2026-09-25T00:27:01.471+00:00,21072-30059,washers,50170055,72000000,2026-09-25 00:27:01,2026-09-24 23:53:15,29,2026.0,-286.0,,Available,website maps this code to Available
1,560aae73-dfad-4913-bded-8c4c83d14a19,2026-09-25T00:27:01.284+00:00,2026-09-25T00:27:01.471+00:00,21072-30059,dryers,50170058,72000000,2026-09-25 00:27:01,2026-09-12 03:29:03,46,1112278.0,-1109518.0,,Available,website maps this code to Available
1,560aae73-dfad-4913-bded-8c4c83d14a19,2026-09-25T00:27:01.284+00:00,2026-09-25T00:27:01.471+00:00,21072-30059,dryers,50170061,72000000,2026-09-25 00:27:01,2026-09-24 20:07:24,46,15577.0,-12817.0,,Available,website maps this code to Available
1,560aae73-dfad-4913-bded-8c4c83d14a19,2026-09-25T00:27:01.284+00:00,2026-09-25T00:27:01.471+00:00,21072-30059,dryers,50170081,42000000,2026-09-25 00:27:01,2026-09-25 00:21:38,45,323.0,2377.0,40,Running,
1,560aae73-dfad-4913-bded-8c4c83d14a19,2026-09-25T00:27:01.284+00:00,2026-09-25T00:27:01.471+00:00,21072-30059,dryers,50170060,42000000,2026-09-25 00:27:01,2026-09-25 00:22:16,45,285.0,2415.0,41,Running,
1,560aae73-dfad-4913-bded-8c4c83d14a19,2026-09-25T00:27:01.284+00:00,2026-09-25T00:27:01.471+00:00,21072-30059,dryers,50170087,42000000,2026-09-25 00:27:01,2026-09-25 00:11:45,45,916.0,1784.0,30,Running,
1,560aae73-dfad-4913-bded-8c4c83d14a19,2026-09-25T00:27:01.284+00:00,2026-09-25T00:27:01.471+00:00,21072-30059,dryers,50170064,72000000,2026-09-25 00:27:01,2026-09-24 07:02:42,46,62659.0,-59899.0,,Available,website maps this code to Available
1,560aae73-dfad-4913-bded-8c4c83d14a19,2026-09-25T00:27:01.284+00:00,2026-09-25T00:27:01.471+00:00,21072-30059,dryers,50170065,42000000,2026-09-25 00:27:01,2026-09-24 23:57:14,45,1787.0,913.0,16,Running,
1,560aae73-dfad-4913-bded-8c4c83d14a19,2026-09-25T00:27:01.284+00:00,2026-09-25T00:27:01.471+00:00,21072-30059,dryers,50170059,72000000,2026-09-25 00:27:01,2026-09-24 15:47:57,46,31144.0,-28384.0,,Available,website maps this code to Available
1,560aae73-dfad-4913-bded-8c4c83d14a19,2026-09-25T00:27:01.284+00:00,2026-09-25T00:27:01.471+00:00,21072-30059,dryers,50170057,42000000,2026-09-25 00:27:01,2026-09-24 23:57:46,45,1755.0,945.0,16,Running,
1,560aae73-dfad-4913-bded-8c4c83d14a19,2026-09-25T00:27:01.284+00:00,2026-09-25T00:27:01.471+00:00,21072-30059,dryers,50170062,42000000,2026-09-25 00:27:01,2026-09-24 23:58:30,45,1711.0,989.0,17,Running,
1,560aae73-dfad-4913-bded-8c4c83d14a19,2026-09-25T00:27:01.284+00:00,2026-09-25T00:27:01.471+00:00,21072-30059,dryers,50170067,42000000,2026-09-25 00:27:01,2026-09-24 23:55:05,45,1916.0,784.0,14,Running,
1,560aae73-dfad-4913-bded-8c4c83d14a19,2026-09-25T00:27:01.284+00:00,2026-09-25T00:27:01.471+00:00,21072-30059,dryers,50170074,42000000,2026-09-25 00:27:01,2026-09-24 23:55:11,45,1910.0,790.0,14,Running,
1,560aae73-dfad-4913-bded-8c4c83d14a19,2026-09-25T00:27:01.284+00:00,2026-09-25T00:27:01.471+00:00,21072-30059,dryers,50170071,42000000,2026-09-25 00:27:01,2026-09-25 00:17:23,45,578.0,2122.0,36,Running,
1,560aae73-dfad-4913-bded-8c4c83d14a19,2026-09-25T00:27:01.284+00:00,2026-09-25T00:27:01.471+00:00,21072-30059,dryers,50170054,42000000,2026-09-25 00:27:01,2026-09-25 00:22:19,53,282.0,2898.0,49,Running,
1,49541d24-a165-4352-a63d-f0b50b604039,2026-09-25T00:28:01.289+00:00,2026-09-25T00:28:01.580+00:00,21072-30059,washers,50170051,72000000,2026-09-25 00:28:01,2026-09-25 00:17:42,29,619.0,1121.0,,Available,website maps this code to Available
1,49541d24-a165-4352-a63d-f0b50b604039,2026-09-25T00:28:01.289+00:00,2026-09-25T00:28:01.580+00:00,21072-30059,washers,50170080,72000000,2026-09-25 00:28:01,2026-09-25 00:20:13,29,468.0,1272.0,,Available,website maps this code to Available
1,49541d24-a165-4352-a63d-f0b50b604039,2026-09-25T00:28:01.289+00:00,2026-09-25T00:28:01.580+00:00,21072-30059,washers,50170075,72000000,2026-09-25 00:28:01,2026-09-25 00:14:33,29,808.0,932.0,,Available,website maps this code to Available
1,49541d24-a165-4352-a63d-f0b50b604039,2026-09-25T00:28:01.289+00:00,2026-09-25T00:28:01.580+00:00,21072-30059,washers,50170082,72000000,2026-09-25 00:28:01,2026-09-24 07:02:33,29,62728.0,-60988.0,,Available,website maps this code to Available
1,49541d24-a165-4352-a63d-f0b50b604039,2026-09-25T00:28:01.289+00:00,2026-09-25T00:28:01.580+00:00,21072-30059,washers,50170050,72000000,2026-09-25 00:28:01,2026-09-25 00:19:24,29,517.0,1223.0,,Available,website maps this code to Available
1,49541d24-a165-4352-a63d-f0b50b604039,2026-09-25T00:28:01.289+00:00,2026-09-25T00:28:01.580+00:00,21072-30059,washers,50170052,72000000,2026-09-25 00:28:01,2026-09-25 00:11:14,29,1007.0,733.0,,Available,website maps this code to Available
1,49541d24-a165-4352-a63d-f0b50b604039,2026-09-25T00:28:01.289+00:00,2026-09-25T00:28:01.580+00:00,21072-30059,washers,50170078,72000000,2026-09-25 00:28:01,2026-09-24 23:56:38,29,1883.0,-143.0,,Available,website maps this code to Available
1,49541d24-a165-4352-a63d-f0b50b604039,2026-09-25T00:28:01.289+00:00,2026-09-25T00:28:01.580+00:00,21072-30059,washers,50170084,72000000,2026-09-25 00:28:01,2026-09-24 15:48:03,29,31198.0,-29458.0,,Available,website maps this code to Available
1,49541d24-a165-4352-a63d-f0b50b604039,2026-09-25T00:28:01.289+00:00,2026-09-25T00:28:01.580+00:00,21072-30059,washers,50170068,42000000,2026-09-25 00:28:01,2026-09-25 00:26:18,37,103.0,2117.0,36,Running,
1,49541d24-a165-4352-a63d-f0b50b604039,2026-09-25T00:28:01.289+00:00,2026-09-25T00:28:01.580+00:00,21072-30059,washers,50170072,42000000,2026-09-25 00:28:01,2026-09-25 00:24:16,43,225.0,2355.0,40,Running,
1,49541d24-a165-4352-a63d-f0b50b604039,2026-09-25T00:28:01.289+00:00,2026-09-25T00:28:01.580+00:00,21072-30059,washers,20483408,72000000,2026-09-25 00:28:01,2024-12-20 00:43:32,0,55640669.0,-55640669.0,,Available,website maps this code to Available
1,49541d24-a165-4352-a63d-f0b50b604039,2026-09-25T00:28:01.289+00:00,2026-09-25T00:28:01.580+00:00,21072-30059,washers,50170055,72000000,2026-09-25 00:28:01,2026-09-24 23:53:15,29,2086.0,-346.0,,Available,website maps this code to Available
1,49541d24-a165-4352-a63d-f0b50b604039,2026-09-25T00:28:01.289+00:00,2026-09-25T00:28:01.580+00:00,21072-30059,dryers,50170058,72000000,2026-09-25 00:28:01,2026-09-12 03:29:03,46,1112338.0,-1109578.0,,Available,website maps this code to Available
1,49541d24-a165-4352-a63d-f0b50b604039,2026-09-25T00:28:01.289+00:00,2026-09-25T00:28:01.580+00:00,21072-30059,dryers,50170061,72000000,2026-09-25 00:28:01,2026-09-24 20:07:24,46,15637.0,-12877.0,,Available,website maps this code to Available
1,49541d24-a165-4352-a63d-f0b50b604039,2026-09-25T00:28:01.289+00:00,2026-09-25T00:28:01.580+00:00,21072-30059,dryers,50170081,42000000,2026-09-25 00:28:01,2026-09-25 00:21:38,45,383.0,2317.0,39,Running,
1,49541d24-a165-4352-a63d-f0b50b604039,2026-09-25T00:28:01.289+00:00,2026-09-25T00:28:01.580+00:00,21072-30059,dryers,50170060,42000000,2026-09-25 00:28:01,2026-09-25 00:22:16,45,345.0,2355.0,40,Running,
1,49541d24-a165-4352-a63d-f0b50b604039,2026-09-25T00:28:01.289+00:00,2026-09-25T00:28:01.580+00:00,21072-30059,dryers,50170087,42000000,2026-09-25 00:28:01,2026-09-25 00:11:45,45,976.0,1724.0,29,Running,
1,49541d24-a165-4352-a63d-f0b50b604039,2026-09-25T00:28:01.289+00:00,2026-09-25T00:28:01.580+00:00,21072-30059,dryers,50170064,72000000,2026-09-25 00:28:01,2026-09-24 07:02:42,46,62719.0,-59959.0,,Available,website maps this code to Available
1,49541d24-a165-4352-a63d-f0b50b604039,2026-09-25T00:28:01.289+00:00,2026-09-25T00:28:01.580+00:00,21072-30059,dryers,50170065,42000000,2026-09-25 00:28:01,2026-09-24 23:57:14,45,1847.0,853.0,15,Running,
1,49541d24-a165-4352-a63d-f0b50b604039,2026-09-25T00:28:01.289+00:00,2026-09-25T00:28:01.580+00:00,21072-30059,dryers,50170059,72000000,2026-09-25 00:28:01,2026-09-24 15:47:57,46,31204.0,-28444.0,,Available,website maps this code to Available
1,49541d24-a165-4352-a63d-f0b50b604039,2026-09-25T00:28:01.289+00:00,2026-09-25T00:28:01.580+00:00,21072-30059,dryers,50170057,42000000,2026-09-25 00:28:01,2026-09-24 23:57:46,45,1815.0,885.0,15,Running,
1,49541d24-a165-4352-a63d-f0b50b604039,2026-09-25T00:28:01.289+00:00,2026-09-25T00:28:01.580+00:00,21072-30059,dryers,50170062,42000000,2026-09-25 00:28:01,2026-09-24 23:58:30,45,1771.0,929.0,16,Running,
1,49541d24-a165-4352-a63d-f0b50b604039,2026-09-25T00:28:01.289+00:00,2026-09-25T00:28:01.580+00:00,21072-30059,dryers,50170067,42000000,2026-09-25 00:28:01,2026-09-24 23:55:05,45,1976.0,724.0,13,Running,
1,49541d24-a165-4352-a63d-f0b50b604039,2026-09-25T00:28:01.289+00:00,2026-09-25T00:28:01.580+00:00,21072-30059,dryers,50170074,42000000,2026-09-25 00:28:01,2026-09-24 23:55:11,45,1970.0,730.0,13,Running,
1,49541d24-a165-4352-a63d-f0b50b604039,2026-09-25T00:28:01.289+00:00,2026-09-25T00:28:01.580+00:00,21072-30059,dryers,50170071,42000000,2026-09-25 00:28:01,2026-09-25 00:17:23,45,638.0,2062.0,35,Running,
1,49541d24-a165-4352-a63d-f0b50b604039,2026-09-25T00:28:01.289+00:00,2026-09-25T00:28:01.580+00:00,21072-30059,dryers,50170054,42000000,2026-09-25 00:28:01,2026-09-25 00:22:19,53,342.0,2838.0,48,Running,
1,1a47bc3d-6042-49f9-89e6-15783cc0a889,2026-09-25T00:29:01.285+00:00,2026-09-25T00:29:01.498+00:00,21072-30059,washers,50170051,72000000,2026-09-25 00:29:01,2026-09-25 00:17:42,29,679.0,1061.0,,Available,website maps this code to Available
1,1a47bc3d-6042-49f9-89e6-15783cc0a889,2026-09-25T00:29:01.285+00:00,2026-09-25T00:29:01.498+00:00,21072-30059,washers,50170080,72000000,2026-09-25 00:29:01,2026-09-25 00:20:13,29,528.0,1212.0,,Available,website maps this code to Available
1,1a47bc3d-6042-49f9-89e6-15783cc0a889,2026-09-25T00:29:01.285+00:00,2026-09-25T00:29:01.498+00:00,21072-30059,washers,50170075,72000000,2026-09-25 00:29:01,2026-09-25 00:14:33,29,868.0,872.0,,Available,website maps this code to Available
1,1a47bc3d-6042-49f9-89e6-15783cc0a889,2026-09-25T00:29:01.285+00:00,2026-09-25T00:29:01.498+00:00,21072-30059,washers,50170082,72000000,2026-09-25 00:29:01,2026-09-24 07:02:33,29,62788.0,-61048.0,,Available,website maps this code to Available
1,1a47bc3d-6042-49f9-89e6-15783cc0a889,2026-09-25T00:29:01.285+00:00,2026-09-25T00:29:01.498+00:00,21072-30059,washers,50170050,72000000,2026-09-25 00:29:01,2026-09-25 00:19:24,29,577.0,1163.0,,Available,website maps this code to Available
1,1a47bc3d-6042-49f9-89e6-15783cc0a889,2026-09-25T00:29:01.285+00:00,2026-09-25T00:29:01.498+00:00,21072-30059,washers,50170052,72000000,2026-09-25 00:29:01,2026-09-25 00:11:14,29,1067.0,673.0,,Available,website maps this code to Available
1,1a47bc3d-6042-49f9-89e6-15783cc0a889,2026-09-25T00:29:01.285+00:00,2026-09-25T00:29:01.498+00:00,21072-30059,washers,50170078,72000000,2026-09-25 00:29:01,2026-09-24 23:56:38,29,1943.0,-203.0,,Available,website maps this code to Available
1,1a47bc3d-6042-49f9-89e6-15783cc0a889,2026-09-25T00:29:01.285+00:00,2026-09-25T00:29:01.498+00:00,21072-30059,washers,50170084,72000000,2026-09-25 00:29:01,2026-09-24 15:48:03,29,31258.0,-29518.0,,Available,website maps this code to Available
1,1a47bc3d-6042-49f9-89e6-15783cc0a889,2026-09-25T00:29:01.285+00:00,2026-09-25T00:29:01.498+00:00,21072-30059,washers,50170068,42000000,2026-09-25 00:29:01,2026-09-25 00:26:18,37,163.0,2057.0,35,Running,
1,1a47bc3d-6042-49f9-89e6-15783cc0a889,2026-09-25T00:29:01.285+00:00,2026-09-25T00:29:01.498+00:00,21072-30059,washers,50170072,42000000,2026-09-25 00:29:01,2026-09-25 00:24:16,43,285.0,2295.0,39,Running,
1,1a47bc3d-6042-49f9-89e6-15783cc0a889,2026-09-25T00:29:01.285+00:00,2026-09-25T00:29:01.498+00:00,21072-30059,washers,20483408,72000000,2026-09-25 00:29:01,2024-12-20 00:43:32,0,55640729.0,-55640729.0,,Available,website maps this code to Available
1,1a47bc3d-6042-49f9-89e6-15783cc0a889,2026-09-25T00:29:01.285+00:00,2026-09-25T00:29:01.498+00:00,21072-30059,washers,50170055,72000000,2026-09-25 00:29:01,2026-09-24 23:53:15,29,2146.0,-406.0,,Available,website maps this code to Available
1,1a47bc3d-6042-49f9-89e6-15783cc0a889,2026-09-25T00:29:01.285+00:00,2026-09-25T00:29:01.498+00:00,21072-30059,dryers,50170058,72000000,2026-09-25 00:29:01,2026-09-12 03:29:03,46,1112398.0,-1109638.0,,Available,website maps this code to Available
1,1a47bc3d-6042-49f9-89e6-15783cc0a889,2026-09-25T00:29:01.285+00:00,2026-09-25T00:29:01.498+00:00,21072-30059,dryers,50170061,72000000,2026-09-25 00:29:01,2026-09-24 20:07:24,46,15697.0,-12937.0,,Available,website maps this code to Available
1,1a47bc3d-6042-49f9-89e6-15783cc0a889,2026-09-25T00:29:01.285+00:00,2026-09-25T00:29:01.498+00:00,21072-30059,dryers,50170081,42000000,2026-09-25 00:29:01,2026-09-25 00:21:38,45,443.0,2257.0,38,Running,
1,1a47bc3d-6042-49f9-89e6-15783cc0a889,2026-09-25T00:29:01.285+00:00,2026-09-25T00:29:01.498+00:00,21072-30059,dryers,50170060,42000000,2026-09-25 00:29:01,2026-09-25 00:22:16,45,405.0,2295.0,39,Running,
1,1a47bc3d-6042-49f9-89e6-15783cc0a889,2026-09-25T00:29:01.285+00:00,2026-09-25T00:29:01.498+00:00,21072-30059,dryers,50170087,42000000,2026-09-25 00:29:01,2026-09-25 00:11:45,45,1036.0,1664.0,28,Running,
1,1a47bc3d-6042-49f9-89e6-15783cc0a889,2026-09-25T00:29:01.285+00:00,2026-09-25T00:29:01.498+00:00,21072-30059,dryers,50170064,72000000,2026-09-25 00:29:01,2026-09-24 07:02:42,46,62779.0,-60019.0,,Available,website maps this code to Available
1,1a47bc3d-6042-49f9-89e6-15783cc0a889,2026-09-25T00:29:01.285+00:00,2026-09-25T00:29:01.498+00:00,21072-30059,dryers,50170065,42000000,2026-09-25 00:29:01,2026-09-24 23:57:14,45,1907.0,793.0,14,Running,
1,1a47bc3d-6042-49f9-89e6-15783cc0a889,2026-09-25T00:29:01.285+00:00,2026-09-25T00:29:01.498+00:00,21072-30059,dryers,50170059,72000000,2026-09-25 00:29:01,2026-09-24 15:47:57,46,31264.0,-28504.0,,Available,website maps this code to Available
1,1a47bc3d-6042-49f9-89e6-15783cc0a889,2026-09-25T00:29:01.285+00:00,2026-09-25T00:29:01.498+00:00,21072-30059,dryers,50170057,42000000,2026-09-25 00:29:01,2026-09-24 23:57:46,45,1875.0,825.0,14,Running,
1,1a47bc3d-6042-49f9-89e6-15783cc0a889,2026-09-25T00:29:01.285+00:00,2026-09-25T00:29:01.498+00:00,21072-30059,dryers,50170062,42000000,2026-09-25 00:29:01,2026-09-24 23:58:30,45,1831.0,869.0,15,Running,
1,1a47bc3d-6042-49f9-89e6-15783cc0a889,2026-09-25T00:29:01.285+00:00,2026-09-25T00:29:01.498+00:00,21072-30059,dryers,50170067,42000000,2026-09-25 00:29:01,2026-09-24 23:55:05,45,2036.0,664.0,12,Running,
1,1a47bc3d-6042-49f9-89e6-15783cc0a889,2026-09-25T00:29:01.285+00:00,2026-09-25T00:29:01.498+00:00,21072-30059,dryers,50170074,42000000,2026-09-25 00:29:01,2026-09-24 23:55:11,45,2030.0,670.0,12,Running,
1,1a47bc3d-6042-49f9-89e6-15783cc0a889,2026-09-25T00:29:01.285+00:00,2026-09-25T00:29:01.498+00:00,21072-30059,dryers,50170071,42000000,2026-09-25 00:29:01,2026-09-25 00:17:23,45,698.0,2002.0,34,Running,
1,1a47bc3d-6042-49f9-89e6-15783cc0a889,2026-09-25T00:29:01.285+00:00,2026-09-25T00:29:01.498+00:00,21072-30059,dryers,50170054,42000000,2026-09-25 00:29:01,2026-09-25 00:22:19,53,402.0,2778.0,47,Running,
1,6d8395fd-72a5-4510-aa30-8cff604bfc69,2026-09-25T00:30:01.399+00:00,2026-09-25T00:30:01.628+00:00,21072-30059,washers,50170051,72000000,2026-09-25 00:30:01,2026-09-25 00:17:42,29,739.0,1001.0,,Available,website maps this code to Available
1,6d8395fd-72a5-4510-aa30-8cff604bfc69,2026-09-25T00:30:01.399+00:00,2026-09-25T00:30:01.628+00:00,21072-30059,washers,50170080,72000000,2026-09-25 00:30:01,2026-09-25 00:20:13,29,588.0,1152.0,,Available,website maps this code to Available
1,6d8395fd-72a5-4510-aa30-8cff604bfc69,2026-09-25T00:30:01.399+00:00,2026-09-25T00:30:01.628+00:00,21072-30059,washers,50170075,72000000,2026-09-25 00:30:01,2026-09-25 00:14:33,29,928.0,812.0,,Available,website maps this code to Available
1,6d8395fd-72a5-4510-aa30-8cff604bfc69,2026-09-25T00:30:01.399+00:00,2026-09-25T00:30:01.628+00:00,21072-30059,washers,50170082,72000000,2026-09-25 00:30:01,2026-09-24 07:02:33,29,62848.0,-61108.0,,Available,website maps this code to Available
1,6d8395fd-72a5-4510-aa30-8cff604bfc69,2026-09-25T00:30:01.399+00:00,2026-09-25T00:30:01.628+00:00,21072-30059,washers,50170050,72000000,2026-09-25 00:30:01,2026-09-25 00:19:24,29,637.0,1103.0,,Available,website maps this code to Available
1,6d8395fd-72a5-4510-aa30-8cff604bfc69,2026-09-25T00:30:01.399+00:00,2026-09-25T00:30:01.628+00:00,21072-30059,washers,50170052,72000000,2026-09-25 00:30:01,2026-09-25 00:11:14,29,1127.0,613.0,,Available,website maps this code to Available
1,6d8395fd-72a5-4510-aa30-8cff604bfc69,2026-09-25T00:30:01.399+00:00,2026-09-25T00:30:01.628+00:00,21072-30059,washers,50170078,72000000,2026-09-25 00:30:01,2026-09-24 23:56:38,29,2003.0,-263.0,,Available,website maps this code to Available
1,6d8395fd-72a5-4510-aa30-8cff604bfc69,2026-09-25T00:30:01.399+00:00,2026-09-25T00:30:01.628+00:00,21072-30059,washers,50170084,72000000,2026-09-25 00:30:01,2026-09-24 15:48:03,29,31318.0,-29578.0,,Available,website maps this code to Available
1,6d8395fd-72a5-4510-aa30-8cff604bfc69,2026-09-25T00:30:01.399+00:00,2026-09-25T00:30:01.628+00:00,21072-30059,washers,50170068,42000000,2026-09-25 00:30:01,2026-09-25 00:26:18,37,223.0,1997.0,34,Running,
1,6d8395fd-72a5-4510-aa30-8cff604bfc69,2026-09-25T00:30:01.399+00:00,2026-09-25T00:30:01.628+00:00,21072-30059,washers,50170072,42000000,2026-09-25 00:30:01,2026-09-25 00:24:16,43,345.0,2235.0,38,Running,
1,6d8395fd-72a5-4510-aa30-8cff604bfc69,2026-09-25T00:30:01.399+00:00,2026-09-25T00:30:01.628+00:00,21072-30059,washers,20483408,72000000,2026-09-25 00:30:01,2024-12-20 00:43:32,0,55640789.0,-55640789.0,,Available,website maps this code to Available
1,6d8395fd-72a5-4510-aa30-8cff604bfc69,2026-09-25T00:30:01.399+00:00,2026-09-25T00:30:01.628+00:00,21072-30059,washers,50170055,72000000,2026-09-25 00:30:01,2026-09-24 23:53:15,29,2206.0,-466.0,,Available,website maps this code to Available
1,6d8395fd-72a5-4510-aa30-8cff604bfc69,2026-09-25T00:30:01.399+00:00,2026-09-25T00:30:01.628+00:00,21072-30059,dryers,50170058,72000000,2026-09-25 00:30:01,2026-09-12 03:29:03,46,1112458.0,-1109698.0,,Available,website maps this code to Available
1,6d8395fd-72a5-4510-aa30-8cff604bfc69,2026-09-25T00:30:01.399+00:00,2026-09-25T00:30:01.628+00:00,21072-30059,dryers,50170061,72000000,2026-09-25 00:30:01,2026-09-24 20:07:24,46,15757.0,-12997.0,,Available,website maps this code to Available
1,6d8395fd-72a5-4510-aa30-8cff604bfc69,2026-09-25T00:30:01.399+00:00,2026-09-25T00:30:01.628+00:00,21072-30059,dryers,50170081,42000000,2026-09-25 00:30:01,2026-09-25 00:21:38,45,503.0,2197.0,37,Running,
1,6d8395fd-72a5-4510-aa30-8cff604bfc69,2026-09-25T00:30:01.399+00:00,2026-09-25T00:30:01.628+00:00,21072-30059,dryers,50170060,42000000,2026-09-25 00:30:01,2026-09-25 00:22:16,45,465.0,2235.0,38,Running,
1,6d8395fd-72a5-4510-aa30-8cff604bfc69,2026-09-25T00:30:01.399+00:00,2026-09-25T00:30:01.628+00:00,21072-30059,dryers,50170087,42000000,2026-09-25 00:30:01,2026-09-25 00:11:45,45,1096.0,1604.0,27,Running,
1,6d8395fd-72a5-4510-aa30-8cff604bfc69,2026-09-25T00:30:01.399+00:00,2026-09-25T00:30:01.628+00:00,21072-30059,dryers,50170064,72000000,2026-09-25 00:30:01,2026-09-24 07:02:42,46,62839.0,-60079.0,,Available,website maps this code to Available
1,6d8395fd-72a5-4510-aa30-8cff604bfc69,2026-09-25T00:30:01.399+00:00,2026-09-25T00:30:01.628+00:00,21072-30059,dryers,50170065,42000000,2026-09-25 00:30:01,2026-09-24 23:57:14,45,1967.0,733.0,13,Running,
1,6d8395fd-72a5-4510-aa30-8cff604bfc69,2026-09-25T00:30:01.399+00:00,2026-09-25T00:30:01.628+00:00,21072-30059,dryers,50170059,72000000,2026-09-25 00:30:01,2026-09-24 15:47:57,46,31324.0,-28564.0,,Available,website maps this code to Available
1,6d8395fd-72a5-4510-aa30-8cff604bfc69,2026-09-25T00:30:01.399+00:00,2026-09-25T00:30:01.628+00:00,21072-30059,dryers,50170057,42000000,2026-09-25 00:30:01,2026-09-24 23:57:46,45,1935.0,765.0,13,Running,
1,6d8395fd-72a5-4510-aa30-8cff604bfc69,2026-09-25T00:30:01.399+00:00,2026-09-25T00:30:01.628+00:00,21072-30059,dryers,50170062,42000000,2026-09-25 00:30:01,2026-09-24 23:58:30,45,1891.0,809.0,14,Running,
1,6d8395fd-72a5-4510-aa30-8cff604bfc69,2026-09-25T00:30:01.399+00:00,2026-09-25T00:30:01.628+00:00,21072-30059,dryers,50170067,42000000,2026-09-25 00:30:01,2026-09-25 00:29:35,10,26.0,574.0,10,Running,
1,6d8395fd-72a5-4510-aa30-8cff604bfc69,2026-09-25T00:30:01.399+00:00,2026-09-25T00:30:01.628+00:00,21072-30059,dryers,50170074,42000000,2026-09-25 00:30:01,2026-09-24 23:55:11,45,2090.0,610.0,11,Running,
1,6d8395fd-72a5-4510-aa30-8cff604bfc69,2026-09-25T00:30:01.399+00:00,2026-09-25T00:30:01.628+00:00,21072-30059,dryers,50170071,42000000,2026-09-25 00:30:01,2026-09-25 00:17:23,45,758.0,1942.0,33,Running,
1,6d8395fd-72a5-4510-aa30-8cff604bfc69,2026-09-25T00:30:01.399+00:00,2026-09-25T00:30:01.628+00:00,21072-30059,dryers,50170054,42000000,2026-09-25 00:30:01,2026-09-25 00:22:19,53,462.0,2718.0,46,Running,
1,0e036cc9-d79e-4e04-aae8-8905daf17c17,2026-09-25T00:31:01.307+00:00,2026-09-25T00:31:01.526+00:00,21072-30059,washers,50170051,72000000,2026-09-25 00:31:01,2026-09-25 00:17:42,29,799.0,941.0,,Available,website maps this code to Available
1,0e036cc9-d79e-4e04-aae8-8905daf17c17,2026-09-25T00:31:01.307+00:00,2026-09-25T00:31:01.526+00:00,21072-30059,washers,50170080,72000000,2026-09-25 00:31:01,2026-09-25 00:20:13,29,648.0,1092.0,,Available,website maps this code to Available
1,0e036cc9-d79e-4e04-aae8-8905daf17c17,2026-09-25T00:31:01.307+00:00,2026-09-25T00:31:01.526+00:00,21072-30059,washers,50170075,72000000,2026-09-25 00:31:01,2026-09-25 00:14:33,29,988.0,752.0,,Available,website maps this code to Available
1,0e036cc9-d79e-4e04-aae8-8905daf17c17,2026-09-25T00:31:01.307+00:00,2026-09-25T00:31:01.526+00:00,21072-30059,washers,50170082,72000000,2026-09-25 00:31:01,2026-09-24 07:02:33,29,62908.0,-61168.0,,Available,website maps this code to Available
1,0e036cc9-d79e-4e04-aae8-8905daf17c17,2026-09-25T00:31:01.307+00:00,2026-09-25T00:31:01.526+00:00,21072-30059,washers,50170050,72000000,2026-09-25 00:31:01,2026-09-25 00:19:24,29,697.0,1043.0,,Available,website maps this code to Available
1,0e036cc9-d79e-4e04-aae8-8905daf17c17,2026-09-25T00:31:01.307+00:00,2026-09-25T00:31:01.526+00:00,21072-30059,washers,50170052,72000000,2026-09-25 00:31:01,2026-09-25 00:11:14,29,1187.0,553.0,,Available,website maps this code to Available
1,0e036cc9-d79e-4e04-aae8-8905daf17c17,2026-09-25T00:31:01.307+00:00,2026-09-25T00:31:01.526+00:00,21072-30059,washers,50170078,72000000,2026-09-25 00:31:01,2026-09-24 23:56:38,29,2063.0,-323.0,,Available,website maps this code to Available
1,0e036cc9-d79e-4e04-aae8-8905daf17c17,2026-09-25T00:31:01.307+00:00,2026-09-25T00:31:01.526+00:00,21072-30059,washers,50170084,72000000,2026-09-25 00:31:01,2026-09-24 15:48:03,29,31378.0,-29638.0,,Available,website maps this code to Available
1,0e036cc9-d79e-4e04-aae8-8905daf17c17,2026-09-25T00:31:01.307+00:00,2026-09-25T00:31:01.526+00:00,21072-30059,washers,50170068,42000000,2026-09-25 00:31:01,2026-09-25 00:26:18,37,283.0,1937.0,33,Running,
1,0e036cc9-d79e-4e04-aae8-8905daf17c17,2026-09-25T00:31:01.307+00:00,2026-09-25T00:31:01.526+00:00,21072-30059,washers,50170072,42000000,2026-09-25 00:31:01,2026-09-25 00:24:16,43,405.0,2175.0,37,Running,
1,0e036cc9-d79e-4e04-aae8-8905daf17c17,2026-09-25T00:31:01.307+00:00,2026-09-25T00:31:01.526+00:00,21072-30059,washers,20483408,72000000,2026-09-25 00:31:01,2024-12-20 00:43:32,0,55640849.0,-55640849.0,,Available,website maps this code to Available
1,0e036cc9-d79e-4e04-aae8-8905daf17c17,2026-09-25T00:31:01.307+00:00,2026-09-25T00:31:01.526+00:00,21072-30059,washers,50170055,72000000,2026-09-25 00:31:01,2026-09-24 23:53:15,29,2266.0,-526.0,,Available,website maps this code to Available
1,0e036cc9-d79e-4e04-aae8-8905daf17c17,2026-09-25T00:31:01.307+00:00,2026-09-25T00:31:01.526+00:00,21072-30059,dryers,50170058,72000000,2026-09-25 00:31:01,2026-09-12 03:29:03,46,1112518.0,-1109758.0,,Available,website maps this code to Available
1,0e036cc9-d79e-4e04-aae8-8905daf17c17,2026-09-25T00:31:01.307+00:00,2026-09-25T00:31:01.526+00:00,21072-30059,dryers,50170061,72000000,2026-09-25 00:31:01,2026-09-24 20:07:24,46,15817.0,-13057.0,,Available,website maps this code to Available
1,0e036cc9-d79e-4e04-aae8-8905daf17c17,2026-09-25T00:31:01.307+00:00,2026-09-25T00:31:01.526+00:00,21072-30059,dryers,50170081,42000000,2026-09-25 00:31:01,2026-09-25 00:21:38,45,563.0,2137.0,36,Running,
1,0e036cc9-d79e-4e04-aae8-8905daf17c17,2026-09-25T00:31:01.307+00:00,2026-09-25T00:31:01.526+00:00,21072-30059,dryers,50170060,42000000,2026-09-25 00:31:01,2026-09-25 00:22:16,45,525.0,2175.0,37,Running,
1,0e036cc9-d79e-4e04-aae8-8905daf17c17,2026-09-25T00:31:01.307+00:00,2026-09-25T00:31:01.526+00:00,21072-30059,dryers,50170087,42000000,2026-09-25 00:31:01,2026-09-25 00:11:45,45,1156.0,1544.0,26,Running,
1,0e036cc9-d79e-4e04-aae8-8905daf17c17,2026-09-25T00:31:01.307+00:00,2026-09-25T00:31:01.526+00:00,21072-30059,dryers,50170064,72000000,2026-09-25 00:31:01,2026-09-24 07:02:42,46,62899.0,-60139.0,,Available,website maps this code to Available
1,0e036cc9-d79e-4e04-aae8-8905daf17c17,2026-09-25T00:31:01.307+00:00,2026-09-25T00:31:01.526+00:00,21072-30059,dryers,50170065,42000000,2026-09-25 00:31:01,2026-09-24 23:57:14,45,2027.0,673.0,12,Running,
1,0e036cc9-d79e-4e04-aae8-8905daf17c17,2026-09-25T00:31:01.307+00:00,2026-09-25T00:31:01.526+00:00,21072-30059,dryers,50170059,72000000,2026-09-25 00:31:01,2026-09-24 15:47:57,46,31384.0,-28624.0,,Available,website maps this code to Available
1,0e036cc9-d79e-4e04-aae8-8905daf17c17,2026-09-25T00:31:01.307+00:00,2026-09-25T00:31:01.526+00:00,21072-30059,dryers,50170057,42000000,2026-09-25 00:31:01,2026-09-24 23:57:46,45,1995.0,705.0,12,Running,
1,0e036cc9-d79e-4e04-aae8-8905daf17c17,2026-09-25T00:31:01.307+00:00,2026-09-25T00:31:01.526+00:00,21072-30059,dryers,50170062,42000000,2026-09-25 00:31:01,2026-09-24 23:58:30,45,1951.0,749.0,13,Running,
1,0e036cc9-d79e-4e04-aae8-8905daf17c17,2026-09-25T00:31:01.307+00:00,2026-09-25T00:31:01.526+00:00,21072-30059,dryers,50170067,42000000,2026-09-25 00:31:01,2026-09-25 00:29:35,10,86.0,514.0,9,Running,
1,0e036cc9-d79e-4e04-aae8-8905daf17c17,2026-09-25T00:31:01.307+00:00,2026-09-25T00:31:01.526+00:00,21072-30059,dryers,50170074,42000000,2026-09-25 00:31:01,2026-09-25 00:30:41,10,20.0,580.0,10,Running,
1,0e036cc9-d79e-4e04-aae8-8905daf17c17,2026-09-25T00:31:01.307+00:00,2026-09-25T00:31:01.526+00:00,21072-30059,dryers,50170071,42000000,2026-09-25 00:31:01,2026-09-25 00:17:23,45,818.0,1882.0,32,Running,
1,0e036cc9-d79e-4e04-aae8-8905daf17c17,2026-09-25T00:31:01.307+00:00,2026-09-25T00:31:01.526+00:00,21072-30059,dryers,50170054,42000000,2026-09-25 00:31:01,2026-09-25 00:22:19,53,522.0,2658.0,45,Running,
1,bcf46a26-2c17-4e4b-b6d1-c4e88ae49f75,2026-09-25T00:32:01.297+00:00,2026-09-25T00:32:01.498+00:00,21072-30059,washers,50170051,72000000,2026-09-25 00:32:01,2026-09-25 00:17:42,29,859.0,881.0,,Available,website maps this code to Available
1,bcf46a26-2c17-4e4b-b6d1-c4e88ae49f75,2026-09-25T00:32:01.297+00:00,2026-09-25T00:32:01.498+00:00,21072-30059,washers,50170080,72000000,2026-09-25 00:32:01,2026-09-25 00:20:13,29,708.0,1032.0,,Available,website maps this code to Available
1,bcf46a26-2c17-4e4b-b6d1-c4e88ae49f75,2026-09-25T00:32:01.297+00:00,2026-09-25T00:32:01.498+00:00,21072-30059,washers,50170075,72000000,2026-09-25 00:32:01,2026-09-25 00:14:33,29,1048.0,692.0,,Available,website maps this code to Available
1,bcf46a26-2c17-4e4b-b6d1-c4e88ae49f75,2026-09-25T00:32:01.297+00:00,2026-09-25T00:32:01.498+00:00,21072-30059,washers,50170082,72000000,2026-09-25 00:32:01,2026-09-24 07:02:33,29,62968.0,-61228.0,,Available,website maps this code to Available
1,bcf46a26-2c17-4e4b-b6d1-c4e88ae49f75,2026-09-25T00:32:01.297+00:00,2026-09-25T00:32:01.498+00:00,21072-30059,washers,50170050,72000000,2026-09-25 00:32:01,2026-09-25 00:19:24,29,757.0,983.0,,Available,website maps this code to Available
1,bcf46a26-2c17-4e4b-b6d1-c4e88ae49f75,2026-09-25T00:32:01.297+00:00,2026-09-25T00:32:01.498+00:00,21072-30059,washers,50170052,72000000,2026-09-25 00:32:01,2026-09-25 00:11:14,29,1247.0,493.0,,Available,website maps this code to Available
1,bcf46a26-2c17-4e4b-b6d1-c4e88ae49f75,2026-09-25T00:32:01.297+00:00,2026-09-25T00:32:01.498+00:00,21072-30059,washers,50170078,72000000,2026-09-25 00:32:01,2026-09-24 23:56:38,29,2123.0,-383.0,,Available,website maps this code to Available
1,bcf46a26-2c17-4e4b-b6d1-c4e88ae49f75,2026-09-25T00:32:01.297+00:00,2026-09-25T00:32:01.498+00:00,21072-30059,washers,50170084,72000000,2026-09-25 00:32:01,2026-09-24 15:48:03,29,31438.0,-29698.0,,Available,website maps this code to Available
1,bcf46a26-2c17-4e4b-b6d1-c4e88ae49f75,2026-09-25T00:32:01.297+00:00,2026-09-25T00:32:01.498+00:00,21072-30059,washers,50170068,42000000,2026-09-25 00:32:01,2026-09-25 00:26:18,37,343.0,1877.0,32,Running,
1,bcf46a26-2c17-4e4b-b6d1-c4e88ae49f75,2026-09-25T00:32:01.297+00:00,2026-09-25T00:32:01.498+00:00,21072-30059,washers,50170072,42000000,2026-09-25 00:32:01,2026-09-25 00:24:16,43,465.0,2115.0,36,Running,
1,bcf46a26-2c17-4e4b-b6d1-c4e88ae49f75,2026-09-25T00:32:01.297+00:00,2026-09-25T00:32:01.498+00:00,21072-30059,washers,20483408,72000000,2026-09-25 00:32:01,2024-12-20 00:43:32,0,55640909.0,-55640909.0,,Available,website maps this code to Available
1,bcf46a26-2c17-4e4b-b6d1-c4e88ae49f75,2026-09-25T00:32:01.297+00:00,2026-09-25T00:32:01.498+00:00,21072-30059,washers,50170055,72000000,2026-09-25 00:32:01,2026-09-24 23:53:15,29,2326.0,-586.0,,Available,website maps this code to Available
1,bcf46a26-2c17-4e4b-b6d1-c4e88ae49f75,2026-09-25T00:32:01.297+00:00,2026-09-25T00:32:01.498+00:00,21072-30059,dryers,50170058,72000000,2026-09-25 00:32:01,2026-09-12 03:29:03,46,1112578.0,-1109818.0,,Available,website maps this code to Available
1,bcf46a26-2c17-4e4b-b6d1-c4e88ae49f75,2026-09-25T00:32:01.297+00:00,2026-09-25T00:32:01.498+00:00,21072-30059,dryers,50170061,72000000,2026-09-25 00:32:01,2026-09-24 20:07:24,46,15877.0,-13117.0,,Available,website maps this code to Available
1,bcf46a26-2c17-4e4b-b6d1-c4e88ae49f75,2026-09-25T00:32:01.297+00:00,2026-09-25T00:32:01.498+00:00,21072-30059,dryers,50170081,42000000,2026-09-25 00:32:01,2026-09-25 00:21:38,45,623.0,2077.0,35,Running,
1,bcf46a26-2c17-4e4b-b6d1-c4e88ae49f75,2026-09-25T00:32:01.297+00:00,2026-09-25T00:32:01.498+00:00,21072-30059,dryers,50170060,42000000,2026-09-25 00:32:01,2026-09-25 00:22:16,45,585.0,2115.0,36,Running,
1,bcf46a26-2c17-4e4b-b6d1-c4e88ae49f75,2026-09-25T00:32:01.297+00:00,2026-09-25T00:32:01.498+00:00,21072-30059,dryers,50170087,42000000,2026-09-25 00:32:01,2026-09-25 00:11:45,45,1216.0,1484.0,25,Running,
1,bcf46a26-2c17-4e4b-b6d1-c4e88ae49f75,2026-09-25T00:32:01.297+00:00,2026-09-25T00:32:01.498+00:00,21072-30059,dryers,50170064,72000000,2026-09-25 00:32:01,2026-09-24 07:02:42,46,62959.0,-60199.0,,Available,website maps this code to Available
1,bcf46a26-2c17-4e4b-b6d1-c4e88ae49f75,2026-09-25T00:32:01.297+00:00,2026-09-25T00:32:01.498+00:00,21072-30059,dryers,50170065,42000000,2026-09-25 00:32:01,2026-09-24 23:57:14,45,2087.0,613.0,11,Running,
1,bcf46a26-2c17-4e4b-b6d1-c4e88ae49f75,2026-09-25T00:32:01.297+00:00,2026-09-25T00:32:01.498+00:00,21072-30059,dryers,50170059,72000000,2026-09-25 00:32:01,2026-09-24 15:47:57,46,31444.0,-28684.0,,Available,website maps this code to Available
1,bcf46a26-2c17-4e4b-b6d1-c4e88ae49f75,2026-09-25T00:32:01.297+00:00,2026-09-25T00:32:01.498+00:00,21072-30059,dryers,50170057,42000000,2026-09-25 00:32:01,2026-09-24 23:57:46,45,2055.0,645.0,11,Running,
1,bcf46a26-2c17-4e4b-b6d1-c4e88ae49f75,2026-09-25T00:32:01.297+00:00,2026-09-25T00:32:01.498+00:00,21072-30059,dryers,50170062,42000000,2026-09-25 00:32:01,2026-09-24 23:58:30,45,2011.0,689.0,12,Running,
1,bcf46a26-2c17-4e4b-b6d1-c4e88ae49f75,2026-09-25T00:32:01.297+00:00,2026-09-25T00:32:01.498+00:00,21072-30059,dryers,50170067,42000000,2026-09-25 00:32:01,2026-09-25 00:29:35,10,146.0,454.0,8,Running,
1,bcf46a26-2c17-4e4b-b6d1-c4e88ae49f75,2026-09-25T00:32:01.297+00:00,2026-09-25T00:32:01.498+00:00,21072-30059,dryers,50170074,42000000,2026-09-25 00:32:01,2026-09-25 00:30:41,10,80.0,520.0,9,Running,
1,bcf46a26-2c17-4e4b-b6d1-c4e88ae49f75,2026-09-25T00:32:01.297+00:00,2026-09-25T00:32:01.498+00:00,21072-30059,dryers,50170071,42000000,2026-09-25 00:32:01,2026-09-25 00:17:23,45,878.0,1822.0,31,Running,
1,bcf46a26-2c17-4e4b-b6d1-c4e88ae49f75,2026-09-25T00:32:01.297+00:00,2026-09-25T00:32:01.498+00:00,21072-30059,dryers,50170054,42000000,2026-09-25 00:32:01,2026-09-25 00:22:19,53,582.0,2598.0,44,Running,
1,4f6444ad-0803-4296-b138-aec048a58692,2026-09-25T00:33:01.283+00:00,2026-09-25T00:33:01.479+00:00,21072-30059,washers,50170051,72000000,2026-09-25 00:33:01,2026-09-25 00:17:42,29,919.0,821.0,,Available,website maps this code to Available
1,4f6444ad-0803-4296-b138-aec048a58692,2026-09-25T00:33:01.283+00:00,2026-09-25T00:33:01.479+00:00,21072-30059,washers,50170080,72000000,2026-09-25 00:33:01,2026-09-25 00:20:13,29,768.0,972.0,,Available,website maps this code to Available
1,4f6444ad-0803-4296-b138-aec048a58692,2026-09-25T00:33:01.283+00:00,2026-09-25T00:33:01.479+00:00,21072-30059,washers,50170075,72000000,2026-09-25 00:33:01,2026-09-25 00:14:33,29,1108.0,632.0,,Available,website maps this code to Available
1,4f6444ad-0803-4296-b138-aec048a58692,2026-09-25T00:33:01.283+00:00,2026-09-25T00:33:01.479+00:00,21072-30059,washers,50170082,72000000,2026-09-25 00:33:01,2026-09-24 07:02:33,29,63028.0,-61288.0,,Available,website maps this code to Available
1,4f6444ad-0803-4296-b138-aec048a58692,2026-09-25T00:33:01.283+00:00,2026-09-25T00:33:01.479+00:00,21072-30059,washers,50170050,72000000,2026-09-25 00:33:01,2026-09-25 00:19:24,29,817.0,923.0,,Available,website maps this code to Available
1,4f6444ad-0803-4296-b138-aec048a58692,2026-09-25T00:33:01.283+00:00,2026-09-25T00:33:01.479+00:00,21072-30059,washers,50170052,72000000,2026-09-25 00:33:01,2026-09-25 00:11:14,29,1307.0,433.0,,Available,website maps this code to Available
1,4f6444ad-0803-4296-b138-aec048a58692,2026-09-25T00:33:01.283+00:00,2026-09-25T00:33:01.479+00:00,21072-30059,washers,50170078,72000000,2026-09-25 00:33:01,2026-09-24 23:56:38,29,2183.0,-443.0,,Available,website maps this code to Available
1,4f6444ad-0803-4296-b138-aec048a58692,2026-09-25T00:33:01.283+00:00,2026-09-25T00:33:01.479+00:00,21072-30059,washers,50170084,72000000,2026-09-25 00:33:01,2026-09-24 15:48:03,29,31498.0,-29758.0,,Available,website maps this code to Available
1,4f6444ad-0803-4296-b138-aec048a58692,2026-09-25T00:33:01.283+00:00,2026-09-25T00:33:01.479+00:00,21072-30059,washers,50170068,42000000,2026-09-25 00:33:01,2026-09-25 00:26:18,37,403.0,1817.0,31,Running,
1,4f6444ad-0803-4296-b138-aec048a58692,2026-09-25T00:33:01.283+00:00,2026-09-25T00:33:01.479+00:00,21072-30059,washers,50170072,42000000,2026-09-25 00:33:01,2026-09-25 00:24:16,43,525.0,2055.0,35,Running,
1,4f6444ad-0803-4296-b138-aec048a58692,2026-09-25T00:33:01.283+00:00,2026-09-25T00:33:01.479+00:00,21072-30059,washers,20483408,72000000,2026-09-25 00:33:01,2024-12-20 00:43:32,0,55640969.0,-55640969.0,,Available,website maps this code to Available
1,4f6444ad-0803-4296-b138-aec048a58692,2026-09-25T00:33:01.283+00:00,2026-09-25T00:33:01.479+00:00,21072-30059,washers,50170055,72000000,2026-09-25 00:33:01,2026-09-24 23:53:15,29,2386.0,-646.0,,Available,website maps this code to Available
1,4f6444ad-0803-4296-b138-aec048a58692,2026-09-25T00:33:01.283+00:00,2026-09-25T00:33:01.479+00:00,21072-30059,dryers,50170058,72000000,2026-09-25 00:33:01,2026-09-12 03:29:03,46,1112638.0,-1109878.0,,Available,website maps this code to Available
1,4f6444ad-0803-4296-b138-aec048a58692,2026-09-25T00:33:01.283+00:00,2026-09-25T00:33:01.479+00:00,21072-30059,dryers,50170061,72000000,2026-09-25 00:33:01,2026-09-24 20:07:24,46,15937.0,-13177.0,,Available,website maps this code to Available
1,4f6444ad-0803-4296-b138-aec048a58692,2026-09-25T00:33:01.283+00:00,2026-09-25T00:33:01.479+00:00,21072-30059,dryers,50170081,42000000,2026-09-25 00:33:01,2026-09-25 00:21:38,45,683.0,2017.0,34,Running,
1,4f6444ad-0803-4296-b138-aec048a58692,2026-09-25T00:33:01.283+00:00,2026-09-25T00:33:01.479+00:00,21072-30059,dryers,50170060,42000000,2026-09-25 00:33:01,2026-09-25 00:22:16,45,645.0,2055.0,35,Running,
1,4f6444ad-0803-4296-b138-aec048a58692,2026-09-25T00:33:01.283+00:00,2026-09-25T00:33:01.479+00:00,21072-30059,dryers,50170087,42000000,2026-09-25 00:33:01,2026-09-25 00:11:45,45,1276.0,1424.0,24,Running,
1,4f6444ad-0803-4296-b138-aec048a58692,2026-09-25T00:33:01.283+00:00,2026-09-25T00:33:01.479+00:00,21072-30059,dryers,50170064,72000000,2026-09-25 00:33:01,2026-09-24 07:02:42,46,63019.0,-60259.0,,Available,website maps this code to Available
1,4f6444ad-0803-4296-b138-aec048a58692,2026-09-25T00:33:01.283+00:00,2026-09-25T00:33:01.479+00:00,21072-30059,dryers,50170065,42000000,2026-09-25 00:33:01,2026-09-25 00:32:44,10,17.0,583.0,10,Running,
1,4f6444ad-0803-4296-b138-aec048a58692,2026-09-25T00:33:01.283+00:00,2026-09-25T00:33:01.479+00:00,21072-30059,dryers,50170059,72000000,2026-09-25 00:33:01,2026-09-24 15:47:57,46,31504.0,-28744.0,,Available,website maps this code to Available
1,4f6444ad-0803-4296-b138-aec048a58692,2026-09-25T00:33:01.283+00:00,2026-09-25T00:33:01.479+00:00,21072-30059,dryers,50170057,42000000,2026-09-25 00:33:01,2026-09-24 23:57:46,45,2115.0,585.0,10,Running,
1,4f6444ad-0803-4296-b138-aec048a58692,2026-09-25T00:33:01.283+00:00,2026-09-25T00:33:01.479+00:00,21072-30059,dryers,50170062,42000000,2026-09-25 00:33:01,2026-09-25 00:32:59,10,2.0,598.0,10,Running,
1,4f6444ad-0803-4296-b138-aec048a58692,2026-09-25T00:33:01.283+00:00,2026-09-25T00:33:01.479+00:00,21072-30059,dryers,50170067,42000000,2026-09-25 00:33:01,2026-09-25 00:29:35,10,206.0,394.0,7,Running,
1,4f6444ad-0803-4296-b138-aec048a58692,2026-09-25T00:33:01.283+00:00,2026-09-25T00:33:01.479+00:00,21072-30059,dryers,50170074,42000000,2026-09-25 00:33:01,2026-09-25 00:30:41,10,140.0,460.0,8,Running,
1,4f6444ad-0803-4296-b138-aec048a58692,2026-09-25T00:33:01.283+00:00,2026-09-25T00:33:01.479+00:00,21072-30059,dryers,50170071,42000000,2026-09-25 00:33:01,2026-09-25 00:17:23,45,938.0,1762.0,30,Running,
1,4f6444ad-0803-4296-b138-aec048a58692,2026-09-25T00:33:01.283+00:00,2026-09-25T00:33:01.479+00:00,21072-30059,dryers,50170054,42000000,2026-09-25 00:33:01,2026-09-25 00:22:19,53,642.0,2538.0,43,Running,
1,3e8ea2da-8bd8-44d5-8604-57c9d94c5205,2026-09-25T00:34:01.385+00:00,2026-09-25T00:34:01.581+00:00,21072-30059,washers,50170051,72000000,2026-09-25 00:34:01,2026-09-25 00:17:42,29,979.0,761.0,,Available,website maps this code to Available
1,3e8ea2da-8bd8-44d5-8604-57c9d94c5205,2026-09-25T00:34:01.385+00:00,2026-09-25T00:34:01.581+00:00,21072-30059,washers,50170080,72000000,2026-09-25 00:34:01,2026-09-25 00:20:13,29,828.0,912.0,,Available,website maps this code to Available
1,3e8ea2da-8bd8-44d5-8604-57c9d94c5205,2026-09-25T00:34:01.385+00:00,2026-09-25T00:34:01.581+00:00,21072-30059,washers,50170075,72000000,2026-09-25 00:34:01,2026-09-25 00:14:33,29,1168.0,572.0,,Available,website maps this code to Available
1,3e8ea2da-8bd8-44d5-8604-57c9d94c5205,2026-09-25T00:34:01.385+00:00,2026-09-25T00:34:01.581+00:00,21072-30059,washers,50170082,72000000,2026-09-25 00:34:01,2026-09-24 07:02:33,29,63088.0,-61348.0,,Available,website maps this code to Available
1,3e8ea2da-8bd8-44d5-8604-57c9d94c5205,2026-09-25T00:34:01.385+00:00,2026-09-25T00:34:01.581+00:00,21072-30059,washers,50170050,72000000,2026-09-25 00:34:01,2026-09-25 00:19:24,29,877.0,863.0,,Available,website maps this code to Available
1,3e8ea2da-8bd8-44d5-8604-57c9d94c5205,2026-09-25T00:34:01.385+00:00,2026-09-25T00:34:01.581+00:00,21072-30059,washers,50170052,72000000,2026-09-25 00:34:01,2026-09-25 00:11:14,29,1367.0,373.0,,Available,website maps this code to Available
1,3e8ea2da-8bd8-44d5-8604-57c9d94c5205,2026-09-25T00:34:01.385+00:00,2026-09-25T00:34:01.581+00:00,21072-30059,washers,50170078,72000000,2026-09-25 00:34:01,2026-09-24 23:56:38,29,2243.0,-503.0,,Available,website maps this code to Available
1,3e8ea2da-8bd8-44d5-8604-57c9d94c5205,2026-09-25T00:34:01.385+00:00,2026-09-25T00:34:01.581+00:00,21072-30059,washers,50170084,72000000,2026-09-25 00:34:01,2026-09-24 15:48:03,29,31558.0,-29818.0,,Available,website maps this code to Available
1,3e8ea2da-8bd8-44d5-8604-57c9d94c5205,2026-09-25T00:34:01.385+00:00,2026-09-25T00:34:01.581+00:00,21072-30059,washers,50170068,42000000,2026-09-25 00:34:01,2026-09-25 00:26:18,37,463.0,1757.0,30,Running,
1,3e8ea2da-8bd8-44d5-8604-57c9d94c5205,2026-09-25T00:34:01.385+00:00,2026-09-25T00:34:01.581+00:00,21072-30059,washers,50170072,42000000,2026-09-25 00:34:01,2026-09-25 00:24:16,43,585.0,1995.0,34,Running,
1,3e8ea2da-8bd8-44d5-8604-57c9d94c5205,2026-09-25T00:34:01.385+00:00,2026-09-25T00:34:01.581+00:00,21072-30059,washers,20483408,72000000,2026-09-25 00:34:01,2024-12-20 00:43:32,0,55641029.0,-55641029.0,,Available,website maps this code to Available
1,3e8ea2da-8bd8-44d5-8604-57c9d94c5205,2026-09-25T00:34:01.385+00:00,2026-09-25T00:34:01.581+00:00,21072-30059,washers,50170055,72000000,2026-09-25 00:34:01,2026-09-24 23:53:15,29,2446.0,-706.0,,Available,website maps this code to Available
1,3e8ea2da-8bd8-44d5-8604-57c9d94c5205,2026-09-25T00:34:01.385+00:00,2026-09-25T00:34:01.581+00:00,21072-30059,dryers,50170058,72000000,2026-09-25 00:34:01,2026-09-12 03:29:03,46,1112698.0,-1109938.0,,Available,website maps this code to Available
1,3e8ea2da-8bd8-44d5-8604-57c9d94c5205,2026-09-25T00:34:01.385+00:00,2026-09-25T00:34:01.581+00:00,21072-30059,dryers,50170061,72000000,2026-09-25 00:34:01,2026-09-24 20:07:24,46,15997.0,-13237.0,,Available,website maps this code to Available
1,3e8ea2da-8bd8-44d5-8604-57c9d94c5205,2026-09-25T00:34:01.385+00:00,2026-09-25T00:34:01.581+00:00,21072-30059,dryers,50170081,42000000,2026-09-25 00:34:01,2026-09-25 00:21:38,45,743.0,1957.0,33,Running,
1,3e8ea2da-8bd8-44d5-8604-57c9d94c5205,2026-09-25T00:34:01.385+00:00,2026-09-25T00:34:01.581+00:00,21072-30059,dryers,50170060,42000000,2026-09-25 00:34:01,2026-09-25 00:22:16,45,705.0,1995.0,34,Running,
1,3e8ea2da-8bd8-44d5-8604-57c9d94c5205,2026-09-25T00:34:01.385+00:00,2026-09-25T00:34:01.581+00:00,21072-30059,dryers,50170087,42000000,2026-09-25 00:34:01,2026-09-25 00:11:45,45,1336.0,1364.0,23,Running,
1,3e8ea2da-8bd8-44d5-8604-57c9d94c5205,2026-09-25T00:34:01.385+00:00,2026-09-25T00:34:01.581+00:00,21072-30059,dryers,50170064,72000000,2026-09-25 00:34:01,2026-09-24 07:02:42,46,63079.0,-60319.0,,Available,website maps this code to Available
1,3e8ea2da-8bd8-44d5-8604-57c9d94c5205,2026-09-25T00:34:01.385+00:00,2026-09-25T00:34:01.581+00:00,21072-30059,dryers,50170065,42000000,2026-09-25 00:34:01,2026-09-25 00:32:44,10,77.0,523.0,9,Running,
1,3e8ea2da-8bd8-44d5-8604-57c9d94c5205,2026-09-25T00:34:01.385+00:00,2026-09-25T00:34:01.581+00:00,21072-30059,dryers,50170059,72000000,2026-09-25 00:34:01,2026-09-24 15:47:57,46,31564.0,-28804.0,,Available,website maps this code to Available
1,3e8ea2da-8bd8-44d5-8604-57c9d94c5205,2026-09-25T00:34:01.385+00:00,2026-09-25T00:34:01.581+00:00,21072-30059,dryers,50170057,42000000,2026-09-25 00:34:01,2026-09-25 00:33:16,10,45.0,555.0,10,Running,
1,3e8ea2da-8bd8-44d5-8604-57c9d94c5205,2026-09-25T00:34:01.385+00:00,2026-09-25T00:34:01.581+00:00,21072-30059,dryers,50170062,42000000,2026-09-25 00:34:01,2026-09-25 00:32:59,10,62.0,538.0,9,Running,
1,3e8ea2da-8bd8-44d5-8604-57c9d94c5205,2026-09-25T00:34:01.385+00:00,2026-09-25T00:34:01.581+00:00,21072-30059,dryers,50170067,42000000,2026-09-25 00:34:01,2026-09-25 00:29:35,10,266.0,334.0,6,Running,
1,3e8ea2da-8bd8-44d5-8604-57c9d94c5205,2026-09-25T00:34:01.385+00:00,2026-09-25T00:34:01.581+00:00,21072-30059,dryers,50170074,42000000,2026-09-25 00:34:01,2026-09-25 00:30:41,10,200.0,400.0,7,Running,
1,3e8ea2da-8bd8-44d5-8604-57c9d94c5205,2026-09-25T00:34:01.385+00:00,2026-09-25T00:34:01.581+00:00,21072-30059,dryers,50170071,42000000,2026-09-25 00:34:01,2026-09-25 00:17:23,45,998.0,1702.0,29,Running,
1,3e8ea2da-8bd8-44d5-8604-57c9d94c5205,2026-09-25T00:34:01.385+00:00,2026-09-25T00:34:01.581+00:00,21072-30059,dryers,50170054,42000000,2026-09-25 00:34:01,2026-09-25 00:22:19,53,702.0,2478.0,42,Running,
1,7866dbde-8cf4-4dc3-a651-c5fe08c78dc6,2026-09-25T00:35:01.353+00:00,2026-09-25T00:35:01.898+00:00,21072-30059,washers,50170051,72000000,2026-09-25 00:35:01,2026-09-25 00:17:42,29,1039.0,701.0,,Available,website maps this code to Available
1,7866dbde-8cf4-4dc3-a651-c5fe08c78dc6,2026-09-25T00:35:01.353+00:00,2026-09-25T00:35:01.898+00:00,21072-30059,washers,50170080,72000000,2026-09-25 00:35:01,2026-09-25 00:20:13,29,888.0,852.0,,Available,website maps this code to Available
1,7866dbde-8cf4-4dc3-a651-c5fe08c78dc6,2026-09-25T00:35:01.353+00:00,2026-09-25T00:35:01.898+00:00,21072-30059,washers,50170075,72000000,2026-09-25 00:35:01,2026-09-25 00:14:33,29,1228.0,512.0,,Available,website maps this code to Available
1,7866dbde-8cf4-4dc3-a651-c5fe08c78dc6,2026-09-25T00:35:01.353+00:00,2026-09-25T00:35:01.898+00:00,21072-30059,washers,50170082,72000000,2026-09-25 00:35:01,2026-09-24 07:02:33,29,63148.0,-61408.0,,Available,website maps this code to Available
1,7866dbde-8cf4-4dc3-a651-c5fe08c78dc6,2026-09-25T00:35:01.353+00:00,2026-09-25T00:35:01.898+00:00,21072-30059,washers,50170050,72000000,2026-09-25 00:35:01,2026-09-25 00:19:24,29,937.0,803.0,,Available,website maps this code to Available
1,7866dbde-8cf4-4dc3-a651-c5fe08c78dc6,2026-09-25T00:35:01.353+00:00,2026-09-25T00:35:01.898+00:00,21072-30059,washers,50170052,72000000,2026-09-25 00:35:01,2026-09-25 00:11:14,29,1427.0,313.0,,Available,website maps this code to Available
1,7866dbde-8cf4-4dc3-a651-c5fe08c78dc6,2026-09-25T00:35:01.353+00:00,2026-09-25T00:35:01.898+00:00,21072-30059,washers,50170078,72000000,2026-09-25 00:35:01,2026-09-24 23:56:38,29,2303.0,-563.0,,Available,website maps this code to Available
1,7866dbde-8cf4-4dc3-a651-c5fe08c78dc6,2026-09-25T00:35:01.353+00:00,2026-09-25T00:35:01.898+00:00,21072-30059,washers,50170084,72000000,2026-09-25 00:35:01,2026-09-24 15:48:03,29,31618.0,-29878.0,,Available,website maps this code to Available
1,7866dbde-8cf4-4dc3-a651-c5fe08c78dc6,2026-09-25T00:35:01.353+00:00,2026-09-25T00:35:01.898+00:00,21072-30059,washers,50170068,42000000,2026-09-25 00:35:01,2026-09-25 00:26:18,37,523.0,1697.0,29,Running,
1,7866dbde-8cf4-4dc3-a651-c5fe08c78dc6,2026-09-25T00:35:01.353+00:00,2026-09-25T00:35:01.898+00:00,21072-30059,washers,50170072,42000000,2026-09-25 00:35:01,2026-09-25 00:24:16,43,645.0,1935.0,33,Running,
1,7866dbde-8cf4-4dc3-a651-c5fe08c78dc6,2026-09-25T00:35:01.353+00:00,2026-09-25T00:35:01.898+00:00,21072-30059,washers,20483408,72000000,2026-09-25 00:35:01,2024-12-20 00:43:32,0,55641089.0,-55641089.0,,Available,website maps this code to Available
1,7866dbde-8cf4-4dc3-a651-c5fe08c78dc6,2026-09-25T00:35:01.353+00:00,2026-09-25T00:35:01.898+00:00,21072-30059,washers,50170055,72000000,2026-09-25 00:35:01,2026-09-24 23:53:15,29,2506.0,-766.0,,Available,website maps this code to Available
1,7866dbde-8cf4-4dc3-a651-c5fe08c78dc6,2026-09-25T00:35:01.353+00:00,2026-09-25T00:35:01.898+00:00,21072-30059,dryers,50170058,72000000,2026-09-25 00:35:01,2026-09-12 03:29:03,46,1112758.0,-1109998.0,,Available,website maps this code to Available
1,7866dbde-8cf4-4dc3-a651-c5fe08c78dc6,2026-09-25T00:35:01.353+00:00,2026-09-25T00:35:01.898+00:00,21072-30059,dryers,50170061,72000000,2026-09-25 00:35:01,2026-09-24 20:07:24,46,16057.0,-13297.0,,Available,website maps this code to Available
1,7866dbde-8cf4-4dc3-a651-c5fe08c78dc6,2026-09-25T00:35:01.353+00:00,2026-09-25T00:35:01.898+00:00,21072-30059,dryers,50170081,42000000,2026-09-25 00:35:01,2026-09-25 00:21:38,45,803.0,1897.0,32,Running,
1,7866dbde-8cf4-4dc3-a651-c5fe08c78dc6,2026-09-25T00:35:01.353+00:00,2026-09-25T00:35:01.898+00:00,21072-30059,dryers,50170060,42000000,2026-09-25 00:35:01,2026-09-25 00:22:16,45,765.0,1935.0,33,Running,
1,7866dbde-8cf4-4dc3-a651-c5fe08c78dc6,2026-09-25T00:35:01.353+00:00,2026-09-25T00:35:01.898+00:00,21072-30059,dryers,50170087,42000000,2026-09-25 00:35:01,2026-09-25 00:11:45,45,1396.0,1304.0,22,Running,
1,7866dbde-8cf4-4dc3-a651-c5fe08c78dc6,2026-09-25T00:35:01.353+00:00,2026-09-25T00:35:01.898+00:00,21072-30059,dryers,50170064,72000000,2026-09-25 00:35:01,2026-09-24 07:02:42,46,63139.0,-60379.0,,Available,website maps this code to Available
1,7866dbde-8cf4-4dc3-a651-c5fe08c78dc6,2026-09-25T00:35:01.353+00:00,2026-09-25T00:35:01.898+00:00,21072-30059,dryers,50170065,42000000,2026-09-25 00:35:01,2026-09-25 00:32:44,10,137.0,463.0,8,Running,
1,7866dbde-8cf4-4dc3-a651-c5fe08c78dc6,2026-09-25T00:35:01.353+00:00,2026-09-25T00:35:01.898+00:00,21072-30059,dryers,50170059,72000000,2026-09-25 00:35:01,2026-09-24 15:47:57,46,31624.0,-28864.0,,Available,website maps this code to Available
1,7866dbde-8cf4-4dc3-a651-c5fe08c78dc6,2026-09-25T00:35:01.353+00:00,2026-09-25T00:35:01.898+00:00,21072-30059,dryers,50170057,42000000,2026-09-25 00:35:01,2026-09-25 00:33:16,10,105.0,495.0,9,Running,
1,7866dbde-8cf4-4dc3-a651-c5fe08c78dc6,2026-09-25T00:35:01.353+00:00,2026-09-25T00:35:01.898+00:00,21072-30059,dryers,50170062,42000000,2026-09-25 00:35:01,2026-09-25 00:32:59,10,122.0,478.0,8,Running,
1,7866dbde-8cf4-4dc3-a651-c5fe08c78dc6,2026-09-25T00:35:01.353+00:00,2026-09-25T00:35:01.898+00:00,21072-30059,dryers,50170067,42000000,2026-09-25 00:35:01,2026-09-25 00:29:35,10,326.0,274.0,5,Running,
1,7866dbde-8cf4-4dc3-a651-c5fe08c78dc6,2026-09-25T00:35:01.353+00:00,2026-09-25T00:35:01.898+00:00,21072-30059,dryers,50170074,42000000,2026-09-25 00:35:01,2026-09-25 00:30:41,10,260.0,340.0,6,Running,
1,7866dbde-8cf4-4dc3-a651-c5fe08c78dc6,2026-09-25T00:35:01.353+00:00,2026-09-25T00:35:01.898+00:00,21072-30059,dryers,50170071,42000000,2026-09-25 00:35:01,2026-09-25 00:17:23,45,1058.0,1642.0,28,Running,
1,7866dbde-8cf4-4dc3-a651-c5fe08c78dc6,2026-09-25T00:35:01.353+00:00,2026-09-25T00:35:01.898+00:00,21072-30059,dryers,50170054,42000000,2026-09-25 00:35:01,2026-09-25 00:22:19,53,762.0,2418.0,41,Running,
1,482350c3-0eab-4dff-b3cd-74a0b2d451a0,2026-09-25T00:36:01.351+00:00,2026-09-25T00:36:01.538+00:00,21072-30059,washers,50170051,72000000,2026-09-25 00:36:01,2026-09-25 00:17:42,29,1099.0,641.0,,Available,website maps this code to Available
1,482350c3-0eab-4dff-b3cd-74a0b2d451a0,2026-09-25T00:36:01.351+00:00,2026-09-25T00:36:01.538+00:00,21072-30059,washers,50170080,72000000,2026-09-25 00:36:01,2026-09-25 00:20:13,29,948.0,792.0,,Available,website maps this code to Available
1,482350c3-0eab-4dff-b3cd-74a0b2d451a0,2026-09-25T00:36:01.351+00:00,2026-09-25T00:36:01.538+00:00,21072-30059,washers,50170075,72000000,2026-09-25 00:36:01,2026-09-25 00:14:33,29,1288.0,452.0,,Available,website maps this code to Available
1,482350c3-0eab-4dff-b3cd-74a0b2d451a0,2026-09-25T00:36:01.351+00:00,2026-09-25T00:36:01.538+00:00,21072-30059,washers,50170082,72000000,2026-09-25 00:36:01,2026-09-24 07:02:33,29,63208.0,-61468.0,,Available,website maps this code to Available
1,482350c3-0eab-4dff-b3cd-74a0b2d451a0,2026-09-25T00:36:01.351+00:00,2026-09-25T00:36:01.538+00:00,21072-30059,washers,50170050,72000000,2026-09-25 00:36:01,2026-09-25 00:19:24,29,997.0,743.0,,Available,website maps this code to Available
1,482350c3-0eab-4dff-b3cd-74a0b2d451a0,2026-09-25T00:36:01.351+00:00,2026-09-25T00:36:01.538+00:00,21072-30059,washers,50170052,72000000,2026-09-25 00:36:01,2026-09-25 00:11:14,29,1487.0,253.0,,Available,website maps this code to Available
1,482350c3-0eab-4dff-b3cd-74a0b2d451a0,2026-09-25T00:36:01.351+00:00,2026-09-25T00:36:01.538+00:00,21072-30059,washers,50170078,72000000,2026-09-25 00:36:01,2026-09-24 23:56:38,29,2363.0,-623.0,,Available,website maps this code to Available
1,482350c3-0eab-4dff-b3cd-74a0b2d451a0,2026-09-25T00:36:01.351+00:00,2026-09-25T00:36:01.538+00:00,21072-30059,washers,50170084,72000000,2026-09-25 00:36:01,2026-09-24 15:48:03,29,31678.0,-29938.0,,Available,website maps this code to Available
1,482350c3-0eab-4dff-b3cd-74a0b2d451a0,2026-09-25T00:36:01.351+00:00,2026-09-25T00:36:01.538+00:00,21072-30059,washers,50170068,42000000,2026-09-25 00:36:01,2026-09-25 00:26:18,37,583.0,1637.0,28,Running,
1,482350c3-0eab-4dff-b3cd-74a0b2d451a0,2026-09-25T00:36:01.351+00:00,2026-09-25T00:36:01.538+00:00,21072-30059,washers,50170072,42000000,2026-09-25 00:36:01,2026-09-25 00:24:16,43,705.0,1875.0,32,Running,
1,482350c3-0eab-4dff-b3cd-74a0b2d451a0,2026-09-25T00:36:01.351+00:00,2026-09-25T00:36:01.538+00:00,21072-30059,washers,20483408,72000000,2026-09-25 00:36:01,2024-12-20 00:43:32,0,55641149.0,-55641149.0,,Available,website maps this code to Available
1,482350c3-0eab-4dff-b3cd-74a0b2d451a0,2026-09-25T00:36:01.351+00:00,2026-09-25T00:36:01.538+00:00,21072-30059,washers,50170055,72000000,2026-09-25 00:36:01,2026-09-24 23:53:15,29,2566.0,-826.0,,Available,website maps this code to Available
1,482350c3-0eab-4dff-b3cd-74a0b2d451a0,2026-09-25T00:36:01.351+00:00,2026-09-25T00:36:01.538+00:00,21072-30059,dryers,50170058,72000000,2026-09-25 00:36:01,2026-09-12 03:29:03,46,1112818.0,-1110058.0,,Available,website maps this code to Available
1,482350c3-0eab-4dff-b3cd-74a0b2d451a0,2026-09-25T00:36:01.351+00:00,2026-09-25T00:36:01.538+00:00,21072-30059,dryers,50170061,72000000,2026-09-25 00:36:01,2026-09-24 20:07:24,46,16117.0,-13357.0,,Available,website maps this code to Available
1,482350c3-0eab-4dff-b3cd-74a0b2d451a0,2026-09-25T00:36:01.351+00:00,2026-09-25T00:36:01.538+00:00,21072-30059,dryers,50170081,42000000,2026-09-25 00:36:01,2026-09-25 00:21:38,45,863.0,1837.0,31,Running,
1,482350c3-0eab-4dff-b3cd-74a0b2d451a0,2026-09-25T00:36:01.351+00:00,2026-09-25T00:36:01.538+00:00,21072-30059,dryers,50170060,42000000,2026-09-25 00:36:01,2026-09-25 00:22:16,45,825.0,1875.0,32,Running,
1,482350c3-0eab-4dff-b3cd-74a0b2d451a0,2026-09-25T00:36:01.351+00:00,2026-09-25T00:36:01.538+00:00,21072-30059,dryers,50170087,42000000,2026-09-25 00:36:01,2026-09-25 00:11:45,45,1456.0,1244.0,21,Running,
1,482350c3-0eab-4dff-b3cd-74a0b2d451a0,2026-09-25T00:36:01.351+00:00,2026-09-25T00:36:01.538+00:00,21072-30059,dryers,50170064,72000000,2026-09-25 00:36:01,2026-09-24 07:02:42,46,63199.0,-60439.0,,Available,website maps this code to Available
1,482350c3-0eab-4dff-b3cd-74a0b2d451a0,2026-09-25T00:36:01.351+00:00,2026-09-25T00:36:01.538+00:00,21072-30059,dryers,50170065,42000000,2026-09-25 00:36:01,2026-09-25 00:32:44,10,197.0,403.0,7,Running,
1,482350c3-0eab-4dff-b3cd-74a0b2d451a0,2026-09-25T00:36:01.351+00:00,2026-09-25T00:36:01.538+00:00,21072-30059,dryers,50170059,72000000,2026-09-25 00:36:01,2026-09-24 15:47:57,46,31684.0,-28924.0,,Available,website maps this code to Available
1,482350c3-0eab-4dff-b3cd-74a0b2d451a0,2026-09-25T00:36:01.351+00:00,2026-09-25T00:36:01.538+00:00,21072-30059,dryers,50170057,42000000,2026-09-25 00:36:01,2026-09-25 00:33:16,10,165.0,435.0,8,Running,
1,482350c3-0eab-4dff-b3cd-74a0b2d451a0,2026-09-25T00:36:01.351+00:00,2026-09-25T00:36:01.538+00:00,21072-30059,dryers,50170062,42000000,2026-09-25 00:36:01,2026-09-25 00:32:59,10,182.0,418.0,7,Running,
1,482350c3-0eab-4dff-b3cd-74a0b2d451a0,2026-09-25T00:36:01.351+00:00,2026-09-25T00:36:01.538+00:00,21072-30059,dryers,50170067,42000000,2026-09-25 00:36:01,2026-09-25 00:29:35,10,386.0,214.0,4,Running,
1,482350c3-0eab-4dff-b3cd-74a0b2d451a0,2026-09-25T00:36:01.351+00:00,2026-09-25T00:36:01.538+00:00,21072-30059,dryers,50170074,42000000,2026-09-25 00:36:01,2026-09-25 00:30:41,10,320.0,280.0,5,Running,
1,482350c3-0eab-4dff-b3cd-74a0b2d451a0,2026-09-25T00:36:01.351+00:00,2026-09-25T00:36:01.538+00:00,21072-30059,dryers,50170071,42000000,2026-09-25 00:36:01,2026-09-25 00:17:23,45,1118.0,1582.0,27,Running,
1,482350c3-0eab-4dff-b3cd-74a0b2d451a0,2026-09-25T00:36:01.351+00:00,2026-09-25T00:36:01.538+00:00,21072-30059,dryers,50170054,42000000,2026-09-25 00:36:01,2026-09-25 00:22:19,53,822.0,2358.0,40,Running,
1,e5288888-13ae-418c-8d24-0c74ce96430d,2026-09-25T00:37:01.285+00:00,2026-09-25T00:37:01.486+00:00,21072-30059,washers,50170051,72000000,2026-09-25 00:37:01,2026-09-25 00:17:42,29,1159.0,581.0,,Available,website maps this code to Available
1,e5288888-13ae-418c-8d24-0c74ce96430d,2026-09-25T00:37:01.285+00:00,2026-09-25T00:37:01.486+00:00,21072-30059,washers,50170080,72000000,2026-09-25 00:37:01,2026-09-25 00:20:13,29,1008.0,732.0,,Available,website maps this code to Available
1,e5288888-13ae-418c-8d24-0c74ce96430d,2026-09-25T00:37:01.285+00:00,2026-09-25T00:37:01.486+00:00,21072-30059,washers,50170075,72000000,2026-09-25 00:37:01,2026-09-25 00:14:33,29,1348.0,392.0,,Available,website maps this code to Available
1,e5288888-13ae-418c-8d24-0c74ce96430d,2026-09-25T00:37:01.285+00:00,2026-09-25T00:37:01.486+00:00,21072-30059,washers,50170082,72000000,2026-09-25 00:37:01,2026-09-24 07:02:33,29,63268.0,-61528.0,,Available,website maps this code to Available
1,e5288888-13ae-418c-8d24-0c74ce96430d,2026-09-25T00:37:01.285+00:00,2026-09-25T00:37:01.486+00:00,21072-30059,washers,50170050,72000000,2026-09-25 00:37:01,2026-09-25 00:19:24,29,1057.0,683.0,,Available,website maps this code to Available
1,e5288888-13ae-418c-8d24-0c74ce96430d,2026-09-25T00:37:01.285+00:00,2026-09-25T00:37:01.486+00:00,21072-30059,washers,50170052,72000000,2026-09-25 00:37:01,2026-09-25 00:11:14,29,1547.0,193.0,,Available,website maps this code to Available
1,e5288888-13ae-418c-8d24-0c74ce96430d,2026-09-25T00:37:01.285+00:00,2026-09-25T00:37:01.486+00:00,21072-30059,washers,50170078,72000000,2026-09-25 00:37:01,2026-09-24 23:56:38,29,2423.0,-683.0,,Available,website maps this code to Available
1,e5288888-13ae-418c-8d24-0c74ce96430d,2026-09-25T00:37:01.285+00:00,2026-09-25T00:37:01.486+00:00,21072-30059,washers,50170084,72000000,2026-09-25 00:37:01,2026-09-24 15:48:03,29,31738.0,-29998.0,,Available,website maps this code to Available
1,e5288888-13ae-418c-8d24-0c74ce96430d,2026-09-25T00:37:01.285+00:00,2026-09-25T00:37:01.486+00:00,21072-30059,washers,50170068,42000000,2026-09-25 00:37:01,2026-09-25 00:26:18,37,643.0,1577.0,27,Running,
1,e5288888-13ae-418c-8d24-0c74ce96430d,2026-09-25T00:37:01.285+00:00,2026-09-25T00:37:01.486+00:00,21072-30059,washers,50170072,42000000,2026-09-25 00:37:01,2026-09-25 00:24:16,43,765.0,1815.0,31,Running,
1,e5288888-13ae-418c-8d24-0c74ce96430d,2026-09-25T00:37:01.285+00:00,2026-09-25T00:37:01.486+00:00,21072-30059,washers,20483408,72000000,2026-09-25 00:37:01,2024-12-20 00:43:32,0,55641209.0,-55641209.0,,Available,website maps this code to Available
1,e5288888-13ae-418c-8d24-0c74ce96430d,2026-09-25T00:37:01.285+00:00,2026-09-25T00:37:01.486+00:00,21072-30059,washers,50170055,72000000,2026-09-25 00:37:01,2026-09-24 23:53:15,29,2626.0,-886.0,,Available,website maps this code to Available
1,e5288888-13ae-418c-8d24-0c74ce96430d,2026-09-25T00:37:01.285+00:00,2026-09-25T00:37:01.486+00:00,21072-30059,dryers,50170058,72000000,2026-09-25 00:37:01,2026-09-12 03:29:03,46,1112878.0,-1110118.0,,Available,website maps this code to Available
1,e5288888-13ae-418c-8d24-0c74ce96430d,2026-09-25T00:37:01.285+00:00,2026-09-25T00:37:01.486+00:00,21072-30059,dryers,50170061,72000000,2026-09-25 00:37:01,2026-09-24 20:07:24,46,16177.0,-13417.0,,Available,website maps this code to Available
1,e5288888-13ae-418c-8d24-0c74ce96430d,2026-09-25T00:37:01.285+00:00,2026-09-25T00:37:01.486+00:00,21072-30059,dryers,50170081,42000000,2026-09-25 00:37:01,2026-09-25 00:21:38,45,923.0,1777.0,30,Running,
1,e5288888-13ae-418c-8d24-0c74ce96430d,2026-09-25T00:37:01.285+00:00,2026-09-25T00:37:01.486+00:00,21072-30059,dryers,50170060,42000000,2026-09-25 00:37:01,2026-09-25 00:22:16,45,885.0,1815.0,31,Running,
1,e5288888-13ae-418c-8d24-0c74ce96430d,2026-09-25T00:37:01.285+00:00,2026-09-25T00:37:01.486+00:00,21072-30059,dryers,50170087,42000000,2026-09-25 00:37:01,2026-09-25 00:11:45,45,1516.0,1184.0,20,Running,
1,e5288888-13ae-418c-8d24-0c74ce96430d,2026-09-25T00:37:01.285+00:00,2026-09-25T00:37:01.486+00:00,21072-30059,dryers,50170064,72000000,2026-09-25 00:37:01,2026-09-24 07:02:42,46,63259.0,-60499.0,,Available,website maps this code to Available
1,e5288888-13ae-418c-8d24-0c74ce96430d,2026-09-25T00:37:01.285+00:00,2026-09-25T00:37:01.486+00:00,21072-30059,dryers,50170065,42000000,2026-09-25 00:37:01,2026-09-25 00:32:44,10,257.0,343.0,6,Running,
1,e5288888-13ae-418c-8d24-0c74ce96430d,2026-09-25T00:37:01.285+00:00,2026-09-25T00:37:01.486+00:00,21072-30059,dryers,50170059,72000000,2026-09-25 00:37:01,2026-09-24 15:47:57,46,31744.0,-28984.0,,Available,website maps this code to Available
1,e5288888-13ae-418c-8d24-0c74ce96430d,2026-09-25T00:37:01.285+00:00,2026-09-25T00:37:01.486+00:00,21072-30059,dryers,50170057,42000000,2026-09-25 00:37:01,2026-09-25 00:33:16,10,225.0,375.0,7,Running,
1,e5288888-13ae-418c-8d24-0c74ce96430d,2026-09-25T00:37:01.285+00:00,2026-09-25T00:37:01.486+00:00,21072-30059,dryers,50170062,42000000,2026-09-25 00:37:01,2026-09-25 00:32:59,10,242.0,358.0,6,Running,
1,e5288888-13ae-418c-8d24-0c74ce96430d,2026-09-25T00:37:01.285+00:00,2026-09-25T00:37:01.486+00:00,21072-30059,dryers,50170067,42000000,2026-09-25 00:37:01,2026-09-25 00:29:35,10,446.0,154.0,3,Running,
1,e5288888-13ae-418c-8d24-0c74ce96430d,2026-09-25T00:37:01.285+00:00,2026-09-25T00:37:01.486+00:00,21072-30059,dryers,50170074,42000000,2026-09-25 00:37:01,2026-09-25 00:30:41,10,380.0,220.0,4,Running,
1,e5288888-13ae-418c-8d24-0c74ce96430d,2026-09-25T00:37:01.285+00:00,2026-09-25T00:37:01.486+00:00,21072-30059,dryers,50170071,42000000,2026-09-25 00:37:01,2026-09-25 00:17:23,45,1178.0,1522.0,26,Running,
1,e5288888-13ae-418c-8d24-0c74ce96430d,2026-09-25T00:37:01.285+00:00,2026-09-25T00:37:01.486+00:00,21072-30059,dryers,50170054,42000000,2026-09-25 00:37:01,2026-09-25 00:22:19,53,882.0,2298.0,39,Running,
1,f47c67b9-4a37-445e-8f4c-8a7735ebc4a2,2026-09-25T00:38:01.262+00:00,2026-09-25T00:38:01.460+00:00,21072-30059,washers,50170051,72000000,2026-09-25 00:38:01,2026-09-25 00:17:42,29,1219.0,521.0,,Available,website maps this code to Available
1,f47c67b9-4a37-445e-8f4c-8a7735ebc4a2,2026-09-25T00:38:01.262+00:00,2026-09-25T00:38:01.460+00:00,21072-30059,washers,50170080,72000000,2026-09-25 00:38:01,2026-09-25 00:20:13,29,1068.0,672.0,,Available,website maps this code to Available
1,f47c67b9-4a37-445e-8f4c-8a7735ebc4a2,2026-09-25T00:38:01.262+00:00,2026-09-25T00:38:01.460+00:00,21072-30059,washers,50170075,72000000,2026-09-25 00:38:01,2026-09-25 00:14:33,29,1408.0,332.0,,Available,website maps this code to Available
1,f47c67b9-4a37-445e-8f4c-8a7735ebc4a2,2026-09-25T00:38:01.262+00:00,2026-09-25T00:38:01.460+00:00,21072-30059,washers,50170082,72000000,2026-09-25 00:38:01,2026-09-24 07:02:33,29,63328.0,-61588.0,,Available,website maps this code to Available
1,f47c67b9-4a37-445e-8f4c-8a7735ebc4a2,2026-09-25T00:38:01.262+00:00,2026-09-25T00:38:01.460+00:00,21072-30059,washers,50170050,72000000,2026-09-25 00:38:01,2026-09-25 00:19:24,29,1117.0,623.0,,Available,website maps this code to Available
1,f47c67b9-4a37-445e-8f4c-8a7735ebc4a2,2026-09-25T00:38:01.262+00:00,2026-09-25T00:38:01.460+00:00,21072-30059,washers,50170052,72000000,2026-09-25 00:38:01,2026-09-25 00:11:14,29,1607.0,133.0,,Available,website maps this code to Available
1,f47c67b9-4a37-445e-8f4c-8a7735ebc4a2,2026-09-25T00:38:01.262+00:00,2026-09-25T00:38:01.460+00:00,21072-30059,washers,50170078,72000000,2026-09-25 00:38:01,2026-09-24 23:56:38,29,2483.0,-743.0,,Available,website maps this code to Available
1,f47c67b9-4a37-445e-8f4c-8a7735ebc4a2,2026-09-25T00:38:01.262+00:00,2026-09-25T00:38:01.460+00:00,21072-30059,washers,50170084,72000000,2026-09-25 00:38:01,2026-09-24 15:48:03,29,31798.0,-30058.0,,Available,website maps this code to Available
1,f47c67b9-4a37-445e-8f4c-8a7735ebc4a2,2026-09-25T00:38:01.262+00:00,2026-09-25T00:38:01.460+00:00,21072-30059,washers,50170068,42000000,2026-09-25 00:38:01,2026-09-25 00:26:18,37,703.0,1517.0,26,Running,
1,f47c67b9-4a37-445e-8f4c-8a7735ebc4a2,2026-09-25T00:38:01.262+00:00,2026-09-25T00:38:01.460+00:00,21072-30059,washers,50170072,42000000,2026-09-25 00:38:01,2026-09-25 00:24:16,43,825.0,1755.0,30,Running,
1,f47c67b9-4a37-445e-8f4c-8a7735ebc4a2,2026-09-25T00:38:01.262+00:00,2026-09-25T00:38:01.460+00:00,21072-30059,washers,20483408,72000000,2026-09-25 00:38:01,2024-12-20 00:43:32,0,55641269.0,-55641269.0,,Available,website maps this code to Available
1,f47c67b9-4a37-445e-8f4c-8a7735ebc4a2,2026-09-25T00:38:01.262+00:00,2026-09-25T00:38:01.460+00:00,21072-30059,washers,50170055,72000000,2026-09-25 00:38:01,2026-09-24 23:53:15,29,2686.0,-946.0,,Available,website maps this code to Available
1,f47c67b9-4a37-445e-8f4c-8a7735ebc4a2,2026-09-25T00:38:01.262+00:00,2026-09-25T00:38:01.460+00:00,21072-30059,dryers,50170058,72000000,2026-09-25 00:38:01,2026-09-12 03:29:03,46,1112938.0,-1110178.0,,Available,website maps this code to Available
1,f47c67b9-4a37-445e-8f4c-8a7735ebc4a2,2026-09-25T00:38:01.262+00:00,2026-09-25T00:38:01.460+00:00,21072-30059,dryers,50170061,72000000,2026-09-25 00:38:01,2026-09-24 20:07:24,46,16237.0,-13477.0,,Available,website maps this code to Available
1,f47c67b9-4a37-445e-8f4c-8a7735ebc4a2,2026-09-25T00:38:01.262+00:00,2026-09-25T00:38:01.460+00:00,21072-30059,dryers,50170081,42000000,2026-09-25 00:38:01,2026-09-25 00:21:38,45,983.0,1717.0,29,Running,
1,f47c67b9-4a37-445e-8f4c-8a7735ebc4a2,2026-09-25T00:38:01.262+00:00,2026-09-25T00:38:01.460+00:00,21072-30059,dryers,50170060,42000000,2026-09-25 00:38:01,2026-09-25 00:22:16,45,945.0,1755.0,30,Running,
1,f47c67b9-4a37-445e-8f4c-8a7735ebc4a2,2026-09-25T00:38:01.262+00:00,2026-09-25T00:38:01.460+00:00,21072-30059,dryers,50170087,42000000,2026-09-25 00:38:01,2026-09-25 00:11:45,45,1576.0,1124.0,19,Running,
1,f47c67b9-4a37-445e-8f4c-8a7735ebc4a2,2026-09-25T00:38:01.262+00:00,2026-09-25T00:38:01.460+00:00,21072-30059,dryers,50170064,72000000,2026-09-25 00:38:01,2026-09-24 07:02:42,46,63319.0,-60559.0,,Available,website maps this code to Available
1,f47c67b9-4a37-445e-8f4c-8a7735ebc4a2,2026-09-25T00:38:01.262+00:00,2026-09-25T00:38:01.460+00:00,21072-30059,dryers,50170065,42000000,2026-09-25 00:38:01,2026-09-25 00:32:44,10,317.0,283.0,5,Running,
1,f47c67b9-4a37-445e-8f4c-8a7735ebc4a2,2026-09-25T00:38:01.262+00:00,2026-09-25T00:38:01.460+00:00,21072-30059,dryers,50170059,72000000,2026-09-25 00:38:01,2026-09-24 15:47:57,46,31804.0,-29044.0,,Available,website maps this code to Available
1,f47c67b9-4a37-445e-8f4c-8a7735ebc4a2,2026-09-25T00:38:01.262+00:00,2026-09-25T00:38:01.460+00:00,21072-30059,dryers,50170057,42000000,2026-09-25 00:38:01,2026-09-25 00:33:16,10,285.0,315.0,6,Running,
1,f47c67b9-4a37-445e-8f4c-8a7735ebc4a2,2026-09-25T00:38:01.262+00:00,2026-09-25T00:38:01.460+00:00,21072-30059,dryers,50170062,42000000,2026-09-25 00:38:01,2026-09-25 00:32:59,10,302.0,298.0,5,Running,
1,f47c67b9-4a37-445e-8f4c-8a7735ebc4a2,2026-09-25T00:38:01.262+00:00,2026-09-25T00:38:01.460+00:00,21072-30059,dryers,50170067,42000000,2026-09-25 00:38:01,2026-09-25 00:29:35,10,506.0,94.0,2,Running,
1,f47c67b9-4a37-445e-8f4c-8a7735ebc4a2,2026-09-25T00:38:01.262+00:00,2026-09-25T00:38:01.460+00:00,21072-30059,dryers,50170074,42000000,2026-09-25 00:38:01,2026-09-25 00:30:41,10,440.0,160.0,3,Running,
1,f47c67b9-4a37-445e-8f4c-8a7735ebc4a2,2026-09-25T00:38:01.262+00:00,2026-09-25T00:38:01.460+00:00,21072-30059,dryers,50170071,42000000,2026-09-25 00:38:01,2026-09-25 00:17:23,45,1238.0,1462.0,25,Running,
1,f47c67b9-4a37-445e-8f4c-8a7735ebc4a2,2026-09-25T00:38:01.262+00:00,2026-09-25T00:38:01.460+00:00,21072-30059,dryers,50170054,42000000,2026-09-25 00:38:01,2026-09-25 00:22:19,53,942.0,2238.0,38,Running,
1,9462020b-27d9-4ba4-a216-8bd47cd7df8a,2026-09-25T00:39:01.317+00:00,2026-09-25T00:39:01.528+00:00,21072-30059,washers,50170051,72000000,2026-09-25 00:39:01,2026-09-25 00:17:42,29,1279.0,461.0,,Available,website maps this code to Available
1,9462020b-27d9-4ba4-a216-8bd47cd7df8a,2026-09-25T00:39:01.317+00:00,2026-09-25T00:39:01.528+00:00,21072-30059,washers,50170080,72000000,2026-09-25 00:39:01,2026-09-25 00:20:13,29,1128.0,612.0,,Available,website maps this code to Available
1,9462020b-27d9-4ba4-a216-8bd47cd7df8a,2026-09-25T00:39:01.317+00:00,2026-09-25T00:39:01.528+00:00,21072-30059,washers,50170075,72000000,2026-09-25 00:39:01,2026-09-25 00:14:33,29,1468.0,272.0,,Available,website maps this code to Available
1,9462020b-27d9-4ba4-a216-8bd47cd7df8a,2026-09-25T00:39:01.317+00:00,2026-09-25T00:39:01.528+00:00,21072-30059,washers,50170082,72000000,2026-09-25 00:39:01,2026-09-24 07:02:33,29,63388.0,-61648.0,,Available,website maps this code to Available
1,9462020b-27d9-4ba4-a216-8bd47cd7df8a,2026-09-25T00:39:01.317+00:00,2026-09-25T00:39:01.528+00:00,21072-30059,washers,50170050,72000000,2026-09-25 00:39:01,2026-09-25 00:19:24,29,1177.0,563.0,,Available,website maps this code to Available
1,9462020b-27d9-4ba4-a216-8bd47cd7df8a,2026-09-25T00:39:01.317+00:00,2026-09-25T00:39:01.528+00:00,21072-30059,washers,50170052,72000000,2026-09-25 00:39:01,2026-09-25 00:11:14,29,1667.0,73.0,,Available,website maps this code to Available
1,9462020b-27d9-4ba4-a216-8bd47cd7df8a,2026-09-25T00:39:01.317+00:00,2026-09-25T00:39:01.528+00:00,21072-30059,washers,50170078,72000000,2026-09-25 00:39:01,2026-09-24 23:56:38,29,2543.0,-803.0,,Available,website maps this code to Available
1,9462020b-27d9-4ba4-a216-8bd47cd7df8a,2026-09-25T00:39:01.317+00:00,2026-09-25T00:39:01.528+00:00,21072-30059,washers,50170084,72000000,2026-09-25 00:39:01,2026-09-24 15:48:03,29,31858.0,-30118.0,,Available,website maps this code to Available
1,9462020b-27d9-4ba4-a216-8bd47cd7df8a,2026-09-25T00:39:01.317+00:00,2026-09-25T00:39:01.528+00:00,21072-30059,washers,50170068,42000000,2026-09-25 00:39:01,2026-09-25 00:26:18,37,763.0,1457.0,25,Running,
1,9462020b-27d9-4ba4-a216-8bd47cd7df8a,2026-09-25T00:39:01.317+00:00,2026-09-25T00:39:01.528+00:00,21072-30059,washers,50170072,42000000,2026-09-25 00:39:01,2026-09-25 00:24:16,43,885.0,1695.0,29,Running,
1,9462020b-27d9-4ba4-a216-8bd47cd7df8a,2026-09-25T00:39:01.317+00:00,2026-09-25T00:39:01.528+00:00,21072-30059,washers,20483408,72000000,2026-09-25 00:39:01,2024-12-20 00:43:32,0,55641329.0,-55641329.0,,Available,website maps this code to Available
1,9462020b-27d9-4ba4-a216-8bd47cd7df8a,2026-09-25T00:39:01.317+00:00,2026-09-25T00:39:01.528+00:00,21072-30059,washers,50170055,72000000,2026-09-25 00:39:01,2026-09-24 23:53:15,29,2746.0,-1006.0,,Available,website maps this code to Available
1,9462020b-27d9-4ba4-a216-8bd47cd7df8a,2026-09-25T00:39:01.317+00:00,2026-09-25T00:39:01.528+00:00,21072-30059,dryers,50170058,72000000,2026-09-25 00:39:01,2026-09-12 03:29:03,46,1112998.0,-1110238.0,,Available,website maps this code to Available
1,9462020b-27d9-4ba4-a216-8bd47cd7df8a,2026-09-25T00:39:01.317+00:00,2026-09-25T00:39:01.528+00:00,21072-30059,dryers,50170061,72000000,2026-09-25 00:39:01,2026-09-24 20:07:24,46,16297.0,-13537.0,,Available,website maps this code to Available
1,9462020b-27d9-4ba4-a216-8bd47cd7df8a,2026-09-25T00:39:01.317+00:00,2026-09-25T00:39:01.528+00:00,21072-30059,dryers,50170081,42000000,2026-09-25 00:39:01,2026-09-25 00:21:38,45,1043.0,1657.0,28,Running,
1,9462020b-27d9-4ba4-a216-8bd47cd7df8a,2026-09-25T00:39:01.317+00:00,2026-09-25T00:39:01.528+00:00,21072-30059,dryers,50170060,42000000,2026-09-25 00:39:01,2026-09-25 00:22:16,45,1005.0,1695.0,29,Running,
1,9462020b-27d9-4ba4-a216-8bd47cd7df8a,2026-09-25T00:39:01.317+00:00,2026-09-25T00:39:01.528+00:00,21072-30059,dryers,50170087,42000000,2026-09-25 00:39:01,2026-09-25 00:11:45,45,1636.0,1064.0,18,Running,
1,9462020b-27d9-4ba4-a216-8bd47cd7df8a,2026-09-25T00:39:01.317+00:00,2026-09-25T00:39:01.528+00:00,21072-30059,dryers,50170064,72000000,2026-09-25 00:39:01,2026-09-24 07:02:42,46,63379.0,-60619.0,,Available,website maps this code to Available
1,9462020b-27d9-4ba4-a216-8bd47cd7df8a,2026-09-25T00:39:01.317+00:00,2026-09-25T00:39:01.528+00:00,21072-30059,dryers,50170065,42000000,2026-09-25 00:39:01,2026-09-25 00:32:44,10,377.0,223.0,4,Running,
1,9462020b-27d9-4ba4-a216-8bd47cd7df8a,2026-09-25T00:39:01.317+00:00,2026-09-25T00:39:01.528+00:00,21072-30059,dryers,50170059,72000000,2026-09-25 00:39:01,2026-09-24 15:47:57,46,31864.0,-29104.0,,Available,website maps this code to Available
1,9462020b-27d9-4ba4-a216-8bd47cd7df8a,2026-09-25T00:39:01.317+00:00,2026-09-25T00:39:01.528+00:00,21072-30059,dryers,50170057,42000000,2026-09-25 00:39:01,2026-09-25 00:33:16,10,345.0,255.0,5,Running,
1,9462020b-27d9-4ba4-a216-8bd47cd7df8a,2026-09-25T00:39:01.317+00:00,2026-09-25T00:39:01.528+00:00,21072-30059,dryers,50170062,42000000,2026-09-25 00:39:01,2026-09-25 00:32:59,10,362.0,238.0,4,Running,
1,9462020b-27d9-4ba4-a216-8bd47cd7df8a,2026-09-25T00:39:01.317+00:00,2026-09-25T00:39:01.528+00:00,21072-30059,dryers,50170067,42000000,2026-09-25 00:39:01,2026-09-25 00:29:35,10,566.0,34.0,1,Running,
1,9462020b-27d9-4ba4-a216-8bd47cd7df8a,2026-09-25T00:39:01.317+00:00,2026-09-25T00:39:01.528+00:00,21072-30059,dryers,50170074,42000000,2026-09-25 00:39:01,2026-09-25 00:30:41,10,500.0,100.0,2,Running,
1,9462020b-27d9-4ba4-a216-8bd47cd7df8a,2026-09-25T00:39:01.317+00:00,2026-09-25T00:39:01.528+00:00,21072-30059,dryers,50170071,42000000,2026-09-25 00:39:01,2026-09-25 00:17:23,45,1298.0,1402.0,24,Running,
1,9462020b-27d9-4ba4-a216-8bd47cd7df8a,2026-09-25T00:39:01.317+00:00,2026-09-25T00:39:01.528+00:00,21072-30059,dryers,50170054,42000000,2026-09-25 00:39:01,2026-09-25 00:22:19,53,1002.0,2178.0,37,Running,
1,e057f500-7ae5-430c-9f2d-8730ba3536dc,2026-09-25T00:40:01.429+00:00,2026-09-25T00:40:01.656+00:00,21072-30059,washers,50170051,72000000,2026-09-25 00:40:01,2026-09-25 00:17:42,29,1339.0,401.0,,Available,website maps this code to Available
1,e057f500-7ae5-430c-9f2d-8730ba3536dc,2026-09-25T00:40:01.429+00:00,2026-09-25T00:40:01.656+00:00,21072-30059,washers,50170080,72000000,2026-09-25 00:40:01,2026-09-25 00:20:13,29,1188.0,552.0,,Available,website maps this code to Available
1,e057f500-7ae5-430c-9f2d-8730ba3536dc,2026-09-25T00:40:01.429+00:00,2026-09-25T00:40:01.656+00:00,21072-30059,washers,50170075,72000000,2026-09-25 00:40:01,2026-09-25 00:14:33,29,1528.0,212.0,,Available,website maps this code to Available
1,e057f500-7ae5-430c-9f2d-8730ba3536dc,2026-09-25T00:40:01.429+00:00,2026-09-25T00:40:01.656+00:00,21072-30059,washers,50170082,72000000,2026-09-25 00:40:01,2026-09-24 07:02:33,29,63448.0,-61708.0,,Available,website maps this code to Available
1,e057f500-7ae5-430c-9f2d-8730ba3536dc,2026-09-25T00:40:01.429+00:00,2026-09-25T00:40:01.656+00:00,21072-30059,washers,50170050,72000000,2026-09-25 00:40:01,2026-09-25 00:19:24,29,1237.0,503.0,,Available,website maps this code to Available
1,e057f500-7ae5-430c-9f2d-8730ba3536dc,2026-09-25T00:40:01.429+00:00,2026-09-25T00:40:01.656+00:00,21072-30059,washers,50170052,72000000,2026-09-25 00:40:01,2026-09-25 00:11:14,29,1727.0,13.0,,Available,website maps this code to Available
1,e057f500-7ae5-430c-9f2d-8730ba3536dc,2026-09-25T00:40:01.429+00:00,2026-09-25T00:40:01.656+00:00,21072-30059,washers,50170078,72000000,2026-09-25 00:40:01,2026-09-24 23:56:38,29,2603.0,-863.0,,Available,website maps this code to Available
1,e057f500-7ae5-430c-9f2d-8730ba3536dc,2026-09-25T00:40:01.429+00:00,2026-09-25T00:40:01.656+00:00,21072-30059,washers,50170084,72000000,2026-09-25 00:40:01,2026-09-24 15:48:03,29,31918.0,-30178.0,,Available,website maps this code to Available
1,e057f500-7ae5-430c-9f2d-8730ba3536dc,2026-09-25T00:40:01.429+00:00,2026-09-25T00:40:01.656+00:00,21072-30059,washers,50170068,42000000,2026-09-25 00:40:01,2026-09-25 00:26:18,37,823.0,1397.0,24,Running,
1,e057f500-7ae5-430c-9f2d-8730ba3536dc,2026-09-25T00:40:01.429+00:00,2026-09-25T00:40:01.656+00:00,21072-30059,washers,50170072,42000000,2026-09-25 00:40:01,2026-09-25 00:24:16,43,945.0,1635.0,28,Running,
1,e057f500-7ae5-430c-9f2d-8730ba3536dc,2026-09-25T00:40:01.429+00:00,2026-09-25T00:40:01.656+00:00,21072-30059,washers,20483408,72000000,2026-09-25 00:40:01,2024-12-20 00:43:32,0,55641389.0,-55641389.0,,Available,website maps this code to Available
1,e057f500-7ae5-430c-9f2d-8730ba3536dc,2026-09-25T00:40:01.429+00:00,2026-09-25T00:40:01.656+00:00,21072-30059,washers,50170055,72000000,2026-09-25 00:40:01,2026-09-24 23:53:15,29,2806.0,-1066.0,,Available,website maps this code to Available
1,e057f500-7ae5-430c-9f2d-8730ba3536dc,2026-09-25T00:40:01.429+00:00,2026-09-25T00:40:01.656+00:00,21072-30059,dryers,50170058,72000000,2026-09-25 00:40:01,2026-09-12 03:29:03,46,1113058.0,-1110298.0,,Available,website maps this code to Available
1,e057f500-7ae5-430c-9f2d-8730ba3536dc,2026-09-25T00:40:01.429+00:00,2026-09-25T00:40:01.656+00:00,21072-30059,dryers,50170061,72000000,2026-09-25 00:40:01,2026-09-24 20:07:24,46,16357.0,-13597.0,,Available,website maps this code to Available
1,e057f500-7ae5-430c-9f2d-8730ba3536dc,2026-09-25T00:40:01.429+00:00,2026-09-25T00:40:01.656+00:00,21072-30059,dryers,50170081,42000000,2026-09-25 00:40:01,2026-09-25 00:21:38,45,1103.0,1597.0,27,Running,
1,e057f500-7ae5-430c-9f2d-8730ba3536dc,2026-09-25T00:40:01.429+00:00,2026-09-25T00:40:01.656+00:00,21072-30059,dryers,50170060,42000000,2026-09-25 00:40:01,2026-09-25 00:22:16,45,1065.0,1635.0,28,Running,
1,e057f500-7ae5-430c-9f2d-8730ba3536dc,2026-09-25T00:40:01.429+00:00,2026-09-25T00:40:01.656+00:00,21072-30059,dryers,50170087,42000000,2026-09-25 00:40:01,2026-09-25 00:11:45,45,1696.0,1004.0,17,Running,
1,e057f500-7ae5-430c-9f2d-8730ba3536dc,2026-09-25T00:40:01.429+00:00,2026-09-25T00:40:01.656+00:00,21072-30059,dryers,50170064,72000000,2026-09-25 00:40:01,2026-09-24 07:02:42,46,63439.0,-60679.0,,Available,website maps this code to Available
1,e057f500-7ae5-430c-9f2d-8730ba3536dc,2026-09-25T00:40:01.429+00:00,2026-09-25T00:40:01.656+00:00,21072-30059,dryers,50170065,42000000,2026-09-25 00:40:01,2026-09-25 00:32:44,10,437.0,163.0,3,Running,
1,e057f500-7ae5-430c-9f2d-8730ba3536dc,2026-09-25T00:40:01.429+00:00,2026-09-25T00:40:01.656+00:00,21072-30059,dryers,50170059,72000000,2026-09-25 00:40:01,2026-09-24 15:47:57,46,31924.0,-29164.0,,Available,website maps this code to Available
1,e057f500-7ae5-430c-9f2d-8730ba3536dc,2026-09-25T00:40:01.429+00:00,2026-09-25T00:40:01.656+00:00,21072-30059,dryers,50170057,42000000,2026-09-25 00:40:01,2026-09-25 00:33:16,10,405.0,195.0,4,Running,
1,e057f500-7ae5-430c-9f2d-8730ba3536dc,2026-09-25T00:40:01.429+00:00,2026-09-25T00:40:01.656+00:00,21072-30059,dryers,50170062,42000000,2026-09-25 00:40:01,2026-09-25 00:32:59,10,422.0,178.0,3,Running,
1,e057f500-7ae5-430c-9f2d-8730ba3536dc,2026-09-25T00:40:01.429+00:00,2026-09-25T00:40:01.656+00:00,21072-30059,dryers,50170067,52000000,2026-09-25 00:40:01,2026-09-25 00:39:45,23,16.0,1364.0,,Finished,
1,e057f500-7ae5-430c-9f2d-8730ba3536dc,2026-09-25T00:40:01.429+00:00,2026-09-25T00:40:01.656+00:00,21072-30059,dryers,50170074,52000000,2026-09-25 00:40:01,2026-09-25 00:39:51,23,10.0,1370.0,,Finished,
1,e057f500-7ae5-430c-9f2d-8730ba3536dc,2026-09-25T00:40:01.429+00:00,2026-09-25T00:40:01.656+00:00,21072-30059,dryers,50170071,42000000,2026-09-25 00:40:01,2026-09-25 00:17:23,45,1358.0,1342.0,23,Running,
1,e057f500-7ae5-430c-9f2d-8730ba3536dc,2026-09-25T00:40:01.429+00:00,2026-09-25T00:40:01.656+00:00,21072-30059,dryers,50170054,42000000,2026-09-25 00:40:01,2026-09-25 00:22:19,53,1062.0,2118.0,36,Running,
1,5a3e5730-9621-4c55-969f-27b14f70ed39,2026-09-25T00:41:01.282+00:00,2026-09-25T00:41:01.470+00:00,21072-30059,washers,50170051,72000000,2026-09-25 00:41:01,2026-09-25 00:17:42,29,1399.0,341.0,,Available,website maps this code to Available
1,5a3e5730-9621-4c55-969f-27b14f70ed39,2026-09-25T00:41:01.282+00:00,2026-09-25T00:41:01.470+00:00,21072-30059,washers,50170080,72000000,2026-09-25 00:41:01,2026-09-25 00:20:13,29,1248.0,492.0,,Available,website maps this code to Available
1,5a3e5730-9621-4c55-969f-27b14f70ed39,2026-09-25T00:41:01.282+00:00,2026-09-25T00:41:01.470+00:00,21072-30059,washers,50170075,72000000,2026-09-25 00:41:01,2026-09-25 00:14:33,29,1588.0,152.0,,Available,website maps this code to Available
1,5a3e5730-9621-4c55-969f-27b14f70ed39,2026-09-25T00:41:01.282+00:00,2026-09-25T00:41:01.470+00:00,21072-30059,washers,50170082,72000000,2026-09-25 00:41:01,2026-09-24 07:02:33,29,63508.0,-61768.0,,Available,website maps this code to Available
1,5a3e5730-9621-4c55-969f-27b14f70ed39,2026-09-25T00:41:01.282+00:00,2026-09-25T00:41:01.470+00:00,21072-30059,washers,50170050,72000000,2026-09-25 00:41:01,2026-09-25 00:19:24,29,1297.0,443.0,,Available,website maps this code to Available
1,5a3e5730-9621-4c55-969f-27b14f70ed39,2026-09-25T00:41:01.282+00:00,2026-09-25T00:41:01.470+00:00,21072-30059,washers,50170052,72000000,2026-09-25 00:41:01,2026-09-25 00:11:14,29,1787.0,-47.0,,Available,website maps this code to Available
1,5a3e5730-9621-4c55-969f-27b14f70ed39,2026-09-25T00:41:01.282+00:00,2026-09-25T00:41:01.470+00:00,21072-30059,washers,50170078,72000000,2026-09-25 00:41:01,2026-09-24 23:56:38,29,2663.0,-923.0,,Available,website maps this code to Available
1,5a3e5730-9621-4c55-969f-27b14f70ed39,2026-09-25T00:41:01.282+00:00,2026-09-25T00:41:01.470+00:00,21072-30059,washers,50170084,72000000,2026-09-25 00:41:01,2026-09-24 15:48:03,29,31978.0,-30238.0,,Available,website maps this code to Available
1,5a3e5730-9621-4c55-969f-27b14f70ed39,2026-09-25T00:41:01.282+00:00,2026-09-25T00:41:01.470+00:00,21072-30059,washers,50170068,42000000,2026-09-25 00:41:01,2026-09-25 00:26:18,37,883.0,1337.0,23,Running,
1,5a3e5730-9621-4c55-969f-27b14f70ed39,2026-09-25T00:41:01.282+00:00,2026-09-25T00:41:01.470+00:00,21072-30059,washers,50170072,42000000,2026-09-25 00:41:01,2026-09-25 00:24:16,43,1005.0,1575.0,27,Running,
1,5a3e5730-9621-4c55-969f-27b14f70ed39,2026-09-25T00:41:01.282+00:00,2026-09-25T00:41:01.470+00:00,21072-30059,washers,20483408,72000000,2026-09-25 00:41:01,2024-12-20 00:43:32,0,55641449.0,-55641449.0,,Available,website maps this code to Available
1,5a3e5730-9621-4c55-969f-27b14f70ed39,2026-09-25T00:41:01.282+00:00,2026-09-25T00:41:01.470+00:00,21072-30059,washers,50170055,72000000,2026-09-25 00:41:01,2026-09-24 23:53:15,29,2866.0,-1126.0,,Available,website maps this code to Available
1,5a3e5730-9621-4c55-969f-27b14f70ed39,2026-09-25T00:41:01.282+00:00,2026-09-25T00:41:01.470+00:00,21072-30059,dryers,50170058,72000000,2026-09-25 00:41:01,2026-09-12 03:29:03,46,1113118.0,-1110358.0,,Available,website maps this code to Available
1,5a3e5730-9621-4c55-969f-27b14f70ed39,2026-09-25T00:41:01.282+00:00,2026-09-25T00:41:01.470+00:00,21072-30059,dryers,50170061,72000000,2026-09-25 00:41:01,2026-09-24 20:07:24,46,16417.0,-13657.0,,Available,website maps this code to Available
1,5a3e5730-9621-4c55-969f-27b14f70ed39,2026-09-25T00:41:01.282+00:00,2026-09-25T00:41:01.470+00:00,21072-30059,dryers,50170081,42000000,2026-09-25 00:41:01,2026-09-25 00:21:38,45,1163.0,1537.0,26,Running,
1,5a3e5730-9621-4c55-969f-27b14f70ed39,2026-09-25T00:41:01.282+00:00,2026-09-25T00:41:01.470+00:00,21072-30059,dryers,50170060,42000000,2026-09-25 00:41:01,2026-09-25 00:22:16,45,1125.0,1575.0,27,Running,
1,5a3e5730-9621-4c55-969f-27b14f70ed39,2026-09-25T00:41:01.282+00:00,2026-09-25T00:41:01.470+00:00,21072-30059,dryers,50170087,42000000,2026-09-25 00:41:01,2026-09-25 00:11:45,45,1756.0,944.0,16,Running,
1,5a3e5730-9621-4c55-969f-27b14f70ed39,2026-09-25T00:41:01.282+00:00,2026-09-25T00:41:01.470+00:00,21072-30059,dryers,50170064,72000000,2026-09-25 00:41:01,2026-09-24 07:02:42,46,63499.0,-60739.0,,Available,website maps this code to Available
1,5a3e5730-9621-4c55-969f-27b14f70ed39,2026-09-25T00:41:01.282+00:00,2026-09-25T00:41:01.470+00:00,21072-30059,dryers,50170065,42000000,2026-09-25 00:41:01,2026-09-25 00:32:44,10,497.0,103.0,2,Running,
1,5a3e5730-9621-4c55-969f-27b14f70ed39,2026-09-25T00:41:01.282+00:00,2026-09-25T00:41:01.470+00:00,21072-30059,dryers,50170059,72000000,2026-09-25 00:41:01,2026-09-24 15:47:57,46,31984.0,-29224.0,,Available,website maps this code to Available
1,5a3e5730-9621-4c55-969f-27b14f70ed39,2026-09-25T00:41:01.282+00:00,2026-09-25T00:41:01.470+00:00,21072-30059,dryers,50170057,42000000,2026-09-25 00:41:01,2026-09-25 00:33:16,10,465.0,135.0,3,Running,
1,5a3e5730-9621-4c55-969f-27b14f70ed39,2026-09-25T00:41:01.282+00:00,2026-09-25T00:41:01.470+00:00,21072-30059,dryers,50170062,42000000,2026-09-25 00:41:01,2026-09-25 00:32:59,10,482.0,118.0,2,Running,
1,5a3e5730-9621-4c55-969f-27b14f70ed39,2026-09-25T00:41:01.282+00:00,2026-09-25T00:41:01.470+00:00,21072-30059,dryers,50170067,52000000,2026-09-25 00:41:01,2026-09-25 00:39:45,23,76.0,1304.0,,Finished,
1,5a3e5730-9621-4c55-969f-27b14f70ed39,2026-09-25T00:41:01.282+00:00,2026-09-25T00:41:01.470+00:00,21072-30059,dryers,50170074,52000000,2026-09-25 00:41:01,2026-09-25 00:39:51,23,70.0,1310.0,,Finished,
1,5a3e5730-9621-4c55-969f-27b14f70ed39,2026-09-25T00:41:01.282+00:00,2026-09-25T00:41:01.470+00:00,21072-30059,dryers,50170071,42000000,2026-09-25 00:41:01,2026-09-25 00:17:23,45,1418.0,1282.0,22,Running,
1,5a3e5730-9621-4c55-969f-27b14f70ed39,2026-09-25T00:41:01.282+00:00,2026-09-25T00:41:01.470+00:00,21072-30059,dryers,50170054,42000000,2026-09-25 00:41:01,2026-09-25 00:22:19,53,1122.0,2058.0,35,Running,
1,b35a5984-25e8-4e4b-bd2c-acde679dca81,2026-09-25T00:42:01.282+00:00,2026-09-25T00:42:01.567+00:00,21072-30059,washers,50170051,72000000,2026-09-25 00:42:01,2026-09-25 00:17:42,29,1459.0,281.0,,Available,website maps this code to Available
1,b35a5984-25e8-4e4b-bd2c-acde679dca81,2026-09-25T00:42:01.282+00:00,2026-09-25T00:42:01.567+00:00,21072-30059,washers,50170080,72000000,2026-09-25 00:42:01,2026-09-25 00:20:13,29,1308.0,432.0,,Available,website maps this code to Available
1,b35a5984-25e8-4e4b-bd2c-acde679dca81,2026-09-25T00:42:01.282+00:00,2026-09-25T00:42:01.567+00:00,21072-30059,washers,50170075,72000000,2026-09-25 00:42:01,2026-09-25 00:14:33,29,1648.0,92.0,,Available,website maps this code to Available
1,b35a5984-25e8-4e4b-bd2c-acde679dca81,2026-09-25T00:42:01.282+00:00,2026-09-25T00:42:01.567+00:00,21072-30059,washers,50170082,72000000,2026-09-25 00:42:01,2026-09-24 07:02:33,29,63568.0,-61828.0,,Available,website maps this code to Available
1,b35a5984-25e8-4e4b-bd2c-acde679dca81,2026-09-25T00:42:01.282+00:00,2026-09-25T00:42:01.567+00:00,21072-30059,washers,50170050,72000000,2026-09-25 00:42:01,2026-09-25 00:19:24,29,1357.0,383.0,,Available,website maps this code to Available
1,b35a5984-25e8-4e4b-bd2c-acde679dca81,2026-09-25T00:42:01.282+00:00,2026-09-25T00:42:01.567+00:00,21072-30059,washers,50170052,72000000,2026-09-25 00:42:01,2026-09-25 00:11:14,29,1847.0,-107.0,,Available,website maps this code to Available
1,b35a5984-25e8-4e4b-bd2c-acde679dca81,2026-09-25T00:42:01.282+00:00,2026-09-25T00:42:01.567+00:00,21072-30059,washers,50170078,72000000,2026-09-25 00:42:01,2026-09-24 23:56:38,29,2723.0,-983.0,,Available,website maps this code to Available
1,b35a5984-25e8-4e4b-bd2c-acde679dca81,2026-09-25T00:42:01.282+00:00,2026-09-25T00:42:01.567+00:00,21072-30059,washers,50170084,72000000,2026-09-25 00:42:01,2026-09-24 15:48:03,29,32038.0,-30298.0,,Available,website maps this code to Available
1,b35a5984-25e8-4e4b-bd2c-acde679dca81,2026-09-25T00:42:01.282+00:00,2026-09-25T00:42:01.567+00:00,21072-30059,washers,50170068,42000000,2026-09-25 00:42:01,2026-09-25 00:26:18,37,943.0,1277.0,22,Running,
1,b35a5984-25e8-4e4b-bd2c-acde679dca81,2026-09-25T00:42:01.282+00:00,2026-09-25T00:42:01.567+00:00,21072-30059,washers,50170072,42000000,2026-09-25 00:42:01,2026-09-25 00:24:16,43,1065.0,1515.0,26,Running,
1,b35a5984-25e8-4e4b-bd2c-acde679dca81,2026-09-25T00:42:01.282+00:00,2026-09-25T00:42:01.567+00:00,21072-30059,washers,20483408,72000000,2026-09-25 00:42:01,2024-12-20 00:43:32,0,55641509.0,-55641509.0,,Available,website maps this code to Available
1,b35a5984-25e8-4e4b-bd2c-acde679dca81,2026-09-25T00:42:01.282+00:00,2026-09-25T00:42:01.567+00:00,21072-30059,washers,50170055,72000000,2026-09-25 00:42:01,2026-09-24 23:53:15,29,2926.0,-1186.0,,Available,website maps this code to Available
1,b35a5984-25e8-4e4b-bd2c-acde679dca81,2026-09-25T00:42:01.282+00:00,2026-09-25T00:42:01.567+00:00,21072-30059,dryers,50170058,72000000,2026-09-25 00:42:01,2026-09-12 03:29:03,46,1113178.0,-1110418.0,,Available,website maps this code to Available
1,b35a5984-25e8-4e4b-bd2c-acde679dca81,2026-09-25T00:42:01.282+00:00,2026-09-25T00:42:01.567+00:00,21072-30059,dryers,50170061,72000000,2026-09-25 00:42:01,2026-09-24 20:07:24,46,16477.0,-13717.0,,Available,website maps this code to Available
1,b35a5984-25e8-4e4b-bd2c-acde679dca81,2026-09-25T00:42:01.282+00:00,2026-09-25T00:42:01.567+00:00,21072-30059,dryers,50170081,42000000,2026-09-25 00:42:01,2026-09-25 00:21:38,45,1223.0,1477.0,25,Running,
1,b35a5984-25e8-4e4b-bd2c-acde679dca81,2026-09-25T00:42:01.282+00:00,2026-09-25T00:42:01.567+00:00,21072-30059,dryers,50170060,42000000,2026-09-25 00:42:01,2026-09-25 00:22:16,45,1185.0,1515.0,26,Running,
1,b35a5984-25e8-4e4b-bd2c-acde679dca81,2026-09-25T00:42:01.282+00:00,2026-09-25T00:42:01.567+00:00,21072-30059,dryers,50170087,42000000,2026-09-25 00:42:01,2026-09-25 00:11:45,45,1816.0,884.0,15,Running,
1,b35a5984-25e8-4e4b-bd2c-acde679dca81,2026-09-25T00:42:01.282+00:00,2026-09-25T00:42:01.567+00:00,21072-30059,dryers,50170064,72000000,2026-09-25 00:42:01,2026-09-24 07:02:42,46,63559.0,-60799.0,,Available,website maps this code to Available
1,b35a5984-25e8-4e4b-bd2c-acde679dca81,2026-09-25T00:42:01.282+00:00,2026-09-25T00:42:01.567+00:00,21072-30059,dryers,50170065,42000000,2026-09-25 00:42:01,2026-09-25 00:32:44,10,557.0,43.0,1,Running,
1,b35a5984-25e8-4e4b-bd2c-acde679dca81,2026-09-25T00:42:01.282+00:00,2026-09-25T00:42:01.567+00:00,21072-30059,dryers,50170059,72000000,2026-09-25 00:42:01,2026-09-24 15:47:57,46,32044.0,-29284.0,,Available,website maps this code to Available
1,b35a5984-25e8-4e4b-bd2c-acde679dca81,2026-09-25T00:42:01.282+00:00,2026-09-25T00:42:01.567+00:00,21072-30059,dryers,50170057,42000000,2026-09-25 00:42:01,2026-09-25 00:33:16,10,525.0,75.0,2,Running,
1,b35a5984-25e8-4e4b-bd2c-acde679dca81,2026-09-25T00:42:01.282+00:00,2026-09-25T00:42:01.567+00:00,21072-30059,dryers,50170062,42000000,2026-09-25 00:42:01,2026-09-25 00:32:59,10,542.0,58.0,1,Running,
1,b35a5984-25e8-4e4b-bd2c-acde679dca81,2026-09-25T00:42:01.282+00:00,2026-09-25T00:42:01.567+00:00,21072-30059,dryers,50170067,52000000,2026-09-25 00:42:01,2026-09-25 00:39:45,23,136.0,1244.0,,Finished,
1,b35a5984-25e8-4e4b-bd2c-acde679dca81,2026-09-25T00:42:01.282+00:00,2026-09-25T00:42:01.567+00:00,21072-30059,dryers,50170074,52000000,2026-09-25 00:42:01,2026-09-25 00:39:51,23,130.0,1250.0,,Finished,
1,b35a5984-25e8-4e4b-bd2c-acde679dca81,2026-09-25T00:42:01.282+00:00,2026-09-25T00:42:01.567+00:00,21072-30059,dryers,50170071,42000000,2026-09-25 00:42:01,2026-09-25 00:17:23,45,1478.0,1222.0,21,Running,
1,b35a5984-25e8-4e4b-bd2c-acde679dca81,2026-09-25T00:42:01.282+00:00,2026-09-25T00:42:01.567+00:00,21072-30059,dryers,50170054,42000000,2026-09-25 00:42:01,2026-09-25 00:22:19,53,1182.0,1998.0,34,Running,
1,04942a03-4a96-47dc-911c-c8e811a3e24a,2026-09-25T00:43:01.288+00:00,2026-09-25T00:43:01.532+00:00,21072-30059,washers,50170051,72000000,2026-09-25 00:43:01,2026-09-25 00:17:42,29,1519.0,221.0,,Available,website maps this code to Available
1,04942a03-4a96-47dc-911c-c8e811a3e24a,2026-09-25T00:43:01.288+00:00,2026-09-25T00:43:01.532+00:00,21072-30059,washers,50170080,72000000,2026-09-25 00:43:01,2026-09-25 00:20:13,29,1368.0,372.0,,Available,website maps this code to Available
1,04942a03-4a96-47dc-911c-c8e811a3e24a,2026-09-25T00:43:01.288+00:00,2026-09-25T00:43:01.532+00:00,21072-30059,washers,50170075,72000000,2026-09-25 00:43:01,2026-09-25 00:14:33,29,1708.0,32.0,,Available,website maps this code to Available
1,04942a03-4a96-47dc-911c-c8e811a3e24a,2026-09-25T00:43:01.288+00:00,2026-09-25T00:43:01.532+00:00,21072-30059,washers,50170082,72000000,2026-09-25 00:43:01,2026-09-24 07:02:33,29,63628.0,-61888.0,,Available,website maps this code to Available
1,04942a03-4a96-47dc-911c-c8e811a3e24a,2026-09-25T00:43:01.288+00:00,2026-09-25T00:43:01.532+00:00,21072-30059,washers,50170050,72000000,2026-09-25 00:43:01,2026-09-25 00:19:24,29,1417.0,323.0,,Available,website maps this code to Available
1,04942a03-4a96-47dc-911c-c8e811a3e24a,2026-09-25T00:43:01.288+00:00,2026-09-25T00:43:01.532+00:00,21072-30059,washers,50170052,72000000,2026-09-25 00:43:01,2026-09-25 00:11:14,29,1907.0,-167.0,,Available,website maps this code to Available
1,04942a03-4a96-47dc-911c-c8e811a3e24a,2026-09-25T00:43:01.288+00:00,2026-09-25T00:43:01.532+00:00,21072-30059,washers,50170078,72000000,2026-09-25 00:43:01,2026-09-24 23:56:38,29,2783.0,-1043.0,,Available,website maps this code to Available
1,04942a03-4a96-47dc-911c-c8e811a3e24a,2026-09-25T00:43:01.288+00:00,2026-09-25T00:43:01.532+00:00,21072-30059,washers,50170084,72000000,2026-09-25 00:43:01,2026-09-24 15:48:03,29,32098.0,-30358.0,,Available,website maps this code to Available
1,04942a03-4a96-47dc-911c-c8e811a3e24a,2026-09-25T00:43:01.288+00:00,2026-09-25T00:43:01.532+00:00,21072-30059,washers,50170068,42000000,2026-09-25 00:43:01,2026-09-25 00:26:18,37,1003.0,1217.0,21,Running,
1,04942a03-4a96-47dc-911c-c8e811a3e24a,2026-09-25T00:43:01.288+00:00,2026-09-25T00:43:01.532+00:00,21072-30059,washers,50170072,42000000,2026-09-25 00:43:01,2026-09-25 00:24:16,43,1125.0,1455.0,25,Running,
1,04942a03-4a96-47dc-911c-c8e811a3e24a,2026-09-25T00:43:01.288+00:00,2026-09-25T00:43:01.532+00:00,21072-30059,washers,20483408,72000000,2026-09-25 00:43:01,2024-12-20 00:43:32,0,55641569.0,-55641569.0,,Available,website maps this code to Available
1,04942a03-4a96-47dc-911c-c8e811a3e24a,2026-09-25T00:43:01.288+00:00,2026-09-25T00:43:01.532+00:00,21072-30059,washers,50170055,72000000,2026-09-25 00:43:01,2026-09-24 23:53:15,29,2986.0,-1246.0,,Available,website maps this code to Available
1,04942a03-4a96-47dc-911c-c8e811a3e24a,2026-09-25T00:43:01.288+00:00,2026-09-25T00:43:01.532+00:00,21072-30059,dryers,50170058,72000000,2026-09-25 00:43:01,2026-09-12 03:29:03,46,1113238.0,-1110478.0,,Available,website maps this code to Available
1,04942a03-4a96-47dc-911c-c8e811a3e24a,2026-09-25T00:43:01.288+00:00,2026-09-25T00:43:01.532+00:00,21072-30059,dryers,50170061,72000000,2026-09-25 00:43:01,2026-09-24 20:07:24,46,16537.0,-13777.0,,Available,website maps this code to Available
1,04942a03-4a96-47dc-911c-c8e811a3e24a,2026-09-25T00:43:01.288+00:00,2026-09-25T00:43:01.532+00:00,21072-30059,dryers,50170081,42000000,2026-09-25 00:43:01,2026-09-25 00:21:38,45,1283.0,1417.0,24,Running,
1,04942a03-4a96-47dc-911c-c8e811a3e24a,2026-09-25T00:43:01.288+00:00,2026-09-25T00:43:01.532+00:00,21072-30059,dryers,50170060,42000000,2026-09-25 00:43:01,2026-09-25 00:22:16,45,1245.0,1455.0,25,Running,
1,04942a03-4a96-47dc-911c-c8e811a3e24a,2026-09-25T00:43:01.288+00:00,2026-09-25T00:43:01.532+00:00,21072-30059,dryers,50170087,42000000,2026-09-25 00:43:01,2026-09-25 00:11:45,45,1876.0,824.0,14,Running,
1,04942a03-4a96-47dc-911c-c8e811a3e24a,2026-09-25T00:43:01.288+00:00,2026-09-25T00:43:01.532+00:00,21072-30059,dryers,50170064,72000000,2026-09-25 00:43:01,2026-09-24 07:02:42,46,63619.0,-60859.0,,Available,website maps this code to Available
1,04942a03-4a96-47dc-911c-c8e811a3e24a,2026-09-25T00:43:01.288+00:00,2026-09-25T00:43:01.532+00:00,21072-30059,dryers,50170065,52000000,2026-09-25 00:43:01,2026-09-25 00:42:54,23,7.0,1373.0,,Finished,
1,04942a03-4a96-47dc-911c-c8e811a3e24a,2026-09-25T00:43:01.288+00:00,2026-09-25T00:43:01.532+00:00,21072-30059,dryers,50170059,72000000,2026-09-25 00:43:01,2026-09-24 15:47:57,46,32104.0,-29344.0,,Available,website maps this code to Available
1,04942a03-4a96-47dc-911c-c8e811a3e24a,2026-09-25T00:43:01.288+00:00,2026-09-25T00:43:01.532+00:00,21072-30059,dryers,50170057,42000000,2026-09-25 00:43:01,2026-09-25 00:33:16,10,585.0,15.0,1,Running,
1,04942a03-4a96-47dc-911c-c8e811a3e24a,2026-09-25T00:43:01.288+00:00,2026-09-25T00:43:01.532+00:00,21072-30059,dryers,50170062,42000000,2026-09-25 00:43:01,2026-09-25 00:32:59,10,602.0,-2.0,,Available,website fallback: countdown expired
1,04942a03-4a96-47dc-911c-c8e811a3e24a,2026-09-25T00:43:01.288+00:00,2026-09-25T00:43:01.532+00:00,21072-30059,dryers,50170067,52000000,2026-09-25 00:43:01,2026-09-25 00:39:45,23,196.0,1184.0,,Finished,
1,04942a03-4a96-47dc-911c-c8e811a3e24a,2026-09-25T00:43:01.288+00:00,2026-09-25T00:43:01.532+00:00,21072-30059,dryers,50170074,52000000,2026-09-25 00:43:01,2026-09-25 00:39:51,23,190.0,1190.0,,Finished,
1,04942a03-4a96-47dc-911c-c8e811a3e24a,2026-09-25T00:43:01.288+00:00,2026-09-25T00:43:01.532+00:00,21072-30059,dryers,50170071,42000000,2026-09-25 00:43:01,2026-09-25 00:17:23,45,1538.0,1162.0,20,Running,
1,04942a03-4a96-47dc-911c-c8e811a3e24a,2026-09-25T00:43:01.288+00:00,2026-09-25T00:43:01.532+00:00,21072-30059,dryers,50170054,42000000,2026-09-25 00:43:01,2026-09-25 00:22:19,53,1242.0,1938.0,33,Running,
1,c14dad40-48a4-4748-82d2-fbf585266c02,2026-09-25T00:44:01.285+00:00,2026-09-25T00:44:01.496+00:00,21072-30059,washers,50170051,72000000,2026-09-25 00:44:01,2026-09-25 00:17:42,29,1579.0,161.0,,Available,website maps this code to Available
1,c14dad40-48a4-4748-82d2-fbf585266c02,2026-09-25T00:44:01.285+00:00,2026-09-25T00:44:01.496+00:00,21072-30059,washers,50170080,72000000,2026-09-25 00:44:01,2026-09-25 00:20:13,29,1428.0,312.0,,Available,website maps this code to Available
1,c14dad40-48a4-4748-82d2-fbf585266c02,2026-09-25T00:44:01.285+00:00,2026-09-25T00:44:01.496+00:00,21072-30059,washers,50170075,72000000,2026-09-25 00:44:01,2026-09-25 00:14:33,29,1768.0,-28.0,,Available,website maps this code to Available
1,c14dad40-48a4-4748-82d2-fbf585266c02,2026-09-25T00:44:01.285+00:00,2026-09-25T00:44:01.496+00:00,21072-30059,washers,50170082,72000000,2026-09-25 00:44:01,2026-09-24 07:02:33,29,63688.0,-61948.0,,Available,website maps this code to Available
1,c14dad40-48a4-4748-82d2-fbf585266c02,2026-09-25T00:44:01.285+00:00,2026-09-25T00:44:01.496+00:00,21072-30059,washers,50170050,72000000,2026-09-25 00:44:01,2026-09-25 00:19:24,29,1477.0,263.0,,Available,website maps this code to Available
1,c14dad40-48a4-4748-82d2-fbf585266c02,2026-09-25T00:44:01.285+00:00,2026-09-25T00:44:01.496+00:00,21072-30059,washers,50170052,72000000,2026-09-25 00:44:01,2026-09-25 00:11:14,29,1967.0,-227.0,,Available,website maps this code to Available
1,c14dad40-48a4-4748-82d2-fbf585266c02,2026-09-25T00:44:01.285+00:00,2026-09-25T00:44:01.496+00:00,21072-30059,washers,50170078,72000000,2026-09-25 00:44:01,2026-09-24 23:56:38,29,2843.0,-1103.0,,Available,website maps this code to Available
1,c14dad40-48a4-4748-82d2-fbf585266c02,2026-09-25T00:44:01.285+00:00,2026-09-25T00:44:01.496+00:00,21072-30059,washers,50170084,72000000,2026-09-25 00:44:01,2026-09-24 15:48:03,29,32158.0,-30418.0,,Available,website maps this code to Available
1,c14dad40-48a4-4748-82d2-fbf585266c02,2026-09-25T00:44:01.285+00:00,2026-09-25T00:44:01.496+00:00,21072-30059,washers,50170068,42000000,2026-09-25 00:44:01,2026-09-25 00:26:18,37,1063.0,1157.0,20,Running,
1,c14dad40-48a4-4748-82d2-fbf585266c02,2026-09-25T00:44:01.285+00:00,2026-09-25T00:44:01.496+00:00,21072-30059,washers,50170072,42000000,2026-09-25 00:44:01,2026-09-25 00:24:16,43,1185.0,1395.0,24,Running,
1,c14dad40-48a4-4748-82d2-fbf585266c02,2026-09-25T00:44:01.285+00:00,2026-09-25T00:44:01.496+00:00,21072-30059,washers,20483408,72000000,2026-09-25 00:44:01,2024-12-20 00:43:32,0,55641629.0,-55641629.0,,Available,website maps this code to Available
1,c14dad40-48a4-4748-82d2-fbf585266c02,2026-09-25T00:44:01.285+00:00,2026-09-25T00:44:01.496+00:00,21072-30059,washers,50170055,72000000,2026-09-25 00:44:01,2026-09-24 23:53:15,29,3046.0,-1306.0,,Available,website maps this code to Available
1,c14dad40-48a4-4748-82d2-fbf585266c02,2026-09-25T00:44:01.285+00:00,2026-09-25T00:44:01.496+00:00,21072-30059,dryers,50170058,72000000,2026-09-25 00:44:01,2026-09-12 03:29:03,46,1113298.0,-1110538.0,,Available,website maps this code to Available
1,c14dad40-48a4-4748-82d2-fbf585266c02,2026-09-25T00:44:01.285+00:00,2026-09-25T00:44:01.496+00:00,21072-30059,dryers,50170061,72000000,2026-09-25 00:44:01,2026-09-24 20:07:24,46,16597.0,-13837.0,,Available,website maps this code to Available
1,c14dad40-48a4-4748-82d2-fbf585266c02,2026-09-25T00:44:01.285+00:00,2026-09-25T00:44:01.496+00:00,21072-30059,dryers,50170081,42000000,2026-09-25 00:44:01,2026-09-25 00:21:38,45,1343.0,1357.0,23,Running,
1,c14dad40-48a4-4748-82d2-fbf585266c02,2026-09-25T00:44:01.285+00:00,2026-09-25T00:44:01.496+00:00,21072-30059,dryers,50170060,42000000,2026-09-25 00:44:01,2026-09-25 00:22:16,45,1305.0,1395.0,24,Running,
1,c14dad40-48a4-4748-82d2-fbf585266c02,2026-09-25T00:44:01.285+00:00,2026-09-25T00:44:01.496+00:00,21072-30059,dryers,50170087,42000000,2026-09-25 00:44:01,2026-09-25 00:11:45,45,1936.0,764.0,13,Running,
1,c14dad40-48a4-4748-82d2-fbf585266c02,2026-09-25T00:44:01.285+00:00,2026-09-25T00:44:01.496+00:00,21072-30059,dryers,50170064,72000000,2026-09-25 00:44:01,2026-09-24 07:02:42,46,63679.0,-60919.0,,Available,website maps this code to Available
1,c14dad40-48a4-4748-82d2-fbf585266c02,2026-09-25T00:44:01.285+00:00,2026-09-25T00:44:01.496+00:00,21072-30059,dryers,50170065,52000000,2026-09-25 00:44:01,2026-09-25 00:42:54,23,67.0,1313.0,,Finished,
1,c14dad40-48a4-4748-82d2-fbf585266c02,2026-09-25T00:44:01.285+00:00,2026-09-25T00:44:01.496+00:00,21072-30059,dryers,50170059,72000000,2026-09-25 00:44:01,2026-09-24 15:47:57,46,32164.0,-29404.0,,Available,website maps this code to Available
1,c14dad40-48a4-4748-82d2-fbf585266c02,2026-09-25T00:44:01.285+00:00,2026-09-25T00:44:01.496+00:00,21072-30059,dryers,50170057,52000000,2026-09-25 00:44:01,2026-09-25 00:43:26,23,35.0,1345.0,,Finished,
1,c14dad40-48a4-4748-82d2-fbf585266c02,2026-09-25T00:44:01.285+00:00,2026-09-25T00:44:01.496+00:00,21072-30059,dryers,50170062,52000000,2026-09-25 00:44:01,2026-09-25 00:43:10,23,51.0,1329.0,,Finished,
1,c14dad40-48a4-4748-82d2-fbf585266c02,2026-09-25T00:44:01.285+00:00,2026-09-25T00:44:01.496+00:00,21072-30059,dryers,50170067,52000000,2026-09-25 00:44:01,2026-09-25 00:39:45,23,256.0,1124.0,,Finished,
1,c14dad40-48a4-4748-82d2-fbf585266c02,2026-09-25T00:44:01.285+00:00,2026-09-25T00:44:01.496+00:00,21072-30059,dryers,50170074,52000000,2026-09-25 00:44:01,2026-09-25 00:39:51,23,250.0,1130.0,,Finished,
1,c14dad40-48a4-4748-82d2-fbf585266c02,2026-09-25T00:44:01.285+00:00,2026-09-25T00:44:01.496+00:00,21072-30059,dryers,50170071,42000000,2026-09-25 00:44:01,2026-09-25 00:17:23,45,1598.0,1102.0,19,Running,
1,c14dad40-48a4-4748-82d2-fbf585266c02,2026-09-25T00:44:01.285+00:00,2026-09-25T00:44:01.496+00:00,21072-30059,dryers,50170054,42000000,2026-09-25 00:44:01,2026-09-25 00:22:19,53,1302.0,1878.0,32,Running,
1,01d7260a-4754-4a4e-854f-190938e14dd0,2026-09-25T00:45:00.890+00:00,2026-09-25T00:45:01.063+00:00,21072-30059,washers,50170051,72000000,2026-09-25 00:45:01,2026-09-25 00:17:42,29,1639.0,101.0,,Available,website maps this code to Available
1,01d7260a-4754-4a4e-854f-190938e14dd0,2026-09-25T00:45:00.890+00:00,2026-09-25T00:45:01.063+00:00,21072-30059,washers,50170080,72000000,2026-09-25 00:45:01,2026-09-25 00:20:13,29,1488.0,252.0,,Available,website maps this code to Available
1,01d7260a-4754-4a4e-854f-190938e14dd0,2026-09-25T00:45:00.890+00:00,2026-09-25T00:45:01.063+00:00,21072-30059,washers,50170075,72000000,2026-09-25 00:45:01,2026-09-25 00:14:33,29,1828.0,-88.0,,Available,website maps this code to Available
1,01d7260a-4754-4a4e-854f-190938e14dd0,2026-09-25T00:45:00.890+00:00,2026-09-25T00:45:01.063+00:00,21072-30059,washers,50170082,72000000,2026-09-25 00:45:01,2026-09-24 07:02:33,29,63748.0,-62008.0,,Available,website maps this code to Available
1,01d7260a-4754-4a4e-854f-190938e14dd0,2026-09-25T00:45:00.890+00:00,2026-09-25T00:45:01.063+00:00,21072-30059,washers,50170050,72000000,2026-09-25 00:45:01,2026-09-25 00:19:24,29,1537.0,203.0,,Available,website maps this code to Available
1,01d7260a-4754-4a4e-854f-190938e14dd0,2026-09-25T00:45:00.890+00:00,2026-09-25T00:45:01.063+00:00,21072-30059,washers,50170052,72000000,2026-09-25 00:45:01,2026-09-25 00:11:14,29,2027.0,-287.0,,Available,website maps this code to Available
1,01d7260a-4754-4a4e-854f-190938e14dd0,2026-09-25T00:45:00.890+00:00,2026-09-25T00:45:01.063+00:00,21072-30059,washers,50170078,72000000,2026-09-25 00:45:01,2026-09-24 23:56:38,29,2903.0,-1163.0,,Available,website maps this code to Available
1,01d7260a-4754-4a4e-854f-190938e14dd0,2026-09-25T00:45:00.890+00:00,2026-09-25T00:45:01.063+00:00,21072-30059,washers,50170084,72000000,2026-09-25 00:45:01,2026-09-24 15:48:03,29,32218.0,-30478.0,,Available,website maps this code to Available
1,01d7260a-4754-4a4e-854f-190938e14dd0,2026-09-25T00:45:00.890+00:00,2026-09-25T00:45:01.063+00:00,21072-30059,washers,50170068,42000000,2026-09-25 00:45:01,2026-09-25 00:26:18,37,1123.0,1097.0,19,Running,
1,01d7260a-4754-4a4e-854f-190938e14dd0,2026-09-25T00:45:00.890+00:00,2026-09-25T00:45:01.063+00:00,21072-30059,washers,50170072,42000000,2026-09-25 00:45:01,2026-09-25 00:24:16,43,1245.0,1335.0,23,Running,
1,01d7260a-4754-4a4e-854f-190938e14dd0,2026-09-25T00:45:00.890+00:00,2026-09-25T00:45:01.063+00:00,21072-30059,washers,20483408,72000000,2026-09-25 00:45:01,2024-12-20 00:43:32,0,55641689.0,-55641689.0,,Available,website maps this code to Available
1,01d7260a-4754-4a4e-854f-190938e14dd0,2026-09-25T00:45:00.890+00:00,2026-09-25T00:45:01.063+00:00,21072-30059,washers,50170055,72000000,2026-09-25 00:45:01,2026-09-24 23:53:15,29,3106.0,-1366.0,,Available,website maps this code to Available
1,01d7260a-4754-4a4e-854f-190938e14dd0,2026-09-25T00:45:00.890+00:00,2026-09-25T00:45:01.063+00:00,21072-30059,dryers,50170058,72000000,2026-09-25 00:45:01,2026-09-12 03:29:03,46,1113358.0,-1110598.0,,Available,website maps this code to Available
1,01d7260a-4754-4a4e-854f-190938e14dd0,2026-09-25T00:45:00.890+00:00,2026-09-25T00:45:01.063+00:00,21072-30059,dryers,50170061,72000000,2026-09-25 00:45:01,2026-09-24 20:07:24,46,16657.0,-13897.0,,Available,website maps this code to Available
1,01d7260a-4754-4a4e-854f-190938e14dd0,2026-09-25T00:45:00.890+00:00,2026-09-25T00:45:01.063+00:00,21072-30059,dryers,50170081,42000000,2026-09-25 00:45:01,2026-09-25 00:21:38,45,1403.0,1297.0,22,Running,
1,01d7260a-4754-4a4e-854f-190938e14dd0,2026-09-25T00:45:00.890+00:00,2026-09-25T00:45:01.063+00:00,21072-30059,dryers,50170060,42000000,2026-09-25 00:45:01,2026-09-25 00:22:16,45,1365.0,1335.0,23,Running,
1,01d7260a-4754-4a4e-854f-190938e14dd0,2026-09-25T00:45:00.890+00:00,2026-09-25T00:45:01.063+00:00,21072-30059,dryers,50170087,42000000,2026-09-25 00:45:01,2026-09-25 00:11:45,45,1996.0,704.0,12,Running,
1,01d7260a-4754-4a4e-854f-190938e14dd0,2026-09-25T00:45:00.890+00:00,2026-09-25T00:45:01.063+00:00,21072-30059,dryers,50170064,72000000,2026-09-25 00:45:01,2026-09-24 07:02:42,46,63739.0,-60979.0,,Available,website maps this code to Available
1,01d7260a-4754-4a4e-854f-190938e14dd0,2026-09-25T00:45:00.890+00:00,2026-09-25T00:45:01.063+00:00,21072-30059,dryers,50170065,52000000,2026-09-25 00:45:01,2026-09-25 00:42:54,23,127.0,1253.0,,Finished,
1,01d7260a-4754-4a4e-854f-190938e14dd0,2026-09-25T00:45:00.890+00:00,2026-09-25T00:45:01.063+00:00,21072-30059,dryers,50170059,72000000,2026-09-25 00:45:01,2026-09-24 15:47:57,46,32224.0,-29464.0,,Available,website maps this code to Available
1,01d7260a-4754-4a4e-854f-190938e14dd0,2026-09-25T00:45:00.890+00:00,2026-09-25T00:45:01.063+00:00,21072-30059,dryers,50170057,52000000,2026-09-25 00:45:01,2026-09-25 00:43:26,23,95.0,1285.0,,Finished,
1,01d7260a-4754-4a4e-854f-190938e14dd0,2026-09-25T00:45:00.890+00:00,2026-09-25T00:45:01.063+00:00,21072-30059,dryers,50170062,52000000,2026-09-25 00:45:01,2026-09-25 00:43:10,23,111.0,1269.0,,Finished,
1,01d7260a-4754-4a4e-854f-190938e14dd0,2026-09-25T00:45:00.890+00:00,2026-09-25T00:45:01.063+00:00,21072-30059,dryers,50170067,52000000,2026-09-25 00:45:01,2026-09-25 00:39:45,23,316.0,1064.0,,Finished,
1,01d7260a-4754-4a4e-854f-190938e14dd0,2026-09-25T00:45:00.890+00:00,2026-09-25T00:45:01.063+00:00,21072-30059,dryers,50170074,52000000,2026-09-25 00:45:01,2026-09-25 00:39:51,23,310.0,1070.0,,Finished,
1,01d7260a-4754-4a4e-854f-190938e14dd0,2026-09-25T00:45:00.890+00:00,2026-09-25T00:45:01.063+00:00,21072-30059,dryers,50170071,42000000,2026-09-25 00:45:01,2026-09-25 00:17:23,45,1658.0,1042.0,18,Running,
1,01d7260a-4754-4a4e-854f-190938e14dd0,2026-09-25T00:45:00.890+00:00,2026-09-25T00:45:01.063+00:00,21072-30059,dryers,50170054,42000000,2026-09-25 00:45:01,2026-09-25 00:22:19,53,1362.0,1818.0,31,Running,
1,a7d29ef3-eba1-4e0f-9ad4-0c0ad6a39378,2026-09-25T00:46:01.280+00:00,2026-09-25T00:46:01.473+00:00,21072-30059,washers,50170051,72000000,2026-09-25 00:46:01,2026-09-25 00:17:42,29,1699.0,41.0,,Available,website maps this code to Available
1,a7d29ef3-eba1-4e0f-9ad4-0c0ad6a39378,2026-09-25T00:46:01.280+00:00,2026-09-25T00:46:01.473+00:00,21072-30059,washers,50170080,72000000,2026-09-25 00:46:01,2026-09-25 00:20:13,29,1548.0,192.0,,Available,website maps this code to Available
1,a7d29ef3-eba1-4e0f-9ad4-0c0ad6a39378,2026-09-25T00:46:01.280+00:00,2026-09-25T00:46:01.473+00:00,21072-30059,washers,50170075,72000000,2026-09-25 00:46:01,2026-09-25 00:14:33,29,1888.0,-148.0,,Available,website maps this code to Available
1,a7d29ef3-eba1-4e0f-9ad4-0c0ad6a39378,2026-09-25T00:46:01.280+00:00,2026-09-25T00:46:01.473+00:00,21072-30059,washers,50170082,72000000,2026-09-25 00:46:01,2026-09-24 07:02:33,29,63808.0,-62068.0,,Available,website maps this code to Available
1,a7d29ef3-eba1-4e0f-9ad4-0c0ad6a39378,2026-09-25T00:46:01.280+00:00,2026-09-25T00:46:01.473+00:00,21072-30059,washers,50170050,72000000,2026-09-25 00:46:01,2026-09-25 00:19:24,29,1597.0,143.0,,Available,website maps this code to Available
1,a7d29ef3-eba1-4e0f-9ad4-0c0ad6a39378,2026-09-25T00:46:01.280+00:00,2026-09-25T00:46:01.473+00:00,21072-30059,washers,50170052,72000000,2026-09-25 00:46:01,2026-09-25 00:11:14,29,2087.0,-347.0,,Available,website maps this code to Available
1,a7d29ef3-eba1-4e0f-9ad4-0c0ad6a39378,2026-09-25T00:46:01.280+00:00,2026-09-25T00:46:01.473+00:00,21072-30059,washers,50170078,72000000,2026-09-25 00:46:01,2026-09-24 23:56:38,29,2963.0,-1223.0,,Available,website maps this code to Available
1,a7d29ef3-eba1-4e0f-9ad4-0c0ad6a39378,2026-09-25T00:46:01.280+00:00,2026-09-25T00:46:01.473+00:00,21072-30059,washers,50170084,72000000,2026-09-25 00:46:01,2026-09-24 15:48:03,29,32278.0,-30538.0,,Available,website maps this code to Available
1,a7d29ef3-eba1-4e0f-9ad4-0c0ad6a39378,2026-09-25T00:46:01.280+00:00,2026-09-25T00:46:01.473+00:00,21072-30059,washers,50170068,42000000,2026-09-25 00:46:01,2026-09-25 00:26:18,37,1183.0,1037.0,18,Running,
1,a7d29ef3-eba1-4e0f-9ad4-0c0ad6a39378,2026-09-25T00:46:01.280+00:00,2026-09-25T00:46:01.473+00:00,21072-30059,washers,50170072,42000000,2026-09-25 00:46:01,2026-09-25 00:24:16,43,1305.0,1275.0,22,Running,
1,a7d29ef3-eba1-4e0f-9ad4-0c0ad6a39378,2026-09-25T00:46:01.280+00:00,2026-09-25T00:46:01.473+00:00,21072-30059,washers,20483408,72000000,2026-09-25 00:46:01,2024-12-20 00:43:32,0,55641749.0,-55641749.0,,Available,website maps this code to Available
1,a7d29ef3-eba1-4e0f-9ad4-0c0ad6a39378,2026-09-25T00:46:01.280+00:00,2026-09-25T00:46:01.473+00:00,21072-30059,washers,50170055,72000000,2026-09-25 00:46:01,2026-09-24 23:53:15,29,3166.0,-1426.0,,Available,website maps this code to Available
1,a7d29ef3-eba1-4e0f-9ad4-0c0ad6a39378,2026-09-25T00:46:01.280+00:00,2026-09-25T00:46:01.473+00:00,21072-30059,dryers,50170058,72000000,2026-09-25 00:46:01,2026-09-12 03:29:03,46,1113418.0,-1110658.0,,Available,website maps this code to Available
1,a7d29ef3-eba1-4e0f-9ad4-0c0ad6a39378,2026-09-25T00:46:01.280+00:00,2026-09-25T00:46:01.473+00:00,21072-30059,dryers,50170061,72000000,2026-09-25 00:46:01,2026-09-24 20:07:24,46,16717.0,-13957.0,,Available,website maps this code to Available
1,a7d29ef3-eba1-4e0f-9ad4-0c0ad6a39378,2026-09-25T00:46:01.280+00:00,2026-09-25T00:46:01.473+00:00,21072-30059,dryers,50170081,42000000,2026-09-25 00:46:01,2026-09-25 00:21:38,45,1463.0,1237.0,21,Running,
1,a7d29ef3-eba1-4e0f-9ad4-0c0ad6a39378,2026-09-25T00:46:01.280+00:00,2026-09-25T00:46:01.473+00:00,21072-30059,dryers,50170060,42000000,2026-09-25 00:46:01,2026-09-25 00:22:16,45,1425.0,1275.0,22,Running,
1,a7d29ef3-eba1-4e0f-9ad4-0c0ad6a39378,2026-09-25T00:46:01.280+00:00,2026-09-25T00:46:01.473+00:00,21072-30059,dryers,50170087,42000000,2026-09-25 00:46:01,2026-09-25 00:11:45,45,2056.0,644.0,11,Running,
1,a7d29ef3-eba1-4e0f-9ad4-0c0ad6a39378,2026-09-25T00:46:01.280+00:00,2026-09-25T00:46:01.473+00:00,21072-30059,dryers,50170064,72000000,2026-09-25 00:46:01,2026-09-24 07:02:42,46,63799.0,-61039.0,,Available,website maps this code to Available
1,a7d29ef3-eba1-4e0f-9ad4-0c0ad6a39378,2026-09-25T00:46:01.280+00:00,2026-09-25T00:46:01.473+00:00,21072-30059,dryers,50170065,52000000,2026-09-25 00:46:01,2026-09-25 00:42:54,23,187.0,1193.0,,Finished,
1,a7d29ef3-eba1-4e0f-9ad4-0c0ad6a39378,2026-09-25T00:46:01.280+00:00,2026-09-25T00:46:01.473+00:00,21072-30059,dryers,50170059,72000000,2026-09-25 00:46:01,2026-09-24 15:47:57,46,32284.0,-29524.0,,Available,website maps this code to Available
1,a7d29ef3-eba1-4e0f-9ad4-0c0ad6a39378,2026-09-25T00:46:01.280+00:00,2026-09-25T00:46:01.473+00:00,21072-30059,dryers,50170057,52000000,2026-09-25 00:46:01,2026-09-25 00:43:26,23,155.0,1225.0,,Finished,
1,a7d29ef3-eba1-4e0f-9ad4-0c0ad6a39378,2026-09-25T00:46:01.280+00:00,2026-09-25T00:46:01.473+00:00,21072-30059,dryers,50170062,72000000,2026-09-25 00:46:01,2026-09-25 00:45:14,46,47.0,2713.0,,Available,website maps this code to Available
1,a7d29ef3-eba1-4e0f-9ad4-0c0ad6a39378,2026-09-25T00:46:01.280+00:00,2026-09-25T00:46:01.473+00:00,21072-30059,dryers,50170067,52000000,2026-09-25 00:46:01,2026-09-25 00:39:45,23,376.0,1004.0,,Finished,
1,a7d29ef3-eba1-4e0f-9ad4-0c0ad6a39378,2026-09-25T00:46:01.280+00:00,2026-09-25T00:46:01.473+00:00,21072-30059,dryers,50170074,52000000,2026-09-25 00:46:01,2026-09-25 00:39:51,23,370.0,1010.0,,Finished,
1,a7d29ef3-eba1-4e0f-9ad4-0c0ad6a39378,2026-09-25T00:46:01.280+00:00,2026-09-25T00:46:01.473+00:00,21072-30059,dryers,50170071,42000000,2026-09-25 00:46:01,2026-09-25 00:17:23,45,1718.0,982.0,17,Running,
1,a7d29ef3-eba1-4e0f-9ad4-0c0ad6a39378,2026-09-25T00:46:01.280+00:00,2026-09-25T00:46:01.473+00:00,21072-30059,dryers,50170054,42000000,2026-09-25 00:46:01,2026-09-25 00:22:19,53,1422.0,1758.0,30,Running,
1,23195936-acf9-4802-a145-4afbaec67ce9,2026-09-25T00:47:01.320+00:00,2026-09-25T00:47:01.514+00:00,21072-30059,washers,50170051,72000000,2026-09-25 00:47:01,2026-09-25 00:17:42,29,1759.0,-19.0,,Available,website maps this code to Available
1,23195936-acf9-4802-a145-4afbaec67ce9,2026-09-25T00:47:01.320+00:00,2026-09-25T00:47:01.514+00:00,21072-30059,washers,50170080,72000000,2026-09-25 00:47:01,2026-09-25 00:20:13,29,1608.0,132.0,,Available,website maps this code to Available
1,23195936-acf9-4802-a145-4afbaec67ce9,2026-09-25T00:47:01.320+00:00,2026-09-25T00:47:01.514+00:00,21072-30059,washers,50170075,72000000,2026-09-25 00:47:01,2026-09-25 00:14:33,29,1948.0,-208.0,,Available,website maps this code to Available
1,23195936-acf9-4802-a145-4afbaec67ce9,2026-09-25T00:47:01.320+00:00,2026-09-25T00:47:01.514+00:00,21072-30059,washers,50170082,72000000,2026-09-25 00:47:01,2026-09-24 07:02:33,29,63868.0,-62128.0,,Available,website maps this code to Available
1,23195936-acf9-4802-a145-4afbaec67ce9,2026-09-25T00:47:01.320+00:00,2026-09-25T00:47:01.514+00:00,21072-30059,washers,50170050,72000000,2026-09-25 00:47:01,2026-09-25 00:19:24,29,1657.0,83.0,,Available,website maps this code to Available
1,23195936-acf9-4802-a145-4afbaec67ce9,2026-09-25T00:47:01.320+00:00,2026-09-25T00:47:01.514+00:00,21072-30059,washers,50170052,72000000,2026-09-25 00:47:01,2026-09-25 00:11:14,29,2147.0,-407.0,,Available,website maps this code to Available
1,23195936-acf9-4802-a145-4afbaec67ce9,2026-09-25T00:47:01.320+00:00,2026-09-25T00:47:01.514+00:00,21072-30059,washers,50170078,72000000,2026-09-25 00:47:01,2026-09-24 23:56:38,29,3023.0,-1283.0,,Available,website maps this code to Available
1,23195936-acf9-4802-a145-4afbaec67ce9,2026-09-25T00:47:01.320+00:00,2026-09-25T00:47:01.514+00:00,21072-30059,washers,50170084,72000000,2026-09-25 00:47:01,2026-09-24 15:48:03,29,32338.0,-30598.0,,Available,website maps this code to Available
1,23195936-acf9-4802-a145-4afbaec67ce9,2026-09-25T00:47:01.320+00:00,2026-09-25T00:47:01.514+00:00,21072-30059,washers,50170068,42000000,2026-09-25 00:47:01,2026-09-25 00:26:18,37,1243.0,977.0,17,Running,
1,23195936-acf9-4802-a145-4afbaec67ce9,2026-09-25T00:47:01.320+00:00,2026-09-25T00:47:01.514+00:00,21072-30059,washers,50170072,42000000,2026-09-25 00:47:01,2026-09-25 00:24:16,43,1365.0,1215.0,21,Running,
1,23195936-acf9-4802-a145-4afbaec67ce9,2026-09-25T00:47:01.320+00:00,2026-09-25T00:47:01.514+00:00,21072-30059,washers,20483408,72000000,2026-09-25 00:47:01,2024-12-20 00:43:32,0,55641809.0,-55641809.0,,Available,website maps this code to Available
1,23195936-acf9-4802-a145-4afbaec67ce9,2026-09-25T00:47:01.320+00:00,2026-09-25T00:47:01.514+00:00,21072-30059,washers,50170055,72000000,2026-09-25 00:47:01,2026-09-24 23:53:15,29,3226.0,-1486.0,,Available,website maps this code to Available
1,23195936-acf9-4802-a145-4afbaec67ce9,2026-09-25T00:47:01.320+00:00,2026-09-25T00:47:01.514+00:00,21072-30059,dryers,50170058,72000000,2026-09-25 00:47:01,2026-09-12 03:29:03,46,1113478.0,-1110718.0,,Available,website maps this code to Available
1,23195936-acf9-4802-a145-4afbaec67ce9,2026-09-25T00:47:01.320+00:00,2026-09-25T00:47:01.514+00:00,21072-30059,dryers,50170061,72000000,2026-09-25 00:47:01,2026-09-24 20:07:24,46,16777.0,-14017.0,,Available,website maps this code to Available
1,23195936-acf9-4802-a145-4afbaec67ce9,2026-09-25T00:47:01.320+00:00,2026-09-25T00:47:01.514+00:00,21072-30059,dryers,50170081,42000000,2026-09-25 00:47:01,2026-09-25 00:21:38,45,1523.0,1177.0,20,Running,
1,23195936-acf9-4802-a145-4afbaec67ce9,2026-09-25T00:47:01.320+00:00,2026-09-25T00:47:01.514+00:00,21072-30059,dryers,50170060,42000000,2026-09-25 00:47:01,2026-09-25 00:22:16,45,1485.0,1215.0,21,Running,
1,23195936-acf9-4802-a145-4afbaec67ce9,2026-09-25T00:47:01.320+00:00,2026-09-25T00:47:01.514+00:00,21072-30059,dryers,50170087,42000000,2026-09-25 00:47:01,2026-09-25 00:11:45,45,2116.0,584.0,10,Running,
1,23195936-acf9-4802-a145-4afbaec67ce9,2026-09-25T00:47:01.320+00:00,2026-09-25T00:47:01.514+00:00,21072-30059,dryers,50170064,72000000,2026-09-25 00:47:01,2026-09-24 07:02:42,46,63859.0,-61099.0,,Available,website maps this code to Available
1,23195936-acf9-4802-a145-4afbaec67ce9,2026-09-25T00:47:01.320+00:00,2026-09-25T00:47:01.514+00:00,21072-30059,dryers,50170065,72000000,2026-09-25 00:47:01,2026-09-25 00:46:05,46,56.0,2704.0,,Available,website maps this code to Available
1,23195936-acf9-4802-a145-4afbaec67ce9,2026-09-25T00:47:01.320+00:00,2026-09-25T00:47:01.514+00:00,21072-30059,dryers,50170059,72000000,2026-09-25 00:47:01,2026-09-24 15:47:57,46,32344.0,-29584.0,,Available,website maps this code to Available
1,23195936-acf9-4802-a145-4afbaec67ce9,2026-09-25T00:47:01.320+00:00,2026-09-25T00:47:01.514+00:00,21072-30059,dryers,50170057,72000000,2026-09-25 00:47:01,2026-09-25 00:46:30,46,31.0,2729.0,,Available,website maps this code to Available
1,23195936-acf9-4802-a145-4afbaec67ce9,2026-09-25T00:47:01.320+00:00,2026-09-25T00:47:01.514+00:00,21072-30059,dryers,50170062,72000000,2026-09-25 00:47:01,2026-09-25 00:45:14,46,107.0,2653.0,,Available,website maps this code to Available
1,23195936-acf9-4802-a145-4afbaec67ce9,2026-09-25T00:47:01.320+00:00,2026-09-25T00:47:01.514+00:00,21072-30059,dryers,50170067,52000000,2026-09-25 00:47:01,2026-09-25 00:39:45,23,436.0,944.0,,Finished,
1,23195936-acf9-4802-a145-4afbaec67ce9,2026-09-25T00:47:01.320+00:00,2026-09-25T00:47:01.514+00:00,21072-30059,dryers,50170074,52000000,2026-09-25 00:47:01,2026-09-25 00:39:51,23,430.0,950.0,,Finished,
1,23195936-acf9-4802-a145-4afbaec67ce9,2026-09-25T00:47:01.320+00:00,2026-09-25T00:47:01.514+00:00,21072-30059,dryers,50170071,42000000,2026-09-25 00:47:01,2026-09-25 00:17:23,45,1778.0,922.0,16,Running,
1,23195936-acf9-4802-a145-4afbaec67ce9,2026-09-25T00:47:01.320+00:00,2026-09-25T00:47:01.514+00:00,21072-30059,dryers,50170054,42000000,2026-09-25 00:47:01,2026-09-25 00:22:19,53,1482.0,1698.0,29,Running,
1,0b55027c-8469-41a4-b40a-3fd946fae9ca,2026-09-25T00:48:01.291+00:00,2026-09-25T00:48:01.506+00:00,21072-30059,washers,50170051,72000000,2026-09-25 00:48:01,2026-09-25 00:17:42,29,1819.0,-79.0,,Available,website maps this code to Available
1,0b55027c-8469-41a4-b40a-3fd946fae9ca,2026-09-25T00:48:01.291+00:00,2026-09-25T00:48:01.506+00:00,21072-30059,washers,50170080,72000000,2026-09-25 00:48:01,2026-09-25 00:20:13,29,1668.0,72.0,,Available,website maps this code to Available
1,0b55027c-8469-41a4-b40a-3fd946fae9ca,2026-09-25T00:48:01.291+00:00,2026-09-25T00:48:01.506+00:00,21072-30059,washers,50170075,72000000,2026-09-25 00:48:01,2026-09-25 00:14:33,29,2008.0,-268.0,,Available,website maps this code to Available
1,0b55027c-8469-41a4-b40a-3fd946fae9ca,2026-09-25T00:48:01.291+00:00,2026-09-25T00:48:01.506+00:00,21072-30059,washers,50170082,72000000,2026-09-25 00:48:01,2026-09-24 07:02:33,29,63928.0,-62188.0,,Available,website maps this code to Available
1,0b55027c-8469-41a4-b40a-3fd946fae9ca,2026-09-25T00:48:01.291+00:00,2026-09-25T00:48:01.506+00:00,21072-30059,washers,50170050,72000000,2026-09-25 00:48:01,2026-09-25 00:19:24,29,1717.0,23.0,,Available,website maps this code to Available
1,0b55027c-8469-41a4-b40a-3fd946fae9ca,2026-09-25T00:48:01.291+00:00,2026-09-25T00:48:01.506+00:00,21072-30059,washers,50170052,72000000,2026-09-25 00:48:01,2026-09-25 00:11:14,29,2207.0,-467.0,,Available,website maps this code to Available
1,0b55027c-8469-41a4-b40a-3fd946fae9ca,2026-09-25T00:48:01.291+00:00,2026-09-25T00:48:01.506+00:00,21072-30059,washers,50170078,72000000,2026-09-25 00:48:01,2026-09-24 23:56:38,29,3083.0,-1343.0,,Available,website maps this code to Available
1,0b55027c-8469-41a4-b40a-3fd946fae9ca,2026-09-25T00:48:01.291+00:00,2026-09-25T00:48:01.506+00:00,21072-30059,washers,50170084,72000000,2026-09-25 00:48:01,2026-09-24 15:48:03,29,32398.0,-30658.0,,Available,website maps this code to Available
1,0b55027c-8469-41a4-b40a-3fd946fae9ca,2026-09-25T00:48:01.291+00:00,2026-09-25T00:48:01.506+00:00,21072-30059,washers,50170068,42000000,2026-09-25 00:48:01,2026-09-25 00:26:18,37,1303.0,917.0,16,Running,
1,0b55027c-8469-41a4-b40a-3fd946fae9ca,2026-09-25T00:48:01.291+00:00,2026-09-25T00:48:01.506+00:00,21072-30059,washers,50170072,42000000,2026-09-25 00:48:01,2026-09-25 00:24:16,43,1425.0,1155.0,20,Running,
1,0b55027c-8469-41a4-b40a-3fd946fae9ca,2026-09-25T00:48:01.291+00:00,2026-09-25T00:48:01.506+00:00,21072-30059,washers,20483408,72000000,2026-09-25 00:48:01,2024-12-20 00:43:32,0,55641869.0,-55641869.0,,Available,website maps this code to Available
1,0b55027c-8469-41a4-b40a-3fd946fae9ca,2026-09-25T00:48:01.291+00:00,2026-09-25T00:48:01.506+00:00,21072-30059,washers,50170055,72000000,2026-09-25 00:48:01,2026-09-24 23:53:15,29,3286.0,-1546.0,,Available,website maps this code to Available
1,0b55027c-8469-41a4-b40a-3fd946fae9ca,2026-09-25T00:48:01.291+00:00,2026-09-25T00:48:01.506+00:00,21072-30059,dryers,50170058,72000000,2026-09-25 00:48:01,2026-09-12 03:29:03,46,1113538.0,-1110778.0,,Available,website maps this code to Available
1,0b55027c-8469-41a4-b40a-3fd946fae9ca,2026-09-25T00:48:01.291+00:00,2026-09-25T00:48:01.506+00:00,21072-30059,dryers,50170061,72000000,2026-09-25 00:48:01,2026-09-24 20:07:24,46,16837.0,-14077.0,,Available,website maps this code to Available
1,0b55027c-8469-41a4-b40a-3fd946fae9ca,2026-09-25T00:48:01.291+00:00,2026-09-25T00:48:01.506+00:00,21072-30059,dryers,50170081,42000000,2026-09-25 00:48:01,2026-09-25 00:21:38,45,1583.0,1117.0,19,Running,
1,0b55027c-8469-41a4-b40a-3fd946fae9ca,2026-09-25T00:48:01.291+00:00,2026-09-25T00:48:01.506+00:00,21072-30059,dryers,50170060,42000000,2026-09-25 00:48:01,2026-09-25 00:22:16,45,1545.0,1155.0,20,Running,
1,0b55027c-8469-41a4-b40a-3fd946fae9ca,2026-09-25T00:48:01.291+00:00,2026-09-25T00:48:01.506+00:00,21072-30059,dryers,50170087,42000000,2026-09-25 00:48:01,2026-09-25 00:47:14,10,47.0,553.0,10,Running,
1,0b55027c-8469-41a4-b40a-3fd946fae9ca,2026-09-25T00:48:01.291+00:00,2026-09-25T00:48:01.506+00:00,21072-30059,dryers,50170064,72000000,2026-09-25 00:48:01,2026-09-24 07:02:42,46,63919.0,-61159.0,,Available,website maps this code to Available
1,0b55027c-8469-41a4-b40a-3fd946fae9ca,2026-09-25T00:48:01.291+00:00,2026-09-25T00:48:01.506+00:00,21072-30059,dryers,50170065,72000000,2026-09-25 00:48:01,2026-09-25 00:46:05,46,116.0,2644.0,,Available,website maps this code to Available
1,0b55027c-8469-41a4-b40a-3fd946fae9ca,2026-09-25T00:48:01.291+00:00,2026-09-25T00:48:01.506+00:00,21072-30059,dryers,50170059,72000000,2026-09-25 00:48:01,2026-09-24 15:47:57,46,32404.0,-29644.0,,Available,website maps this code to Available
1,0b55027c-8469-41a4-b40a-3fd946fae9ca,2026-09-25T00:48:01.291+00:00,2026-09-25T00:48:01.506+00:00,21072-30059,dryers,50170057,72000000,2026-09-25 00:48:01,2026-09-25 00:46:30,46,91.0,2669.0,,Available,website maps this code to Available
1,0b55027c-8469-41a4-b40a-3fd946fae9ca,2026-09-25T00:48:01.291+00:00,2026-09-25T00:48:01.506+00:00,21072-30059,dryers,50170062,72000000,2026-09-25 00:48:01,2026-09-25 00:45:14,46,167.0,2593.0,,Available,website maps this code to Available
1,0b55027c-8469-41a4-b40a-3fd946fae9ca,2026-09-25T00:48:01.291+00:00,2026-09-25T00:48:01.506+00:00,21072-30059,dryers,50170067,52000000,2026-09-25 00:48:01,2026-09-25 00:39:45,23,496.0,884.0,,Finished,
1,0b55027c-8469-41a4-b40a-3fd946fae9ca,2026-09-25T00:48:01.291+00:00,2026-09-25T00:48:01.506+00:00,21072-30059,dryers,50170074,52000000,2026-09-25 00:48:01,2026-09-25 00:39:51,23,490.0,890.0,,Finished,
1,0b55027c-8469-41a4-b40a-3fd946fae9ca,2026-09-25T00:48:01.291+00:00,2026-09-25T00:48:01.506+00:00,21072-30059,dryers,50170071,42000000,2026-09-25 00:48:01,2026-09-25 00:17:23,45,1838.0,862.0,15,Running,
1,0b55027c-8469-41a4-b40a-3fd946fae9ca,2026-09-25T00:48:01.291+00:00,2026-09-25T00:48:01.506+00:00,21072-30059,dryers,50170054,42000000,2026-09-25 00:48:01,2026-09-25 00:22:19,53,1542.0,1638.0,28,Running,
1,a25e9aff-815b-46d1-b7b2-73a0ba01e172,2026-09-25T00:49:01.267+00:00,2026-09-25T00:49:01.466+00:00,21072-30059,washers,50170051,72000000,2026-09-25 00:49:01,2026-09-25 00:17:42,29,1879.0,-139.0,,Available,website maps this code to Available
1,a25e9aff-815b-46d1-b7b2-73a0ba01e172,2026-09-25T00:49:01.267+00:00,2026-09-25T00:49:01.466+00:00,21072-30059,washers,50170080,72000000,2026-09-25 00:49:01,2026-09-25 00:20:13,29,1728.0,12.0,,Available,website maps this code to Available
1,a25e9aff-815b-46d1-b7b2-73a0ba01e172,2026-09-25T00:49:01.267+00:00,2026-09-25T00:49:01.466+00:00,21072-30059,washers,50170075,72000000,2026-09-25 00:49:01,2026-09-25 00:14:33,29,2068.0,-328.0,,Available,website maps this code to Available
1,a25e9aff-815b-46d1-b7b2-73a0ba01e172,2026-09-25T00:49:01.267+00:00,2026-09-25T00:49:01.466+00:00,21072-30059,washers,50170082,72000000,2026-09-25 00:49:01,2026-09-24 07:02:33,29,63988.0,-62248.0,,Available,website maps this code to Available
1,a25e9aff-815b-46d1-b7b2-73a0ba01e172,2026-09-25T00:49:01.267+00:00,2026-09-25T00:49:01.466+00:00,21072-30059,washers,50170050,72000000,2026-09-25 00:49:01,2026-09-25 00:19:24,29,1777.0,-37.0,,Available,website maps this code to Available
1,a25e9aff-815b-46d1-b7b2-73a0ba01e172,2026-09-25T00:49:01.267+00:00,2026-09-25T00:49:01.466+00:00,21072-30059,washers,50170052,72000000,2026-09-25 00:49:01,2026-09-25 00:11:14,29,2267.0,-527.0,,Available,website maps this code to Available
1,a25e9aff-815b-46d1-b7b2-73a0ba01e172,2026-09-25T00:49:01.267+00:00,2026-09-25T00:49:01.466+00:00,21072-30059,washers,50170078,72000000,2026-09-25 00:49:01,2026-09-24 23:56:38,29,3143.0,-1403.0,,Available,website maps this code to Available
1,a25e9aff-815b-46d1-b7b2-73a0ba01e172,2026-09-25T00:49:01.267+00:00,2026-09-25T00:49:01.466+00:00,21072-30059,washers,50170084,72000000,2026-09-25 00:49:01,2026-09-24 15:48:03,29,32458.0,-30718.0,,Available,website maps this code to Available
1,a25e9aff-815b-46d1-b7b2-73a0ba01e172,2026-09-25T00:49:01.267+00:00,2026-09-25T00:49:01.466+00:00,21072-30059,washers,50170068,42000000,2026-09-25 00:49:01,2026-09-25 00:26:18,37,1363.0,857.0,15,Running,
1,a25e9aff-815b-46d1-b7b2-73a0ba01e172,2026-09-25T00:49:01.267+00:00,2026-09-25T00:49:01.466+00:00,21072-30059,washers,50170072,42000000,2026-09-25 00:49:01,2026-09-25 00:24:16,43,1485.0,1095.0,19,Running,
1,a25e9aff-815b-46d1-b7b2-73a0ba01e172,2026-09-25T00:49:01.267+00:00,2026-09-25T00:49:01.466+00:00,21072-30059,washers,20483408,72000000,2026-09-25 00:49:01,2024-12-20 00:43:32,0,55641929.0,-55641929.0,,Available,website maps this code to Available
1,a25e9aff-815b-46d1-b7b2-73a0ba01e172,2026-09-25T00:49:01.267+00:00,2026-09-25T00:49:01.466+00:00,21072-30059,washers,50170055,72000000,2026-09-25 00:49:01,2026-09-24 23:53:15,29,3346.0,-1606.0,,Available,website maps this code to Available
1,a25e9aff-815b-46d1-b7b2-73a0ba01e172,2026-09-25T00:49:01.267+00:00,2026-09-25T00:49:01.466+00:00,21072-30059,dryers,50170058,72000000,2026-09-25 00:49:01,2026-09-12 03:29:03,46,1113598.0,-1110838.0,,Available,website maps this code to Available
1,a25e9aff-815b-46d1-b7b2-73a0ba01e172,2026-09-25T00:49:01.267+00:00,2026-09-25T00:49:01.466+00:00,21072-30059,dryers,50170061,72000000,2026-09-25 00:49:01,2026-09-24 20:07:24,46,16897.0,-14137.0,,Available,website maps this code to Available
1,a25e9aff-815b-46d1-b7b2-73a0ba01e172,2026-09-25T00:49:01.267+00:00,2026-09-25T00:49:01.466+00:00,21072-30059,dryers,50170081,42000000,2026-09-25 00:49:01,2026-09-25 00:21:38,45,1643.0,1057.0,18,Running,
1,a25e9aff-815b-46d1-b7b2-73a0ba01e172,2026-09-25T00:49:01.267+00:00,2026-09-25T00:49:01.466+00:00,21072-30059,dryers,50170060,42000000,2026-09-25 00:49:01,2026-09-25 00:22:16,45,1605.0,1095.0,19,Running,
1,a25e9aff-815b-46d1-b7b2-73a0ba01e172,2026-09-25T00:49:01.267+00:00,2026-09-25T00:49:01.466+00:00,21072-30059,dryers,50170087,42000000,2026-09-25 00:49:01,2026-09-25 00:47:14,10,107.0,493.0,9,Running,
1,a25e9aff-815b-46d1-b7b2-73a0ba01e172,2026-09-25T00:49:01.267+00:00,2026-09-25T00:49:01.466+00:00,21072-30059,dryers,50170064,72000000,2026-09-25 00:49:01,2026-09-24 07:02:42,46,63979.0,-61219.0,,Available,website maps this code to Available
1,a25e9aff-815b-46d1-b7b2-73a0ba01e172,2026-09-25T00:49:01.267+00:00,2026-09-25T00:49:01.466+00:00,21072-30059,dryers,50170065,72000000,2026-09-25 00:49:01,2026-09-25 00:46:05,46,176.0,2584.0,,Available,website maps this code to Available
1,a25e9aff-815b-46d1-b7b2-73a0ba01e172,2026-09-25T00:49:01.267+00:00,2026-09-25T00:49:01.466+00:00,21072-30059,dryers,50170059,72000000,2026-09-25 00:49:01,2026-09-24 15:47:57,46,32464.0,-29704.0,,Available,website maps this code to Available
1,a25e9aff-815b-46d1-b7b2-73a0ba01e172,2026-09-25T00:49:01.267+00:00,2026-09-25T00:49:01.466+00:00,21072-30059,dryers,50170057,72000000,2026-09-25 00:49:01,2026-09-25 00:46:30,46,151.0,2609.0,,Available,website maps this code to Available
1,a25e9aff-815b-46d1-b7b2-73a0ba01e172,2026-09-25T00:49:01.267+00:00,2026-09-25T00:49:01.466+00:00,21072-30059,dryers,50170062,72000000,2026-09-25 00:49:01,2026-09-25 00:45:14,46,227.0,2533.0,,Available,website maps this code to Available
1,a25e9aff-815b-46d1-b7b2-73a0ba01e172,2026-09-25T00:49:01.267+00:00,2026-09-25T00:49:01.466+00:00,21072-30059,dryers,50170067,52000000,2026-09-25 00:49:01,2026-09-25 00:39:45,23,556.0,824.0,,Finished,
1,a25e9aff-815b-46d1-b7b2-73a0ba01e172,2026-09-25T00:49:01.267+00:00,2026-09-25T00:49:01.466+00:00,21072-30059,dryers,50170074,52000000,2026-09-25 00:49:01,2026-09-25 00:39:51,23,550.0,830.0,,Finished,
1,a25e9aff-815b-46d1-b7b2-73a0ba01e172,2026-09-25T00:49:01.267+00:00,2026-09-25T00:49:01.466+00:00,21072-30059,dryers,50170071,42000000,2026-09-25 00:49:01,2026-09-25 00:17:23,45,1898.0,802.0,14,Running,
1,a25e9aff-815b-46d1-b7b2-73a0ba01e172,2026-09-25T00:49:01.267+00:00,2026-09-25T00:49:01.466+00:00,21072-30059,dryers,50170054,42000000,2026-09-25 00:49:01,2026-09-25 00:22:19,53,1602.0,1578.0,27,Running,
1,a944ae49-10bf-492e-92bb-fe4558dcce0d,2026-09-25T00:50:01.303+00:00,2026-09-25T00:50:01.505+00:00,21072-30059,washers,50170051,72000000,2026-09-25 00:50:01,2026-09-25 00:17:42,29,1939.0,-199.0,,Available,website maps this code to Available
1,a944ae49-10bf-492e-92bb-fe4558dcce0d,2026-09-25T00:50:01.303+00:00,2026-09-25T00:50:01.505+00:00,21072-30059,washers,50170080,72000000,2026-09-25 00:50:01,2026-09-25 00:20:13,29,1788.0,-48.0,,Available,website maps this code to Available
1,a944ae49-10bf-492e-92bb-fe4558dcce0d,2026-09-25T00:50:01.303+00:00,2026-09-25T00:50:01.505+00:00,21072-30059,washers,50170075,72000000,2026-09-25 00:50:01,2026-09-25 00:14:33,29,2128.0,-388.0,,Available,website maps this code to Available
1,a944ae49-10bf-492e-92bb-fe4558dcce0d,2026-09-25T00:50:01.303+00:00,2026-09-25T00:50:01.505+00:00,21072-30059,washers,50170082,72000000,2026-09-25 00:50:01,2026-09-24 07:02:33,29,64048.0,-62308.0,,Available,website maps this code to Available
1,a944ae49-10bf-492e-92bb-fe4558dcce0d,2026-09-25T00:50:01.303+00:00,2026-09-25T00:50:01.505+00:00,21072-30059,washers,50170050,72000000,2026-09-25 00:50:01,2026-09-25 00:19:24,29,1837.0,-97.0,,Available,website maps this code to Available
1,a944ae49-10bf-492e-92bb-fe4558dcce0d,2026-09-25T00:50:01.303+00:00,2026-09-25T00:50:01.505+00:00,21072-30059,washers,50170052,72000000,2026-09-25 00:50:01,2026-09-25 00:11:14,29,2327.0,-587.0,,Available,website maps this code to Available
1,a944ae49-10bf-492e-92bb-fe4558dcce0d,2026-09-25T00:50:01.303+00:00,2026-09-25T00:50:01.505+00:00,21072-30059,washers,50170078,72000000,2026-09-25 00:50:01,2026-09-24 23:56:38,29,3203.0,-1463.0,,Available,website maps this code to Available
1,a944ae49-10bf-492e-92bb-fe4558dcce0d,2026-09-25T00:50:01.303+00:00,2026-09-25T00:50:01.505+00:00,21072-30059,washers,50170084,72000000,2026-09-25 00:50:01,2026-09-24 15:48:03,29,32518.0,-30778.0,,Available,website maps this code to Available
1,a944ae49-10bf-492e-92bb-fe4558dcce0d,2026-09-25T00:50:01.303+00:00,2026-09-25T00:50:01.505+00:00,21072-30059,washers,50170068,42000000,2026-09-25 00:50:01,2026-09-25 00:26:18,37,1423.0,797.0,14,Running,
1,a944ae49-10bf-492e-92bb-fe4558dcce0d,2026-09-25T00:50:01.303+00:00,2026-09-25T00:50:01.505+00:00,21072-30059,washers,50170072,42000000,2026-09-25 00:50:01,2026-09-25 00:24:16,43,1545.0,1035.0,18,Running,
1,a944ae49-10bf-492e-92bb-fe4558dcce0d,2026-09-25T00:50:01.303+00:00,2026-09-25T00:50:01.505+00:00,21072-30059,washers,20483408,72000000,2026-09-25 00:50:01,2024-12-20 00:43:32,0,55641989.0,-55641989.0,,Available,website maps this code to Available
1,a944ae49-10bf-492e-92bb-fe4558dcce0d,2026-09-25T00:50:01.303+00:00,2026-09-25T00:50:01.505+00:00,21072-30059,washers,50170055,72000000,2026-09-25 00:50:01,2026-09-24 23:53:15,29,3406.0,-1666.0,,Available,website maps this code to Available
1,a944ae49-10bf-492e-92bb-fe4558dcce0d,2026-09-25T00:50:01.303+00:00,2026-09-25T00:50:01.505+00:00,21072-30059,dryers,50170058,72000000,2026-09-25 00:50:01,2026-09-12 03:29:03,46,1113658.0,-1110898.0,,Available,website maps this code to Available
1,a944ae49-10bf-492e-92bb-fe4558dcce0d,2026-09-25T00:50:01.303+00:00,2026-09-25T00:50:01.505+00:00,21072-30059,dryers,50170061,72000000,2026-09-25 00:50:01,2026-09-24 20:07:24,46,16957.0,-14197.0,,Available,website maps this code to Available
1,a944ae49-10bf-492e-92bb-fe4558dcce0d,2026-09-25T00:50:01.303+00:00,2026-09-25T00:50:01.505+00:00,21072-30059,dryers,50170081,42000000,2026-09-25 00:50:01,2026-09-25 00:21:38,45,1703.0,997.0,17,Running,
1,a944ae49-10bf-492e-92bb-fe4558dcce0d,2026-09-25T00:50:01.303+00:00,2026-09-25T00:50:01.505+00:00,21072-30059,dryers,50170060,42000000,2026-09-25 00:50:01,2026-09-25 00:22:16,45,1665.0,1035.0,18,Running,
1,a944ae49-10bf-492e-92bb-fe4558dcce0d,2026-09-25T00:50:01.303+00:00,2026-09-25T00:50:01.505+00:00,21072-30059,dryers,50170087,42000000,2026-09-25 00:50:01,2026-09-25 00:47:14,10,167.0,433.0,8,Running,
1,a944ae49-10bf-492e-92bb-fe4558dcce0d,2026-09-25T00:50:01.303+00:00,2026-09-25T00:50:01.505+00:00,21072-30059,dryers,50170064,72000000,2026-09-25 00:50:01,2026-09-24 07:02:42,46,64039.0,-61279.0,,Available,website maps this code to Available
1,a944ae49-10bf-492e-92bb-fe4558dcce0d,2026-09-25T00:50:01.303+00:00,2026-09-25T00:50:01.505+00:00,21072-30059,dryers,50170065,72000000,2026-09-25 00:50:01,2026-09-25 00:46:05,46,236.0,2524.0,,Available,website maps this code to Available
1,a944ae49-10bf-492e-92bb-fe4558dcce0d,2026-09-25T00:50:01.303+00:00,2026-09-25T00:50:01.505+00:00,21072-30059,dryers,50170059,72000000,2026-09-25 00:50:01,2026-09-24 15:47:57,46,32524.0,-29764.0,,Available,website maps this code to Available
1,a944ae49-10bf-492e-92bb-fe4558dcce0d,2026-09-25T00:50:01.303+00:00,2026-09-25T00:50:01.505+00:00,21072-30059,dryers,50170057,72000000,2026-09-25 00:50:01,2026-09-25 00:46:30,46,211.0,2549.0,,Available,website maps this code to Available
1,a944ae49-10bf-492e-92bb-fe4558dcce0d,2026-09-25T00:50:01.303+00:00,2026-09-25T00:50:01.505+00:00,21072-30059,dryers,50170062,72000000,2026-09-25 00:50:01,2026-09-25 00:45:14,46,287.0,2473.0,,Available,website maps this code to Available
1,a944ae49-10bf-492e-92bb-fe4558dcce0d,2026-09-25T00:50:01.303+00:00,2026-09-25T00:50:01.505+00:00,21072-30059,dryers,50170067,52000000,2026-09-25 00:50:01,2026-09-25 00:39:45,23,616.0,764.0,,Finished,
1,a944ae49-10bf-492e-92bb-fe4558dcce0d,2026-09-25T00:50:01.303+00:00,2026-09-25T00:50:01.505+00:00,21072-30059,dryers,50170074,52000000,2026-09-25 00:50:01,2026-09-25 00:39:51,23,610.0,770.0,,Finished,
1,a944ae49-10bf-492e-92bb-fe4558dcce0d,2026-09-25T00:50:01.303+00:00,2026-09-25T00:50:01.505+00:00,21072-30059,dryers,50170071,42000000,2026-09-25 00:50:01,2026-09-25 00:17:23,45,1958.0,742.0,13,Running,
1,a944ae49-10bf-492e-92bb-fe4558dcce0d,2026-09-25T00:50:01.303+00:00,2026-09-25T00:50:01.505+00:00,21072-30059,dryers,50170054,42000000,2026-09-25 00:50:01,2026-09-25 00:22:19,53,1662.0,1518.0,26,Running,
1,a3516057-9da4-4839-8268-4a7d5aeb5b16,2026-09-25T00:51:01.381+00:00,2026-09-25T00:51:01.559+00:00,21072-30059,washers,50170051,72000000,2026-09-25 00:51:01,2026-09-25 00:17:42,29,1999.0,-259.0,,Available,website maps this code to Available
1,a3516057-9da4-4839-8268-4a7d5aeb5b16,2026-09-25T00:51:01.381+00:00,2026-09-25T00:51:01.559+00:00,21072-30059,washers,50170080,72000000,2026-09-25 00:51:01,2026-09-25 00:20:13,29,1848.0,-108.0,,Available,website maps this code to Available
1,a3516057-9da4-4839-8268-4a7d5aeb5b16,2026-09-25T00:51:01.381+00:00,2026-09-25T00:51:01.559+00:00,21072-30059,washers,50170075,72000000,2026-09-25 00:51:01,2026-09-25 00:14:33,29,2188.0,-448.0,,Available,website maps this code to Available
1,a3516057-9da4-4839-8268-4a7d5aeb5b16,2026-09-25T00:51:01.381+00:00,2026-09-25T00:51:01.559+00:00,21072-30059,washers,50170082,72000000,2026-09-25 00:51:01,2026-09-24 07:02:33,29,64108.0,-62368.0,,Available,website maps this code to Available
1,a3516057-9da4-4839-8268-4a7d5aeb5b16,2026-09-25T00:51:01.381+00:00,2026-09-25T00:51:01.559+00:00,21072-30059,washers,50170050,72000000,2026-09-25 00:51:01,2026-09-25 00:19:24,29,1897.0,-157.0,,Available,website maps this code to Available
1,a3516057-9da4-4839-8268-4a7d5aeb5b16,2026-09-25T00:51:01.381+00:00,2026-09-25T00:51:01.559+00:00,21072-30059,washers,50170052,72000000,2026-09-25 00:51:01,2026-09-25 00:11:14,29,2387.0,-647.0,,Available,website maps this code to Available
1,a3516057-9da4-4839-8268-4a7d5aeb5b16,2026-09-25T00:51:01.381+00:00,2026-09-25T00:51:01.559+00:00,21072-30059,washers,50170078,72000000,2026-09-25 00:51:01,2026-09-24 23:56:38,29,3263.0,-1523.0,,Available,website maps this code to Available
1,a3516057-9da4-4839-8268-4a7d5aeb5b16,2026-09-25T00:51:01.381+00:00,2026-09-25T00:51:01.559+00:00,21072-30059,washers,50170084,72000000,2026-09-25 00:51:01,2026-09-24 15:48:03,29,32578.0,-30838.0,,Available,website maps this code to Available
1,a3516057-9da4-4839-8268-4a7d5aeb5b16,2026-09-25T00:51:01.381+00:00,2026-09-25T00:51:01.559+00:00,21072-30059,washers,50170068,42000000,2026-09-25 00:51:01,2026-09-25 00:26:18,37,1483.0,737.0,13,Running,
1,a3516057-9da4-4839-8268-4a7d5aeb5b16,2026-09-25T00:51:01.381+00:00,2026-09-25T00:51:01.559+00:00,21072-30059,washers,50170072,42000000,2026-09-25 00:51:01,2026-09-25 00:24:16,43,1605.0,975.0,17,Running,
1,a3516057-9da4-4839-8268-4a7d5aeb5b16,2026-09-25T00:51:01.381+00:00,2026-09-25T00:51:01.559+00:00,21072-30059,washers,20483408,72000000,2026-09-25 00:51:01,2024-12-20 00:43:32,0,55642049.0,-55642049.0,,Available,website maps this code to Available
1,a3516057-9da4-4839-8268-4a7d5aeb5b16,2026-09-25T00:51:01.381+00:00,2026-09-25T00:51:01.559+00:00,21072-30059,washers,50170055,72000000,2026-09-25 00:51:01,2026-09-24 23:53:15,29,3466.0,-1726.0,,Available,website maps this code to Available
1,a3516057-9da4-4839-8268-4a7d5aeb5b16,2026-09-25T00:51:01.381+00:00,2026-09-25T00:51:01.559+00:00,21072-30059,dryers,50170058,72000000,2026-09-25 00:51:01,2026-09-12 03:29:03,46,1113718.0,-1110958.0,,Available,website maps this code to Available
1,a3516057-9da4-4839-8268-4a7d5aeb5b16,2026-09-25T00:51:01.381+00:00,2026-09-25T00:51:01.559+00:00,21072-30059,dryers,50170061,72000000,2026-09-25 00:51:01,2026-09-24 20:07:24,46,17017.0,-14257.0,,Available,website maps this code to Available
1,a3516057-9da4-4839-8268-4a7d5aeb5b16,2026-09-25T00:51:01.381+00:00,2026-09-25T00:51:01.559+00:00,21072-30059,dryers,50170081,42000000,2026-09-25 00:51:01,2026-09-25 00:21:38,45,1763.0,937.0,16,Running,
1,a3516057-9da4-4839-8268-4a7d5aeb5b16,2026-09-25T00:51:01.381+00:00,2026-09-25T00:51:01.559+00:00,21072-30059,dryers,50170060,42000000,2026-09-25 00:51:01,2026-09-25 00:22:16,45,1725.0,975.0,17,Running,
1,a3516057-9da4-4839-8268-4a7d5aeb5b16,2026-09-25T00:51:01.381+00:00,2026-09-25T00:51:01.559+00:00,21072-30059,dryers,50170087,42000000,2026-09-25 00:51:01,2026-09-25 00:47:14,10,227.0,373.0,7,Running,
1,a3516057-9da4-4839-8268-4a7d5aeb5b16,2026-09-25T00:51:01.381+00:00,2026-09-25T00:51:01.559+00:00,21072-30059,dryers,50170064,72000000,2026-09-25 00:51:01,2026-09-24 07:02:42,46,64099.0,-61339.0,,Available,website maps this code to Available
1,a3516057-9da4-4839-8268-4a7d5aeb5b16,2026-09-25T00:51:01.381+00:00,2026-09-25T00:51:01.559+00:00,21072-30059,dryers,50170065,72000000,2026-09-25 00:51:01,2026-09-25 00:46:05,46,296.0,2464.0,,Available,website maps this code to Available
1,a3516057-9da4-4839-8268-4a7d5aeb5b16,2026-09-25T00:51:01.381+00:00,2026-09-25T00:51:01.559+00:00,21072-30059,dryers,50170059,72000000,2026-09-25 00:51:01,2026-09-24 15:47:57,46,32584.0,-29824.0,,Available,website maps this code to Available
1,a3516057-9da4-4839-8268-4a7d5aeb5b16,2026-09-25T00:51:01.381+00:00,2026-09-25T00:51:01.559+00:00,21072-30059,dryers,50170057,72000000,2026-09-25 00:51:01,2026-09-25 00:46:30,46,271.0,2489.0,,Available,website maps this code to Available
1,a3516057-9da4-4839-8268-4a7d5aeb5b16,2026-09-25T00:51:01.381+00:00,2026-09-25T00:51:01.559+00:00,21072-30059,dryers,50170062,72000000,2026-09-25 00:51:01,2026-09-25 00:45:14,46,347.0,2413.0,,Available,website maps this code to Available
1,a3516057-9da4-4839-8268-4a7d5aeb5b16,2026-09-25T00:51:01.381+00:00,2026-09-25T00:51:01.559+00:00,21072-30059,dryers,50170067,52000000,2026-09-25 00:51:01,2026-09-25 00:39:45,23,676.0,704.0,,Finished,
1,a3516057-9da4-4839-8268-4a7d5aeb5b16,2026-09-25T00:51:01.381+00:00,2026-09-25T00:51:01.559+00:00,21072-30059,dryers,50170074,52000000,2026-09-25 00:51:01,2026-09-25 00:39:51,23,670.0,710.0,,Finished,
1,a3516057-9da4-4839-8268-4a7d5aeb5b16,2026-09-25T00:51:01.381+00:00,2026-09-25T00:51:01.559+00:00,21072-30059,dryers,50170071,42000000,2026-09-25 00:51:01,2026-09-25 00:17:23,45,2018.0,682.0,12,Running,
1,a3516057-9da4-4839-8268-4a7d5aeb5b16,2026-09-25T00:51:01.381+00:00,2026-09-25T00:51:01.559+00:00,21072-30059,dryers,50170054,42000000,2026-09-25 00:51:01,2026-09-25 00:22:19,53,1722.0,1458.0,25,Running,
1,9c4c0dc6-bb5a-4396-b8a6-3bc8569cd014,2026-09-25T00:52:01.288+00:00,2026-09-25T00:52:01.490+00:00,21072-30059,washers,50170051,72000000,2026-09-25 00:52:01,2026-09-25 00:17:42,29,2059.0,-319.0,,Available,website maps this code to Available
1,9c4c0dc6-bb5a-4396-b8a6-3bc8569cd014,2026-09-25T00:52:01.288+00:00,2026-09-25T00:52:01.490+00:00,21072-30059,washers,50170080,72000000,2026-09-25 00:52:01,2026-09-25 00:20:13,29,1908.0,-168.0,,Available,website maps this code to Available
1,9c4c0dc6-bb5a-4396-b8a6-3bc8569cd014,2026-09-25T00:52:01.288+00:00,2026-09-25T00:52:01.490+00:00,21072-30059,washers,50170075,72000000,2026-09-25 00:52:01,2026-09-25 00:14:33,29,2248.0,-508.0,,Available,website maps this code to Available
1,9c4c0dc6-bb5a-4396-b8a6-3bc8569cd014,2026-09-25T00:52:01.288+00:00,2026-09-25T00:52:01.490+00:00,21072-30059,washers,50170082,72000000,2026-09-25 00:52:01,2026-09-24 07:02:33,29,64168.0,-62428.0,,Available,website maps this code to Available
1,9c4c0dc6-bb5a-4396-b8a6-3bc8569cd014,2026-09-25T00:52:01.288+00:00,2026-09-25T00:52:01.490+00:00,21072-30059,washers,50170050,72000000,2026-09-25 00:52:01,2026-09-25 00:19:24,29,1957.0,-217.0,,Available,website maps this code to Available
1,9c4c0dc6-bb5a-4396-b8a6-3bc8569cd014,2026-09-25T00:52:01.288+00:00,2026-09-25T00:52:01.490+00:00,21072-30059,washers,50170052,72000000,2026-09-25 00:52:01,2026-09-25 00:11:14,29,2447.0,-707.0,,Available,website maps this code to Available
1,9c4c0dc6-bb5a-4396-b8a6-3bc8569cd014,2026-09-25T00:52:01.288+00:00,2026-09-25T00:52:01.490+00:00,21072-30059,washers,50170078,72000000,2026-09-25 00:52:01,2026-09-24 23:56:38,29,3323.0,-1583.0,,Available,website maps this code to Available
1,9c4c0dc6-bb5a-4396-b8a6-3bc8569cd014,2026-09-25T00:52:01.288+00:00,2026-09-25T00:52:01.490+00:00,21072-30059,washers,50170084,72000000,2026-09-25 00:52:01,2026-09-24 15:48:03,29,32638.0,-30898.0,,Available,website maps this code to Available
1,9c4c0dc6-bb5a-4396-b8a6-3bc8569cd014,2026-09-25T00:52:01.288+00:00,2026-09-25T00:52:01.490+00:00,21072-30059,washers,50170068,42000000,2026-09-25 00:52:01,2026-09-25 00:26:18,37,1543.0,677.0,12,Running,
1,9c4c0dc6-bb5a-4396-b8a6-3bc8569cd014,2026-09-25T00:52:01.288+00:00,2026-09-25T00:52:01.490+00:00,21072-30059,washers,50170072,42000000,2026-09-25 00:52:01,2026-09-25 00:24:16,43,1665.0,915.0,16,Running,
1,9c4c0dc6-bb5a-4396-b8a6-3bc8569cd014,2026-09-25T00:52:01.288+00:00,2026-09-25T00:52:01.490+00:00,21072-30059,washers,20483408,72000000,2026-09-25 00:52:01,2024-12-20 00:43:32,0,55642109.0,-55642109.0,,Available,website maps this code to Available
1,9c4c0dc6-bb5a-4396-b8a6-3bc8569cd014,2026-09-25T00:52:01.288+00:00,2026-09-25T00:52:01.490+00:00,21072-30059,washers,50170055,72000000,2026-09-25 00:52:01,2026-09-24 23:53:15,29,3526.0,-1786.0,,Available,website maps this code to Available
1,9c4c0dc6-bb5a-4396-b8a6-3bc8569cd014,2026-09-25T00:52:01.288+00:00,2026-09-25T00:52:01.490+00:00,21072-30059,dryers,50170058,72000000,2026-09-25 00:52:01,2026-09-12 03:29:03,46,1113778.0,-1111018.0,,Available,website maps this code to Available
1,9c4c0dc6-bb5a-4396-b8a6-3bc8569cd014,2026-09-25T00:52:01.288+00:00,2026-09-25T00:52:01.490+00:00,21072-30059,dryers,50170061,72000000,2026-09-25 00:52:01,2026-09-24 20:07:24,46,17077.0,-14317.0,,Available,website maps this code to Available
1,9c4c0dc6-bb5a-4396-b8a6-3bc8569cd014,2026-09-25T00:52:01.288+00:00,2026-09-25T00:52:01.490+00:00,21072-30059,dryers,50170081,42000000,2026-09-25 00:52:01,2026-09-25 00:21:38,45,1823.0,877.0,15,Running,
1,9c4c0dc6-bb5a-4396-b8a6-3bc8569cd014,2026-09-25T00:52:01.288+00:00,2026-09-25T00:52:01.490+00:00,21072-30059,dryers,50170060,42000000,2026-09-25 00:52:01,2026-09-25 00:22:16,45,1785.0,915.0,16,Running,
1,9c4c0dc6-bb5a-4396-b8a6-3bc8569cd014,2026-09-25T00:52:01.288+00:00,2026-09-25T00:52:01.490+00:00,21072-30059,dryers,50170087,42000000,2026-09-25 00:52:01,2026-09-25 00:47:14,10,287.0,313.0,6,Running,
1,9c4c0dc6-bb5a-4396-b8a6-3bc8569cd014,2026-09-25T00:52:01.288+00:00,2026-09-25T00:52:01.490+00:00,21072-30059,dryers,50170064,72000000,2026-09-25 00:52:01,2026-09-24 07:02:42,46,64159.0,-61399.0,,Available,website maps this code to Available
1,9c4c0dc6-bb5a-4396-b8a6-3bc8569cd014,2026-09-25T00:52:01.288+00:00,2026-09-25T00:52:01.490+00:00,21072-30059,dryers,50170065,72000000,2026-09-25 00:52:01,2026-09-25 00:46:05,46,356.0,2404.0,,Available,website maps this code to Available
1,9c4c0dc6-bb5a-4396-b8a6-3bc8569cd014,2026-09-25T00:52:01.288+00:00,2026-09-25T00:52:01.490+00:00,21072-30059,dryers,50170059,72000000,2026-09-25 00:52:01,2026-09-24 15:47:57,46,32644.0,-29884.0,,Available,website maps this code to Available
1,9c4c0dc6-bb5a-4396-b8a6-3bc8569cd014,2026-09-25T00:52:01.288+00:00,2026-09-25T00:52:01.490+00:00,21072-30059,dryers,50170057,72000000,2026-09-25 00:52:01,2026-09-25 00:46:30,46,331.0,2429.0,,Available,website maps this code to Available
1,9c4c0dc6-bb5a-4396-b8a6-3bc8569cd014,2026-09-25T00:52:01.288+00:00,2026-09-25T00:52:01.490+00:00,21072-30059,dryers,50170062,72000000,2026-09-25 00:52:01,2026-09-25 00:45:14,46,407.0,2353.0,,Available,website maps this code to Available
1,9c4c0dc6-bb5a-4396-b8a6-3bc8569cd014,2026-09-25T00:52:01.288+00:00,2026-09-25T00:52:01.490+00:00,21072-30059,dryers,50170067,52000000,2026-09-25 00:52:01,2026-09-25 00:39:45,23,736.0,644.0,,Finished,
1,9c4c0dc6-bb5a-4396-b8a6-3bc8569cd014,2026-09-25T00:52:01.288+00:00,2026-09-25T00:52:01.490+00:00,21072-30059,dryers,50170074,52000000,2026-09-25 00:52:01,2026-09-25 00:39:51,23,730.0,650.0,,Finished,
1,9c4c0dc6-bb5a-4396-b8a6-3bc8569cd014,2026-09-25T00:52:01.288+00:00,2026-09-25T00:52:01.490+00:00,21072-30059,dryers,50170071,42000000,2026-09-25 00:52:01,2026-09-25 00:51:53,10,8.0,592.0,10,Running,
1,9c4c0dc6-bb5a-4396-b8a6-3bc8569cd014,2026-09-25T00:52:01.288+00:00,2026-09-25T00:52:01.490+00:00,21072-30059,dryers,50170054,42000000,2026-09-25 00:52:01,2026-09-25 00:22:19,53,1782.0,1398.0,24,Running,
1,0106601e-5115-4f90-9cdb-a0fd16d02c09,2026-09-25T00:53:01.263+00:00,2026-09-25T00:53:01.480+00:00,21072-30059,washers,50170051,72000000,2026-09-25 00:53:01,2026-09-25 00:17:42,29,2119.0,-379.0,,Available,website maps this code to Available
1,0106601e-5115-4f90-9cdb-a0fd16d02c09,2026-09-25T00:53:01.263+00:00,2026-09-25T00:53:01.480+00:00,21072-30059,washers,50170080,72000000,2026-09-25 00:53:01,2026-09-25 00:20:13,29,1968.0,-228.0,,Available,website maps this code to Available
1,0106601e-5115-4f90-9cdb-a0fd16d02c09,2026-09-25T00:53:01.263+00:00,2026-09-25T00:53:01.480+00:00,21072-30059,washers,50170075,72000000,2026-09-25 00:53:01,2026-09-25 00:14:33,29,2308.0,-568.0,,Available,website maps this code to Available
1,0106601e-5115-4f90-9cdb-a0fd16d02c09,2026-09-25T00:53:01.263+00:00,2026-09-25T00:53:01.480+00:00,21072-30059,washers,50170082,72000000,2026-09-25 00:53:01,2026-09-24 07:02:33,29,64228.0,-62488.0,,Available,website maps this code to Available
1,0106601e-5115-4f90-9cdb-a0fd16d02c09,2026-09-25T00:53:01.263+00:00,2026-09-25T00:53:01.480+00:00,21072-30059,washers,50170050,72000000,2026-09-25 00:53:01,2026-09-25 00:19:24,29,2017.0,-277.0,,Available,website maps this code to Available
1,0106601e-5115-4f90-9cdb-a0fd16d02c09,2026-09-25T00:53:01.263+00:00,2026-09-25T00:53:01.480+00:00,21072-30059,washers,50170052,72000000,2026-09-25 00:53:01,2026-09-25 00:11:14,29,2507.0,-767.0,,Available,website maps this code to Available
1,0106601e-5115-4f90-9cdb-a0fd16d02c09,2026-09-25T00:53:01.263+00:00,2026-09-25T00:53:01.480+00:00,21072-30059,washers,50170078,72000000,2026-09-25 00:53:01,2026-09-24 23:56:38,29,3383.0,-1643.0,,Available,website maps this code to Available
1,0106601e-5115-4f90-9cdb-a0fd16d02c09,2026-09-25T00:53:01.263+00:00,2026-09-25T00:53:01.480+00:00,21072-30059,washers,50170084,72000000,2026-09-25 00:53:01,2026-09-24 15:48:03,29,32698.0,-30958.0,,Available,website maps this code to Available
1,0106601e-5115-4f90-9cdb-a0fd16d02c09,2026-09-25T00:53:01.263+00:00,2026-09-25T00:53:01.480+00:00,21072-30059,washers,50170068,42000000,2026-09-25 00:53:01,2026-09-25 00:26:18,37,1603.0,617.0,11,Running,
1,0106601e-5115-4f90-9cdb-a0fd16d02c09,2026-09-25T00:53:01.263+00:00,2026-09-25T00:53:01.480+00:00,21072-30059,washers,50170072,42000000,2026-09-25 00:53:01,2026-09-25 00:24:16,43,1725.0,855.0,15,Running,
1,0106601e-5115-4f90-9cdb-a0fd16d02c09,2026-09-25T00:53:01.263+00:00,2026-09-25T00:53:01.480+00:00,21072-30059,washers,20483408,72000000,2026-09-25 00:53:01,2024-12-20 00:43:32,0,55642169.0,-55642169.0,,Available,website maps this code to Available
1,0106601e-5115-4f90-9cdb-a0fd16d02c09,2026-09-25T00:53:01.263+00:00,2026-09-25T00:53:01.480+00:00,21072-30059,washers,50170055,72000000,2026-09-25 00:53:01,2026-09-24 23:53:15,29,3586.0,-1846.0,,Available,website maps this code to Available
1,0106601e-5115-4f90-9cdb-a0fd16d02c09,2026-09-25T00:53:01.263+00:00,2026-09-25T00:53:01.480+00:00,21072-30059,dryers,50170058,72000000,2026-09-25 00:53:01,2026-09-12 03:29:03,46,1113838.0,-1111078.0,,Available,website maps this code to Available
1,0106601e-5115-4f90-9cdb-a0fd16d02c09,2026-09-25T00:53:01.263+00:00,2026-09-25T00:53:01.480+00:00,21072-30059,dryers,50170061,72000000,2026-09-25 00:53:01,2026-09-24 20:07:24,46,17137.0,-14377.0,,Available,website maps this code to Available
1,0106601e-5115-4f90-9cdb-a0fd16d02c09,2026-09-25T00:53:01.263+00:00,2026-09-25T00:53:01.480+00:00,21072-30059,dryers,50170081,42000000,2026-09-25 00:53:01,2026-09-25 00:21:38,45,1883.0,817.0,14,Running,
1,0106601e-5115-4f90-9cdb-a0fd16d02c09,2026-09-25T00:53:01.263+00:00,2026-09-25T00:53:01.480+00:00,21072-30059,dryers,50170060,42000000,2026-09-25 00:53:01,2026-09-25 00:22:16,45,1845.0,855.0,15,Running,
1,0106601e-5115-4f90-9cdb-a0fd16d02c09,2026-09-25T00:53:01.263+00:00,2026-09-25T00:53:01.480+00:00,21072-30059,dryers,50170087,42000000,2026-09-25 00:53:01,2026-09-25 00:47:14,10,347.0,253.0,5,Running,
1,0106601e-5115-4f90-9cdb-a0fd16d02c09,2026-09-25T00:53:01.263+00:00,2026-09-25T00:53:01.480+00:00,21072-30059,dryers,50170064,72000000,2026-09-25 00:53:01,2026-09-24 07:02:42,46,64219.0,-61459.0,,Available,website maps this code to Available
1,0106601e-5115-4f90-9cdb-a0fd16d02c09,2026-09-25T00:53:01.263+00:00,2026-09-25T00:53:01.480+00:00,21072-30059,dryers,50170065,72000000,2026-09-25 00:53:01,2026-09-25 00:46:05,46,416.0,2344.0,,Available,website maps this code to Available
1,0106601e-5115-4f90-9cdb-a0fd16d02c09,2026-09-25T00:53:01.263+00:00,2026-09-25T00:53:01.480+00:00,21072-30059,dryers,50170059,72000000,2026-09-25 00:53:01,2026-09-24 15:47:57,46,32704.0,-29944.0,,Available,website maps this code to Available
1,0106601e-5115-4f90-9cdb-a0fd16d02c09,2026-09-25T00:53:01.263+00:00,2026-09-25T00:53:01.480+00:00,21072-30059,dryers,50170057,72000000,2026-09-25 00:53:01,2026-09-25 00:46:30,46,391.0,2369.0,,Available,website maps this code to Available
1,0106601e-5115-4f90-9cdb-a0fd16d02c09,2026-09-25T00:53:01.263+00:00,2026-09-25T00:53:01.480+00:00,21072-30059,dryers,50170062,72000000,2026-09-25 00:53:01,2026-09-25 00:45:14,46,467.0,2293.0,,Available,website maps this code to Available
1,0106601e-5115-4f90-9cdb-a0fd16d02c09,2026-09-25T00:53:01.263+00:00,2026-09-25T00:53:01.480+00:00,21072-30059,dryers,50170067,52000000,2026-09-25 00:53:01,2026-09-25 00:39:45,23,796.0,584.0,,Finished,
1,0106601e-5115-4f90-9cdb-a0fd16d02c09,2026-09-25T00:53:01.263+00:00,2026-09-25T00:53:01.480+00:00,21072-30059,dryers,50170074,52000000,2026-09-25 00:53:01,2026-09-25 00:39:51,23,790.0,590.0,,Finished,
1,0106601e-5115-4f90-9cdb-a0fd16d02c09,2026-09-25T00:53:01.263+00:00,2026-09-25T00:53:01.480+00:00,21072-30059,dryers,50170071,42000000,2026-09-25 00:53:01,2026-09-25 00:51:53,10,68.0,532.0,9,Running,
1,0106601e-5115-4f90-9cdb-a0fd16d02c09,2026-09-25T00:53:01.263+00:00,2026-09-25T00:53:01.480+00:00,21072-30059,dryers,50170054,42000000,2026-09-25 00:53:01,2026-09-25 00:22:19,53,1842.0,1338.0,23,Running,
1,40586366-19f4-4c8e-aae5-2e73f4284032,2026-09-25T00:54:01.403+00:00,2026-09-25T00:54:01.593+00:00,21072-30059,washers,50170051,72000000,2026-09-25 00:54:01,2026-09-25 00:17:42,29,2179.0,-439.0,,Available,website maps this code to Available
1,40586366-19f4-4c8e-aae5-2e73f4284032,2026-09-25T00:54:01.403+00:00,2026-09-25T00:54:01.593+00:00,21072-30059,washers,50170080,72000000,2026-09-25 00:54:01,2026-09-25 00:20:13,29,2028.0,-288.0,,Available,website maps this code to Available
1,40586366-19f4-4c8e-aae5-2e73f4284032,2026-09-25T00:54:01.403+00:00,2026-09-25T00:54:01.593+00:00,21072-30059,washers,50170075,72000000,2026-09-25 00:54:01,2026-09-25 00:14:33,29,2368.0,-628.0,,Available,website maps this code to Available
1,40586366-19f4-4c8e-aae5-2e73f4284032,2026-09-25T00:54:01.403+00:00,2026-09-25T00:54:01.593+00:00,21072-30059,washers,50170082,72000000,2026-09-25 00:54:01,2026-09-24 07:02:33,29,64288.0,-62548.0,,Available,website maps this code to Available
1,40586366-19f4-4c8e-aae5-2e73f4284032,2026-09-25T00:54:01.403+00:00,2026-09-25T00:54:01.593+00:00,21072-30059,washers,50170050,72000000,2026-09-25 00:54:01,2026-09-25 00:19:24,29,2077.0,-337.0,,Available,website maps this code to Available
1,40586366-19f4-4c8e-aae5-2e73f4284032,2026-09-25T00:54:01.403+00:00,2026-09-25T00:54:01.593+00:00,21072-30059,washers,50170052,72000000,2026-09-25 00:54:01,2026-09-25 00:11:14,29,2567.0,-827.0,,Available,website maps this code to Available
1,40586366-19f4-4c8e-aae5-2e73f4284032,2026-09-25T00:54:01.403+00:00,2026-09-25T00:54:01.593+00:00,21072-30059,washers,50170078,72000000,2026-09-25 00:54:01,2026-09-24 23:56:38,29,3443.0,-1703.0,,Available,website maps this code to Available
1,40586366-19f4-4c8e-aae5-2e73f4284032,2026-09-25T00:54:01.403+00:00,2026-09-25T00:54:01.593+00:00,21072-30059,washers,50170084,72000000,2026-09-25 00:54:01,2026-09-24 15:48:03,29,32758.0,-31018.0,,Available,website maps this code to Available
1,40586366-19f4-4c8e-aae5-2e73f4284032,2026-09-25T00:54:01.403+00:00,2026-09-25T00:54:01.593+00:00,21072-30059,washers,50170068,42000000,2026-09-25 00:54:01,2026-09-25 00:26:18,37,1663.0,557.0,10,Running,
1,40586366-19f4-4c8e-aae5-2e73f4284032,2026-09-25T00:54:01.403+00:00,2026-09-25T00:54:01.593+00:00,21072-30059,washers,50170072,42000000,2026-09-25 00:54:01,2026-09-25 00:24:16,43,1785.0,795.0,14,Running,
1,40586366-19f4-4c8e-aae5-2e73f4284032,2026-09-25T00:54:01.403+00:00,2026-09-25T00:54:01.593+00:00,21072-30059,washers,20483408,72000000,2026-09-25 00:54:01,2024-12-20 00:43:32,0,55642229.0,-55642229.0,,Available,website maps this code to Available
1,40586366-19f4-4c8e-aae5-2e73f4284032,2026-09-25T00:54:01.403+00:00,2026-09-25T00:54:01.593+00:00,21072-30059,washers,50170055,72000000,2026-09-25 00:54:01,2026-09-24 23:53:15,29,3646.0,-1906.0,,Available,website maps this code to Available
1,40586366-19f4-4c8e-aae5-2e73f4284032,2026-09-25T00:54:01.403+00:00,2026-09-25T00:54:01.593+00:00,21072-30059,dryers,50170058,72000000,2026-09-25 00:54:01,2026-09-12 03:29:03,46,1113898.0,-1111138.0,,Available,website maps this code to Available
1,40586366-19f4-4c8e-aae5-2e73f4284032,2026-09-25T00:54:01.403+00:00,2026-09-25T00:54:01.593+00:00,21072-30059,dryers,50170061,72000000,2026-09-25 00:54:01,2026-09-24 20:07:24,46,17197.0,-14437.0,,Available,website maps this code to Available
1,40586366-19f4-4c8e-aae5-2e73f4284032,2026-09-25T00:54:01.403+00:00,2026-09-25T00:54:01.593+00:00,21072-30059,dryers,50170081,42000000,2026-09-25 00:54:01,2026-09-25 00:21:38,45,1943.0,757.0,13,Running,
1,40586366-19f4-4c8e-aae5-2e73f4284032,2026-09-25T00:54:01.403+00:00,2026-09-25T00:54:01.593+00:00,21072-30059,dryers,50170060,42000000,2026-09-25 00:54:01,2026-09-25 00:22:16,45,1905.0,795.0,14,Running,
1,40586366-19f4-4c8e-aae5-2e73f4284032,2026-09-25T00:54:01.403+00:00,2026-09-25T00:54:01.593+00:00,21072-30059,dryers,50170087,42000000,2026-09-25 00:54:01,2026-09-25 00:47:14,10,407.0,193.0,4,Running,
1,40586366-19f4-4c8e-aae5-2e73f4284032,2026-09-25T00:54:01.403+00:00,2026-09-25T00:54:01.593+00:00,21072-30059,dryers,50170064,72000000,2026-09-25 00:54:01,2026-09-24 07:02:42,46,64279.0,-61519.0,,Available,website maps this code to Available
1,40586366-19f4-4c8e-aae5-2e73f4284032,2026-09-25T00:54:01.403+00:00,2026-09-25T00:54:01.593+00:00,21072-30059,dryers,50170065,72000000,2026-09-25 00:54:01,2026-09-25 00:46:05,46,476.0,2284.0,,Available,website maps this code to Available
1,40586366-19f4-4c8e-aae5-2e73f4284032,2026-09-25T00:54:01.403+00:00,2026-09-25T00:54:01.593+00:00,21072-30059,dryers,50170059,72000000,2026-09-25 00:54:01,2026-09-24 15:47:57,46,32764.0,-30004.0,,Available,website maps this code to Available
1,40586366-19f4-4c8e-aae5-2e73f4284032,2026-09-25T00:54:01.403+00:00,2026-09-25T00:54:01.593+00:00,21072-30059,dryers,50170057,72000000,2026-09-25 00:54:01,2026-09-25 00:46:30,46,451.0,2309.0,,Available,website maps this code to Available
1,40586366-19f4-4c8e-aae5-2e73f4284032,2026-09-25T00:54:01.403+00:00,2026-09-25T00:54:01.593+00:00,21072-30059,dryers,50170062,72000000,2026-09-25 00:54:01,2026-09-25 00:45:14,46,527.0,2233.0,,Available,website maps this code to Available
1,40586366-19f4-4c8e-aae5-2e73f4284032,2026-09-25T00:54:01.403+00:00,2026-09-25T00:54:01.593+00:00,21072-30059,dryers,50170067,52000000,2026-09-25 00:54:01,2026-09-25 00:39:45,23,856.0,524.0,,Finished,
1,40586366-19f4-4c8e-aae5-2e73f4284032,2026-09-25T00:54:01.403+00:00,2026-09-25T00:54:01.593+00:00,21072-30059,dryers,50170074,52000000,2026-09-25 00:54:01,2026-09-25 00:39:51,23,850.0,530.0,,Finished,
1,40586366-19f4-4c8e-aae5-2e73f4284032,2026-09-25T00:54:01.403+00:00,2026-09-25T00:54:01.593+00:00,21072-30059,dryers,50170071,42000000,2026-09-25 00:54:01,2026-09-25 00:51:53,10,128.0,472.0,8,Running,
1,40586366-19f4-4c8e-aae5-2e73f4284032,2026-09-25T00:54:01.403+00:00,2026-09-25T00:54:01.593+00:00,21072-30059,dryers,50170054,42000000,2026-09-25 00:54:01,2026-09-25 00:22:19,53,1902.0,1278.0,22,Running,
1,727b95d6-db3c-4677-85ba-be2b26e819d5,2026-09-25T00:55:01.289+00:00,2026-09-25T00:55:01.477+00:00,21072-30059,washers,50170051,72000000,2026-09-25 00:55:01,2026-09-25 00:17:42,29,2239.0,-499.0,,Available,website maps this code to Available
1,727b95d6-db3c-4677-85ba-be2b26e819d5,2026-09-25T00:55:01.289+00:00,2026-09-25T00:55:01.477+00:00,21072-30059,washers,50170080,72000000,2026-09-25 00:55:01,2026-09-25 00:20:13,29,2088.0,-348.0,,Available,website maps this code to Available
1,727b95d6-db3c-4677-85ba-be2b26e819d5,2026-09-25T00:55:01.289+00:00,2026-09-25T00:55:01.477+00:00,21072-30059,washers,50170075,72000000,2026-09-25 00:55:01,2026-09-25 00:14:33,29,2428.0,-688.0,,Available,website maps this code to Available
1,727b95d6-db3c-4677-85ba-be2b26e819d5,2026-09-25T00:55:01.289+00:00,2026-09-25T00:55:01.477+00:00,21072-30059,washers,50170082,72000000,2026-09-25 00:55:01,2026-09-24 07:02:33,29,64348.0,-62608.0,,Available,website maps this code to Available
1,727b95d6-db3c-4677-85ba-be2b26e819d5,2026-09-25T00:55:01.289+00:00,2026-09-25T00:55:01.477+00:00,21072-30059,washers,50170050,72000000,2026-09-25 00:55:01,2026-09-25 00:19:24,29,2137.0,-397.0,,Available,website maps this code to Available
1,727b95d6-db3c-4677-85ba-be2b26e819d5,2026-09-25T00:55:01.289+00:00,2026-09-25T00:55:01.477+00:00,21072-30059,washers,50170052,72000000,2026-09-25 00:55:01,2026-09-25 00:11:14,29,2627.0,-887.0,,Available,website maps this code to Available
1,727b95d6-db3c-4677-85ba-be2b26e819d5,2026-09-25T00:55:01.289+00:00,2026-09-25T00:55:01.477+00:00,21072-30059,washers,50170078,72000000,2026-09-25 00:55:01,2026-09-24 23:56:38,29,3503.0,-1763.0,,Available,website maps this code to Available
1,727b95d6-db3c-4677-85ba-be2b26e819d5,2026-09-25T00:55:01.289+00:00,2026-09-25T00:55:01.477+00:00,21072-30059,washers,50170084,72000000,2026-09-25 00:55:01,2026-09-24 15:48:03,29,32818.0,-31078.0,,Available,website maps this code to Available
1,727b95d6-db3c-4677-85ba-be2b26e819d5,2026-09-25T00:55:01.289+00:00,2026-09-25T00:55:01.477+00:00,21072-30059,washers,50170068,42000000,2026-09-25 00:55:01,2026-09-25 00:26:18,37,1723.0,497.0,9,Running,
1,727b95d6-db3c-4677-85ba-be2b26e819d5,2026-09-25T00:55:01.289+00:00,2026-09-25T00:55:01.477+00:00,21072-30059,washers,50170072,42000000,2026-09-25 00:55:01,2026-09-25 00:24:16,43,1845.0,735.0,13,Running,
1,727b95d6-db3c-4677-85ba-be2b26e819d5,2026-09-25T00:55:01.289+00:00,2026-09-25T00:55:01.477+00:00,21072-30059,washers,20483408,72000000,2026-09-25 00:55:01,2024-12-20 00:43:32,0,55642289.0,-55642289.0,,Available,website maps this code to Available
1,727b95d6-db3c-4677-85ba-be2b26e819d5,2026-09-25T00:55:01.289+00:00,2026-09-25T00:55:01.477+00:00,21072-30059,washers,50170055,72000000,2026-09-25 00:55:01,2026-09-24 23:53:15,29,3706.0,-1966.0,,Available,website maps this code to Available
1,727b95d6-db3c-4677-85ba-be2b26e819d5,2026-09-25T00:55:01.289+00:00,2026-09-25T00:55:01.477+00:00,21072-30059,dryers,50170058,72000000,2026-09-25 00:55:01,2026-09-12 03:29:03,46,1113958.0,-1111198.0,,Available,website maps this code to Available
1,727b95d6-db3c-4677-85ba-be2b26e819d5,2026-09-25T00:55:01.289+00:00,2026-09-25T00:55:01.477+00:00,21072-30059,dryers,50170061,72000000,2026-09-25 00:55:01,2026-09-24 20:07:24,46,17257.0,-14497.0,,Available,website maps this code to Available
1,727b95d6-db3c-4677-85ba-be2b26e819d5,2026-09-25T00:55:01.289+00:00,2026-09-25T00:55:01.477+00:00,21072-30059,dryers,50170081,42000000,2026-09-25 00:55:01,2026-09-25 00:21:38,45,2003.0,697.0,12,Running,
1,727b95d6-db3c-4677-85ba-be2b26e819d5,2026-09-25T00:55:01.289+00:00,2026-09-25T00:55:01.477+00:00,21072-30059,dryers,50170060,42000000,2026-09-25 00:55:01,2026-09-25 00:22:16,45,1965.0,735.0,13,Running,
1,727b95d6-db3c-4677-85ba-be2b26e819d5,2026-09-25T00:55:01.289+00:00,2026-09-25T00:55:01.477+00:00,21072-30059,dryers,50170087,42000000,2026-09-25 00:55:01,2026-09-25 00:47:14,10,467.0,133.0,3,Running,
1,727b95d6-db3c-4677-85ba-be2b26e819d5,2026-09-25T00:55:01.289+00:00,2026-09-25T00:55:01.477+00:00,21072-30059,dryers,50170064,72000000,2026-09-25 00:55:01,2026-09-24 07:02:42,46,64339.0,-61579.0,,Available,website maps this code to Available
1,727b95d6-db3c-4677-85ba-be2b26e819d5,2026-09-25T00:55:01.289+00:00,2026-09-25T00:55:01.477+00:00,21072-30059,dryers,50170065,72000000,2026-09-25 00:55:01,2026-09-25 00:46:05,46,536.0,2224.0,,Available,website maps this code to Available
1,727b95d6-db3c-4677-85ba-be2b26e819d5,2026-09-25T00:55:01.289+00:00,2026-09-25T00:55:01.477+00:00,21072-30059,dryers,50170059,72000000,2026-09-25 00:55:01,2026-09-24 15:47:57,46,32824.0,-30064.0,,Available,website maps this code to Available
1,727b95d6-db3c-4677-85ba-be2b26e819d5,2026-09-25T00:55:01.289+00:00,2026-09-25T00:55:01.477+00:00,21072-30059,dryers,50170057,72000000,2026-09-25 00:55:01,2026-09-25 00:46:30,46,511.0,2249.0,,Available,website maps this code to Available
1,727b95d6-db3c-4677-85ba-be2b26e819d5,2026-09-25T00:55:01.289+00:00,2026-09-25T00:55:01.477+00:00,21072-30059,dryers,50170062,72000000,2026-09-25 00:55:01,2026-09-25 00:45:14,46,587.0,2173.0,,Available,website maps this code to Available
1,727b95d6-db3c-4677-85ba-be2b26e819d5,2026-09-25T00:55:01.289+00:00,2026-09-25T00:55:01.477+00:00,21072-30059,dryers,50170067,52000000,2026-09-25 00:55:01,2026-09-25 00:39:45,23,916.0,464.0,,Finished,
1,727b95d6-db3c-4677-85ba-be2b26e819d5,2026-09-25T00:55:01.289+00:00,2026-09-25T00:55:01.477+00:00,21072-30059,dryers,50170074,52000000,2026-09-25 00:55:01,2026-09-25 00:39:51,23,910.0,470.0,,Finished,
1,727b95d6-db3c-4677-85ba-be2b26e819d5,2026-09-25T00:55:01.289+00:00,2026-09-25T00:55:01.477+00:00,21072-30059,dryers,50170071,42000000,2026-09-25 00:55:01,2026-09-25 00:51:53,10,188.0,412.0,7,Running,
1,727b95d6-db3c-4677-85ba-be2b26e819d5,2026-09-25T00:55:01.289+00:00,2026-09-25T00:55:01.477+00:00,21072-30059,dryers,50170054,42000000,2026-09-25 00:55:01,2026-09-25 00:22:19,53,1962.0,1218.0,21,Running,
1,47b039d2-0294-4edf-99f7-cc40cfac8044,2026-09-25T00:56:01.296+00:00,2026-09-25T00:56:01.500+00:00,21072-30059,washers,50170051,72000000,2026-09-25 00:56:01,2026-09-25 00:17:42,29,2299.0,-559.0,,Available,website maps this code to Available
1,47b039d2-0294-4edf-99f7-cc40cfac8044,2026-09-25T00:56:01.296+00:00,2026-09-25T00:56:01.500+00:00,21072-30059,washers,50170080,72000000,2026-09-25 00:56:01,2026-09-25 00:20:13,29,2148.0,-408.0,,Available,website maps this code to Available
1,47b039d2-0294-4edf-99f7-cc40cfac8044,2026-09-25T00:56:01.296+00:00,2026-09-25T00:56:01.500+00:00,21072-30059,washers,50170075,72000000,2026-09-25 00:56:01,2026-09-25 00:14:33,29,2488.0,-748.0,,Available,website maps this code to Available
1,47b039d2-0294-4edf-99f7-cc40cfac8044,2026-09-25T00:56:01.296+00:00,2026-09-25T00:56:01.500+00:00,21072-30059,washers,50170082,72000000,2026-09-25 00:56:01,2026-09-24 07:02:33,29,64408.0,-62668.0,,Available,website maps this code to Available
1,47b039d2-0294-4edf-99f7-cc40cfac8044,2026-09-25T00:56:01.296+00:00,2026-09-25T00:56:01.500+00:00,21072-30059,washers,50170050,72000000,2026-09-25 00:56:01,2026-09-25 00:19:24,29,2197.0,-457.0,,Available,website maps this code to Available
1,47b039d2-0294-4edf-99f7-cc40cfac8044,2026-09-25T00:56:01.296+00:00,2026-09-25T00:56:01.500+00:00,21072-30059,washers,50170052,72000000,2026-09-25 00:56:01,2026-09-25 00:11:14,29,2687.0,-947.0,,Available,website maps this code to Available
1,47b039d2-0294-4edf-99f7-cc40cfac8044,2026-09-25T00:56:01.296+00:00,2026-09-25T00:56:01.500+00:00,21072-30059,washers,50170078,72000000,2026-09-25 00:56:01,2026-09-24 23:56:38,29,3563.0,-1823.0,,Available,website maps this code to Available
1,47b039d2-0294-4edf-99f7-cc40cfac8044,2026-09-25T00:56:01.296+00:00,2026-09-25T00:56:01.500+00:00,21072-30059,washers,50170084,72000000,2026-09-25 00:56:01,2026-09-24 15:48:03,29,32878.0,-31138.0,,Available,website maps this code to Available
1,47b039d2-0294-4edf-99f7-cc40cfac8044,2026-09-25T00:56:01.296+00:00,2026-09-25T00:56:01.500+00:00,21072-30059,washers,50170068,42000000,2026-09-25 00:56:01,2026-09-25 00:55:44,10,17.0,583.0,10,Running,
1,47b039d2-0294-4edf-99f7-cc40cfac8044,2026-09-25T00:56:01.296+00:00,2026-09-25T00:56:01.500+00:00,21072-30059,washers,50170072,42000000,2026-09-25 00:56:01,2026-09-25 00:24:16,43,1905.0,675.0,12,Running,
1,47b039d2-0294-4edf-99f7-cc40cfac8044,2026-09-25T00:56:01.296+00:00,2026-09-25T00:56:01.500+00:00,21072-30059,washers,20483408,72000000,2026-09-25 00:56:01,2024-12-20 00:43:32,0,55642349.0,-55642349.0,,Available,website maps this code to Available
1,47b039d2-0294-4edf-99f7-cc40cfac8044,2026-09-25T00:56:01.296+00:00,2026-09-25T00:56:01.500+00:00,21072-30059,washers,50170055,72000000,2026-09-25 00:56:01,2026-09-24 23:53:15,29,3766.0,-2026.0,,Available,website maps this code to Available
1,47b039d2-0294-4edf-99f7-cc40cfac8044,2026-09-25T00:56:01.296+00:00,2026-09-25T00:56:01.500+00:00,21072-30059,dryers,50170058,72000000,2026-09-25 00:56:01,2026-09-12 03:29:03,46,1114018.0,-1111258.0,,Available,website maps this code to Available
1,47b039d2-0294-4edf-99f7-cc40cfac8044,2026-09-25T00:56:01.296+00:00,2026-09-25T00:56:01.500+00:00,21072-30059,dryers,50170061,72000000,2026-09-25 00:56:01,2026-09-24 20:07:24,46,17317.0,-14557.0,,Available,website maps this code to Available
1,47b039d2-0294-4edf-99f7-cc40cfac8044,2026-09-25T00:56:01.296+00:00,2026-09-25T00:56:01.500+00:00,21072-30059,dryers,50170081,42000000,2026-09-25 00:56:01,2026-09-25 00:21:38,45,2063.0,637.0,11,Running,
1,47b039d2-0294-4edf-99f7-cc40cfac8044,2026-09-25T00:56:01.296+00:00,2026-09-25T00:56:01.500+00:00,21072-30059,dryers,50170060,42000000,2026-09-25 00:56:01,2026-09-25 00:22:16,45,2025.0,675.0,12,Running,
1,47b039d2-0294-4edf-99f7-cc40cfac8044,2026-09-25T00:56:01.296+00:00,2026-09-25T00:56:01.500+00:00,21072-30059,dryers,50170087,42000000,2026-09-25 00:56:01,2026-09-25 00:47:14,10,527.0,73.0,2,Running,
1,47b039d2-0294-4edf-99f7-cc40cfac8044,2026-09-25T00:56:01.296+00:00,2026-09-25T00:56:01.500+00:00,21072-30059,dryers,50170064,72000000,2026-09-25 00:56:01,2026-09-24 07:02:42,46,64399.0,-61639.0,,Available,website maps this code to Available
1,47b039d2-0294-4edf-99f7-cc40cfac8044,2026-09-25T00:56:01.296+00:00,2026-09-25T00:56:01.500+00:00,21072-30059,dryers,50170065,72000000,2026-09-25 00:56:01,2026-09-25 00:46:05,46,596.0,2164.0,,Available,website maps this code to Available
1,47b039d2-0294-4edf-99f7-cc40cfac8044,2026-09-25T00:56:01.296+00:00,2026-09-25T00:56:01.500+00:00,21072-30059,dryers,50170059,72000000,2026-09-25 00:56:01,2026-09-24 15:47:57,46,32884.0,-30124.0,,Available,website maps this code to Available
1,47b039d2-0294-4edf-99f7-cc40cfac8044,2026-09-25T00:56:01.296+00:00,2026-09-25T00:56:01.500+00:00,21072-30059,dryers,50170057,72000000,2026-09-25 00:56:01,2026-09-25 00:46:30,46,571.0,2189.0,,Available,website maps this code to Available
1,47b039d2-0294-4edf-99f7-cc40cfac8044,2026-09-25T00:56:01.296+00:00,2026-09-25T00:56:01.500+00:00,21072-30059,dryers,50170062,72000000,2026-09-25 00:56:01,2026-09-25 00:45:14,46,647.0,2113.0,,Available,website maps this code to Available
1,47b039d2-0294-4edf-99f7-cc40cfac8044,2026-09-25T00:56:01.296+00:00,2026-09-25T00:56:01.500+00:00,21072-30059,dryers,50170067,52000000,2026-09-25 00:56:01,2026-09-25 00:39:45,23,976.0,404.0,,Finished,
1,47b039d2-0294-4edf-99f7-cc40cfac8044,2026-09-25T00:56:01.296+00:00,2026-09-25T00:56:01.500+00:00,21072-30059,dryers,50170074,52000000,2026-09-25 00:56:01,2026-09-25 00:39:51,23,970.0,410.0,,Finished,
1,47b039d2-0294-4edf-99f7-cc40cfac8044,2026-09-25T00:56:01.296+00:00,2026-09-25T00:56:01.500+00:00,21072-30059,dryers,50170071,42000000,2026-09-25 00:56:01,2026-09-25 00:51:53,10,248.0,352.0,6,Running,
1,47b039d2-0294-4edf-99f7-cc40cfac8044,2026-09-25T00:56:01.296+00:00,2026-09-25T00:56:01.500+00:00,21072-30059,dryers,50170054,42000000,2026-09-25 00:56:01,2026-09-25 00:22:19,53,2022.0,1158.0,20,Running,
1,acf03e61-9a4a-419e-b645-abdf6c0a3ee2,2026-09-25T00:57:01.265+00:00,2026-09-25T00:57:01.461+00:00,21072-30059,washers,50170051,72000000,2026-09-25 00:57:01,2026-09-25 00:17:42,29,2359.0,-619.0,,Available,website maps this code to Available
1,acf03e61-9a4a-419e-b645-abdf6c0a3ee2,2026-09-25T00:57:01.265+00:00,2026-09-25T00:57:01.461+00:00,21072-30059,washers,50170080,72000000,2026-09-25 00:57:01,2026-09-25 00:20:13,29,2208.0,-468.0,,Available,website maps this code to Available
1,acf03e61-9a4a-419e-b645-abdf6c0a3ee2,2026-09-25T00:57:01.265+00:00,2026-09-25T00:57:01.461+00:00,21072-30059,washers,50170075,72000000,2026-09-25 00:57:01,2026-09-25 00:14:33,29,2548.0,-808.0,,Available,website maps this code to Available
1,acf03e61-9a4a-419e-b645-abdf6c0a3ee2,2026-09-25T00:57:01.265+00:00,2026-09-25T00:57:01.461+00:00,21072-30059,washers,50170082,72000000,2026-09-25 00:57:01,2026-09-24 07:02:33,29,64468.0,-62728.0,,Available,website maps this code to Available
1,acf03e61-9a4a-419e-b645-abdf6c0a3ee2,2026-09-25T00:57:01.265+00:00,2026-09-25T00:57:01.461+00:00,21072-30059,washers,50170050,72000000,2026-09-25 00:57:01,2026-09-25 00:19:24,29,2257.0,-517.0,,Available,website maps this code to Available
1,acf03e61-9a4a-419e-b645-abdf6c0a3ee2,2026-09-25T00:57:01.265+00:00,2026-09-25T00:57:01.461+00:00,21072-30059,washers,50170052,72000000,2026-09-25 00:57:01,2026-09-25 00:11:14,29,2747.0,-1007.0,,Available,website maps this code to Available
1,acf03e61-9a4a-419e-b645-abdf6c0a3ee2,2026-09-25T00:57:01.265+00:00,2026-09-25T00:57:01.461+00:00,21072-30059,washers,50170078,72000000,2026-09-25 00:57:01,2026-09-24 23:56:38,29,3623.0,-1883.0,,Available,website maps this code to Available
1,acf03e61-9a4a-419e-b645-abdf6c0a3ee2,2026-09-25T00:57:01.265+00:00,2026-09-25T00:57:01.461+00:00,21072-30059,washers,50170084,72000000,2026-09-25 00:57:01,2026-09-24 15:48:03,29,32938.0,-31198.0,,Available,website maps this code to Available
1,acf03e61-9a4a-419e-b645-abdf6c0a3ee2,2026-09-25T00:57:01.265+00:00,2026-09-25T00:57:01.461+00:00,21072-30059,washers,50170068,42000000,2026-09-25 00:57:01,2026-09-25 00:55:44,10,77.0,523.0,9,Running,
1,acf03e61-9a4a-419e-b645-abdf6c0a3ee2,2026-09-25T00:57:01.265+00:00,2026-09-25T00:57:01.461+00:00,21072-30059,washers,50170072,42000000,2026-09-25 00:57:01,2026-09-25 00:24:16,43,1965.0,615.0,11,Running,
1,acf03e61-9a4a-419e-b645-abdf6c0a3ee2,2026-09-25T00:57:01.265+00:00,2026-09-25T00:57:01.461+00:00,21072-30059,washers,20483408,72000000,2026-09-25 00:57:01,2024-12-20 00:43:32,0,55642409.0,-55642409.0,,Available,website maps this code to Available
1,acf03e61-9a4a-419e-b645-abdf6c0a3ee2,2026-09-25T00:57:01.265+00:00,2026-09-25T00:57:01.461+00:00,21072-30059,washers,50170055,72000000,2026-09-25 00:57:01,2026-09-24 23:53:15,29,3826.0,-2086.0,,Available,website maps this code to Available
1,acf03e61-9a4a-419e-b645-abdf6c0a3ee2,2026-09-25T00:57:01.265+00:00,2026-09-25T00:57:01.461+00:00,21072-30059,dryers,50170058,72000000,2026-09-25 00:57:01,2026-09-12 03:29:03,46,1114078.0,-1111318.0,,Available,website maps this code to Available
1,acf03e61-9a4a-419e-b645-abdf6c0a3ee2,2026-09-25T00:57:01.265+00:00,2026-09-25T00:57:01.461+00:00,21072-30059,dryers,50170061,72000000,2026-09-25 00:57:01,2026-09-24 20:07:24,46,17377.0,-14617.0,,Available,website maps this code to Available
1,acf03e61-9a4a-419e-b645-abdf6c0a3ee2,2026-09-25T00:57:01.265+00:00,2026-09-25T00:57:01.461+00:00,21072-30059,dryers,50170081,42000000,2026-09-25 00:57:01,2026-09-25 00:21:38,45,2123.0,577.0,10,Running,
1,acf03e61-9a4a-419e-b645-abdf6c0a3ee2,2026-09-25T00:57:01.265+00:00,2026-09-25T00:57:01.461+00:00,21072-30059,dryers,50170060,42000000,2026-09-25 00:57:01,2026-09-25 00:22:16,45,2085.0,615.0,11,Running,
1,acf03e61-9a4a-419e-b645-abdf6c0a3ee2,2026-09-25T00:57:01.265+00:00,2026-09-25T00:57:01.461+00:00,21072-30059,dryers,50170087,42000000,2026-09-25 00:57:01,2026-09-25 00:47:14,10,587.0,13.0,1,Running,
1,acf03e61-9a4a-419e-b645-abdf6c0a3ee2,2026-09-25T00:57:01.265+00:00,2026-09-25T00:57:01.461+00:00,21072-30059,dryers,50170064,72000000,2026-09-25 00:57:01,2026-09-24 07:02:42,46,64459.0,-61699.0,,Available,website maps this code to Available
1,acf03e61-9a4a-419e-b645-abdf6c0a3ee2,2026-09-25T00:57:01.265+00:00,2026-09-25T00:57:01.461+00:00,21072-30059,dryers,50170065,72000000,2026-09-25 00:57:01,2026-09-25 00:46:05,46,656.0,2104.0,,Available,website maps this code to Available
1,acf03e61-9a4a-419e-b645-abdf6c0a3ee2,2026-09-25T00:57:01.265+00:00,2026-09-25T00:57:01.461+00:00,21072-30059,dryers,50170059,72000000,2026-09-25 00:57:01,2026-09-24 15:47:57,46,32944.0,-30184.0,,Available,website maps this code to Available
1,acf03e61-9a4a-419e-b645-abdf6c0a3ee2,2026-09-25T00:57:01.265+00:00,2026-09-25T00:57:01.461+00:00,21072-30059,dryers,50170057,72000000,2026-09-25 00:57:01,2026-09-25 00:46:30,46,631.0,2129.0,,Available,website maps this code to Available
1,acf03e61-9a4a-419e-b645-abdf6c0a3ee2,2026-09-25T00:57:01.265+00:00,2026-09-25T00:57:01.461+00:00,21072-30059,dryers,50170062,72000000,2026-09-25 00:57:01,2026-09-25 00:45:14,46,707.0,2053.0,,Available,website maps this code to Available
1,acf03e61-9a4a-419e-b645-abdf6c0a3ee2,2026-09-25T00:57:01.265+00:00,2026-09-25T00:57:01.461+00:00,21072-30059,dryers,50170067,52000000,2026-09-25 00:57:01,2026-09-25 00:39:45,23,1036.0,344.0,,Finished,
1,acf03e61-9a4a-419e-b645-abdf6c0a3ee2,2026-09-25T00:57:01.265+00:00,2026-09-25T00:57:01.461+00:00,21072-30059,dryers,50170074,52000000,2026-09-25 00:57:01,2026-09-25 00:39:51,23,1030.0,350.0,,Finished,
1,acf03e61-9a4a-419e-b645-abdf6c0a3ee2,2026-09-25T00:57:01.265+00:00,2026-09-25T00:57:01.461+00:00,21072-30059,dryers,50170071,42000000,2026-09-25 00:57:01,2026-09-25 00:51:53,10,308.0,292.0,5,Running,
1,acf03e61-9a4a-419e-b645-abdf6c0a3ee2,2026-09-25T00:57:01.265+00:00,2026-09-25T00:57:01.461+00:00,21072-30059,dryers,50170054,42000000,2026-09-25 00:57:01,2026-09-25 00:22:19,53,2082.0,1098.0,19,Running,
1,c2262925-6656-4032-af31-7d2115899f7d,2026-09-25T00:58:01.302+00:00,2026-09-25T00:58:01.490+00:00,21072-30059,washers,50170051,72000000,2026-09-25 00:58:01,2026-09-25 00:17:42,29,2419.0,-679.0,,Available,website maps this code to Available
1,c2262925-6656-4032-af31-7d2115899f7d,2026-09-25T00:58:01.302+00:00,2026-09-25T00:58:01.490+00:00,21072-30059,washers,50170080,72000000,2026-09-25 00:58:01,2026-09-25 00:20:13,29,2268.0,-528.0,,Available,website maps this code to Available
1,c2262925-6656-4032-af31-7d2115899f7d,2026-09-25T00:58:01.302+00:00,2026-09-25T00:58:01.490+00:00,21072-30059,washers,50170075,72000000,2026-09-25 00:58:01,2026-09-25 00:14:33,29,2608.0,-868.0,,Available,website maps this code to Available
1,c2262925-6656-4032-af31-7d2115899f7d,2026-09-25T00:58:01.302+00:00,2026-09-25T00:58:01.490+00:00,21072-30059,washers,50170082,72000000,2026-09-25 00:58:01,2026-09-24 07:02:33,29,64528.0,-62788.0,,Available,website maps this code to Available
1,c2262925-6656-4032-af31-7d2115899f7d,2026-09-25T00:58:01.302+00:00,2026-09-25T00:58:01.490+00:00,21072-30059,washers,50170050,72000000,2026-09-25 00:58:01,2026-09-25 00:19:24,29,2317.0,-577.0,,Available,website maps this code to Available
1,c2262925-6656-4032-af31-7d2115899f7d,2026-09-25T00:58:01.302+00:00,2026-09-25T00:58:01.490+00:00,21072-30059,washers,50170052,72000000,2026-09-25 00:58:01,2026-09-25 00:11:14,29,2807.0,-1067.0,,Available,website maps this code to Available
1,c2262925-6656-4032-af31-7d2115899f7d,2026-09-25T00:58:01.302+00:00,2026-09-25T00:58:01.490+00:00,21072-30059,washers,50170078,72000000,2026-09-25 00:58:01,2026-09-24 23:56:38,29,3683.0,-1943.0,,Available,website maps this code to Available
1,c2262925-6656-4032-af31-7d2115899f7d,2026-09-25T00:58:01.302+00:00,2026-09-25T00:58:01.490+00:00,21072-30059,washers,50170084,72000000,2026-09-25 00:58:01,2026-09-24 15:48:03,29,32998.0,-31258.0,,Available,website maps this code to Available
1,c2262925-6656-4032-af31-7d2115899f7d,2026-09-25T00:58:01.302+00:00,2026-09-25T00:58:01.490+00:00,21072-30059,washers,50170068,42000000,2026-09-25 00:58:01,2026-09-25 00:55:44,10,137.0,463.0,8,Running,
1,c2262925-6656-4032-af31-7d2115899f7d,2026-09-25T00:58:01.302+00:00,2026-09-25T00:58:01.490+00:00,21072-30059,washers,50170072,42000000,2026-09-25 00:58:01,2026-09-25 00:24:16,43,2025.0,555.0,10,Running,
1,c2262925-6656-4032-af31-7d2115899f7d,2026-09-25T00:58:01.302+00:00,2026-09-25T00:58:01.490+00:00,21072-30059,washers,20483408,72000000,2026-09-25 00:58:01,2024-12-20 00:43:32,0,55642469.0,-55642469.0,,Available,website maps this code to Available
1,c2262925-6656-4032-af31-7d2115899f7d,2026-09-25T00:58:01.302+00:00,2026-09-25T00:58:01.490+00:00,21072-30059,washers,50170055,72000000,2026-09-25 00:58:01,2026-09-24 23:53:15,29,3886.0,-2146.0,,Available,website maps this code to Available
1,c2262925-6656-4032-af31-7d2115899f7d,2026-09-25T00:58:01.302+00:00,2026-09-25T00:58:01.490+00:00,21072-30059,dryers,50170058,72000000,2026-09-25 00:58:01,2026-09-12 03:29:03,46,1114138.0,-1111378.0,,Available,website maps this code to Available
1,c2262925-6656-4032-af31-7d2115899f7d,2026-09-25T00:58:01.302+00:00,2026-09-25T00:58:01.490+00:00,21072-30059,dryers,50170061,72000000,2026-09-25 00:58:01,2026-09-24 20:07:24,46,17437.0,-14677.0,,Available,website maps this code to Available
1,c2262925-6656-4032-af31-7d2115899f7d,2026-09-25T00:58:01.302+00:00,2026-09-25T00:58:01.490+00:00,21072-30059,dryers,50170081,42000000,2026-09-25 00:58:01,2026-09-25 00:57:13,10,48.0,552.0,10,Running,
1,c2262925-6656-4032-af31-7d2115899f7d,2026-09-25T00:58:01.302+00:00,2026-09-25T00:58:01.490+00:00,21072-30059,dryers,50170060,42000000,2026-09-25 00:58:01,2026-09-25 00:57:47,10,14.0,586.0,10,Running,
1,c2262925-6656-4032-af31-7d2115899f7d,2026-09-25T00:58:01.302+00:00,2026-09-25T00:58:01.490+00:00,21072-30059,dryers,50170087,52000000,2026-09-25 00:58:01,2026-09-25 00:57:25,23,36.0,1344.0,,Finished,
1,c2262925-6656-4032-af31-7d2115899f7d,2026-09-25T00:58:01.302+00:00,2026-09-25T00:58:01.490+00:00,21072-30059,dryers,50170064,72000000,2026-09-25 00:58:01,2026-09-24 07:02:42,46,64519.0,-61759.0,,Available,website maps this code to Available
1,c2262925-6656-4032-af31-7d2115899f7d,2026-09-25T00:58:01.302+00:00,2026-09-25T00:58:01.490+00:00,21072-30059,dryers,50170065,72000000,2026-09-25 00:58:01,2026-09-25 00:46:05,46,716.0,2044.0,,Available,website maps this code to Available
1,c2262925-6656-4032-af31-7d2115899f7d,2026-09-25T00:58:01.302+00:00,2026-09-25T00:58:01.490+00:00,21072-30059,dryers,50170059,72000000,2026-09-25 00:58:01,2026-09-24 15:47:57,46,33004.0,-30244.0,,Available,website maps this code to Available
1,c2262925-6656-4032-af31-7d2115899f7d,2026-09-25T00:58:01.302+00:00,2026-09-25T00:58:01.490+00:00,21072-30059,dryers,50170057,72000000,2026-09-25 00:58:01,2026-09-25 00:46:30,46,691.0,2069.0,,Available,website maps this code to Available
1,c2262925-6656-4032-af31-7d2115899f7d,2026-09-25T00:58:01.302+00:00,2026-09-25T00:58:01.490+00:00,21072-30059,dryers,50170062,72000000,2026-09-25 00:58:01,2026-09-25 00:45:14,46,767.0,1993.0,,Available,website maps this code to Available
1,c2262925-6656-4032-af31-7d2115899f7d,2026-09-25T00:58:01.302+00:00,2026-09-25T00:58:01.490+00:00,21072-30059,dryers,50170067,52000000,2026-09-25 00:58:01,2026-09-25 00:39:45,23,1096.0,284.0,,Finished,
1,c2262925-6656-4032-af31-7d2115899f7d,2026-09-25T00:58:01.302+00:00,2026-09-25T00:58:01.490+00:00,21072-30059,dryers,50170074,52000000,2026-09-25 00:58:01,2026-09-25 00:39:51,23,1090.0,290.0,,Finished,
1,c2262925-6656-4032-af31-7d2115899f7d,2026-09-25T00:58:01.302+00:00,2026-09-25T00:58:01.490+00:00,21072-30059,dryers,50170071,42000000,2026-09-25 00:58:01,2026-09-25 00:51:53,10,368.0,232.0,4,Running,
1,c2262925-6656-4032-af31-7d2115899f7d,2026-09-25T00:58:01.302+00:00,2026-09-25T00:58:01.490+00:00,21072-30059,dryers,50170054,42000000,2026-09-25 00:58:01,2026-09-25 00:22:19,53,2142.0,1038.0,18,Running,
1,46dd0d6d-e85b-4338-8d77-c0f2e70d8a54,2026-09-25T00:59:01.316+00:00,2026-09-25T00:59:01.510+00:00,21072-30059,washers,50170051,72000000,2026-09-25 00:59:01,2026-09-25 00:17:42,29,2479.0,-739.0,,Available,website maps this code to Available
1,46dd0d6d-e85b-4338-8d77-c0f2e70d8a54,2026-09-25T00:59:01.316+00:00,2026-09-25T00:59:01.510+00:00,21072-30059,washers,50170080,72000000,2026-09-25 00:59:01,2026-09-25 00:20:13,29,2328.0,-588.0,,Available,website maps this code to Available
1,46dd0d6d-e85b-4338-8d77-c0f2e70d8a54,2026-09-25T00:59:01.316+00:00,2026-09-25T00:59:01.510+00:00,21072-30059,washers,50170075,72000000,2026-09-25 00:59:01,2026-09-25 00:14:33,29,2668.0,-928.0,,Available,website maps this code to Available
1,46dd0d6d-e85b-4338-8d77-c0f2e70d8a54,2026-09-25T00:59:01.316+00:00,2026-09-25T00:59:01.510+00:00,21072-30059,washers,50170082,72000000,2026-09-25 00:59:01,2026-09-24 07:02:33,29,64588.0,-62848.0,,Available,website maps this code to Available
1,46dd0d6d-e85b-4338-8d77-c0f2e70d8a54,2026-09-25T00:59:01.316+00:00,2026-09-25T00:59:01.510+00:00,21072-30059,washers,50170050,72000000,2026-09-25 00:59:01,2026-09-25 00:19:24,29,2377.0,-637.0,,Available,website maps this code to Available
1,46dd0d6d-e85b-4338-8d77-c0f2e70d8a54,2026-09-25T00:59:01.316+00:00,2026-09-25T00:59:01.510+00:00,21072-30059,washers,50170052,72000000,2026-09-25 00:59:01,2026-09-25 00:11:14,29,2867.0,-1127.0,,Available,website maps this code to Available
1,46dd0d6d-e85b-4338-8d77-c0f2e70d8a54,2026-09-25T00:59:01.316+00:00,2026-09-25T00:59:01.510+00:00,21072-30059,washers,50170078,72000000,2026-09-25 00:59:01,2026-09-24 23:56:38,29,3743.0,-2003.0,,Available,website maps this code to Available
1,46dd0d6d-e85b-4338-8d77-c0f2e70d8a54,2026-09-25T00:59:01.316+00:00,2026-09-25T00:59:01.510+00:00,21072-30059,washers,50170084,72000000,2026-09-25 00:59:01,2026-09-24 15:48:03,29,33058.0,-31318.0,,Available,website maps this code to Available
1,46dd0d6d-e85b-4338-8d77-c0f2e70d8a54,2026-09-25T00:59:01.316+00:00,2026-09-25T00:59:01.510+00:00,21072-30059,washers,50170068,42000000,2026-09-25 00:59:01,2026-09-25 00:55:44,10,197.0,403.0,7,Running,
1,46dd0d6d-e85b-4338-8d77-c0f2e70d8a54,2026-09-25T00:59:01.316+00:00,2026-09-25T00:59:01.510+00:00,21072-30059,washers,50170072,42000000,2026-09-25 00:59:01,2026-09-25 00:24:16,43,2085.0,495.0,9,Running,
1,46dd0d6d-e85b-4338-8d77-c0f2e70d8a54,2026-09-25T00:59:01.316+00:00,2026-09-25T00:59:01.510+00:00,21072-30059,washers,20483408,72000000,2026-09-25 00:59:01,2024-12-20 00:43:32,0,55642529.0,-55642529.0,,Available,website maps this code to Available
1,46dd0d6d-e85b-4338-8d77-c0f2e70d8a54,2026-09-25T00:59:01.316+00:00,2026-09-25T00:59:01.510+00:00,21072-30059,washers,50170055,72000000,2026-09-25 00:59:01,2026-09-24 23:53:15,29,3946.0,-2206.0,,Available,website maps this code to Available
1,46dd0d6d-e85b-4338-8d77-c0f2e70d8a54,2026-09-25T00:59:01.316+00:00,2026-09-25T00:59:01.510+00:00,21072-30059,dryers,50170058,72000000,2026-09-25 00:59:01,2026-09-12 03:29:03,46,1114198.0,-1111438.0,,Available,website maps this code to Available
1,46dd0d6d-e85b-4338-8d77-c0f2e70d8a54,2026-09-25T00:59:01.316+00:00,2026-09-25T00:59:01.510+00:00,21072-30059,dryers,50170061,72000000,2026-09-25 00:59:01,2026-09-24 20:07:24,46,17497.0,-14737.0,,Available,website maps this code to Available
1,46dd0d6d-e85b-4338-8d77-c0f2e70d8a54,2026-09-25T00:59:01.316+00:00,2026-09-25T00:59:01.510+00:00,21072-30059,dryers,50170081,42000000,2026-09-25 00:59:01,2026-09-25 00:57:13,10,108.0,492.0,9,Running,
1,46dd0d6d-e85b-4338-8d77-c0f2e70d8a54,2026-09-25T00:59:01.316+00:00,2026-09-25T00:59:01.510+00:00,21072-30059,dryers,50170060,42000000,2026-09-25 00:59:01,2026-09-25 00:57:47,10,74.0,526.0,9,Running,
1,46dd0d6d-e85b-4338-8d77-c0f2e70d8a54,2026-09-25T00:59:01.316+00:00,2026-09-25T00:59:01.510+00:00,21072-30059,dryers,50170087,52000000,2026-09-25 00:59:01,2026-09-25 00:57:25,23,96.0,1284.0,,Finished,
1,46dd0d6d-e85b-4338-8d77-c0f2e70d8a54,2026-09-25T00:59:01.316+00:00,2026-09-25T00:59:01.510+00:00,21072-30059,dryers,50170064,72000000,2026-09-25 00:59:01,2026-09-24 07:02:42,46,64579.0,-61819.0,,Available,website maps this code to Available
1,46dd0d6d-e85b-4338-8d77-c0f2e70d8a54,2026-09-25T00:59:01.316+00:00,2026-09-25T00:59:01.510+00:00,21072-30059,dryers,50170065,72000000,2026-09-25 00:59:01,2026-09-25 00:46:05,46,776.0,1984.0,,Available,website maps this code to Available
1,46dd0d6d-e85b-4338-8d77-c0f2e70d8a54,2026-09-25T00:59:01.316+00:00,2026-09-25T00:59:01.510+00:00,21072-30059,dryers,50170059,72000000,2026-09-25 00:59:01,2026-09-24 15:47:57,46,33064.0,-30304.0,,Available,website maps this code to Available
1,46dd0d6d-e85b-4338-8d77-c0f2e70d8a54,2026-09-25T00:59:01.316+00:00,2026-09-25T00:59:01.510+00:00,21072-30059,dryers,50170057,72000000,2026-09-25 00:59:01,2026-09-25 00:46:30,46,751.0,2009.0,,Available,website maps this code to Available
1,46dd0d6d-e85b-4338-8d77-c0f2e70d8a54,2026-09-25T00:59:01.316+00:00,2026-09-25T00:59:01.510+00:00,21072-30059,dryers,50170062,72000000,2026-09-25 00:59:01,2026-09-25 00:45:14,46,827.0,1933.0,,Available,website maps this code to Available
1,46dd0d6d-e85b-4338-8d77-c0f2e70d8a54,2026-09-25T00:59:01.316+00:00,2026-09-25T00:59:01.510+00:00,21072-30059,dryers,50170067,52000000,2026-09-25 00:59:01,2026-09-25 00:39:45,23,1156.0,224.0,,Finished,
1,46dd0d6d-e85b-4338-8d77-c0f2e70d8a54,2026-09-25T00:59:01.316+00:00,2026-09-25T00:59:01.510+00:00,21072-30059,dryers,50170074,52000000,2026-09-25 00:59:01,2026-09-25 00:39:51,23,1150.0,230.0,,Finished,
1,46dd0d6d-e85b-4338-8d77-c0f2e70d8a54,2026-09-25T00:59:01.316+00:00,2026-09-25T00:59:01.510+00:00,21072-30059,dryers,50170071,42000000,2026-09-25 00:59:01,2026-09-25 00:51:53,10,428.0,172.0,3,Running,
1,46dd0d6d-e85b-4338-8d77-c0f2e70d8a54,2026-09-25T00:59:01.316+00:00,2026-09-25T00:59:01.510+00:00,21072-30059,dryers,50170054,42000000,2026-09-25 00:59:01,2026-09-25 00:22:19,53,2202.0,978.0,17,Running,
1,35d6adea-53b7-47b4-bdb5-398b7c8d25a9,2026-09-25T01:00:01.319+00:00,2026-09-25T01:00:01.513+00:00,21072-30059,washers,50170051,72000000,2026-09-25 01:00:01,2026-09-25 00:17:42,29,2539.0,-799.0,,Available,website maps this code to Available
1,35d6adea-53b7-47b4-bdb5-398b7c8d25a9,2026-09-25T01:00:01.319+00:00,2026-09-25T01:00:01.513+00:00,21072-30059,washers,50170080,72000000,2026-09-25 01:00:01,2026-09-25 00:20:13,29,2388.0,-648.0,,Available,website maps this code to Available
1,35d6adea-53b7-47b4-bdb5-398b7c8d25a9,2026-09-25T01:00:01.319+00:00,2026-09-25T01:00:01.513+00:00,21072-30059,washers,50170075,72000000,2026-09-25 01:00:01,2026-09-25 00:14:33,29,2728.0,-988.0,,Available,website maps this code to Available
1,35d6adea-53b7-47b4-bdb5-398b7c8d25a9,2026-09-25T01:00:01.319+00:00,2026-09-25T01:00:01.513+00:00,21072-30059,washers,50170082,72000000,2026-09-25 01:00:01,2026-09-24 07:02:33,29,64648.0,-62908.0,,Available,website maps this code to Available
1,35d6adea-53b7-47b4-bdb5-398b7c8d25a9,2026-09-25T01:00:01.319+00:00,2026-09-25T01:00:01.513+00:00,21072-30059,washers,50170050,72000000,2026-09-25 01:00:01,2026-09-25 00:19:24,29,2437.0,-697.0,,Available,website maps this code to Available
1,35d6adea-53b7-47b4-bdb5-398b7c8d25a9,2026-09-25T01:00:01.319+00:00,2026-09-25T01:00:01.513+00:00,21072-30059,washers,50170052,72000000,2026-09-25 01:00:01,2026-09-25 00:11:14,29,2927.0,-1187.0,,Available,website maps this code to Available
1,35d6adea-53b7-47b4-bdb5-398b7c8d25a9,2026-09-25T01:00:01.319+00:00,2026-09-25T01:00:01.513+00:00,21072-30059,washers,50170078,72000000,2026-09-25 01:00:01,2026-09-24 23:56:38,29,3803.0,-2063.0,,Available,website maps this code to Available
1,35d6adea-53b7-47b4-bdb5-398b7c8d25a9,2026-09-25T01:00:01.319+00:00,2026-09-25T01:00:01.513+00:00,21072-30059,washers,50170084,72000000,2026-09-25 01:00:01,2026-09-24 15:48:03,29,33118.0,-31378.0,,Available,website maps this code to Available
1,35d6adea-53b7-47b4-bdb5-398b7c8d25a9,2026-09-25T01:00:01.319+00:00,2026-09-25T01:00:01.513+00:00,21072-30059,washers,50170068,42000000,2026-09-25 01:00:01,2026-09-25 00:55:44,10,257.0,343.0,6,Running,
1,35d6adea-53b7-47b4-bdb5-398b7c8d25a9,2026-09-25T01:00:01.319+00:00,2026-09-25T01:00:01.513+00:00,21072-30059,washers,50170072,42000000,2026-09-25 01:00:01,2026-09-25 00:24:16,43,2145.0,435.0,8,Running,
1,35d6adea-53b7-47b4-bdb5-398b7c8d25a9,2026-09-25T01:00:01.319+00:00,2026-09-25T01:00:01.513+00:00,21072-30059,washers,20483408,72000000,2026-09-25 01:00:01,2024-12-20 00:43:32,0,55642589.0,-55642589.0,,Available,website maps this code to Available
1,35d6adea-53b7-47b4-bdb5-398b7c8d25a9,2026-09-25T01:00:01.319+00:00,2026-09-25T01:00:01.513+00:00,21072-30059,washers,50170055,72000000,2026-09-25 01:00:01,2026-09-24 23:53:15,29,4006.0,-2266.0,,Available,website maps this code to Available
1,35d6adea-53b7-47b4-bdb5-398b7c8d25a9,2026-09-25T01:00:01.319+00:00,2026-09-25T01:00:01.513+00:00,21072-30059,dryers,50170058,72000000,2026-09-25 01:00:01,2026-09-12 03:29:03,46,1114258.0,-1111498.0,,Available,website maps this code to Available
1,35d6adea-53b7-47b4-bdb5-398b7c8d25a9,2026-09-25T01:00:01.319+00:00,2026-09-25T01:00:01.513+00:00,21072-30059,dryers,50170061,72000000,2026-09-25 01:00:01,2026-09-24 20:07:24,46,17557.0,-14797.0,,Available,website maps this code to Available
1,35d6adea-53b7-47b4-bdb5-398b7c8d25a9,2026-09-25T01:00:01.319+00:00,2026-09-25T01:00:01.513+00:00,21072-30059,dryers,50170081,42000000,2026-09-25 01:00:01,2026-09-25 00:57:13,10,168.0,432.0,8,Running,
1,35d6adea-53b7-47b4-bdb5-398b7c8d25a9,2026-09-25T01:00:01.319+00:00,2026-09-25T01:00:01.513+00:00,21072-30059,dryers,50170060,42000000,2026-09-25 01:00:01,2026-09-25 00:57:47,10,134.0,466.0,8,Running,
1,35d6adea-53b7-47b4-bdb5-398b7c8d25a9,2026-09-25T01:00:01.319+00:00,2026-09-25T01:00:01.513+00:00,21072-30059,dryers,50170087,52000000,2026-09-25 01:00:01,2026-09-25 00:57:25,23,156.0,1224.0,,Finished,
1,35d6adea-53b7-47b4-bdb5-398b7c8d25a9,2026-09-25T01:00:01.319+00:00,2026-09-25T01:00:01.513+00:00,21072-30059,dryers,50170064,72000000,2026-09-25 01:00:01,2026-09-24 07:02:42,46,64639.0,-61879.0,,Available,website maps this code to Available
1,35d6adea-53b7-47b4-bdb5-398b7c8d25a9,2026-09-25T01:00:01.319+00:00,2026-09-25T01:00:01.513+00:00,21072-30059,dryers,50170065,72000000,2026-09-25 01:00:01,2026-09-25 00:46:05,46,836.0,1924.0,,Available,website maps this code to Available
1,35d6adea-53b7-47b4-bdb5-398b7c8d25a9,2026-09-25T01:00:01.319+00:00,2026-09-25T01:00:01.513+00:00,21072-30059,dryers,50170059,72000000,2026-09-25 01:00:01,2026-09-24 15:47:57,46,33124.0,-30364.0,,Available,website maps this code to Available
1,35d6adea-53b7-47b4-bdb5-398b7c8d25a9,2026-09-25T01:00:01.319+00:00,2026-09-25T01:00:01.513+00:00,21072-30059,dryers,50170057,72000000,2026-09-25 01:00:01,2026-09-25 00:46:30,46,811.0,1949.0,,Available,website maps this code to Available
1,35d6adea-53b7-47b4-bdb5-398b7c8d25a9,2026-09-25T01:00:01.319+00:00,2026-09-25T01:00:01.513+00:00,21072-30059,dryers,50170062,72000000,2026-09-25 01:00:01,2026-09-25 00:45:14,46,887.0,1873.0,,Available,website maps this code to Available
1,35d6adea-53b7-47b4-bdb5-398b7c8d25a9,2026-09-25T01:00:01.319+00:00,2026-09-25T01:00:01.513+00:00,21072-30059,dryers,50170067,52000000,2026-09-25 01:00:01,2026-09-25 00:39:45,23,1216.0,164.0,,Finished,
1,35d6adea-53b7-47b4-bdb5-398b7c8d25a9,2026-09-25T01:00:01.319+00:00,2026-09-25T01:00:01.513+00:00,21072-30059,dryers,50170074,52000000,2026-09-25 01:00:01,2026-09-25 00:39:51,23,1210.0,170.0,,Finished,
1,35d6adea-53b7-47b4-bdb5-398b7c8d25a9,2026-09-25T01:00:01.319+00:00,2026-09-25T01:00:01.513+00:00,21072-30059,dryers,50170071,42000000,2026-09-25 01:00:01,2026-09-25 00:51:53,10,488.0,112.0,2,Running,
1,35d6adea-53b7-47b4-bdb5-398b7c8d25a9,2026-09-25T01:00:01.319+00:00,2026-09-25T01:00:01.513+00:00,21072-30059,dryers,50170054,42000000,2026-09-25 01:00:01,2026-09-25 00:22:19,53,2262.0,918.0,16,Running,
1,1b7b98bc-45e7-4563-a41d-27c18ba5ea1b,2026-09-25T01:01:01.425+00:00,2026-09-25T01:01:01.617+00:00,21072-30059,washers,50170051,72000000,2026-09-25 01:01:01,2026-09-25 00:17:42,29,2599.0,-859.0,,Available,website maps this code to Available
1,1b7b98bc-45e7-4563-a41d-27c18ba5ea1b,2026-09-25T01:01:01.425+00:00,2026-09-25T01:01:01.617+00:00,21072-30059,washers,50170080,72000000,2026-09-25 01:01:01,2026-09-25 00:20:13,29,2448.0,-708.0,,Available,website maps this code to Available
1,1b7b98bc-45e7-4563-a41d-27c18ba5ea1b,2026-09-25T01:01:01.425+00:00,2026-09-25T01:01:01.617+00:00,21072-30059,washers,50170075,72000000,2026-09-25 01:01:01,2026-09-25 00:14:33,29,2788.0,-1048.0,,Available,website maps this code to Available
1,1b7b98bc-45e7-4563-a41d-27c18ba5ea1b,2026-09-25T01:01:01.425+00:00,2026-09-25T01:01:01.617+00:00,21072-30059,washers,50170082,72000000,2026-09-25 01:01:01,2026-09-24 07:02:33,29,64708.0,-62968.0,,Available,website maps this code to Available
1,1b7b98bc-45e7-4563-a41d-27c18ba5ea1b,2026-09-25T01:01:01.425+00:00,2026-09-25T01:01:01.617+00:00,21072-30059,washers,50170050,72000000,2026-09-25 01:01:01,2026-09-25 00:19:24,29,2497.0,-757.0,,Available,website maps this code to Available
1,1b7b98bc-45e7-4563-a41d-27c18ba5ea1b,2026-09-25T01:01:01.425+00:00,2026-09-25T01:01:01.617+00:00,21072-30059,washers,50170052,72000000,2026-09-25 01:01:01,2026-09-25 00:11:14,29,2987.0,-1247.0,,Available,website maps this code to Available
1,1b7b98bc-45e7-4563-a41d-27c18ba5ea1b,2026-09-25T01:01:01.425+00:00,2026-09-25T01:01:01.617+00:00,21072-30059,washers,50170078,72000000,2026-09-25 01:01:01,2026-09-24 23:56:38,29,3863.0,-2123.0,,Available,website maps this code to Available
1,1b7b98bc-45e7-4563-a41d-27c18ba5ea1b,2026-09-25T01:01:01.425+00:00,2026-09-25T01:01:01.617+00:00,21072-30059,washers,50170084,72000000,2026-09-25 01:01:01,2026-09-24 15:48:03,29,33178.0,-31438.0,,Available,website maps this code to Available
1,1b7b98bc-45e7-4563-a41d-27c18ba5ea1b,2026-09-25T01:01:01.425+00:00,2026-09-25T01:01:01.617+00:00,21072-30059,washers,50170068,42000000,2026-09-25 01:01:01,2026-09-25 00:55:44,10,317.0,283.0,5,Running,
1,1b7b98bc-45e7-4563-a41d-27c18ba5ea1b,2026-09-25T01:01:01.425+00:00,2026-09-25T01:01:01.617+00:00,21072-30059,washers,50170072,42000000,2026-09-25 01:01:01,2026-09-25 00:24:16,43,2205.0,375.0,7,Running,
1,1b7b98bc-45e7-4563-a41d-27c18ba5ea1b,2026-09-25T01:01:01.425+00:00,2026-09-25T01:01:01.617+00:00,21072-30059,washers,20483408,72000000,2026-09-25 01:01:01,2024-12-20 00:43:32,0,55642649.0,-55642649.0,,Available,website maps this code to Available
1,1b7b98bc-45e7-4563-a41d-27c18ba5ea1b,2026-09-25T01:01:01.425+00:00,2026-09-25T01:01:01.617+00:00,21072-30059,washers,50170055,72000000,2026-09-25 01:01:01,2026-09-24 23:53:15,29,4066.0,-2326.0,,Available,website maps this code to Available
1,1b7b98bc-45e7-4563-a41d-27c18ba5ea1b,2026-09-25T01:01:01.425+00:00,2026-09-25T01:01:01.617+00:00,21072-30059,dryers,50170058,72000000,2026-09-25 01:01:01,2026-09-12 03:29:03,46,1114318.0,-1111558.0,,Available,website maps this code to Available
1,1b7b98bc-45e7-4563-a41d-27c18ba5ea1b,2026-09-25T01:01:01.425+00:00,2026-09-25T01:01:01.617+00:00,21072-30059,dryers,50170061,72000000,2026-09-25 01:01:01,2026-09-24 20:07:24,46,17617.0,-14857.0,,Available,website maps this code to Available
1,1b7b98bc-45e7-4563-a41d-27c18ba5ea1b,2026-09-25T01:01:01.425+00:00,2026-09-25T01:01:01.617+00:00,21072-30059,dryers,50170081,42000000,2026-09-25 01:01:01,2026-09-25 00:57:13,10,228.0,372.0,7,Running,
1,1b7b98bc-45e7-4563-a41d-27c18ba5ea1b,2026-09-25T01:01:01.425+00:00,2026-09-25T01:01:01.617+00:00,21072-30059,dryers,50170060,42000000,2026-09-25 01:01:01,2026-09-25 00:57:47,10,194.0,406.0,7,Running,
1,1b7b98bc-45e7-4563-a41d-27c18ba5ea1b,2026-09-25T01:01:01.425+00:00,2026-09-25T01:01:01.617+00:00,21072-30059,dryers,50170087,52000000,2026-09-25 01:01:01,2026-09-25 00:57:25,23,216.0,1164.0,,Finished,
1,1b7b98bc-45e7-4563-a41d-27c18ba5ea1b,2026-09-25T01:01:01.425+00:00,2026-09-25T01:01:01.617+00:00,21072-30059,dryers,50170064,72000000,2026-09-25 01:01:01,2026-09-24 07:02:42,46,64699.0,-61939.0,,Available,website maps this code to Available
1,1b7b98bc-45e7-4563-a41d-27c18ba5ea1b,2026-09-25T01:01:01.425+00:00,2026-09-25T01:01:01.617+00:00,21072-30059,dryers,50170065,72000000,2026-09-25 01:01:01,2026-09-25 00:46:05,46,896.0,1864.0,,Available,website maps this code to Available
1,1b7b98bc-45e7-4563-a41d-27c18ba5ea1b,2026-09-25T01:01:01.425+00:00,2026-09-25T01:01:01.617+00:00,21072-30059,dryers,50170059,72000000,2026-09-25 01:01:01,2026-09-24 15:47:57,46,33184.0,-30424.0,,Available,website maps this code to Available
1,1b7b98bc-45e7-4563-a41d-27c18ba5ea1b,2026-09-25T01:01:01.425+00:00,2026-09-25T01:01:01.617+00:00,21072-30059,dryers,50170057,72000000,2026-09-25 01:01:01,2026-09-25 00:46:30,46,871.0,1889.0,,Available,website maps this code to Available
1,1b7b98bc-45e7-4563-a41d-27c18ba5ea1b,2026-09-25T01:01:01.425+00:00,2026-09-25T01:01:01.617+00:00,21072-30059,dryers,50170062,72000000,2026-09-25 01:01:01,2026-09-25 00:45:14,46,947.0,1813.0,,Available,website maps this code to Available
1,1b7b98bc-45e7-4563-a41d-27c18ba5ea1b,2026-09-25T01:01:01.425+00:00,2026-09-25T01:01:01.617+00:00,21072-30059,dryers,50170067,72000000,2026-09-25 01:01:01,2026-09-25 01:00:01,46,60.0,2700.0,,Available,website maps this code to Available
1,1b7b98bc-45e7-4563-a41d-27c18ba5ea1b,2026-09-25T01:01:01.425+00:00,2026-09-25T01:01:01.617+00:00,21072-30059,dryers,50170074,72000000,2026-09-25 01:01:01,2026-09-25 01:00:09,46,52.0,2708.0,,Available,website maps this code to Available
1,1b7b98bc-45e7-4563-a41d-27c18ba5ea1b,2026-09-25T01:01:01.425+00:00,2026-09-25T01:01:01.617+00:00,21072-30059,dryers,50170071,42000000,2026-09-25 01:01:01,2026-09-25 00:51:53,10,548.0,52.0,1,Running,
1,1b7b98bc-45e7-4563-a41d-27c18ba5ea1b,2026-09-25T01:01:01.425+00:00,2026-09-25T01:01:01.617+00:00,21072-30059,dryers,50170054,42000000,2026-09-25 01:01:01,2026-09-25 00:22:19,53,2322.0,858.0,15,Running,
1,f20297a1-e7fc-4040-90ba-99c7488b4fac,2026-09-25T01:02:01.367+00:00,2026-09-25T01:02:01.561+00:00,21072-30059,washers,50170051,72000000,2026-09-25 01:02:01,2026-09-25 00:17:42,29,2659.0,-919.0,,Available,website maps this code to Available
1,f20297a1-e7fc-4040-90ba-99c7488b4fac,2026-09-25T01:02:01.367+00:00,2026-09-25T01:02:01.561+00:00,21072-30059,washers,50170080,72000000,2026-09-25 01:02:01,2026-09-25 00:20:13,29,2508.0,-768.0,,Available,website maps this code to Available
1,f20297a1-e7fc-4040-90ba-99c7488b4fac,2026-09-25T01:02:01.367+00:00,2026-09-25T01:02:01.561+00:00,21072-30059,washers,50170075,72000000,2026-09-25 01:02:01,2026-09-25 00:14:33,29,2848.0,-1108.0,,Available,website maps this code to Available
1,f20297a1-e7fc-4040-90ba-99c7488b4fac,2026-09-25T01:02:01.367+00:00,2026-09-25T01:02:01.561+00:00,21072-30059,washers,50170082,72000000,2026-09-25 01:02:01,2026-09-24 07:02:33,29,64768.0,-63028.0,,Available,website maps this code to Available
1,f20297a1-e7fc-4040-90ba-99c7488b4fac,2026-09-25T01:02:01.367+00:00,2026-09-25T01:02:01.561+00:00,21072-30059,washers,50170050,72000000,2026-09-25 01:02:01,2026-09-25 00:19:24,29,2557.0,-817.0,,Available,website maps this code to Available
1,f20297a1-e7fc-4040-90ba-99c7488b4fac,2026-09-25T01:02:01.367+00:00,2026-09-25T01:02:01.561+00:00,21072-30059,washers,50170052,72000000,2026-09-25 01:02:01,2026-09-25 00:11:14,29,3047.0,-1307.0,,Available,website maps this code to Available
1,f20297a1-e7fc-4040-90ba-99c7488b4fac,2026-09-25T01:02:01.367+00:00,2026-09-25T01:02:01.561+00:00,21072-30059,washers,50170078,72000000,2026-09-25 01:02:01,2026-09-24 23:56:38,29,3923.0,-2183.0,,Available,website maps this code to Available
1,f20297a1-e7fc-4040-90ba-99c7488b4fac,2026-09-25T01:02:01.367+00:00,2026-09-25T01:02:01.561+00:00,21072-30059,washers,50170084,72000000,2026-09-25 01:02:01,2026-09-24 15:48:03,29,33238.0,-31498.0,,Available,website maps this code to Available
1,f20297a1-e7fc-4040-90ba-99c7488b4fac,2026-09-25T01:02:01.367+00:00,2026-09-25T01:02:01.561+00:00,21072-30059,washers,50170068,42000000,2026-09-25 01:02:01,2026-09-25 00:55:44,10,377.0,223.0,4,Running,
1,f20297a1-e7fc-4040-90ba-99c7488b4fac,2026-09-25T01:02:01.367+00:00,2026-09-25T01:02:01.561+00:00,21072-30059,washers,50170072,42000000,2026-09-25 01:02:01,2026-09-25 00:24:16,43,2265.0,315.0,6,Running,
1,f20297a1-e7fc-4040-90ba-99c7488b4fac,2026-09-25T01:02:01.367+00:00,2026-09-25T01:02:01.561+00:00,21072-30059,washers,20483408,72000000,2026-09-25 01:02:01,2024-12-20 00:43:32,0,55642709.0,-55642709.0,,Available,website maps this code to Available
1,f20297a1-e7fc-4040-90ba-99c7488b4fac,2026-09-25T01:02:01.367+00:00,2026-09-25T01:02:01.561+00:00,21072-30059,washers,50170055,72000000,2026-09-25 01:02:01,2026-09-24 23:53:15,29,4126.0,-2386.0,,Available,website maps this code to Available
1,f20297a1-e7fc-4040-90ba-99c7488b4fac,2026-09-25T01:02:01.367+00:00,2026-09-25T01:02:01.561+00:00,21072-30059,dryers,50170058,72000000,2026-09-25 01:02:01,2026-09-12 03:29:03,46,1114378.0,-1111618.0,,Available,website maps this code to Available
1,f20297a1-e7fc-4040-90ba-99c7488b4fac,2026-09-25T01:02:01.367+00:00,2026-09-25T01:02:01.561+00:00,21072-30059,dryers,50170061,72000000,2026-09-25 01:02:01,2026-09-24 20:07:24,46,17677.0,-14917.0,,Available,website maps this code to Available
1,f20297a1-e7fc-4040-90ba-99c7488b4fac,2026-09-25T01:02:01.367+00:00,2026-09-25T01:02:01.561+00:00,21072-30059,dryers,50170081,42000000,2026-09-25 01:02:01,2026-09-25 00:57:13,10,288.0,312.0,6,Running,
1,f20297a1-e7fc-4040-90ba-99c7488b4fac,2026-09-25T01:02:01.367+00:00,2026-09-25T01:02:01.561+00:00,21072-30059,dryers,50170060,42000000,2026-09-25 01:02:01,2026-09-25 00:57:47,10,254.0,346.0,6,Running,
1,f20297a1-e7fc-4040-90ba-99c7488b4fac,2026-09-25T01:02:01.367+00:00,2026-09-25T01:02:01.561+00:00,21072-30059,dryers,50170087,52000000,2026-09-25 01:02:01,2026-09-25 00:57:25,23,276.0,1104.0,,Finished,
1,f20297a1-e7fc-4040-90ba-99c7488b4fac,2026-09-25T01:02:01.367+00:00,2026-09-25T01:02:01.561+00:00,21072-30059,dryers,50170064,72000000,2026-09-25 01:02:01,2026-09-24 07:02:42,46,64759.0,-61999.0,,Available,website maps this code to Available
1,f20297a1-e7fc-4040-90ba-99c7488b4fac,2026-09-25T01:02:01.367+00:00,2026-09-25T01:02:01.561+00:00,21072-30059,dryers,50170065,72000000,2026-09-25 01:02:01,2026-09-25 00:46:05,46,956.0,1804.0,,Available,website maps this code to Available
1,f20297a1-e7fc-4040-90ba-99c7488b4fac,2026-09-25T01:02:01.367+00:00,2026-09-25T01:02:01.561+00:00,21072-30059,dryers,50170059,72000000,2026-09-25 01:02:01,2026-09-24 15:47:57,46,33244.0,-30484.0,,Available,website maps this code to Available
1,f20297a1-e7fc-4040-90ba-99c7488b4fac,2026-09-25T01:02:01.367+00:00,2026-09-25T01:02:01.561+00:00,21072-30059,dryers,50170057,72000000,2026-09-25 01:02:01,2026-09-25 00:46:30,46,931.0,1829.0,,Available,website maps this code to Available
1,f20297a1-e7fc-4040-90ba-99c7488b4fac,2026-09-25T01:02:01.367+00:00,2026-09-25T01:02:01.561+00:00,21072-30059,dryers,50170062,72000000,2026-09-25 01:02:01,2026-09-25 00:45:14,46,1007.0,1753.0,,Available,website maps this code to Available
1,f20297a1-e7fc-4040-90ba-99c7488b4fac,2026-09-25T01:02:01.367+00:00,2026-09-25T01:02:01.561+00:00,21072-30059,dryers,50170067,72000000,2026-09-25 01:02:01,2026-09-25 01:00:01,46,120.0,2640.0,,Available,website maps this code to Available
1,f20297a1-e7fc-4040-90ba-99c7488b4fac,2026-09-25T01:02:01.367+00:00,2026-09-25T01:02:01.561+00:00,21072-30059,dryers,50170074,72000000,2026-09-25 01:02:01,2026-09-25 01:00:09,46,112.0,2648.0,,Available,website maps this code to Available
1,f20297a1-e7fc-4040-90ba-99c7488b4fac,2026-09-25T01:02:01.367+00:00,2026-09-25T01:02:01.561+00:00,21072-30059,dryers,50170071,42000000,2026-09-25 01:02:01,2026-09-25 00:51:53,10,608.0,-8.0,,Available,website fallback: countdown expired
1,f20297a1-e7fc-4040-90ba-99c7488b4fac,2026-09-25T01:02:01.367+00:00,2026-09-25T01:02:01.561+00:00,21072-30059,dryers,50170054,42000000,2026-09-25 01:02:01,2026-09-25 00:22:19,53,2382.0,798.0,14,Running,
1,977be5d3-075d-4d36-aa8c-db0ee2d9c35a,2026-09-25T01:03:01.278+00:00,2026-09-25T01:03:01.468+00:00,21072-30059,washers,50170051,72000000,2026-09-25 01:03:01,2026-09-25 00:17:42,29,2719.0,-979.0,,Available,website maps this code to Available
1,977be5d3-075d-4d36-aa8c-db0ee2d9c35a,2026-09-25T01:03:01.278+00:00,2026-09-25T01:03:01.468+00:00,21072-30059,washers,50170080,72000000,2026-09-25 01:03:01,2026-09-25 00:20:13,29,2568.0,-828.0,,Available,website maps this code to Available
1,977be5d3-075d-4d36-aa8c-db0ee2d9c35a,2026-09-25T01:03:01.278+00:00,2026-09-25T01:03:01.468+00:00,21072-30059,washers,50170075,72000000,2026-09-25 01:03:01,2026-09-25 00:14:33,29,2908.0,-1168.0,,Available,website maps this code to Available
1,977be5d3-075d-4d36-aa8c-db0ee2d9c35a,2026-09-25T01:03:01.278+00:00,2026-09-25T01:03:01.468+00:00,21072-30059,washers,50170082,72000000,2026-09-25 01:03:01,2026-09-24 07:02:33,29,64828.0,-63088.0,,Available,website maps this code to Available
1,977be5d3-075d-4d36-aa8c-db0ee2d9c35a,2026-09-25T01:03:01.278+00:00,2026-09-25T01:03:01.468+00:00,21072-30059,washers,50170050,72000000,2026-09-25 01:03:01,2026-09-25 00:19:24,29,2617.0,-877.0,,Available,website maps this code to Available
1,977be5d3-075d-4d36-aa8c-db0ee2d9c35a,2026-09-25T01:03:01.278+00:00,2026-09-25T01:03:01.468+00:00,21072-30059,washers,50170052,72000000,2026-09-25 01:03:01,2026-09-25 00:11:14,29,3107.0,-1367.0,,Available,website maps this code to Available
1,977be5d3-075d-4d36-aa8c-db0ee2d9c35a,2026-09-25T01:03:01.278+00:00,2026-09-25T01:03:01.468+00:00,21072-30059,washers,50170078,72000000,2026-09-25 01:03:01,2026-09-24 23:56:38,29,3983.0,-2243.0,,Available,website maps this code to Available
1,977be5d3-075d-4d36-aa8c-db0ee2d9c35a,2026-09-25T01:03:01.278+00:00,2026-09-25T01:03:01.468+00:00,21072-30059,washers,50170084,72000000,2026-09-25 01:03:01,2026-09-24 15:48:03,29,33298.0,-31558.0,,Available,website maps this code to Available
1,977be5d3-075d-4d36-aa8c-db0ee2d9c35a,2026-09-25T01:03:01.278+00:00,2026-09-25T01:03:01.468+00:00,21072-30059,washers,50170068,42000000,2026-09-25 01:03:01,2026-09-25 00:55:44,10,437.0,163.0,3,Running,
1,977be5d3-075d-4d36-aa8c-db0ee2d9c35a,2026-09-25T01:03:01.278+00:00,2026-09-25T01:03:01.468+00:00,21072-30059,washers,50170072,42000000,2026-09-25 01:03:01,2026-09-25 00:24:16,43,2325.0,255.0,5,Running,
1,977be5d3-075d-4d36-aa8c-db0ee2d9c35a,2026-09-25T01:03:01.278+00:00,2026-09-25T01:03:01.468+00:00,21072-30059,washers,20483408,72000000,2026-09-25 01:03:01,2024-12-20 00:43:32,0,55642769.0,-55642769.0,,Available,website maps this code to Available
1,977be5d3-075d-4d36-aa8c-db0ee2d9c35a,2026-09-25T01:03:01.278+00:00,2026-09-25T01:03:01.468+00:00,21072-30059,washers,50170055,72000000,2026-09-25 01:03:01,2026-09-24 23:53:15,29,4186.0,-2446.0,,Available,website maps this code to Available
1,977be5d3-075d-4d36-aa8c-db0ee2d9c35a,2026-09-25T01:03:01.278+00:00,2026-09-25T01:03:01.468+00:00,21072-30059,dryers,50170058,72000000,2026-09-25 01:03:01,2026-09-12 03:29:03,46,1114438.0,-1111678.0,,Available,website maps this code to Available
1,977be5d3-075d-4d36-aa8c-db0ee2d9c35a,2026-09-25T01:03:01.278+00:00,2026-09-25T01:03:01.468+00:00,21072-30059,dryers,50170061,72000000,2026-09-25 01:03:01,2026-09-24 20:07:24,46,17737.0,-14977.0,,Available,website maps this code to Available
1,977be5d3-075d-4d36-aa8c-db0ee2d9c35a,2026-09-25T01:03:01.278+00:00,2026-09-25T01:03:01.468+00:00,21072-30059,dryers,50170081,42000000,2026-09-25 01:03:01,2026-09-25 00:57:13,10,348.0,252.0,5,Running,
1,977be5d3-075d-4d36-aa8c-db0ee2d9c35a,2026-09-25T01:03:01.278+00:00,2026-09-25T01:03:01.468+00:00,21072-30059,dryers,50170060,42000000,2026-09-25 01:03:01,2026-09-25 00:57:47,10,314.0,286.0,5,Running,
1,977be5d3-075d-4d36-aa8c-db0ee2d9c35a,2026-09-25T01:03:01.278+00:00,2026-09-25T01:03:01.468+00:00,21072-30059,dryers,50170087,52000000,2026-09-25 01:03:01,2026-09-25 00:57:25,23,336.0,1044.0,,Finished,
1,977be5d3-075d-4d36-aa8c-db0ee2d9c35a,2026-09-25T01:03:01.278+00:00,2026-09-25T01:03:01.468+00:00,21072-30059,dryers,50170064,72000000,2026-09-25 01:03:01,2026-09-24 07:02:42,46,64819.0,-62059.0,,Available,website maps this code to Available
1,977be5d3-075d-4d36-aa8c-db0ee2d9c35a,2026-09-25T01:03:01.278+00:00,2026-09-25T01:03:01.468+00:00,21072-30059,dryers,50170065,72000000,2026-09-25 01:03:01,2026-09-25 00:46:05,46,1016.0,1744.0,,Available,website maps this code to Available
1,977be5d3-075d-4d36-aa8c-db0ee2d9c35a,2026-09-25T01:03:01.278+00:00,2026-09-25T01:03:01.468+00:00,21072-30059,dryers,50170059,72000000,2026-09-25 01:03:01,2026-09-24 15:47:57,46,33304.0,-30544.0,,Available,website maps this code to Available
1,977be5d3-075d-4d36-aa8c-db0ee2d9c35a,2026-09-25T01:03:01.278+00:00,2026-09-25T01:03:01.468+00:00,21072-30059,dryers,50170057,72000000,2026-09-25 01:03:01,2026-09-25 00:46:30,46,991.0,1769.0,,Available,website maps this code to Available
1,977be5d3-075d-4d36-aa8c-db0ee2d9c35a,2026-09-25T01:03:01.278+00:00,2026-09-25T01:03:01.468+00:00,21072-30059,dryers,50170062,72000000,2026-09-25 01:03:01,2026-09-25 00:45:14,46,1067.0,1693.0,,Available,website maps this code to Available
1,977be5d3-075d-4d36-aa8c-db0ee2d9c35a,2026-09-25T01:03:01.278+00:00,2026-09-25T01:03:01.468+00:00,21072-30059,dryers,50170067,72000000,2026-09-25 01:03:01,2026-09-25 01:00:01,46,180.0,2580.0,,Available,website maps this code to Available
1,977be5d3-075d-4d36-aa8c-db0ee2d9c35a,2026-09-25T01:03:01.278+00:00,2026-09-25T01:03:01.468+00:00,21072-30059,dryers,50170074,72000000,2026-09-25 01:03:01,2026-09-25 01:00:09,46,172.0,2588.0,,Available,website maps this code to Available
1,977be5d3-075d-4d36-aa8c-db0ee2d9c35a,2026-09-25T01:03:01.278+00:00,2026-09-25T01:03:01.468+00:00,21072-30059,dryers,50170071,52000000,2026-09-25 01:03:01,2026-09-25 01:02:03,23,58.0,1322.0,,Finished,
1,977be5d3-075d-4d36-aa8c-db0ee2d9c35a,2026-09-25T01:03:01.278+00:00,2026-09-25T01:03:01.468+00:00,21072-30059,dryers,50170054,42000000,2026-09-25 01:03:01,2026-09-25 00:22:19,53,2442.0,738.0,13,Running,
1,b280e0e7-9271-4341-be86-608b3d9ecc56,2026-09-25T01:04:01.278+00:00,2026-09-25T01:04:01.470+00:00,21072-30059,washers,50170051,72000000,2026-09-25 01:04:01,2026-09-25 00:17:42,29,2779.0,-1039.0,,Available,website maps this code to Available
1,b280e0e7-9271-4341-be86-608b3d9ecc56,2026-09-25T01:04:01.278+00:00,2026-09-25T01:04:01.470+00:00,21072-30059,washers,50170080,72000000,2026-09-25 01:04:01,2026-09-25 00:20:13,29,2628.0,-888.0,,Available,website maps this code to Available
1,b280e0e7-9271-4341-be86-608b3d9ecc56,2026-09-25T01:04:01.278+00:00,2026-09-25T01:04:01.470+00:00,21072-30059,washers,50170075,72000000,2026-09-25 01:04:01,2026-09-25 00:14:33,29,2968.0,-1228.0,,Available,website maps this code to Available
1,b280e0e7-9271-4341-be86-608b3d9ecc56,2026-09-25T01:04:01.278+00:00,2026-09-25T01:04:01.470+00:00,21072-30059,washers,50170082,72000000,2026-09-25 01:04:01,2026-09-24 07:02:33,29,64888.0,-63148.0,,Available,website maps this code to Available
1,b280e0e7-9271-4341-be86-608b3d9ecc56,2026-09-25T01:04:01.278+00:00,2026-09-25T01:04:01.470+00:00,21072-30059,washers,50170050,72000000,2026-09-25 01:04:01,2026-09-25 00:19:24,29,2677.0,-937.0,,Available,website maps this code to Available
1,b280e0e7-9271-4341-be86-608b3d9ecc56,2026-09-25T01:04:01.278+00:00,2026-09-25T01:04:01.470+00:00,21072-30059,washers,50170052,72000000,2026-09-25 01:04:01,2026-09-25 00:11:14,29,3167.0,-1427.0,,Available,website maps this code to Available
1,b280e0e7-9271-4341-be86-608b3d9ecc56,2026-09-25T01:04:01.278+00:00,2026-09-25T01:04:01.470+00:00,21072-30059,washers,50170078,72000000,2026-09-25 01:04:01,2026-09-24 23:56:38,29,4043.0,-2303.0,,Available,website maps this code to Available
1,b280e0e7-9271-4341-be86-608b3d9ecc56,2026-09-25T01:04:01.278+00:00,2026-09-25T01:04:01.470+00:00,21072-30059,washers,50170084,72000000,2026-09-25 01:04:01,2026-09-24 15:48:03,29,33358.0,-31618.0,,Available,website maps this code to Available
1,b280e0e7-9271-4341-be86-608b3d9ecc56,2026-09-25T01:04:01.278+00:00,2026-09-25T01:04:01.470+00:00,21072-30059,washers,50170068,42000000,2026-09-25 01:04:01,2026-09-25 00:55:44,10,497.0,103.0,2,Running,
1,b280e0e7-9271-4341-be86-608b3d9ecc56,2026-09-25T01:04:01.278+00:00,2026-09-25T01:04:01.470+00:00,21072-30059,washers,50170072,42000000,2026-09-25 01:04:01,2026-09-25 00:24:16,43,2385.0,195.0,4,Running,
1,b280e0e7-9271-4341-be86-608b3d9ecc56,2026-09-25T01:04:01.278+00:00,2026-09-25T01:04:01.470+00:00,21072-30059,washers,20483408,72000000,2026-09-25 01:04:01,2024-12-20 00:43:32,0,55642829.0,-55642829.0,,Available,website maps this code to Available
1,b280e0e7-9271-4341-be86-608b3d9ecc56,2026-09-25T01:04:01.278+00:00,2026-09-25T01:04:01.470+00:00,21072-30059,washers,50170055,72000000,2026-09-25 01:04:01,2026-09-24 23:53:15,29,4246.0,-2506.0,,Available,website maps this code to Available
1,b280e0e7-9271-4341-be86-608b3d9ecc56,2026-09-25T01:04:01.278+00:00,2026-09-25T01:04:01.470+00:00,21072-30059,dryers,50170058,72000000,2026-09-25 01:04:01,2026-09-12 03:29:03,46,1114498.0,-1111738.0,,Available,website maps this code to Available
1,b280e0e7-9271-4341-be86-608b3d9ecc56,2026-09-25T01:04:01.278+00:00,2026-09-25T01:04:01.470+00:00,21072-30059,dryers,50170061,72000000,2026-09-25 01:04:01,2026-09-24 20:07:24,46,17797.0,-15037.0,,Available,website maps this code to Available
1,b280e0e7-9271-4341-be86-608b3d9ecc56,2026-09-25T01:04:01.278+00:00,2026-09-25T01:04:01.470+00:00,21072-30059,dryers,50170081,42000000,2026-09-25 01:04:01,2026-09-25 00:57:13,10,408.0,192.0,4,Running,
1,b280e0e7-9271-4341-be86-608b3d9ecc56,2026-09-25T01:04:01.278+00:00,2026-09-25T01:04:01.470+00:00,21072-30059,dryers,50170060,42000000,2026-09-25 01:04:01,2026-09-25 00:57:47,10,374.0,226.0,4,Running,
1,b280e0e7-9271-4341-be86-608b3d9ecc56,2026-09-25T01:04:01.278+00:00,2026-09-25T01:04:01.470+00:00,21072-30059,dryers,50170087,52000000,2026-09-25 01:04:01,2026-09-25 00:57:25,23,396.0,984.0,,Finished,
1,b280e0e7-9271-4341-be86-608b3d9ecc56,2026-09-25T01:04:01.278+00:00,2026-09-25T01:04:01.470+00:00,21072-30059,dryers,50170064,72000000,2026-09-25 01:04:01,2026-09-24 07:02:42,46,64879.0,-62119.0,,Available,website maps this code to Available
1,b280e0e7-9271-4341-be86-608b3d9ecc56,2026-09-25T01:04:01.278+00:00,2026-09-25T01:04:01.470+00:00,21072-30059,dryers,50170065,72000000,2026-09-25 01:04:01,2026-09-25 00:46:05,46,1076.0,1684.0,,Available,website maps this code to Available
1,b280e0e7-9271-4341-be86-608b3d9ecc56,2026-09-25T01:04:01.278+00:00,2026-09-25T01:04:01.470+00:00,21072-30059,dryers,50170059,72000000,2026-09-25 01:04:01,2026-09-24 15:47:57,46,33364.0,-30604.0,,Available,website maps this code to Available
1,b280e0e7-9271-4341-be86-608b3d9ecc56,2026-09-25T01:04:01.278+00:00,2026-09-25T01:04:01.470+00:00,21072-30059,dryers,50170057,72000000,2026-09-25 01:04:01,2026-09-25 00:46:30,46,1051.0,1709.0,,Available,website maps this code to Available
1,b280e0e7-9271-4341-be86-608b3d9ecc56,2026-09-25T01:04:01.278+00:00,2026-09-25T01:04:01.470+00:00,21072-30059,dryers,50170062,72000000,2026-09-25 01:04:01,2026-09-25 00:45:14,46,1127.0,1633.0,,Available,website maps this code to Available
1,b280e0e7-9271-4341-be86-608b3d9ecc56,2026-09-25T01:04:01.278+00:00,2026-09-25T01:04:01.470+00:00,21072-30059,dryers,50170067,72000000,2026-09-25 01:04:01,2026-09-25 01:00:01,46,240.0,2520.0,,Available,website maps this code to Available
1,b280e0e7-9271-4341-be86-608b3d9ecc56,2026-09-25T01:04:01.278+00:00,2026-09-25T01:04:01.470+00:00,21072-30059,dryers,50170074,72000000,2026-09-25 01:04:01,2026-09-25 01:00:09,46,232.0,2528.0,,Available,website maps this code to Available
1,b280e0e7-9271-4341-be86-608b3d9ecc56,2026-09-25T01:04:01.278+00:00,2026-09-25T01:04:01.470+00:00,21072-30059,dryers,50170071,52000000,2026-09-25 01:04:01,2026-09-25 01:02:03,23,118.0,1262.0,,Finished,
1,b280e0e7-9271-4341-be86-608b3d9ecc56,2026-09-25T01:04:01.278+00:00,2026-09-25T01:04:01.470+00:00,21072-30059,dryers,50170054,42000000,2026-09-25 01:04:01,2026-09-25 01:03:54,10,7.0,593.0,10,Running,
1,3dcbb2cd-3309-447c-9c3f-3fae6f9f4ff7,2026-09-25T01:05:01.280+00:00,2026-09-25T01:05:01.464+00:00,21072-30059,washers,50170051,72000000,2026-09-25 01:05:01,2026-09-25 00:17:42,29,2839.0,-1099.0,,Available,website maps this code to Available
1,3dcbb2cd-3309-447c-9c3f-3fae6f9f4ff7,2026-09-25T01:05:01.280+00:00,2026-09-25T01:05:01.464+00:00,21072-30059,washers,50170080,72000000,2026-09-25 01:05:01,2026-09-25 00:20:13,29,2688.0,-948.0,,Available,website maps this code to Available
1,3dcbb2cd-3309-447c-9c3f-3fae6f9f4ff7,2026-09-25T01:05:01.280+00:00,2026-09-25T01:05:01.464+00:00,21072-30059,washers,50170075,72000000,2026-09-25 01:05:01,2026-09-25 00:14:33,29,3028.0,-1288.0,,Available,website maps this code to Available
1,3dcbb2cd-3309-447c-9c3f-3fae6f9f4ff7,2026-09-25T01:05:01.280+00:00,2026-09-25T01:05:01.464+00:00,21072-30059,washers,50170082,72000000,2026-09-25 01:05:01,2026-09-24 07:02:33,29,64948.0,-63208.0,,Available,website maps this code to Available
1,3dcbb2cd-3309-447c-9c3f-3fae6f9f4ff7,2026-09-25T01:05:01.280+00:00,2026-09-25T01:05:01.464+00:00,21072-30059,washers,50170050,72000000,2026-09-25 01:05:01,2026-09-25 00:19:24,29,2737.0,-997.0,,Available,website maps this code to Available
1,3dcbb2cd-3309-447c-9c3f-3fae6f9f4ff7,2026-09-25T01:05:01.280+00:00,2026-09-25T01:05:01.464+00:00,21072-30059,washers,50170052,72000000,2026-09-25 01:05:01,2026-09-25 00:11:14,29,3227.0,-1487.0,,Available,website maps this code to Available
1,3dcbb2cd-3309-447c-9c3f-3fae6f9f4ff7,2026-09-25T01:05:01.280+00:00,2026-09-25T01:05:01.464+00:00,21072-30059,washers,50170078,72000000,2026-09-25 01:05:01,2026-09-24 23:56:38,29,4103.0,-2363.0,,Available,website maps this code to Available
1,3dcbb2cd-3309-447c-9c3f-3fae6f9f4ff7,2026-09-25T01:05:01.280+00:00,2026-09-25T01:05:01.464+00:00,21072-30059,washers,50170084,72000000,2026-09-25 01:05:01,2026-09-24 15:48:03,29,33418.0,-31678.0,,Available,website maps this code to Available
1,3dcbb2cd-3309-447c-9c3f-3fae6f9f4ff7,2026-09-25T01:05:01.280+00:00,2026-09-25T01:05:01.464+00:00,21072-30059,washers,50170068,42000000,2026-09-25 01:05:01,2026-09-25 00:55:44,10,557.0,43.0,1,Running,
1,3dcbb2cd-3309-447c-9c3f-3fae6f9f4ff7,2026-09-25T01:05:01.280+00:00,2026-09-25T01:05:01.464+00:00,21072-30059,washers,50170072,42000000,2026-09-25 01:05:01,2026-09-25 00:24:16,43,2445.0,135.0,3,Running,
1,3dcbb2cd-3309-447c-9c3f-3fae6f9f4ff7,2026-09-25T01:05:01.280+00:00,2026-09-25T01:05:01.464+00:00,21072-30059,washers,20483408,72000000,2026-09-25 01:05:01,2024-12-20 00:43:32,0,55642889.0,-55642889.0,,Available,website maps this code to Available
1,3dcbb2cd-3309-447c-9c3f-3fae6f9f4ff7,2026-09-25T01:05:01.280+00:00,2026-09-25T01:05:01.464+00:00,21072-30059,washers,50170055,72000000,2026-09-25 01:05:01,2026-09-24 23:53:15,29,4306.0,-2566.0,,Available,website maps this code to Available
1,3dcbb2cd-3309-447c-9c3f-3fae6f9f4ff7,2026-09-25T01:05:01.280+00:00,2026-09-25T01:05:01.464+00:00,21072-30059,dryers,50170058,72000000,2026-09-25 01:05:01,2026-09-12 03:29:03,46,1114558.0,-1111798.0,,Available,website maps this code to Available
1,3dcbb2cd-3309-447c-9c3f-3fae6f9f4ff7,2026-09-25T01:05:01.280+00:00,2026-09-25T01:05:01.464+00:00,21072-30059,dryers,50170061,72000000,2026-09-25 01:05:01,2026-09-24 20:07:24,46,17857.0,-15097.0,,Available,website maps this code to Available
1,3dcbb2cd-3309-447c-9c3f-3fae6f9f4ff7,2026-09-25T01:05:01.280+00:00,2026-09-25T01:05:01.464+00:00,21072-30059,dryers,50170081,42000000,2026-09-25 01:05:01,2026-09-25 00:57:13,10,468.0,132.0,3,Running,
1,3dcbb2cd-3309-447c-9c3f-3fae6f9f4ff7,2026-09-25T01:05:01.280+00:00,2026-09-25T01:05:01.464+00:00,21072-30059,dryers,50170060,42000000,2026-09-25 01:05:01,2026-09-25 00:57:47,10,434.0,166.0,3,Running,
1,3dcbb2cd-3309-447c-9c3f-3fae6f9f4ff7,2026-09-25T01:05:01.280+00:00,2026-09-25T01:05:01.464+00:00,21072-30059,dryers,50170087,52000000,2026-09-25 01:05:01,2026-09-25 00:57:25,23,456.0,924.0,,Finished,
1,3dcbb2cd-3309-447c-9c3f-3fae6f9f4ff7,2026-09-25T01:05:01.280+00:00,2026-09-25T01:05:01.464+00:00,21072-30059,dryers,50170064,72000000,2026-09-25 01:05:01,2026-09-24 07:02:42,46,64939.0,-62179.0,,Available,website maps this code to Available
1,3dcbb2cd-3309-447c-9c3f-3fae6f9f4ff7,2026-09-25T01:05:01.280+00:00,2026-09-25T01:05:01.464+00:00,21072-30059,dryers,50170065,72000000,2026-09-25 01:05:01,2026-09-25 00:46:05,46,1136.0,1624.0,,Available,website maps this code to Available
1,3dcbb2cd-3309-447c-9c3f-3fae6f9f4ff7,2026-09-25T01:05:01.280+00:00,2026-09-25T01:05:01.464+00:00,21072-30059,dryers,50170059,72000000,2026-09-25 01:05:01,2026-09-24 15:47:57,46,33424.0,-30664.0,,Available,website maps this code to Available
1,3dcbb2cd-3309-447c-9c3f-3fae6f9f4ff7,2026-09-25T01:05:01.280+00:00,2026-09-25T01:05:01.464+00:00,21072-30059,dryers,50170057,72000000,2026-09-25 01:05:01,2026-09-25 00:46:30,46,1111.0,1649.0,,Available,website maps this code to Available
1,3dcbb2cd-3309-447c-9c3f-3fae6f9f4ff7,2026-09-25T01:05:01.280+00:00,2026-09-25T01:05:01.464+00:00,21072-30059,dryers,50170062,72000000,2026-09-25 01:05:01,2026-09-25 00:45:14,46,1187.0,1573.0,,Available,website maps this code to Available
1,3dcbb2cd-3309-447c-9c3f-3fae6f9f4ff7,2026-09-25T01:05:01.280+00:00,2026-09-25T01:05:01.464+00:00,21072-30059,dryers,50170067,72000000,2026-09-25 01:05:01,2026-09-25 01:00:01,46,300.0,2460.0,,Available,website maps this code to Available
1,3dcbb2cd-3309-447c-9c3f-3fae6f9f4ff7,2026-09-25T01:05:01.280+00:00,2026-09-25T01:05:01.464+00:00,21072-30059,dryers,50170074,72000000,2026-09-25 01:05:01,2026-09-25 01:00:09,46,292.0,2468.0,,Available,website maps this code to Available
1,3dcbb2cd-3309-447c-9c3f-3fae6f9f4ff7,2026-09-25T01:05:01.280+00:00,2026-09-25T01:05:01.464+00:00,21072-30059,dryers,50170071,52000000,2026-09-25 01:05:01,2026-09-25 01:02:03,23,178.0,1202.0,,Finished,
1,3dcbb2cd-3309-447c-9c3f-3fae6f9f4ff7,2026-09-25T01:05:01.280+00:00,2026-09-25T01:05:01.464+00:00,21072-30059,dryers,50170054,42000000,2026-09-25 01:05:01,2026-09-25 01:03:54,10,67.0,533.0,9,Running,
1,9e8671cb-72a8-4f8c-8d94-7b29c9b62cd3,2026-09-25T01:06:01.321+00:00,2026-09-25T01:06:01.530+00:00,21072-30059,washers,50170051,72000000,2026-09-25 01:06:01,2026-09-25 00:17:42,29,2899.0,-1159.0,,Available,website maps this code to Available
1,9e8671cb-72a8-4f8c-8d94-7b29c9b62cd3,2026-09-25T01:06:01.321+00:00,2026-09-25T01:06:01.530+00:00,21072-30059,washers,50170080,72000000,2026-09-25 01:06:01,2026-09-25 00:20:13,29,2748.0,-1008.0,,Available,website maps this code to Available
1,9e8671cb-72a8-4f8c-8d94-7b29c9b62cd3,2026-09-25T01:06:01.321+00:00,2026-09-25T01:06:01.530+00:00,21072-30059,washers,50170075,72000000,2026-09-25 01:06:01,2026-09-25 00:14:33,29,3088.0,-1348.0,,Available,website maps this code to Available
1,9e8671cb-72a8-4f8c-8d94-7b29c9b62cd3,2026-09-25T01:06:01.321+00:00,2026-09-25T01:06:01.530+00:00,21072-30059,washers,50170082,72000000,2026-09-25 01:06:01,2026-09-24 07:02:33,29,65008.0,-63268.0,,Available,website maps this code to Available
1,9e8671cb-72a8-4f8c-8d94-7b29c9b62cd3,2026-09-25T01:06:01.321+00:00,2026-09-25T01:06:01.530+00:00,21072-30059,washers,50170050,72000000,2026-09-25 01:06:01,2026-09-25 00:19:24,29,2797.0,-1057.0,,Available,website maps this code to Available
1,9e8671cb-72a8-4f8c-8d94-7b29c9b62cd3,2026-09-25T01:06:01.321+00:00,2026-09-25T01:06:01.530+00:00,21072-30059,washers,50170052,72000000,2026-09-25 01:06:01,2026-09-25 00:11:14,29,3287.0,-1547.0,,Available,website maps this code to Available
1,9e8671cb-72a8-4f8c-8d94-7b29c9b62cd3,2026-09-25T01:06:01.321+00:00,2026-09-25T01:06:01.530+00:00,21072-30059,washers,50170078,72000000,2026-09-25 01:06:01,2026-09-24 23:56:38,29,4163.0,-2423.0,,Available,website maps this code to Available
1,9e8671cb-72a8-4f8c-8d94-7b29c9b62cd3,2026-09-25T01:06:01.321+00:00,2026-09-25T01:06:01.530+00:00,21072-30059,washers,50170084,72000000,2026-09-25 01:06:01,2026-09-24 15:48:03,29,33478.0,-31738.0,,Available,website maps this code to Available
1,9e8671cb-72a8-4f8c-8d94-7b29c9b62cd3,2026-09-25T01:06:01.321+00:00,2026-09-25T01:06:01.530+00:00,21072-30059,washers,50170068,52000000,2026-09-25 01:06:01,2026-09-25 01:05:54,29,7.0,1733.0,,Finished,
1,9e8671cb-72a8-4f8c-8d94-7b29c9b62cd3,2026-09-25T01:06:01.321+00:00,2026-09-25T01:06:01.530+00:00,21072-30059,washers,50170072,42000000,2026-09-25 01:06:01,2026-09-25 00:24:16,43,2505.0,75.0,2,Running,
1,9e8671cb-72a8-4f8c-8d94-7b29c9b62cd3,2026-09-25T01:06:01.321+00:00,2026-09-25T01:06:01.530+00:00,21072-30059,washers,20483408,72000000,2026-09-25 01:06:01,2024-12-20 00:43:32,0,55642949.0,-55642949.0,,Available,website maps this code to Available
1,9e8671cb-72a8-4f8c-8d94-7b29c9b62cd3,2026-09-25T01:06:01.321+00:00,2026-09-25T01:06:01.530+00:00,21072-30059,washers,50170055,72000000,2026-09-25 01:06:01,2026-09-24 23:53:15,29,4366.0,-2626.0,,Available,website maps this code to Available
1,9e8671cb-72a8-4f8c-8d94-7b29c9b62cd3,2026-09-25T01:06:01.321+00:00,2026-09-25T01:06:01.530+00:00,21072-30059,dryers,50170058,72000000,2026-09-25 01:06:01,2026-09-12 03:29:03,46,1114618.0,-1111858.0,,Available,website maps this code to Available
1,9e8671cb-72a8-4f8c-8d94-7b29c9b62cd3,2026-09-25T01:06:01.321+00:00,2026-09-25T01:06:01.530+00:00,21072-30059,dryers,50170061,72000000,2026-09-25 01:06:01,2026-09-24 20:07:24,46,17917.0,-15157.0,,Available,website maps this code to Available
1,9e8671cb-72a8-4f8c-8d94-7b29c9b62cd3,2026-09-25T01:06:01.321+00:00,2026-09-25T01:06:01.530+00:00,21072-30059,dryers,50170081,42000000,2026-09-25 01:06:01,2026-09-25 00:57:13,10,528.0,72.0,2,Running,
1,9e8671cb-72a8-4f8c-8d94-7b29c9b62cd3,2026-09-25T01:06:01.321+00:00,2026-09-25T01:06:01.530+00:00,21072-30059,dryers,50170060,42000000,2026-09-25 01:06:01,2026-09-25 00:57:47,10,494.0,106.0,2,Running,
1,9e8671cb-72a8-4f8c-8d94-7b29c9b62cd3,2026-09-25T01:06:01.321+00:00,2026-09-25T01:06:01.530+00:00,21072-30059,dryers,50170087,52000000,2026-09-25 01:06:01,2026-09-25 00:57:25,23,516.0,864.0,,Finished,
1,9e8671cb-72a8-4f8c-8d94-7b29c9b62cd3,2026-09-25T01:06:01.321+00:00,2026-09-25T01:06:01.530+00:00,21072-30059,dryers,50170064,72000000,2026-09-25 01:06:01,2026-09-24 07:02:42,46,64999.0,-62239.0,,Available,website maps this code to Available
1,9e8671cb-72a8-4f8c-8d94-7b29c9b62cd3,2026-09-25T01:06:01.321+00:00,2026-09-25T01:06:01.530+00:00,21072-30059,dryers,50170065,72000000,2026-09-25 01:06:01,2026-09-25 00:46:05,46,1196.0,1564.0,,Available,website maps this code to Available
1,9e8671cb-72a8-4f8c-8d94-7b29c9b62cd3,2026-09-25T01:06:01.321+00:00,2026-09-25T01:06:01.530+00:00,21072-30059,dryers,50170059,72000000,2026-09-25 01:06:01,2026-09-24 15:47:57,46,33484.0,-30724.0,,Available,website maps this code to Available
1,9e8671cb-72a8-4f8c-8d94-7b29c9b62cd3,2026-09-25T01:06:01.321+00:00,2026-09-25T01:06:01.530+00:00,21072-30059,dryers,50170057,72000000,2026-09-25 01:06:01,2026-09-25 00:46:30,46,1171.0,1589.0,,Available,website maps this code to Available
1,9e8671cb-72a8-4f8c-8d94-7b29c9b62cd3,2026-09-25T01:06:01.321+00:00,2026-09-25T01:06:01.530+00:00,21072-30059,dryers,50170062,72000000,2026-09-25 01:06:01,2026-09-25 00:45:14,46,1247.0,1513.0,,Available,website maps this code to Available
1,9e8671cb-72a8-4f8c-8d94-7b29c9b62cd3,2026-09-25T01:06:01.321+00:00,2026-09-25T01:06:01.530+00:00,21072-30059,dryers,50170067,72000000,2026-09-25 01:06:01,2026-09-25 01:00:01,46,360.0,2400.0,,Available,website maps this code to Available
1,9e8671cb-72a8-4f8c-8d94-7b29c9b62cd3,2026-09-25T01:06:01.321+00:00,2026-09-25T01:06:01.530+00:00,21072-30059,dryers,50170074,72000000,2026-09-25 01:06:01,2026-09-25 01:00:09,46,352.0,2408.0,,Available,website maps this code to Available
1,9e8671cb-72a8-4f8c-8d94-7b29c9b62cd3,2026-09-25T01:06:01.321+00:00,2026-09-25T01:06:01.530+00:00,21072-30059,dryers,50170071,52000000,2026-09-25 01:06:01,2026-09-25 01:02:03,23,238.0,1142.0,,Finished,
1,9e8671cb-72a8-4f8c-8d94-7b29c9b62cd3,2026-09-25T01:06:01.321+00:00,2026-09-25T01:06:01.530+00:00,21072-30059,dryers,50170054,42000000,2026-09-25 01:06:01,2026-09-25 01:03:54,10,127.0,473.0,8,Running,
1,0804c6e7-fbc1-4ae3-8e9c-9a8a95827fd5,2026-09-25T01:07:01.302+00:00,2026-09-25T01:07:01.479+00:00,21072-30059,washers,50170051,72000000,2026-09-25 01:07:01,2026-09-25 00:17:42,29,2959.0,-1219.0,,Available,website maps this code to Available
1,0804c6e7-fbc1-4ae3-8e9c-9a8a95827fd5,2026-09-25T01:07:01.302+00:00,2026-09-25T01:07:01.479+00:00,21072-30059,washers,50170080,72000000,2026-09-25 01:07:01,2026-09-25 00:20:13,29,2808.0,-1068.0,,Available,website maps this code to Available
1,0804c6e7-fbc1-4ae3-8e9c-9a8a95827fd5,2026-09-25T01:07:01.302+00:00,2026-09-25T01:07:01.479+00:00,21072-30059,washers,50170075,72000000,2026-09-25 01:07:01,2026-09-25 00:14:33,29,3148.0,-1408.0,,Available,website maps this code to Available
1,0804c6e7-fbc1-4ae3-8e9c-9a8a95827fd5,2026-09-25T01:07:01.302+00:00,2026-09-25T01:07:01.479+00:00,21072-30059,washers,50170082,72000000,2026-09-25 01:07:01,2026-09-24 07:02:33,29,65068.0,-63328.0,,Available,website maps this code to Available
1,0804c6e7-fbc1-4ae3-8e9c-9a8a95827fd5,2026-09-25T01:07:01.302+00:00,2026-09-25T01:07:01.479+00:00,21072-30059,washers,50170050,72000000,2026-09-25 01:07:01,2026-09-25 00:19:24,29,2857.0,-1117.0,,Available,website maps this code to Available
1,0804c6e7-fbc1-4ae3-8e9c-9a8a95827fd5,2026-09-25T01:07:01.302+00:00,2026-09-25T01:07:01.479+00:00,21072-30059,washers,50170052,72000000,2026-09-25 01:07:01,2026-09-25 00:11:14,29,3347.0,-1607.0,,Available,website maps this code to Available
1,0804c6e7-fbc1-4ae3-8e9c-9a8a95827fd5,2026-09-25T01:07:01.302+00:00,2026-09-25T01:07:01.479+00:00,21072-30059,washers,50170078,72000000,2026-09-25 01:07:01,2026-09-24 23:56:38,29,4223.0,-2483.0,,Available,website maps this code to Available
1,0804c6e7-fbc1-4ae3-8e9c-9a8a95827fd5,2026-09-25T01:07:01.302+00:00,2026-09-25T01:07:01.479+00:00,21072-30059,washers,50170084,72000000,2026-09-25 01:07:01,2026-09-24 15:48:03,29,33538.0,-31798.0,,Available,website maps this code to Available
1,0804c6e7-fbc1-4ae3-8e9c-9a8a95827fd5,2026-09-25T01:07:01.302+00:00,2026-09-25T01:07:01.479+00:00,21072-30059,washers,50170068,52000000,2026-09-25 01:07:01,2026-09-25 01:05:54,29,67.0,1673.0,,Finished,
1,0804c6e7-fbc1-4ae3-8e9c-9a8a95827fd5,2026-09-25T01:07:01.302+00:00,2026-09-25T01:07:01.479+00:00,21072-30059,washers,50170072,42000000,2026-09-25 01:07:01,2026-09-25 00:24:16,43,2565.0,15.0,1,Running,
1,0804c6e7-fbc1-4ae3-8e9c-9a8a95827fd5,2026-09-25T01:07:01.302+00:00,2026-09-25T01:07:01.479+00:00,21072-30059,washers,20483408,72000000,2026-09-25 01:07:01,2024-12-20 00:43:32,0,55643009.0,-55643009.0,,Available,website maps this code to Available
1,0804c6e7-fbc1-4ae3-8e9c-9a8a95827fd5,2026-09-25T01:07:01.302+00:00,2026-09-25T01:07:01.479+00:00,21072-30059,washers,50170055,72000000,2026-09-25 01:07:01,2026-09-24 23:53:15,29,4426.0,-2686.0,,Available,website maps this code to Available
1,0804c6e7-fbc1-4ae3-8e9c-9a8a95827fd5,2026-09-25T01:07:01.302+00:00,2026-09-25T01:07:01.479+00:00,21072-30059,dryers,50170058,72000000,2026-09-25 01:07:01,2026-09-12 03:29:03,46,1114678.0,-1111918.0,,Available,website maps this code to Available
1,0804c6e7-fbc1-4ae3-8e9c-9a8a95827fd5,2026-09-25T01:07:01.302+00:00,2026-09-25T01:07:01.479+00:00,21072-30059,dryers,50170061,72000000,2026-09-25 01:07:01,2026-09-24 20:07:24,46,17977.0,-15217.0,,Available,website maps this code to Available
1,0804c6e7-fbc1-4ae3-8e9c-9a8a95827fd5,2026-09-25T01:07:01.302+00:00,2026-09-25T01:07:01.479+00:00,21072-30059,dryers,50170081,52000000,2026-09-25 01:07:01,2026-09-25 01:06:23,23,38.0,1342.0,,Finished,
1,0804c6e7-fbc1-4ae3-8e9c-9a8a95827fd5,2026-09-25T01:07:01.302+00:00,2026-09-25T01:07:01.479+00:00,21072-30059,dryers,50170060,42000000,2026-09-25 01:07:01,2026-09-25 00:57:47,10,554.0,46.0,1,Running,
1,0804c6e7-fbc1-4ae3-8e9c-9a8a95827fd5,2026-09-25T01:07:01.302+00:00,2026-09-25T01:07:01.479+00:00,21072-30059,dryers,50170087,52000000,2026-09-25 01:07:01,2026-09-25 00:57:25,23,576.0,804.0,,Finished,
1,0804c6e7-fbc1-4ae3-8e9c-9a8a95827fd5,2026-09-25T01:07:01.302+00:00,2026-09-25T01:07:01.479+00:00,21072-30059,dryers,50170064,72000000,2026-09-25 01:07:01,2026-09-24 07:02:42,46,65059.0,-62299.0,,Available,website maps this code to Available
1,0804c6e7-fbc1-4ae3-8e9c-9a8a95827fd5,2026-09-25T01:07:01.302+00:00,2026-09-25T01:07:01.479+00:00,21072-30059,dryers,50170065,72000000,2026-09-25 01:07:01,2026-09-25 00:46:05,46,1256.0,1504.0,,Available,website maps this code to Available
1,0804c6e7-fbc1-4ae3-8e9c-9a8a95827fd5,2026-09-25T01:07:01.302+00:00,2026-09-25T01:07:01.479+00:00,21072-30059,dryers,50170059,72000000,2026-09-25 01:07:01,2026-09-24 15:47:57,46,33544.0,-30784.0,,Available,website maps this code to Available
1,0804c6e7-fbc1-4ae3-8e9c-9a8a95827fd5,2026-09-25T01:07:01.302+00:00,2026-09-25T01:07:01.479+00:00,21072-30059,dryers,50170057,72000000,2026-09-25 01:07:01,2026-09-25 00:46:30,46,1231.0,1529.0,,Available,website maps this code to Available
1,0804c6e7-fbc1-4ae3-8e9c-9a8a95827fd5,2026-09-25T01:07:01.302+00:00,2026-09-25T01:07:01.479+00:00,21072-30059,dryers,50170062,72000000,2026-09-25 01:07:01,2026-09-25 00:45:14,46,1307.0,1453.0,,Available,website maps this code to Available
1,0804c6e7-fbc1-4ae3-8e9c-9a8a95827fd5,2026-09-25T01:07:01.302+00:00,2026-09-25T01:07:01.479+00:00,21072-30059,dryers,50170067,72000000,2026-09-25 01:07:01,2026-09-25 01:00:01,46,420.0,2340.0,,Available,website maps this code to Available
1,0804c6e7-fbc1-4ae3-8e9c-9a8a95827fd5,2026-09-25T01:07:01.302+00:00,2026-09-25T01:07:01.479+00:00,21072-30059,dryers,50170074,72000000,2026-09-25 01:07:01,2026-09-25 01:00:09,46,412.0,2348.0,,Available,website maps this code to Available
1,0804c6e7-fbc1-4ae3-8e9c-9a8a95827fd5,2026-09-25T01:07:01.302+00:00,2026-09-25T01:07:01.479+00:00,21072-30059,dryers,50170071,52000000,2026-09-25 01:07:01,2026-09-25 01:02:03,23,298.0,1082.0,,Finished,
1,0804c6e7-fbc1-4ae3-8e9c-9a8a95827fd5,2026-09-25T01:07:01.302+00:00,2026-09-25T01:07:01.479+00:00,21072-30059,dryers,50170054,42000000,2026-09-25 01:07:01,2026-09-25 01:03:54,10,187.0,413.0,7,Running,
1,ad5dc87e-5494-47fa-b94e-56ec5c1629e2,2026-09-25T01:08:01.341+00:00,2026-09-25T01:08:01.548+00:00,21072-30059,washers,50170051,72000000,2026-09-25 01:08:01,2026-09-25 00:17:42,29,3019.0,-1279.0,,Available,website maps this code to Available
1,ad5dc87e-5494-47fa-b94e-56ec5c1629e2,2026-09-25T01:08:01.341+00:00,2026-09-25T01:08:01.548+00:00,21072-30059,washers,50170080,72000000,2026-09-25 01:08:01,2026-09-25 00:20:13,29,2868.0,-1128.0,,Available,website maps this code to Available
1,ad5dc87e-5494-47fa-b94e-56ec5c1629e2,2026-09-25T01:08:01.341+00:00,2026-09-25T01:08:01.548+00:00,21072-30059,washers,50170075,72000000,2026-09-25 01:08:01,2026-09-25 00:14:33,29,3208.0,-1468.0,,Available,website maps this code to Available
1,ad5dc87e-5494-47fa-b94e-56ec5c1629e2,2026-09-25T01:08:01.341+00:00,2026-09-25T01:08:01.548+00:00,21072-30059,washers,50170082,72000000,2026-09-25 01:08:01,2026-09-24 07:02:33,29,65128.0,-63388.0,,Available,website maps this code to Available
1,ad5dc87e-5494-47fa-b94e-56ec5c1629e2,2026-09-25T01:08:01.341+00:00,2026-09-25T01:08:01.548+00:00,21072-30059,washers,50170050,72000000,2026-09-25 01:08:01,2026-09-25 00:19:24,29,2917.0,-1177.0,,Available,website maps this code to Available
1,ad5dc87e-5494-47fa-b94e-56ec5c1629e2,2026-09-25T01:08:01.341+00:00,2026-09-25T01:08:01.548+00:00,21072-30059,washers,50170052,72000000,2026-09-25 01:08:01,2026-09-25 00:11:14,29,3407.0,-1667.0,,Available,website maps this code to Available
1,ad5dc87e-5494-47fa-b94e-56ec5c1629e2,2026-09-25T01:08:01.341+00:00,2026-09-25T01:08:01.548+00:00,21072-30059,washers,50170078,72000000,2026-09-25 01:08:01,2026-09-24 23:56:38,29,4283.0,-2543.0,,Available,website maps this code to Available
1,ad5dc87e-5494-47fa-b94e-56ec5c1629e2,2026-09-25T01:08:01.341+00:00,2026-09-25T01:08:01.548+00:00,21072-30059,washers,50170084,72000000,2026-09-25 01:08:01,2026-09-24 15:48:03,29,33598.0,-31858.0,,Available,website maps this code to Available
1,ad5dc87e-5494-47fa-b94e-56ec5c1629e2,2026-09-25T01:08:01.341+00:00,2026-09-25T01:08:01.548+00:00,21072-30059,washers,50170068,52000000,2026-09-25 01:08:01,2026-09-25 01:05:54,29,127.0,1613.0,,Finished,
1,ad5dc87e-5494-47fa-b94e-56ec5c1629e2,2026-09-25T01:08:01.341+00:00,2026-09-25T01:08:01.548+00:00,21072-30059,washers,50170072,42000000,2026-09-25 01:08:01,2026-09-25 00:24:16,43,2625.0,-45.0,,Available,website fallback: countdown expired
1,ad5dc87e-5494-47fa-b94e-56ec5c1629e2,2026-09-25T01:08:01.341+00:00,2026-09-25T01:08:01.548+00:00,21072-30059,washers,20483408,72000000,2026-09-25 01:08:01,2024-12-20 00:43:32,0,55643069.0,-55643069.0,,Available,website maps this code to Available
1,ad5dc87e-5494-47fa-b94e-56ec5c1629e2,2026-09-25T01:08:01.341+00:00,2026-09-25T01:08:01.548+00:00,21072-30059,washers,50170055,72000000,2026-09-25 01:08:01,2026-09-24 23:53:15,29,4486.0,-2746.0,,Available,website maps this code to Available
1,ad5dc87e-5494-47fa-b94e-56ec5c1629e2,2026-09-25T01:08:01.341+00:00,2026-09-25T01:08:01.548+00:00,21072-30059,dryers,50170058,72000000,2026-09-25 01:08:01,2026-09-12 03:29:03,46,1114738.0,-1111978.0,,Available,website maps this code to Available
1,ad5dc87e-5494-47fa-b94e-56ec5c1629e2,2026-09-25T01:08:01.341+00:00,2026-09-25T01:08:01.548+00:00,21072-30059,dryers,50170061,72000000,2026-09-25 01:08:01,2026-09-24 20:07:24,46,18037.0,-15277.0,,Available,website maps this code to Available
1,ad5dc87e-5494-47fa-b94e-56ec5c1629e2,2026-09-25T01:08:01.341+00:00,2026-09-25T01:08:01.548+00:00,21072-30059,dryers,50170081,52000000,2026-09-25 01:08:01,2026-09-25 01:06:23,23,98.0,1282.0,,Finished,
1,ad5dc87e-5494-47fa-b94e-56ec5c1629e2,2026-09-25T01:08:01.341+00:00,2026-09-25T01:08:01.548+00:00,21072-30059,dryers,50170060,42000000,2026-09-25 01:08:01,2026-09-25 00:57:47,10,614.0,-14.0,,Available,website fallback: countdown expired
1,ad5dc87e-5494-47fa-b94e-56ec5c1629e2,2026-09-25T01:08:01.341+00:00,2026-09-25T01:08:01.548+00:00,21072-30059,dryers,50170087,52000000,2026-09-25 01:08:01,2026-09-25 00:57:25,23,636.0,744.0,,Finished,
1,ad5dc87e-5494-47fa-b94e-56ec5c1629e2,2026-09-25T01:08:01.341+00:00,2026-09-25T01:08:01.548+00:00,21072-30059,dryers,50170064,72000000,2026-09-25 01:08:01,2026-09-24 07:02:42,46,65119.0,-62359.0,,Available,website maps this code to Available
1,ad5dc87e-5494-47fa-b94e-56ec5c1629e2,2026-09-25T01:08:01.341+00:00,2026-09-25T01:08:01.548+00:00,21072-30059,dryers,50170065,72000000,2026-09-25 01:08:01,2026-09-25 00:46:05,46,1316.0,1444.0,,Available,website maps this code to Available
1,ad5dc87e-5494-47fa-b94e-56ec5c1629e2,2026-09-25T01:08:01.341+00:00,2026-09-25T01:08:01.548+00:00,21072-30059,dryers,50170059,72000000,2026-09-25 01:08:01,2026-09-24 15:47:57,46,33604.0,-30844.0,,Available,website maps this code to Available
1,ad5dc87e-5494-47fa-b94e-56ec5c1629e2,2026-09-25T01:08:01.341+00:00,2026-09-25T01:08:01.548+00:00,21072-30059,dryers,50170057,72000000,2026-09-25 01:08:01,2026-09-25 00:46:30,46,1291.0,1469.0,,Available,website maps this code to Available
1,ad5dc87e-5494-47fa-b94e-56ec5c1629e2,2026-09-25T01:08:01.341+00:00,2026-09-25T01:08:01.548+00:00,21072-30059,dryers,50170062,72000000,2026-09-25 01:08:01,2026-09-25 00:45:14,46,1367.0,1393.0,,Available,website maps this code to Available
1,ad5dc87e-5494-47fa-b94e-56ec5c1629e2,2026-09-25T01:08:01.341+00:00,2026-09-25T01:08:01.548+00:00,21072-30059,dryers,50170067,72000000,2026-09-25 01:08:01,2026-09-25 01:00:01,46,480.0,2280.0,,Available,website maps this code to Available
1,ad5dc87e-5494-47fa-b94e-56ec5c1629e2,2026-09-25T01:08:01.341+00:00,2026-09-25T01:08:01.548+00:00,21072-30059,dryers,50170074,72000000,2026-09-25 01:08:01,2026-09-25 01:00:09,46,472.0,2288.0,,Available,website maps this code to Available
1,ad5dc87e-5494-47fa-b94e-56ec5c1629e2,2026-09-25T01:08:01.341+00:00,2026-09-25T01:08:01.548+00:00,21072-30059,dryers,50170071,52000000,2026-09-25 01:08:01,2026-09-25 01:02:03,23,358.0,1022.0,,Finished,
1,ad5dc87e-5494-47fa-b94e-56ec5c1629e2,2026-09-25T01:08:01.341+00:00,2026-09-25T01:08:01.548+00:00,21072-30059,dryers,50170054,42000000,2026-09-25 01:08:01,2026-09-25 01:03:54,10,247.0,353.0,6,Running,
1,c101f608-07ea-43e6-b222-23689cb02bbd,2026-09-25T01:09:01.298+00:00,2026-09-25T01:09:01.487+00:00,21072-30059,washers,50170051,72000000,2026-09-25 01:09:01,2026-09-25 00:17:42,29,3079.0,-1339.0,,Available,website maps this code to Available
1,c101f608-07ea-43e6-b222-23689cb02bbd,2026-09-25T01:09:01.298+00:00,2026-09-25T01:09:01.487+00:00,21072-30059,washers,50170080,72000000,2026-09-25 01:09:01,2026-09-25 00:20:13,29,2928.0,-1188.0,,Available,website maps this code to Available
1,c101f608-07ea-43e6-b222-23689cb02bbd,2026-09-25T01:09:01.298+00:00,2026-09-25T01:09:01.487+00:00,21072-30059,washers,50170075,72000000,2026-09-25 01:09:01,2026-09-25 00:14:33,29,3268.0,-1528.0,,Available,website maps this code to Available
1,c101f608-07ea-43e6-b222-23689cb02bbd,2026-09-25T01:09:01.298+00:00,2026-09-25T01:09:01.487+00:00,21072-30059,washers,50170082,72000000,2026-09-25 01:09:01,2026-09-24 07:02:33,29,65188.0,-63448.0,,Available,website maps this code to Available
1,c101f608-07ea-43e6-b222-23689cb02bbd,2026-09-25T01:09:01.298+00:00,2026-09-25T01:09:01.487+00:00,21072-30059,washers,50170050,72000000,2026-09-25 01:09:01,2026-09-25 00:19:24,29,2977.0,-1237.0,,Available,website maps this code to Available
1,c101f608-07ea-43e6-b222-23689cb02bbd,2026-09-25T01:09:01.298+00:00,2026-09-25T01:09:01.487+00:00,21072-30059,washers,50170052,72000000,2026-09-25 01:09:01,2026-09-25 00:11:14,29,3467.0,-1727.0,,Available,website maps this code to Available
1,c101f608-07ea-43e6-b222-23689cb02bbd,2026-09-25T01:09:01.298+00:00,2026-09-25T01:09:01.487+00:00,21072-30059,washers,50170078,72000000,2026-09-25 01:09:01,2026-09-24 23:56:38,29,4343.0,-2603.0,,Available,website maps this code to Available
1,c101f608-07ea-43e6-b222-23689cb02bbd,2026-09-25T01:09:01.298+00:00,2026-09-25T01:09:01.487+00:00,21072-30059,washers,50170084,72000000,2026-09-25 01:09:01,2026-09-24 15:48:03,29,33658.0,-31918.0,,Available,website maps this code to Available
1,c101f608-07ea-43e6-b222-23689cb02bbd,2026-09-25T01:09:01.298+00:00,2026-09-25T01:09:01.487+00:00,21072-30059,washers,50170068,52000000,2026-09-25 01:09:01,2026-09-25 01:05:54,29,187.0,1553.0,,Finished,
1,c101f608-07ea-43e6-b222-23689cb02bbd,2026-09-25T01:09:01.298+00:00,2026-09-25T01:09:01.487+00:00,21072-30059,washers,50170072,42000000,2026-09-25 01:09:01,2026-09-25 00:24:16,43,2685.0,-105.0,,Available,website fallback: countdown expired
1,c101f608-07ea-43e6-b222-23689cb02bbd,2026-09-25T01:09:01.298+00:00,2026-09-25T01:09:01.487+00:00,21072-30059,washers,20483408,72000000,2026-09-25 01:09:01,2024-12-20 00:43:32,0,55643129.0,-55643129.0,,Available,website maps this code to Available
1,c101f608-07ea-43e6-b222-23689cb02bbd,2026-09-25T01:09:01.298+00:00,2026-09-25T01:09:01.487+00:00,21072-30059,washers,50170055,72000000,2026-09-25 01:09:01,2026-09-24 23:53:15,29,4546.0,-2806.0,,Available,website maps this code to Available
1,c101f608-07ea-43e6-b222-23689cb02bbd,2026-09-25T01:09:01.298+00:00,2026-09-25T01:09:01.487+00:00,21072-30059,dryers,50170058,72000000,2026-09-25 01:09:01,2026-09-12 03:29:03,46,1114798.0,-1112038.0,,Available,website maps this code to Available
1,c101f608-07ea-43e6-b222-23689cb02bbd,2026-09-25T01:09:01.298+00:00,2026-09-25T01:09:01.487+00:00,21072-30059,dryers,50170061,72000000,2026-09-25 01:09:01,2026-09-24 20:07:24,46,18097.0,-15337.0,,Available,website maps this code to Available
1,c101f608-07ea-43e6-b222-23689cb02bbd,2026-09-25T01:09:01.298+00:00,2026-09-25T01:09:01.487+00:00,21072-30059,dryers,50170081,52000000,2026-09-25 01:09:01,2026-09-25 01:06:23,23,158.0,1222.0,,Finished,
1,c101f608-07ea-43e6-b222-23689cb02bbd,2026-09-25T01:09:01.298+00:00,2026-09-25T01:09:01.487+00:00,21072-30059,dryers,50170060,52000000,2026-09-25 01:09:01,2026-09-25 01:08:02,23,59.0,1321.0,,Finished,
1,c101f608-07ea-43e6-b222-23689cb02bbd,2026-09-25T01:09:01.298+00:00,2026-09-25T01:09:01.487+00:00,21072-30059,dryers,50170087,52000000,2026-09-25 01:09:01,2026-09-25 00:57:25,23,696.0,684.0,,Finished,
1,c101f608-07ea-43e6-b222-23689cb02bbd,2026-09-25T01:09:01.298+00:00,2026-09-25T01:09:01.487+00:00,21072-30059,dryers,50170064,72000000,2026-09-25 01:09:01,2026-09-24 07:02:42,46,65179.0,-62419.0,,Available,website maps this code to Available
1,c101f608-07ea-43e6-b222-23689cb02bbd,2026-09-25T01:09:01.298+00:00,2026-09-25T01:09:01.487+00:00,21072-30059,dryers,50170065,72000000,2026-09-25 01:09:01,2026-09-25 00:46:05,46,1376.0,1384.0,,Available,website maps this code to Available
1,c101f608-07ea-43e6-b222-23689cb02bbd,2026-09-25T01:09:01.298+00:00,2026-09-25T01:09:01.487+00:00,21072-30059,dryers,50170059,72000000,2026-09-25 01:09:01,2026-09-24 15:47:57,46,33664.0,-30904.0,,Available,website maps this code to Available
1,c101f608-07ea-43e6-b222-23689cb02bbd,2026-09-25T01:09:01.298+00:00,2026-09-25T01:09:01.487+00:00,21072-30059,dryers,50170057,72000000,2026-09-25 01:09:01,2026-09-25 00:46:30,46,1351.0,1409.0,,Available,website maps this code to Available
1,c101f608-07ea-43e6-b222-23689cb02bbd,2026-09-25T01:09:01.298+00:00,2026-09-25T01:09:01.487+00:00,21072-30059,dryers,50170062,72000000,2026-09-25 01:09:01,2026-09-25 00:45:14,46,1427.0,1333.0,,Available,website maps this code to Available
1,c101f608-07ea-43e6-b222-23689cb02bbd,2026-09-25T01:09:01.298+00:00,2026-09-25T01:09:01.487+00:00,21072-30059,dryers,50170067,72000000,2026-09-25 01:09:01,2026-09-25 01:00:01,46,540.0,2220.0,,Available,website maps this code to Available
1,c101f608-07ea-43e6-b222-23689cb02bbd,2026-09-25T01:09:01.298+00:00,2026-09-25T01:09:01.487+00:00,21072-30059,dryers,50170074,72000000,2026-09-25 01:09:01,2026-09-25 01:00:09,46,532.0,2228.0,,Available,website maps this code to Available
1,c101f608-07ea-43e6-b222-23689cb02bbd,2026-09-25T01:09:01.298+00:00,2026-09-25T01:09:01.487+00:00,21072-30059,dryers,50170071,52000000,2026-09-25 01:09:01,2026-09-25 01:02:03,23,418.0,962.0,,Finished,
1,c101f608-07ea-43e6-b222-23689cb02bbd,2026-09-25T01:09:01.298+00:00,2026-09-25T01:09:01.487+00:00,21072-30059,dryers,50170054,42000000,2026-09-25 01:09:01,2026-09-25 01:03:54,10,307.0,293.0,5,Running,
1,ae8849ca-872a-4927-8c25-a0cee23d9338,2026-09-25T01:10:01.394+00:00,2026-09-25T01:10:01.567+00:00,21072-30059,washers,50170051,72000000,2026-09-25 01:10:01,2026-09-25 00:17:42,29,3139.0,-1399.0,,Available,website maps this code to Available
1,ae8849ca-872a-4927-8c25-a0cee23d9338,2026-09-25T01:10:01.394+00:00,2026-09-25T01:10:01.567+00:00,21072-30059,washers,50170080,72000000,2026-09-25 01:10:01,2026-09-25 00:20:13,29,2988.0,-1248.0,,Available,website maps this code to Available
1,ae8849ca-872a-4927-8c25-a0cee23d9338,2026-09-25T01:10:01.394+00:00,2026-09-25T01:10:01.567+00:00,21072-30059,washers,50170075,72000000,2026-09-25 01:10:01,2026-09-25 00:14:33,29,3328.0,-1588.0,,Available,website maps this code to Available
1,ae8849ca-872a-4927-8c25-a0cee23d9338,2026-09-25T01:10:01.394+00:00,2026-09-25T01:10:01.567+00:00,21072-30059,washers,50170082,72000000,2026-09-25 01:10:01,2026-09-24 07:02:33,29,65248.0,-63508.0,,Available,website maps this code to Available
1,ae8849ca-872a-4927-8c25-a0cee23d9338,2026-09-25T01:10:01.394+00:00,2026-09-25T01:10:01.567+00:00,21072-30059,washers,50170050,72000000,2026-09-25 01:10:01,2026-09-25 00:19:24,29,3037.0,-1297.0,,Available,website maps this code to Available
1,ae8849ca-872a-4927-8c25-a0cee23d9338,2026-09-25T01:10:01.394+00:00,2026-09-25T01:10:01.567+00:00,21072-30059,washers,50170052,72000000,2026-09-25 01:10:01,2026-09-25 00:11:14,29,3527.0,-1787.0,,Available,website maps this code to Available
1,ae8849ca-872a-4927-8c25-a0cee23d9338,2026-09-25T01:10:01.394+00:00,2026-09-25T01:10:01.567+00:00,21072-30059,washers,50170078,72000000,2026-09-25 01:10:01,2026-09-24 23:56:38,29,4403.0,-2663.0,,Available,website maps this code to Available
1,ae8849ca-872a-4927-8c25-a0cee23d9338,2026-09-25T01:10:01.394+00:00,2026-09-25T01:10:01.567+00:00,21072-30059,washers,50170084,72000000,2026-09-25 01:10:01,2026-09-24 15:48:03,29,33718.0,-31978.0,,Available,website maps this code to Available
1,ae8849ca-872a-4927-8c25-a0cee23d9338,2026-09-25T01:10:01.394+00:00,2026-09-25T01:10:01.567+00:00,21072-30059,washers,50170068,52000000,2026-09-25 01:10:01,2026-09-25 01:05:54,29,247.0,1493.0,,Finished,
1,ae8849ca-872a-4927-8c25-a0cee23d9338,2026-09-25T01:10:01.394+00:00,2026-09-25T01:10:01.567+00:00,21072-30059,washers,50170072,42000000,2026-09-25 01:10:01,2026-09-25 00:24:16,43,2745.0,-165.0,,Available,website fallback: countdown expired
1,ae8849ca-872a-4927-8c25-a0cee23d9338,2026-09-25T01:10:01.394+00:00,2026-09-25T01:10:01.567+00:00,21072-30059,washers,20483408,72000000,2026-09-25 01:10:01,2024-12-20 00:43:32,0,55643189.0,-55643189.0,,Available,website maps this code to Available
1,ae8849ca-872a-4927-8c25-a0cee23d9338,2026-09-25T01:10:01.394+00:00,2026-09-25T01:10:01.567+00:00,21072-30059,washers,50170055,72000000,2026-09-25 01:10:01,2026-09-24 23:53:15,29,4606.0,-2866.0,,Available,website maps this code to Available
1,ae8849ca-872a-4927-8c25-a0cee23d9338,2026-09-25T01:10:01.394+00:00,2026-09-25T01:10:01.567+00:00,21072-30059,dryers,50170058,72000000,2026-09-25 01:10:01,2026-09-12 03:29:03,46,1114858.0,-1112098.0,,Available,website maps this code to Available
1,ae8849ca-872a-4927-8c25-a0cee23d9338,2026-09-25T01:10:01.394+00:00,2026-09-25T01:10:01.567+00:00,21072-30059,dryers,50170061,72000000,2026-09-25 01:10:01,2026-09-24 20:07:24,46,18157.0,-15397.0,,Available,website maps this code to Available
1,ae8849ca-872a-4927-8c25-a0cee23d9338,2026-09-25T01:10:01.394+00:00,2026-09-25T01:10:01.567+00:00,21072-30059,dryers,50170081,72000000,2026-09-25 01:10:01,2026-09-25 01:09:27,46,34.0,2726.0,,Available,website maps this code to Available
1,ae8849ca-872a-4927-8c25-a0cee23d9338,2026-09-25T01:10:01.394+00:00,2026-09-25T01:10:01.567+00:00,21072-30059,dryers,50170060,72000000,2026-09-25 01:10:01,2026-09-25 01:09:05,46,56.0,2704.0,,Available,website maps this code to Available
1,ae8849ca-872a-4927-8c25-a0cee23d9338,2026-09-25T01:10:01.394+00:00,2026-09-25T01:10:01.567+00:00,21072-30059,dryers,50170087,72000000,2026-09-25 01:10:01,2026-09-25 01:09:36,46,25.0,2735.0,,Available,website maps this code to Available
1,ae8849ca-872a-4927-8c25-a0cee23d9338,2026-09-25T01:10:01.394+00:00,2026-09-25T01:10:01.567+00:00,21072-30059,dryers,50170064,72000000,2026-09-25 01:10:01,2026-09-24 07:02:42,46,65239.0,-62479.0,,Available,website maps this code to Available
1,ae8849ca-872a-4927-8c25-a0cee23d9338,2026-09-25T01:10:01.394+00:00,2026-09-25T01:10:01.567+00:00,21072-30059,dryers,50170065,72000000,2026-09-25 01:10:01,2026-09-25 00:46:05,46,1436.0,1324.0,,Available,website maps this code to Available
1,ae8849ca-872a-4927-8c25-a0cee23d9338,2026-09-25T01:10:01.394+00:00,2026-09-25T01:10:01.567+00:00,21072-30059,dryers,50170059,72000000,2026-09-25 01:10:01,2026-09-24 15:47:57,46,33724.0,-30964.0,,Available,website maps this code to Available
1,ae8849ca-872a-4927-8c25-a0cee23d9338,2026-09-25T01:10:01.394+00:00,2026-09-25T01:10:01.567+00:00,21072-30059,dryers,50170057,72000000,2026-09-25 01:10:01,2026-09-25 00:46:30,46,1411.0,1349.0,,Available,website maps this code to Available
1,ae8849ca-872a-4927-8c25-a0cee23d9338,2026-09-25T01:10:01.394+00:00,2026-09-25T01:10:01.567+00:00,21072-30059,dryers,50170062,72000000,2026-09-25 01:10:01,2026-09-25 00:45:14,46,1487.0,1273.0,,Available,website maps this code to Available
1,ae8849ca-872a-4927-8c25-a0cee23d9338,2026-09-25T01:10:01.394+00:00,2026-09-25T01:10:01.567+00:00,21072-30059,dryers,50170067,72000000,2026-09-25 01:10:01,2026-09-25 01:00:01,46,600.0,2160.0,,Available,website maps this code to Available
1,ae8849ca-872a-4927-8c25-a0cee23d9338,2026-09-25T01:10:01.394+00:00,2026-09-25T01:10:01.567+00:00,21072-30059,dryers,50170074,72000000,2026-09-25 01:10:01,2026-09-25 01:00:09,46,592.0,2168.0,,Available,website maps this code to Available
1,ae8849ca-872a-4927-8c25-a0cee23d9338,2026-09-25T01:10:01.394+00:00,2026-09-25T01:10:01.567+00:00,21072-30059,dryers,50170071,52000000,2026-09-25 01:10:01,2026-09-25 01:02:03,23,478.0,902.0,,Finished,
1,ae8849ca-872a-4927-8c25-a0cee23d9338,2026-09-25T01:10:01.394+00:00,2026-09-25T01:10:01.567+00:00,21072-30059,dryers,50170054,42000000,2026-09-25 01:10:01,2026-09-25 01:03:54,10,367.0,233.0,4,Running,
1,dd93549c-2559-4ec2-bf2a-e63b4d0f1c00,2026-09-25T01:11:01.365+00:00,2026-09-25T01:11:01.560+00:00,21072-30059,washers,50170051,72000000,2026-09-25 01:11:01,2026-09-25 00:17:42,29,3199.0,-1459.0,,Available,website maps this code to Available
1,dd93549c-2559-4ec2-bf2a-e63b4d0f1c00,2026-09-25T01:11:01.365+00:00,2026-09-25T01:11:01.560+00:00,21072-30059,washers,50170080,72000000,2026-09-25 01:11:01,2026-09-25 00:20:13,29,3048.0,-1308.0,,Available,website maps this code to Available
1,dd93549c-2559-4ec2-bf2a-e63b4d0f1c00,2026-09-25T01:11:01.365+00:00,2026-09-25T01:11:01.560+00:00,21072-30059,washers,50170075,72000000,2026-09-25 01:11:01,2026-09-25 00:14:33,29,3388.0,-1648.0,,Available,website maps this code to Available
1,dd93549c-2559-4ec2-bf2a-e63b4d0f1c00,2026-09-25T01:11:01.365+00:00,2026-09-25T01:11:01.560+00:00,21072-30059,washers,50170082,72000000,2026-09-25 01:11:01,2026-09-24 07:02:33,29,65308.0,-63568.0,,Available,website maps this code to Available
1,dd93549c-2559-4ec2-bf2a-e63b4d0f1c00,2026-09-25T01:11:01.365+00:00,2026-09-25T01:11:01.560+00:00,21072-30059,washers,50170050,72000000,2026-09-25 01:11:01,2026-09-25 00:19:24,29,3097.0,-1357.0,,Available,website maps this code to Available
1,dd93549c-2559-4ec2-bf2a-e63b4d0f1c00,2026-09-25T01:11:01.365+00:00,2026-09-25T01:11:01.560+00:00,21072-30059,washers,50170052,72000000,2026-09-25 01:11:01,2026-09-25 00:11:14,29,3587.0,-1847.0,,Available,website maps this code to Available
1,dd93549c-2559-4ec2-bf2a-e63b4d0f1c00,2026-09-25T01:11:01.365+00:00,2026-09-25T01:11:01.560+00:00,21072-30059,washers,50170078,72000000,2026-09-25 01:11:01,2026-09-24 23:56:38,29,4463.0,-2723.0,,Available,website maps this code to Available
1,dd93549c-2559-4ec2-bf2a-e63b4d0f1c00,2026-09-25T01:11:01.365+00:00,2026-09-25T01:11:01.560+00:00,21072-30059,washers,50170084,72000000,2026-09-25 01:11:01,2026-09-24 15:48:03,29,33778.0,-32038.0,,Available,website maps this code to Available
1,dd93549c-2559-4ec2-bf2a-e63b4d0f1c00,2026-09-25T01:11:01.365+00:00,2026-09-25T01:11:01.560+00:00,21072-30059,washers,50170068,52000000,2026-09-25 01:11:01,2026-09-25 01:05:54,29,307.0,1433.0,,Finished,
1,dd93549c-2559-4ec2-bf2a-e63b4d0f1c00,2026-09-25T01:11:01.365+00:00,2026-09-25T01:11:01.560+00:00,21072-30059,washers,50170072,42000000,2026-09-25 01:11:01,2026-09-25 00:24:16,43,2805.0,-225.0,,Available,website fallback: countdown expired
1,dd93549c-2559-4ec2-bf2a-e63b4d0f1c00,2026-09-25T01:11:01.365+00:00,2026-09-25T01:11:01.560+00:00,21072-30059,washers,20483408,72000000,2026-09-25 01:11:01,2024-12-20 00:43:32,0,55643249.0,-55643249.0,,Available,website maps this code to Available
1,dd93549c-2559-4ec2-bf2a-e63b4d0f1c00,2026-09-25T01:11:01.365+00:00,2026-09-25T01:11:01.560+00:00,21072-30059,washers,50170055,72000000,2026-09-25 01:11:01,2026-09-24 23:53:15,29,4666.0,-2926.0,,Available,website maps this code to Available
1,dd93549c-2559-4ec2-bf2a-e63b4d0f1c00,2026-09-25T01:11:01.365+00:00,2026-09-25T01:11:01.560+00:00,21072-30059,dryers,50170058,72000000,2026-09-25 01:11:01,2026-09-12 03:29:03,46,1114918.0,-1112158.0,,Available,website maps this code to Available
1,dd93549c-2559-4ec2-bf2a-e63b4d0f1c00,2026-09-25T01:11:01.365+00:00,2026-09-25T01:11:01.560+00:00,21072-30059,dryers,50170061,72000000,2026-09-25 01:11:01,2026-09-24 20:07:24,46,18217.0,-15457.0,,Available,website maps this code to Available
1,dd93549c-2559-4ec2-bf2a-e63b4d0f1c00,2026-09-25T01:11:01.365+00:00,2026-09-25T01:11:01.560+00:00,21072-30059,dryers,50170081,72000000,2026-09-25 01:11:01,2026-09-25 01:09:27,46,94.0,2666.0,,Available,website maps this code to Available
1,dd93549c-2559-4ec2-bf2a-e63b4d0f1c00,2026-09-25T01:11:01.365+00:00,2026-09-25T01:11:01.560+00:00,21072-30059,dryers,50170060,72000000,2026-09-25 01:11:01,2026-09-25 01:09:05,46,116.0,2644.0,,Available,website maps this code to Available
1,dd93549c-2559-4ec2-bf2a-e63b4d0f1c00,2026-09-25T01:11:01.365+00:00,2026-09-25T01:11:01.560+00:00,21072-30059,dryers,50170087,72000000,2026-09-25 01:11:01,2026-09-25 01:09:36,46,85.0,2675.0,,Available,website maps this code to Available
1,dd93549c-2559-4ec2-bf2a-e63b4d0f1c00,2026-09-25T01:11:01.365+00:00,2026-09-25T01:11:01.560+00:00,21072-30059,dryers,50170064,72000000,2026-09-25 01:11:01,2026-09-24 07:02:42,46,65299.0,-62539.0,,Available,website maps this code to Available
1,dd93549c-2559-4ec2-bf2a-e63b4d0f1c00,2026-09-25T01:11:01.365+00:00,2026-09-25T01:11:01.560+00:00,21072-30059,dryers,50170065,72000000,2026-09-25 01:11:01,2026-09-25 00:46:05,46,1496.0,1264.0,,Available,website maps this code to Available
1,dd93549c-2559-4ec2-bf2a-e63b4d0f1c00,2026-09-25T01:11:01.365+00:00,2026-09-25T01:11:01.560+00:00,21072-30059,dryers,50170059,72000000,2026-09-25 01:11:01,2026-09-24 15:47:57,46,33784.0,-31024.0,,Available,website maps this code to Available
1,dd93549c-2559-4ec2-bf2a-e63b4d0f1c00,2026-09-25T01:11:01.365+00:00,2026-09-25T01:11:01.560+00:00,21072-30059,dryers,50170057,72000000,2026-09-25 01:11:01,2026-09-25 00:46:30,46,1471.0,1289.0,,Available,website maps this code to Available
1,dd93549c-2559-4ec2-bf2a-e63b4d0f1c00,2026-09-25T01:11:01.365+00:00,2026-09-25T01:11:01.560+00:00,21072-30059,dryers,50170062,72000000,2026-09-25 01:11:01,2026-09-25 00:45:14,46,1547.0,1213.0,,Available,website maps this code to Available
1,dd93549c-2559-4ec2-bf2a-e63b4d0f1c00,2026-09-25T01:11:01.365+00:00,2026-09-25T01:11:01.560+00:00,21072-30059,dryers,50170067,72000000,2026-09-25 01:11:01,2026-09-25 01:00:01,46,660.0,2100.0,,Available,website maps this code to Available
1,dd93549c-2559-4ec2-bf2a-e63b4d0f1c00,2026-09-25T01:11:01.365+00:00,2026-09-25T01:11:01.560+00:00,21072-30059,dryers,50170074,72000000,2026-09-25 01:11:01,2026-09-25 01:00:09,46,652.0,2108.0,,Available,website maps this code to Available
1,dd93549c-2559-4ec2-bf2a-e63b4d0f1c00,2026-09-25T01:11:01.365+00:00,2026-09-25T01:11:01.560+00:00,21072-30059,dryers,50170071,52000000,2026-09-25 01:11:01,2026-09-25 01:02:03,23,538.0,842.0,,Finished,
1,dd93549c-2559-4ec2-bf2a-e63b4d0f1c00,2026-09-25T01:11:01.365+00:00,2026-09-25T01:11:01.560+00:00,21072-30059,dryers,50170054,42000000,2026-09-25 01:11:01,2026-09-25 01:03:54,10,427.0,173.0,3,Running,
1,250a6898-0471-40be-af5c-d5efc6b9ee5f,2026-09-25T01:12:01.089+00:00,2026-09-25T01:12:01.277+00:00,21072-30059,washers,50170051,72000000,2026-09-25 01:12:01,2026-09-25 00:17:42,29,3259.0,-1519.0,,Available,website maps this code to Available
1,250a6898-0471-40be-af5c-d5efc6b9ee5f,2026-09-25T01:12:01.089+00:00,2026-09-25T01:12:01.277+00:00,21072-30059,washers,50170080,72000000,2026-09-25 01:12:01,2026-09-25 00:20:13,29,3108.0,-1368.0,,Available,website maps this code to Available
1,250a6898-0471-40be-af5c-d5efc6b9ee5f,2026-09-25T01:12:01.089+00:00,2026-09-25T01:12:01.277+00:00,21072-30059,washers,50170075,72000000,2026-09-25 01:12:01,2026-09-25 00:14:33,29,3448.0,-1708.0,,Available,website maps this code to Available
1,250a6898-0471-40be-af5c-d5efc6b9ee5f,2026-09-25T01:12:01.089+00:00,2026-09-25T01:12:01.277+00:00,21072-30059,washers,50170082,72000000,2026-09-25 01:12:01,2026-09-24 07:02:33,29,65368.0,-63628.0,,Available,website maps this code to Available
1,250a6898-0471-40be-af5c-d5efc6b9ee5f,2026-09-25T01:12:01.089+00:00,2026-09-25T01:12:01.277+00:00,21072-30059,washers,50170050,72000000,2026-09-25 01:12:01,2026-09-25 00:19:24,29,3157.0,-1417.0,,Available,website maps this code to Available
1,250a6898-0471-40be-af5c-d5efc6b9ee5f,2026-09-25T01:12:01.089+00:00,2026-09-25T01:12:01.277+00:00,21072-30059,washers,50170052,72000000,2026-09-25 01:12:01,2026-09-25 00:11:14,29,3647.0,-1907.0,,Available,website maps this code to Available
1,250a6898-0471-40be-af5c-d5efc6b9ee5f,2026-09-25T01:12:01.089+00:00,2026-09-25T01:12:01.277+00:00,21072-30059,washers,50170078,72000000,2026-09-25 01:12:01,2026-09-24 23:56:38,29,4523.0,-2783.0,,Available,website maps this code to Available
1,250a6898-0471-40be-af5c-d5efc6b9ee5f,2026-09-25T01:12:01.089+00:00,2026-09-25T01:12:01.277+00:00,21072-30059,washers,50170084,72000000,2026-09-25 01:12:01,2026-09-24 15:48:03,29,33838.0,-32098.0,,Available,website maps this code to Available
1,250a6898-0471-40be-af5c-d5efc6b9ee5f,2026-09-25T01:12:01.089+00:00,2026-09-25T01:12:01.277+00:00,21072-30059,washers,50170068,52000000,2026-09-25 01:12:01,2026-09-25 01:05:54,29,367.0,1373.0,,Finished,
1,250a6898-0471-40be-af5c-d5efc6b9ee5f,2026-09-25T01:12:01.089+00:00,2026-09-25T01:12:01.277+00:00,21072-30059,washers,50170072,42000000,2026-09-25 01:12:01,2026-09-25 00:24:16,43,2865.0,-285.0,,Available,website fallback: countdown expired
1,250a6898-0471-40be-af5c-d5efc6b9ee5f,2026-09-25T01:12:01.089+00:00,2026-09-25T01:12:01.277+00:00,21072-30059,washers,20483408,72000000,2026-09-25 01:12:01,2024-12-20 00:43:32,0,55643309.0,-55643309.0,,Available,website maps this code to Available
1,250a6898-0471-40be-af5c-d5efc6b9ee5f,2026-09-25T01:12:01.089+00:00,2026-09-25T01:12:01.277+00:00,21072-30059,washers,50170055,72000000,2026-09-25 01:12:01,2026-09-24 23:53:15,29,4726.0,-2986.0,,Available,website maps this code to Available
1,250a6898-0471-40be-af5c-d5efc6b9ee5f,2026-09-25T01:12:01.089+00:00,2026-09-25T01:12:01.277+00:00,21072-30059,dryers,50170058,72000000,2026-09-25 01:12:01,2026-09-12 03:29:03,46,1114978.0,-1112218.0,,Available,website maps this code to Available
1,250a6898-0471-40be-af5c-d5efc6b9ee5f,2026-09-25T01:12:01.089+00:00,2026-09-25T01:12:01.277+00:00,21072-30059,dryers,50170061,72000000,2026-09-25 01:12:01,2026-09-24 20:07:24,46,18277.0,-15517.0,,Available,website maps this code to Available
1,250a6898-0471-40be-af5c-d5efc6b9ee5f,2026-09-25T01:12:01.089+00:00,2026-09-25T01:12:01.277+00:00,21072-30059,dryers,50170081,72000000,2026-09-25 01:12:01,2026-09-25 01:09:27,46,154.0,2606.0,,Available,website maps this code to Available
1,250a6898-0471-40be-af5c-d5efc6b9ee5f,2026-09-25T01:12:01.089+00:00,2026-09-25T01:12:01.277+00:00,21072-30059,dryers,50170060,72000000,2026-09-25 01:12:01,2026-09-25 01:09:05,46,176.0,2584.0,,Available,website maps this code to Available
1,250a6898-0471-40be-af5c-d5efc6b9ee5f,2026-09-25T01:12:01.089+00:00,2026-09-25T01:12:01.277+00:00,21072-30059,dryers,50170087,72000000,2026-09-25 01:12:01,2026-09-25 01:09:36,46,145.0,2615.0,,Available,website maps this code to Available
1,250a6898-0471-40be-af5c-d5efc6b9ee5f,2026-09-25T01:12:01.089+00:00,2026-09-25T01:12:01.277+00:00,21072-30059,dryers,50170064,72000000,2026-09-25 01:12:01,2026-09-24 07:02:42,46,65359.0,-62599.0,,Available,website maps this code to Available
1,250a6898-0471-40be-af5c-d5efc6b9ee5f,2026-09-25T01:12:01.089+00:00,2026-09-25T01:12:01.277+00:00,21072-30059,dryers,50170065,72000000,2026-09-25 01:12:01,2026-09-25 00:46:05,46,1556.0,1204.0,,Available,website maps this code to Available
1,250a6898-0471-40be-af5c-d5efc6b9ee5f,2026-09-25T01:12:01.089+00:00,2026-09-25T01:12:01.277+00:00,21072-30059,dryers,50170059,72000000,2026-09-25 01:12:01,2026-09-24 15:47:57,46,33844.0,-31084.0,,Available,website maps this code to Available
1,250a6898-0471-40be-af5c-d5efc6b9ee5f,2026-09-25T01:12:01.089+00:00,2026-09-25T01:12:01.277+00:00,21072-30059,dryers,50170057,72000000,2026-09-25 01:12:01,2026-09-25 00:46:30,46,1531.0,1229.0,,Available,website maps this code to Available
1,250a6898-0471-40be-af5c-d5efc6b9ee5f,2026-09-25T01:12:01.089+00:00,2026-09-25T01:12:01.277+00:00,21072-30059,dryers,50170062,72000000,2026-09-25 01:12:01,2026-09-25 00:45:14,46,1607.0,1153.0,,Available,website maps this code to Available
1,250a6898-0471-40be-af5c-d5efc6b9ee5f,2026-09-25T01:12:01.089+00:00,2026-09-25T01:12:01.277+00:00,21072-30059,dryers,50170067,72000000,2026-09-25 01:12:01,2026-09-25 01:00:01,46,720.0,2040.0,,Available,website maps this code to Available
1,250a6898-0471-40be-af5c-d5efc6b9ee5f,2026-09-25T01:12:01.089+00:00,2026-09-25T01:12:01.277+00:00,21072-30059,dryers,50170074,72000000,2026-09-25 01:12:01,2026-09-25 01:00:09,46,712.0,2048.0,,Available,website maps this code to Available
1,250a6898-0471-40be-af5c-d5efc6b9ee5f,2026-09-25T01:12:01.089+00:00,2026-09-25T01:12:01.277+00:00,21072-30059,dryers,50170071,52000000,2026-09-25 01:12:01,2026-09-25 01:02:03,23,598.0,782.0,,Finished,
1,250a6898-0471-40be-af5c-d5efc6b9ee5f,2026-09-25T01:12:01.089+00:00,2026-09-25T01:12:01.277+00:00,21072-30059,dryers,50170054,42000000,2026-09-25 01:12:01,2026-09-25 01:03:54,10,487.0,113.0,2,Running,
1,b78f5f72-7e59-4e78-9437-44e630a9307b,2026-09-25T01:13:01.274+00:00,2026-09-25T01:13:01.460+00:00,21072-30059,washers,50170051,72000000,2026-09-25 01:13:01,2026-09-25 00:17:42,29,3319.0,-1579.0,,Available,website maps this code to Available
1,b78f5f72-7e59-4e78-9437-44e630a9307b,2026-09-25T01:13:01.274+00:00,2026-09-25T01:13:01.460+00:00,21072-30059,washers,50170080,72000000,2026-09-25 01:13:01,2026-09-25 00:20:13,29,3168.0,-1428.0,,Available,website maps this code to Available
1,b78f5f72-7e59-4e78-9437-44e630a9307b,2026-09-25T01:13:01.274+00:00,2026-09-25T01:13:01.460+00:00,21072-30059,washers,50170075,72000000,2026-09-25 01:13:01,2026-09-25 00:14:33,29,3508.0,-1768.0,,Available,website maps this code to Available
1,b78f5f72-7e59-4e78-9437-44e630a9307b,2026-09-25T01:13:01.274+00:00,2026-09-25T01:13:01.460+00:00,21072-30059,washers,50170082,72000000,2026-09-25 01:13:01,2026-09-24 07:02:33,29,65428.0,-63688.0,,Available,website maps this code to Available
1,b78f5f72-7e59-4e78-9437-44e630a9307b,2026-09-25T01:13:01.274+00:00,2026-09-25T01:13:01.460+00:00,21072-30059,washers,50170050,72000000,2026-09-25 01:13:01,2026-09-25 00:19:24,29,3217.0,-1477.0,,Available,website maps this code to Available
1,b78f5f72-7e59-4e78-9437-44e630a9307b,2026-09-25T01:13:01.274+00:00,2026-09-25T01:13:01.460+00:00,21072-30059,washers,50170052,72000000,2026-09-25 01:13:01,2026-09-25 00:11:14,29,3707.0,-1967.0,,Available,website maps this code to Available
1,b78f5f72-7e59-4e78-9437-44e630a9307b,2026-09-25T01:13:01.274+00:00,2026-09-25T01:13:01.460+00:00,21072-30059,washers,50170078,72000000,2026-09-25 01:13:01,2026-09-24 23:56:38,29,4583.0,-2843.0,,Available,website maps this code to Available
1,b78f5f72-7e59-4e78-9437-44e630a9307b,2026-09-25T01:13:01.274+00:00,2026-09-25T01:13:01.460+00:00,21072-30059,washers,50170084,72000000,2026-09-25 01:13:01,2026-09-24 15:48:03,29,33898.0,-32158.0,,Available,website maps this code to Available
1,b78f5f72-7e59-4e78-9437-44e630a9307b,2026-09-25T01:13:01.274+00:00,2026-09-25T01:13:01.460+00:00,21072-30059,washers,50170068,52000000,2026-09-25 01:13:01,2026-09-25 01:05:54,29,427.0,1313.0,,Finished,
1,b78f5f72-7e59-4e78-9437-44e630a9307b,2026-09-25T01:13:01.274+00:00,2026-09-25T01:13:01.460+00:00,21072-30059,washers,50170072,42000000,2026-09-25 01:13:01,2026-09-25 01:12:56,10,5.0,595.0,10,Running,
1,b78f5f72-7e59-4e78-9437-44e630a9307b,2026-09-25T01:13:01.274+00:00,2026-09-25T01:13:01.460+00:00,21072-30059,washers,20483408,72000000,2026-09-25 01:13:01,2024-12-20 00:43:32,0,55643369.0,-55643369.0,,Available,website maps this code to Available
1,b78f5f72-7e59-4e78-9437-44e630a9307b,2026-09-25T01:13:01.274+00:00,2026-09-25T01:13:01.460+00:00,21072-30059,washers,50170055,72000000,2026-09-25 01:13:01,2026-09-24 23:53:15,29,4786.0,-3046.0,,Available,website maps this code to Available
1,b78f5f72-7e59-4e78-9437-44e630a9307b,2026-09-25T01:13:01.274+00:00,2026-09-25T01:13:01.460+00:00,21072-30059,dryers,50170058,72000000,2026-09-25 01:13:01,2026-09-12 03:29:03,46,1115038.0,-1112278.0,,Available,website maps this code to Available
1,b78f5f72-7e59-4e78-9437-44e630a9307b,2026-09-25T01:13:01.274+00:00,2026-09-25T01:13:01.460+00:00,21072-30059,dryers,50170061,72000000,2026-09-25 01:13:01,2026-09-24 20:07:24,46,18337.0,-15577.0,,Available,website maps this code to Available
1,b78f5f72-7e59-4e78-9437-44e630a9307b,2026-09-25T01:13:01.274+00:00,2026-09-25T01:13:01.460+00:00,21072-30059,dryers,50170081,42000000,2026-09-25 01:13:01,2026-09-25 01:12:32,45,29.0,2671.0,45,Running,
1,b78f5f72-7e59-4e78-9437-44e630a9307b,2026-09-25T01:13:01.274+00:00,2026-09-25T01:13:01.460+00:00,21072-30059,dryers,50170060,72000000,2026-09-25 01:13:01,2026-09-25 01:09:05,46,236.0,2524.0,,Available,website maps this code to Available
1,b78f5f72-7e59-4e78-9437-44e630a9307b,2026-09-25T01:13:01.274+00:00,2026-09-25T01:13:01.460+00:00,21072-30059,dryers,50170087,72000000,2026-09-25 01:13:01,2026-09-25 01:09:36,46,205.0,2555.0,,Available,website maps this code to Available
1,b78f5f72-7e59-4e78-9437-44e630a9307b,2026-09-25T01:13:01.274+00:00,2026-09-25T01:13:01.460+00:00,21072-30059,dryers,50170064,72000000,2026-09-25 01:13:01,2026-09-24 07:02:42,46,65419.0,-62659.0,,Available,website maps this code to Available
1,b78f5f72-7e59-4e78-9437-44e630a9307b,2026-09-25T01:13:01.274+00:00,2026-09-25T01:13:01.460+00:00,21072-30059,dryers,50170065,72000000,2026-09-25 01:13:01,2026-09-25 00:46:05,46,1616.0,1144.0,,Available,website maps this code to Available
1,b78f5f72-7e59-4e78-9437-44e630a9307b,2026-09-25T01:13:01.274+00:00,2026-09-25T01:13:01.460+00:00,21072-30059,dryers,50170059,72000000,2026-09-25 01:13:01,2026-09-24 15:47:57,46,33904.0,-31144.0,,Available,website maps this code to Available
1,b78f5f72-7e59-4e78-9437-44e630a9307b,2026-09-25T01:13:01.274+00:00,2026-09-25T01:13:01.460+00:00,21072-30059,dryers,50170057,72000000,2026-09-25 01:13:01,2026-09-25 00:46:30,46,1591.0,1169.0,,Available,website maps this code to Available
1,b78f5f72-7e59-4e78-9437-44e630a9307b,2026-09-25T01:13:01.274+00:00,2026-09-25T01:13:01.460+00:00,21072-30059,dryers,50170062,72000000,2026-09-25 01:13:01,2026-09-25 00:45:14,46,1667.0,1093.0,,Available,website maps this code to Available
1,b78f5f72-7e59-4e78-9437-44e630a9307b,2026-09-25T01:13:01.274+00:00,2026-09-25T01:13:01.460+00:00,21072-30059,dryers,50170067,72000000,2026-09-25 01:13:01,2026-09-25 01:00:01,46,780.0,1980.0,,Available,website maps this code to Available
1,b78f5f72-7e59-4e78-9437-44e630a9307b,2026-09-25T01:13:01.274+00:00,2026-09-25T01:13:01.460+00:00,21072-30059,dryers,50170074,72000000,2026-09-25 01:13:01,2026-09-25 01:00:09,46,772.0,1988.0,,Available,website maps this code to Available
1,b78f5f72-7e59-4e78-9437-44e630a9307b,2026-09-25T01:13:01.274+00:00,2026-09-25T01:13:01.460+00:00,21072-30059,dryers,50170071,52000000,2026-09-25 01:13:01,2026-09-25 01:02:03,23,658.0,722.0,,Finished,
1,b78f5f72-7e59-4e78-9437-44e630a9307b,2026-09-25T01:13:01.274+00:00,2026-09-25T01:13:01.460+00:00,21072-30059,dryers,50170054,42000000,2026-09-25 01:13:01,2026-09-25 01:03:54,10,547.0,53.0,1,Running,
1,e3f47a01-11bb-4fbc-a5f7-b93cf42d3ee7,2026-09-25T01:14:01.295+00:00,2026-09-25T01:14:01.491+00:00,21072-30059,washers,50170051,72000000,2026-09-25 01:14:01,2026-09-25 00:17:42,29,3379.0,-1639.0,,Available,website maps this code to Available
1,e3f47a01-11bb-4fbc-a5f7-b93cf42d3ee7,2026-09-25T01:14:01.295+00:00,2026-09-25T01:14:01.491+00:00,21072-30059,washers,50170080,72000000,2026-09-25 01:14:01,2026-09-25 00:20:13,29,3228.0,-1488.0,,Available,website maps this code to Available
1,e3f47a01-11bb-4fbc-a5f7-b93cf42d3ee7,2026-09-25T01:14:01.295+00:00,2026-09-25T01:14:01.491+00:00,21072-30059,washers,50170075,72000000,2026-09-25 01:14:01,2026-09-25 00:14:33,29,3568.0,-1828.0,,Available,website maps this code to Available
1,e3f47a01-11bb-4fbc-a5f7-b93cf42d3ee7,2026-09-25T01:14:01.295+00:00,2026-09-25T01:14:01.491+00:00,21072-30059,washers,50170082,72000000,2026-09-25 01:14:01,2026-09-24 07:02:33,29,65488.0,-63748.0,,Available,website maps this code to Available
1,e3f47a01-11bb-4fbc-a5f7-b93cf42d3ee7,2026-09-25T01:14:01.295+00:00,2026-09-25T01:14:01.491+00:00,21072-30059,washers,50170050,72000000,2026-09-25 01:14:01,2026-09-25 00:19:24,29,3277.0,-1537.0,,Available,website maps this code to Available
1,e3f47a01-11bb-4fbc-a5f7-b93cf42d3ee7,2026-09-25T01:14:01.295+00:00,2026-09-25T01:14:01.491+00:00,21072-30059,washers,50170052,72000000,2026-09-25 01:14:01,2026-09-25 00:11:14,29,3767.0,-2027.0,,Available,website maps this code to Available
1,e3f47a01-11bb-4fbc-a5f7-b93cf42d3ee7,2026-09-25T01:14:01.295+00:00,2026-09-25T01:14:01.491+00:00,21072-30059,washers,50170078,72000000,2026-09-25 01:14:01,2026-09-24 23:56:38,29,4643.0,-2903.0,,Available,website maps this code to Available
1,e3f47a01-11bb-4fbc-a5f7-b93cf42d3ee7,2026-09-25T01:14:01.295+00:00,2026-09-25T01:14:01.491+00:00,21072-30059,washers,50170084,72000000,2026-09-25 01:14:01,2026-09-24 15:48:03,29,33958.0,-32218.0,,Available,website maps this code to Available
1,e3f47a01-11bb-4fbc-a5f7-b93cf42d3ee7,2026-09-25T01:14:01.295+00:00,2026-09-25T01:14:01.491+00:00,21072-30059,washers,50170068,52000000,2026-09-25 01:14:01,2026-09-25 01:05:54,29,487.0,1253.0,,Finished,
1,e3f47a01-11bb-4fbc-a5f7-b93cf42d3ee7,2026-09-25T01:14:01.295+00:00,2026-09-25T01:14:01.491+00:00,21072-30059,washers,50170072,42000000,2026-09-25 01:14:01,2026-09-25 01:12:56,10,65.0,535.0,9,Running,
1,e3f47a01-11bb-4fbc-a5f7-b93cf42d3ee7,2026-09-25T01:14:01.295+00:00,2026-09-25T01:14:01.491+00:00,21072-30059,washers,20483408,72000000,2026-09-25 01:14:01,2024-12-20 00:43:32,0,55643429.0,-55643429.0,,Available,website maps this code to Available
1,e3f47a01-11bb-4fbc-a5f7-b93cf42d3ee7,2026-09-25T01:14:01.295+00:00,2026-09-25T01:14:01.491+00:00,21072-30059,washers,50170055,72000000,2026-09-25 01:14:01,2026-09-24 23:53:15,29,4846.0,-3106.0,,Available,website maps this code to Available
1,e3f47a01-11bb-4fbc-a5f7-b93cf42d3ee7,2026-09-25T01:14:01.295+00:00,2026-09-25T01:14:01.491+00:00,21072-30059,dryers,50170058,72000000,2026-09-25 01:14:01,2026-09-12 03:29:03,46,1115098.0,-1112338.0,,Available,website maps this code to Available
1,e3f47a01-11bb-4fbc-a5f7-b93cf42d3ee7,2026-09-25T01:14:01.295+00:00,2026-09-25T01:14:01.491+00:00,21072-30059,dryers,50170061,72000000,2026-09-25 01:14:01,2026-09-24 20:07:24,46,18397.0,-15637.0,,Available,website maps this code to Available
1,e3f47a01-11bb-4fbc-a5f7-b93cf42d3ee7,2026-09-25T01:14:01.295+00:00,2026-09-25T01:14:01.491+00:00,21072-30059,dryers,50170081,42000000,2026-09-25 01:14:01,2026-09-25 01:12:32,45,89.0,2611.0,44,Running,
1,e3f47a01-11bb-4fbc-a5f7-b93cf42d3ee7,2026-09-25T01:14:01.295+00:00,2026-09-25T01:14:01.491+00:00,21072-30059,dryers,50170060,72000000,2026-09-25 01:14:01,2026-09-25 01:09:05,46,296.0,2464.0,,Available,website maps this code to Available
1,e3f47a01-11bb-4fbc-a5f7-b93cf42d3ee7,2026-09-25T01:14:01.295+00:00,2026-09-25T01:14:01.491+00:00,21072-30059,dryers,50170087,72000000,2026-09-25 01:14:01,2026-09-25 01:09:36,46,265.0,2495.0,,Available,website maps this code to Available
1,e3f47a01-11bb-4fbc-a5f7-b93cf42d3ee7,2026-09-25T01:14:01.295+00:00,2026-09-25T01:14:01.491+00:00,21072-30059,dryers,50170064,72000000,2026-09-25 01:14:01,2026-09-24 07:02:42,46,65479.0,-62719.0,,Available,website maps this code to Available
1,e3f47a01-11bb-4fbc-a5f7-b93cf42d3ee7,2026-09-25T01:14:01.295+00:00,2026-09-25T01:14:01.491+00:00,21072-30059,dryers,50170065,72000000,2026-09-25 01:14:01,2026-09-25 00:46:05,46,1676.0,1084.0,,Available,website maps this code to Available
1,e3f47a01-11bb-4fbc-a5f7-b93cf42d3ee7,2026-09-25T01:14:01.295+00:00,2026-09-25T01:14:01.491+00:00,21072-30059,dryers,50170059,72000000,2026-09-25 01:14:01,2026-09-24 15:47:57,46,33964.0,-31204.0,,Available,website maps this code to Available
1,e3f47a01-11bb-4fbc-a5f7-b93cf42d3ee7,2026-09-25T01:14:01.295+00:00,2026-09-25T01:14:01.491+00:00,21072-30059,dryers,50170057,72000000,2026-09-25 01:14:01,2026-09-25 00:46:30,46,1651.0,1109.0,,Available,website maps this code to Available
1,e3f47a01-11bb-4fbc-a5f7-b93cf42d3ee7,2026-09-25T01:14:01.295+00:00,2026-09-25T01:14:01.491+00:00,21072-30059,dryers,50170062,72000000,2026-09-25 01:14:01,2026-09-25 00:45:14,46,1727.0,1033.0,,Available,website maps this code to Available
1,e3f47a01-11bb-4fbc-a5f7-b93cf42d3ee7,2026-09-25T01:14:01.295+00:00,2026-09-25T01:14:01.491+00:00,21072-30059,dryers,50170067,72000000,2026-09-25 01:14:01,2026-09-25 01:00:01,46,840.0,1920.0,,Available,website maps this code to Available
1,e3f47a01-11bb-4fbc-a5f7-b93cf42d3ee7,2026-09-25T01:14:01.295+00:00,2026-09-25T01:14:01.491+00:00,21072-30059,dryers,50170074,72000000,2026-09-25 01:14:01,2026-09-25 01:00:09,46,832.0,1928.0,,Available,website maps this code to Available
1,e3f47a01-11bb-4fbc-a5f7-b93cf42d3ee7,2026-09-25T01:14:01.295+00:00,2026-09-25T01:14:01.491+00:00,21072-30059,dryers,50170071,52000000,2026-09-25 01:14:01,2026-09-25 01:02:03,23,718.0,662.0,,Finished,
1,e3f47a01-11bb-4fbc-a5f7-b93cf42d3ee7,2026-09-25T01:14:01.295+00:00,2026-09-25T01:14:01.491+00:00,21072-30059,dryers,50170054,42000000,2026-09-25 01:14:01,2026-09-25 01:03:54,10,607.0,-7.0,,Available,website fallback: countdown expired
1,66b33e3f-1b55-4d76-a6f7-771eadbe0d7e,2026-09-25T01:15:01.309+00:00,2026-09-25T01:15:01.523+00:00,21072-30059,washers,50170051,72000000,2026-09-25 01:15:01,2026-09-25 00:17:42,29,3439.0,-1699.0,,Available,website maps this code to Available
1,66b33e3f-1b55-4d76-a6f7-771eadbe0d7e,2026-09-25T01:15:01.309+00:00,2026-09-25T01:15:01.523+00:00,21072-30059,washers,50170080,72000000,2026-09-25 01:15:01,2026-09-25 00:20:13,29,3288.0,-1548.0,,Available,website maps this code to Available
1,66b33e3f-1b55-4d76-a6f7-771eadbe0d7e,2026-09-25T01:15:01.309+00:00,2026-09-25T01:15:01.523+00:00,21072-30059,washers,50170075,72000000,2026-09-25 01:15:01,2026-09-25 00:14:33,29,3628.0,-1888.0,,Available,website maps this code to Available
1,66b33e3f-1b55-4d76-a6f7-771eadbe0d7e,2026-09-25T01:15:01.309+00:00,2026-09-25T01:15:01.523+00:00,21072-30059,washers,50170082,72000000,2026-09-25 01:15:01,2026-09-24 07:02:33,29,65548.0,-63808.0,,Available,website maps this code to Available
1,66b33e3f-1b55-4d76-a6f7-771eadbe0d7e,2026-09-25T01:15:01.309+00:00,2026-09-25T01:15:01.523+00:00,21072-30059,washers,50170050,72000000,2026-09-25 01:15:01,2026-09-25 00:19:24,29,3337.0,-1597.0,,Available,website maps this code to Available
1,66b33e3f-1b55-4d76-a6f7-771eadbe0d7e,2026-09-25T01:15:01.309+00:00,2026-09-25T01:15:01.523+00:00,21072-30059,washers,50170052,72000000,2026-09-25 01:15:01,2026-09-25 00:11:14,29,3827.0,-2087.0,,Available,website maps this code to Available
1,66b33e3f-1b55-4d76-a6f7-771eadbe0d7e,2026-09-25T01:15:01.309+00:00,2026-09-25T01:15:01.523+00:00,21072-30059,washers,50170078,72000000,2026-09-25 01:15:01,2026-09-24 23:56:38,29,4703.0,-2963.0,,Available,website maps this code to Available
1,66b33e3f-1b55-4d76-a6f7-771eadbe0d7e,2026-09-25T01:15:01.309+00:00,2026-09-25T01:15:01.523+00:00,21072-30059,washers,50170084,72000000,2026-09-25 01:15:01,2026-09-24 15:48:03,29,34018.0,-32278.0,,Available,website maps this code to Available
1,66b33e3f-1b55-4d76-a6f7-771eadbe0d7e,2026-09-25T01:15:01.309+00:00,2026-09-25T01:15:01.523+00:00,21072-30059,washers,50170068,52000000,2026-09-25 01:15:01,2026-09-25 01:05:54,29,547.0,1193.0,,Finished,
1,66b33e3f-1b55-4d76-a6f7-771eadbe0d7e,2026-09-25T01:15:01.309+00:00,2026-09-25T01:15:01.523+00:00,21072-30059,washers,50170072,42000000,2026-09-25 01:15:01,2026-09-25 01:12:56,10,125.0,475.0,8,Running,
1,66b33e3f-1b55-4d76-a6f7-771eadbe0d7e,2026-09-25T01:15:01.309+00:00,2026-09-25T01:15:01.523+00:00,21072-30059,washers,20483408,72000000,2026-09-25 01:15:01,2024-12-20 00:43:32,0,55643489.0,-55643489.0,,Available,website maps this code to Available
1,66b33e3f-1b55-4d76-a6f7-771eadbe0d7e,2026-09-25T01:15:01.309+00:00,2026-09-25T01:15:01.523+00:00,21072-30059,washers,50170055,72000000,2026-09-25 01:15:01,2026-09-24 23:53:15,29,4906.0,-3166.0,,Available,website maps this code to Available
1,66b33e3f-1b55-4d76-a6f7-771eadbe0d7e,2026-09-25T01:15:01.309+00:00,2026-09-25T01:15:01.523+00:00,21072-30059,dryers,50170058,72000000,2026-09-25 01:15:01,2026-09-12 03:29:03,46,1115158.0,-1112398.0,,Available,website maps this code to Available
1,66b33e3f-1b55-4d76-a6f7-771eadbe0d7e,2026-09-25T01:15:01.309+00:00,2026-09-25T01:15:01.523+00:00,21072-30059,dryers,50170061,72000000,2026-09-25 01:15:01,2026-09-24 20:07:24,46,18457.0,-15697.0,,Available,website maps this code to Available
1,66b33e3f-1b55-4d76-a6f7-771eadbe0d7e,2026-09-25T01:15:01.309+00:00,2026-09-25T01:15:01.523+00:00,21072-30059,dryers,50170081,42000000,2026-09-25 01:15:01,2026-09-25 01:12:32,45,149.0,2551.0,43,Running,
1,66b33e3f-1b55-4d76-a6f7-771eadbe0d7e,2026-09-25T01:15:01.309+00:00,2026-09-25T01:15:01.523+00:00,21072-30059,dryers,50170060,72000000,2026-09-25 01:15:01,2026-09-25 01:09:05,46,356.0,2404.0,,Available,website maps this code to Available
1,66b33e3f-1b55-4d76-a6f7-771eadbe0d7e,2026-09-25T01:15:01.309+00:00,2026-09-25T01:15:01.523+00:00,21072-30059,dryers,50170087,72000000,2026-09-25 01:15:01,2026-09-25 01:09:36,46,325.0,2435.0,,Available,website maps this code to Available
1,66b33e3f-1b55-4d76-a6f7-771eadbe0d7e,2026-09-25T01:15:01.309+00:00,2026-09-25T01:15:01.523+00:00,21072-30059,dryers,50170064,72000000,2026-09-25 01:15:01,2026-09-24 07:02:42,46,65539.0,-62779.0,,Available,website maps this code to Available
1,66b33e3f-1b55-4d76-a6f7-771eadbe0d7e,2026-09-25T01:15:01.309+00:00,2026-09-25T01:15:01.523+00:00,21072-30059,dryers,50170065,72000000,2026-09-25 01:15:01,2026-09-25 00:46:05,46,1736.0,1024.0,,Available,website maps this code to Available
1,66b33e3f-1b55-4d76-a6f7-771eadbe0d7e,2026-09-25T01:15:01.309+00:00,2026-09-25T01:15:01.523+00:00,21072-30059,dryers,50170059,72000000,2026-09-25 01:15:01,2026-09-24 15:47:57,46,34024.0,-31264.0,,Available,website maps this code to Available
1,66b33e3f-1b55-4d76-a6f7-771eadbe0d7e,2026-09-25T01:15:01.309+00:00,2026-09-25T01:15:01.523+00:00,21072-30059,dryers,50170057,72000000,2026-09-25 01:15:01,2026-09-25 00:46:30,46,1711.0,1049.0,,Available,website maps this code to Available
1,66b33e3f-1b55-4d76-a6f7-771eadbe0d7e,2026-09-25T01:15:01.309+00:00,2026-09-25T01:15:01.523+00:00,21072-30059,dryers,50170062,72000000,2026-09-25 01:15:01,2026-09-25 00:45:14,46,1787.0,973.0,,Available,website maps this code to Available
1,66b33e3f-1b55-4d76-a6f7-771eadbe0d7e,2026-09-25T01:15:01.309+00:00,2026-09-25T01:15:01.523+00:00,21072-30059,dryers,50170067,72000000,2026-09-25 01:15:01,2026-09-25 01:00:01,46,900.0,1860.0,,Available,website maps this code to Available
1,66b33e3f-1b55-4d76-a6f7-771eadbe0d7e,2026-09-25T01:15:01.309+00:00,2026-09-25T01:15:01.523+00:00,21072-30059,dryers,50170074,72000000,2026-09-25 01:15:01,2026-09-25 01:00:09,46,892.0,1868.0,,Available,website maps this code to Available
1,66b33e3f-1b55-4d76-a6f7-771eadbe0d7e,2026-09-25T01:15:01.309+00:00,2026-09-25T01:15:01.523+00:00,21072-30059,dryers,50170071,52000000,2026-09-25 01:15:01,2026-09-25 01:02:03,23,778.0,602.0,,Finished,
1,66b33e3f-1b55-4d76-a6f7-771eadbe0d7e,2026-09-25T01:15:01.309+00:00,2026-09-25T01:15:01.523+00:00,21072-30059,dryers,50170054,52000000,2026-09-25 01:15:01,2026-09-25 01:14:04,23,57.0,1323.0,,Finished,
1,f016578a-f5e4-46b1-aa87-fc1a971cde3e,2026-09-25T01:16:01.337+00:00,2026-09-25T01:16:01.529+00:00,21072-30059,washers,50170051,72000000,2026-09-25 01:16:01,2026-09-25 00:17:42,29,3499.0,-1759.0,,Available,website maps this code to Available
1,f016578a-f5e4-46b1-aa87-fc1a971cde3e,2026-09-25T01:16:01.337+00:00,2026-09-25T01:16:01.529+00:00,21072-30059,washers,50170080,72000000,2026-09-25 01:16:01,2026-09-25 00:20:13,29,3348.0,-1608.0,,Available,website maps this code to Available
1,f016578a-f5e4-46b1-aa87-fc1a971cde3e,2026-09-25T01:16:01.337+00:00,2026-09-25T01:16:01.529+00:00,21072-30059,washers,50170075,72000000,2026-09-25 01:16:01,2026-09-25 00:14:33,29,3688.0,-1948.0,,Available,website maps this code to Available
1,f016578a-f5e4-46b1-aa87-fc1a971cde3e,2026-09-25T01:16:01.337+00:00,2026-09-25T01:16:01.529+00:00,21072-30059,washers,50170082,72000000,2026-09-25 01:16:01,2026-09-24 07:02:33,29,65608.0,-63868.0,,Available,website maps this code to Available
1,f016578a-f5e4-46b1-aa87-fc1a971cde3e,2026-09-25T01:16:01.337+00:00,2026-09-25T01:16:01.529+00:00,21072-30059,washers,50170050,72000000,2026-09-25 01:16:01,2026-09-25 00:19:24,29,3397.0,-1657.0,,Available,website maps this code to Available
1,f016578a-f5e4-46b1-aa87-fc1a971cde3e,2026-09-25T01:16:01.337+00:00,2026-09-25T01:16:01.529+00:00,21072-30059,washers,50170052,72000000,2026-09-25 01:16:01,2026-09-25 00:11:14,29,3887.0,-2147.0,,Available,website maps this code to Available
1,f016578a-f5e4-46b1-aa87-fc1a971cde3e,2026-09-25T01:16:01.337+00:00,2026-09-25T01:16:01.529+00:00,21072-30059,washers,50170078,72000000,2026-09-25 01:16:01,2026-09-24 23:56:38,29,4763.0,-3023.0,,Available,website maps this code to Available
1,f016578a-f5e4-46b1-aa87-fc1a971cde3e,2026-09-25T01:16:01.337+00:00,2026-09-25T01:16:01.529+00:00,21072-30059,washers,50170084,72000000,2026-09-25 01:16:01,2026-09-24 15:48:03,29,34078.0,-32338.0,,Available,website maps this code to Available
1,f016578a-f5e4-46b1-aa87-fc1a971cde3e,2026-09-25T01:16:01.337+00:00,2026-09-25T01:16:01.529+00:00,21072-30059,washers,50170068,52000000,2026-09-25 01:16:01,2026-09-25 01:05:54,29,607.0,1133.0,,Finished,
1,f016578a-f5e4-46b1-aa87-fc1a971cde3e,2026-09-25T01:16:01.337+00:00,2026-09-25T01:16:01.529+00:00,21072-30059,washers,50170072,42000000,2026-09-25 01:16:01,2026-09-25 01:12:56,10,185.0,415.0,7,Running,
1,f016578a-f5e4-46b1-aa87-fc1a971cde3e,2026-09-25T01:16:01.337+00:00,2026-09-25T01:16:01.529+00:00,21072-30059,washers,20483408,72000000,2026-09-25 01:16:01,2024-12-20 00:43:32,0,55643549.0,-55643549.0,,Available,website maps this code to Available
1,f016578a-f5e4-46b1-aa87-fc1a971cde3e,2026-09-25T01:16:01.337+00:00,2026-09-25T01:16:01.529+00:00,21072-30059,washers,50170055,72000000,2026-09-25 01:16:01,2026-09-24 23:53:15,29,4966.0,-3226.0,,Available,website maps this code to Available
1,f016578a-f5e4-46b1-aa87-fc1a971cde3e,2026-09-25T01:16:01.337+00:00,2026-09-25T01:16:01.529+00:00,21072-30059,dryers,50170058,72000000,2026-09-25 01:16:01,2026-09-12 03:29:03,46,1115218.0,-1112458.0,,Available,website maps this code to Available
1,f016578a-f5e4-46b1-aa87-fc1a971cde3e,2026-09-25T01:16:01.337+00:00,2026-09-25T01:16:01.529+00:00,21072-30059,dryers,50170061,72000000,2026-09-25 01:16:01,2026-09-24 20:07:24,46,18517.0,-15757.0,,Available,website maps this code to Available
1,f016578a-f5e4-46b1-aa87-fc1a971cde3e,2026-09-25T01:16:01.337+00:00,2026-09-25T01:16:01.529+00:00,21072-30059,dryers,50170081,42000000,2026-09-25 01:16:01,2026-09-25 01:12:32,45,209.0,2491.0,42,Running,
1,f016578a-f5e4-46b1-aa87-fc1a971cde3e,2026-09-25T01:16:01.337+00:00,2026-09-25T01:16:01.529+00:00,21072-30059,dryers,50170060,72000000,2026-09-25 01:16:01,2026-09-25 01:09:05,46,416.0,2344.0,,Available,website maps this code to Available
1,f016578a-f5e4-46b1-aa87-fc1a971cde3e,2026-09-25T01:16:01.337+00:00,2026-09-25T01:16:01.529+00:00,21072-30059,dryers,50170087,72000000,2026-09-25 01:16:01,2026-09-25 01:09:36,46,385.0,2375.0,,Available,website maps this code to Available
1,f016578a-f5e4-46b1-aa87-fc1a971cde3e,2026-09-25T01:16:01.337+00:00,2026-09-25T01:16:01.529+00:00,21072-30059,dryers,50170064,72000000,2026-09-25 01:16:01,2026-09-24 07:02:42,46,65599.0,-62839.0,,Available,website maps this code to Available
1,f016578a-f5e4-46b1-aa87-fc1a971cde3e,2026-09-25T01:16:01.337+00:00,2026-09-25T01:16:01.529+00:00,21072-30059,dryers,50170065,72000000,2026-09-25 01:16:01,2026-09-25 00:46:05,46,1796.0,964.0,,Available,website maps this code to Available
1,f016578a-f5e4-46b1-aa87-fc1a971cde3e,2026-09-25T01:16:01.337+00:00,2026-09-25T01:16:01.529+00:00,21072-30059,dryers,50170059,72000000,2026-09-25 01:16:01,2026-09-24 15:47:57,46,34084.0,-31324.0,,Available,website maps this code to Available
1,f016578a-f5e4-46b1-aa87-fc1a971cde3e,2026-09-25T01:16:01.337+00:00,2026-09-25T01:16:01.529+00:00,21072-30059,dryers,50170057,72000000,2026-09-25 01:16:01,2026-09-25 00:46:30,46,1771.0,989.0,,Available,website maps this code to Available
1,f016578a-f5e4-46b1-aa87-fc1a971cde3e,2026-09-25T01:16:01.337+00:00,2026-09-25T01:16:01.529+00:00,21072-30059,dryers,50170062,72000000,2026-09-25 01:16:01,2026-09-25 00:45:14,46,1847.0,913.0,,Available,website maps this code to Available
1,f016578a-f5e4-46b1-aa87-fc1a971cde3e,2026-09-25T01:16:01.337+00:00,2026-09-25T01:16:01.529+00:00,21072-30059,dryers,50170067,72000000,2026-09-25 01:16:01,2026-09-25 01:00:01,46,960.0,1800.0,,Available,website maps this code to Available
1,f016578a-f5e4-46b1-aa87-fc1a971cde3e,2026-09-25T01:16:01.337+00:00,2026-09-25T01:16:01.529+00:00,21072-30059,dryers,50170074,72000000,2026-09-25 01:16:01,2026-09-25 01:00:09,46,952.0,1808.0,,Available,website maps this code to Available
1,f016578a-f5e4-46b1-aa87-fc1a971cde3e,2026-09-25T01:16:01.337+00:00,2026-09-25T01:16:01.529+00:00,21072-30059,dryers,50170071,52000000,2026-09-25 01:16:01,2026-09-25 01:02:03,23,838.0,542.0,,Finished,
1,f016578a-f5e4-46b1-aa87-fc1a971cde3e,2026-09-25T01:16:01.337+00:00,2026-09-25T01:16:01.529+00:00,21072-30059,dryers,50170054,52000000,2026-09-25 01:16:01,2026-09-25 01:14:04,23,117.0,1263.0,,Finished,
1,149bb749-52a9-4bf5-8805-f20591049825,2026-09-25T01:17:01.321+00:00,2026-09-25T01:17:01.502+00:00,21072-30059,washers,50170051,72000000,2026-09-25 01:17:01,2026-09-25 00:17:42,29,3559.0,-1819.0,,Available,website maps this code to Available
1,149bb749-52a9-4bf5-8805-f20591049825,2026-09-25T01:17:01.321+00:00,2026-09-25T01:17:01.502+00:00,21072-30059,washers,50170080,72000000,2026-09-25 01:17:01,2026-09-25 00:20:13,29,3408.0,-1668.0,,Available,website maps this code to Available
1,149bb749-52a9-4bf5-8805-f20591049825,2026-09-25T01:17:01.321+00:00,2026-09-25T01:17:01.502+00:00,21072-30059,washers,50170075,72000000,2026-09-25 01:17:01,2026-09-25 00:14:33,29,3748.0,-2008.0,,Available,website maps this code to Available
1,149bb749-52a9-4bf5-8805-f20591049825,2026-09-25T01:17:01.321+00:00,2026-09-25T01:17:01.502+00:00,21072-30059,washers,50170082,72000000,2026-09-25 01:17:01,2026-09-24 07:02:33,29,65668.0,-63928.0,,Available,website maps this code to Available
1,149bb749-52a9-4bf5-8805-f20591049825,2026-09-25T01:17:01.321+00:00,2026-09-25T01:17:01.502+00:00,21072-30059,washers,50170050,72000000,2026-09-25 01:17:01,2026-09-25 00:19:24,29,3457.0,-1717.0,,Available,website maps this code to Available
1,149bb749-52a9-4bf5-8805-f20591049825,2026-09-25T01:17:01.321+00:00,2026-09-25T01:17:01.502+00:00,21072-30059,washers,50170052,72000000,2026-09-25 01:17:01,2026-09-25 00:11:14,29,3947.0,-2207.0,,Available,website maps this code to Available
1,149bb749-52a9-4bf5-8805-f20591049825,2026-09-25T01:17:01.321+00:00,2026-09-25T01:17:01.502+00:00,21072-30059,washers,50170078,72000000,2026-09-25 01:17:01,2026-09-24 23:56:38,29,4823.0,-3083.0,,Available,website maps this code to Available
1,149bb749-52a9-4bf5-8805-f20591049825,2026-09-25T01:17:01.321+00:00,2026-09-25T01:17:01.502+00:00,21072-30059,washers,50170084,72000000,2026-09-25 01:17:01,2026-09-24 15:48:03,29,34138.0,-32398.0,,Available,website maps this code to Available
1,149bb749-52a9-4bf5-8805-f20591049825,2026-09-25T01:17:01.321+00:00,2026-09-25T01:17:01.502+00:00,21072-30059,washers,50170068,72000000,2026-09-25 01:17:01,2026-09-25 01:16:03,29,58.0,1682.0,,Available,website maps this code to Available
1,149bb749-52a9-4bf5-8805-f20591049825,2026-09-25T01:17:01.321+00:00,2026-09-25T01:17:01.502+00:00,21072-30059,washers,50170072,42000000,2026-09-25 01:17:01,2026-09-25 01:12:56,10,245.0,355.0,6,Running,
1,149bb749-52a9-4bf5-8805-f20591049825,2026-09-25T01:17:01.321+00:00,2026-09-25T01:17:01.502+00:00,21072-30059,washers,20483408,72000000,2026-09-25 01:17:01,2024-12-20 00:43:32,0,55643609.0,-55643609.0,,Available,website maps this code to Available
1,149bb749-52a9-4bf5-8805-f20591049825,2026-09-25T01:17:01.321+00:00,2026-09-25T01:17:01.502+00:00,21072-30059,washers,50170055,72000000,2026-09-25 01:17:01,2026-09-24 23:53:15,29,5026.0,-3286.0,,Available,website maps this code to Available
1,149bb749-52a9-4bf5-8805-f20591049825,2026-09-25T01:17:01.321+00:00,2026-09-25T01:17:01.502+00:00,21072-30059,dryers,50170058,72000000,2026-09-25 01:17:01,2026-09-12 03:29:03,46,1115278.0,-1112518.0,,Available,website maps this code to Available
1,149bb749-52a9-4bf5-8805-f20591049825,2026-09-25T01:17:01.321+00:00,2026-09-25T01:17:01.502+00:00,21072-30059,dryers,50170061,72000000,2026-09-25 01:17:01,2026-09-24 20:07:24,46,18577.0,-15817.0,,Available,website maps this code to Available
1,149bb749-52a9-4bf5-8805-f20591049825,2026-09-25T01:17:01.321+00:00,2026-09-25T01:17:01.502+00:00,21072-30059,dryers,50170081,42000000,2026-09-25 01:17:01,2026-09-25 01:12:32,45,269.0,2431.0,41,Running,
1,149bb749-52a9-4bf5-8805-f20591049825,2026-09-25T01:17:01.321+00:00,2026-09-25T01:17:01.502+00:00,21072-30059,dryers,50170060,72000000,2026-09-25 01:17:01,2026-09-25 01:09:05,46,476.0,2284.0,,Available,website maps this code to Available
1,149bb749-52a9-4bf5-8805-f20591049825,2026-09-25T01:17:01.321+00:00,2026-09-25T01:17:01.502+00:00,21072-30059,dryers,50170087,72000000,2026-09-25 01:17:01,2026-09-25 01:09:36,46,445.0,2315.0,,Available,website maps this code to Available
1,149bb749-52a9-4bf5-8805-f20591049825,2026-09-25T01:17:01.321+00:00,2026-09-25T01:17:01.502+00:00,21072-30059,dryers,50170064,72000000,2026-09-25 01:17:01,2026-09-24 07:02:42,46,65659.0,-62899.0,,Available,website maps this code to Available
1,149bb749-52a9-4bf5-8805-f20591049825,2026-09-25T01:17:01.321+00:00,2026-09-25T01:17:01.502+00:00,21072-30059,dryers,50170065,72000000,2026-09-25 01:17:01,2026-09-25 00:46:05,46,1856.0,904.0,,Available,website maps this code to Available
1,149bb749-52a9-4bf5-8805-f20591049825,2026-09-25T01:17:01.321+00:00,2026-09-25T01:17:01.502+00:00,21072-30059,dryers,50170059,72000000,2026-09-25 01:17:01,2026-09-24 15:47:57,46,34144.0,-31384.0,,Available,website maps this code to Available
1,149bb749-52a9-4bf5-8805-f20591049825,2026-09-25T01:17:01.321+00:00,2026-09-25T01:17:01.502+00:00,21072-30059,dryers,50170057,72000000,2026-09-25 01:17:01,2026-09-25 00:46:30,46,1831.0,929.0,,Available,website maps this code to Available
1,149bb749-52a9-4bf5-8805-f20591049825,2026-09-25T01:17:01.321+00:00,2026-09-25T01:17:01.502+00:00,21072-30059,dryers,50170062,72000000,2026-09-25 01:17:01,2026-09-25 00:45:14,46,1907.0,853.0,,Available,website maps this code to Available
1,149bb749-52a9-4bf5-8805-f20591049825,2026-09-25T01:17:01.321+00:00,2026-09-25T01:17:01.502+00:00,21072-30059,dryers,50170067,72000000,2026-09-25 01:17:01,2026-09-25 01:00:01,46,1020.0,1740.0,,Available,website maps this code to Available
1,149bb749-52a9-4bf5-8805-f20591049825,2026-09-25T01:17:01.321+00:00,2026-09-25T01:17:01.502+00:00,21072-30059,dryers,50170074,72000000,2026-09-25 01:17:01,2026-09-25 01:00:09,46,1012.0,1748.0,,Available,website maps this code to Available
1,149bb749-52a9-4bf5-8805-f20591049825,2026-09-25T01:17:01.321+00:00,2026-09-25T01:17:01.502+00:00,21072-30059,dryers,50170071,52000000,2026-09-25 01:17:01,2026-09-25 01:02:03,23,898.0,482.0,,Finished,
1,149bb749-52a9-4bf5-8805-f20591049825,2026-09-25T01:17:01.321+00:00,2026-09-25T01:17:01.502+00:00,21072-30059,dryers,50170054,52000000,2026-09-25 01:17:01,2026-09-25 01:14:04,23,177.0,1203.0,,Finished,
1,5dfcf62c-77ae-44af-8d3b-e8f75d170083,2026-09-25T01:18:01.273+00:00,2026-09-25T01:18:01.469+00:00,21072-30059,washers,50170051,72000000,2026-09-25 01:18:01,2026-09-25 00:17:42,29,3619.0,-1879.0,,Available,website maps this code to Available
1,5dfcf62c-77ae-44af-8d3b-e8f75d170083,2026-09-25T01:18:01.273+00:00,2026-09-25T01:18:01.469+00:00,21072-30059,washers,50170080,72000000,2026-09-25 01:18:01,2026-09-25 00:20:13,29,3468.0,-1728.0,,Available,website maps this code to Available
1,5dfcf62c-77ae-44af-8d3b-e8f75d170083,2026-09-25T01:18:01.273+00:00,2026-09-25T01:18:01.469+00:00,21072-30059,washers,50170075,72000000,2026-09-25 01:18:01,2026-09-25 00:14:33,29,3808.0,-2068.0,,Available,website maps this code to Available
1,5dfcf62c-77ae-44af-8d3b-e8f75d170083,2026-09-25T01:18:01.273+00:00,2026-09-25T01:18:01.469+00:00,21072-30059,washers,50170082,72000000,2026-09-25 01:18:01,2026-09-24 07:02:33,29,65728.0,-63988.0,,Available,website maps this code to Available
1,5dfcf62c-77ae-44af-8d3b-e8f75d170083,2026-09-25T01:18:01.273+00:00,2026-09-25T01:18:01.469+00:00,21072-30059,washers,50170050,72000000,2026-09-25 01:18:01,2026-09-25 00:19:24,29,3517.0,-1777.0,,Available,website maps this code to Available
1,5dfcf62c-77ae-44af-8d3b-e8f75d170083,2026-09-25T01:18:01.273+00:00,2026-09-25T01:18:01.469+00:00,21072-30059,washers,50170052,72000000,2026-09-25 01:18:01,2026-09-25 00:11:14,29,4007.0,-2267.0,,Available,website maps this code to Available
1,5dfcf62c-77ae-44af-8d3b-e8f75d170083,2026-09-25T01:18:01.273+00:00,2026-09-25T01:18:01.469+00:00,21072-30059,washers,50170078,72000000,2026-09-25 01:18:01,2026-09-24 23:56:38,29,4883.0,-3143.0,,Available,website maps this code to Available
1,5dfcf62c-77ae-44af-8d3b-e8f75d170083,2026-09-25T01:18:01.273+00:00,2026-09-25T01:18:01.469+00:00,21072-30059,washers,50170084,72000000,2026-09-25 01:18:01,2026-09-24 15:48:03,29,34198.0,-32458.0,,Available,website maps this code to Available
1,5dfcf62c-77ae-44af-8d3b-e8f75d170083,2026-09-25T01:18:01.273+00:00,2026-09-25T01:18:01.469+00:00,21072-30059,washers,50170068,72000000,2026-09-25 01:18:01,2026-09-25 01:16:03,29,118.0,1622.0,,Available,website maps this code to Available
1,5dfcf62c-77ae-44af-8d3b-e8f75d170083,2026-09-25T01:18:01.273+00:00,2026-09-25T01:18:01.469+00:00,21072-30059,washers,50170072,42000000,2026-09-25 01:18:01,2026-09-25 01:12:56,10,305.0,295.0,5,Running,
1,5dfcf62c-77ae-44af-8d3b-e8f75d170083,2026-09-25T01:18:01.273+00:00,2026-09-25T01:18:01.469+00:00,21072-30059,washers,20483408,72000000,2026-09-25 01:18:01,2024-12-20 00:43:32,0,55643669.0,-55643669.0,,Available,website maps this code to Available
1,5dfcf62c-77ae-44af-8d3b-e8f75d170083,2026-09-25T01:18:01.273+00:00,2026-09-25T01:18:01.469+00:00,21072-30059,washers,50170055,72000000,2026-09-25 01:18:01,2026-09-24 23:53:15,29,5086.0,-3346.0,,Available,website maps this code to Available
1,5dfcf62c-77ae-44af-8d3b-e8f75d170083,2026-09-25T01:18:01.273+00:00,2026-09-25T01:18:01.469+00:00,21072-30059,dryers,50170058,72000000,2026-09-25 01:18:01,2026-09-12 03:29:03,46,1115338.0,-1112578.0,,Available,website maps this code to Available
1,5dfcf62c-77ae-44af-8d3b-e8f75d170083,2026-09-25T01:18:01.273+00:00,2026-09-25T01:18:01.469+00:00,21072-30059,dryers,50170061,72000000,2026-09-25 01:18:01,2026-09-24 20:07:24,46,18637.0,-15877.0,,Available,website maps this code to Available
1,5dfcf62c-77ae-44af-8d3b-e8f75d170083,2026-09-25T01:18:01.273+00:00,2026-09-25T01:18:01.469+00:00,21072-30059,dryers,50170081,42000000,2026-09-25 01:18:01,2026-09-25 01:12:32,45,329.0,2371.0,40,Running,
1,5dfcf62c-77ae-44af-8d3b-e8f75d170083,2026-09-25T01:18:01.273+00:00,2026-09-25T01:18:01.469+00:00,21072-30059,dryers,50170060,72000000,2026-09-25 01:18:01,2026-09-25 01:09:05,46,536.0,2224.0,,Available,website maps this code to Available
1,5dfcf62c-77ae-44af-8d3b-e8f75d170083,2026-09-25T01:18:01.273+00:00,2026-09-25T01:18:01.469+00:00,21072-30059,dryers,50170087,72000000,2026-09-25 01:18:01,2026-09-25 01:09:36,46,505.0,2255.0,,Available,website maps this code to Available
1,5dfcf62c-77ae-44af-8d3b-e8f75d170083,2026-09-25T01:18:01.273+00:00,2026-09-25T01:18:01.469+00:00,21072-30059,dryers,50170064,72000000,2026-09-25 01:18:01,2026-09-24 07:02:42,46,65719.0,-62959.0,,Available,website maps this code to Available
1,5dfcf62c-77ae-44af-8d3b-e8f75d170083,2026-09-25T01:18:01.273+00:00,2026-09-25T01:18:01.469+00:00,21072-30059,dryers,50170065,72000000,2026-09-25 01:18:01,2026-09-25 00:46:05,46,1916.0,844.0,,Available,website maps this code to Available
1,5dfcf62c-77ae-44af-8d3b-e8f75d170083,2026-09-25T01:18:01.273+00:00,2026-09-25T01:18:01.469+00:00,21072-30059,dryers,50170059,72000000,2026-09-25 01:18:01,2026-09-24 15:47:57,46,34204.0,-31444.0,,Available,website maps this code to Available
1,5dfcf62c-77ae-44af-8d3b-e8f75d170083,2026-09-25T01:18:01.273+00:00,2026-09-25T01:18:01.469+00:00,21072-30059,dryers,50170057,42000000,2026-09-25 01:18:01,2026-09-25 01:17:57,45,4.0,2696.0,45,Running,
1,5dfcf62c-77ae-44af-8d3b-e8f75d170083,2026-09-25T01:18:01.273+00:00,2026-09-25T01:18:01.469+00:00,21072-30059,dryers,50170062,72000000,2026-09-25 01:18:01,2026-09-25 00:45:14,46,1967.0,793.0,,Available,website maps this code to Available
1,5dfcf62c-77ae-44af-8d3b-e8f75d170083,2026-09-25T01:18:01.273+00:00,2026-09-25T01:18:01.469+00:00,21072-30059,dryers,50170067,72000000,2026-09-25 01:18:01,2026-09-25 01:00:01,46,1080.0,1680.0,,Available,website maps this code to Available
1,5dfcf62c-77ae-44af-8d3b-e8f75d170083,2026-09-25T01:18:01.273+00:00,2026-09-25T01:18:01.469+00:00,21072-30059,dryers,50170074,72000000,2026-09-25 01:18:01,2026-09-25 01:00:09,46,1072.0,1688.0,,Available,website maps this code to Available
1,5dfcf62c-77ae-44af-8d3b-e8f75d170083,2026-09-25T01:18:01.273+00:00,2026-09-25T01:18:01.469+00:00,21072-30059,dryers,50170071,52000000,2026-09-25 01:18:01,2026-09-25 01:02:03,23,958.0,422.0,,Finished,
1,5dfcf62c-77ae-44af-8d3b-e8f75d170083,2026-09-25T01:18:01.273+00:00,2026-09-25T01:18:01.469+00:00,21072-30059,dryers,50170054,52000000,2026-09-25 01:18:01,2026-09-25 01:14:04,23,237.0,1143.0,,Finished,
1,11ba0a63-7e25-4dd3-a613-35d10d2bbdb7,2026-09-25T01:19:01.288+00:00,2026-09-25T01:19:01.484+00:00,21072-30059,washers,50170051,72000000,2026-09-25 01:19:01,2026-09-25 00:17:42,29,3679.0,-1939.0,,Available,website maps this code to Available
1,11ba0a63-7e25-4dd3-a613-35d10d2bbdb7,2026-09-25T01:19:01.288+00:00,2026-09-25T01:19:01.484+00:00,21072-30059,washers,50170080,72000000,2026-09-25 01:19:01,2026-09-25 00:20:13,29,3528.0,-1788.0,,Available,website maps this code to Available
1,11ba0a63-7e25-4dd3-a613-35d10d2bbdb7,2026-09-25T01:19:01.288+00:00,2026-09-25T01:19:01.484+00:00,21072-30059,washers,50170075,72000000,2026-09-25 01:19:01,2026-09-25 00:14:33,29,3868.0,-2128.0,,Available,website maps this code to Available
1,11ba0a63-7e25-4dd3-a613-35d10d2bbdb7,2026-09-25T01:19:01.288+00:00,2026-09-25T01:19:01.484+00:00,21072-30059,washers,50170082,72000000,2026-09-25 01:19:01,2026-09-24 07:02:33,29,65788.0,-64048.0,,Available,website maps this code to Available
1,11ba0a63-7e25-4dd3-a613-35d10d2bbdb7,2026-09-25T01:19:01.288+00:00,2026-09-25T01:19:01.484+00:00,21072-30059,washers,50170050,72000000,2026-09-25 01:19:01,2026-09-25 00:19:24,29,3577.0,-1837.0,,Available,website maps this code to Available
1,11ba0a63-7e25-4dd3-a613-35d10d2bbdb7,2026-09-25T01:19:01.288+00:00,2026-09-25T01:19:01.484+00:00,21072-30059,washers,50170052,72000000,2026-09-25 01:19:01,2026-09-25 00:11:14,29,4067.0,-2327.0,,Available,website maps this code to Available
1,11ba0a63-7e25-4dd3-a613-35d10d2bbdb7,2026-09-25T01:19:01.288+00:00,2026-09-25T01:19:01.484+00:00,21072-30059,washers,50170078,72000000,2026-09-25 01:19:01,2026-09-24 23:56:38,29,4943.0,-3203.0,,Available,website maps this code to Available
1,11ba0a63-7e25-4dd3-a613-35d10d2bbdb7,2026-09-25T01:19:01.288+00:00,2026-09-25T01:19:01.484+00:00,21072-30059,washers,50170084,72000000,2026-09-25 01:19:01,2026-09-24 15:48:03,29,34258.0,-32518.0,,Available,website maps this code to Available
1,11ba0a63-7e25-4dd3-a613-35d10d2bbdb7,2026-09-25T01:19:01.288+00:00,2026-09-25T01:19:01.484+00:00,21072-30059,washers,50170068,72000000,2026-09-25 01:19:01,2026-09-25 01:16:03,29,178.0,1562.0,,Available,website maps this code to Available
1,11ba0a63-7e25-4dd3-a613-35d10d2bbdb7,2026-09-25T01:19:01.288+00:00,2026-09-25T01:19:01.484+00:00,21072-30059,washers,50170072,42000000,2026-09-25 01:19:01,2026-09-25 01:12:56,10,365.0,235.0,4,Running,
1,11ba0a63-7e25-4dd3-a613-35d10d2bbdb7,2026-09-25T01:19:01.288+00:00,2026-09-25T01:19:01.484+00:00,21072-30059,washers,20483408,72000000,2026-09-25 01:19:01,2024-12-20 00:43:32,0,55643729.0,-55643729.0,,Available,website maps this code to Available
1,11ba0a63-7e25-4dd3-a613-35d10d2bbdb7,2026-09-25T01:19:01.288+00:00,2026-09-25T01:19:01.484+00:00,21072-30059,washers,50170055,72000000,2026-09-25 01:19:01,2026-09-24 23:53:15,29,5146.0,-3406.0,,Available,website maps this code to Available
1,11ba0a63-7e25-4dd3-a613-35d10d2bbdb7,2026-09-25T01:19:01.288+00:00,2026-09-25T01:19:01.484+00:00,21072-30059,dryers,50170058,72000000,2026-09-25 01:19:01,2026-09-12 03:29:03,46,1115398.0,-1112638.0,,Available,website maps this code to Available
1,11ba0a63-7e25-4dd3-a613-35d10d2bbdb7,2026-09-25T01:19:01.288+00:00,2026-09-25T01:19:01.484+00:00,21072-30059,dryers,50170061,72000000,2026-09-25 01:19:01,2026-09-24 20:07:24,46,18697.0,-15937.0,,Available,website maps this code to Available
1,11ba0a63-7e25-4dd3-a613-35d10d2bbdb7,2026-09-25T01:19:01.288+00:00,2026-09-25T01:19:01.484+00:00,21072-30059,dryers,50170081,42000000,2026-09-25 01:19:01,2026-09-25 01:12:32,45,389.0,2311.0,39,Running,
1,11ba0a63-7e25-4dd3-a613-35d10d2bbdb7,2026-09-25T01:19:01.288+00:00,2026-09-25T01:19:01.484+00:00,21072-30059,dryers,50170060,72000000,2026-09-25 01:19:01,2026-09-25 01:09:05,46,596.0,2164.0,,Available,website maps this code to Available
1,11ba0a63-7e25-4dd3-a613-35d10d2bbdb7,2026-09-25T01:19:01.288+00:00,2026-09-25T01:19:01.484+00:00,21072-30059,dryers,50170087,72000000,2026-09-25 01:19:01,2026-09-25 01:09:36,46,565.0,2195.0,,Available,website maps this code to Available
1,11ba0a63-7e25-4dd3-a613-35d10d2bbdb7,2026-09-25T01:19:01.288+00:00,2026-09-25T01:19:01.484+00:00,21072-30059,dryers,50170064,72000000,2026-09-25 01:19:01,2026-09-24 07:02:42,46,65779.0,-63019.0,,Available,website maps this code to Available
1,11ba0a63-7e25-4dd3-a613-35d10d2bbdb7,2026-09-25T01:19:01.288+00:00,2026-09-25T01:19:01.484+00:00,21072-30059,dryers,50170065,72000000,2026-09-25 01:19:01,2026-09-25 00:46:05,46,1976.0,784.0,,Available,website maps this code to Available
1,11ba0a63-7e25-4dd3-a613-35d10d2bbdb7,2026-09-25T01:19:01.288+00:00,2026-09-25T01:19:01.484+00:00,21072-30059,dryers,50170059,72000000,2026-09-25 01:19:01,2026-09-24 15:47:57,46,34264.0,-31504.0,,Available,website maps this code to Available
1,11ba0a63-7e25-4dd3-a613-35d10d2bbdb7,2026-09-25T01:19:01.288+00:00,2026-09-25T01:19:01.484+00:00,21072-30059,dryers,50170057,42000000,2026-09-25 01:19:01,2026-09-25 01:17:57,45,64.0,2636.0,44,Running,
1,11ba0a63-7e25-4dd3-a613-35d10d2bbdb7,2026-09-25T01:19:01.288+00:00,2026-09-25T01:19:01.484+00:00,21072-30059,dryers,50170062,42000000,2026-09-25 01:19:01,2026-09-25 01:18:42,45,19.0,2681.0,45,Running,
1,11ba0a63-7e25-4dd3-a613-35d10d2bbdb7,2026-09-25T01:19:01.288+00:00,2026-09-25T01:19:01.484+00:00,21072-30059,dryers,50170067,72000000,2026-09-25 01:19:01,2026-09-25 01:00:01,46,1140.0,1620.0,,Available,website maps this code to Available
1,11ba0a63-7e25-4dd3-a613-35d10d2bbdb7,2026-09-25T01:19:01.288+00:00,2026-09-25T01:19:01.484+00:00,21072-30059,dryers,50170074,72000000,2026-09-25 01:19:01,2026-09-25 01:00:09,46,1132.0,1628.0,,Available,website maps this code to Available
1,11ba0a63-7e25-4dd3-a613-35d10d2bbdb7,2026-09-25T01:19:01.288+00:00,2026-09-25T01:19:01.484+00:00,21072-30059,dryers,50170071,52000000,2026-09-25 01:19:01,2026-09-25 01:02:03,23,1018.0,362.0,,Finished,
1,11ba0a63-7e25-4dd3-a613-35d10d2bbdb7,2026-09-25T01:19:01.288+00:00,2026-09-25T01:19:01.484+00:00,21072-30059,dryers,50170054,52000000,2026-09-25 01:19:01,2026-09-25 01:14:04,23,297.0,1083.0,,Finished,
1,5a78b66a-6073-4263-9731-b059c9ec9c98,2026-09-25T01:20:01.383+00:00,2026-09-25T01:20:01.588+00:00,21072-30059,washers,50170051,72000000,2026-09-25 01:20:01,2026-09-25 00:17:42,29,3739.0,-1999.0,,Available,website maps this code to Available
1,5a78b66a-6073-4263-9731-b059c9ec9c98,2026-09-25T01:20:01.383+00:00,2026-09-25T01:20:01.588+00:00,21072-30059,washers,50170080,72000000,2026-09-25 01:20:01,2026-09-25 00:20:13,29,3588.0,-1848.0,,Available,website maps this code to Available
1,5a78b66a-6073-4263-9731-b059c9ec9c98,2026-09-25T01:20:01.383+00:00,2026-09-25T01:20:01.588+00:00,21072-30059,washers,50170075,72000000,2026-09-25 01:20:01,2026-09-25 00:14:33,29,3928.0,-2188.0,,Available,website maps this code to Available
1,5a78b66a-6073-4263-9731-b059c9ec9c98,2026-09-25T01:20:01.383+00:00,2026-09-25T01:20:01.588+00:00,21072-30059,washers,50170082,72000000,2026-09-25 01:20:01,2026-09-24 07:02:33,29,65848.0,-64108.0,,Available,website maps this code to Available
1,5a78b66a-6073-4263-9731-b059c9ec9c98,2026-09-25T01:20:01.383+00:00,2026-09-25T01:20:01.588+00:00,21072-30059,washers,50170050,72000000,2026-09-25 01:20:01,2026-09-25 00:19:24,29,3637.0,-1897.0,,Available,website maps this code to Available
1,5a78b66a-6073-4263-9731-b059c9ec9c98,2026-09-25T01:20:01.383+00:00,2026-09-25T01:20:01.588+00:00,21072-30059,washers,50170052,72000000,2026-09-25 01:20:01,2026-09-25 00:11:14,29,4127.0,-2387.0,,Available,website maps this code to Available
1,5a78b66a-6073-4263-9731-b059c9ec9c98,2026-09-25T01:20:01.383+00:00,2026-09-25T01:20:01.588+00:00,21072-30059,washers,50170078,72000000,2026-09-25 01:20:01,2026-09-24 23:56:38,29,5003.0,-3263.0,,Available,website maps this code to Available
1,5a78b66a-6073-4263-9731-b059c9ec9c98,2026-09-25T01:20:01.383+00:00,2026-09-25T01:20:01.588+00:00,21072-30059,washers,50170084,72000000,2026-09-25 01:20:01,2026-09-24 15:48:03,29,34318.0,-32578.0,,Available,website maps this code to Available
1,5a78b66a-6073-4263-9731-b059c9ec9c98,2026-09-25T01:20:01.383+00:00,2026-09-25T01:20:01.588+00:00,21072-30059,washers,50170068,72000000,2026-09-25 01:20:01,2026-09-25 01:16:03,29,238.0,1502.0,,Available,website maps this code to Available
1,5a78b66a-6073-4263-9731-b059c9ec9c98,2026-09-25T01:20:01.383+00:00,2026-09-25T01:20:01.588+00:00,21072-30059,washers,50170072,42000000,2026-09-25 01:20:01,2026-09-25 01:12:56,10,425.0,175.0,3,Running,
1,5a78b66a-6073-4263-9731-b059c9ec9c98,2026-09-25T01:20:01.383+00:00,2026-09-25T01:20:01.588+00:00,21072-30059,washers,20483408,72000000,2026-09-25 01:20:01,2024-12-20 00:43:32,0,55643789.0,-55643789.0,,Available,website maps this code to Available
1,5a78b66a-6073-4263-9731-b059c9ec9c98,2026-09-25T01:20:01.383+00:00,2026-09-25T01:20:01.588+00:00,21072-30059,washers,50170055,72000000,2026-09-25 01:20:01,2026-09-24 23:53:15,29,5206.0,-3466.0,,Available,website maps this code to Available
1,5a78b66a-6073-4263-9731-b059c9ec9c98,2026-09-25T01:20:01.383+00:00,2026-09-25T01:20:01.588+00:00,21072-30059,dryers,50170058,72000000,2026-09-25 01:20:01,2026-09-12 03:29:03,46,1115458.0,-1112698.0,,Available,website maps this code to Available
1,5a78b66a-6073-4263-9731-b059c9ec9c98,2026-09-25T01:20:01.383+00:00,2026-09-25T01:20:01.588+00:00,21072-30059,dryers,50170061,72000000,2026-09-25 01:20:01,2026-09-24 20:07:24,46,18757.0,-15997.0,,Available,website maps this code to Available
1,5a78b66a-6073-4263-9731-b059c9ec9c98,2026-09-25T01:20:01.383+00:00,2026-09-25T01:20:01.588+00:00,21072-30059,dryers,50170081,42000000,2026-09-25 01:20:01,2026-09-25 01:12:32,45,449.0,2251.0,38,Running,
1,5a78b66a-6073-4263-9731-b059c9ec9c98,2026-09-25T01:20:01.383+00:00,2026-09-25T01:20:01.588+00:00,21072-30059,dryers,50170060,72000000,2026-09-25 01:20:01,2026-09-25 01:09:05,46,656.0,2104.0,,Available,website maps this code to Available
1,5a78b66a-6073-4263-9731-b059c9ec9c98,2026-09-25T01:20:01.383+00:00,2026-09-25T01:20:01.588+00:00,21072-30059,dryers,50170087,72000000,2026-09-25 01:20:01,2026-09-25 01:09:36,46,625.0,2135.0,,Available,website maps this code to Available
1,5a78b66a-6073-4263-9731-b059c9ec9c98,2026-09-25T01:20:01.383+00:00,2026-09-25T01:20:01.588+00:00,21072-30059,dryers,50170064,72000000,2026-09-25 01:20:01,2026-09-24 07:02:42,46,65839.0,-63079.0,,Available,website maps this code to Available
1,5a78b66a-6073-4263-9731-b059c9ec9c98,2026-09-25T01:20:01.383+00:00,2026-09-25T01:20:01.588+00:00,21072-30059,dryers,50170065,72000000,2026-09-25 01:20:01,2026-09-25 00:46:05,46,2036.0,724.0,,Available,website maps this code to Available
1,5a78b66a-6073-4263-9731-b059c9ec9c98,2026-09-25T01:20:01.383+00:00,2026-09-25T01:20:01.588+00:00,21072-30059,dryers,50170059,72000000,2026-09-25 01:20:01,2026-09-24 15:47:57,46,34324.0,-31564.0,,Available,website maps this code to Available
1,5a78b66a-6073-4263-9731-b059c9ec9c98,2026-09-25T01:20:01.383+00:00,2026-09-25T01:20:01.588+00:00,21072-30059,dryers,50170057,42000000,2026-09-25 01:20:01,2026-09-25 01:17:57,45,124.0,2576.0,43,Running,
1,5a78b66a-6073-4263-9731-b059c9ec9c98,2026-09-25T01:20:01.383+00:00,2026-09-25T01:20:01.588+00:00,21072-30059,dryers,50170062,42000000,2026-09-25 01:20:01,2026-09-25 01:18:42,45,79.0,2621.0,44,Running,
1,5a78b66a-6073-4263-9731-b059c9ec9c98,2026-09-25T01:20:01.383+00:00,2026-09-25T01:20:01.588+00:00,21072-30059,dryers,50170067,72000000,2026-09-25 01:20:01,2026-09-25 01:00:01,46,1200.0,1560.0,,Available,website maps this code to Available
1,5a78b66a-6073-4263-9731-b059c9ec9c98,2026-09-25T01:20:01.383+00:00,2026-09-25T01:20:01.588+00:00,21072-30059,dryers,50170074,72000000,2026-09-25 01:20:01,2026-09-25 01:00:09,46,1192.0,1568.0,,Available,website maps this code to Available
1,5a78b66a-6073-4263-9731-b059c9ec9c98,2026-09-25T01:20:01.383+00:00,2026-09-25T01:20:01.588+00:00,21072-30059,dryers,50170071,52000000,2026-09-25 01:20:01,2026-09-25 01:02:03,23,1078.0,302.0,,Finished,
1,5a78b66a-6073-4263-9731-b059c9ec9c98,2026-09-25T01:20:01.383+00:00,2026-09-25T01:20:01.588+00:00,21072-30059,dryers,50170054,52000000,2026-09-25 01:20:01,2026-09-25 01:14:04,23,357.0,1023.0,,Finished,
1,61a6acb3-d116-4577-9cd0-0ea70f7ebdac,2026-09-25T01:21:01.316+00:00,2026-09-25T01:21:01.509+00:00,21072-30059,washers,50170051,72000000,2026-09-25 01:21:01,2026-09-25 00:17:42,29,3799.0,-2059.0,,Available,website maps this code to Available
1,61a6acb3-d116-4577-9cd0-0ea70f7ebdac,2026-09-25T01:21:01.316+00:00,2026-09-25T01:21:01.509+00:00,21072-30059,washers,50170080,72000000,2026-09-25 01:21:01,2026-09-25 00:20:13,29,3648.0,-1908.0,,Available,website maps this code to Available
1,61a6acb3-d116-4577-9cd0-0ea70f7ebdac,2026-09-25T01:21:01.316+00:00,2026-09-25T01:21:01.509+00:00,21072-30059,washers,50170075,72000000,2026-09-25 01:21:01,2026-09-25 00:14:33,29,3988.0,-2248.0,,Available,website maps this code to Available
1,61a6acb3-d116-4577-9cd0-0ea70f7ebdac,2026-09-25T01:21:01.316+00:00,2026-09-25T01:21:01.509+00:00,21072-30059,washers,50170082,72000000,2026-09-25 01:21:01,2026-09-24 07:02:33,29,65908.0,-64168.0,,Available,website maps this code to Available
1,61a6acb3-d116-4577-9cd0-0ea70f7ebdac,2026-09-25T01:21:01.316+00:00,2026-09-25T01:21:01.509+00:00,21072-30059,washers,50170050,72000000,2026-09-25 01:21:01,2026-09-25 00:19:24,29,3697.0,-1957.0,,Available,website maps this code to Available
1,61a6acb3-d116-4577-9cd0-0ea70f7ebdac,2026-09-25T01:21:01.316+00:00,2026-09-25T01:21:01.509+00:00,21072-30059,washers,50170052,72000000,2026-09-25 01:21:01,2026-09-25 00:11:14,29,4187.0,-2447.0,,Available,website maps this code to Available
1,61a6acb3-d116-4577-9cd0-0ea70f7ebdac,2026-09-25T01:21:01.316+00:00,2026-09-25T01:21:01.509+00:00,21072-30059,washers,50170078,72000000,2026-09-25 01:21:01,2026-09-24 23:56:38,29,5063.0,-3323.0,,Available,website maps this code to Available
1,61a6acb3-d116-4577-9cd0-0ea70f7ebdac,2026-09-25T01:21:01.316+00:00,2026-09-25T01:21:01.509+00:00,21072-30059,washers,50170084,72000000,2026-09-25 01:21:01,2026-09-24 15:48:03,29,34378.0,-32638.0,,Available,website maps this code to Available
1,61a6acb3-d116-4577-9cd0-0ea70f7ebdac,2026-09-25T01:21:01.316+00:00,2026-09-25T01:21:01.509+00:00,21072-30059,washers,50170068,72000000,2026-09-25 01:21:01,2026-09-25 01:16:03,29,298.0,1442.0,,Available,website maps this code to Available
1,61a6acb3-d116-4577-9cd0-0ea70f7ebdac,2026-09-25T01:21:01.316+00:00,2026-09-25T01:21:01.509+00:00,21072-30059,washers,50170072,42000000,2026-09-25 01:21:01,2026-09-25 01:12:56,10,485.0,115.0,2,Running,
1,61a6acb3-d116-4577-9cd0-0ea70f7ebdac,2026-09-25T01:21:01.316+00:00,2026-09-25T01:21:01.509+00:00,21072-30059,washers,20483408,72000000,2026-09-25 01:21:01,2024-12-20 00:43:32,0,55643849.0,-55643849.0,,Available,website maps this code to Available
1,61a6acb3-d116-4577-9cd0-0ea70f7ebdac,2026-09-25T01:21:01.316+00:00,2026-09-25T01:21:01.509+00:00,21072-30059,washers,50170055,72000000,2026-09-25 01:21:01,2026-09-24 23:53:15,29,5266.0,-3526.0,,Available,website maps this code to Available
1,61a6acb3-d116-4577-9cd0-0ea70f7ebdac,2026-09-25T01:21:01.316+00:00,2026-09-25T01:21:01.509+00:00,21072-30059,dryers,50170058,72000000,2026-09-25 01:21:01,2026-09-12 03:29:03,46,1115518.0,-1112758.0,,Available,website maps this code to Available
1,61a6acb3-d116-4577-9cd0-0ea70f7ebdac,2026-09-25T01:21:01.316+00:00,2026-09-25T01:21:01.509+00:00,21072-30059,dryers,50170061,72000000,2026-09-25 01:21:01,2026-09-24 20:07:24,46,18817.0,-16057.0,,Available,website maps this code to Available
1,61a6acb3-d116-4577-9cd0-0ea70f7ebdac,2026-09-25T01:21:01.316+00:00,2026-09-25T01:21:01.509+00:00,21072-30059,dryers,50170081,42000000,2026-09-25 01:21:01,2026-09-25 01:12:32,45,509.0,2191.0,37,Running,
1,61a6acb3-d116-4577-9cd0-0ea70f7ebdac,2026-09-25T01:21:01.316+00:00,2026-09-25T01:21:01.509+00:00,21072-30059,dryers,50170060,72000000,2026-09-25 01:21:01,2026-09-25 01:09:05,46,716.0,2044.0,,Available,website maps this code to Available
1,61a6acb3-d116-4577-9cd0-0ea70f7ebdac,2026-09-25T01:21:01.316+00:00,2026-09-25T01:21:01.509+00:00,21072-30059,dryers,50170087,72000000,2026-09-25 01:21:01,2026-09-25 01:09:36,46,685.0,2075.0,,Available,website maps this code to Available
1,61a6acb3-d116-4577-9cd0-0ea70f7ebdac,2026-09-25T01:21:01.316+00:00,2026-09-25T01:21:01.509+00:00,21072-30059,dryers,50170064,72000000,2026-09-25 01:21:01,2026-09-24 07:02:42,46,65899.0,-63139.0,,Available,website maps this code to Available
1,61a6acb3-d116-4577-9cd0-0ea70f7ebdac,2026-09-25T01:21:01.316+00:00,2026-09-25T01:21:01.509+00:00,21072-30059,dryers,50170065,72000000,2026-09-25 01:21:01,2026-09-25 00:46:05,46,2096.0,664.0,,Available,website maps this code to Available
1,61a6acb3-d116-4577-9cd0-0ea70f7ebdac,2026-09-25T01:21:01.316+00:00,2026-09-25T01:21:01.509+00:00,21072-30059,dryers,50170059,72000000,2026-09-25 01:21:01,2026-09-24 15:47:57,46,34384.0,-31624.0,,Available,website maps this code to Available
1,61a6acb3-d116-4577-9cd0-0ea70f7ebdac,2026-09-25T01:21:01.316+00:00,2026-09-25T01:21:01.509+00:00,21072-30059,dryers,50170057,42000000,2026-09-25 01:21:01,2026-09-25 01:17:57,45,184.0,2516.0,42,Running,
1,61a6acb3-d116-4577-9cd0-0ea70f7ebdac,2026-09-25T01:21:01.316+00:00,2026-09-25T01:21:01.509+00:00,21072-30059,dryers,50170062,42000000,2026-09-25 01:21:01,2026-09-25 01:18:42,45,139.0,2561.0,43,Running,
1,61a6acb3-d116-4577-9cd0-0ea70f7ebdac,2026-09-25T01:21:01.316+00:00,2026-09-25T01:21:01.509+00:00,21072-30059,dryers,50170067,72000000,2026-09-25 01:21:01,2026-09-25 01:00:01,46,1260.0,1500.0,,Available,website maps this code to Available
1,61a6acb3-d116-4577-9cd0-0ea70f7ebdac,2026-09-25T01:21:01.316+00:00,2026-09-25T01:21:01.509+00:00,21072-30059,dryers,50170074,72000000,2026-09-25 01:21:01,2026-09-25 01:00:09,46,1252.0,1508.0,,Available,website maps this code to Available
1,61a6acb3-d116-4577-9cd0-0ea70f7ebdac,2026-09-25T01:21:01.316+00:00,2026-09-25T01:21:01.509+00:00,21072-30059,dryers,50170071,52000000,2026-09-25 01:21:01,2026-09-25 01:02:03,23,1138.0,242.0,,Finished,
1,61a6acb3-d116-4577-9cd0-0ea70f7ebdac,2026-09-25T01:21:01.316+00:00,2026-09-25T01:21:01.509+00:00,21072-30059,dryers,50170054,52000000,2026-09-25 01:21:01,2026-09-25 01:14:04,23,417.0,963.0,,Finished,
1,c81806be-e46d-4bca-8ff2-8fbcb7e004f4,2026-09-25T01:22:01.268+00:00,2026-09-25T01:22:01.487+00:00,21072-30059,washers,50170051,72000000,2026-09-25 01:22:01,2026-09-25 00:17:42,29,3859.0,-2119.0,,Available,website maps this code to Available
1,c81806be-e46d-4bca-8ff2-8fbcb7e004f4,2026-09-25T01:22:01.268+00:00,2026-09-25T01:22:01.487+00:00,21072-30059,washers,50170080,72000000,2026-09-25 01:22:01,2026-09-25 00:20:13,29,3708.0,-1968.0,,Available,website maps this code to Available
1,c81806be-e46d-4bca-8ff2-8fbcb7e004f4,2026-09-25T01:22:01.268+00:00,2026-09-25T01:22:01.487+00:00,21072-30059,washers,50170075,72000000,2026-09-25 01:22:01,2026-09-25 00:14:33,29,4048.0,-2308.0,,Available,website maps this code to Available
1,c81806be-e46d-4bca-8ff2-8fbcb7e004f4,2026-09-25T01:22:01.268+00:00,2026-09-25T01:22:01.487+00:00,21072-30059,washers,50170082,72000000,2026-09-25 01:22:01,2026-09-24 07:02:33,29,65968.0,-64228.0,,Available,website maps this code to Available
1,c81806be-e46d-4bca-8ff2-8fbcb7e004f4,2026-09-25T01:22:01.268+00:00,2026-09-25T01:22:01.487+00:00,21072-30059,washers,50170050,72000000,2026-09-25 01:22:01,2026-09-25 00:19:24,29,3757.0,-2017.0,,Available,website maps this code to Available
1,c81806be-e46d-4bca-8ff2-8fbcb7e004f4,2026-09-25T01:22:01.268+00:00,2026-09-25T01:22:01.487+00:00,21072-30059,washers,50170052,72000000,2026-09-25 01:22:01,2026-09-25 00:11:14,29,4247.0,-2507.0,,Available,website maps this code to Available
1,c81806be-e46d-4bca-8ff2-8fbcb7e004f4,2026-09-25T01:22:01.268+00:00,2026-09-25T01:22:01.487+00:00,21072-30059,washers,50170078,72000000,2026-09-25 01:22:01,2026-09-24 23:56:38,29,5123.0,-3383.0,,Available,website maps this code to Available
1,c81806be-e46d-4bca-8ff2-8fbcb7e004f4,2026-09-25T01:22:01.268+00:00,2026-09-25T01:22:01.487+00:00,21072-30059,washers,50170084,72000000,2026-09-25 01:22:01,2026-09-24 15:48:03,29,34438.0,-32698.0,,Available,website maps this code to Available
1,c81806be-e46d-4bca-8ff2-8fbcb7e004f4,2026-09-25T01:22:01.268+00:00,2026-09-25T01:22:01.487+00:00,21072-30059,washers,50170068,72000000,2026-09-25 01:22:01,2026-09-25 01:16:03,29,358.0,1382.0,,Available,website maps this code to Available
1,c81806be-e46d-4bca-8ff2-8fbcb7e004f4,2026-09-25T01:22:01.268+00:00,2026-09-25T01:22:01.487+00:00,21072-30059,washers,50170072,42000000,2026-09-25 01:22:01,2026-09-25 01:12:56,10,545.0,55.0,1,Running,
1,c81806be-e46d-4bca-8ff2-8fbcb7e004f4,2026-09-25T01:22:01.268+00:00,2026-09-25T01:22:01.487+00:00,21072-30059,washers,20483408,72000000,2026-09-25 01:22:01,2024-12-20 00:43:32,0,55643909.0,-55643909.0,,Available,website maps this code to Available
1,c81806be-e46d-4bca-8ff2-8fbcb7e004f4,2026-09-25T01:22:01.268+00:00,2026-09-25T01:22:01.487+00:00,21072-30059,washers,50170055,72000000,2026-09-25 01:22:01,2026-09-24 23:53:15,29,5326.0,-3586.0,,Available,website maps this code to Available
1,c81806be-e46d-4bca-8ff2-8fbcb7e004f4,2026-09-25T01:22:01.268+00:00,2026-09-25T01:22:01.487+00:00,21072-30059,dryers,50170058,72000000,2026-09-25 01:22:01,2026-09-12 03:29:03,46,1115578.0,-1112818.0,,Available,website maps this code to Available
1,c81806be-e46d-4bca-8ff2-8fbcb7e004f4,2026-09-25T01:22:01.268+00:00,2026-09-25T01:22:01.487+00:00,21072-30059,dryers,50170061,72000000,2026-09-25 01:22:01,2026-09-24 20:07:24,46,18877.0,-16117.0,,Available,website maps this code to Available
1,c81806be-e46d-4bca-8ff2-8fbcb7e004f4,2026-09-25T01:22:01.268+00:00,2026-09-25T01:22:01.487+00:00,21072-30059,dryers,50170081,42000000,2026-09-25 01:22:01,2026-09-25 01:12:32,45,569.0,2131.0,36,Running,
1,c81806be-e46d-4bca-8ff2-8fbcb7e004f4,2026-09-25T01:22:01.268+00:00,2026-09-25T01:22:01.487+00:00,21072-30059,dryers,50170060,72000000,2026-09-25 01:22:01,2026-09-25 01:09:05,46,776.0,1984.0,,Available,website maps this code to Available
1,c81806be-e46d-4bca-8ff2-8fbcb7e004f4,2026-09-25T01:22:01.268+00:00,2026-09-25T01:22:01.487+00:00,21072-30059,dryers,50170087,72000000,2026-09-25 01:22:01,2026-09-25 01:09:36,46,745.0,2015.0,,Available,website maps this code to Available
1,c81806be-e46d-4bca-8ff2-8fbcb7e004f4,2026-09-25T01:22:01.268+00:00,2026-09-25T01:22:01.487+00:00,21072-30059,dryers,50170064,72000000,2026-09-25 01:22:01,2026-09-24 07:02:42,46,65959.0,-63199.0,,Available,website maps this code to Available
1,c81806be-e46d-4bca-8ff2-8fbcb7e004f4,2026-09-25T01:22:01.268+00:00,2026-09-25T01:22:01.487+00:00,21072-30059,dryers,50170065,72000000,2026-09-25 01:22:01,2026-09-25 00:46:05,46,2156.0,604.0,,Available,website maps this code to Available
1,c81806be-e46d-4bca-8ff2-8fbcb7e004f4,2026-09-25T01:22:01.268+00:00,2026-09-25T01:22:01.487+00:00,21072-30059,dryers,50170059,72000000,2026-09-25 01:22:01,2026-09-24 15:47:57,46,34444.0,-31684.0,,Available,website maps this code to Available
1,c81806be-e46d-4bca-8ff2-8fbcb7e004f4,2026-09-25T01:22:01.268+00:00,2026-09-25T01:22:01.487+00:00,21072-30059,dryers,50170057,42000000,2026-09-25 01:22:01,2026-09-25 01:17:57,45,244.0,2456.0,41,Running,
1,c81806be-e46d-4bca-8ff2-8fbcb7e004f4,2026-09-25T01:22:01.268+00:00,2026-09-25T01:22:01.487+00:00,21072-30059,dryers,50170062,42000000,2026-09-25 01:22:01,2026-09-25 01:18:42,45,199.0,2501.0,42,Running,
1,c81806be-e46d-4bca-8ff2-8fbcb7e004f4,2026-09-25T01:22:01.268+00:00,2026-09-25T01:22:01.487+00:00,21072-30059,dryers,50170067,72000000,2026-09-25 01:22:01,2026-09-25 01:00:01,46,1320.0,1440.0,,Available,website maps this code to Available
1,c81806be-e46d-4bca-8ff2-8fbcb7e004f4,2026-09-25T01:22:01.268+00:00,2026-09-25T01:22:01.487+00:00,21072-30059,dryers,50170074,72000000,2026-09-25 01:22:01,2026-09-25 01:00:09,46,1312.0,1448.0,,Available,website maps this code to Available
1,c81806be-e46d-4bca-8ff2-8fbcb7e004f4,2026-09-25T01:22:01.268+00:00,2026-09-25T01:22:01.487+00:00,21072-30059,dryers,50170071,52000000,2026-09-25 01:22:01,2026-09-25 01:02:03,23,1198.0,182.0,,Finished,
1,c81806be-e46d-4bca-8ff2-8fbcb7e004f4,2026-09-25T01:22:01.268+00:00,2026-09-25T01:22:01.487+00:00,21072-30059,dryers,50170054,52000000,2026-09-25 01:22:01,2026-09-25 01:14:04,23,477.0,903.0,,Finished,
1,d297789f-4d95-428c-8808-a6dbb475466a,2026-09-25T01:23:01.283+00:00,2026-09-25T01:23:01.505+00:00,21072-30059,washers,50170051,72000000,2026-09-25 01:23:01,2026-09-25 00:17:42,29,3919.0,-2179.0,,Available,website maps this code to Available
1,d297789f-4d95-428c-8808-a6dbb475466a,2026-09-25T01:23:01.283+00:00,2026-09-25T01:23:01.505+00:00,21072-30059,washers,50170080,72000000,2026-09-25 01:23:01,2026-09-25 00:20:13,29,3768.0,-2028.0,,Available,website maps this code to Available
1,d297789f-4d95-428c-8808-a6dbb475466a,2026-09-25T01:23:01.283+00:00,2026-09-25T01:23:01.505+00:00,21072-30059,washers,50170075,72000000,2026-09-25 01:23:01,2026-09-25 00:14:33,29,4108.0,-2368.0,,Available,website maps this code to Available
1,d297789f-4d95-428c-8808-a6dbb475466a,2026-09-25T01:23:01.283+00:00,2026-09-25T01:23:01.505+00:00,21072-30059,washers,50170082,72000000,2026-09-25 01:23:01,2026-09-24 07:02:33,29,66028.0,-64288.0,,Available,website maps this code to Available
1,d297789f-4d95-428c-8808-a6dbb475466a,2026-09-25T01:23:01.283+00:00,2026-09-25T01:23:01.505+00:00,21072-30059,washers,50170050,72000000,2026-09-25 01:23:01,2026-09-25 00:19:24,29,3817.0,-2077.0,,Available,website maps this code to Available
1,d297789f-4d95-428c-8808-a6dbb475466a,2026-09-25T01:23:01.283+00:00,2026-09-25T01:23:01.505+00:00,21072-30059,washers,50170052,72000000,2026-09-25 01:23:01,2026-09-25 00:11:14,29,4307.0,-2567.0,,Available,website maps this code to Available
1,d297789f-4d95-428c-8808-a6dbb475466a,2026-09-25T01:23:01.283+00:00,2026-09-25T01:23:01.505+00:00,21072-30059,washers,50170078,72000000,2026-09-25 01:23:01,2026-09-24 23:56:38,29,5183.0,-3443.0,,Available,website maps this code to Available
1,d297789f-4d95-428c-8808-a6dbb475466a,2026-09-25T01:23:01.283+00:00,2026-09-25T01:23:01.505+00:00,21072-30059,washers,50170084,72000000,2026-09-25 01:23:01,2026-09-24 15:48:03,29,34498.0,-32758.0,,Available,website maps this code to Available
1,d297789f-4d95-428c-8808-a6dbb475466a,2026-09-25T01:23:01.283+00:00,2026-09-25T01:23:01.505+00:00,21072-30059,washers,50170068,72000000,2026-09-25 01:23:01,2026-09-25 01:16:03,29,418.0,1322.0,,Available,website maps this code to Available
1,d297789f-4d95-428c-8808-a6dbb475466a,2026-09-25T01:23:01.283+00:00,2026-09-25T01:23:01.505+00:00,21072-30059,washers,50170072,A2000000,2026-09-25 01:23:01,2026-09-25 01:22:06,1,55.0,5.0,,Door Unlock Mode,
1,d297789f-4d95-428c-8808-a6dbb475466a,2026-09-25T01:23:01.283+00:00,2026-09-25T01:23:01.505+00:00,21072-30059,washers,20483408,72000000,2026-09-25 01:23:01,2024-12-20 00:43:32,0,55643969.0,-55643969.0,,Available,website maps this code to Available
1,d297789f-4d95-428c-8808-a6dbb475466a,2026-09-25T01:23:01.283+00:00,2026-09-25T01:23:01.505+00:00,21072-30059,washers,50170055,72000000,2026-09-25 01:23:01,2026-09-24 23:53:15,29,5386.0,-3646.0,,Available,website maps this code to Available
1,d297789f-4d95-428c-8808-a6dbb475466a,2026-09-25T01:23:01.283+00:00,2026-09-25T01:23:01.505+00:00,21072-30059,dryers,50170058,72000000,2026-09-25 01:23:01,2026-09-12 03:29:03,46,1115638.0,-1112878.0,,Available,website maps this code to Available
1,d297789f-4d95-428c-8808-a6dbb475466a,2026-09-25T01:23:01.283+00:00,2026-09-25T01:23:01.505+00:00,21072-30059,dryers,50170061,72000000,2026-09-25 01:23:01,2026-09-24 20:07:24,46,18937.0,-16177.0,,Available,website maps this code to Available
1,d297789f-4d95-428c-8808-a6dbb475466a,2026-09-25T01:23:01.283+00:00,2026-09-25T01:23:01.505+00:00,21072-30059,dryers,50170081,42000000,2026-09-25 01:23:01,2026-09-25 01:12:32,45,629.0,2071.0,35,Running,
1,d297789f-4d95-428c-8808-a6dbb475466a,2026-09-25T01:23:01.283+00:00,2026-09-25T01:23:01.505+00:00,21072-30059,dryers,50170060,72000000,2026-09-25 01:23:01,2026-09-25 01:09:05,46,836.0,1924.0,,Available,website maps this code to Available
1,d297789f-4d95-428c-8808-a6dbb475466a,2026-09-25T01:23:01.283+00:00,2026-09-25T01:23:01.505+00:00,21072-30059,dryers,50170087,72000000,2026-09-25 01:23:01,2026-09-25 01:09:36,46,805.0,1955.0,,Available,website maps this code to Available
1,d297789f-4d95-428c-8808-a6dbb475466a,2026-09-25T01:23:01.283+00:00,2026-09-25T01:23:01.505+00:00,21072-30059,dryers,50170064,72000000,2026-09-25 01:23:01,2026-09-24 07:02:42,46,66019.0,-63259.0,,Available,website maps this code to Available
1,d297789f-4d95-428c-8808-a6dbb475466a,2026-09-25T01:23:01.283+00:00,2026-09-25T01:23:01.505+00:00,21072-30059,dryers,50170065,72000000,2026-09-25 01:23:01,2026-09-25 00:46:05,46,2216.0,544.0,,Available,website maps this code to Available
1,d297789f-4d95-428c-8808-a6dbb475466a,2026-09-25T01:23:01.283+00:00,2026-09-25T01:23:01.505+00:00,21072-30059,dryers,50170059,72000000,2026-09-25 01:23:01,2026-09-24 15:47:57,46,34504.0,-31744.0,,Available,website maps this code to Available
1,d297789f-4d95-428c-8808-a6dbb475466a,2026-09-25T01:23:01.283+00:00,2026-09-25T01:23:01.505+00:00,21072-30059,dryers,50170057,42000000,2026-09-25 01:23:01,2026-09-25 01:17:57,45,304.0,2396.0,40,Running,
1,d297789f-4d95-428c-8808-a6dbb475466a,2026-09-25T01:23:01.283+00:00,2026-09-25T01:23:01.505+00:00,21072-30059,dryers,50170062,42000000,2026-09-25 01:23:01,2026-09-25 01:18:42,45,259.0,2441.0,41,Running,
1,d297789f-4d95-428c-8808-a6dbb475466a,2026-09-25T01:23:01.283+00:00,2026-09-25T01:23:01.505+00:00,21072-30059,dryers,50170067,72000000,2026-09-25 01:23:01,2026-09-25 01:00:01,46,1380.0,1380.0,,Available,website maps this code to Available
1,d297789f-4d95-428c-8808-a6dbb475466a,2026-09-25T01:23:01.283+00:00,2026-09-25T01:23:01.505+00:00,21072-30059,dryers,50170074,72000000,2026-09-25 01:23:01,2026-09-25 01:00:09,46,1372.0,1388.0,,Available,website maps this code to Available
1,d297789f-4d95-428c-8808-a6dbb475466a,2026-09-25T01:23:01.283+00:00,2026-09-25T01:23:01.505+00:00,21072-30059,dryers,50170071,52000000,2026-09-25 01:23:01,2026-09-25 01:02:03,23,1258.0,122.0,,Finished,
1,d297789f-4d95-428c-8808-a6dbb475466a,2026-09-25T01:23:01.283+00:00,2026-09-25T01:23:01.505+00:00,21072-30059,dryers,50170054,52000000,2026-09-25 01:23:01,2026-09-25 01:14:04,23,537.0,843.0,,Finished,
1,7dea3791-f048-4342-971c-6b919fcbf40a,2026-09-25T01:24:01.280+00:00,2026-09-25T01:24:01.463+00:00,21072-30059,washers,50170051,72000000,2026-09-25 01:24:01,2026-09-25 00:17:42,29,3979.0,-2239.0,,Available,website maps this code to Available
1,7dea3791-f048-4342-971c-6b919fcbf40a,2026-09-25T01:24:01.280+00:00,2026-09-25T01:24:01.463+00:00,21072-30059,washers,50170080,72000000,2026-09-25 01:24:01,2026-09-25 00:20:13,29,3828.0,-2088.0,,Available,website maps this code to Available
1,7dea3791-f048-4342-971c-6b919fcbf40a,2026-09-25T01:24:01.280+00:00,2026-09-25T01:24:01.463+00:00,21072-30059,washers,50170075,72000000,2026-09-25 01:24:01,2026-09-25 00:14:33,29,4168.0,-2428.0,,Available,website maps this code to Available
1,7dea3791-f048-4342-971c-6b919fcbf40a,2026-09-25T01:24:01.280+00:00,2026-09-25T01:24:01.463+00:00,21072-30059,washers,50170082,72000000,2026-09-25 01:24:01,2026-09-24 07:02:33,29,66088.0,-64348.0,,Available,website maps this code to Available
1,7dea3791-f048-4342-971c-6b919fcbf40a,2026-09-25T01:24:01.280+00:00,2026-09-25T01:24:01.463+00:00,21072-30059,washers,50170050,72000000,2026-09-25 01:24:01,2026-09-25 00:19:24,29,3877.0,-2137.0,,Available,website maps this code to Available
1,7dea3791-f048-4342-971c-6b919fcbf40a,2026-09-25T01:24:01.280+00:00,2026-09-25T01:24:01.463+00:00,21072-30059,washers,50170052,72000000,2026-09-25 01:24:01,2026-09-25 00:11:14,29,4367.0,-2627.0,,Available,website maps this code to Available
1,7dea3791-f048-4342-971c-6b919fcbf40a,2026-09-25T01:24:01.280+00:00,2026-09-25T01:24:01.463+00:00,21072-30059,washers,50170078,72000000,2026-09-25 01:24:01,2026-09-24 23:56:38,29,5243.0,-3503.0,,Available,website maps this code to Available
1,7dea3791-f048-4342-971c-6b919fcbf40a,2026-09-25T01:24:01.280+00:00,2026-09-25T01:24:01.463+00:00,21072-30059,washers,50170084,72000000,2026-09-25 01:24:01,2026-09-24 15:48:03,29,34558.0,-32818.0,,Available,website maps this code to Available
1,7dea3791-f048-4342-971c-6b919fcbf40a,2026-09-25T01:24:01.280+00:00,2026-09-25T01:24:01.463+00:00,21072-30059,washers,50170068,72000000,2026-09-25 01:24:01,2026-09-25 01:16:03,29,478.0,1262.0,,Available,website maps this code to Available
1,7dea3791-f048-4342-971c-6b919fcbf40a,2026-09-25T01:24:01.280+00:00,2026-09-25T01:24:01.463+00:00,21072-30059,washers,50170072,72000000,2026-09-25 01:24:01,2026-09-25 01:23:15,29,46.0,1694.0,,Available,website maps this code to Available
1,7dea3791-f048-4342-971c-6b919fcbf40a,2026-09-25T01:24:01.280+00:00,2026-09-25T01:24:01.463+00:00,21072-30059,washers,20483408,72000000,2026-09-25 01:24:01,2024-12-20 00:43:32,0,55644029.0,-55644029.0,,Available,website maps this code to Available
1,7dea3791-f048-4342-971c-6b919fcbf40a,2026-09-25T01:24:01.280+00:00,2026-09-25T01:24:01.463+00:00,21072-30059,washers,50170055,72000000,2026-09-25 01:24:01,2026-09-24 23:53:15,29,5446.0,-3706.0,,Available,website maps this code to Available
1,7dea3791-f048-4342-971c-6b919fcbf40a,2026-09-25T01:24:01.280+00:00,2026-09-25T01:24:01.463+00:00,21072-30059,dryers,50170058,72000000,2026-09-25 01:24:01,2026-09-12 03:29:03,46,1115698.0,-1112938.0,,Available,website maps this code to Available
1,7dea3791-f048-4342-971c-6b919fcbf40a,2026-09-25T01:24:01.280+00:00,2026-09-25T01:24:01.463+00:00,21072-30059,dryers,50170061,72000000,2026-09-25 01:24:01,2026-09-24 20:07:24,46,18997.0,-16237.0,,Available,website maps this code to Available
1,7dea3791-f048-4342-971c-6b919fcbf40a,2026-09-25T01:24:01.280+00:00,2026-09-25T01:24:01.463+00:00,21072-30059,dryers,50170081,42000000,2026-09-25 01:24:01,2026-09-25 01:12:32,45,689.0,2011.0,34,Running,
1,7dea3791-f048-4342-971c-6b919fcbf40a,2026-09-25T01:24:01.280+00:00,2026-09-25T01:24:01.463+00:00,21072-30059,dryers,50170060,72000000,2026-09-25 01:24:01,2026-09-25 01:09:05,46,896.0,1864.0,,Available,website maps this code to Available
1,7dea3791-f048-4342-971c-6b919fcbf40a,2026-09-25T01:24:01.280+00:00,2026-09-25T01:24:01.463+00:00,21072-30059,dryers,50170087,72000000,2026-09-25 01:24:01,2026-09-25 01:09:36,46,865.0,1895.0,,Available,website maps this code to Available
1,7dea3791-f048-4342-971c-6b919fcbf40a,2026-09-25T01:24:01.280+00:00,2026-09-25T01:24:01.463+00:00,21072-30059,dryers,50170064,72000000,2026-09-25 01:24:01,2026-09-24 07:02:42,46,66079.0,-63319.0,,Available,website maps this code to Available
1,7dea3791-f048-4342-971c-6b919fcbf40a,2026-09-25T01:24:01.280+00:00,2026-09-25T01:24:01.463+00:00,21072-30059,dryers,50170065,72000000,2026-09-25 01:24:01,2026-09-25 00:46:05,46,2276.0,484.0,,Available,website maps this code to Available
1,7dea3791-f048-4342-971c-6b919fcbf40a,2026-09-25T01:24:01.280+00:00,2026-09-25T01:24:01.463+00:00,21072-30059,dryers,50170059,72000000,2026-09-25 01:24:01,2026-09-24 15:47:57,46,34564.0,-31804.0,,Available,website maps this code to Available
1,7dea3791-f048-4342-971c-6b919fcbf40a,2026-09-25T01:24:01.280+00:00,2026-09-25T01:24:01.463+00:00,21072-30059,dryers,50170057,42000000,2026-09-25 01:24:01,2026-09-25 01:17:57,45,364.0,2336.0,39,Running,
1,7dea3791-f048-4342-971c-6b919fcbf40a,2026-09-25T01:24:01.280+00:00,2026-09-25T01:24:01.463+00:00,21072-30059,dryers,50170062,42000000,2026-09-25 01:24:01,2026-09-25 01:18:42,45,319.0,2381.0,40,Running,
1,7dea3791-f048-4342-971c-6b919fcbf40a,2026-09-25T01:24:01.280+00:00,2026-09-25T01:24:01.463+00:00,21072-30059,dryers,50170067,72000000,2026-09-25 01:24:01,2026-09-25 01:00:01,46,1440.0,1320.0,,Available,website maps this code to Available
1,7dea3791-f048-4342-971c-6b919fcbf40a,2026-09-25T01:24:01.280+00:00,2026-09-25T01:24:01.463+00:00,21072-30059,dryers,50170074,72000000,2026-09-25 01:24:01,2026-09-25 01:00:09,46,1432.0,1328.0,,Available,website maps this code to Available
1,7dea3791-f048-4342-971c-6b919fcbf40a,2026-09-25T01:24:01.280+00:00,2026-09-25T01:24:01.463+00:00,21072-30059,dryers,50170071,52000000,2026-09-25 01:24:01,2026-09-25 01:02:03,23,1318.0,62.0,,Finished,
1,7dea3791-f048-4342-971c-6b919fcbf40a,2026-09-25T01:24:01.280+00:00,2026-09-25T01:24:01.463+00:00,21072-30059,dryers,50170054,52000000,2026-09-25 01:24:01,2026-09-25 01:14:04,23,597.0,783.0,,Finished,
1,dffa72fe-40ea-4dcc-9c1f-0ece23f55456,2026-09-25T01:25:01.280+00:00,2026-09-25T01:25:01.482+00:00,21072-30059,washers,50170051,72000000,2026-09-25 01:25:01,2026-09-25 00:17:42,29,4039.0,-2299.0,,Available,website maps this code to Available
1,dffa72fe-40ea-4dcc-9c1f-0ece23f55456,2026-09-25T01:25:01.280+00:00,2026-09-25T01:25:01.482+00:00,21072-30059,washers,50170080,72000000,2026-09-25 01:25:01,2026-09-25 00:20:13,29,3888.0,-2148.0,,Available,website maps this code to Available
1,dffa72fe-40ea-4dcc-9c1f-0ece23f55456,2026-09-25T01:25:01.280+00:00,2026-09-25T01:25:01.482+00:00,21072-30059,washers,50170075,72000000,2026-09-25 01:25:01,2026-09-25 00:14:33,29,4228.0,-2488.0,,Available,website maps this code to Available
1,dffa72fe-40ea-4dcc-9c1f-0ece23f55456,2026-09-25T01:25:01.280+00:00,2026-09-25T01:25:01.482+00:00,21072-30059,washers,50170082,72000000,2026-09-25 01:25:01,2026-09-24 07:02:33,29,66148.0,-64408.0,,Available,website maps this code to Available
1,dffa72fe-40ea-4dcc-9c1f-0ece23f55456,2026-09-25T01:25:01.280+00:00,2026-09-25T01:25:01.482+00:00,21072-30059,washers,50170050,72000000,2026-09-25 01:25:01,2026-09-25 00:19:24,29,3937.0,-2197.0,,Available,website maps this code to Available
1,dffa72fe-40ea-4dcc-9c1f-0ece23f55456,2026-09-25T01:25:01.280+00:00,2026-09-25T01:25:01.482+00:00,21072-30059,washers,50170052,72000000,2026-09-25 01:25:01,2026-09-25 00:11:14,29,4427.0,-2687.0,,Available,website maps this code to Available
1,dffa72fe-40ea-4dcc-9c1f-0ece23f55456,2026-09-25T01:25:01.280+00:00,2026-09-25T01:25:01.482+00:00,21072-30059,washers,50170078,72000000,2026-09-25 01:25:01,2026-09-24 23:56:38,29,5303.0,-3563.0,,Available,website maps this code to Available
1,dffa72fe-40ea-4dcc-9c1f-0ece23f55456,2026-09-25T01:25:01.280+00:00,2026-09-25T01:25:01.482+00:00,21072-30059,washers,50170084,72000000,2026-09-25 01:25:01,2026-09-24 15:48:03,29,34618.0,-32878.0,,Available,website maps this code to Available
1,dffa72fe-40ea-4dcc-9c1f-0ece23f55456,2026-09-25T01:25:01.280+00:00,2026-09-25T01:25:01.482+00:00,21072-30059,washers,50170068,72000000,2026-09-25 01:25:01,2026-09-25 01:16:03,29,538.0,1202.0,,Available,website maps this code to Available
1,dffa72fe-40ea-4dcc-9c1f-0ece23f55456,2026-09-25T01:25:01.280+00:00,2026-09-25T01:25:01.482+00:00,21072-30059,washers,50170072,72000000,2026-09-25 01:25:01,2026-09-25 01:23:15,29,106.0,1634.0,,Available,website maps this code to Available
1,dffa72fe-40ea-4dcc-9c1f-0ece23f55456,2026-09-25T01:25:01.280+00:00,2026-09-25T01:25:01.482+00:00,21072-30059,washers,20483408,72000000,2026-09-25 01:25:01,2024-12-20 00:43:32,0,55644089.0,-55644089.0,,Available,website maps this code to Available
1,dffa72fe-40ea-4dcc-9c1f-0ece23f55456,2026-09-25T01:25:01.280+00:00,2026-09-25T01:25:01.482+00:00,21072-30059,washers,50170055,72000000,2026-09-25 01:25:01,2026-09-24 23:53:15,29,5506.0,-3766.0,,Available,website maps this code to Available
1,dffa72fe-40ea-4dcc-9c1f-0ece23f55456,2026-09-25T01:25:01.280+00:00,2026-09-25T01:25:01.482+00:00,21072-30059,dryers,50170058,72000000,2026-09-25 01:25:01,2026-09-12 03:29:03,46,1115758.0,-1112998.0,,Available,website maps this code to Available
1,dffa72fe-40ea-4dcc-9c1f-0ece23f55456,2026-09-25T01:25:01.280+00:00,2026-09-25T01:25:01.482+00:00,21072-30059,dryers,50170061,72000000,2026-09-25 01:25:01,2026-09-24 20:07:24,46,19057.0,-16297.0,,Available,website maps this code to Available
1,dffa72fe-40ea-4dcc-9c1f-0ece23f55456,2026-09-25T01:25:01.280+00:00,2026-09-25T01:25:01.482+00:00,21072-30059,dryers,50170081,42000000,2026-09-25 01:25:01,2026-09-25 01:12:32,45,749.0,1951.0,33,Running,
1,dffa72fe-40ea-4dcc-9c1f-0ece23f55456,2026-09-25T01:25:01.280+00:00,2026-09-25T01:25:01.482+00:00,21072-30059,dryers,50170060,72000000,2026-09-25 01:25:01,2026-09-25 01:09:05,46,956.0,1804.0,,Available,website maps this code to Available
1,dffa72fe-40ea-4dcc-9c1f-0ece23f55456,2026-09-25T01:25:01.280+00:00,2026-09-25T01:25:01.482+00:00,21072-30059,dryers,50170087,72000000,2026-09-25 01:25:01,2026-09-25 01:09:36,46,925.0,1835.0,,Available,website maps this code to Available
1,dffa72fe-40ea-4dcc-9c1f-0ece23f55456,2026-09-25T01:25:01.280+00:00,2026-09-25T01:25:01.482+00:00,21072-30059,dryers,50170064,72000000,2026-09-25 01:25:01,2026-09-24 07:02:42,46,66139.0,-63379.0,,Available,website maps this code to Available
1,dffa72fe-40ea-4dcc-9c1f-0ece23f55456,2026-09-25T01:25:01.280+00:00,2026-09-25T01:25:01.482+00:00,21072-30059,dryers,50170065,72000000,2026-09-25 01:25:01,2026-09-25 00:46:05,46,2336.0,424.0,,Available,website maps this code to Available
1,dffa72fe-40ea-4dcc-9c1f-0ece23f55456,2026-09-25T01:25:01.280+00:00,2026-09-25T01:25:01.482+00:00,21072-30059,dryers,50170059,72000000,2026-09-25 01:25:01,2026-09-24 15:47:57,46,34624.0,-31864.0,,Available,website maps this code to Available
1,dffa72fe-40ea-4dcc-9c1f-0ece23f55456,2026-09-25T01:25:01.280+00:00,2026-09-25T01:25:01.482+00:00,21072-30059,dryers,50170057,42000000,2026-09-25 01:25:01,2026-09-25 01:17:57,45,424.0,2276.0,38,Running,
1,dffa72fe-40ea-4dcc-9c1f-0ece23f55456,2026-09-25T01:25:01.280+00:00,2026-09-25T01:25:01.482+00:00,21072-30059,dryers,50170062,42000000,2026-09-25 01:25:01,2026-09-25 01:18:42,45,379.0,2321.0,39,Running,
1,dffa72fe-40ea-4dcc-9c1f-0ece23f55456,2026-09-25T01:25:01.280+00:00,2026-09-25T01:25:01.482+00:00,21072-30059,dryers,50170067,72000000,2026-09-25 01:25:01,2026-09-25 01:00:01,46,1500.0,1260.0,,Available,website maps this code to Available
1,dffa72fe-40ea-4dcc-9c1f-0ece23f55456,2026-09-25T01:25:01.280+00:00,2026-09-25T01:25:01.482+00:00,21072-30059,dryers,50170074,72000000,2026-09-25 01:25:01,2026-09-25 01:00:09,46,1492.0,1268.0,,Available,website maps this code to Available
1,dffa72fe-40ea-4dcc-9c1f-0ece23f55456,2026-09-25T01:25:01.280+00:00,2026-09-25T01:25:01.482+00:00,21072-30059,dryers,50170071,52000000,2026-09-25 01:25:01,2026-09-25 01:02:03,23,1378.0,2.0,,Finished,
1,dffa72fe-40ea-4dcc-9c1f-0ece23f55456,2026-09-25T01:25:01.280+00:00,2026-09-25T01:25:01.482+00:00,21072-30059,dryers,50170054,52000000,2026-09-25 01:25:01,2026-09-25 01:14:04,23,657.0,723.0,,Finished,
1,a8a11c4b-49b4-4c12-ab65-931172e56017,2026-09-25T01:26:01.371+00:00,2026-09-25T01:26:01.601+00:00,21072-30059,washers,50170051,72000000,2026-09-25 01:26:01,2026-09-25 00:17:42,29,4099.0,-2359.0,,Available,website maps this code to Available
1,a8a11c4b-49b4-4c12-ab65-931172e56017,2026-09-25T01:26:01.371+00:00,2026-09-25T01:26:01.601+00:00,21072-30059,washers,50170080,72000000,2026-09-25 01:26:01,2026-09-25 00:20:13,29,3948.0,-2208.0,,Available,website maps this code to Available
1,a8a11c4b-49b4-4c12-ab65-931172e56017,2026-09-25T01:26:01.371+00:00,2026-09-25T01:26:01.601+00:00,21072-30059,washers,50170075,72000000,2026-09-25 01:26:01,2026-09-25 00:14:33,29,4288.0,-2548.0,,Available,website maps this code to Available
1,a8a11c4b-49b4-4c12-ab65-931172e56017,2026-09-25T01:26:01.371+00:00,2026-09-25T01:26:01.601+00:00,21072-30059,washers,50170082,72000000,2026-09-25 01:26:01,2026-09-24 07:02:33,29,66208.0,-64468.0,,Available,website maps this code to Available
1,a8a11c4b-49b4-4c12-ab65-931172e56017,2026-09-25T01:26:01.371+00:00,2026-09-25T01:26:01.601+00:00,21072-30059,washers,50170050,72000000,2026-09-25 01:26:01,2026-09-25 00:19:24,29,3997.0,-2257.0,,Available,website maps this code to Available
1,a8a11c4b-49b4-4c12-ab65-931172e56017,2026-09-25T01:26:01.371+00:00,2026-09-25T01:26:01.601+00:00,21072-30059,washers,50170052,72000000,2026-09-25 01:26:01,2026-09-25 00:11:14,29,4487.0,-2747.0,,Available,website maps this code to Available
1,a8a11c4b-49b4-4c12-ab65-931172e56017,2026-09-25T01:26:01.371+00:00,2026-09-25T01:26:01.601+00:00,21072-30059,washers,50170078,72000000,2026-09-25 01:26:01,2026-09-24 23:56:38,29,5363.0,-3623.0,,Available,website maps this code to Available
1,a8a11c4b-49b4-4c12-ab65-931172e56017,2026-09-25T01:26:01.371+00:00,2026-09-25T01:26:01.601+00:00,21072-30059,washers,50170084,72000000,2026-09-25 01:26:01,2026-09-24 15:48:03,29,34678.0,-32938.0,,Available,website maps this code to Available
1,a8a11c4b-49b4-4c12-ab65-931172e56017,2026-09-25T01:26:01.371+00:00,2026-09-25T01:26:01.601+00:00,21072-30059,washers,50170068,72000000,2026-09-25 01:26:01,2026-09-25 01:16:03,29,598.0,1142.0,,Available,website maps this code to Available
1,a8a11c4b-49b4-4c12-ab65-931172e56017,2026-09-25T01:26:01.371+00:00,2026-09-25T01:26:01.601+00:00,21072-30059,washers,50170072,72000000,2026-09-25 01:26:01,2026-09-25 01:23:15,29,166.0,1574.0,,Available,website maps this code to Available
1,a8a11c4b-49b4-4c12-ab65-931172e56017,2026-09-25T01:26:01.371+00:00,2026-09-25T01:26:01.601+00:00,21072-30059,washers,20483408,72000000,2026-09-25 01:26:01,2024-12-20 00:43:32,0,55644149.0,-55644149.0,,Available,website maps this code to Available
1,a8a11c4b-49b4-4c12-ab65-931172e56017,2026-09-25T01:26:01.371+00:00,2026-09-25T01:26:01.601+00:00,21072-30059,washers,50170055,72000000,2026-09-25 01:26:01,2026-09-24 23:53:15,29,5566.0,-3826.0,,Available,website maps this code to Available
1,a8a11c4b-49b4-4c12-ab65-931172e56017,2026-09-25T01:26:01.371+00:00,2026-09-25T01:26:01.601+00:00,21072-30059,dryers,50170058,72000000,2026-09-25 01:26:01,2026-09-12 03:29:03,46,1115818.0,-1113058.0,,Available,website maps this code to Available
1,a8a11c4b-49b4-4c12-ab65-931172e56017,2026-09-25T01:26:01.371+00:00,2026-09-25T01:26:01.601+00:00,21072-30059,dryers,50170061,72000000,2026-09-25 01:26:01,2026-09-24 20:07:24,46,19117.0,-16357.0,,Available,website maps this code to Available
1,a8a11c4b-49b4-4c12-ab65-931172e56017,2026-09-25T01:26:01.371+00:00,2026-09-25T01:26:01.601+00:00,21072-30059,dryers,50170081,42000000,2026-09-25 01:26:01,2026-09-25 01:12:32,45,809.0,1891.0,32,Running,
1,a8a11c4b-49b4-4c12-ab65-931172e56017,2026-09-25T01:26:01.371+00:00,2026-09-25T01:26:01.601+00:00,21072-30059,dryers,50170060,72000000,2026-09-25 01:26:01,2026-09-25 01:09:05,46,1016.0,1744.0,,Available,website maps this code to Available
1,a8a11c4b-49b4-4c12-ab65-931172e56017,2026-09-25T01:26:01.371+00:00,2026-09-25T01:26:01.601+00:00,21072-30059,dryers,50170087,72000000,2026-09-25 01:26:01,2026-09-25 01:09:36,46,985.0,1775.0,,Available,website maps this code to Available
1,a8a11c4b-49b4-4c12-ab65-931172e56017,2026-09-25T01:26:01.371+00:00,2026-09-25T01:26:01.601+00:00,21072-30059,dryers,50170064,72000000,2026-09-25 01:26:01,2026-09-24 07:02:42,46,66199.0,-63439.0,,Available,website maps this code to Available
1,a8a11c4b-49b4-4c12-ab65-931172e56017,2026-09-25T01:26:01.371+00:00,2026-09-25T01:26:01.601+00:00,21072-30059,dryers,50170065,72000000,2026-09-25 01:26:01,2026-09-25 00:46:05,46,2396.0,364.0,,Available,website maps this code to Available
1,a8a11c4b-49b4-4c12-ab65-931172e56017,2026-09-25T01:26:01.371+00:00,2026-09-25T01:26:01.601+00:00,21072-30059,dryers,50170059,72000000,2026-09-25 01:26:01,2026-09-24 15:47:57,46,34684.0,-31924.0,,Available,website maps this code to Available
1,a8a11c4b-49b4-4c12-ab65-931172e56017,2026-09-25T01:26:01.371+00:00,2026-09-25T01:26:01.601+00:00,21072-30059,dryers,50170057,42000000,2026-09-25 01:26:01,2026-09-25 01:17:57,45,484.0,2216.0,37,Running,
1,a8a11c4b-49b4-4c12-ab65-931172e56017,2026-09-25T01:26:01.371+00:00,2026-09-25T01:26:01.601+00:00,21072-30059,dryers,50170062,42000000,2026-09-25 01:26:01,2026-09-25 01:18:42,45,439.0,2261.0,38,Running,
1,a8a11c4b-49b4-4c12-ab65-931172e56017,2026-09-25T01:26:01.371+00:00,2026-09-25T01:26:01.601+00:00,21072-30059,dryers,50170067,72000000,2026-09-25 01:26:01,2026-09-25 01:00:01,46,1560.0,1200.0,,Available,website maps this code to Available
1,a8a11c4b-49b4-4c12-ab65-931172e56017,2026-09-25T01:26:01.371+00:00,2026-09-25T01:26:01.601+00:00,21072-30059,dryers,50170074,72000000,2026-09-25 01:26:01,2026-09-25 01:00:09,46,1552.0,1208.0,,Available,website maps this code to Available
1,a8a11c4b-49b4-4c12-ab65-931172e56017,2026-09-25T01:26:01.371+00:00,2026-09-25T01:26:01.601+00:00,21072-30059,dryers,50170071,52000000,2026-09-25 01:26:01,2026-09-25 01:02:03,23,1438.0,-58.0,,Finished,
1,a8a11c4b-49b4-4c12-ab65-931172e56017,2026-09-25T01:26:01.371+00:00,2026-09-25T01:26:01.601+00:00,21072-30059,dryers,50170054,52000000,2026-09-25 01:26:01,2026-09-25 01:14:04,23,717.0,663.0,,Finished,
1,1bf55516-b820-4017-b14f-c2cb58d13df2,2026-09-25T01:27:00.845+00:00,2026-09-25T01:27:01.017+00:00,21072-30059,washers,50170051,72000000,2026-09-25 01:27:00,2026-09-25 00:17:42,29,4158.0,-2418.0,,Available,website maps this code to Available
1,1bf55516-b820-4017-b14f-c2cb58d13df2,2026-09-25T01:27:00.845+00:00,2026-09-25T01:27:01.017+00:00,21072-30059,washers,50170080,72000000,2026-09-25 01:27:00,2026-09-25 00:20:13,29,4007.0,-2267.0,,Available,website maps this code to Available
1,1bf55516-b820-4017-b14f-c2cb58d13df2,2026-09-25T01:27:00.845+00:00,2026-09-25T01:27:01.017+00:00,21072-30059,washers,50170075,72000000,2026-09-25 01:27:00,2026-09-25 00:14:33,29,4347.0,-2607.0,,Available,website maps this code to Available
1,1bf55516-b820-4017-b14f-c2cb58d13df2,2026-09-25T01:27:00.845+00:00,2026-09-25T01:27:01.017+00:00,21072-30059,washers,50170082,72000000,2026-09-25 01:27:00,2026-09-24 07:02:33,29,66267.0,-64527.0,,Available,website maps this code to Available
1,1bf55516-b820-4017-b14f-c2cb58d13df2,2026-09-25T01:27:00.845+00:00,2026-09-25T01:27:01.017+00:00,21072-30059,washers,50170050,72000000,2026-09-25 01:27:00,2026-09-25 00:19:24,29,4056.0,-2316.0,,Available,website maps this code to Available
1,1bf55516-b820-4017-b14f-c2cb58d13df2,2026-09-25T01:27:00.845+00:00,2026-09-25T01:27:01.017+00:00,21072-30059,washers,50170052,72000000,2026-09-25 01:27:00,2026-09-25 00:11:14,29,4546.0,-2806.0,,Available,website maps this code to Available
1,1bf55516-b820-4017-b14f-c2cb58d13df2,2026-09-25T01:27:00.845+00:00,2026-09-25T01:27:01.017+00:00,21072-30059,washers,50170078,72000000,2026-09-25 01:27:00,2026-09-24 23:56:38,29,5422.0,-3682.0,,Available,website maps this code to Available
1,1bf55516-b820-4017-b14f-c2cb58d13df2,2026-09-25T01:27:00.845+00:00,2026-09-25T01:27:01.017+00:00,21072-30059,washers,50170084,72000000,2026-09-25 01:27:00,2026-09-24 15:48:03,29,34737.0,-32997.0,,Available,website maps this code to Available
1,1bf55516-b820-4017-b14f-c2cb58d13df2,2026-09-25T01:27:00.845+00:00,2026-09-25T01:27:01.017+00:00,21072-30059,washers,50170068,72000000,2026-09-25 01:27:00,2026-09-25 01:16:03,29,657.0,1083.0,,Available,website maps this code to Available
1,1bf55516-b820-4017-b14f-c2cb58d13df2,2026-09-25T01:27:00.845+00:00,2026-09-25T01:27:01.017+00:00,21072-30059,washers,50170072,72000000,2026-09-25 01:27:00,2026-09-25 01:23:15,29,225.0,1515.0,,Available,website maps this code to Available
1,1bf55516-b820-4017-b14f-c2cb58d13df2,2026-09-25T01:27:00.845+00:00,2026-09-25T01:27:01.017+00:00,21072-30059,washers,20483408,72000000,2026-09-25 01:27:00,2024-12-20 00:43:32,0,55644208.0,-55644208.0,,Available,website maps this code to Available
1,1bf55516-b820-4017-b14f-c2cb58d13df2,2026-09-25T01:27:00.845+00:00,2026-09-25T01:27:01.017+00:00,21072-30059,washers,50170055,72000000,2026-09-25 01:27:00,2026-09-24 23:53:15,29,5625.0,-3885.0,,Available,website maps this code to Available
1,1bf55516-b820-4017-b14f-c2cb58d13df2,2026-09-25T01:27:00.845+00:00,2026-09-25T01:27:01.017+00:00,21072-30059,dryers,50170058,72000000,2026-09-25 01:27:00,2026-09-12 03:29:03,46,1115877.0,-1113117.0,,Available,website maps this code to Available
1,1bf55516-b820-4017-b14f-c2cb58d13df2,2026-09-25T01:27:00.845+00:00,2026-09-25T01:27:01.017+00:00,21072-30059,dryers,50170061,72000000,2026-09-25 01:27:00,2026-09-24 20:07:24,46,19176.0,-16416.0,,Available,website maps this code to Available
1,1bf55516-b820-4017-b14f-c2cb58d13df2,2026-09-25T01:27:00.845+00:00,2026-09-25T01:27:01.017+00:00,21072-30059,dryers,50170081,42000000,2026-09-25 01:27:00,2026-09-25 01:12:32,45,868.0,1832.0,31,Running,
1,1bf55516-b820-4017-b14f-c2cb58d13df2,2026-09-25T01:27:00.845+00:00,2026-09-25T01:27:01.017+00:00,21072-30059,dryers,50170060,72000000,2026-09-25 01:27:00,2026-09-25 01:09:05,46,1075.0,1685.0,,Available,website maps this code to Available
1,1bf55516-b820-4017-b14f-c2cb58d13df2,2026-09-25T01:27:00.845+00:00,2026-09-25T01:27:01.017+00:00,21072-30059,dryers,50170087,72000000,2026-09-25 01:27:00,2026-09-25 01:09:36,46,1044.0,1716.0,,Available,website maps this code to Available
1,1bf55516-b820-4017-b14f-c2cb58d13df2,2026-09-25T01:27:00.845+00:00,2026-09-25T01:27:01.017+00:00,21072-30059,dryers,50170064,72000000,2026-09-25 01:27:00,2026-09-24 07:02:42,46,66258.0,-63498.0,,Available,website maps this code to Available
1,1bf55516-b820-4017-b14f-c2cb58d13df2,2026-09-25T01:27:00.845+00:00,2026-09-25T01:27:01.017+00:00,21072-30059,dryers,50170065,72000000,2026-09-25 01:27:00,2026-09-25 00:46:05,46,2455.0,305.0,,Available,website maps this code to Available
1,1bf55516-b820-4017-b14f-c2cb58d13df2,2026-09-25T01:27:00.845+00:00,2026-09-25T01:27:01.017+00:00,21072-30059,dryers,50170059,72000000,2026-09-25 01:27:00,2026-09-24 15:47:57,46,34743.0,-31983.0,,Available,website maps this code to Available
1,1bf55516-b820-4017-b14f-c2cb58d13df2,2026-09-25T01:27:00.845+00:00,2026-09-25T01:27:01.017+00:00,21072-30059,dryers,50170057,42000000,2026-09-25 01:27:00,2026-09-25 01:17:57,45,543.0,2157.0,36,Running,
1,1bf55516-b820-4017-b14f-c2cb58d13df2,2026-09-25T01:27:00.845+00:00,2026-09-25T01:27:01.017+00:00,21072-30059,dryers,50170062,42000000,2026-09-25 01:27:00,2026-09-25 01:18:42,45,498.0,2202.0,37,Running,
1,1bf55516-b820-4017-b14f-c2cb58d13df2,2026-09-25T01:27:00.845+00:00,2026-09-25T01:27:01.017+00:00,21072-30059,dryers,50170067,72000000,2026-09-25 01:27:00,2026-09-25 01:00:01,46,1619.0,1141.0,,Available,website maps this code to Available
1,1bf55516-b820-4017-b14f-c2cb58d13df2,2026-09-25T01:27:00.845+00:00,2026-09-25T01:27:01.017+00:00,21072-30059,dryers,50170074,72000000,2026-09-25 01:27:00,2026-09-25 01:00:09,46,1611.0,1149.0,,Available,website maps this code to Available
1,1bf55516-b820-4017-b14f-c2cb58d13df2,2026-09-25T01:27:00.845+00:00,2026-09-25T01:27:01.017+00:00,21072-30059,dryers,50170071,52000000,2026-09-25 01:27:00,2026-09-25 01:02:03,23,1497.0,-117.0,,Finished,
1,1bf55516-b820-4017-b14f-c2cb58d13df2,2026-09-25T01:27:00.845+00:00,2026-09-25T01:27:01.017+00:00,21072-30059,dryers,50170054,52000000,2026-09-25 01:27:00,2026-09-25 01:14:04,23,776.0,604.0,,Finished,
1,b8ac70a4-1353-436d-94a3-15ee4ee77427,2026-09-25T01:28:01.268+00:00,2026-09-25T01:28:01.455+00:00,21072-30059,washers,50170051,72000000,2026-09-25 01:28:01,2026-09-25 00:17:42,29,4219.0,-2479.0,,Available,website maps this code to Available
1,b8ac70a4-1353-436d-94a3-15ee4ee77427,2026-09-25T01:28:01.268+00:00,2026-09-25T01:28:01.455+00:00,21072-30059,washers,50170080,72000000,2026-09-25 01:28:01,2026-09-25 00:20:13,29,4068.0,-2328.0,,Available,website maps this code to Available
1,b8ac70a4-1353-436d-94a3-15ee4ee77427,2026-09-25T01:28:01.268+00:00,2026-09-25T01:28:01.455+00:00,21072-30059,washers,50170075,72000000,2026-09-25 01:28:01,2026-09-25 00:14:33,29,4408.0,-2668.0,,Available,website maps this code to Available
1,b8ac70a4-1353-436d-94a3-15ee4ee77427,2026-09-25T01:28:01.268+00:00,2026-09-25T01:28:01.455+00:00,21072-30059,washers,50170082,72000000,2026-09-25 01:28:01,2026-09-24 07:02:33,29,66328.0,-64588.0,,Available,website maps this code to Available
1,b8ac70a4-1353-436d-94a3-15ee4ee77427,2026-09-25T01:28:01.268+00:00,2026-09-25T01:28:01.455+00:00,21072-30059,washers,50170050,72000000,2026-09-25 01:28:01,2026-09-25 00:19:24,29,4117.0,-2377.0,,Available,website maps this code to Available
1,b8ac70a4-1353-436d-94a3-15ee4ee77427,2026-09-25T01:28:01.268+00:00,2026-09-25T01:28:01.455+00:00,21072-30059,washers,50170052,72000000,2026-09-25 01:28:01,2026-09-25 00:11:14,29,4607.0,-2867.0,,Available,website maps this code to Available
1,b8ac70a4-1353-436d-94a3-15ee4ee77427,2026-09-25T01:28:01.268+00:00,2026-09-25T01:28:01.455+00:00,21072-30059,washers,50170078,72000000,2026-09-25 01:28:01,2026-09-24 23:56:38,29,5483.0,-3743.0,,Available,website maps this code to Available
1,b8ac70a4-1353-436d-94a3-15ee4ee77427,2026-09-25T01:28:01.268+00:00,2026-09-25T01:28:01.455+00:00,21072-30059,washers,50170084,72000000,2026-09-25 01:28:01,2026-09-24 15:48:03,29,34798.0,-33058.0,,Available,website maps this code to Available
1,b8ac70a4-1353-436d-94a3-15ee4ee77427,2026-09-25T01:28:01.268+00:00,2026-09-25T01:28:01.455+00:00,21072-30059,washers,50170068,72000000,2026-09-25 01:28:01,2026-09-25 01:16:03,29,718.0,1022.0,,Available,website maps this code to Available
1,b8ac70a4-1353-436d-94a3-15ee4ee77427,2026-09-25T01:28:01.268+00:00,2026-09-25T01:28:01.455+00:00,21072-30059,washers,50170072,72000000,2026-09-25 01:28:01,2026-09-25 01:23:15,29,286.0,1454.0,,Available,website maps this code to Available
1,b8ac70a4-1353-436d-94a3-15ee4ee77427,2026-09-25T01:28:01.268+00:00,2026-09-25T01:28:01.455+00:00,21072-30059,washers,20483408,72000000,2026-09-25 01:28:01,2024-12-20 00:43:32,0,55644269.0,-55644269.0,,Available,website maps this code to Available
1,b8ac70a4-1353-436d-94a3-15ee4ee77427,2026-09-25T01:28:01.268+00:00,2026-09-25T01:28:01.455+00:00,21072-30059,washers,50170055,72000000,2026-09-25 01:28:01,2026-09-24 23:53:15,29,5686.0,-3946.0,,Available,website maps this code to Available
1,b8ac70a4-1353-436d-94a3-15ee4ee77427,2026-09-25T01:28:01.268+00:00,2026-09-25T01:28:01.455+00:00,21072-30059,dryers,50170058,72000000,2026-09-25 01:28:01,2026-09-12 03:29:03,46,1115938.0,-1113178.0,,Available,website maps this code to Available
1,b8ac70a4-1353-436d-94a3-15ee4ee77427,2026-09-25T01:28:01.268+00:00,2026-09-25T01:28:01.455+00:00,21072-30059,dryers,50170061,72000000,2026-09-25 01:28:01,2026-09-24 20:07:24,46,19237.0,-16477.0,,Available,website maps this code to Available
1,b8ac70a4-1353-436d-94a3-15ee4ee77427,2026-09-25T01:28:01.268+00:00,2026-09-25T01:28:01.455+00:00,21072-30059,dryers,50170081,42000000,2026-09-25 01:28:01,2026-09-25 01:12:32,45,929.0,1771.0,30,Running,
1,b8ac70a4-1353-436d-94a3-15ee4ee77427,2026-09-25T01:28:01.268+00:00,2026-09-25T01:28:01.455+00:00,21072-30059,dryers,50170060,72000000,2026-09-25 01:28:01,2026-09-25 01:09:05,46,1136.0,1624.0,,Available,website maps this code to Available
1,b8ac70a4-1353-436d-94a3-15ee4ee77427,2026-09-25T01:28:01.268+00:00,2026-09-25T01:28:01.455+00:00,21072-30059,dryers,50170087,72000000,2026-09-25 01:28:01,2026-09-25 01:09:36,46,1105.0,1655.0,,Available,website maps this code to Available
1,b8ac70a4-1353-436d-94a3-15ee4ee77427,2026-09-25T01:28:01.268+00:00,2026-09-25T01:28:01.455+00:00,21072-30059,dryers,50170064,72000000,2026-09-25 01:28:01,2026-09-24 07:02:42,46,66319.0,-63559.0,,Available,website maps this code to Available
1,b8ac70a4-1353-436d-94a3-15ee4ee77427,2026-09-25T01:28:01.268+00:00,2026-09-25T01:28:01.455+00:00,21072-30059,dryers,50170065,72000000,2026-09-25 01:28:01,2026-09-25 00:46:05,46,2516.0,244.0,,Available,website maps this code to Available
1,b8ac70a4-1353-436d-94a3-15ee4ee77427,2026-09-25T01:28:01.268+00:00,2026-09-25T01:28:01.455+00:00,21072-30059,dryers,50170059,72000000,2026-09-25 01:28:01,2026-09-24 15:47:57,46,34804.0,-32044.0,,Available,website maps this code to Available
1,b8ac70a4-1353-436d-94a3-15ee4ee77427,2026-09-25T01:28:01.268+00:00,2026-09-25T01:28:01.455+00:00,21072-30059,dryers,50170057,42000000,2026-09-25 01:28:01,2026-09-25 01:17:57,45,604.0,2096.0,35,Running,
1,b8ac70a4-1353-436d-94a3-15ee4ee77427,2026-09-25T01:28:01.268+00:00,2026-09-25T01:28:01.455+00:00,21072-30059,dryers,50170062,42000000,2026-09-25 01:28:01,2026-09-25 01:18:42,45,559.0,2141.0,36,Running,
1,b8ac70a4-1353-436d-94a3-15ee4ee77427,2026-09-25T01:28:01.268+00:00,2026-09-25T01:28:01.455+00:00,21072-30059,dryers,50170067,72000000,2026-09-25 01:28:01,2026-09-25 01:00:01,46,1680.0,1080.0,,Available,website maps this code to Available
1,b8ac70a4-1353-436d-94a3-15ee4ee77427,2026-09-25T01:28:01.268+00:00,2026-09-25T01:28:01.455+00:00,21072-30059,dryers,50170074,72000000,2026-09-25 01:28:01,2026-09-25 01:00:09,46,1672.0,1088.0,,Available,website maps this code to Available
1,b8ac70a4-1353-436d-94a3-15ee4ee77427,2026-09-25T01:28:01.268+00:00,2026-09-25T01:28:01.455+00:00,21072-30059,dryers,50170071,52000000,2026-09-25 01:28:01,2026-09-25 01:02:03,23,1558.0,-178.0,,Finished,
1,b8ac70a4-1353-436d-94a3-15ee4ee77427,2026-09-25T01:28:01.268+00:00,2026-09-25T01:28:01.455+00:00,21072-30059,dryers,50170054,52000000,2026-09-25 01:28:01,2026-09-25 01:14:04,23,837.0,543.0,,Finished,
1,2f5fa920-9feb-4072-a174-92d265fe5aa6,2026-09-25T01:29:01.294+00:00,2026-09-25T01:29:01.491+00:00,21072-30059,washers,50170051,72000000,2026-09-25 01:29:01,2026-09-25 00:17:42,29,4279.0,-2539.0,,Available,website maps this code to Available
1,2f5fa920-9feb-4072-a174-92d265fe5aa6,2026-09-25T01:29:01.294+00:00,2026-09-25T01:29:01.491+00:00,21072-30059,washers,50170080,72000000,2026-09-25 01:29:01,2026-09-25 00:20:13,29,4128.0,-2388.0,,Available,website maps this code to Available
1,2f5fa920-9feb-4072-a174-92d265fe5aa6,2026-09-25T01:29:01.294+00:00,2026-09-25T01:29:01.491+00:00,21072-30059,washers,50170075,72000000,2026-09-25 01:29:01,2026-09-25 00:14:33,29,4468.0,-2728.0,,Available,website maps this code to Available
1,2f5fa920-9feb-4072-a174-92d265fe5aa6,2026-09-25T01:29:01.294+00:00,2026-09-25T01:29:01.491+00:00,21072-30059,washers,50170082,72000000,2026-09-25 01:29:01,2026-09-24 07:02:33,29,66388.0,-64648.0,,Available,website maps this code to Available
1,2f5fa920-9feb-4072-a174-92d265fe5aa6,2026-09-25T01:29:01.294+00:00,2026-09-25T01:29:01.491+00:00,21072-30059,washers,50170050,72000000,2026-09-25 01:29:01,2026-09-25 00:19:24,29,4177.0,-2437.0,,Available,website maps this code to Available
1,2f5fa920-9feb-4072-a174-92d265fe5aa6,2026-09-25T01:29:01.294+00:00,2026-09-25T01:29:01.491+00:00,21072-30059,washers,50170052,72000000,2026-09-25 01:29:01,2026-09-25 00:11:14,29,4667.0,-2927.0,,Available,website maps this code to Available
1,2f5fa920-9feb-4072-a174-92d265fe5aa6,2026-09-25T01:29:01.294+00:00,2026-09-25T01:29:01.491+00:00,21072-30059,washers,50170078,72000000,2026-09-25 01:29:01,2026-09-24 23:56:38,29,5543.0,-3803.0,,Available,website maps this code to Available
1,2f5fa920-9feb-4072-a174-92d265fe5aa6,2026-09-25T01:29:01.294+00:00,2026-09-25T01:29:01.491+00:00,21072-30059,washers,50170084,72000000,2026-09-25 01:29:01,2026-09-24 15:48:03,29,34858.0,-33118.0,,Available,website maps this code to Available
1,2f5fa920-9feb-4072-a174-92d265fe5aa6,2026-09-25T01:29:01.294+00:00,2026-09-25T01:29:01.491+00:00,21072-30059,washers,50170068,72000000,2026-09-25 01:29:01,2026-09-25 01:16:03,29,778.0,962.0,,Available,website maps this code to Available
1,2f5fa920-9feb-4072-a174-92d265fe5aa6,2026-09-25T01:29:01.294+00:00,2026-09-25T01:29:01.491+00:00,21072-30059,washers,50170072,72000000,2026-09-25 01:29:01,2026-09-25 01:23:15,29,346.0,1394.0,,Available,website maps this code to Available
1,2f5fa920-9feb-4072-a174-92d265fe5aa6,2026-09-25T01:29:01.294+00:00,2026-09-25T01:29:01.491+00:00,21072-30059,washers,20483408,72000000,2026-09-25 01:29:01,2024-12-20 00:43:32,0,55644329.0,-55644329.0,,Available,website maps this code to Available
1,2f5fa920-9feb-4072-a174-92d265fe5aa6,2026-09-25T01:29:01.294+00:00,2026-09-25T01:29:01.491+00:00,21072-30059,washers,50170055,72000000,2026-09-25 01:29:01,2026-09-24 23:53:15,29,5746.0,-4006.0,,Available,website maps this code to Available
1,2f5fa920-9feb-4072-a174-92d265fe5aa6,2026-09-25T01:29:01.294+00:00,2026-09-25T01:29:01.491+00:00,21072-30059,dryers,50170058,72000000,2026-09-25 01:29:01,2026-09-12 03:29:03,46,1115998.0,-1113238.0,,Available,website maps this code to Available
1,2f5fa920-9feb-4072-a174-92d265fe5aa6,2026-09-25T01:29:01.294+00:00,2026-09-25T01:29:01.491+00:00,21072-30059,dryers,50170061,72000000,2026-09-25 01:29:01,2026-09-24 20:07:24,46,19297.0,-16537.0,,Available,website maps this code to Available
1,2f5fa920-9feb-4072-a174-92d265fe5aa6,2026-09-25T01:29:01.294+00:00,2026-09-25T01:29:01.491+00:00,21072-30059,dryers,50170081,42000000,2026-09-25 01:29:01,2026-09-25 01:12:32,45,989.0,1711.0,29,Running,
1,2f5fa920-9feb-4072-a174-92d265fe5aa6,2026-09-25T01:29:01.294+00:00,2026-09-25T01:29:01.491+00:00,21072-30059,dryers,50170060,72000000,2026-09-25 01:29:01,2026-09-25 01:09:05,46,1196.0,1564.0,,Available,website maps this code to Available
1,2f5fa920-9feb-4072-a174-92d265fe5aa6,2026-09-25T01:29:01.294+00:00,2026-09-25T01:29:01.491+00:00,21072-30059,dryers,50170087,72000000,2026-09-25 01:29:01,2026-09-25 01:09:36,46,1165.0,1595.0,,Available,website maps this code to Available
1,2f5fa920-9feb-4072-a174-92d265fe5aa6,2026-09-25T01:29:01.294+00:00,2026-09-25T01:29:01.491+00:00,21072-30059,dryers,50170064,72000000,2026-09-25 01:29:01,2026-09-24 07:02:42,46,66379.0,-63619.0,,Available,website maps this code to Available
1,2f5fa920-9feb-4072-a174-92d265fe5aa6,2026-09-25T01:29:01.294+00:00,2026-09-25T01:29:01.491+00:00,21072-30059,dryers,50170065,72000000,2026-09-25 01:29:01,2026-09-25 00:46:05,46,2576.0,184.0,,Available,website maps this code to Available
1,2f5fa920-9feb-4072-a174-92d265fe5aa6,2026-09-25T01:29:01.294+00:00,2026-09-25T01:29:01.491+00:00,21072-30059,dryers,50170059,72000000,2026-09-25 01:29:01,2026-09-24 15:47:57,46,34864.0,-32104.0,,Available,website maps this code to Available
1,2f5fa920-9feb-4072-a174-92d265fe5aa6,2026-09-25T01:29:01.294+00:00,2026-09-25T01:29:01.491+00:00,21072-30059,dryers,50170057,42000000,2026-09-25 01:29:01,2026-09-25 01:17:57,45,664.0,2036.0,34,Running,
1,2f5fa920-9feb-4072-a174-92d265fe5aa6,2026-09-25T01:29:01.294+00:00,2026-09-25T01:29:01.491+00:00,21072-30059,dryers,50170062,42000000,2026-09-25 01:29:01,2026-09-25 01:18:42,45,619.0,2081.0,35,Running,
1,2f5fa920-9feb-4072-a174-92d265fe5aa6,2026-09-25T01:29:01.294+00:00,2026-09-25T01:29:01.491+00:00,21072-30059,dryers,50170067,72000000,2026-09-25 01:29:01,2026-09-25 01:00:01,46,1740.0,1020.0,,Available,website maps this code to Available
1,2f5fa920-9feb-4072-a174-92d265fe5aa6,2026-09-25T01:29:01.294+00:00,2026-09-25T01:29:01.491+00:00,21072-30059,dryers,50170074,72000000,2026-09-25 01:29:01,2026-09-25 01:00:09,46,1732.0,1028.0,,Available,website maps this code to Available
1,2f5fa920-9feb-4072-a174-92d265fe5aa6,2026-09-25T01:29:01.294+00:00,2026-09-25T01:29:01.491+00:00,21072-30059,dryers,50170071,52000000,2026-09-25 01:29:01,2026-09-25 01:02:03,23,1618.0,-238.0,,Finished,
1,2f5fa920-9feb-4072-a174-92d265fe5aa6,2026-09-25T01:29:01.294+00:00,2026-09-25T01:29:01.491+00:00,21072-30059,dryers,50170054,52000000,2026-09-25 01:29:01,2026-09-25 01:14:04,23,897.0,483.0,,Finished,
1,56d81f09-89b4-4f36-8b68-32e322cfa2b5,2026-09-25T01:30:01.338+00:00,2026-09-25T01:30:01.523+00:00,21072-30059,washers,50170051,72000000,2026-09-25 01:30:01,2026-09-25 00:17:42,29,4339.0,-2599.0,,Available,website maps this code to Available
1,56d81f09-89b4-4f36-8b68-32e322cfa2b5,2026-09-25T01:30:01.338+00:00,2026-09-25T01:30:01.523+00:00,21072-30059,washers,50170080,72000000,2026-09-25 01:30:01,2026-09-25 00:20:13,29,4188.0,-2448.0,,Available,website maps this code to Available
1,56d81f09-89b4-4f36-8b68-32e322cfa2b5,2026-09-25T01:30:01.338+00:00,2026-09-25T01:30:01.523+00:00,21072-30059,washers,50170075,72000000,2026-09-25 01:30:01,2026-09-25 00:14:33,29,4528.0,-2788.0,,Available,website maps this code to Available
1,56d81f09-89b4-4f36-8b68-32e322cfa2b5,2026-09-25T01:30:01.338+00:00,2026-09-25T01:30:01.523+00:00,21072-30059,washers,50170082,72000000,2026-09-25 01:30:01,2026-09-24 07:02:33,29,66448.0,-64708.0,,Available,website maps this code to Available
1,56d81f09-89b4-4f36-8b68-32e322cfa2b5,2026-09-25T01:30:01.338+00:00,2026-09-25T01:30:01.523+00:00,21072-30059,washers,50170050,72000000,2026-09-25 01:30:01,2026-09-25 00:19:24,29,4237.0,-2497.0,,Available,website maps this code to Available
1,56d81f09-89b4-4f36-8b68-32e322cfa2b5,2026-09-25T01:30:01.338+00:00,2026-09-25T01:30:01.523+00:00,21072-30059,washers,50170052,72000000,2026-09-25 01:30:01,2026-09-25 00:11:14,29,4727.0,-2987.0,,Available,website maps this code to Available
1,56d81f09-89b4-4f36-8b68-32e322cfa2b5,2026-09-25T01:30:01.338+00:00,2026-09-25T01:30:01.523+00:00,21072-30059,washers,50170078,72000000,2026-09-25 01:30:01,2026-09-24 23:56:38,29,5603.0,-3863.0,,Available,website maps this code to Available
1,56d81f09-89b4-4f36-8b68-32e322cfa2b5,2026-09-25T01:30:01.338+00:00,2026-09-25T01:30:01.523+00:00,21072-30059,washers,50170084,72000000,2026-09-25 01:30:01,2026-09-24 15:48:03,29,34918.0,-33178.0,,Available,website maps this code to Available
1,56d81f09-89b4-4f36-8b68-32e322cfa2b5,2026-09-25T01:30:01.338+00:00,2026-09-25T01:30:01.523+00:00,21072-30059,washers,50170068,72000000,2026-09-25 01:30:01,2026-09-25 01:16:03,29,838.0,902.0,,Available,website maps this code to Available
1,56d81f09-89b4-4f36-8b68-32e322cfa2b5,2026-09-25T01:30:01.338+00:00,2026-09-25T01:30:01.523+00:00,21072-30059,washers,50170072,72000000,2026-09-25 01:30:01,2026-09-25 01:23:15,29,406.0,1334.0,,Available,website maps this code to Available
1,56d81f09-89b4-4f36-8b68-32e322cfa2b5,2026-09-25T01:30:01.338+00:00,2026-09-25T01:30:01.523+00:00,21072-30059,washers,20483408,72000000,2026-09-25 01:30:01,2024-12-20 00:43:32,0,55644389.0,-55644389.0,,Available,website maps this code to Available
1,56d81f09-89b4-4f36-8b68-32e322cfa2b5,2026-09-25T01:30:01.338+00:00,2026-09-25T01:30:01.523+00:00,21072-30059,washers,50170055,72000000,2026-09-25 01:30:01,2026-09-24 23:53:15,29,5806.0,-4066.0,,Available,website maps this code to Available
1,56d81f09-89b4-4f36-8b68-32e322cfa2b5,2026-09-25T01:30:01.338+00:00,2026-09-25T01:30:01.523+00:00,21072-30059,dryers,50170058,72000000,2026-09-25 01:30:01,2026-09-12 03:29:03,46,1116058.0,-1113298.0,,Available,website maps this code to Available
1,56d81f09-89b4-4f36-8b68-32e322cfa2b5,2026-09-25T01:30:01.338+00:00,2026-09-25T01:30:01.523+00:00,21072-30059,dryers,50170061,72000000,2026-09-25 01:30:01,2026-09-24 20:07:24,46,19357.0,-16597.0,,Available,website maps this code to Available
1,56d81f09-89b4-4f36-8b68-32e322cfa2b5,2026-09-25T01:30:01.338+00:00,2026-09-25T01:30:01.523+00:00,21072-30059,dryers,50170081,42000000,2026-09-25 01:30:01,2026-09-25 01:12:32,45,1049.0,1651.0,28,Running,
1,56d81f09-89b4-4f36-8b68-32e322cfa2b5,2026-09-25T01:30:01.338+00:00,2026-09-25T01:30:01.523+00:00,21072-30059,dryers,50170060,72000000,2026-09-25 01:30:01,2026-09-25 01:09:05,46,1256.0,1504.0,,Available,website maps this code to Available
1,56d81f09-89b4-4f36-8b68-32e322cfa2b5,2026-09-25T01:30:01.338+00:00,2026-09-25T01:30:01.523+00:00,21072-30059,dryers,50170087,72000000,2026-09-25 01:30:01,2026-09-25 01:09:36,46,1225.0,1535.0,,Available,website maps this code to Available
1,56d81f09-89b4-4f36-8b68-32e322cfa2b5,2026-09-25T01:30:01.338+00:00,2026-09-25T01:30:01.523+00:00,21072-30059,dryers,50170064,72000000,2026-09-25 01:30:01,2026-09-24 07:02:42,46,66439.0,-63679.0,,Available,website maps this code to Available
1,56d81f09-89b4-4f36-8b68-32e322cfa2b5,2026-09-25T01:30:01.338+00:00,2026-09-25T01:30:01.523+00:00,21072-30059,dryers,50170065,72000000,2026-09-25 01:30:01,2026-09-25 00:46:05,46,2636.0,124.0,,Available,website maps this code to Available
1,56d81f09-89b4-4f36-8b68-32e322cfa2b5,2026-09-25T01:30:01.338+00:00,2026-09-25T01:30:01.523+00:00,21072-30059,dryers,50170059,72000000,2026-09-25 01:30:01,2026-09-24 15:47:57,46,34924.0,-32164.0,,Available,website maps this code to Available
1,56d81f09-89b4-4f36-8b68-32e322cfa2b5,2026-09-25T01:30:01.338+00:00,2026-09-25T01:30:01.523+00:00,21072-30059,dryers,50170057,42000000,2026-09-25 01:30:01,2026-09-25 01:17:57,45,724.0,1976.0,33,Running,
1,56d81f09-89b4-4f36-8b68-32e322cfa2b5,2026-09-25T01:30:01.338+00:00,2026-09-25T01:30:01.523+00:00,21072-30059,dryers,50170062,42000000,2026-09-25 01:30:01,2026-09-25 01:18:42,45,679.0,2021.0,34,Running,
1,56d81f09-89b4-4f36-8b68-32e322cfa2b5,2026-09-25T01:30:01.338+00:00,2026-09-25T01:30:01.523+00:00,21072-30059,dryers,50170067,72000000,2026-09-25 01:30:01,2026-09-25 01:00:01,46,1800.0,960.0,,Available,website maps this code to Available
1,56d81f09-89b4-4f36-8b68-32e322cfa2b5,2026-09-25T01:30:01.338+00:00,2026-09-25T01:30:01.523+00:00,21072-30059,dryers,50170074,72000000,2026-09-25 01:30:01,2026-09-25 01:00:09,46,1792.0,968.0,,Available,website maps this code to Available
1,56d81f09-89b4-4f36-8b68-32e322cfa2b5,2026-09-25T01:30:01.338+00:00,2026-09-25T01:30:01.523+00:00,21072-30059,dryers,50170071,52000000,2026-09-25 01:30:01,2026-09-25 01:02:03,23,1678.0,-298.0,,Finished,
1,56d81f09-89b4-4f36-8b68-32e322cfa2b5,2026-09-25T01:30:01.338+00:00,2026-09-25T01:30:01.523+00:00,21072-30059,dryers,50170054,52000000,2026-09-25 01:30:01,2026-09-25 01:14:04,23,957.0,423.0,,Finished,
1,20312916-e8d2-417b-99d2-a43982cc2efd,2026-09-25T01:31:01.358+00:00,2026-09-25T01:31:01.564+00:00,21072-30059,washers,50170051,72000000,2026-09-25 01:31:01,2026-09-25 00:17:42,29,4399.0,-2659.0,,Available,website maps this code to Available
1,20312916-e8d2-417b-99d2-a43982cc2efd,2026-09-25T01:31:01.358+00:00,2026-09-25T01:31:01.564+00:00,21072-30059,washers,50170080,72000000,2026-09-25 01:31:01,2026-09-25 00:20:13,29,4248.0,-2508.0,,Available,website maps this code to Available
1,20312916-e8d2-417b-99d2-a43982cc2efd,2026-09-25T01:31:01.358+00:00,2026-09-25T01:31:01.564+00:00,21072-30059,washers,50170075,72000000,2026-09-25 01:31:01,2026-09-25 00:14:33,29,4588.0,-2848.0,,Available,website maps this code to Available
1,20312916-e8d2-417b-99d2-a43982cc2efd,2026-09-25T01:31:01.358+00:00,2026-09-25T01:31:01.564+00:00,21072-30059,washers,50170082,72000000,2026-09-25 01:31:01,2026-09-24 07:02:33,29,66508.0,-64768.0,,Available,website maps this code to Available
1,20312916-e8d2-417b-99d2-a43982cc2efd,2026-09-25T01:31:01.358+00:00,2026-09-25T01:31:01.564+00:00,21072-30059,washers,50170050,72000000,2026-09-25 01:31:01,2026-09-25 00:19:24,29,4297.0,-2557.0,,Available,website maps this code to Available
1,20312916-e8d2-417b-99d2-a43982cc2efd,2026-09-25T01:31:01.358+00:00,2026-09-25T01:31:01.564+00:00,21072-30059,washers,50170052,72000000,2026-09-25 01:31:01,2026-09-25 00:11:14,29,4787.0,-3047.0,,Available,website maps this code to Available
1,20312916-e8d2-417b-99d2-a43982cc2efd,2026-09-25T01:31:01.358+00:00,2026-09-25T01:31:01.564+00:00,21072-30059,washers,50170078,72000000,2026-09-25 01:31:01,2026-09-24 23:56:38,29,5663.0,-3923.0,,Available,website maps this code to Available
1,20312916-e8d2-417b-99d2-a43982cc2efd,2026-09-25T01:31:01.358+00:00,2026-09-25T01:31:01.564+00:00,21072-30059,washers,50170084,72000000,2026-09-25 01:31:01,2026-09-24 15:48:03,29,34978.0,-33238.0,,Available,website maps this code to Available
1,20312916-e8d2-417b-99d2-a43982cc2efd,2026-09-25T01:31:01.358+00:00,2026-09-25T01:31:01.564+00:00,21072-30059,washers,50170068,72000000,2026-09-25 01:31:01,2026-09-25 01:16:03,29,898.0,842.0,,Available,website maps this code to Available
1,20312916-e8d2-417b-99d2-a43982cc2efd,2026-09-25T01:31:01.358+00:00,2026-09-25T01:31:01.564+00:00,21072-30059,washers,50170072,72000000,2026-09-25 01:31:01,2026-09-25 01:23:15,29,466.0,1274.0,,Available,website maps this code to Available
1,20312916-e8d2-417b-99d2-a43982cc2efd,2026-09-25T01:31:01.358+00:00,2026-09-25T01:31:01.564+00:00,21072-30059,washers,20483408,72000000,2026-09-25 01:31:01,2024-12-20 00:43:32,0,55644449.0,-55644449.0,,Available,website maps this code to Available
1,20312916-e8d2-417b-99d2-a43982cc2efd,2026-09-25T01:31:01.358+00:00,2026-09-25T01:31:01.564+00:00,21072-30059,washers,50170055,72000000,2026-09-25 01:31:01,2026-09-24 23:53:15,29,5866.0,-4126.0,,Available,website maps this code to Available
1,20312916-e8d2-417b-99d2-a43982cc2efd,2026-09-25T01:31:01.358+00:00,2026-09-25T01:31:01.564+00:00,21072-30059,dryers,50170058,72000000,2026-09-25 01:31:01,2026-09-12 03:29:03,46,1116118.0,-1113358.0,,Available,website maps this code to Available
1,20312916-e8d2-417b-99d2-a43982cc2efd,2026-09-25T01:31:01.358+00:00,2026-09-25T01:31:01.564+00:00,21072-30059,dryers,50170061,72000000,2026-09-25 01:31:01,2026-09-24 20:07:24,46,19417.0,-16657.0,,Available,website maps this code to Available
1,20312916-e8d2-417b-99d2-a43982cc2efd,2026-09-25T01:31:01.358+00:00,2026-09-25T01:31:01.564+00:00,21072-30059,dryers,50170081,42000000,2026-09-25 01:31:01,2026-09-25 01:12:32,45,1109.0,1591.0,27,Running,
1,20312916-e8d2-417b-99d2-a43982cc2efd,2026-09-25T01:31:01.358+00:00,2026-09-25T01:31:01.564+00:00,21072-30059,dryers,50170060,72000000,2026-09-25 01:31:01,2026-09-25 01:09:05,46,1316.0,1444.0,,Available,website maps this code to Available
1,20312916-e8d2-417b-99d2-a43982cc2efd,2026-09-25T01:31:01.358+00:00,2026-09-25T01:31:01.564+00:00,21072-30059,dryers,50170087,72000000,2026-09-25 01:31:01,2026-09-25 01:09:36,46,1285.0,1475.0,,Available,website maps this code to Available
1,20312916-e8d2-417b-99d2-a43982cc2efd,2026-09-25T01:31:01.358+00:00,2026-09-25T01:31:01.564+00:00,21072-30059,dryers,50170064,72000000,2026-09-25 01:31:01,2026-09-24 07:02:42,46,66499.0,-63739.0,,Available,website maps this code to Available
1,20312916-e8d2-417b-99d2-a43982cc2efd,2026-09-25T01:31:01.358+00:00,2026-09-25T01:31:01.564+00:00,21072-30059,dryers,50170065,72000000,2026-09-25 01:31:01,2026-09-25 00:46:05,46,2696.0,64.0,,Available,website maps this code to Available
1,20312916-e8d2-417b-99d2-a43982cc2efd,2026-09-25T01:31:01.358+00:00,2026-09-25T01:31:01.564+00:00,21072-30059,dryers,50170059,72000000,2026-09-25 01:31:01,2026-09-24 15:47:57,46,34984.0,-32224.0,,Available,website maps this code to Available
1,20312916-e8d2-417b-99d2-a43982cc2efd,2026-09-25T01:31:01.358+00:00,2026-09-25T01:31:01.564+00:00,21072-30059,dryers,50170057,42000000,2026-09-25 01:31:01,2026-09-25 01:17:57,45,784.0,1916.0,32,Running,
1,20312916-e8d2-417b-99d2-a43982cc2efd,2026-09-25T01:31:01.358+00:00,2026-09-25T01:31:01.564+00:00,21072-30059,dryers,50170062,42000000,2026-09-25 01:31:01,2026-09-25 01:18:42,45,739.0,1961.0,33,Running,
1,20312916-e8d2-417b-99d2-a43982cc2efd,2026-09-25T01:31:01.358+00:00,2026-09-25T01:31:01.564+00:00,21072-30059,dryers,50170067,72000000,2026-09-25 01:31:01,2026-09-25 01:00:01,46,1860.0,900.0,,Available,website maps this code to Available
1,20312916-e8d2-417b-99d2-a43982cc2efd,2026-09-25T01:31:01.358+00:00,2026-09-25T01:31:01.564+00:00,21072-30059,dryers,50170074,72000000,2026-09-25 01:31:01,2026-09-25 01:00:09,46,1852.0,908.0,,Available,website maps this code to Available
1,20312916-e8d2-417b-99d2-a43982cc2efd,2026-09-25T01:31:01.358+00:00,2026-09-25T01:31:01.564+00:00,21072-30059,dryers,50170071,52000000,2026-09-25 01:31:01,2026-09-25 01:02:03,23,1738.0,-358.0,,Finished,
1,20312916-e8d2-417b-99d2-a43982cc2efd,2026-09-25T01:31:01.358+00:00,2026-09-25T01:31:01.564+00:00,21072-30059,dryers,50170054,52000000,2026-09-25 01:31:01,2026-09-25 01:14:04,23,1017.0,363.0,,Finished,
1,a862b9cb-bf6b-4611-b43e-fab171e02a35,2026-09-25T01:32:01.280+00:00,2026-09-25T01:32:01.467+00:00,21072-30059,washers,50170051,72000000,2026-09-25 01:32:01,2026-09-25 00:17:42,29,4459.0,-2719.0,,Available,website maps this code to Available
1,a862b9cb-bf6b-4611-b43e-fab171e02a35,2026-09-25T01:32:01.280+00:00,2026-09-25T01:32:01.467+00:00,21072-30059,washers,50170080,72000000,2026-09-25 01:32:01,2026-09-25 00:20:13,29,4308.0,-2568.0,,Available,website maps this code to Available
1,a862b9cb-bf6b-4611-b43e-fab171e02a35,2026-09-25T01:32:01.280+00:00,2026-09-25T01:32:01.467+00:00,21072-30059,washers,50170075,72000000,2026-09-25 01:32:01,2026-09-25 00:14:33,29,4648.0,-2908.0,,Available,website maps this code to Available
1,a862b9cb-bf6b-4611-b43e-fab171e02a35,2026-09-25T01:32:01.280+00:00,2026-09-25T01:32:01.467+00:00,21072-30059,washers,50170082,72000000,2026-09-25 01:32:01,2026-09-24 07:02:33,29,66568.0,-64828.0,,Available,website maps this code to Available
1,a862b9cb-bf6b-4611-b43e-fab171e02a35,2026-09-25T01:32:01.280+00:00,2026-09-25T01:32:01.467+00:00,21072-30059,washers,50170050,72000000,2026-09-25 01:32:01,2026-09-25 00:19:24,29,4357.0,-2617.0,,Available,website maps this code to Available
1,a862b9cb-bf6b-4611-b43e-fab171e02a35,2026-09-25T01:32:01.280+00:00,2026-09-25T01:32:01.467+00:00,21072-30059,washers,50170052,72000000,2026-09-25 01:32:01,2026-09-25 00:11:14,29,4847.0,-3107.0,,Available,website maps this code to Available
1,a862b9cb-bf6b-4611-b43e-fab171e02a35,2026-09-25T01:32:01.280+00:00,2026-09-25T01:32:01.467+00:00,21072-30059,washers,50170078,72000000,2026-09-25 01:32:01,2026-09-24 23:56:38,29,5723.0,-3983.0,,Available,website maps this code to Available
1,a862b9cb-bf6b-4611-b43e-fab171e02a35,2026-09-25T01:32:01.280+00:00,2026-09-25T01:32:01.467+00:00,21072-30059,washers,50170084,72000000,2026-09-25 01:32:01,2026-09-24 15:48:03,29,35038.0,-33298.0,,Available,website maps this code to Available
1,a862b9cb-bf6b-4611-b43e-fab171e02a35,2026-09-25T01:32:01.280+00:00,2026-09-25T01:32:01.467+00:00,21072-30059,washers,50170068,72000000,2026-09-25 01:32:01,2026-09-25 01:16:03,29,958.0,782.0,,Available,website maps this code to Available
1,a862b9cb-bf6b-4611-b43e-fab171e02a35,2026-09-25T01:32:01.280+00:00,2026-09-25T01:32:01.467+00:00,21072-30059,washers,50170072,72000000,2026-09-25 01:32:01,2026-09-25 01:23:15,29,526.0,1214.0,,Available,website maps this code to Available
1,a862b9cb-bf6b-4611-b43e-fab171e02a35,2026-09-25T01:32:01.280+00:00,2026-09-25T01:32:01.467+00:00,21072-30059,washers,20483408,72000000,2026-09-25 01:32:01,2024-12-20 00:43:32,0,55644509.0,-55644509.0,,Available,website maps this code to Available
1,a862b9cb-bf6b-4611-b43e-fab171e02a35,2026-09-25T01:32:01.280+00:00,2026-09-25T01:32:01.467+00:00,21072-30059,washers,50170055,72000000,2026-09-25 01:32:01,2026-09-24 23:53:15,29,5926.0,-4186.0,,Available,website maps this code to Available
1,a862b9cb-bf6b-4611-b43e-fab171e02a35,2026-09-25T01:32:01.280+00:00,2026-09-25T01:32:01.467+00:00,21072-30059,dryers,50170058,72000000,2026-09-25 01:32:01,2026-09-12 03:29:03,46,1116178.0,-1113418.0,,Available,website maps this code to Available
1,a862b9cb-bf6b-4611-b43e-fab171e02a35,2026-09-25T01:32:01.280+00:00,2026-09-25T01:32:01.467+00:00,21072-30059,dryers,50170061,72000000,2026-09-25 01:32:01,2026-09-24 20:07:24,46,19477.0,-16717.0,,Available,website maps this code to Available
1,a862b9cb-bf6b-4611-b43e-fab171e02a35,2026-09-25T01:32:01.280+00:00,2026-09-25T01:32:01.467+00:00,21072-30059,dryers,50170081,42000000,2026-09-25 01:32:01,2026-09-25 01:12:32,45,1169.0,1531.0,26,Running,
1,a862b9cb-bf6b-4611-b43e-fab171e02a35,2026-09-25T01:32:01.280+00:00,2026-09-25T01:32:01.467+00:00,21072-30059,dryers,50170060,72000000,2026-09-25 01:32:01,2026-09-25 01:09:05,46,1376.0,1384.0,,Available,website maps this code to Available
1,a862b9cb-bf6b-4611-b43e-fab171e02a35,2026-09-25T01:32:01.280+00:00,2026-09-25T01:32:01.467+00:00,21072-30059,dryers,50170087,72000000,2026-09-25 01:32:01,2026-09-25 01:09:36,46,1345.0,1415.0,,Available,website maps this code to Available
1,a862b9cb-bf6b-4611-b43e-fab171e02a35,2026-09-25T01:32:01.280+00:00,2026-09-25T01:32:01.467+00:00,21072-30059,dryers,50170064,72000000,2026-09-25 01:32:01,2026-09-24 07:02:42,46,66559.0,-63799.0,,Available,website maps this code to Available
1,a862b9cb-bf6b-4611-b43e-fab171e02a35,2026-09-25T01:32:01.280+00:00,2026-09-25T01:32:01.467+00:00,21072-30059,dryers,50170065,72000000,2026-09-25 01:32:01,2026-09-25 00:46:05,46,2756.0,4.0,,Available,website maps this code to Available
1,a862b9cb-bf6b-4611-b43e-fab171e02a35,2026-09-25T01:32:01.280+00:00,2026-09-25T01:32:01.467+00:00,21072-30059,dryers,50170059,72000000,2026-09-25 01:32:01,2026-09-24 15:47:57,46,35044.0,-32284.0,,Available,website maps this code to Available
1,a862b9cb-bf6b-4611-b43e-fab171e02a35,2026-09-25T01:32:01.280+00:00,2026-09-25T01:32:01.467+00:00,21072-30059,dryers,50170057,42000000,2026-09-25 01:32:01,2026-09-25 01:17:57,45,844.0,1856.0,31,Running,
1,a862b9cb-bf6b-4611-b43e-fab171e02a35,2026-09-25T01:32:01.280+00:00,2026-09-25T01:32:01.467+00:00,21072-30059,dryers,50170062,42000000,2026-09-25 01:32:01,2026-09-25 01:18:42,45,799.0,1901.0,32,Running,
1,a862b9cb-bf6b-4611-b43e-fab171e02a35,2026-09-25T01:32:01.280+00:00,2026-09-25T01:32:01.467+00:00,21072-30059,dryers,50170067,72000000,2026-09-25 01:32:01,2026-09-25 01:00:01,46,1920.0,840.0,,Available,website maps this code to Available
1,a862b9cb-bf6b-4611-b43e-fab171e02a35,2026-09-25T01:32:01.280+00:00,2026-09-25T01:32:01.467+00:00,21072-30059,dryers,50170074,72000000,2026-09-25 01:32:01,2026-09-25 01:00:09,46,1912.0,848.0,,Available,website maps this code to Available
1,a862b9cb-bf6b-4611-b43e-fab171e02a35,2026-09-25T01:32:01.280+00:00,2026-09-25T01:32:01.467+00:00,21072-30059,dryers,50170071,52000000,2026-09-25 01:32:01,2026-09-25 01:02:03,23,1798.0,-418.0,,Finished,
1,a862b9cb-bf6b-4611-b43e-fab171e02a35,2026-09-25T01:32:01.280+00:00,2026-09-25T01:32:01.467+00:00,21072-30059,dryers,50170054,52000000,2026-09-25 01:32:01,2026-09-25 01:14:04,23,1077.0,303.0,,Finished,
1,3dad5743-45d4-4fd6-997f-a8581fab5011,2026-09-25T01:33:01.274+00:00,2026-09-25T01:33:01.464+00:00,21072-30059,washers,50170051,72000000,2026-09-25 01:33:01,2026-09-25 00:17:42,29,4519.0,-2779.0,,Available,website maps this code to Available
1,3dad5743-45d4-4fd6-997f-a8581fab5011,2026-09-25T01:33:01.274+00:00,2026-09-25T01:33:01.464+00:00,21072-30059,washers,50170080,72000000,2026-09-25 01:33:01,2026-09-25 00:20:13,29,4368.0,-2628.0,,Available,website maps this code to Available
1,3dad5743-45d4-4fd6-997f-a8581fab5011,2026-09-25T01:33:01.274+00:00,2026-09-25T01:33:01.464+00:00,21072-30059,washers,50170075,72000000,2026-09-25 01:33:01,2026-09-25 00:14:33,29,4708.0,-2968.0,,Available,website maps this code to Available
1,3dad5743-45d4-4fd6-997f-a8581fab5011,2026-09-25T01:33:01.274+00:00,2026-09-25T01:33:01.464+00:00,21072-30059,washers,50170082,72000000,2026-09-25 01:33:01,2026-09-24 07:02:33,29,66628.0,-64888.0,,Available,website maps this code to Available
1,3dad5743-45d4-4fd6-997f-a8581fab5011,2026-09-25T01:33:01.274+00:00,2026-09-25T01:33:01.464+00:00,21072-30059,washers,50170050,72000000,2026-09-25 01:33:01,2026-09-25 00:19:24,29,4417.0,-2677.0,,Available,website maps this code to Available
1,3dad5743-45d4-4fd6-997f-a8581fab5011,2026-09-25T01:33:01.274+00:00,2026-09-25T01:33:01.464+00:00,21072-30059,washers,50170052,72000000,2026-09-25 01:33:01,2026-09-25 00:11:14,29,4907.0,-3167.0,,Available,website maps this code to Available
1,3dad5743-45d4-4fd6-997f-a8581fab5011,2026-09-25T01:33:01.274+00:00,2026-09-25T01:33:01.464+00:00,21072-30059,washers,50170078,72000000,2026-09-25 01:33:01,2026-09-24 23:56:38,29,5783.0,-4043.0,,Available,website maps this code to Available
1,3dad5743-45d4-4fd6-997f-a8581fab5011,2026-09-25T01:33:01.274+00:00,2026-09-25T01:33:01.464+00:00,21072-30059,washers,50170084,72000000,2026-09-25 01:33:01,2026-09-24 15:48:03,29,35098.0,-33358.0,,Available,website maps this code to Available
1,3dad5743-45d4-4fd6-997f-a8581fab5011,2026-09-25T01:33:01.274+00:00,2026-09-25T01:33:01.464+00:00,21072-30059,washers,50170068,72000000,2026-09-25 01:33:01,2026-09-25 01:16:03,29,1018.0,722.0,,Available,website maps this code to Available
1,3dad5743-45d4-4fd6-997f-a8581fab5011,2026-09-25T01:33:01.274+00:00,2026-09-25T01:33:01.464+00:00,21072-30059,washers,50170072,72000000,2026-09-25 01:33:01,2026-09-25 01:23:15,29,586.0,1154.0,,Available,website maps this code to Available
1,3dad5743-45d4-4fd6-997f-a8581fab5011,2026-09-25T01:33:01.274+00:00,2026-09-25T01:33:01.464+00:00,21072-30059,washers,20483408,72000000,2026-09-25 01:33:01,2024-12-20 00:43:32,0,55644569.0,-55644569.0,,Available,website maps this code to Available
1,3dad5743-45d4-4fd6-997f-a8581fab5011,2026-09-25T01:33:01.274+00:00,2026-09-25T01:33:01.464+00:00,21072-30059,washers,50170055,72000000,2026-09-25 01:33:01,2026-09-24 23:53:15,29,5986.0,-4246.0,,Available,website maps this code to Available
1,3dad5743-45d4-4fd6-997f-a8581fab5011,2026-09-25T01:33:01.274+00:00,2026-09-25T01:33:01.464+00:00,21072-30059,dryers,50170058,72000000,2026-09-25 01:33:01,2026-09-12 03:29:03,46,1116238.0,-1113478.0,,Available,website maps this code to Available
1,3dad5743-45d4-4fd6-997f-a8581fab5011,2026-09-25T01:33:01.274+00:00,2026-09-25T01:33:01.464+00:00,21072-30059,dryers,50170061,72000000,2026-09-25 01:33:01,2026-09-24 20:07:24,46,19537.0,-16777.0,,Available,website maps this code to Available
1,3dad5743-45d4-4fd6-997f-a8581fab5011,2026-09-25T01:33:01.274+00:00,2026-09-25T01:33:01.464+00:00,21072-30059,dryers,50170081,42000000,2026-09-25 01:33:01,2026-09-25 01:12:32,45,1229.0,1471.0,25,Running,
1,3dad5743-45d4-4fd6-997f-a8581fab5011,2026-09-25T01:33:01.274+00:00,2026-09-25T01:33:01.464+00:00,21072-30059,dryers,50170060,72000000,2026-09-25 01:33:01,2026-09-25 01:09:05,46,1436.0,1324.0,,Available,website maps this code to Available
1,3dad5743-45d4-4fd6-997f-a8581fab5011,2026-09-25T01:33:01.274+00:00,2026-09-25T01:33:01.464+00:00,21072-30059,dryers,50170087,72000000,2026-09-25 01:33:01,2026-09-25 01:09:36,46,1405.0,1355.0,,Available,website maps this code to Available
1,3dad5743-45d4-4fd6-997f-a8581fab5011,2026-09-25T01:33:01.274+00:00,2026-09-25T01:33:01.464+00:00,21072-30059,dryers,50170064,72000000,2026-09-25 01:33:01,2026-09-24 07:02:42,46,66619.0,-63859.0,,Available,website maps this code to Available
1,3dad5743-45d4-4fd6-997f-a8581fab5011,2026-09-25T01:33:01.274+00:00,2026-09-25T01:33:01.464+00:00,21072-30059,dryers,50170065,72000000,2026-09-25 01:33:01,2026-09-25 00:46:05,46,2816.0,-56.0,,Available,website maps this code to Available
1,3dad5743-45d4-4fd6-997f-a8581fab5011,2026-09-25T01:33:01.274+00:00,2026-09-25T01:33:01.464+00:00,21072-30059,dryers,50170059,72000000,2026-09-25 01:33:01,2026-09-24 15:47:57,46,35104.0,-32344.0,,Available,website maps this code to Available
1,3dad5743-45d4-4fd6-997f-a8581fab5011,2026-09-25T01:33:01.274+00:00,2026-09-25T01:33:01.464+00:00,21072-30059,dryers,50170057,42000000,2026-09-25 01:33:01,2026-09-25 01:17:57,45,904.0,1796.0,30,Running,
1,3dad5743-45d4-4fd6-997f-a8581fab5011,2026-09-25T01:33:01.274+00:00,2026-09-25T01:33:01.464+00:00,21072-30059,dryers,50170062,42000000,2026-09-25 01:33:01,2026-09-25 01:18:42,45,859.0,1841.0,31,Running,
1,3dad5743-45d4-4fd6-997f-a8581fab5011,2026-09-25T01:33:01.274+00:00,2026-09-25T01:33:01.464+00:00,21072-30059,dryers,50170067,72000000,2026-09-25 01:33:01,2026-09-25 01:00:01,46,1980.0,780.0,,Available,website maps this code to Available
1,3dad5743-45d4-4fd6-997f-a8581fab5011,2026-09-25T01:33:01.274+00:00,2026-09-25T01:33:01.464+00:00,21072-30059,dryers,50170074,72000000,2026-09-25 01:33:01,2026-09-25 01:00:09,46,1972.0,788.0,,Available,website maps this code to Available
1,3dad5743-45d4-4fd6-997f-a8581fab5011,2026-09-25T01:33:01.274+00:00,2026-09-25T01:33:01.464+00:00,21072-30059,dryers,50170071,52000000,2026-09-25 01:33:01,2026-09-25 01:02:03,23,1858.0,-478.0,,Finished,
1,3dad5743-45d4-4fd6-997f-a8581fab5011,2026-09-25T01:33:01.274+00:00,2026-09-25T01:33:01.464+00:00,21072-30059,dryers,50170054,52000000,2026-09-25 01:33:01,2026-09-25 01:14:04,23,1137.0,243.0,,Finished,
1,85eb7819-172d-4a69-a960-c47d85e4647d,2026-09-25T01:34:01.313+00:00,2026-09-25T01:34:01.575+00:00,21072-30059,washers,50170051,72000000,2026-09-25 01:34:01,2026-09-25 00:17:42,29,4579.0,-2839.0,,Available,website maps this code to Available
1,85eb7819-172d-4a69-a960-c47d85e4647d,2026-09-25T01:34:01.313+00:00,2026-09-25T01:34:01.575+00:00,21072-30059,washers,50170080,72000000,2026-09-25 01:34:01,2026-09-25 00:20:13,29,4428.0,-2688.0,,Available,website maps this code to Available
1,85eb7819-172d-4a69-a960-c47d85e4647d,2026-09-25T01:34:01.313+00:00,2026-09-25T01:34:01.575+00:00,21072-30059,washers,50170075,72000000,2026-09-25 01:34:01,2026-09-25 00:14:33,29,4768.0,-3028.0,,Available,website maps this code to Available
1,85eb7819-172d-4a69-a960-c47d85e4647d,2026-09-25T01:34:01.313+00:00,2026-09-25T01:34:01.575+00:00,21072-30059,washers,50170082,72000000,2026-09-25 01:34:01,2026-09-24 07:02:33,29,66688.0,-64948.0,,Available,website maps this code to Available
1,85eb7819-172d-4a69-a960-c47d85e4647d,2026-09-25T01:34:01.313+00:00,2026-09-25T01:34:01.575+00:00,21072-30059,washers,50170050,72000000,2026-09-25 01:34:01,2026-09-25 00:19:24,29,4477.0,-2737.0,,Available,website maps this code to Available
1,85eb7819-172d-4a69-a960-c47d85e4647d,2026-09-25T01:34:01.313+00:00,2026-09-25T01:34:01.575+00:00,21072-30059,washers,50170052,72000000,2026-09-25 01:34:01,2026-09-25 00:11:14,29,4967.0,-3227.0,,Available,website maps this code to Available
1,85eb7819-172d-4a69-a960-c47d85e4647d,2026-09-25T01:34:01.313+00:00,2026-09-25T01:34:01.575+00:00,21072-30059,washers,50170078,72000000,2026-09-25 01:34:01,2026-09-24 23:56:38,29,5843.0,-4103.0,,Available,website maps this code to Available
1,85eb7819-172d-4a69-a960-c47d85e4647d,2026-09-25T01:34:01.313+00:00,2026-09-25T01:34:01.575+00:00,21072-30059,washers,50170084,72000000,2026-09-25 01:34:01,2026-09-24 15:48:03,29,35158.0,-33418.0,,Available,website maps this code to Available
1,85eb7819-172d-4a69-a960-c47d85e4647d,2026-09-25T01:34:01.313+00:00,2026-09-25T01:34:01.575+00:00,21072-30059,washers,50170068,72000000,2026-09-25 01:34:01,2026-09-25 01:16:03,29,1078.0,662.0,,Available,website maps this code to Available
1,85eb7819-172d-4a69-a960-c47d85e4647d,2026-09-25T01:34:01.313+00:00,2026-09-25T01:34:01.575+00:00,21072-30059,washers,50170072,72000000,2026-09-25 01:34:01,2026-09-25 01:23:15,29,646.0,1094.0,,Available,website maps this code to Available
1,85eb7819-172d-4a69-a960-c47d85e4647d,2026-09-25T01:34:01.313+00:00,2026-09-25T01:34:01.575+00:00,21072-30059,washers,20483408,72000000,2026-09-25 01:34:01,2024-12-20 00:43:32,0,55644629.0,-55644629.0,,Available,website maps this code to Available
1,85eb7819-172d-4a69-a960-c47d85e4647d,2026-09-25T01:34:01.313+00:00,2026-09-25T01:34:01.575+00:00,21072-30059,washers,50170055,72000000,2026-09-25 01:34:01,2026-09-24 23:53:15,29,6046.0,-4306.0,,Available,website maps this code to Available
1,85eb7819-172d-4a69-a960-c47d85e4647d,2026-09-25T01:34:01.313+00:00,2026-09-25T01:34:01.575+00:00,21072-30059,dryers,50170058,72000000,2026-09-25 01:34:01,2026-09-12 03:29:03,46,1116298.0,-1113538.0,,Available,website maps this code to Available
1,85eb7819-172d-4a69-a960-c47d85e4647d,2026-09-25T01:34:01.313+00:00,2026-09-25T01:34:01.575+00:00,21072-30059,dryers,50170061,72000000,2026-09-25 01:34:01,2026-09-24 20:07:24,46,19597.0,-16837.0,,Available,website maps this code to Available
1,85eb7819-172d-4a69-a960-c47d85e4647d,2026-09-25T01:34:01.313+00:00,2026-09-25T01:34:01.575+00:00,21072-30059,dryers,50170081,42000000,2026-09-25 01:34:01,2026-09-25 01:12:32,45,1289.0,1411.0,24,Running,
1,85eb7819-172d-4a69-a960-c47d85e4647d,2026-09-25T01:34:01.313+00:00,2026-09-25T01:34:01.575+00:00,21072-30059,dryers,50170060,72000000,2026-09-25 01:34:01,2026-09-25 01:09:05,46,1496.0,1264.0,,Available,website maps this code to Available
1,85eb7819-172d-4a69-a960-c47d85e4647d,2026-09-25T01:34:01.313+00:00,2026-09-25T01:34:01.575+00:00,21072-30059,dryers,50170087,72000000,2026-09-25 01:34:01,2026-09-25 01:09:36,46,1465.0,1295.0,,Available,website maps this code to Available
1,85eb7819-172d-4a69-a960-c47d85e4647d,2026-09-25T01:34:01.313+00:00,2026-09-25T01:34:01.575+00:00,21072-30059,dryers,50170064,72000000,2026-09-25 01:34:01,2026-09-24 07:02:42,46,66679.0,-63919.0,,Available,website maps this code to Available
1,85eb7819-172d-4a69-a960-c47d85e4647d,2026-09-25T01:34:01.313+00:00,2026-09-25T01:34:01.575+00:00,21072-30059,dryers,50170065,72000000,2026-09-25 01:34:01,2026-09-25 00:46:05,46,2876.0,-116.0,,Available,website maps this code to Available
1,85eb7819-172d-4a69-a960-c47d85e4647d,2026-09-25T01:34:01.313+00:00,2026-09-25T01:34:01.575+00:00,21072-30059,dryers,50170059,72000000,2026-09-25 01:34:01,2026-09-24 15:47:57,46,35164.0,-32404.0,,Available,website maps this code to Available
1,85eb7819-172d-4a69-a960-c47d85e4647d,2026-09-25T01:34:01.313+00:00,2026-09-25T01:34:01.575+00:00,21072-30059,dryers,50170057,42000000,2026-09-25 01:34:01,2026-09-25 01:17:57,45,964.0,1736.0,29,Running,
1,85eb7819-172d-4a69-a960-c47d85e4647d,2026-09-25T01:34:01.313+00:00,2026-09-25T01:34:01.575+00:00,21072-30059,dryers,50170062,42000000,2026-09-25 01:34:01,2026-09-25 01:18:42,45,919.0,1781.0,30,Running,
1,85eb7819-172d-4a69-a960-c47d85e4647d,2026-09-25T01:34:01.313+00:00,2026-09-25T01:34:01.575+00:00,21072-30059,dryers,50170067,72000000,2026-09-25 01:34:01,2026-09-25 01:00:01,46,2040.0,720.0,,Available,website maps this code to Available
1,85eb7819-172d-4a69-a960-c47d85e4647d,2026-09-25T01:34:01.313+00:00,2026-09-25T01:34:01.575+00:00,21072-30059,dryers,50170074,72000000,2026-09-25 01:34:01,2026-09-25 01:00:09,46,2032.0,728.0,,Available,website maps this code to Available
1,85eb7819-172d-4a69-a960-c47d85e4647d,2026-09-25T01:34:01.313+00:00,2026-09-25T01:34:01.575+00:00,21072-30059,dryers,50170071,52000000,2026-09-25 01:34:01,2026-09-25 01:02:03,23,1918.0,-538.0,,Finished,
1,85eb7819-172d-4a69-a960-c47d85e4647d,2026-09-25T01:34:01.313+00:00,2026-09-25T01:34:01.575+00:00,21072-30059,dryers,50170054,52000000,2026-09-25 01:34:01,2026-09-25 01:14:04,23,1197.0,183.0,,Finished,
1,3894596e-690d-41cc-be70-3de53d2b9643,2026-09-25T01:35:01.275+00:00,2026-09-25T01:35:01.470+00:00,21072-30059,washers,50170051,72000000,2026-09-25 01:35:01,2026-09-25 00:17:42,29,4639.0,-2899.0,,Available,website maps this code to Available
1,3894596e-690d-41cc-be70-3de53d2b9643,2026-09-25T01:35:01.275+00:00,2026-09-25T01:35:01.470+00:00,21072-30059,washers,50170080,72000000,2026-09-25 01:35:01,2026-09-25 00:20:13,29,4488.0,-2748.0,,Available,website maps this code to Available
1,3894596e-690d-41cc-be70-3de53d2b9643,2026-09-25T01:35:01.275+00:00,2026-09-25T01:35:01.470+00:00,21072-30059,washers,50170075,72000000,2026-09-25 01:35:01,2026-09-25 00:14:33,29,4828.0,-3088.0,,Available,website maps this code to Available
1,3894596e-690d-41cc-be70-3de53d2b9643,2026-09-25T01:35:01.275+00:00,2026-09-25T01:35:01.470+00:00,21072-30059,washers,50170082,72000000,2026-09-25 01:35:01,2026-09-24 07:02:33,29,66748.0,-65008.0,,Available,website maps this code to Available
1,3894596e-690d-41cc-be70-3de53d2b9643,2026-09-25T01:35:01.275+00:00,2026-09-25T01:35:01.470+00:00,21072-30059,washers,50170050,72000000,2026-09-25 01:35:01,2026-09-25 00:19:24,29,4537.0,-2797.0,,Available,website maps this code to Available
1,3894596e-690d-41cc-be70-3de53d2b9643,2026-09-25T01:35:01.275+00:00,2026-09-25T01:35:01.470+00:00,21072-30059,washers,50170052,72000000,2026-09-25 01:35:01,2026-09-25 00:11:14,29,5027.0,-3287.0,,Available,website maps this code to Available
1,3894596e-690d-41cc-be70-3de53d2b9643,2026-09-25T01:35:01.275+00:00,2026-09-25T01:35:01.470+00:00,21072-30059,washers,50170078,72000000,2026-09-25 01:35:01,2026-09-24 23:56:38,29,5903.0,-4163.0,,Available,website maps this code to Available
1,3894596e-690d-41cc-be70-3de53d2b9643,2026-09-25T01:35:01.275+00:00,2026-09-25T01:35:01.470+00:00,21072-30059,washers,50170084,72000000,2026-09-25 01:35:01,2026-09-24 15:48:03,29,35218.0,-33478.0,,Available,website maps this code to Available
1,3894596e-690d-41cc-be70-3de53d2b9643,2026-09-25T01:35:01.275+00:00,2026-09-25T01:35:01.470+00:00,21072-30059,washers,50170068,72000000,2026-09-25 01:35:01,2026-09-25 01:16:03,29,1138.0,602.0,,Available,website maps this code to Available
1,3894596e-690d-41cc-be70-3de53d2b9643,2026-09-25T01:35:01.275+00:00,2026-09-25T01:35:01.470+00:00,21072-30059,washers,50170072,72000000,2026-09-25 01:35:01,2026-09-25 01:23:15,29,706.0,1034.0,,Available,website maps this code to Available
1,3894596e-690d-41cc-be70-3de53d2b9643,2026-09-25T01:35:01.275+00:00,2026-09-25T01:35:01.470+00:00,21072-30059,washers,20483408,72000000,2026-09-25 01:35:01,2024-12-20 00:43:32,0,55644689.0,-55644689.0,,Available,website maps this code to Available
1,3894596e-690d-41cc-be70-3de53d2b9643,2026-09-25T01:35:01.275+00:00,2026-09-25T01:35:01.470+00:00,21072-30059,washers,50170055,72000000,2026-09-25 01:35:01,2026-09-24 23:53:15,29,6106.0,-4366.0,,Available,website maps this code to Available
1,3894596e-690d-41cc-be70-3de53d2b9643,2026-09-25T01:35:01.275+00:00,2026-09-25T01:35:01.470+00:00,21072-30059,dryers,50170058,72000000,2026-09-25 01:35:01,2026-09-12 03:29:03,46,1116358.0,-1113598.0,,Available,website maps this code to Available
1,3894596e-690d-41cc-be70-3de53d2b9643,2026-09-25T01:35:01.275+00:00,2026-09-25T01:35:01.470+00:00,21072-30059,dryers,50170061,72000000,2026-09-25 01:35:01,2026-09-24 20:07:24,46,19657.0,-16897.0,,Available,website maps this code to Available
1,3894596e-690d-41cc-be70-3de53d2b9643,2026-09-25T01:35:01.275+00:00,2026-09-25T01:35:01.470+00:00,21072-30059,dryers,50170081,42000000,2026-09-25 01:35:01,2026-09-25 01:12:32,45,1349.0,1351.0,23,Running,
1,3894596e-690d-41cc-be70-3de53d2b9643,2026-09-25T01:35:01.275+00:00,2026-09-25T01:35:01.470+00:00,21072-30059,dryers,50170060,72000000,2026-09-25 01:35:01,2026-09-25 01:09:05,46,1556.0,1204.0,,Available,website maps this code to Available
1,3894596e-690d-41cc-be70-3de53d2b9643,2026-09-25T01:35:01.275+00:00,2026-09-25T01:35:01.470+00:00,21072-30059,dryers,50170087,72000000,2026-09-25 01:35:01,2026-09-25 01:09:36,46,1525.0,1235.0,,Available,website maps this code to Available
1,3894596e-690d-41cc-be70-3de53d2b9643,2026-09-25T01:35:01.275+00:00,2026-09-25T01:35:01.470+00:00,21072-30059,dryers,50170064,72000000,2026-09-25 01:35:01,2026-09-24 07:02:42,46,66739.0,-63979.0,,Available,website maps this code to Available
1,3894596e-690d-41cc-be70-3de53d2b9643,2026-09-25T01:35:01.275+00:00,2026-09-25T01:35:01.470+00:00,21072-30059,dryers,50170065,72000000,2026-09-25 01:35:01,2026-09-25 00:46:05,46,2936.0,-176.0,,Available,website maps this code to Available
1,3894596e-690d-41cc-be70-3de53d2b9643,2026-09-25T01:35:01.275+00:00,2026-09-25T01:35:01.470+00:00,21072-30059,dryers,50170059,72000000,2026-09-25 01:35:01,2026-09-24 15:47:57,46,35224.0,-32464.0,,Available,website maps this code to Available
1,3894596e-690d-41cc-be70-3de53d2b9643,2026-09-25T01:35:01.275+00:00,2026-09-25T01:35:01.470+00:00,21072-30059,dryers,50170057,42000000,2026-09-25 01:35:01,2026-09-25 01:17:57,45,1024.0,1676.0,28,Running,
1,3894596e-690d-41cc-be70-3de53d2b9643,2026-09-25T01:35:01.275+00:00,2026-09-25T01:35:01.470+00:00,21072-30059,dryers,50170062,42000000,2026-09-25 01:35:01,2026-09-25 01:18:42,45,979.0,1721.0,29,Running,
1,3894596e-690d-41cc-be70-3de53d2b9643,2026-09-25T01:35:01.275+00:00,2026-09-25T01:35:01.470+00:00,21072-30059,dryers,50170067,72000000,2026-09-25 01:35:01,2026-09-25 01:00:01,46,2100.0,660.0,,Available,website maps this code to Available
1,3894596e-690d-41cc-be70-3de53d2b9643,2026-09-25T01:35:01.275+00:00,2026-09-25T01:35:01.470+00:00,21072-30059,dryers,50170074,72000000,2026-09-25 01:35:01,2026-09-25 01:00:09,46,2092.0,668.0,,Available,website maps this code to Available
1,3894596e-690d-41cc-be70-3de53d2b9643,2026-09-25T01:35:01.275+00:00,2026-09-25T01:35:01.470+00:00,21072-30059,dryers,50170071,52000000,2026-09-25 01:35:01,2026-09-25 01:02:03,23,1978.0,-598.0,,Finished,
1,3894596e-690d-41cc-be70-3de53d2b9643,2026-09-25T01:35:01.275+00:00,2026-09-25T01:35:01.470+00:00,21072-30059,dryers,50170054,52000000,2026-09-25 01:35:01,2026-09-25 01:14:04,23,1257.0,123.0,,Finished,
1,b7ac4ac9-71be-4eec-a49c-59b60b7f6002,2026-09-25T01:36:01.331+00:00,2026-09-25T01:36:01.539+00:00,21072-30059,washers,50170051,72000000,2026-09-25 01:36:01,2026-09-25 00:17:42,29,4699.0,-2959.0,,Available,website maps this code to Available
1,b7ac4ac9-71be-4eec-a49c-59b60b7f6002,2026-09-25T01:36:01.331+00:00,2026-09-25T01:36:01.539+00:00,21072-30059,washers,50170080,72000000,2026-09-25 01:36:01,2026-09-25 00:20:13,29,4548.0,-2808.0,,Available,website maps this code to Available
1,b7ac4ac9-71be-4eec-a49c-59b60b7f6002,2026-09-25T01:36:01.331+00:00,2026-09-25T01:36:01.539+00:00,21072-30059,washers,50170075,72000000,2026-09-25 01:36:01,2026-09-25 00:14:33,29,4888.0,-3148.0,,Available,website maps this code to Available
1,b7ac4ac9-71be-4eec-a49c-59b60b7f6002,2026-09-25T01:36:01.331+00:00,2026-09-25T01:36:01.539+00:00,21072-30059,washers,50170082,72000000,2026-09-25 01:36:01,2026-09-24 07:02:33,29,66808.0,-65068.0,,Available,website maps this code to Available
1,b7ac4ac9-71be-4eec-a49c-59b60b7f6002,2026-09-25T01:36:01.331+00:00,2026-09-25T01:36:01.539+00:00,21072-30059,washers,50170050,72000000,2026-09-25 01:36:01,2026-09-25 00:19:24,29,4597.0,-2857.0,,Available,website maps this code to Available
1,b7ac4ac9-71be-4eec-a49c-59b60b7f6002,2026-09-25T01:36:01.331+00:00,2026-09-25T01:36:01.539+00:00,21072-30059,washers,50170052,72000000,2026-09-25 01:36:01,2026-09-25 00:11:14,29,5087.0,-3347.0,,Available,website maps this code to Available
1,b7ac4ac9-71be-4eec-a49c-59b60b7f6002,2026-09-25T01:36:01.331+00:00,2026-09-25T01:36:01.539+00:00,21072-30059,washers,50170078,72000000,2026-09-25 01:36:01,2026-09-24 23:56:38,29,5963.0,-4223.0,,Available,website maps this code to Available
1,b7ac4ac9-71be-4eec-a49c-59b60b7f6002,2026-09-25T01:36:01.331+00:00,2026-09-25T01:36:01.539+00:00,21072-30059,washers,50170084,72000000,2026-09-25 01:36:01,2026-09-24 15:48:03,29,35278.0,-33538.0,,Available,website maps this code to Available
1,b7ac4ac9-71be-4eec-a49c-59b60b7f6002,2026-09-25T01:36:01.331+00:00,2026-09-25T01:36:01.539+00:00,21072-30059,washers,50170068,72000000,2026-09-25 01:36:01,2026-09-25 01:16:03,29,1198.0,542.0,,Available,website maps this code to Available
1,b7ac4ac9-71be-4eec-a49c-59b60b7f6002,2026-09-25T01:36:01.331+00:00,2026-09-25T01:36:01.539+00:00,21072-30059,washers,50170072,72000000,2026-09-25 01:36:01,2026-09-25 01:23:15,29,766.0,974.0,,Available,website maps this code to Available
1,b7ac4ac9-71be-4eec-a49c-59b60b7f6002,2026-09-25T01:36:01.331+00:00,2026-09-25T01:36:01.539+00:00,21072-30059,washers,20483408,72000000,2026-09-25 01:36:01,2024-12-20 00:43:32,0,55644749.0,-55644749.0,,Available,website maps this code to Available
1,b7ac4ac9-71be-4eec-a49c-59b60b7f6002,2026-09-25T01:36:01.331+00:00,2026-09-25T01:36:01.539+00:00,21072-30059,washers,50170055,72000000,2026-09-25 01:36:01,2026-09-24 23:53:15,29,6166.0,-4426.0,,Available,website maps this code to Available
1,b7ac4ac9-71be-4eec-a49c-59b60b7f6002,2026-09-25T01:36:01.331+00:00,2026-09-25T01:36:01.539+00:00,21072-30059,dryers,50170058,72000000,2026-09-25 01:36:01,2026-09-12 03:29:03,46,1116418.0,-1113658.0,,Available,website maps this code to Available
1,b7ac4ac9-71be-4eec-a49c-59b60b7f6002,2026-09-25T01:36:01.331+00:00,2026-09-25T01:36:01.539+00:00,21072-30059,dryers,50170061,72000000,2026-09-25 01:36:01,2026-09-24 20:07:24,46,19717.0,-16957.0,,Available,website maps this code to Available
1,b7ac4ac9-71be-4eec-a49c-59b60b7f6002,2026-09-25T01:36:01.331+00:00,2026-09-25T01:36:01.539+00:00,21072-30059,dryers,50170081,42000000,2026-09-25 01:36:01,2026-09-25 01:12:32,45,1409.0,1291.0,22,Running,
1,b7ac4ac9-71be-4eec-a49c-59b60b7f6002,2026-09-25T01:36:01.331+00:00,2026-09-25T01:36:01.539+00:00,21072-30059,dryers,50170060,72000000,2026-09-25 01:36:01,2026-09-25 01:09:05,46,1616.0,1144.0,,Available,website maps this code to Available
1,b7ac4ac9-71be-4eec-a49c-59b60b7f6002,2026-09-25T01:36:01.331+00:00,2026-09-25T01:36:01.539+00:00,21072-30059,dryers,50170087,72000000,2026-09-25 01:36:01,2026-09-25 01:09:36,46,1585.0,1175.0,,Available,website maps this code to Available
1,b7ac4ac9-71be-4eec-a49c-59b60b7f6002,2026-09-25T01:36:01.331+00:00,2026-09-25T01:36:01.539+00:00,21072-30059,dryers,50170064,72000000,2026-09-25 01:36:01,2026-09-24 07:02:42,46,66799.0,-64039.0,,Available,website maps this code to Available
1,b7ac4ac9-71be-4eec-a49c-59b60b7f6002,2026-09-25T01:36:01.331+00:00,2026-09-25T01:36:01.539+00:00,21072-30059,dryers,50170065,72000000,2026-09-25 01:36:01,2026-09-25 00:46:05,46,2996.0,-236.0,,Available,website maps this code to Available
1,b7ac4ac9-71be-4eec-a49c-59b60b7f6002,2026-09-25T01:36:01.331+00:00,2026-09-25T01:36:01.539+00:00,21072-30059,dryers,50170059,72000000,2026-09-25 01:36:01,2026-09-24 15:47:57,46,35284.0,-32524.0,,Available,website maps this code to Available
1,b7ac4ac9-71be-4eec-a49c-59b60b7f6002,2026-09-25T01:36:01.331+00:00,2026-09-25T01:36:01.539+00:00,21072-30059,dryers,50170057,42000000,2026-09-25 01:36:01,2026-09-25 01:17:57,45,1084.0,1616.0,27,Running,
1,b7ac4ac9-71be-4eec-a49c-59b60b7f6002,2026-09-25T01:36:01.331+00:00,2026-09-25T01:36:01.539+00:00,21072-30059,dryers,50170062,42000000,2026-09-25 01:36:01,2026-09-25 01:18:42,45,1039.0,1661.0,28,Running,
1,b7ac4ac9-71be-4eec-a49c-59b60b7f6002,2026-09-25T01:36:01.331+00:00,2026-09-25T01:36:01.539+00:00,21072-30059,dryers,50170067,72000000,2026-09-25 01:36:01,2026-09-25 01:00:01,46,2160.0,600.0,,Available,website maps this code to Available
1,b7ac4ac9-71be-4eec-a49c-59b60b7f6002,2026-09-25T01:36:01.331+00:00,2026-09-25T01:36:01.539+00:00,21072-30059,dryers,50170074,72000000,2026-09-25 01:36:01,2026-09-25 01:00:09,46,2152.0,608.0,,Available,website maps this code to Available
1,b7ac4ac9-71be-4eec-a49c-59b60b7f6002,2026-09-25T01:36:01.331+00:00,2026-09-25T01:36:01.539+00:00,21072-30059,dryers,50170071,52000000,2026-09-25 01:36:01,2026-09-25 01:02:03,23,2038.0,-658.0,,Finished,
1,b7ac4ac9-71be-4eec-a49c-59b60b7f6002,2026-09-25T01:36:01.331+00:00,2026-09-25T01:36:01.539+00:00,21072-30059,dryers,50170054,52000000,2026-09-25 01:36:01,2026-09-25 01:14:04,23,1317.0,63.0,,Finished,
1,151d9f4c-64f3-4a60-80a9-a8d08f7b7b36,2026-09-25T01:37:01.297+00:00,2026-09-25T01:37:01.485+00:00,21072-30059,washers,50170051,72000000,2026-09-25 01:37:01,2026-09-25 00:17:42,29,4759.0,-3019.0,,Available,website maps this code to Available
1,151d9f4c-64f3-4a60-80a9-a8d08f7b7b36,2026-09-25T01:37:01.297+00:00,2026-09-25T01:37:01.485+00:00,21072-30059,washers,50170080,72000000,2026-09-25 01:37:01,2026-09-25 00:20:13,29,4608.0,-2868.0,,Available,website maps this code to Available
1,151d9f4c-64f3-4a60-80a9-a8d08f7b7b36,2026-09-25T01:37:01.297+00:00,2026-09-25T01:37:01.485+00:00,21072-30059,washers,50170075,72000000,2026-09-25 01:37:01,2026-09-25 00:14:33,29,4948.0,-3208.0,,Available,website maps this code to Available
1,151d9f4c-64f3-4a60-80a9-a8d08f7b7b36,2026-09-25T01:37:01.297+00:00,2026-09-25T01:37:01.485+00:00,21072-30059,washers,50170082,72000000,2026-09-25 01:37:01,2026-09-24 07:02:33,29,66868.0,-65128.0,,Available,website maps this code to Available
1,151d9f4c-64f3-4a60-80a9-a8d08f7b7b36,2026-09-25T01:37:01.297+00:00,2026-09-25T01:37:01.485+00:00,21072-30059,washers,50170050,72000000,2026-09-25 01:37:01,2026-09-25 00:19:24,29,4657.0,-2917.0,,Available,website maps this code to Available
1,151d9f4c-64f3-4a60-80a9-a8d08f7b7b36,2026-09-25T01:37:01.297+00:00,2026-09-25T01:37:01.485+00:00,21072-30059,washers,50170052,72000000,2026-09-25 01:37:01,2026-09-25 00:11:14,29,5147.0,-3407.0,,Available,website maps this code to Available
1,151d9f4c-64f3-4a60-80a9-a8d08f7b7b36,2026-09-25T01:37:01.297+00:00,2026-09-25T01:37:01.485+00:00,21072-30059,washers,50170078,72000000,2026-09-25 01:37:01,2026-09-24 23:56:38,29,6023.0,-4283.0,,Available,website maps this code to Available
1,151d9f4c-64f3-4a60-80a9-a8d08f7b7b36,2026-09-25T01:37:01.297+00:00,2026-09-25T01:37:01.485+00:00,21072-30059,washers,50170084,72000000,2026-09-25 01:37:01,2026-09-24 15:48:03,29,35338.0,-33598.0,,Available,website maps this code to Available
1,151d9f4c-64f3-4a60-80a9-a8d08f7b7b36,2026-09-25T01:37:01.297+00:00,2026-09-25T01:37:01.485+00:00,21072-30059,washers,50170068,72000000,2026-09-25 01:37:01,2026-09-25 01:16:03,29,1258.0,482.0,,Available,website maps this code to Available
1,151d9f4c-64f3-4a60-80a9-a8d08f7b7b36,2026-09-25T01:37:01.297+00:00,2026-09-25T01:37:01.485+00:00,21072-30059,washers,50170072,72000000,2026-09-25 01:37:01,2026-09-25 01:23:15,29,826.0,914.0,,Available,website maps this code to Available
1,151d9f4c-64f3-4a60-80a9-a8d08f7b7b36,2026-09-25T01:37:01.297+00:00,2026-09-25T01:37:01.485+00:00,21072-30059,washers,20483408,72000000,2026-09-25 01:37:01,2024-12-20 00:43:32,0,55644809.0,-55644809.0,,Available,website maps this code to Available
1,151d9f4c-64f3-4a60-80a9-a8d08f7b7b36,2026-09-25T01:37:01.297+00:00,2026-09-25T01:37:01.485+00:00,21072-30059,washers,50170055,72000000,2026-09-25 01:37:01,2026-09-24 23:53:15,29,6226.0,-4486.0,,Available,website maps this code to Available
1,151d9f4c-64f3-4a60-80a9-a8d08f7b7b36,2026-09-25T01:37:01.297+00:00,2026-09-25T01:37:01.485+00:00,21072-30059,dryers,50170058,72000000,2026-09-25 01:37:01,2026-09-12 03:29:03,46,1116478.0,-1113718.0,,Available,website maps this code to Available
1,151d9f4c-64f3-4a60-80a9-a8d08f7b7b36,2026-09-25T01:37:01.297+00:00,2026-09-25T01:37:01.485+00:00,21072-30059,dryers,50170061,72000000,2026-09-25 01:37:01,2026-09-24 20:07:24,46,19777.0,-17017.0,,Available,website maps this code to Available
1,151d9f4c-64f3-4a60-80a9-a8d08f7b7b36,2026-09-25T01:37:01.297+00:00,2026-09-25T01:37:01.485+00:00,21072-30059,dryers,50170081,42000000,2026-09-25 01:37:01,2026-09-25 01:12:32,45,1469.0,1231.0,21,Running,
1,151d9f4c-64f3-4a60-80a9-a8d08f7b7b36,2026-09-25T01:37:01.297+00:00,2026-09-25T01:37:01.485+00:00,21072-30059,dryers,50170060,72000000,2026-09-25 01:37:01,2026-09-25 01:09:05,46,1676.0,1084.0,,Available,website maps this code to Available
1,151d9f4c-64f3-4a60-80a9-a8d08f7b7b36,2026-09-25T01:37:01.297+00:00,2026-09-25T01:37:01.485+00:00,21072-30059,dryers,50170087,72000000,2026-09-25 01:37:01,2026-09-25 01:09:36,46,1645.0,1115.0,,Available,website maps this code to Available
1,151d9f4c-64f3-4a60-80a9-a8d08f7b7b36,2026-09-25T01:37:01.297+00:00,2026-09-25T01:37:01.485+00:00,21072-30059,dryers,50170064,72000000,2026-09-25 01:37:01,2026-09-24 07:02:42,46,66859.0,-64099.0,,Available,website maps this code to Available
1,151d9f4c-64f3-4a60-80a9-a8d08f7b7b36,2026-09-25T01:37:01.297+00:00,2026-09-25T01:37:01.485+00:00,21072-30059,dryers,50170065,72000000,2026-09-25 01:37:01,2026-09-25 00:46:05,46,3056.0,-296.0,,Available,website maps this code to Available
1,151d9f4c-64f3-4a60-80a9-a8d08f7b7b36,2026-09-25T01:37:01.297+00:00,2026-09-25T01:37:01.485+00:00,21072-30059,dryers,50170059,72000000,2026-09-25 01:37:01,2026-09-24 15:47:57,46,35344.0,-32584.0,,Available,website maps this code to Available
1,151d9f4c-64f3-4a60-80a9-a8d08f7b7b36,2026-09-25T01:37:01.297+00:00,2026-09-25T01:37:01.485+00:00,21072-30059,dryers,50170057,42000000,2026-09-25 01:37:01,2026-09-25 01:17:57,45,1144.0,1556.0,26,Running,
1,151d9f4c-64f3-4a60-80a9-a8d08f7b7b36,2026-09-25T01:37:01.297+00:00,2026-09-25T01:37:01.485+00:00,21072-30059,dryers,50170062,42000000,2026-09-25 01:37:01,2026-09-25 01:18:42,45,1099.0,1601.0,27,Running,
1,151d9f4c-64f3-4a60-80a9-a8d08f7b7b36,2026-09-25T01:37:01.297+00:00,2026-09-25T01:37:01.485+00:00,21072-30059,dryers,50170067,72000000,2026-09-25 01:37:01,2026-09-25 01:00:01,46,2220.0,540.0,,Available,website maps this code to Available
1,151d9f4c-64f3-4a60-80a9-a8d08f7b7b36,2026-09-25T01:37:01.297+00:00,2026-09-25T01:37:01.485+00:00,21072-30059,dryers,50170074,72000000,2026-09-25 01:37:01,2026-09-25 01:00:09,46,2212.0,548.0,,Available,website maps this code to Available
1,151d9f4c-64f3-4a60-80a9-a8d08f7b7b36,2026-09-25T01:37:01.297+00:00,2026-09-25T01:37:01.485+00:00,21072-30059,dryers,50170071,52000000,2026-09-25 01:37:01,2026-09-25 01:02:03,23,2098.0,-718.0,,Finished,
1,151d9f4c-64f3-4a60-80a9-a8d08f7b7b36,2026-09-25T01:37:01.297+00:00,2026-09-25T01:37:01.485+00:00,21072-30059,dryers,50170054,52000000,2026-09-25 01:37:01,2026-09-25 01:14:04,23,1377.0,3.0,,Finished,
1,bafa001b-d567-4e6a-9a5c-362ad4a7b456,2026-09-25T01:38:01.280+00:00,2026-09-25T01:38:01.468+00:00,21072-30059,washers,50170051,72000000,2026-09-25 01:38:01,2026-09-25 00:17:42,29,4819.0,-3079.0,,Available,website maps this code to Available
1,bafa001b-d567-4e6a-9a5c-362ad4a7b456,2026-09-25T01:38:01.280+00:00,2026-09-25T01:38:01.468+00:00,21072-30059,washers,50170080,72000000,2026-09-25 01:38:01,2026-09-25 00:20:13,29,4668.0,-2928.0,,Available,website maps this code to Available
1,bafa001b-d567-4e6a-9a5c-362ad4a7b456,2026-09-25T01:38:01.280+00:00,2026-09-25T01:38:01.468+00:00,21072-30059,washers,50170075,72000000,2026-09-25 01:38:01,2026-09-25 00:14:33,29,5008.0,-3268.0,,Available,website maps this code to Available
1,bafa001b-d567-4e6a-9a5c-362ad4a7b456,2026-09-25T01:38:01.280+00:00,2026-09-25T01:38:01.468+00:00,21072-30059,washers,50170082,72000000,2026-09-25 01:38:01,2026-09-24 07:02:33,29,66928.0,-65188.0,,Available,website maps this code to Available
1,bafa001b-d567-4e6a-9a5c-362ad4a7b456,2026-09-25T01:38:01.280+00:00,2026-09-25T01:38:01.468+00:00,21072-30059,washers,50170050,72000000,2026-09-25 01:38:01,2026-09-25 00:19:24,29,4717.0,-2977.0,,Available,website maps this code to Available
1,bafa001b-d567-4e6a-9a5c-362ad4a7b456,2026-09-25T01:38:01.280+00:00,2026-09-25T01:38:01.468+00:00,21072-30059,washers,50170052,72000000,2026-09-25 01:38:01,2026-09-25 00:11:14,29,5207.0,-3467.0,,Available,website maps this code to Available
1,bafa001b-d567-4e6a-9a5c-362ad4a7b456,2026-09-25T01:38:01.280+00:00,2026-09-25T01:38:01.468+00:00,21072-30059,washers,50170078,72000000,2026-09-25 01:38:01,2026-09-24 23:56:38,29,6083.0,-4343.0,,Available,website maps this code to Available
1,bafa001b-d567-4e6a-9a5c-362ad4a7b456,2026-09-25T01:38:01.280+00:00,2026-09-25T01:38:01.468+00:00,21072-30059,washers,50170084,72000000,2026-09-25 01:38:01,2026-09-24 15:48:03,29,35398.0,-33658.0,,Available,website maps this code to Available
1,bafa001b-d567-4e6a-9a5c-362ad4a7b456,2026-09-25T01:38:01.280+00:00,2026-09-25T01:38:01.468+00:00,21072-30059,washers,50170068,72000000,2026-09-25 01:38:01,2026-09-25 01:16:03,29,1318.0,422.0,,Available,website maps this code to Available
1,bafa001b-d567-4e6a-9a5c-362ad4a7b456,2026-09-25T01:38:01.280+00:00,2026-09-25T01:38:01.468+00:00,21072-30059,washers,50170072,72000000,2026-09-25 01:38:01,2026-09-25 01:23:15,29,886.0,854.0,,Available,website maps this code to Available
1,bafa001b-d567-4e6a-9a5c-362ad4a7b456,2026-09-25T01:38:01.280+00:00,2026-09-25T01:38:01.468+00:00,21072-30059,washers,20483408,72000000,2026-09-25 01:38:01,2024-12-20 00:43:32,0,55644869.0,-55644869.0,,Available,website maps this code to Available
1,bafa001b-d567-4e6a-9a5c-362ad4a7b456,2026-09-25T01:38:01.280+00:00,2026-09-25T01:38:01.468+00:00,21072-30059,washers,50170055,72000000,2026-09-25 01:38:01,2026-09-24 23:53:15,29,6286.0,-4546.0,,Available,website maps this code to Available
1,bafa001b-d567-4e6a-9a5c-362ad4a7b456,2026-09-25T01:38:01.280+00:00,2026-09-25T01:38:01.468+00:00,21072-30059,dryers,50170058,72000000,2026-09-25 01:38:01,2026-09-12 03:29:03,46,1116538.0,-1113778.0,,Available,website maps this code to Available
1,bafa001b-d567-4e6a-9a5c-362ad4a7b456,2026-09-25T01:38:01.280+00:00,2026-09-25T01:38:01.468+00:00,21072-30059,dryers,50170061,72000000,2026-09-25 01:38:01,2026-09-24 20:07:24,46,19837.0,-17077.0,,Available,website maps this code to Available
1,bafa001b-d567-4e6a-9a5c-362ad4a7b456,2026-09-25T01:38:01.280+00:00,2026-09-25T01:38:01.468+00:00,21072-30059,dryers,50170081,42000000,2026-09-25 01:38:01,2026-09-25 01:12:32,45,1529.0,1171.0,20,Running,
1,bafa001b-d567-4e6a-9a5c-362ad4a7b456,2026-09-25T01:38:01.280+00:00,2026-09-25T01:38:01.468+00:00,21072-30059,dryers,50170060,72000000,2026-09-25 01:38:01,2026-09-25 01:09:05,46,1736.0,1024.0,,Available,website maps this code to Available
1,bafa001b-d567-4e6a-9a5c-362ad4a7b456,2026-09-25T01:38:01.280+00:00,2026-09-25T01:38:01.468+00:00,21072-30059,dryers,50170087,72000000,2026-09-25 01:38:01,2026-09-25 01:09:36,46,1705.0,1055.0,,Available,website maps this code to Available
1,bafa001b-d567-4e6a-9a5c-362ad4a7b456,2026-09-25T01:38:01.280+00:00,2026-09-25T01:38:01.468+00:00,21072-30059,dryers,50170064,72000000,2026-09-25 01:38:01,2026-09-24 07:02:42,46,66919.0,-64159.0,,Available,website maps this code to Available
1,bafa001b-d567-4e6a-9a5c-362ad4a7b456,2026-09-25T01:38:01.280+00:00,2026-09-25T01:38:01.468+00:00,21072-30059,dryers,50170065,72000000,2026-09-25 01:38:01,2026-09-25 00:46:05,46,3116.0,-356.0,,Available,website maps this code to Available
1,bafa001b-d567-4e6a-9a5c-362ad4a7b456,2026-09-25T01:38:01.280+00:00,2026-09-25T01:38:01.468+00:00,21072-30059,dryers,50170059,72000000,2026-09-25 01:38:01,2026-09-24 15:47:57,46,35404.0,-32644.0,,Available,website maps this code to Available
1,bafa001b-d567-4e6a-9a5c-362ad4a7b456,2026-09-25T01:38:01.280+00:00,2026-09-25T01:38:01.468+00:00,21072-30059,dryers,50170057,42000000,2026-09-25 01:38:01,2026-09-25 01:17:57,45,1204.0,1496.0,25,Running,
1,bafa001b-d567-4e6a-9a5c-362ad4a7b456,2026-09-25T01:38:01.280+00:00,2026-09-25T01:38:01.468+00:00,21072-30059,dryers,50170062,42000000,2026-09-25 01:38:01,2026-09-25 01:18:42,45,1159.0,1541.0,26,Running,
1,bafa001b-d567-4e6a-9a5c-362ad4a7b456,2026-09-25T01:38:01.280+00:00,2026-09-25T01:38:01.468+00:00,21072-30059,dryers,50170067,72000000,2026-09-25 01:38:01,2026-09-25 01:00:01,46,2280.0,480.0,,Available,website maps this code to Available
1,bafa001b-d567-4e6a-9a5c-362ad4a7b456,2026-09-25T01:38:01.280+00:00,2026-09-25T01:38:01.468+00:00,21072-30059,dryers,50170074,72000000,2026-09-25 01:38:01,2026-09-25 01:00:09,46,2272.0,488.0,,Available,website maps this code to Available
1,bafa001b-d567-4e6a-9a5c-362ad4a7b456,2026-09-25T01:38:01.280+00:00,2026-09-25T01:38:01.468+00:00,21072-30059,dryers,50170071,72000000,2026-09-25 01:38:01,2026-09-25 01:37:33,46,28.0,2732.0,,Available,website maps this code to Available
1,bafa001b-d567-4e6a-9a5c-362ad4a7b456,2026-09-25T01:38:01.280+00:00,2026-09-25T01:38:01.468+00:00,21072-30059,dryers,50170054,52000000,2026-09-25 01:38:01,2026-09-25 01:14:04,23,1437.0,-57.0,,Finished,
1,61f31d26-1a82-46f9-8594-4d8a4a18d44b,2026-09-25T01:39:01.281+00:00,2026-09-25T01:39:01.472+00:00,21072-30059,washers,50170051,72000000,2026-09-25 01:39:01,2026-09-25 00:17:42,29,4879.0,-3139.0,,Available,website maps this code to Available
1,61f31d26-1a82-46f9-8594-4d8a4a18d44b,2026-09-25T01:39:01.281+00:00,2026-09-25T01:39:01.472+00:00,21072-30059,washers,50170080,72000000,2026-09-25 01:39:01,2026-09-25 00:20:13,29,4728.0,-2988.0,,Available,website maps this code to Available
1,61f31d26-1a82-46f9-8594-4d8a4a18d44b,2026-09-25T01:39:01.281+00:00,2026-09-25T01:39:01.472+00:00,21072-30059,washers,50170075,72000000,2026-09-25 01:39:01,2026-09-25 00:14:33,29,5068.0,-3328.0,,Available,website maps this code to Available
1,61f31d26-1a82-46f9-8594-4d8a4a18d44b,2026-09-25T01:39:01.281+00:00,2026-09-25T01:39:01.472+00:00,21072-30059,washers,50170082,72000000,2026-09-25 01:39:01,2026-09-24 07:02:33,29,66988.0,-65248.0,,Available,website maps this code to Available
1,61f31d26-1a82-46f9-8594-4d8a4a18d44b,2026-09-25T01:39:01.281+00:00,2026-09-25T01:39:01.472+00:00,21072-30059,washers,50170050,72000000,2026-09-25 01:39:01,2026-09-25 00:19:24,29,4777.0,-3037.0,,Available,website maps this code to Available
1,61f31d26-1a82-46f9-8594-4d8a4a18d44b,2026-09-25T01:39:01.281+00:00,2026-09-25T01:39:01.472+00:00,21072-30059,washers,50170052,72000000,2026-09-25 01:39:01,2026-09-25 00:11:14,29,5267.0,-3527.0,,Available,website maps this code to Available
1,61f31d26-1a82-46f9-8594-4d8a4a18d44b,2026-09-25T01:39:01.281+00:00,2026-09-25T01:39:01.472+00:00,21072-30059,washers,50170078,72000000,2026-09-25 01:39:01,2026-09-24 23:56:38,29,6143.0,-4403.0,,Available,website maps this code to Available
1,61f31d26-1a82-46f9-8594-4d8a4a18d44b,2026-09-25T01:39:01.281+00:00,2026-09-25T01:39:01.472+00:00,21072-30059,washers,50170084,72000000,2026-09-25 01:39:01,2026-09-24 15:48:03,29,35458.0,-33718.0,,Available,website maps this code to Available
1,61f31d26-1a82-46f9-8594-4d8a4a18d44b,2026-09-25T01:39:01.281+00:00,2026-09-25T01:39:01.472+00:00,21072-30059,washers,50170068,72000000,2026-09-25 01:39:01,2026-09-25 01:16:03,29,1378.0,362.0,,Available,website maps this code to Available
1,61f31d26-1a82-46f9-8594-4d8a4a18d44b,2026-09-25T01:39:01.281+00:00,2026-09-25T01:39:01.472+00:00,21072-30059,washers,50170072,72000000,2026-09-25 01:39:01,2026-09-25 01:23:15,29,946.0,794.0,,Available,website maps this code to Available
1,61f31d26-1a82-46f9-8594-4d8a4a18d44b,2026-09-25T01:39:01.281+00:00,2026-09-25T01:39:01.472+00:00,21072-30059,washers,20483408,72000000,2026-09-25 01:39:01,2024-12-20 00:43:32,0,55644929.0,-55644929.0,,Available,website maps this code to Available
1,61f31d26-1a82-46f9-8594-4d8a4a18d44b,2026-09-25T01:39:01.281+00:00,2026-09-25T01:39:01.472+00:00,21072-30059,washers,50170055,72000000,2026-09-25 01:39:01,2026-09-24 23:53:15,29,6346.0,-4606.0,,Available,website maps this code to Available
1,61f31d26-1a82-46f9-8594-4d8a4a18d44b,2026-09-25T01:39:01.281+00:00,2026-09-25T01:39:01.472+00:00,21072-30059,dryers,50170058,72000000,2026-09-25 01:39:01,2026-09-12 03:29:03,46,1116598.0,-1113838.0,,Available,website maps this code to Available
1,61f31d26-1a82-46f9-8594-4d8a4a18d44b,2026-09-25T01:39:01.281+00:00,2026-09-25T01:39:01.472+00:00,21072-30059,dryers,50170061,72000000,2026-09-25 01:39:01,2026-09-24 20:07:24,46,19897.0,-17137.0,,Available,website maps this code to Available
1,61f31d26-1a82-46f9-8594-4d8a4a18d44b,2026-09-25T01:39:01.281+00:00,2026-09-25T01:39:01.472+00:00,21072-30059,dryers,50170081,42000000,2026-09-25 01:39:01,2026-09-25 01:12:32,45,1589.0,1111.0,19,Running,
1,61f31d26-1a82-46f9-8594-4d8a4a18d44b,2026-09-25T01:39:01.281+00:00,2026-09-25T01:39:01.472+00:00,21072-30059,dryers,50170060,72000000,2026-09-25 01:39:01,2026-09-25 01:09:05,46,1796.0,964.0,,Available,website maps this code to Available
1,61f31d26-1a82-46f9-8594-4d8a4a18d44b,2026-09-25T01:39:01.281+00:00,2026-09-25T01:39:01.472+00:00,21072-30059,dryers,50170087,72000000,2026-09-25 01:39:01,2026-09-25 01:09:36,46,1765.0,995.0,,Available,website maps this code to Available
1,61f31d26-1a82-46f9-8594-4d8a4a18d44b,2026-09-25T01:39:01.281+00:00,2026-09-25T01:39:01.472+00:00,21072-30059,dryers,50170064,72000000,2026-09-25 01:39:01,2026-09-24 07:02:42,46,66979.0,-64219.0,,Available,website maps this code to Available
1,61f31d26-1a82-46f9-8594-4d8a4a18d44b,2026-09-25T01:39:01.281+00:00,2026-09-25T01:39:01.472+00:00,21072-30059,dryers,50170065,72000000,2026-09-25 01:39:01,2026-09-25 00:46:05,46,3176.0,-416.0,,Available,website maps this code to Available
1,61f31d26-1a82-46f9-8594-4d8a4a18d44b,2026-09-25T01:39:01.281+00:00,2026-09-25T01:39:01.472+00:00,21072-30059,dryers,50170059,72000000,2026-09-25 01:39:01,2026-09-24 15:47:57,46,35464.0,-32704.0,,Available,website maps this code to Available
1,61f31d26-1a82-46f9-8594-4d8a4a18d44b,2026-09-25T01:39:01.281+00:00,2026-09-25T01:39:01.472+00:00,21072-30059,dryers,50170057,42000000,2026-09-25 01:39:01,2026-09-25 01:17:57,45,1264.0,1436.0,24,Running,
1,61f31d26-1a82-46f9-8594-4d8a4a18d44b,2026-09-25T01:39:01.281+00:00,2026-09-25T01:39:01.472+00:00,21072-30059,dryers,50170062,42000000,2026-09-25 01:39:01,2026-09-25 01:18:42,45,1219.0,1481.0,25,Running,
1,61f31d26-1a82-46f9-8594-4d8a4a18d44b,2026-09-25T01:39:01.281+00:00,2026-09-25T01:39:01.472+00:00,21072-30059,dryers,50170067,72000000,2026-09-25 01:39:01,2026-09-25 01:00:01,46,2340.0,420.0,,Available,website maps this code to Available
1,61f31d26-1a82-46f9-8594-4d8a4a18d44b,2026-09-25T01:39:01.281+00:00,2026-09-25T01:39:01.472+00:00,21072-30059,dryers,50170074,72000000,2026-09-25 01:39:01,2026-09-25 01:00:09,46,2332.0,428.0,,Available,website maps this code to Available
1,61f31d26-1a82-46f9-8594-4d8a4a18d44b,2026-09-25T01:39:01.281+00:00,2026-09-25T01:39:01.472+00:00,21072-30059,dryers,50170071,72000000,2026-09-25 01:39:01,2026-09-25 01:37:33,46,88.0,2672.0,,Available,website maps this code to Available
1,61f31d26-1a82-46f9-8594-4d8a4a18d44b,2026-09-25T01:39:01.281+00:00,2026-09-25T01:39:01.472+00:00,21072-30059,dryers,50170054,52000000,2026-09-25 01:39:01,2026-09-25 01:14:04,23,1497.0,-117.0,,Finished,
1,32abe67f-710b-402b-9f2d-54852de9a8a5,2026-09-25T01:40:01.347+00:00,2026-09-25T01:40:01.613+00:00,21072-30059,washers,50170051,72000000,2026-09-25 01:40:01,2026-09-25 00:17:42,29,4939.0,-3199.0,,Available,website maps this code to Available
1,32abe67f-710b-402b-9f2d-54852de9a8a5,2026-09-25T01:40:01.347+00:00,2026-09-25T01:40:01.613+00:00,21072-30059,washers,50170080,72000000,2026-09-25 01:40:01,2026-09-25 00:20:13,29,4788.0,-3048.0,,Available,website maps this code to Available
1,32abe67f-710b-402b-9f2d-54852de9a8a5,2026-09-25T01:40:01.347+00:00,2026-09-25T01:40:01.613+00:00,21072-30059,washers,50170075,72000000,2026-09-25 01:40:01,2026-09-25 00:14:33,29,5128.0,-3388.0,,Available,website maps this code to Available
1,32abe67f-710b-402b-9f2d-54852de9a8a5,2026-09-25T01:40:01.347+00:00,2026-09-25T01:40:01.613+00:00,21072-30059,washers,50170082,72000000,2026-09-25 01:40:01,2026-09-24 07:02:33,29,67048.0,-65308.0,,Available,website maps this code to Available
1,32abe67f-710b-402b-9f2d-54852de9a8a5,2026-09-25T01:40:01.347+00:00,2026-09-25T01:40:01.613+00:00,21072-30059,washers,50170050,72000000,2026-09-25 01:40:01,2026-09-25 00:19:24,29,4837.0,-3097.0,,Available,website maps this code to Available
1,32abe67f-710b-402b-9f2d-54852de9a8a5,2026-09-25T01:40:01.347+00:00,2026-09-25T01:40:01.613+00:00,21072-30059,washers,50170052,72000000,2026-09-25 01:40:01,2026-09-25 00:11:14,29,5327.0,-3587.0,,Available,website maps this code to Available
1,32abe67f-710b-402b-9f2d-54852de9a8a5,2026-09-25T01:40:01.347+00:00,2026-09-25T01:40:01.613+00:00,21072-30059,washers,50170078,72000000,2026-09-25 01:40:01,2026-09-24 23:56:38,29,6203.0,-4463.0,,Available,website maps this code to Available
1,32abe67f-710b-402b-9f2d-54852de9a8a5,2026-09-25T01:40:01.347+00:00,2026-09-25T01:40:01.613+00:00,21072-30059,washers,50170084,72000000,2026-09-25 01:40:01,2026-09-24 15:48:03,29,35518.0,-33778.0,,Available,website maps this code to Available
1,32abe67f-710b-402b-9f2d-54852de9a8a5,2026-09-25T01:40:01.347+00:00,2026-09-25T01:40:01.613+00:00,21072-30059,washers,50170068,72000000,2026-09-25 01:40:01,2026-09-25 01:16:03,29,1438.0,302.0,,Available,website maps this code to Available
1,32abe67f-710b-402b-9f2d-54852de9a8a5,2026-09-25T01:40:01.347+00:00,2026-09-25T01:40:01.613+00:00,21072-30059,washers,50170072,72000000,2026-09-25 01:40:01,2026-09-25 01:23:15,29,1006.0,734.0,,Available,website maps this code to Available
1,32abe67f-710b-402b-9f2d-54852de9a8a5,2026-09-25T01:40:01.347+00:00,2026-09-25T01:40:01.613+00:00,21072-30059,washers,20483408,72000000,2026-09-25 01:40:01,2024-12-20 00:43:32,0,55644989.0,-55644989.0,,Available,website maps this code to Available
1,32abe67f-710b-402b-9f2d-54852de9a8a5,2026-09-25T01:40:01.347+00:00,2026-09-25T01:40:01.613+00:00,21072-30059,washers,50170055,42000000,2026-09-25 01:40:01,2026-09-25 01:39:43,37,18.0,2202.0,37,Running,
1,32abe67f-710b-402b-9f2d-54852de9a8a5,2026-09-25T01:40:01.347+00:00,2026-09-25T01:40:01.613+00:00,21072-30059,dryers,50170058,72000000,2026-09-25 01:40:01,2026-09-12 03:29:03,46,1116658.0,-1113898.0,,Available,website maps this code to Available
1,32abe67f-710b-402b-9f2d-54852de9a8a5,2026-09-25T01:40:01.347+00:00,2026-09-25T01:40:01.613+00:00,21072-30059,dryers,50170061,72000000,2026-09-25 01:40:01,2026-09-24 20:07:24,46,19957.0,-17197.0,,Available,website maps this code to Available
1,32abe67f-710b-402b-9f2d-54852de9a8a5,2026-09-25T01:40:01.347+00:00,2026-09-25T01:40:01.613+00:00,21072-30059,dryers,50170081,42000000,2026-09-25 01:40:01,2026-09-25 01:12:32,45,1649.0,1051.0,18,Running,
1,32abe67f-710b-402b-9f2d-54852de9a8a5,2026-09-25T01:40:01.347+00:00,2026-09-25T01:40:01.613+00:00,21072-30059,dryers,50170060,72000000,2026-09-25 01:40:01,2026-09-25 01:09:05,46,1856.0,904.0,,Available,website maps this code to Available
1,32abe67f-710b-402b-9f2d-54852de9a8a5,2026-09-25T01:40:01.347+00:00,2026-09-25T01:40:01.613+00:00,21072-30059,dryers,50170087,72000000,2026-09-25 01:40:01,2026-09-25 01:09:36,46,1825.0,935.0,,Available,website maps this code to Available
1,32abe67f-710b-402b-9f2d-54852de9a8a5,2026-09-25T01:40:01.347+00:00,2026-09-25T01:40:01.613+00:00,21072-30059,dryers,50170064,72000000,2026-09-25 01:40:01,2026-09-24 07:02:42,46,67039.0,-64279.0,,Available,website maps this code to Available
1,32abe67f-710b-402b-9f2d-54852de9a8a5,2026-09-25T01:40:01.347+00:00,2026-09-25T01:40:01.613+00:00,21072-30059,dryers,50170065,72000000,2026-09-25 01:40:01,2026-09-25 00:46:05,46,3236.0,-476.0,,Available,website maps this code to Available
1,32abe67f-710b-402b-9f2d-54852de9a8a5,2026-09-25T01:40:01.347+00:00,2026-09-25T01:40:01.613+00:00,21072-30059,dryers,50170059,72000000,2026-09-25 01:40:01,2026-09-24 15:47:57,46,35524.0,-32764.0,,Available,website maps this code to Available
1,32abe67f-710b-402b-9f2d-54852de9a8a5,2026-09-25T01:40:01.347+00:00,2026-09-25T01:40:01.613+00:00,21072-30059,dryers,50170057,42000000,2026-09-25 01:40:01,2026-09-25 01:17:57,45,1324.0,1376.0,23,Running,
1,32abe67f-710b-402b-9f2d-54852de9a8a5,2026-09-25T01:40:01.347+00:00,2026-09-25T01:40:01.613+00:00,21072-30059,dryers,50170062,42000000,2026-09-25 01:40:01,2026-09-25 01:18:42,45,1279.0,1421.0,24,Running,
1,32abe67f-710b-402b-9f2d-54852de9a8a5,2026-09-25T01:40:01.347+00:00,2026-09-25T01:40:01.613+00:00,21072-30059,dryers,50170067,72000000,2026-09-25 01:40:01,2026-09-25 01:00:01,46,2400.0,360.0,,Available,website maps this code to Available
1,32abe67f-710b-402b-9f2d-54852de9a8a5,2026-09-25T01:40:01.347+00:00,2026-09-25T01:40:01.613+00:00,21072-30059,dryers,50170074,72000000,2026-09-25 01:40:01,2026-09-25 01:00:09,46,2392.0,368.0,,Available,website maps this code to Available
1,32abe67f-710b-402b-9f2d-54852de9a8a5,2026-09-25T01:40:01.347+00:00,2026-09-25T01:40:01.613+00:00,21072-30059,dryers,50170071,72000000,2026-09-25 01:40:01,2026-09-25 01:37:33,46,148.0,2612.0,,Available,website maps this code to Available
1,32abe67f-710b-402b-9f2d-54852de9a8a5,2026-09-25T01:40:01.347+00:00,2026-09-25T01:40:01.613+00:00,21072-30059,dryers,50170054,52000000,2026-09-25 01:40:01,2026-09-25 01:14:04,23,1557.0,-177.0,,Finished,
1,71b18c5e-fd11-4e69-b63f-650181f2bc06,2026-09-25T01:41:01.288+00:00,2026-09-25T01:41:01.525+00:00,21072-30059,washers,50170051,72000000,2026-09-25 01:41:01,2026-09-25 00:17:42,29,4999.0,-3259.0,,Available,website maps this code to Available
1,71b18c5e-fd11-4e69-b63f-650181f2bc06,2026-09-25T01:41:01.288+00:00,2026-09-25T01:41:01.525+00:00,21072-30059,washers,50170080,72000000,2026-09-25 01:41:01,2026-09-25 00:20:13,29,4848.0,-3108.0,,Available,website maps this code to Available
1,71b18c5e-fd11-4e69-b63f-650181f2bc06,2026-09-25T01:41:01.288+00:00,2026-09-25T01:41:01.525+00:00,21072-30059,washers,50170075,72000000,2026-09-25 01:41:01,2026-09-25 00:14:33,29,5188.0,-3448.0,,Available,website maps this code to Available
1,71b18c5e-fd11-4e69-b63f-650181f2bc06,2026-09-25T01:41:01.288+00:00,2026-09-25T01:41:01.525+00:00,21072-30059,washers,50170082,72000000,2026-09-25 01:41:01,2026-09-24 07:02:33,29,67108.0,-65368.0,,Available,website maps this code to Available
1,71b18c5e-fd11-4e69-b63f-650181f2bc06,2026-09-25T01:41:01.288+00:00,2026-09-25T01:41:01.525+00:00,21072-30059,washers,50170050,72000000,2026-09-25 01:41:01,2026-09-25 00:19:24,29,4897.0,-3157.0,,Available,website maps this code to Available
1,71b18c5e-fd11-4e69-b63f-650181f2bc06,2026-09-25T01:41:01.288+00:00,2026-09-25T01:41:01.525+00:00,21072-30059,washers,50170052,72000000,2026-09-25 01:41:01,2026-09-25 00:11:14,29,5387.0,-3647.0,,Available,website maps this code to Available
1,71b18c5e-fd11-4e69-b63f-650181f2bc06,2026-09-25T01:41:01.288+00:00,2026-09-25T01:41:01.525+00:00,21072-30059,washers,50170078,72000000,2026-09-25 01:41:01,2026-09-24 23:56:38,29,6263.0,-4523.0,,Available,website maps this code to Available
1,71b18c5e-fd11-4e69-b63f-650181f2bc06,2026-09-25T01:41:01.288+00:00,2026-09-25T01:41:01.525+00:00,21072-30059,washers,50170084,72000000,2026-09-25 01:41:01,2026-09-24 15:48:03,29,35578.0,-33838.0,,Available,website maps this code to Available
1,71b18c5e-fd11-4e69-b63f-650181f2bc06,2026-09-25T01:41:01.288+00:00,2026-09-25T01:41:01.525+00:00,21072-30059,washers,50170068,72000000,2026-09-25 01:41:01,2026-09-25 01:16:03,29,1498.0,242.0,,Available,website maps this code to Available
1,71b18c5e-fd11-4e69-b63f-650181f2bc06,2026-09-25T01:41:01.288+00:00,2026-09-25T01:41:01.525+00:00,21072-30059,washers,50170072,72000000,2026-09-25 01:41:01,2026-09-25 01:23:15,29,1066.0,674.0,,Available,website maps this code to Available
1,71b18c5e-fd11-4e69-b63f-650181f2bc06,2026-09-25T01:41:01.288+00:00,2026-09-25T01:41:01.525+00:00,21072-30059,washers,20483408,72000000,2026-09-25 01:41:01,2024-12-20 00:43:32,0,55645049.0,-55645049.0,,Available,website maps this code to Available
1,71b18c5e-fd11-4e69-b63f-650181f2bc06,2026-09-25T01:41:01.288+00:00,2026-09-25T01:41:01.525+00:00,21072-30059,washers,50170055,42000000,2026-09-25 01:41:01,2026-09-25 01:39:43,37,78.0,2142.0,36,Running,
1,71b18c5e-fd11-4e69-b63f-650181f2bc06,2026-09-25T01:41:01.288+00:00,2026-09-25T01:41:01.525+00:00,21072-30059,dryers,50170058,72000000,2026-09-25 01:41:01,2026-09-12 03:29:03,46,1116718.0,-1113958.0,,Available,website maps this code to Available
1,71b18c5e-fd11-4e69-b63f-650181f2bc06,2026-09-25T01:41:01.288+00:00,2026-09-25T01:41:01.525+00:00,21072-30059,dryers,50170061,72000000,2026-09-25 01:41:01,2026-09-24 20:07:24,46,20017.0,-17257.0,,Available,website maps this code to Available
1,71b18c5e-fd11-4e69-b63f-650181f2bc06,2026-09-25T01:41:01.288+00:00,2026-09-25T01:41:01.525+00:00,21072-30059,dryers,50170081,42000000,2026-09-25 01:41:01,2026-09-25 01:12:32,45,1709.0,991.0,17,Running,
1,71b18c5e-fd11-4e69-b63f-650181f2bc06,2026-09-25T01:41:01.288+00:00,2026-09-25T01:41:01.525+00:00,21072-30059,dryers,50170060,72000000,2026-09-25 01:41:01,2026-09-25 01:09:05,46,1916.0,844.0,,Available,website maps this code to Available
1,71b18c5e-fd11-4e69-b63f-650181f2bc06,2026-09-25T01:41:01.288+00:00,2026-09-25T01:41:01.525+00:00,21072-30059,dryers,50170087,72000000,2026-09-25 01:41:01,2026-09-25 01:09:36,46,1885.0,875.0,,Available,website maps this code to Available
1,71b18c5e-fd11-4e69-b63f-650181f2bc06,2026-09-25T01:41:01.288+00:00,2026-09-25T01:41:01.525+00:00,21072-30059,dryers,50170064,72000000,2026-09-25 01:41:01,2026-09-24 07:02:42,46,67099.0,-64339.0,,Available,website maps this code to Available
1,71b18c5e-fd11-4e69-b63f-650181f2bc06,2026-09-25T01:41:01.288+00:00,2026-09-25T01:41:01.525+00:00,21072-30059,dryers,50170065,72000000,2026-09-25 01:41:01,2026-09-25 00:46:05,46,3296.0,-536.0,,Available,website maps this code to Available
1,71b18c5e-fd11-4e69-b63f-650181f2bc06,2026-09-25T01:41:01.288+00:00,2026-09-25T01:41:01.525+00:00,21072-30059,dryers,50170059,72000000,2026-09-25 01:41:01,2026-09-24 15:47:57,46,35584.0,-32824.0,,Available,website maps this code to Available
1,71b18c5e-fd11-4e69-b63f-650181f2bc06,2026-09-25T01:41:01.288+00:00,2026-09-25T01:41:01.525+00:00,21072-30059,dryers,50170057,42000000,2026-09-25 01:41:01,2026-09-25 01:17:57,45,1384.0,1316.0,22,Running,
1,71b18c5e-fd11-4e69-b63f-650181f2bc06,2026-09-25T01:41:01.288+00:00,2026-09-25T01:41:01.525+00:00,21072-30059,dryers,50170062,42000000,2026-09-25 01:41:01,2026-09-25 01:18:42,45,1339.0,1361.0,23,Running,
1,71b18c5e-fd11-4e69-b63f-650181f2bc06,2026-09-25T01:41:01.288+00:00,2026-09-25T01:41:01.525+00:00,21072-30059,dryers,50170067,72000000,2026-09-25 01:41:01,2026-09-25 01:00:01,46,2460.0,300.0,,Available,website maps this code to Available
1,71b18c5e-fd11-4e69-b63f-650181f2bc06,2026-09-25T01:41:01.288+00:00,2026-09-25T01:41:01.525+00:00,21072-30059,dryers,50170074,72000000,2026-09-25 01:41:01,2026-09-25 01:00:09,46,2452.0,308.0,,Available,website maps this code to Available
1,71b18c5e-fd11-4e69-b63f-650181f2bc06,2026-09-25T01:41:01.288+00:00,2026-09-25T01:41:01.525+00:00,21072-30059,dryers,50170071,72000000,2026-09-25 01:41:01,2026-09-25 01:37:33,46,208.0,2552.0,,Available,website maps this code to Available
1,71b18c5e-fd11-4e69-b63f-650181f2bc06,2026-09-25T01:41:01.288+00:00,2026-09-25T01:41:01.525+00:00,21072-30059,dryers,50170054,52000000,2026-09-25 01:41:01,2026-09-25 01:14:04,23,1617.0,-237.0,,Finished,
1,e763ffe2-7735-4a1b-b2c4-f333aa487105,2026-09-25T01:42:01.383+00:00,2026-09-25T01:42:01.582+00:00,21072-30059,washers,50170051,72000000,2026-09-25 01:42:01,2026-09-25 00:17:42,29,5059.0,-3319.0,,Available,website maps this code to Available
1,e763ffe2-7735-4a1b-b2c4-f333aa487105,2026-09-25T01:42:01.383+00:00,2026-09-25T01:42:01.582+00:00,21072-30059,washers,50170080,72000000,2026-09-25 01:42:01,2026-09-25 00:20:13,29,4908.0,-3168.0,,Available,website maps this code to Available
1,e763ffe2-7735-4a1b-b2c4-f333aa487105,2026-09-25T01:42:01.383+00:00,2026-09-25T01:42:01.582+00:00,21072-30059,washers,50170075,72000000,2026-09-25 01:42:01,2026-09-25 00:14:33,29,5248.0,-3508.0,,Available,website maps this code to Available
1,e763ffe2-7735-4a1b-b2c4-f333aa487105,2026-09-25T01:42:01.383+00:00,2026-09-25T01:42:01.582+00:00,21072-30059,washers,50170082,72000000,2026-09-25 01:42:01,2026-09-24 07:02:33,29,67168.0,-65428.0,,Available,website maps this code to Available
1,e763ffe2-7735-4a1b-b2c4-f333aa487105,2026-09-25T01:42:01.383+00:00,2026-09-25T01:42:01.582+00:00,21072-30059,washers,50170050,72000000,2026-09-25 01:42:01,2026-09-25 00:19:24,29,4957.0,-3217.0,,Available,website maps this code to Available
1,e763ffe2-7735-4a1b-b2c4-f333aa487105,2026-09-25T01:42:01.383+00:00,2026-09-25T01:42:01.582+00:00,21072-30059,washers,50170052,72000000,2026-09-25 01:42:01,2026-09-25 00:11:14,29,5447.0,-3707.0,,Available,website maps this code to Available
1,e763ffe2-7735-4a1b-b2c4-f333aa487105,2026-09-25T01:42:01.383+00:00,2026-09-25T01:42:01.582+00:00,21072-30059,washers,50170078,72000000,2026-09-25 01:42:01,2026-09-24 23:56:38,29,6323.0,-4583.0,,Available,website maps this code to Available
1,e763ffe2-7735-4a1b-b2c4-f333aa487105,2026-09-25T01:42:01.383+00:00,2026-09-25T01:42:01.582+00:00,21072-30059,washers,50170084,72000000,2026-09-25 01:42:01,2026-09-24 15:48:03,29,35638.0,-33898.0,,Available,website maps this code to Available
1,e763ffe2-7735-4a1b-b2c4-f333aa487105,2026-09-25T01:42:01.383+00:00,2026-09-25T01:42:01.582+00:00,21072-30059,washers,50170068,72000000,2026-09-25 01:42:01,2026-09-25 01:16:03,29,1558.0,182.0,,Available,website maps this code to Available
1,e763ffe2-7735-4a1b-b2c4-f333aa487105,2026-09-25T01:42:01.383+00:00,2026-09-25T01:42:01.582+00:00,21072-30059,washers,50170072,72000000,2026-09-25 01:42:01,2026-09-25 01:23:15,29,1126.0,614.0,,Available,website maps this code to Available
1,e763ffe2-7735-4a1b-b2c4-f333aa487105,2026-09-25T01:42:01.383+00:00,2026-09-25T01:42:01.582+00:00,21072-30059,washers,20483408,72000000,2026-09-25 01:42:01,2024-12-20 00:43:32,0,55645109.0,-55645109.0,,Available,website maps this code to Available
1,e763ffe2-7735-4a1b-b2c4-f333aa487105,2026-09-25T01:42:01.383+00:00,2026-09-25T01:42:01.582+00:00,21072-30059,washers,50170055,42000000,2026-09-25 01:42:01,2026-09-25 01:39:43,37,138.0,2082.0,35,Running,
1,e763ffe2-7735-4a1b-b2c4-f333aa487105,2026-09-25T01:42:01.383+00:00,2026-09-25T01:42:01.582+00:00,21072-30059,dryers,50170058,72000000,2026-09-25 01:42:01,2026-09-12 03:29:03,46,1116778.0,-1114018.0,,Available,website maps this code to Available
1,e763ffe2-7735-4a1b-b2c4-f333aa487105,2026-09-25T01:42:01.383+00:00,2026-09-25T01:42:01.582+00:00,21072-30059,dryers,50170061,72000000,2026-09-25 01:42:01,2026-09-24 20:07:24,46,20077.0,-17317.0,,Available,website maps this code to Available
1,e763ffe2-7735-4a1b-b2c4-f333aa487105,2026-09-25T01:42:01.383+00:00,2026-09-25T01:42:01.582+00:00,21072-30059,dryers,50170081,42000000,2026-09-25 01:42:01,2026-09-25 01:12:32,45,1769.0,931.0,16,Running,
1,e763ffe2-7735-4a1b-b2c4-f333aa487105,2026-09-25T01:42:01.383+00:00,2026-09-25T01:42:01.582+00:00,21072-30059,dryers,50170060,72000000,2026-09-25 01:42:01,2026-09-25 01:09:05,46,1976.0,784.0,,Available,website maps this code to Available
1,e763ffe2-7735-4a1b-b2c4-f333aa487105,2026-09-25T01:42:01.383+00:00,2026-09-25T01:42:01.582+00:00,21072-30059,dryers,50170087,72000000,2026-09-25 01:42:01,2026-09-25 01:09:36,46,1945.0,815.0,,Available,website maps this code to Available
1,e763ffe2-7735-4a1b-b2c4-f333aa487105,2026-09-25T01:42:01.383+00:00,2026-09-25T01:42:01.582+00:00,21072-30059,dryers,50170064,72000000,2026-09-25 01:42:01,2026-09-24 07:02:42,46,67159.0,-64399.0,,Available,website maps this code to Available
1,e763ffe2-7735-4a1b-b2c4-f333aa487105,2026-09-25T01:42:01.383+00:00,2026-09-25T01:42:01.582+00:00,21072-30059,dryers,50170065,72000000,2026-09-25 01:42:01,2026-09-25 00:46:05,46,3356.0,-596.0,,Available,website maps this code to Available
1,e763ffe2-7735-4a1b-b2c4-f333aa487105,2026-09-25T01:42:01.383+00:00,2026-09-25T01:42:01.582+00:00,21072-30059,dryers,50170059,72000000,2026-09-25 01:42:01,2026-09-24 15:47:57,46,35644.0,-32884.0,,Available,website maps this code to Available
1,e763ffe2-7735-4a1b-b2c4-f333aa487105,2026-09-25T01:42:01.383+00:00,2026-09-25T01:42:01.582+00:00,21072-30059,dryers,50170057,42000000,2026-09-25 01:42:01,2026-09-25 01:17:57,45,1444.0,1256.0,21,Running,
1,e763ffe2-7735-4a1b-b2c4-f333aa487105,2026-09-25T01:42:01.383+00:00,2026-09-25T01:42:01.582+00:00,21072-30059,dryers,50170062,42000000,2026-09-25 01:42:01,2026-09-25 01:18:42,45,1399.0,1301.0,22,Running,
1,e763ffe2-7735-4a1b-b2c4-f333aa487105,2026-09-25T01:42:01.383+00:00,2026-09-25T01:42:01.582+00:00,21072-30059,dryers,50170067,72000000,2026-09-25 01:42:01,2026-09-25 01:00:01,46,2520.0,240.0,,Available,website maps this code to Available
1,e763ffe2-7735-4a1b-b2c4-f333aa487105,2026-09-25T01:42:01.383+00:00,2026-09-25T01:42:01.582+00:00,21072-30059,dryers,50170074,72000000,2026-09-25 01:42:01,2026-09-25 01:00:09,46,2512.0,248.0,,Available,website maps this code to Available
1,e763ffe2-7735-4a1b-b2c4-f333aa487105,2026-09-25T01:42:01.383+00:00,2026-09-25T01:42:01.582+00:00,21072-30059,dryers,50170071,72000000,2026-09-25 01:42:01,2026-09-25 01:37:33,46,268.0,2492.0,,Available,website maps this code to Available
1,e763ffe2-7735-4a1b-b2c4-f333aa487105,2026-09-25T01:42:01.383+00:00,2026-09-25T01:42:01.582+00:00,21072-30059,dryers,50170054,52000000,2026-09-25 01:42:01,2026-09-25 01:14:04,23,1677.0,-297.0,,Finished,
1,7de5ef89-f665-4161-8761-9211ecbc7ef9,2026-09-25T01:43:01.266+00:00,2026-09-25T01:43:01.454+00:00,21072-30059,washers,50170051,72000000,2026-09-25 01:43:01,2026-09-25 00:17:42,29,5119.0,-3379.0,,Available,website maps this code to Available
1,7de5ef89-f665-4161-8761-9211ecbc7ef9,2026-09-25T01:43:01.266+00:00,2026-09-25T01:43:01.454+00:00,21072-30059,washers,50170080,72000000,2026-09-25 01:43:01,2026-09-25 00:20:13,29,4968.0,-3228.0,,Available,website maps this code to Available
1,7de5ef89-f665-4161-8761-9211ecbc7ef9,2026-09-25T01:43:01.266+00:00,2026-09-25T01:43:01.454+00:00,21072-30059,washers,50170075,72000000,2026-09-25 01:43:01,2026-09-25 00:14:33,29,5308.0,-3568.0,,Available,website maps this code to Available
1,7de5ef89-f665-4161-8761-9211ecbc7ef9,2026-09-25T01:43:01.266+00:00,2026-09-25T01:43:01.454+00:00,21072-30059,washers,50170082,72000000,2026-09-25 01:43:01,2026-09-24 07:02:33,29,67228.0,-65488.0,,Available,website maps this code to Available
1,7de5ef89-f665-4161-8761-9211ecbc7ef9,2026-09-25T01:43:01.266+00:00,2026-09-25T01:43:01.454+00:00,21072-30059,washers,50170050,72000000,2026-09-25 01:43:01,2026-09-25 00:19:24,29,5017.0,-3277.0,,Available,website maps this code to Available
1,7de5ef89-f665-4161-8761-9211ecbc7ef9,2026-09-25T01:43:01.266+00:00,2026-09-25T01:43:01.454+00:00,21072-30059,washers,50170052,72000000,2026-09-25 01:43:01,2026-09-25 00:11:14,29,5507.0,-3767.0,,Available,website maps this code to Available
1,7de5ef89-f665-4161-8761-9211ecbc7ef9,2026-09-25T01:43:01.266+00:00,2026-09-25T01:43:01.454+00:00,21072-30059,washers,50170078,72000000,2026-09-25 01:43:01,2026-09-24 23:56:38,29,6383.0,-4643.0,,Available,website maps this code to Available
1,7de5ef89-f665-4161-8761-9211ecbc7ef9,2026-09-25T01:43:01.266+00:00,2026-09-25T01:43:01.454+00:00,21072-30059,washers,50170084,72000000,2026-09-25 01:43:01,2026-09-24 15:48:03,29,35698.0,-33958.0,,Available,website maps this code to Available
1,7de5ef89-f665-4161-8761-9211ecbc7ef9,2026-09-25T01:43:01.266+00:00,2026-09-25T01:43:01.454+00:00,21072-30059,washers,50170068,72000000,2026-09-25 01:43:01,2026-09-25 01:16:03,29,1618.0,122.0,,Available,website maps this code to Available
1,7de5ef89-f665-4161-8761-9211ecbc7ef9,2026-09-25T01:43:01.266+00:00,2026-09-25T01:43:01.454+00:00,21072-30059,washers,50170072,72000000,2026-09-25 01:43:01,2026-09-25 01:23:15,29,1186.0,554.0,,Available,website maps this code to Available
1,7de5ef89-f665-4161-8761-9211ecbc7ef9,2026-09-25T01:43:01.266+00:00,2026-09-25T01:43:01.454+00:00,21072-30059,washers,20483408,72000000,2026-09-25 01:43:01,2024-12-20 00:43:32,0,55645169.0,-55645169.0,,Available,website maps this code to Available
1,7de5ef89-f665-4161-8761-9211ecbc7ef9,2026-09-25T01:43:01.266+00:00,2026-09-25T01:43:01.454+00:00,21072-30059,washers,50170055,42000000,2026-09-25 01:43:01,2026-09-25 01:39:43,37,198.0,2022.0,34,Running,
1,7de5ef89-f665-4161-8761-9211ecbc7ef9,2026-09-25T01:43:01.266+00:00,2026-09-25T01:43:01.454+00:00,21072-30059,dryers,50170058,72000000,2026-09-25 01:43:01,2026-09-12 03:29:03,46,1116838.0,-1114078.0,,Available,website maps this code to Available
1,7de5ef89-f665-4161-8761-9211ecbc7ef9,2026-09-25T01:43:01.266+00:00,2026-09-25T01:43:01.454+00:00,21072-30059,dryers,50170061,72000000,2026-09-25 01:43:01,2026-09-24 20:07:24,46,20137.0,-17377.0,,Available,website maps this code to Available
1,7de5ef89-f665-4161-8761-9211ecbc7ef9,2026-09-25T01:43:01.266+00:00,2026-09-25T01:43:01.454+00:00,21072-30059,dryers,50170081,42000000,2026-09-25 01:43:01,2026-09-25 01:12:32,45,1829.0,871.0,15,Running,
1,7de5ef89-f665-4161-8761-9211ecbc7ef9,2026-09-25T01:43:01.266+00:00,2026-09-25T01:43:01.454+00:00,21072-30059,dryers,50170060,72000000,2026-09-25 01:43:01,2026-09-25 01:09:05,46,2036.0,724.0,,Available,website maps this code to Available
1,7de5ef89-f665-4161-8761-9211ecbc7ef9,2026-09-25T01:43:01.266+00:00,2026-09-25T01:43:01.454+00:00,21072-30059,dryers,50170087,72000000,2026-09-25 01:43:01,2026-09-25 01:09:36,46,2005.0,755.0,,Available,website maps this code to Available
1,7de5ef89-f665-4161-8761-9211ecbc7ef9,2026-09-25T01:43:01.266+00:00,2026-09-25T01:43:01.454+00:00,21072-30059,dryers,50170064,72000000,2026-09-25 01:43:01,2026-09-24 07:02:42,46,67219.0,-64459.0,,Available,website maps this code to Available
1,7de5ef89-f665-4161-8761-9211ecbc7ef9,2026-09-25T01:43:01.266+00:00,2026-09-25T01:43:01.454+00:00,21072-30059,dryers,50170065,72000000,2026-09-25 01:43:01,2026-09-25 00:46:05,46,3416.0,-656.0,,Available,website maps this code to Available
1,7de5ef89-f665-4161-8761-9211ecbc7ef9,2026-09-25T01:43:01.266+00:00,2026-09-25T01:43:01.454+00:00,21072-30059,dryers,50170059,72000000,2026-09-25 01:43:01,2026-09-24 15:47:57,46,35704.0,-32944.0,,Available,website maps this code to Available
1,7de5ef89-f665-4161-8761-9211ecbc7ef9,2026-09-25T01:43:01.266+00:00,2026-09-25T01:43:01.454+00:00,21072-30059,dryers,50170057,42000000,2026-09-25 01:43:01,2026-09-25 01:17:57,45,1504.0,1196.0,20,Running,
1,7de5ef89-f665-4161-8761-9211ecbc7ef9,2026-09-25T01:43:01.266+00:00,2026-09-25T01:43:01.454+00:00,21072-30059,dryers,50170062,42000000,2026-09-25 01:43:01,2026-09-25 01:18:42,45,1459.0,1241.0,21,Running,
1,7de5ef89-f665-4161-8761-9211ecbc7ef9,2026-09-25T01:43:01.266+00:00,2026-09-25T01:43:01.454+00:00,21072-30059,dryers,50170067,72000000,2026-09-25 01:43:01,2026-09-25 01:00:01,46,2580.0,180.0,,Available,website maps this code to Available
1,7de5ef89-f665-4161-8761-9211ecbc7ef9,2026-09-25T01:43:01.266+00:00,2026-09-25T01:43:01.454+00:00,21072-30059,dryers,50170074,72000000,2026-09-25 01:43:01,2026-09-25 01:00:09,46,2572.0,188.0,,Available,website maps this code to Available
1,7de5ef89-f665-4161-8761-9211ecbc7ef9,2026-09-25T01:43:01.266+00:00,2026-09-25T01:43:01.454+00:00,21072-30059,dryers,50170071,72000000,2026-09-25 01:43:01,2026-09-25 01:37:33,46,328.0,2432.0,,Available,website maps this code to Available
1,7de5ef89-f665-4161-8761-9211ecbc7ef9,2026-09-25T01:43:01.266+00:00,2026-09-25T01:43:01.454+00:00,21072-30059,dryers,50170054,52000000,2026-09-25 01:43:01,2026-09-25 01:14:04,23,1737.0,-357.0,,Finished,
1,748fac25-aa69-4a0c-bc76-a7b40e9001cf,2026-09-25T01:44:01.273+00:00,2026-09-25T01:44:01.470+00:00,21072-30059,washers,50170051,72000000,2026-09-25 01:44:01,2026-09-25 00:17:42,29,5179.0,-3439.0,,Available,website maps this code to Available
1,748fac25-aa69-4a0c-bc76-a7b40e9001cf,2026-09-25T01:44:01.273+00:00,2026-09-25T01:44:01.470+00:00,21072-30059,washers,50170080,72000000,2026-09-25 01:44:01,2026-09-25 00:20:13,29,5028.0,-3288.0,,Available,website maps this code to Available
1,748fac25-aa69-4a0c-bc76-a7b40e9001cf,2026-09-25T01:44:01.273+00:00,2026-09-25T01:44:01.470+00:00,21072-30059,washers,50170075,72000000,2026-09-25 01:44:01,2026-09-25 00:14:33,29,5368.0,-3628.0,,Available,website maps this code to Available
1,748fac25-aa69-4a0c-bc76-a7b40e9001cf,2026-09-25T01:44:01.273+00:00,2026-09-25T01:44:01.470+00:00,21072-30059,washers,50170082,72000000,2026-09-25 01:44:01,2026-09-24 07:02:33,29,67288.0,-65548.0,,Available,website maps this code to Available
1,748fac25-aa69-4a0c-bc76-a7b40e9001cf,2026-09-25T01:44:01.273+00:00,2026-09-25T01:44:01.470+00:00,21072-30059,washers,50170050,72000000,2026-09-25 01:44:01,2026-09-25 00:19:24,29,5077.0,-3337.0,,Available,website maps this code to Available
1,748fac25-aa69-4a0c-bc76-a7b40e9001cf,2026-09-25T01:44:01.273+00:00,2026-09-25T01:44:01.470+00:00,21072-30059,washers,50170052,72000000,2026-09-25 01:44:01,2026-09-25 00:11:14,29,5567.0,-3827.0,,Available,website maps this code to Available
1,748fac25-aa69-4a0c-bc76-a7b40e9001cf,2026-09-25T01:44:01.273+00:00,2026-09-25T01:44:01.470+00:00,21072-30059,washers,50170078,72000000,2026-09-25 01:44:01,2026-09-24 23:56:38,29,6443.0,-4703.0,,Available,website maps this code to Available
1,748fac25-aa69-4a0c-bc76-a7b40e9001cf,2026-09-25T01:44:01.273+00:00,2026-09-25T01:44:01.470+00:00,21072-30059,washers,50170084,72000000,2026-09-25 01:44:01,2026-09-24 15:48:03,29,35758.0,-34018.0,,Available,website maps this code to Available
1,748fac25-aa69-4a0c-bc76-a7b40e9001cf,2026-09-25T01:44:01.273+00:00,2026-09-25T01:44:01.470+00:00,21072-30059,washers,50170068,72000000,2026-09-25 01:44:01,2026-09-25 01:16:03,29,1678.0,62.0,,Available,website maps this code to Available
1,748fac25-aa69-4a0c-bc76-a7b40e9001cf,2026-09-25T01:44:01.273+00:00,2026-09-25T01:44:01.470+00:00,21072-30059,washers,50170072,72000000,2026-09-25 01:44:01,2026-09-25 01:23:15,29,1246.0,494.0,,Available,website maps this code to Available
1,748fac25-aa69-4a0c-bc76-a7b40e9001cf,2026-09-25T01:44:01.273+00:00,2026-09-25T01:44:01.470+00:00,21072-30059,washers,20483408,72000000,2026-09-25 01:44:01,2024-12-20 00:43:32,0,55645229.0,-55645229.0,,Available,website maps this code to Available
1,748fac25-aa69-4a0c-bc76-a7b40e9001cf,2026-09-25T01:44:01.273+00:00,2026-09-25T01:44:01.470+00:00,21072-30059,washers,50170055,42000000,2026-09-25 01:44:01,2026-09-25 01:39:43,37,258.0,1962.0,33,Running,
1,748fac25-aa69-4a0c-bc76-a7b40e9001cf,2026-09-25T01:44:01.273+00:00,2026-09-25T01:44:01.470+00:00,21072-30059,dryers,50170058,72000000,2026-09-25 01:44:01,2026-09-12 03:29:03,46,1116898.0,-1114138.0,,Available,website maps this code to Available
1,748fac25-aa69-4a0c-bc76-a7b40e9001cf,2026-09-25T01:44:01.273+00:00,2026-09-25T01:44:01.470+00:00,21072-30059,dryers,50170061,72000000,2026-09-25 01:44:01,2026-09-24 20:07:24,46,20197.0,-17437.0,,Available,website maps this code to Available
1,748fac25-aa69-4a0c-bc76-a7b40e9001cf,2026-09-25T01:44:01.273+00:00,2026-09-25T01:44:01.470+00:00,21072-30059,dryers,50170081,42000000,2026-09-25 01:44:01,2026-09-25 01:12:32,45,1889.0,811.0,14,Running,
1,748fac25-aa69-4a0c-bc76-a7b40e9001cf,2026-09-25T01:44:01.273+00:00,2026-09-25T01:44:01.470+00:00,21072-30059,dryers,50170060,72000000,2026-09-25 01:44:01,2026-09-25 01:09:05,46,2096.0,664.0,,Available,website maps this code to Available
1,748fac25-aa69-4a0c-bc76-a7b40e9001cf,2026-09-25T01:44:01.273+00:00,2026-09-25T01:44:01.470+00:00,21072-30059,dryers,50170087,72000000,2026-09-25 01:44:01,2026-09-25 01:09:36,46,2065.0,695.0,,Available,website maps this code to Available
1,748fac25-aa69-4a0c-bc76-a7b40e9001cf,2026-09-25T01:44:01.273+00:00,2026-09-25T01:44:01.470+00:00,21072-30059,dryers,50170064,72000000,2026-09-25 01:44:01,2026-09-24 07:02:42,46,67279.0,-64519.0,,Available,website maps this code to Available
1,748fac25-aa69-4a0c-bc76-a7b40e9001cf,2026-09-25T01:44:01.273+00:00,2026-09-25T01:44:01.470+00:00,21072-30059,dryers,50170065,72000000,2026-09-25 01:44:01,2026-09-25 00:46:05,46,3476.0,-716.0,,Available,website maps this code to Available
1,748fac25-aa69-4a0c-bc76-a7b40e9001cf,2026-09-25T01:44:01.273+00:00,2026-09-25T01:44:01.470+00:00,21072-30059,dryers,50170059,72000000,2026-09-25 01:44:01,2026-09-24 15:47:57,46,35764.0,-33004.0,,Available,website maps this code to Available
1,748fac25-aa69-4a0c-bc76-a7b40e9001cf,2026-09-25T01:44:01.273+00:00,2026-09-25T01:44:01.470+00:00,21072-30059,dryers,50170057,42000000,2026-09-25 01:44:01,2026-09-25 01:17:57,45,1564.0,1136.0,19,Running,
1,748fac25-aa69-4a0c-bc76-a7b40e9001cf,2026-09-25T01:44:01.273+00:00,2026-09-25T01:44:01.470+00:00,21072-30059,dryers,50170062,42000000,2026-09-25 01:44:01,2026-09-25 01:18:42,45,1519.0,1181.0,20,Running,
1,748fac25-aa69-4a0c-bc76-a7b40e9001cf,2026-09-25T01:44:01.273+00:00,2026-09-25T01:44:01.470+00:00,21072-30059,dryers,50170067,72000000,2026-09-25 01:44:01,2026-09-25 01:00:01,46,2640.0,120.0,,Available,website maps this code to Available
1,748fac25-aa69-4a0c-bc76-a7b40e9001cf,2026-09-25T01:44:01.273+00:00,2026-09-25T01:44:01.470+00:00,21072-30059,dryers,50170074,72000000,2026-09-25 01:44:01,2026-09-25 01:00:09,46,2632.0,128.0,,Available,website maps this code to Available
1,748fac25-aa69-4a0c-bc76-a7b40e9001cf,2026-09-25T01:44:01.273+00:00,2026-09-25T01:44:01.470+00:00,21072-30059,dryers,50170071,72000000,2026-09-25 01:44:01,2026-09-25 01:37:33,46,388.0,2372.0,,Available,website maps this code to Available
1,748fac25-aa69-4a0c-bc76-a7b40e9001cf,2026-09-25T01:44:01.273+00:00,2026-09-25T01:44:01.470+00:00,21072-30059,dryers,50170054,72000000,2026-09-25 01:44:01,2026-09-25 01:43:28,46,33.0,2727.0,,Available,website maps this code to Available
1,88d64309-f34e-4856-a0c6-4c9164e7c36b,2026-09-25T01:45:01.075+00:00,2026-09-25T01:45:01.259+00:00,21072-30059,washers,50170051,72000000,2026-09-25 01:45:01,2026-09-25 00:17:42,29,5239.0,-3499.0,,Available,website maps this code to Available
1,88d64309-f34e-4856-a0c6-4c9164e7c36b,2026-09-25T01:45:01.075+00:00,2026-09-25T01:45:01.259+00:00,21072-30059,washers,50170080,72000000,2026-09-25 01:45:01,2026-09-25 00:20:13,29,5088.0,-3348.0,,Available,website maps this code to Available
1,88d64309-f34e-4856-a0c6-4c9164e7c36b,2026-09-25T01:45:01.075+00:00,2026-09-25T01:45:01.259+00:00,21072-30059,washers,50170075,72000000,2026-09-25 01:45:01,2026-09-25 00:14:33,29,5428.0,-3688.0,,Available,website maps this code to Available
1,88d64309-f34e-4856-a0c6-4c9164e7c36b,2026-09-25T01:45:01.075+00:00,2026-09-25T01:45:01.259+00:00,21072-30059,washers,50170082,72000000,2026-09-25 01:45:01,2026-09-24 07:02:33,29,67348.0,-65608.0,,Available,website maps this code to Available
1,88d64309-f34e-4856-a0c6-4c9164e7c36b,2026-09-25T01:45:01.075+00:00,2026-09-25T01:45:01.259+00:00,21072-30059,washers,50170050,72000000,2026-09-25 01:45:01,2026-09-25 00:19:24,29,5137.0,-3397.0,,Available,website maps this code to Available
1,88d64309-f34e-4856-a0c6-4c9164e7c36b,2026-09-25T01:45:01.075+00:00,2026-09-25T01:45:01.259+00:00,21072-30059,washers,50170052,72000000,2026-09-25 01:45:01,2026-09-25 00:11:14,29,5627.0,-3887.0,,Available,website maps this code to Available
1,88d64309-f34e-4856-a0c6-4c9164e7c36b,2026-09-25T01:45:01.075+00:00,2026-09-25T01:45:01.259+00:00,21072-30059,washers,50170078,72000000,2026-09-25 01:45:01,2026-09-24 23:56:38,29,6503.0,-4763.0,,Available,website maps this code to Available
1,88d64309-f34e-4856-a0c6-4c9164e7c36b,2026-09-25T01:45:01.075+00:00,2026-09-25T01:45:01.259+00:00,21072-30059,washers,50170084,72000000,2026-09-25 01:45:01,2026-09-24 15:48:03,29,35818.0,-34078.0,,Available,website maps this code to Available
1,88d64309-f34e-4856-a0c6-4c9164e7c36b,2026-09-25T01:45:01.075+00:00,2026-09-25T01:45:01.259+00:00,21072-30059,washers,50170068,72000000,2026-09-25 01:45:01,2026-09-25 01:16:03,29,1738.0,2.0,,Available,website maps this code to Available
1,88d64309-f34e-4856-a0c6-4c9164e7c36b,2026-09-25T01:45:01.075+00:00,2026-09-25T01:45:01.259+00:00,21072-30059,washers,50170072,72000000,2026-09-25 01:45:01,2026-09-25 01:23:15,29,1306.0,434.0,,Available,website maps this code to Available
1,88d64309-f34e-4856-a0c6-4c9164e7c36b,2026-09-25T01:45:01.075+00:00,2026-09-25T01:45:01.259+00:00,21072-30059,washers,20483408,72000000,2026-09-25 01:45:01,2024-12-20 00:43:32,0,55645289.0,-55645289.0,,Available,website maps this code to Available
1,88d64309-f34e-4856-a0c6-4c9164e7c36b,2026-09-25T01:45:01.075+00:00,2026-09-25T01:45:01.259+00:00,21072-30059,washers,50170055,42000000,2026-09-25 01:45:01,2026-09-25 01:39:43,37,318.0,1902.0,32,Running,
1,88d64309-f34e-4856-a0c6-4c9164e7c36b,2026-09-25T01:45:01.075+00:00,2026-09-25T01:45:01.259+00:00,21072-30059,dryers,50170058,72000000,2026-09-25 01:45:01,2026-09-12 03:29:03,46,1116958.0,-1114198.0,,Available,website maps this code to Available
1,88d64309-f34e-4856-a0c6-4c9164e7c36b,2026-09-25T01:45:01.075+00:00,2026-09-25T01:45:01.259+00:00,21072-30059,dryers,50170061,72000000,2026-09-25 01:45:01,2026-09-24 20:07:24,46,20257.0,-17497.0,,Available,website maps this code to Available
1,88d64309-f34e-4856-a0c6-4c9164e7c36b,2026-09-25T01:45:01.075+00:00,2026-09-25T01:45:01.259+00:00,21072-30059,dryers,50170081,42000000,2026-09-25 01:45:01,2026-09-25 01:12:32,45,1949.0,751.0,13,Running,
1,88d64309-f34e-4856-a0c6-4c9164e7c36b,2026-09-25T01:45:01.075+00:00,2026-09-25T01:45:01.259+00:00,21072-30059,dryers,50170060,72000000,2026-09-25 01:45:01,2026-09-25 01:09:05,46,2156.0,604.0,,Available,website maps this code to Available
1,88d64309-f34e-4856-a0c6-4c9164e7c36b,2026-09-25T01:45:01.075+00:00,2026-09-25T01:45:01.259+00:00,21072-30059,dryers,50170087,72000000,2026-09-25 01:45:01,2026-09-25 01:09:36,46,2125.0,635.0,,Available,website maps this code to Available
1,88d64309-f34e-4856-a0c6-4c9164e7c36b,2026-09-25T01:45:01.075+00:00,2026-09-25T01:45:01.259+00:00,21072-30059,dryers,50170064,72000000,2026-09-25 01:45:01,2026-09-24 07:02:42,46,67339.0,-64579.0,,Available,website maps this code to Available
1,88d64309-f34e-4856-a0c6-4c9164e7c36b,2026-09-25T01:45:01.075+00:00,2026-09-25T01:45:01.259+00:00,21072-30059,dryers,50170065,72000000,2026-09-25 01:45:01,2026-09-25 00:46:05,46,3536.0,-776.0,,Available,website maps this code to Available
1,88d64309-f34e-4856-a0c6-4c9164e7c36b,2026-09-25T01:45:01.075+00:00,2026-09-25T01:45:01.259+00:00,21072-30059,dryers,50170059,72000000,2026-09-25 01:45:01,2026-09-24 15:47:57,46,35824.0,-33064.0,,Available,website maps this code to Available
1,88d64309-f34e-4856-a0c6-4c9164e7c36b,2026-09-25T01:45:01.075+00:00,2026-09-25T01:45:01.259+00:00,21072-30059,dryers,50170057,42000000,2026-09-25 01:45:01,2026-09-25 01:17:57,45,1624.0,1076.0,18,Running,
1,88d64309-f34e-4856-a0c6-4c9164e7c36b,2026-09-25T01:45:01.075+00:00,2026-09-25T01:45:01.259+00:00,21072-30059,dryers,50170062,42000000,2026-09-25 01:45:01,2026-09-25 01:18:42,45,1579.0,1121.0,19,Running,
1,88d64309-f34e-4856-a0c6-4c9164e7c36b,2026-09-25T01:45:01.075+00:00,2026-09-25T01:45:01.259+00:00,21072-30059,dryers,50170067,72000000,2026-09-25 01:45:01,2026-09-25 01:00:01,46,2700.0,60.0,,Available,website maps this code to Available
1,88d64309-f34e-4856-a0c6-4c9164e7c36b,2026-09-25T01:45:01.075+00:00,2026-09-25T01:45:01.259+00:00,21072-30059,dryers,50170074,72000000,2026-09-25 01:45:01,2026-09-25 01:00:09,46,2692.0,68.0,,Available,website maps this code to Available
1,88d64309-f34e-4856-a0c6-4c9164e7c36b,2026-09-25T01:45:01.075+00:00,2026-09-25T01:45:01.259+00:00,21072-30059,dryers,50170071,72000000,2026-09-25 01:45:01,2026-09-25 01:37:33,46,448.0,2312.0,,Available,website maps this code to Available
1,88d64309-f34e-4856-a0c6-4c9164e7c36b,2026-09-25T01:45:01.075+00:00,2026-09-25T01:45:01.259+00:00,21072-30059,dryers,50170054,72000000,2026-09-25 01:45:01,2026-09-25 01:43:28,46,93.0,2667.0,,Available,website maps this code to Available
1,53099ebd-355b-4840-85e3-650eff697ade,2026-09-25T01:46:01.293+00:00,2026-09-25T01:46:01.481+00:00,21072-30059,washers,50170051,72000000,2026-09-25 01:46:01,2026-09-25 00:17:42,29,5299.0,-3559.0,,Available,website maps this code to Available
1,53099ebd-355b-4840-85e3-650eff697ade,2026-09-25T01:46:01.293+00:00,2026-09-25T01:46:01.481+00:00,21072-30059,washers,50170080,72000000,2026-09-25 01:46:01,2026-09-25 00:20:13,29,5148.0,-3408.0,,Available,website maps this code to Available
1,53099ebd-355b-4840-85e3-650eff697ade,2026-09-25T01:46:01.293+00:00,2026-09-25T01:46:01.481+00:00,21072-30059,washers,50170075,72000000,2026-09-25 01:46:01,2026-09-25 00:14:33,29,5488.0,-3748.0,,Available,website maps this code to Available
1,53099ebd-355b-4840-85e3-650eff697ade,2026-09-25T01:46:01.293+00:00,2026-09-25T01:46:01.481+00:00,21072-30059,washers,50170082,72000000,2026-09-25 01:46:01,2026-09-24 07:02:33,29,67408.0,-65668.0,,Available,website maps this code to Available
1,53099ebd-355b-4840-85e3-650eff697ade,2026-09-25T01:46:01.293+00:00,2026-09-25T01:46:01.481+00:00,21072-30059,washers,50170050,72000000,2026-09-25 01:46:01,2026-09-25 00:19:24,29,5197.0,-3457.0,,Available,website maps this code to Available
1,53099ebd-355b-4840-85e3-650eff697ade,2026-09-25T01:46:01.293+00:00,2026-09-25T01:46:01.481+00:00,21072-30059,washers,50170052,72000000,2026-09-25 01:46:01,2026-09-25 00:11:14,29,5687.0,-3947.0,,Available,website maps this code to Available
1,53099ebd-355b-4840-85e3-650eff697ade,2026-09-25T01:46:01.293+00:00,2026-09-25T01:46:01.481+00:00,21072-30059,washers,50170078,72000000,2026-09-25 01:46:01,2026-09-24 23:56:38,29,6563.0,-4823.0,,Available,website maps this code to Available
1,53099ebd-355b-4840-85e3-650eff697ade,2026-09-25T01:46:01.293+00:00,2026-09-25T01:46:01.481+00:00,21072-30059,washers,50170084,72000000,2026-09-25 01:46:01,2026-09-24 15:48:03,29,35878.0,-34138.0,,Available,website maps this code to Available
1,53099ebd-355b-4840-85e3-650eff697ade,2026-09-25T01:46:01.293+00:00,2026-09-25T01:46:01.481+00:00,21072-30059,washers,50170068,72000000,2026-09-25 01:46:01,2026-09-25 01:16:03,29,1798.0,-58.0,,Available,website maps this code to Available
1,53099ebd-355b-4840-85e3-650eff697ade,2026-09-25T01:46:01.293+00:00,2026-09-25T01:46:01.481+00:00,21072-30059,washers,50170072,72000000,2026-09-25 01:46:01,2026-09-25 01:23:15,29,1366.0,374.0,,Available,website maps this code to Available
1,53099ebd-355b-4840-85e3-650eff697ade,2026-09-25T01:46:01.293+00:00,2026-09-25T01:46:01.481+00:00,21072-30059,washers,20483408,72000000,2026-09-25 01:46:01,2024-12-20 00:43:32,0,55645349.0,-55645349.0,,Available,website maps this code to Available
1,53099ebd-355b-4840-85e3-650eff697ade,2026-09-25T01:46:01.293+00:00,2026-09-25T01:46:01.481+00:00,21072-30059,washers,50170055,42000000,2026-09-25 01:46:01,2026-09-25 01:39:43,37,378.0,1842.0,31,Running,
1,53099ebd-355b-4840-85e3-650eff697ade,2026-09-25T01:46:01.293+00:00,2026-09-25T01:46:01.481+00:00,21072-30059,dryers,50170058,72000000,2026-09-25 01:46:01,2026-09-12 03:29:03,46,1117018.0,-1114258.0,,Available,website maps this code to Available
1,53099ebd-355b-4840-85e3-650eff697ade,2026-09-25T01:46:01.293+00:00,2026-09-25T01:46:01.481+00:00,21072-30059,dryers,50170061,72000000,2026-09-25 01:46:01,2026-09-24 20:07:24,46,20317.0,-17557.0,,Available,website maps this code to Available
1,53099ebd-355b-4840-85e3-650eff697ade,2026-09-25T01:46:01.293+00:00,2026-09-25T01:46:01.481+00:00,21072-30059,dryers,50170081,42000000,2026-09-25 01:46:01,2026-09-25 01:12:32,45,2009.0,691.0,12,Running,
1,53099ebd-355b-4840-85e3-650eff697ade,2026-09-25T01:46:01.293+00:00,2026-09-25T01:46:01.481+00:00,21072-30059,dryers,50170060,72000000,2026-09-25 01:46:01,2026-09-25 01:09:05,46,2216.0,544.0,,Available,website maps this code to Available
1,53099ebd-355b-4840-85e3-650eff697ade,2026-09-25T01:46:01.293+00:00,2026-09-25T01:46:01.481+00:00,21072-30059,dryers,50170087,72000000,2026-09-25 01:46:01,2026-09-25 01:09:36,46,2185.0,575.0,,Available,website maps this code to Available
1,53099ebd-355b-4840-85e3-650eff697ade,2026-09-25T01:46:01.293+00:00,2026-09-25T01:46:01.481+00:00,21072-30059,dryers,50170064,72000000,2026-09-25 01:46:01,2026-09-24 07:02:42,46,67399.0,-64639.0,,Available,website maps this code to Available
1,53099ebd-355b-4840-85e3-650eff697ade,2026-09-25T01:46:01.293+00:00,2026-09-25T01:46:01.481+00:00,21072-30059,dryers,50170065,72000000,2026-09-25 01:46:01,2026-09-25 00:46:05,46,3596.0,-836.0,,Available,website maps this code to Available
1,53099ebd-355b-4840-85e3-650eff697ade,2026-09-25T01:46:01.293+00:00,2026-09-25T01:46:01.481+00:00,21072-30059,dryers,50170059,72000000,2026-09-25 01:46:01,2026-09-24 15:47:57,46,35884.0,-33124.0,,Available,website maps this code to Available
1,53099ebd-355b-4840-85e3-650eff697ade,2026-09-25T01:46:01.293+00:00,2026-09-25T01:46:01.481+00:00,21072-30059,dryers,50170057,42000000,2026-09-25 01:46:01,2026-09-25 01:17:57,45,1684.0,1016.0,17,Running,
1,53099ebd-355b-4840-85e3-650eff697ade,2026-09-25T01:46:01.293+00:00,2026-09-25T01:46:01.481+00:00,21072-30059,dryers,50170062,42000000,2026-09-25 01:46:01,2026-09-25 01:18:42,45,1639.0,1061.0,18,Running,
1,53099ebd-355b-4840-85e3-650eff697ade,2026-09-25T01:46:01.293+00:00,2026-09-25T01:46:01.481+00:00,21072-30059,dryers,50170067,72000000,2026-09-25 01:46:01,2026-09-25 01:00:01,46,2760.0,0.0,,Available,website maps this code to Available
1,53099ebd-355b-4840-85e3-650eff697ade,2026-09-25T01:46:01.293+00:00,2026-09-25T01:46:01.481+00:00,21072-30059,dryers,50170074,72000000,2026-09-25 01:46:01,2026-09-25 01:00:09,46,2752.0,8.0,,Available,website maps this code to Available
1,53099ebd-355b-4840-85e3-650eff697ade,2026-09-25T01:46:01.293+00:00,2026-09-25T01:46:01.481+00:00,21072-30059,dryers,50170071,72000000,2026-09-25 01:46:01,2026-09-25 01:37:33,46,508.0,2252.0,,Available,website maps this code to Available
1,53099ebd-355b-4840-85e3-650eff697ade,2026-09-25T01:46:01.293+00:00,2026-09-25T01:46:01.481+00:00,21072-30059,dryers,50170054,72000000,2026-09-25 01:46:01,2026-09-25 01:43:28,46,153.0,2607.0,,Available,website maps this code to Available
1,82a28aa6-7326-4537-b7c3-97fe1d1d5613,2026-09-25T01:47:01.276+00:00,2026-09-25T01:47:01.480+00:00,21072-30059,washers,50170051,72000000,2026-09-25 01:47:01,2026-09-25 00:17:42,29,5359.0,-3619.0,,Available,website maps this code to Available
1,82a28aa6-7326-4537-b7c3-97fe1d1d5613,2026-09-25T01:47:01.276+00:00,2026-09-25T01:47:01.480+00:00,21072-30059,washers,50170080,72000000,2026-09-25 01:47:01,2026-09-25 00:20:13,29,5208.0,-3468.0,,Available,website maps this code to Available
1,82a28aa6-7326-4537-b7c3-97fe1d1d5613,2026-09-25T01:47:01.276+00:00,2026-09-25T01:47:01.480+00:00,21072-30059,washers,50170075,72000000,2026-09-25 01:47:01,2026-09-25 00:14:33,29,5548.0,-3808.0,,Available,website maps this code to Available
1,82a28aa6-7326-4537-b7c3-97fe1d1d5613,2026-09-25T01:47:01.276+00:00,2026-09-25T01:47:01.480+00:00,21072-30059,washers,50170082,72000000,2026-09-25 01:47:01,2026-09-24 07:02:33,29,67468.0,-65728.0,,Available,website maps this code to Available
1,82a28aa6-7326-4537-b7c3-97fe1d1d5613,2026-09-25T01:47:01.276+00:00,2026-09-25T01:47:01.480+00:00,21072-30059,washers,50170050,72000000,2026-09-25 01:47:01,2026-09-25 00:19:24,29,5257.0,-3517.0,,Available,website maps this code to Available
1,82a28aa6-7326-4537-b7c3-97fe1d1d5613,2026-09-25T01:47:01.276+00:00,2026-09-25T01:47:01.480+00:00,21072-30059,washers,50170052,72000000,2026-09-25 01:47:01,2026-09-25 00:11:14,29,5747.0,-4007.0,,Available,website maps this code to Available
1,82a28aa6-7326-4537-b7c3-97fe1d1d5613,2026-09-25T01:47:01.276+00:00,2026-09-25T01:47:01.480+00:00,21072-30059,washers,50170078,72000000,2026-09-25 01:47:01,2026-09-24 23:56:38,29,6623.0,-4883.0,,Available,website maps this code to Available
1,82a28aa6-7326-4537-b7c3-97fe1d1d5613,2026-09-25T01:47:01.276+00:00,2026-09-25T01:47:01.480+00:00,21072-30059,washers,50170084,72000000,2026-09-25 01:47:01,2026-09-24 15:48:03,29,35938.0,-34198.0,,Available,website maps this code to Available
1,82a28aa6-7326-4537-b7c3-97fe1d1d5613,2026-09-25T01:47:01.276+00:00,2026-09-25T01:47:01.480+00:00,21072-30059,washers,50170068,72000000,2026-09-25 01:47:01,2026-09-25 01:16:03,29,1858.0,-118.0,,Available,website maps this code to Available
1,82a28aa6-7326-4537-b7c3-97fe1d1d5613,2026-09-25T01:47:01.276+00:00,2026-09-25T01:47:01.480+00:00,21072-30059,washers,50170072,72000000,2026-09-25 01:47:01,2026-09-25 01:23:15,29,1426.0,314.0,,Available,website maps this code to Available
1,82a28aa6-7326-4537-b7c3-97fe1d1d5613,2026-09-25T01:47:01.276+00:00,2026-09-25T01:47:01.480+00:00,21072-30059,washers,20483408,72000000,2026-09-25 01:47:01,2024-12-20 00:43:32,0,55645409.0,-55645409.0,,Available,website maps this code to Available
1,82a28aa6-7326-4537-b7c3-97fe1d1d5613,2026-09-25T01:47:01.276+00:00,2026-09-25T01:47:01.480+00:00,21072-30059,washers,50170055,42000000,2026-09-25 01:47:01,2026-09-25 01:39:43,37,438.0,1782.0,30,Running,
1,82a28aa6-7326-4537-b7c3-97fe1d1d5613,2026-09-25T01:47:01.276+00:00,2026-09-25T01:47:01.480+00:00,21072-30059,dryers,50170058,72000000,2026-09-25 01:47:01,2026-09-12 03:29:03,46,1117078.0,-1114318.0,,Available,website maps this code to Available
1,82a28aa6-7326-4537-b7c3-97fe1d1d5613,2026-09-25T01:47:01.276+00:00,2026-09-25T01:47:01.480+00:00,21072-30059,dryers,50170061,72000000,2026-09-25 01:47:01,2026-09-24 20:07:24,46,20377.0,-17617.0,,Available,website maps this code to Available
1,82a28aa6-7326-4537-b7c3-97fe1d1d5613,2026-09-25T01:47:01.276+00:00,2026-09-25T01:47:01.480+00:00,21072-30059,dryers,50170081,42000000,2026-09-25 01:47:01,2026-09-25 01:12:32,45,2069.0,631.0,11,Running,
1,82a28aa6-7326-4537-b7c3-97fe1d1d5613,2026-09-25T01:47:01.276+00:00,2026-09-25T01:47:01.480+00:00,21072-30059,dryers,50170060,72000000,2026-09-25 01:47:01,2026-09-25 01:09:05,46,2276.0,484.0,,Available,website maps this code to Available
1,82a28aa6-7326-4537-b7c3-97fe1d1d5613,2026-09-25T01:47:01.276+00:00,2026-09-25T01:47:01.480+00:00,21072-30059,dryers,50170087,72000000,2026-09-25 01:47:01,2026-09-25 01:09:36,46,2245.0,515.0,,Available,website maps this code to Available
1,82a28aa6-7326-4537-b7c3-97fe1d1d5613,2026-09-25T01:47:01.276+00:00,2026-09-25T01:47:01.480+00:00,21072-30059,dryers,50170064,72000000,2026-09-25 01:47:01,2026-09-24 07:02:42,46,67459.0,-64699.0,,Available,website maps this code to Available
1,82a28aa6-7326-4537-b7c3-97fe1d1d5613,2026-09-25T01:47:01.276+00:00,2026-09-25T01:47:01.480+00:00,21072-30059,dryers,50170065,72000000,2026-09-25 01:47:01,2026-09-25 00:46:05,46,3656.0,-896.0,,Available,website maps this code to Available
1,82a28aa6-7326-4537-b7c3-97fe1d1d5613,2026-09-25T01:47:01.276+00:00,2026-09-25T01:47:01.480+00:00,21072-30059,dryers,50170059,72000000,2026-09-25 01:47:01,2026-09-24 15:47:57,46,35944.0,-33184.0,,Available,website maps this code to Available
1,82a28aa6-7326-4537-b7c3-97fe1d1d5613,2026-09-25T01:47:01.276+00:00,2026-09-25T01:47:01.480+00:00,21072-30059,dryers,50170057,42000000,2026-09-25 01:47:01,2026-09-25 01:17:57,45,1744.0,956.0,16,Running,
1,82a28aa6-7326-4537-b7c3-97fe1d1d5613,2026-09-25T01:47:01.276+00:00,2026-09-25T01:47:01.480+00:00,21072-30059,dryers,50170062,42000000,2026-09-25 01:47:01,2026-09-25 01:18:42,45,1699.0,1001.0,17,Running,
1,82a28aa6-7326-4537-b7c3-97fe1d1d5613,2026-09-25T01:47:01.276+00:00,2026-09-25T01:47:01.480+00:00,21072-30059,dryers,50170067,72000000,2026-09-25 01:47:01,2026-09-25 01:00:01,46,2820.0,-60.0,,Available,website maps this code to Available
1,82a28aa6-7326-4537-b7c3-97fe1d1d5613,2026-09-25T01:47:01.276+00:00,2026-09-25T01:47:01.480+00:00,21072-30059,dryers,50170074,72000000,2026-09-25 01:47:01,2026-09-25 01:00:09,46,2812.0,-52.0,,Available,website maps this code to Available
1,82a28aa6-7326-4537-b7c3-97fe1d1d5613,2026-09-25T01:47:01.276+00:00,2026-09-25T01:47:01.480+00:00,21072-30059,dryers,50170071,72000000,2026-09-25 01:47:01,2026-09-25 01:37:33,46,568.0,2192.0,,Available,website maps this code to Available
1,82a28aa6-7326-4537-b7c3-97fe1d1d5613,2026-09-25T01:47:01.276+00:00,2026-09-25T01:47:01.480+00:00,21072-30059,dryers,50170054,72000000,2026-09-25 01:47:01,2026-09-25 01:43:28,46,213.0,2547.0,,Available,website maps this code to Available
1,6aa5d175-495e-43f4-914e-dd4aad3188aa,2026-09-25T01:48:01.284+00:00,2026-09-25T01:48:01.515+00:00,21072-30059,washers,50170051,72000000,2026-09-25 01:48:01,2026-09-25 00:17:42,29,5419.0,-3679.0,,Available,website maps this code to Available
1,6aa5d175-495e-43f4-914e-dd4aad3188aa,2026-09-25T01:48:01.284+00:00,2026-09-25T01:48:01.515+00:00,21072-30059,washers,50170080,72000000,2026-09-25 01:48:01,2026-09-25 00:20:13,29,5268.0,-3528.0,,Available,website maps this code to Available
1,6aa5d175-495e-43f4-914e-dd4aad3188aa,2026-09-25T01:48:01.284+00:00,2026-09-25T01:48:01.515+00:00,21072-30059,washers,50170075,72000000,2026-09-25 01:48:01,2026-09-25 00:14:33,29,5608.0,-3868.0,,Available,website maps this code to Available
1,6aa5d175-495e-43f4-914e-dd4aad3188aa,2026-09-25T01:48:01.284+00:00,2026-09-25T01:48:01.515+00:00,21072-30059,washers,50170082,72000000,2026-09-25 01:48:01,2026-09-24 07:02:33,29,67528.0,-65788.0,,Available,website maps this code to Available
1,6aa5d175-495e-43f4-914e-dd4aad3188aa,2026-09-25T01:48:01.284+00:00,2026-09-25T01:48:01.515+00:00,21072-30059,washers,50170050,72000000,2026-09-25 01:48:01,2026-09-25 00:19:24,29,5317.0,-3577.0,,Available,website maps this code to Available
1,6aa5d175-495e-43f4-914e-dd4aad3188aa,2026-09-25T01:48:01.284+00:00,2026-09-25T01:48:01.515+00:00,21072-30059,washers,50170052,72000000,2026-09-25 01:48:01,2026-09-25 00:11:14,29,5807.0,-4067.0,,Available,website maps this code to Available
1,6aa5d175-495e-43f4-914e-dd4aad3188aa,2026-09-25T01:48:01.284+00:00,2026-09-25T01:48:01.515+00:00,21072-30059,washers,50170078,72000000,2026-09-25 01:48:01,2026-09-24 23:56:38,29,6683.0,-4943.0,,Available,website maps this code to Available
1,6aa5d175-495e-43f4-914e-dd4aad3188aa,2026-09-25T01:48:01.284+00:00,2026-09-25T01:48:01.515+00:00,21072-30059,washers,50170084,72000000,2026-09-25 01:48:01,2026-09-24 15:48:03,29,35998.0,-34258.0,,Available,website maps this code to Available
1,6aa5d175-495e-43f4-914e-dd4aad3188aa,2026-09-25T01:48:01.284+00:00,2026-09-25T01:48:01.515+00:00,21072-30059,washers,50170068,72000000,2026-09-25 01:48:01,2026-09-25 01:16:03,29,1918.0,-178.0,,Available,website maps this code to Available
1,6aa5d175-495e-43f4-914e-dd4aad3188aa,2026-09-25T01:48:01.284+00:00,2026-09-25T01:48:01.515+00:00,21072-30059,washers,50170072,72000000,2026-09-25 01:48:01,2026-09-25 01:23:15,29,1486.0,254.0,,Available,website maps this code to Available
1,6aa5d175-495e-43f4-914e-dd4aad3188aa,2026-09-25T01:48:01.284+00:00,2026-09-25T01:48:01.515+00:00,21072-30059,washers,20483408,72000000,2026-09-25 01:48:01,2024-12-20 00:43:32,0,55645469.0,-55645469.0,,Available,website maps this code to Available
1,6aa5d175-495e-43f4-914e-dd4aad3188aa,2026-09-25T01:48:01.284+00:00,2026-09-25T01:48:01.515+00:00,21072-30059,washers,50170055,42000000,2026-09-25 01:48:01,2026-09-25 01:39:43,37,498.0,1722.0,29,Running,
1,6aa5d175-495e-43f4-914e-dd4aad3188aa,2026-09-25T01:48:01.284+00:00,2026-09-25T01:48:01.515+00:00,21072-30059,dryers,50170058,72000000,2026-09-25 01:48:01,2026-09-12 03:29:03,46,1117138.0,-1114378.0,,Available,website maps this code to Available
1,6aa5d175-495e-43f4-914e-dd4aad3188aa,2026-09-25T01:48:01.284+00:00,2026-09-25T01:48:01.515+00:00,21072-30059,dryers,50170061,72000000,2026-09-25 01:48:01,2026-09-24 20:07:24,46,20437.0,-17677.0,,Available,website maps this code to Available
1,6aa5d175-495e-43f4-914e-dd4aad3188aa,2026-09-25T01:48:01.284+00:00,2026-09-25T01:48:01.515+00:00,21072-30059,dryers,50170081,42000000,2026-09-25 01:48:01,2026-09-25 01:47:02,10,59.0,541.0,10,Running,
1,6aa5d175-495e-43f4-914e-dd4aad3188aa,2026-09-25T01:48:01.284+00:00,2026-09-25T01:48:01.515+00:00,21072-30059,dryers,50170060,72000000,2026-09-25 01:48:01,2026-09-25 01:09:05,46,2336.0,424.0,,Available,website maps this code to Available
1,6aa5d175-495e-43f4-914e-dd4aad3188aa,2026-09-25T01:48:01.284+00:00,2026-09-25T01:48:01.515+00:00,21072-30059,dryers,50170087,72000000,2026-09-25 01:48:01,2026-09-25 01:09:36,46,2305.0,455.0,,Available,website maps this code to Available
1,6aa5d175-495e-43f4-914e-dd4aad3188aa,2026-09-25T01:48:01.284+00:00,2026-09-25T01:48:01.515+00:00,21072-30059,dryers,50170064,72000000,2026-09-25 01:48:01,2026-09-24 07:02:42,46,67519.0,-64759.0,,Available,website maps this code to Available
1,6aa5d175-495e-43f4-914e-dd4aad3188aa,2026-09-25T01:48:01.284+00:00,2026-09-25T01:48:01.515+00:00,21072-30059,dryers,50170065,72000000,2026-09-25 01:48:01,2026-09-25 00:46:05,46,3716.0,-956.0,,Available,website maps this code to Available
1,6aa5d175-495e-43f4-914e-dd4aad3188aa,2026-09-25T01:48:01.284+00:00,2026-09-25T01:48:01.515+00:00,21072-30059,dryers,50170059,72000000,2026-09-25 01:48:01,2026-09-24 15:47:57,46,36004.0,-33244.0,,Available,website maps this code to Available
1,6aa5d175-495e-43f4-914e-dd4aad3188aa,2026-09-25T01:48:01.284+00:00,2026-09-25T01:48:01.515+00:00,21072-30059,dryers,50170057,42000000,2026-09-25 01:48:01,2026-09-25 01:17:57,45,1804.0,896.0,15,Running,
1,6aa5d175-495e-43f4-914e-dd4aad3188aa,2026-09-25T01:48:01.284+00:00,2026-09-25T01:48:01.515+00:00,21072-30059,dryers,50170062,42000000,2026-09-25 01:48:01,2026-09-25 01:18:42,45,1759.0,941.0,16,Running,
1,6aa5d175-495e-43f4-914e-dd4aad3188aa,2026-09-25T01:48:01.284+00:00,2026-09-25T01:48:01.515+00:00,21072-30059,dryers,50170067,72000000,2026-09-25 01:48:01,2026-09-25 01:00:01,46,2880.0,-120.0,,Available,website maps this code to Available
1,6aa5d175-495e-43f4-914e-dd4aad3188aa,2026-09-25T01:48:01.284+00:00,2026-09-25T01:48:01.515+00:00,21072-30059,dryers,50170074,72000000,2026-09-25 01:48:01,2026-09-25 01:00:09,46,2872.0,-112.0,,Available,website maps this code to Available
1,6aa5d175-495e-43f4-914e-dd4aad3188aa,2026-09-25T01:48:01.284+00:00,2026-09-25T01:48:01.515+00:00,21072-30059,dryers,50170071,72000000,2026-09-25 01:48:01,2026-09-25 01:37:33,46,628.0,2132.0,,Available,website maps this code to Available
1,6aa5d175-495e-43f4-914e-dd4aad3188aa,2026-09-25T01:48:01.284+00:00,2026-09-25T01:48:01.515+00:00,21072-30059,dryers,50170054,72000000,2026-09-25 01:48:01,2026-09-25 01:43:28,46,273.0,2487.0,,Available,website maps this code to Available
1,ab040bdc-c9fc-4a6f-bd77-c9e0f8d01174,2026-09-25T01:49:01.355+00:00,2026-09-25T01:49:01.554+00:00,21072-30059,washers,50170051,72000000,2026-09-25 01:49:01,2026-09-25 00:17:42,29,5479.0,-3739.0,,Available,website maps this code to Available
1,ab040bdc-c9fc-4a6f-bd77-c9e0f8d01174,2026-09-25T01:49:01.355+00:00,2026-09-25T01:49:01.554+00:00,21072-30059,washers,50170080,72000000,2026-09-25 01:49:01,2026-09-25 00:20:13,29,5328.0,-3588.0,,Available,website maps this code to Available
1,ab040bdc-c9fc-4a6f-bd77-c9e0f8d01174,2026-09-25T01:49:01.355+00:00,2026-09-25T01:49:01.554+00:00,21072-30059,washers,50170075,72000000,2026-09-25 01:49:01,2026-09-25 00:14:33,29,5668.0,-3928.0,,Available,website maps this code to Available
1,ab040bdc-c9fc-4a6f-bd77-c9e0f8d01174,2026-09-25T01:49:01.355+00:00,2026-09-25T01:49:01.554+00:00,21072-30059,washers,50170082,72000000,2026-09-25 01:49:01,2026-09-24 07:02:33,29,67588.0,-65848.0,,Available,website maps this code to Available
1,ab040bdc-c9fc-4a6f-bd77-c9e0f8d01174,2026-09-25T01:49:01.355+00:00,2026-09-25T01:49:01.554+00:00,21072-30059,washers,50170050,72000000,2026-09-25 01:49:01,2026-09-25 00:19:24,29,5377.0,-3637.0,,Available,website maps this code to Available
1,ab040bdc-c9fc-4a6f-bd77-c9e0f8d01174,2026-09-25T01:49:01.355+00:00,2026-09-25T01:49:01.554+00:00,21072-30059,washers,50170052,72000000,2026-09-25 01:49:01,2026-09-25 00:11:14,29,5867.0,-4127.0,,Available,website maps this code to Available
1,ab040bdc-c9fc-4a6f-bd77-c9e0f8d01174,2026-09-25T01:49:01.355+00:00,2026-09-25T01:49:01.554+00:00,21072-30059,washers,50170078,72000000,2026-09-25 01:49:01,2026-09-24 23:56:38,29,6743.0,-5003.0,,Available,website maps this code to Available
1,ab040bdc-c9fc-4a6f-bd77-c9e0f8d01174,2026-09-25T01:49:01.355+00:00,2026-09-25T01:49:01.554+00:00,21072-30059,washers,50170084,72000000,2026-09-25 01:49:01,2026-09-24 15:48:03,29,36058.0,-34318.0,,Available,website maps this code to Available
1,ab040bdc-c9fc-4a6f-bd77-c9e0f8d01174,2026-09-25T01:49:01.355+00:00,2026-09-25T01:49:01.554+00:00,21072-30059,washers,50170068,72000000,2026-09-25 01:49:01,2026-09-25 01:16:03,29,1978.0,-238.0,,Available,website maps this code to Available
1,ab040bdc-c9fc-4a6f-bd77-c9e0f8d01174,2026-09-25T01:49:01.355+00:00,2026-09-25T01:49:01.554+00:00,21072-30059,washers,50170072,72000000,2026-09-25 01:49:01,2026-09-25 01:23:15,29,1546.0,194.0,,Available,website maps this code to Available
1,ab040bdc-c9fc-4a6f-bd77-c9e0f8d01174,2026-09-25T01:49:01.355+00:00,2026-09-25T01:49:01.554+00:00,21072-30059,washers,20483408,72000000,2026-09-25 01:49:01,2024-12-20 00:43:32,0,55645529.0,-55645529.0,,Available,website maps this code to Available
1,ab040bdc-c9fc-4a6f-bd77-c9e0f8d01174,2026-09-25T01:49:01.355+00:00,2026-09-25T01:49:01.554+00:00,21072-30059,washers,50170055,42000000,2026-09-25 01:49:01,2026-09-25 01:39:43,37,558.0,1662.0,28,Running,
1,ab040bdc-c9fc-4a6f-bd77-c9e0f8d01174,2026-09-25T01:49:01.355+00:00,2026-09-25T01:49:01.554+00:00,21072-30059,dryers,50170058,72000000,2026-09-25 01:49:01,2026-09-12 03:29:03,46,1117198.0,-1114438.0,,Available,website maps this code to Available
1,ab040bdc-c9fc-4a6f-bd77-c9e0f8d01174,2026-09-25T01:49:01.355+00:00,2026-09-25T01:49:01.554+00:00,21072-30059,dryers,50170061,72000000,2026-09-25 01:49:01,2026-09-24 20:07:24,46,20497.0,-17737.0,,Available,website maps this code to Available
1,ab040bdc-c9fc-4a6f-bd77-c9e0f8d01174,2026-09-25T01:49:01.355+00:00,2026-09-25T01:49:01.554+00:00,21072-30059,dryers,50170081,42000000,2026-09-25 01:49:01,2026-09-25 01:47:02,10,119.0,481.0,9,Running,
1,ab040bdc-c9fc-4a6f-bd77-c9e0f8d01174,2026-09-25T01:49:01.355+00:00,2026-09-25T01:49:01.554+00:00,21072-30059,dryers,50170060,72000000,2026-09-25 01:49:01,2026-09-25 01:09:05,46,2396.0,364.0,,Available,website maps this code to Available
1,ab040bdc-c9fc-4a6f-bd77-c9e0f8d01174,2026-09-25T01:49:01.355+00:00,2026-09-25T01:49:01.554+00:00,21072-30059,dryers,50170087,72000000,2026-09-25 01:49:01,2026-09-25 01:09:36,46,2365.0,395.0,,Available,website maps this code to Available
1,ab040bdc-c9fc-4a6f-bd77-c9e0f8d01174,2026-09-25T01:49:01.355+00:00,2026-09-25T01:49:01.554+00:00,21072-30059,dryers,50170064,72000000,2026-09-25 01:49:01,2026-09-24 07:02:42,46,67579.0,-64819.0,,Available,website maps this code to Available
1,ab040bdc-c9fc-4a6f-bd77-c9e0f8d01174,2026-09-25T01:49:01.355+00:00,2026-09-25T01:49:01.554+00:00,21072-30059,dryers,50170065,72000000,2026-09-25 01:49:01,2026-09-25 00:46:05,46,3776.0,-1016.0,,Available,website maps this code to Available
1,ab040bdc-c9fc-4a6f-bd77-c9e0f8d01174,2026-09-25T01:49:01.355+00:00,2026-09-25T01:49:01.554+00:00,21072-30059,dryers,50170059,72000000,2026-09-25 01:49:01,2026-09-24 15:47:57,46,36064.0,-33304.0,,Available,website maps this code to Available
1,ab040bdc-c9fc-4a6f-bd77-c9e0f8d01174,2026-09-25T01:49:01.355+00:00,2026-09-25T01:49:01.554+00:00,21072-30059,dryers,50170057,42000000,2026-09-25 01:49:01,2026-09-25 01:17:57,45,1864.0,836.0,14,Running,
1,ab040bdc-c9fc-4a6f-bd77-c9e0f8d01174,2026-09-25T01:49:01.355+00:00,2026-09-25T01:49:01.554+00:00,21072-30059,dryers,50170062,42000000,2026-09-25 01:49:01,2026-09-25 01:18:42,45,1819.0,881.0,15,Running,
1,ab040bdc-c9fc-4a6f-bd77-c9e0f8d01174,2026-09-25T01:49:01.355+00:00,2026-09-25T01:49:01.554+00:00,21072-30059,dryers,50170067,72000000,2026-09-25 01:49:01,2026-09-25 01:00:01,46,2940.0,-180.0,,Available,website maps this code to Available
1,ab040bdc-c9fc-4a6f-bd77-c9e0f8d01174,2026-09-25T01:49:01.355+00:00,2026-09-25T01:49:01.554+00:00,21072-30059,dryers,50170074,72000000,2026-09-25 01:49:01,2026-09-25 01:00:09,46,2932.0,-172.0,,Available,website maps this code to Available
1,ab040bdc-c9fc-4a6f-bd77-c9e0f8d01174,2026-09-25T01:49:01.355+00:00,2026-09-25T01:49:01.554+00:00,21072-30059,dryers,50170071,72000000,2026-09-25 01:49:01,2026-09-25 01:37:33,46,688.0,2072.0,,Available,website maps this code to Available
1,ab040bdc-c9fc-4a6f-bd77-c9e0f8d01174,2026-09-25T01:49:01.355+00:00,2026-09-25T01:49:01.554+00:00,21072-30059,dryers,50170054,72000000,2026-09-25 01:49:01,2026-09-25 01:43:28,46,333.0,2427.0,,Available,website maps this code to Available
1,c1386c1e-9f3d-4ede-899b-839dff216ad0,2026-09-25T01:50:01.315+00:00,2026-09-25T01:50:01.496+00:00,21072-30059,washers,50170051,72000000,2026-09-25 01:50:01,2026-09-25 00:17:42,29,5539.0,-3799.0,,Available,website maps this code to Available
1,c1386c1e-9f3d-4ede-899b-839dff216ad0,2026-09-25T01:50:01.315+00:00,2026-09-25T01:50:01.496+00:00,21072-30059,washers,50170080,72000000,2026-09-25 01:50:01,2026-09-25 00:20:13,29,5388.0,-3648.0,,Available,website maps this code to Available
1,c1386c1e-9f3d-4ede-899b-839dff216ad0,2026-09-25T01:50:01.315+00:00,2026-09-25T01:50:01.496+00:00,21072-30059,washers,50170075,72000000,2026-09-25 01:50:01,2026-09-25 00:14:33,29,5728.0,-3988.0,,Available,website maps this code to Available
1,c1386c1e-9f3d-4ede-899b-839dff216ad0,2026-09-25T01:50:01.315+00:00,2026-09-25T01:50:01.496+00:00,21072-30059,washers,50170082,72000000,2026-09-25 01:50:01,2026-09-24 07:02:33,29,67648.0,-65908.0,,Available,website maps this code to Available
1,c1386c1e-9f3d-4ede-899b-839dff216ad0,2026-09-25T01:50:01.315+00:00,2026-09-25T01:50:01.496+00:00,21072-30059,washers,50170050,72000000,2026-09-25 01:50:01,2026-09-25 00:19:24,29,5437.0,-3697.0,,Available,website maps this code to Available
1,c1386c1e-9f3d-4ede-899b-839dff216ad0,2026-09-25T01:50:01.315+00:00,2026-09-25T01:50:01.496+00:00,21072-30059,washers,50170052,72000000,2026-09-25 01:50:01,2026-09-25 00:11:14,29,5927.0,-4187.0,,Available,website maps this code to Available
1,c1386c1e-9f3d-4ede-899b-839dff216ad0,2026-09-25T01:50:01.315+00:00,2026-09-25T01:50:01.496+00:00,21072-30059,washers,50170078,72000000,2026-09-25 01:50:01,2026-09-24 23:56:38,29,6803.0,-5063.0,,Available,website maps this code to Available
1,c1386c1e-9f3d-4ede-899b-839dff216ad0,2026-09-25T01:50:01.315+00:00,2026-09-25T01:50:01.496+00:00,21072-30059,washers,50170084,72000000,2026-09-25 01:50:01,2026-09-24 15:48:03,29,36118.0,-34378.0,,Available,website maps this code to Available
1,c1386c1e-9f3d-4ede-899b-839dff216ad0,2026-09-25T01:50:01.315+00:00,2026-09-25T01:50:01.496+00:00,21072-30059,washers,50170068,72000000,2026-09-25 01:50:01,2026-09-25 01:16:03,29,2038.0,-298.0,,Available,website maps this code to Available
1,c1386c1e-9f3d-4ede-899b-839dff216ad0,2026-09-25T01:50:01.315+00:00,2026-09-25T01:50:01.496+00:00,21072-30059,washers,50170072,72000000,2026-09-25 01:50:01,2026-09-25 01:23:15,29,1606.0,134.0,,Available,website maps this code to Available
1,c1386c1e-9f3d-4ede-899b-839dff216ad0,2026-09-25T01:50:01.315+00:00,2026-09-25T01:50:01.496+00:00,21072-30059,washers,20483408,72000000,2026-09-25 01:50:01,2024-12-20 00:43:32,0,55645589.0,-55645589.0,,Available,website maps this code to Available
1,c1386c1e-9f3d-4ede-899b-839dff216ad0,2026-09-25T01:50:01.315+00:00,2026-09-25T01:50:01.496+00:00,21072-30059,washers,50170055,42000000,2026-09-25 01:50:01,2026-09-25 01:39:43,37,618.0,1602.0,27,Running,
1,c1386c1e-9f3d-4ede-899b-839dff216ad0,2026-09-25T01:50:01.315+00:00,2026-09-25T01:50:01.496+00:00,21072-30059,dryers,50170058,72000000,2026-09-25 01:50:01,2026-09-12 03:29:03,46,1117258.0,-1114498.0,,Available,website maps this code to Available
1,c1386c1e-9f3d-4ede-899b-839dff216ad0,2026-09-25T01:50:01.315+00:00,2026-09-25T01:50:01.496+00:00,21072-30059,dryers,50170061,72000000,2026-09-25 01:50:01,2026-09-24 20:07:24,46,20557.0,-17797.0,,Available,website maps this code to Available
1,c1386c1e-9f3d-4ede-899b-839dff216ad0,2026-09-25T01:50:01.315+00:00,2026-09-25T01:50:01.496+00:00,21072-30059,dryers,50170081,42000000,2026-09-25 01:50:01,2026-09-25 01:47:02,10,179.0,421.0,8,Running,
1,c1386c1e-9f3d-4ede-899b-839dff216ad0,2026-09-25T01:50:01.315+00:00,2026-09-25T01:50:01.496+00:00,21072-30059,dryers,50170060,72000000,2026-09-25 01:50:01,2026-09-25 01:09:05,46,2456.0,304.0,,Available,website maps this code to Available
1,c1386c1e-9f3d-4ede-899b-839dff216ad0,2026-09-25T01:50:01.315+00:00,2026-09-25T01:50:01.496+00:00,21072-30059,dryers,50170087,72000000,2026-09-25 01:50:01,2026-09-25 01:09:36,46,2425.0,335.0,,Available,website maps this code to Available
1,c1386c1e-9f3d-4ede-899b-839dff216ad0,2026-09-25T01:50:01.315+00:00,2026-09-25T01:50:01.496+00:00,21072-30059,dryers,50170064,72000000,2026-09-25 01:50:01,2026-09-24 07:02:42,46,67639.0,-64879.0,,Available,website maps this code to Available
1,c1386c1e-9f3d-4ede-899b-839dff216ad0,2026-09-25T01:50:01.315+00:00,2026-09-25T01:50:01.496+00:00,21072-30059,dryers,50170065,72000000,2026-09-25 01:50:01,2026-09-25 00:46:05,46,3836.0,-1076.0,,Available,website maps this code to Available
1,c1386c1e-9f3d-4ede-899b-839dff216ad0,2026-09-25T01:50:01.315+00:00,2026-09-25T01:50:01.496+00:00,21072-30059,dryers,50170059,72000000,2026-09-25 01:50:01,2026-09-24 15:47:57,46,36124.0,-33364.0,,Available,website maps this code to Available
1,c1386c1e-9f3d-4ede-899b-839dff216ad0,2026-09-25T01:50:01.315+00:00,2026-09-25T01:50:01.496+00:00,21072-30059,dryers,50170057,42000000,2026-09-25 01:50:01,2026-09-25 01:17:57,45,1924.0,776.0,13,Running,
1,c1386c1e-9f3d-4ede-899b-839dff216ad0,2026-09-25T01:50:01.315+00:00,2026-09-25T01:50:01.496+00:00,21072-30059,dryers,50170062,42000000,2026-09-25 01:50:01,2026-09-25 01:18:42,45,1879.0,821.0,14,Running,
1,c1386c1e-9f3d-4ede-899b-839dff216ad0,2026-09-25T01:50:01.315+00:00,2026-09-25T01:50:01.496+00:00,21072-30059,dryers,50170067,72000000,2026-09-25 01:50:01,2026-09-25 01:00:01,46,3000.0,-240.0,,Available,website maps this code to Available
1,c1386c1e-9f3d-4ede-899b-839dff216ad0,2026-09-25T01:50:01.315+00:00,2026-09-25T01:50:01.496+00:00,21072-30059,dryers,50170074,72000000,2026-09-25 01:50:01,2026-09-25 01:00:09,46,2992.0,-232.0,,Available,website maps this code to Available
1,c1386c1e-9f3d-4ede-899b-839dff216ad0,2026-09-25T01:50:01.315+00:00,2026-09-25T01:50:01.496+00:00,21072-30059,dryers,50170071,72000000,2026-09-25 01:50:01,2026-09-25 01:37:33,46,748.0,2012.0,,Available,website maps this code to Available
1,c1386c1e-9f3d-4ede-899b-839dff216ad0,2026-09-25T01:50:01.315+00:00,2026-09-25T01:50:01.496+00:00,21072-30059,dryers,50170054,42000000,2026-09-25 01:50:01,2026-09-25 01:49:35,45,26.0,2674.0,45,Running,
1,9300ac96-ea44-4c40-8807-4139ee3d2704,2026-09-25T01:51:01.289+00:00,2026-09-25T01:51:01.516+00:00,21072-30059,washers,50170051,72000000,2026-09-25 01:51:01,2026-09-25 00:17:42,29,5599.0,-3859.0,,Available,website maps this code to Available
1,9300ac96-ea44-4c40-8807-4139ee3d2704,2026-09-25T01:51:01.289+00:00,2026-09-25T01:51:01.516+00:00,21072-30059,washers,50170080,72000000,2026-09-25 01:51:01,2026-09-25 00:20:13,29,5448.0,-3708.0,,Available,website maps this code to Available
1,9300ac96-ea44-4c40-8807-4139ee3d2704,2026-09-25T01:51:01.289+00:00,2026-09-25T01:51:01.516+00:00,21072-30059,washers,50170075,72000000,2026-09-25 01:51:01,2026-09-25 00:14:33,29,5788.0,-4048.0,,Available,website maps this code to Available
1,9300ac96-ea44-4c40-8807-4139ee3d2704,2026-09-25T01:51:01.289+00:00,2026-09-25T01:51:01.516+00:00,21072-30059,washers,50170082,72000000,2026-09-25 01:51:01,2026-09-24 07:02:33,29,67708.0,-65968.0,,Available,website maps this code to Available
1,9300ac96-ea44-4c40-8807-4139ee3d2704,2026-09-25T01:51:01.289+00:00,2026-09-25T01:51:01.516+00:00,21072-30059,washers,50170050,72000000,2026-09-25 01:51:01,2026-09-25 00:19:24,29,5497.0,-3757.0,,Available,website maps this code to Available
1,9300ac96-ea44-4c40-8807-4139ee3d2704,2026-09-25T01:51:01.289+00:00,2026-09-25T01:51:01.516+00:00,21072-30059,washers,50170052,72000000,2026-09-25 01:51:01,2026-09-25 00:11:14,29,5987.0,-4247.0,,Available,website maps this code to Available
1,9300ac96-ea44-4c40-8807-4139ee3d2704,2026-09-25T01:51:01.289+00:00,2026-09-25T01:51:01.516+00:00,21072-30059,washers,50170078,72000000,2026-09-25 01:51:01,2026-09-24 23:56:38,29,6863.0,-5123.0,,Available,website maps this code to Available
1,9300ac96-ea44-4c40-8807-4139ee3d2704,2026-09-25T01:51:01.289+00:00,2026-09-25T01:51:01.516+00:00,21072-30059,washers,50170084,72000000,2026-09-25 01:51:01,2026-09-24 15:48:03,29,36178.0,-34438.0,,Available,website maps this code to Available
1,9300ac96-ea44-4c40-8807-4139ee3d2704,2026-09-25T01:51:01.289+00:00,2026-09-25T01:51:01.516+00:00,21072-30059,washers,50170068,72000000,2026-09-25 01:51:01,2026-09-25 01:16:03,29,2098.0,-358.0,,Available,website maps this code to Available
1,9300ac96-ea44-4c40-8807-4139ee3d2704,2026-09-25T01:51:01.289+00:00,2026-09-25T01:51:01.516+00:00,21072-30059,washers,50170072,72000000,2026-09-25 01:51:01,2026-09-25 01:23:15,29,1666.0,74.0,,Available,website maps this code to Available
1,9300ac96-ea44-4c40-8807-4139ee3d2704,2026-09-25T01:51:01.289+00:00,2026-09-25T01:51:01.516+00:00,21072-30059,washers,20483408,72000000,2026-09-25 01:51:01,2024-12-20 00:43:32,0,55645649.0,-55645649.0,,Available,website maps this code to Available
1,9300ac96-ea44-4c40-8807-4139ee3d2704,2026-09-25T01:51:01.289+00:00,2026-09-25T01:51:01.516+00:00,21072-30059,washers,50170055,42000000,2026-09-25 01:51:01,2026-09-25 01:39:43,37,678.0,1542.0,26,Running,
1,9300ac96-ea44-4c40-8807-4139ee3d2704,2026-09-25T01:51:01.289+00:00,2026-09-25T01:51:01.516+00:00,21072-30059,dryers,50170058,72000000,2026-09-25 01:51:01,2026-09-12 03:29:03,46,1117318.0,-1114558.0,,Available,website maps this code to Available
1,9300ac96-ea44-4c40-8807-4139ee3d2704,2026-09-25T01:51:01.289+00:00,2026-09-25T01:51:01.516+00:00,21072-30059,dryers,50170061,72000000,2026-09-25 01:51:01,2026-09-24 20:07:24,46,20617.0,-17857.0,,Available,website maps this code to Available
1,9300ac96-ea44-4c40-8807-4139ee3d2704,2026-09-25T01:51:01.289+00:00,2026-09-25T01:51:01.516+00:00,21072-30059,dryers,50170081,42000000,2026-09-25 01:51:01,2026-09-25 01:47:02,10,239.0,361.0,7,Running,
1,9300ac96-ea44-4c40-8807-4139ee3d2704,2026-09-25T01:51:01.289+00:00,2026-09-25T01:51:01.516+00:00,21072-30059,dryers,50170060,72000000,2026-09-25 01:51:01,2026-09-25 01:09:05,46,2516.0,244.0,,Available,website maps this code to Available
1,9300ac96-ea44-4c40-8807-4139ee3d2704,2026-09-25T01:51:01.289+00:00,2026-09-25T01:51:01.516+00:00,21072-30059,dryers,50170087,72000000,2026-09-25 01:51:01,2026-09-25 01:09:36,46,2485.0,275.0,,Available,website maps this code to Available
1,9300ac96-ea44-4c40-8807-4139ee3d2704,2026-09-25T01:51:01.289+00:00,2026-09-25T01:51:01.516+00:00,21072-30059,dryers,50170064,72000000,2026-09-25 01:51:01,2026-09-24 07:02:42,46,67699.0,-64939.0,,Available,website maps this code to Available
1,9300ac96-ea44-4c40-8807-4139ee3d2704,2026-09-25T01:51:01.289+00:00,2026-09-25T01:51:01.516+00:00,21072-30059,dryers,50170065,72000000,2026-09-25 01:51:01,2026-09-25 00:46:05,46,3896.0,-1136.0,,Available,website maps this code to Available
1,9300ac96-ea44-4c40-8807-4139ee3d2704,2026-09-25T01:51:01.289+00:00,2026-09-25T01:51:01.516+00:00,21072-30059,dryers,50170059,72000000,2026-09-25 01:51:01,2026-09-24 15:47:57,46,36184.0,-33424.0,,Available,website maps this code to Available
1,9300ac96-ea44-4c40-8807-4139ee3d2704,2026-09-25T01:51:01.289+00:00,2026-09-25T01:51:01.516+00:00,21072-30059,dryers,50170057,42000000,2026-09-25 01:51:01,2026-09-25 01:17:57,45,1984.0,716.0,12,Running,
1,9300ac96-ea44-4c40-8807-4139ee3d2704,2026-09-25T01:51:01.289+00:00,2026-09-25T01:51:01.516+00:00,21072-30059,dryers,50170062,42000000,2026-09-25 01:51:01,2026-09-25 01:18:42,45,1939.0,761.0,13,Running,
1,9300ac96-ea44-4c40-8807-4139ee3d2704,2026-09-25T01:51:01.289+00:00,2026-09-25T01:51:01.516+00:00,21072-30059,dryers,50170067,72000000,2026-09-25 01:51:01,2026-09-25 01:00:01,46,3060.0,-300.0,,Available,website maps this code to Available
1,9300ac96-ea44-4c40-8807-4139ee3d2704,2026-09-25T01:51:01.289+00:00,2026-09-25T01:51:01.516+00:00,21072-30059,dryers,50170074,72000000,2026-09-25 01:51:01,2026-09-25 01:00:09,46,3052.0,-292.0,,Available,website maps this code to Available
1,9300ac96-ea44-4c40-8807-4139ee3d2704,2026-09-25T01:51:01.289+00:00,2026-09-25T01:51:01.516+00:00,21072-30059,dryers,50170071,72000000,2026-09-25 01:51:01,2026-09-25 01:37:33,46,808.0,1952.0,,Available,website maps this code to Available
1,9300ac96-ea44-4c40-8807-4139ee3d2704,2026-09-25T01:51:01.289+00:00,2026-09-25T01:51:01.516+00:00,21072-30059,dryers,50170054,42000000,2026-09-25 01:51:01,2026-09-25 01:49:35,45,86.0,2614.0,44,Running,
1,d4d07619-fee5-4159-9318-5d9a31f84fa5,2026-09-25T01:52:01.282+00:00,2026-09-25T01:52:01.480+00:00,21072-30059,washers,50170051,72000000,2026-09-25 01:52:01,2026-09-25 00:17:42,29,5659.0,-3919.0,,Available,website maps this code to Available
1,d4d07619-fee5-4159-9318-5d9a31f84fa5,2026-09-25T01:52:01.282+00:00,2026-09-25T01:52:01.480+00:00,21072-30059,washers,50170080,72000000,2026-09-25 01:52:01,2026-09-25 00:20:13,29,5508.0,-3768.0,,Available,website maps this code to Available
1,d4d07619-fee5-4159-9318-5d9a31f84fa5,2026-09-25T01:52:01.282+00:00,2026-09-25T01:52:01.480+00:00,21072-30059,washers,50170075,72000000,2026-09-25 01:52:01,2026-09-25 00:14:33,29,5848.0,-4108.0,,Available,website maps this code to Available
1,d4d07619-fee5-4159-9318-5d9a31f84fa5,2026-09-25T01:52:01.282+00:00,2026-09-25T01:52:01.480+00:00,21072-30059,washers,50170082,72000000,2026-09-25 01:52:01,2026-09-24 07:02:33,29,67768.0,-66028.0,,Available,website maps this code to Available
1,d4d07619-fee5-4159-9318-5d9a31f84fa5,2026-09-25T01:52:01.282+00:00,2026-09-25T01:52:01.480+00:00,21072-30059,washers,50170050,72000000,2026-09-25 01:52:01,2026-09-25 00:19:24,29,5557.0,-3817.0,,Available,website maps this code to Available
1,d4d07619-fee5-4159-9318-5d9a31f84fa5,2026-09-25T01:52:01.282+00:00,2026-09-25T01:52:01.480+00:00,21072-30059,washers,50170052,72000000,2026-09-25 01:52:01,2026-09-25 00:11:14,29,6047.0,-4307.0,,Available,website maps this code to Available
1,d4d07619-fee5-4159-9318-5d9a31f84fa5,2026-09-25T01:52:01.282+00:00,2026-09-25T01:52:01.480+00:00,21072-30059,washers,50170078,72000000,2026-09-25 01:52:01,2026-09-24 23:56:38,29,6923.0,-5183.0,,Available,website maps this code to Available
1,d4d07619-fee5-4159-9318-5d9a31f84fa5,2026-09-25T01:52:01.282+00:00,2026-09-25T01:52:01.480+00:00,21072-30059,washers,50170084,72000000,2026-09-25 01:52:01,2026-09-24 15:48:03,29,36238.0,-34498.0,,Available,website maps this code to Available
1,d4d07619-fee5-4159-9318-5d9a31f84fa5,2026-09-25T01:52:01.282+00:00,2026-09-25T01:52:01.480+00:00,21072-30059,washers,50170068,72000000,2026-09-25 01:52:01,2026-09-25 01:16:03,29,2158.0,-418.0,,Available,website maps this code to Available
1,d4d07619-fee5-4159-9318-5d9a31f84fa5,2026-09-25T01:52:01.282+00:00,2026-09-25T01:52:01.480+00:00,21072-30059,washers,50170072,72000000,2026-09-25 01:52:01,2026-09-25 01:23:15,29,1726.0,14.0,,Available,website maps this code to Available
1,d4d07619-fee5-4159-9318-5d9a31f84fa5,2026-09-25T01:52:01.282+00:00,2026-09-25T01:52:01.480+00:00,21072-30059,washers,20483408,72000000,2026-09-25 01:52:01,2024-12-20 00:43:32,0,55645709.0,-55645709.0,,Available,website maps this code to Available
1,d4d07619-fee5-4159-9318-5d9a31f84fa5,2026-09-25T01:52:01.282+00:00,2026-09-25T01:52:01.480+00:00,21072-30059,washers,50170055,42000000,2026-09-25 01:52:01,2026-09-25 01:39:43,37,738.0,1482.0,25,Running,
1,d4d07619-fee5-4159-9318-5d9a31f84fa5,2026-09-25T01:52:01.282+00:00,2026-09-25T01:52:01.480+00:00,21072-30059,dryers,50170058,72000000,2026-09-25 01:52:01,2026-09-12 03:29:03,46,1117378.0,-1114618.0,,Available,website maps this code to Available
1,d4d07619-fee5-4159-9318-5d9a31f84fa5,2026-09-25T01:52:01.282+00:00,2026-09-25T01:52:01.480+00:00,21072-30059,dryers,50170061,72000000,2026-09-25 01:52:01,2026-09-24 20:07:24,46,20677.0,-17917.0,,Available,website maps this code to Available
1,d4d07619-fee5-4159-9318-5d9a31f84fa5,2026-09-25T01:52:01.282+00:00,2026-09-25T01:52:01.480+00:00,21072-30059,dryers,50170081,42000000,2026-09-25 01:52:01,2026-09-25 01:47:02,10,299.0,301.0,6,Running,
1,d4d07619-fee5-4159-9318-5d9a31f84fa5,2026-09-25T01:52:01.282+00:00,2026-09-25T01:52:01.480+00:00,21072-30059,dryers,50170060,72000000,2026-09-25 01:52:01,2026-09-25 01:09:05,46,2576.0,184.0,,Available,website maps this code to Available
1,d4d07619-fee5-4159-9318-5d9a31f84fa5,2026-09-25T01:52:01.282+00:00,2026-09-25T01:52:01.480+00:00,21072-30059,dryers,50170087,72000000,2026-09-25 01:52:01,2026-09-25 01:09:36,46,2545.0,215.0,,Available,website maps this code to Available
1,d4d07619-fee5-4159-9318-5d9a31f84fa5,2026-09-25T01:52:01.282+00:00,2026-09-25T01:52:01.480+00:00,21072-30059,dryers,50170064,72000000,2026-09-25 01:52:01,2026-09-24 07:02:42,46,67759.0,-64999.0,,Available,website maps this code to Available
1,d4d07619-fee5-4159-9318-5d9a31f84fa5,2026-09-25T01:52:01.282+00:00,2026-09-25T01:52:01.480+00:00,21072-30059,dryers,50170065,72000000,2026-09-25 01:52:01,2026-09-25 00:46:05,46,3956.0,-1196.0,,Available,website maps this code to Available
1,d4d07619-fee5-4159-9318-5d9a31f84fa5,2026-09-25T01:52:01.282+00:00,2026-09-25T01:52:01.480+00:00,21072-30059,dryers,50170059,72000000,2026-09-25 01:52:01,2026-09-24 15:47:57,46,36244.0,-33484.0,,Available,website maps this code to Available
1,d4d07619-fee5-4159-9318-5d9a31f84fa5,2026-09-25T01:52:01.282+00:00,2026-09-25T01:52:01.480+00:00,21072-30059,dryers,50170057,42000000,2026-09-25 01:52:01,2026-09-25 01:17:57,45,2044.0,656.0,11,Running,
1,d4d07619-fee5-4159-9318-5d9a31f84fa5,2026-09-25T01:52:01.282+00:00,2026-09-25T01:52:01.480+00:00,21072-30059,dryers,50170062,42000000,2026-09-25 01:52:01,2026-09-25 01:18:42,45,1999.0,701.0,12,Running,
1,d4d07619-fee5-4159-9318-5d9a31f84fa5,2026-09-25T01:52:01.282+00:00,2026-09-25T01:52:01.480+00:00,21072-30059,dryers,50170067,72000000,2026-09-25 01:52:01,2026-09-25 01:00:01,46,3120.0,-360.0,,Available,website maps this code to Available
1,d4d07619-fee5-4159-9318-5d9a31f84fa5,2026-09-25T01:52:01.282+00:00,2026-09-25T01:52:01.480+00:00,21072-30059,dryers,50170074,72000000,2026-09-25 01:52:01,2026-09-25 01:00:09,46,3112.0,-352.0,,Available,website maps this code to Available
1,d4d07619-fee5-4159-9318-5d9a31f84fa5,2026-09-25T01:52:01.282+00:00,2026-09-25T01:52:01.480+00:00,21072-30059,dryers,50170071,72000000,2026-09-25 01:52:01,2026-09-25 01:37:33,46,868.0,1892.0,,Available,website maps this code to Available
1,d4d07619-fee5-4159-9318-5d9a31f84fa5,2026-09-25T01:52:01.282+00:00,2026-09-25T01:52:01.480+00:00,21072-30059,dryers,50170054,42000000,2026-09-25 01:52:01,2026-09-25 01:49:35,45,146.0,2554.0,43,Running,
1,272f2c48-1ed6-40be-81ed-7d8302fec2c2,2026-09-25T01:53:01.310+00:00,2026-09-25T01:53:01.516+00:00,21072-30059,washers,50170051,72000000,2026-09-25 01:53:01,2026-09-25 00:17:42,29,5719.0,-3979.0,,Available,website maps this code to Available
1,272f2c48-1ed6-40be-81ed-7d8302fec2c2,2026-09-25T01:53:01.310+00:00,2026-09-25T01:53:01.516+00:00,21072-30059,washers,50170080,72000000,2026-09-25 01:53:01,2026-09-25 00:20:13,29,5568.0,-3828.0,,Available,website maps this code to Available
1,272f2c48-1ed6-40be-81ed-7d8302fec2c2,2026-09-25T01:53:01.310+00:00,2026-09-25T01:53:01.516+00:00,21072-30059,washers,50170075,72000000,2026-09-25 01:53:01,2026-09-25 00:14:33,29,5908.0,-4168.0,,Available,website maps this code to Available
1,272f2c48-1ed6-40be-81ed-7d8302fec2c2,2026-09-25T01:53:01.310+00:00,2026-09-25T01:53:01.516+00:00,21072-30059,washers,50170082,72000000,2026-09-25 01:53:01,2026-09-24 07:02:33,29,67828.0,-66088.0,,Available,website maps this code to Available
1,272f2c48-1ed6-40be-81ed-7d8302fec2c2,2026-09-25T01:53:01.310+00:00,2026-09-25T01:53:01.516+00:00,21072-30059,washers,50170050,72000000,2026-09-25 01:53:01,2026-09-25 00:19:24,29,5617.0,-3877.0,,Available,website maps this code to Available
1,272f2c48-1ed6-40be-81ed-7d8302fec2c2,2026-09-25T01:53:01.310+00:00,2026-09-25T01:53:01.516+00:00,21072-30059,washers,50170052,72000000,2026-09-25 01:53:01,2026-09-25 00:11:14,29,6107.0,-4367.0,,Available,website maps this code to Available
1,272f2c48-1ed6-40be-81ed-7d8302fec2c2,2026-09-25T01:53:01.310+00:00,2026-09-25T01:53:01.516+00:00,21072-30059,washers,50170078,72000000,2026-09-25 01:53:01,2026-09-24 23:56:38,29,6983.0,-5243.0,,Available,website maps this code to Available
1,272f2c48-1ed6-40be-81ed-7d8302fec2c2,2026-09-25T01:53:01.310+00:00,2026-09-25T01:53:01.516+00:00,21072-30059,washers,50170084,72000000,2026-09-25 01:53:01,2026-09-24 15:48:03,29,36298.0,-34558.0,,Available,website maps this code to Available
1,272f2c48-1ed6-40be-81ed-7d8302fec2c2,2026-09-25T01:53:01.310+00:00,2026-09-25T01:53:01.516+00:00,21072-30059,washers,50170068,72000000,2026-09-25 01:53:01,2026-09-25 01:16:03,29,2218.0,-478.0,,Available,website maps this code to Available
1,272f2c48-1ed6-40be-81ed-7d8302fec2c2,2026-09-25T01:53:01.310+00:00,2026-09-25T01:53:01.516+00:00,21072-30059,washers,50170072,72000000,2026-09-25 01:53:01,2026-09-25 01:23:15,29,1786.0,-46.0,,Available,website maps this code to Available
1,272f2c48-1ed6-40be-81ed-7d8302fec2c2,2026-09-25T01:53:01.310+00:00,2026-09-25T01:53:01.516+00:00,21072-30059,washers,20483408,72000000,2026-09-25 01:53:01,2024-12-20 00:43:32,0,55645769.0,-55645769.0,,Available,website maps this code to Available
1,272f2c48-1ed6-40be-81ed-7d8302fec2c2,2026-09-25T01:53:01.310+00:00,2026-09-25T01:53:01.516+00:00,21072-30059,washers,50170055,42000000,2026-09-25 01:53:01,2026-09-25 01:39:43,37,798.0,1422.0,24,Running,
1,272f2c48-1ed6-40be-81ed-7d8302fec2c2,2026-09-25T01:53:01.310+00:00,2026-09-25T01:53:01.516+00:00,21072-30059,dryers,50170058,72000000,2026-09-25 01:53:01,2026-09-12 03:29:03,46,1117438.0,-1114678.0,,Available,website maps this code to Available
1,272f2c48-1ed6-40be-81ed-7d8302fec2c2,2026-09-25T01:53:01.310+00:00,2026-09-25T01:53:01.516+00:00,21072-30059,dryers,50170061,72000000,2026-09-25 01:53:01,2026-09-24 20:07:24,46,20737.0,-17977.0,,Available,website maps this code to Available
1,272f2c48-1ed6-40be-81ed-7d8302fec2c2,2026-09-25T01:53:01.310+00:00,2026-09-25T01:53:01.516+00:00,21072-30059,dryers,50170081,42000000,2026-09-25 01:53:01,2026-09-25 01:47:02,10,359.0,241.0,5,Running,
1,272f2c48-1ed6-40be-81ed-7d8302fec2c2,2026-09-25T01:53:01.310+00:00,2026-09-25T01:53:01.516+00:00,21072-30059,dryers,50170060,72000000,2026-09-25 01:53:01,2026-09-25 01:09:05,46,2636.0,124.0,,Available,website maps this code to Available
1,272f2c48-1ed6-40be-81ed-7d8302fec2c2,2026-09-25T01:53:01.310+00:00,2026-09-25T01:53:01.516+00:00,21072-30059,dryers,50170087,72000000,2026-09-25 01:53:01,2026-09-25 01:09:36,46,2605.0,155.0,,Available,website maps this code to Available
1,272f2c48-1ed6-40be-81ed-7d8302fec2c2,2026-09-25T01:53:01.310+00:00,2026-09-25T01:53:01.516+00:00,21072-30059,dryers,50170064,72000000,2026-09-25 01:53:01,2026-09-24 07:02:42,46,67819.0,-65059.0,,Available,website maps this code to Available
1,272f2c48-1ed6-40be-81ed-7d8302fec2c2,2026-09-25T01:53:01.310+00:00,2026-09-25T01:53:01.516+00:00,21072-30059,dryers,50170065,72000000,2026-09-25 01:53:01,2026-09-25 00:46:05,46,4016.0,-1256.0,,Available,website maps this code to Available
1,272f2c48-1ed6-40be-81ed-7d8302fec2c2,2026-09-25T01:53:01.310+00:00,2026-09-25T01:53:01.516+00:00,21072-30059,dryers,50170059,72000000,2026-09-25 01:53:01,2026-09-24 15:47:57,46,36304.0,-33544.0,,Available,website maps this code to Available
1,272f2c48-1ed6-40be-81ed-7d8302fec2c2,2026-09-25T01:53:01.310+00:00,2026-09-25T01:53:01.516+00:00,21072-30059,dryers,50170057,42000000,2026-09-25 01:53:01,2026-09-25 01:52:27,10,34.0,566.0,10,Running,
1,272f2c48-1ed6-40be-81ed-7d8302fec2c2,2026-09-25T01:53:01.310+00:00,2026-09-25T01:53:01.516+00:00,21072-30059,dryers,50170062,42000000,2026-09-25 01:53:01,2026-09-25 01:18:42,45,2059.0,641.0,11,Running,
1,272f2c48-1ed6-40be-81ed-7d8302fec2c2,2026-09-25T01:53:01.310+00:00,2026-09-25T01:53:01.516+00:00,21072-30059,dryers,50170067,72000000,2026-09-25 01:53:01,2026-09-25 01:00:01,46,3180.0,-420.0,,Available,website maps this code to Available
1,272f2c48-1ed6-40be-81ed-7d8302fec2c2,2026-09-25T01:53:01.310+00:00,2026-09-25T01:53:01.516+00:00,21072-30059,dryers,50170074,72000000,2026-09-25 01:53:01,2026-09-25 01:00:09,46,3172.0,-412.0,,Available,website maps this code to Available
1,272f2c48-1ed6-40be-81ed-7d8302fec2c2,2026-09-25T01:53:01.310+00:00,2026-09-25T01:53:01.516+00:00,21072-30059,dryers,50170071,72000000,2026-09-25 01:53:01,2026-09-25 01:37:33,46,928.0,1832.0,,Available,website maps this code to Available
1,272f2c48-1ed6-40be-81ed-7d8302fec2c2,2026-09-25T01:53:01.310+00:00,2026-09-25T01:53:01.516+00:00,21072-30059,dryers,50170054,42000000,2026-09-25 01:53:01,2026-09-25 01:49:35,45,206.0,2494.0,42,Running,
1,2f836664-264f-465c-8079-62eb302ac60d,2026-09-25T01:54:01.343+00:00,2026-09-25T01:54:01.534+00:00,21072-30059,washers,50170051,72000000,2026-09-25 01:54:01,2026-09-25 00:17:42,29,5779.0,-4039.0,,Available,website maps this code to Available
1,2f836664-264f-465c-8079-62eb302ac60d,2026-09-25T01:54:01.343+00:00,2026-09-25T01:54:01.534+00:00,21072-30059,washers,50170080,72000000,2026-09-25 01:54:01,2026-09-25 00:20:13,29,5628.0,-3888.0,,Available,website maps this code to Available
1,2f836664-264f-465c-8079-62eb302ac60d,2026-09-25T01:54:01.343+00:00,2026-09-25T01:54:01.534+00:00,21072-30059,washers,50170075,72000000,2026-09-25 01:54:01,2026-09-25 00:14:33,29,5968.0,-4228.0,,Available,website maps this code to Available
1,2f836664-264f-465c-8079-62eb302ac60d,2026-09-25T01:54:01.343+00:00,2026-09-25T01:54:01.534+00:00,21072-30059,washers,50170082,72000000,2026-09-25 01:54:01,2026-09-24 07:02:33,29,67888.0,-66148.0,,Available,website maps this code to Available
1,2f836664-264f-465c-8079-62eb302ac60d,2026-09-25T01:54:01.343+00:00,2026-09-25T01:54:01.534+00:00,21072-30059,washers,50170050,72000000,2026-09-25 01:54:01,2026-09-25 00:19:24,29,5677.0,-3937.0,,Available,website maps this code to Available
1,2f836664-264f-465c-8079-62eb302ac60d,2026-09-25T01:54:01.343+00:00,2026-09-25T01:54:01.534+00:00,21072-30059,washers,50170052,72000000,2026-09-25 01:54:01,2026-09-25 00:11:14,29,6167.0,-4427.0,,Available,website maps this code to Available
1,2f836664-264f-465c-8079-62eb302ac60d,2026-09-25T01:54:01.343+00:00,2026-09-25T01:54:01.534+00:00,21072-30059,washers,50170078,72000000,2026-09-25 01:54:01,2026-09-24 23:56:38,29,7043.0,-5303.0,,Available,website maps this code to Available
1,2f836664-264f-465c-8079-62eb302ac60d,2026-09-25T01:54:01.343+00:00,2026-09-25T01:54:01.534+00:00,21072-30059,washers,50170084,72000000,2026-09-25 01:54:01,2026-09-24 15:48:03,29,36358.0,-34618.0,,Available,website maps this code to Available
1,2f836664-264f-465c-8079-62eb302ac60d,2026-09-25T01:54:01.343+00:00,2026-09-25T01:54:01.534+00:00,21072-30059,washers,50170068,72000000,2026-09-25 01:54:01,2026-09-25 01:16:03,29,2278.0,-538.0,,Available,website maps this code to Available
1,2f836664-264f-465c-8079-62eb302ac60d,2026-09-25T01:54:01.343+00:00,2026-09-25T01:54:01.534+00:00,21072-30059,washers,50170072,72000000,2026-09-25 01:54:01,2026-09-25 01:23:15,29,1846.0,-106.0,,Available,website maps this code to Available
1,2f836664-264f-465c-8079-62eb302ac60d,2026-09-25T01:54:01.343+00:00,2026-09-25T01:54:01.534+00:00,21072-30059,washers,20483408,72000000,2026-09-25 01:54:01,2024-12-20 00:43:32,0,55645829.0,-55645829.0,,Available,website maps this code to Available
1,2f836664-264f-465c-8079-62eb302ac60d,2026-09-25T01:54:01.343+00:00,2026-09-25T01:54:01.534+00:00,21072-30059,washers,50170055,42000000,2026-09-25 01:54:01,2026-09-25 01:39:43,37,858.0,1362.0,23,Running,
1,2f836664-264f-465c-8079-62eb302ac60d,2026-09-25T01:54:01.343+00:00,2026-09-25T01:54:01.534+00:00,21072-30059,dryers,50170058,72000000,2026-09-25 01:54:01,2026-09-12 03:29:03,46,1117498.0,-1114738.0,,Available,website maps this code to Available
1,2f836664-264f-465c-8079-62eb302ac60d,2026-09-25T01:54:01.343+00:00,2026-09-25T01:54:01.534+00:00,21072-30059,dryers,50170061,72000000,2026-09-25 01:54:01,2026-09-24 20:07:24,46,20797.0,-18037.0,,Available,website maps this code to Available
1,2f836664-264f-465c-8079-62eb302ac60d,2026-09-25T01:54:01.343+00:00,2026-09-25T01:54:01.534+00:00,21072-30059,dryers,50170081,42000000,2026-09-25 01:54:01,2026-09-25 01:47:02,10,419.0,181.0,4,Running,
1,2f836664-264f-465c-8079-62eb302ac60d,2026-09-25T01:54:01.343+00:00,2026-09-25T01:54:01.534+00:00,21072-30059,dryers,50170060,72000000,2026-09-25 01:54:01,2026-09-25 01:09:05,46,2696.0,64.0,,Available,website maps this code to Available
1,2f836664-264f-465c-8079-62eb302ac60d,2026-09-25T01:54:01.343+00:00,2026-09-25T01:54:01.534+00:00,21072-30059,dryers,50170087,72000000,2026-09-25 01:54:01,2026-09-25 01:09:36,46,2665.0,95.0,,Available,website maps this code to Available
1,2f836664-264f-465c-8079-62eb302ac60d,2026-09-25T01:54:01.343+00:00,2026-09-25T01:54:01.534+00:00,21072-30059,dryers,50170064,72000000,2026-09-25 01:54:01,2026-09-24 07:02:42,46,67879.0,-65119.0,,Available,website maps this code to Available
1,2f836664-264f-465c-8079-62eb302ac60d,2026-09-25T01:54:01.343+00:00,2026-09-25T01:54:01.534+00:00,21072-30059,dryers,50170065,72000000,2026-09-25 01:54:01,2026-09-25 00:46:05,46,4076.0,-1316.0,,Available,website maps this code to Available
1,2f836664-264f-465c-8079-62eb302ac60d,2026-09-25T01:54:01.343+00:00,2026-09-25T01:54:01.534+00:00,21072-30059,dryers,50170059,72000000,2026-09-25 01:54:01,2026-09-24 15:47:57,46,36364.0,-33604.0,,Available,website maps this code to Available
1,2f836664-264f-465c-8079-62eb302ac60d,2026-09-25T01:54:01.343+00:00,2026-09-25T01:54:01.534+00:00,21072-30059,dryers,50170057,42000000,2026-09-25 01:54:01,2026-09-25 01:52:27,10,94.0,506.0,9,Running,
1,2f836664-264f-465c-8079-62eb302ac60d,2026-09-25T01:54:01.343+00:00,2026-09-25T01:54:01.534+00:00,21072-30059,dryers,50170062,42000000,2026-09-25 01:54:01,2026-09-25 01:53:11,10,50.0,550.0,10,Running,
1,2f836664-264f-465c-8079-62eb302ac60d,2026-09-25T01:54:01.343+00:00,2026-09-25T01:54:01.534+00:00,21072-30059,dryers,50170067,72000000,2026-09-25 01:54:01,2026-09-25 01:00:01,46,3240.0,-480.0,,Available,website maps this code to Available
1,2f836664-264f-465c-8079-62eb302ac60d,2026-09-25T01:54:01.343+00:00,2026-09-25T01:54:01.534+00:00,21072-30059,dryers,50170074,72000000,2026-09-25 01:54:01,2026-09-25 01:00:09,46,3232.0,-472.0,,Available,website maps this code to Available
1,2f836664-264f-465c-8079-62eb302ac60d,2026-09-25T01:54:01.343+00:00,2026-09-25T01:54:01.534+00:00,21072-30059,dryers,50170071,72000000,2026-09-25 01:54:01,2026-09-25 01:37:33,46,988.0,1772.0,,Available,website maps this code to Available
1,2f836664-264f-465c-8079-62eb302ac60d,2026-09-25T01:54:01.343+00:00,2026-09-25T01:54:01.534+00:00,21072-30059,dryers,50170054,42000000,2026-09-25 01:54:01,2026-09-25 01:49:35,45,266.0,2434.0,41,Running,
1,78af1ee1-db82-4405-bb81-08cec488ca19,2026-09-25T01:55:01.262+00:00,2026-09-25T01:55:01.442+00:00,21072-30059,washers,50170051,72000000,2026-09-25 01:55:01,2026-09-25 00:17:42,29,5839.0,-4099.0,,Available,website maps this code to Available
1,78af1ee1-db82-4405-bb81-08cec488ca19,2026-09-25T01:55:01.262+00:00,2026-09-25T01:55:01.442+00:00,21072-30059,washers,50170080,72000000,2026-09-25 01:55:01,2026-09-25 00:20:13,29,5688.0,-3948.0,,Available,website maps this code to Available
1,78af1ee1-db82-4405-bb81-08cec488ca19,2026-09-25T01:55:01.262+00:00,2026-09-25T01:55:01.442+00:00,21072-30059,washers,50170075,72000000,2026-09-25 01:55:01,2026-09-25 00:14:33,29,6028.0,-4288.0,,Available,website maps this code to Available
1,78af1ee1-db82-4405-bb81-08cec488ca19,2026-09-25T01:55:01.262+00:00,2026-09-25T01:55:01.442+00:00,21072-30059,washers,50170082,72000000,2026-09-25 01:55:01,2026-09-24 07:02:33,29,67948.0,-66208.0,,Available,website maps this code to Available
1,78af1ee1-db82-4405-bb81-08cec488ca19,2026-09-25T01:55:01.262+00:00,2026-09-25T01:55:01.442+00:00,21072-30059,washers,50170050,72000000,2026-09-25 01:55:01,2026-09-25 00:19:24,29,5737.0,-3997.0,,Available,website maps this code to Available
1,78af1ee1-db82-4405-bb81-08cec488ca19,2026-09-25T01:55:01.262+00:00,2026-09-25T01:55:01.442+00:00,21072-30059,washers,50170052,72000000,2026-09-25 01:55:01,2026-09-25 00:11:14,29,6227.0,-4487.0,,Available,website maps this code to Available
1,78af1ee1-db82-4405-bb81-08cec488ca19,2026-09-25T01:55:01.262+00:00,2026-09-25T01:55:01.442+00:00,21072-30059,washers,50170078,72000000,2026-09-25 01:55:01,2026-09-24 23:56:38,29,7103.0,-5363.0,,Available,website maps this code to Available
1,78af1ee1-db82-4405-bb81-08cec488ca19,2026-09-25T01:55:01.262+00:00,2026-09-25T01:55:01.442+00:00,21072-30059,washers,50170084,72000000,2026-09-25 01:55:01,2026-09-24 15:48:03,29,36418.0,-34678.0,,Available,website maps this code to Available
1,78af1ee1-db82-4405-bb81-08cec488ca19,2026-09-25T01:55:01.262+00:00,2026-09-25T01:55:01.442+00:00,21072-30059,washers,50170068,72000000,2026-09-25 01:55:01,2026-09-25 01:16:03,29,2338.0,-598.0,,Available,website maps this code to Available
1,78af1ee1-db82-4405-bb81-08cec488ca19,2026-09-25T01:55:01.262+00:00,2026-09-25T01:55:01.442+00:00,21072-30059,washers,50170072,72000000,2026-09-25 01:55:01,2026-09-25 01:23:15,29,1906.0,-166.0,,Available,website maps this code to Available
1,78af1ee1-db82-4405-bb81-08cec488ca19,2026-09-25T01:55:01.262+00:00,2026-09-25T01:55:01.442+00:00,21072-30059,washers,20483408,72000000,2026-09-25 01:55:01,2024-12-20 00:43:32,0,55645889.0,-55645889.0,,Available,website maps this code to Available
1,78af1ee1-db82-4405-bb81-08cec488ca19,2026-09-25T01:55:01.262+00:00,2026-09-25T01:55:01.442+00:00,21072-30059,washers,50170055,42000000,2026-09-25 01:55:01,2026-09-25 01:39:43,37,918.0,1302.0,22,Running,
1,78af1ee1-db82-4405-bb81-08cec488ca19,2026-09-25T01:55:01.262+00:00,2026-09-25T01:55:01.442+00:00,21072-30059,dryers,50170058,72000000,2026-09-25 01:55:01,2026-09-12 03:29:03,46,1117558.0,-1114798.0,,Available,website maps this code to Available
1,78af1ee1-db82-4405-bb81-08cec488ca19,2026-09-25T01:55:01.262+00:00,2026-09-25T01:55:01.442+00:00,21072-30059,dryers,50170061,72000000,2026-09-25 01:55:01,2026-09-24 20:07:24,46,20857.0,-18097.0,,Available,website maps this code to Available
1,78af1ee1-db82-4405-bb81-08cec488ca19,2026-09-25T01:55:01.262+00:00,2026-09-25T01:55:01.442+00:00,21072-30059,dryers,50170081,42000000,2026-09-25 01:55:01,2026-09-25 01:47:02,10,479.0,121.0,3,Running,
1,78af1ee1-db82-4405-bb81-08cec488ca19,2026-09-25T01:55:01.262+00:00,2026-09-25T01:55:01.442+00:00,21072-30059,dryers,50170060,72000000,2026-09-25 01:55:01,2026-09-25 01:09:05,46,2756.0,4.0,,Available,website maps this code to Available
1,78af1ee1-db82-4405-bb81-08cec488ca19,2026-09-25T01:55:01.262+00:00,2026-09-25T01:55:01.442+00:00,21072-30059,dryers,50170087,72000000,2026-09-25 01:55:01,2026-09-25 01:09:36,46,2725.0,35.0,,Available,website maps this code to Available
1,78af1ee1-db82-4405-bb81-08cec488ca19,2026-09-25T01:55:01.262+00:00,2026-09-25T01:55:01.442+00:00,21072-30059,dryers,50170064,72000000,2026-09-25 01:55:01,2026-09-24 07:02:42,46,67939.0,-65179.0,,Available,website maps this code to Available
1,78af1ee1-db82-4405-bb81-08cec488ca19,2026-09-25T01:55:01.262+00:00,2026-09-25T01:55:01.442+00:00,21072-30059,dryers,50170065,72000000,2026-09-25 01:55:01,2026-09-25 00:46:05,46,4136.0,-1376.0,,Available,website maps this code to Available
1,78af1ee1-db82-4405-bb81-08cec488ca19,2026-09-25T01:55:01.262+00:00,2026-09-25T01:55:01.442+00:00,21072-30059,dryers,50170059,72000000,2026-09-25 01:55:01,2026-09-24 15:47:57,46,36424.0,-33664.0,,Available,website maps this code to Available
1,78af1ee1-db82-4405-bb81-08cec488ca19,2026-09-25T01:55:01.262+00:00,2026-09-25T01:55:01.442+00:00,21072-30059,dryers,50170057,42000000,2026-09-25 01:55:01,2026-09-25 01:52:27,10,154.0,446.0,8,Running,
1,78af1ee1-db82-4405-bb81-08cec488ca19,2026-09-25T01:55:01.262+00:00,2026-09-25T01:55:01.442+00:00,21072-30059,dryers,50170062,42000000,2026-09-25 01:55:01,2026-09-25 01:53:11,10,110.0,490.0,9,Running,
1,78af1ee1-db82-4405-bb81-08cec488ca19,2026-09-25T01:55:01.262+00:00,2026-09-25T01:55:01.442+00:00,21072-30059,dryers,50170067,72000000,2026-09-25 01:55:01,2026-09-25 01:00:01,46,3300.0,-540.0,,Available,website maps this code to Available
1,78af1ee1-db82-4405-bb81-08cec488ca19,2026-09-25T01:55:01.262+00:00,2026-09-25T01:55:01.442+00:00,21072-30059,dryers,50170074,72000000,2026-09-25 01:55:01,2026-09-25 01:00:09,46,3292.0,-532.0,,Available,website maps this code to Available
1,78af1ee1-db82-4405-bb81-08cec488ca19,2026-09-25T01:55:01.262+00:00,2026-09-25T01:55:01.442+00:00,21072-30059,dryers,50170071,72000000,2026-09-25 01:55:01,2026-09-25 01:37:33,46,1048.0,1712.0,,Available,website maps this code to Available
1,78af1ee1-db82-4405-bb81-08cec488ca19,2026-09-25T01:55:01.262+00:00,2026-09-25T01:55:01.442+00:00,21072-30059,dryers,50170054,42000000,2026-09-25 01:55:01,2026-09-25 01:49:35,45,326.0,2374.0,40,Running,
1,49de5a88-622f-4b22-a355-d533af068424,2026-09-25T01:56:01.315+00:00,2026-09-25T01:56:01.516+00:00,21072-30059,washers,50170051,72000000,2026-09-25 01:56:01,2026-09-25 00:17:42,29,5899.0,-4159.0,,Available,website maps this code to Available
1,49de5a88-622f-4b22-a355-d533af068424,2026-09-25T01:56:01.315+00:00,2026-09-25T01:56:01.516+00:00,21072-30059,washers,50170080,72000000,2026-09-25 01:56:01,2026-09-25 00:20:13,29,5748.0,-4008.0,,Available,website maps this code to Available
1,49de5a88-622f-4b22-a355-d533af068424,2026-09-25T01:56:01.315+00:00,2026-09-25T01:56:01.516+00:00,21072-30059,washers,50170075,72000000,2026-09-25 01:56:01,2026-09-25 00:14:33,29,6088.0,-4348.0,,Available,website maps this code to Available
1,49de5a88-622f-4b22-a355-d533af068424,2026-09-25T01:56:01.315+00:00,2026-09-25T01:56:01.516+00:00,21072-30059,washers,50170082,72000000,2026-09-25 01:56:01,2026-09-24 07:02:33,29,68008.0,-66268.0,,Available,website maps this code to Available
1,49de5a88-622f-4b22-a355-d533af068424,2026-09-25T01:56:01.315+00:00,2026-09-25T01:56:01.516+00:00,21072-30059,washers,50170050,72000000,2026-09-25 01:56:01,2026-09-25 00:19:24,29,5797.0,-4057.0,,Available,website maps this code to Available
1,49de5a88-622f-4b22-a355-d533af068424,2026-09-25T01:56:01.315+00:00,2026-09-25T01:56:01.516+00:00,21072-30059,washers,50170052,72000000,2026-09-25 01:56:01,2026-09-25 00:11:14,29,6287.0,-4547.0,,Available,website maps this code to Available
1,49de5a88-622f-4b22-a355-d533af068424,2026-09-25T01:56:01.315+00:00,2026-09-25T01:56:01.516+00:00,21072-30059,washers,50170078,72000000,2026-09-25 01:56:01,2026-09-24 23:56:38,29,7163.0,-5423.0,,Available,website maps this code to Available
1,49de5a88-622f-4b22-a355-d533af068424,2026-09-25T01:56:01.315+00:00,2026-09-25T01:56:01.516+00:00,21072-30059,washers,50170084,72000000,2026-09-25 01:56:01,2026-09-24 15:48:03,29,36478.0,-34738.0,,Available,website maps this code to Available
1,49de5a88-622f-4b22-a355-d533af068424,2026-09-25T01:56:01.315+00:00,2026-09-25T01:56:01.516+00:00,21072-30059,washers,50170068,72000000,2026-09-25 01:56:01,2026-09-25 01:16:03,29,2398.0,-658.0,,Available,website maps this code to Available
1,49de5a88-622f-4b22-a355-d533af068424,2026-09-25T01:56:01.315+00:00,2026-09-25T01:56:01.516+00:00,21072-30059,washers,50170072,72000000,2026-09-25 01:56:01,2026-09-25 01:23:15,29,1966.0,-226.0,,Available,website maps this code to Available
1,49de5a88-622f-4b22-a355-d533af068424,2026-09-25T01:56:01.315+00:00,2026-09-25T01:56:01.516+00:00,21072-30059,washers,20483408,72000000,2026-09-25 01:56:01,2024-12-20 00:43:32,0,55645949.0,-55645949.0,,Available,website maps this code to Available
1,49de5a88-622f-4b22-a355-d533af068424,2026-09-25T01:56:01.315+00:00,2026-09-25T01:56:01.516+00:00,21072-30059,washers,50170055,42000000,2026-09-25 01:56:01,2026-09-25 01:39:43,37,978.0,1242.0,21,Running,
1,49de5a88-622f-4b22-a355-d533af068424,2026-09-25T01:56:01.315+00:00,2026-09-25T01:56:01.516+00:00,21072-30059,dryers,50170058,72000000,2026-09-25 01:56:01,2026-09-12 03:29:03,46,1117618.0,-1114858.0,,Available,website maps this code to Available
1,49de5a88-622f-4b22-a355-d533af068424,2026-09-25T01:56:01.315+00:00,2026-09-25T01:56:01.516+00:00,21072-30059,dryers,50170061,72000000,2026-09-25 01:56:01,2026-09-24 20:07:24,46,20917.0,-18157.0,,Available,website maps this code to Available
1,49de5a88-622f-4b22-a355-d533af068424,2026-09-25T01:56:01.315+00:00,2026-09-25T01:56:01.516+00:00,21072-30059,dryers,50170081,42000000,2026-09-25 01:56:01,2026-09-25 01:47:02,10,539.0,61.0,2,Running,
1,49de5a88-622f-4b22-a355-d533af068424,2026-09-25T01:56:01.315+00:00,2026-09-25T01:56:01.516+00:00,21072-30059,dryers,50170060,72000000,2026-09-25 01:56:01,2026-09-25 01:09:05,46,2816.0,-56.0,,Available,website maps this code to Available
1,49de5a88-622f-4b22-a355-d533af068424,2026-09-25T01:56:01.315+00:00,2026-09-25T01:56:01.516+00:00,21072-30059,dryers,50170087,72000000,2026-09-25 01:56:01,2026-09-25 01:09:36,46,2785.0,-25.0,,Available,website maps this code to Available
1,49de5a88-622f-4b22-a355-d533af068424,2026-09-25T01:56:01.315+00:00,2026-09-25T01:56:01.516+00:00,21072-30059,dryers,50170064,72000000,2026-09-25 01:56:01,2026-09-24 07:02:42,46,67999.0,-65239.0,,Available,website maps this code to Available
1,49de5a88-622f-4b22-a355-d533af068424,2026-09-25T01:56:01.315+00:00,2026-09-25T01:56:01.516+00:00,21072-30059,dryers,50170065,72000000,2026-09-25 01:56:01,2026-09-25 00:46:05,46,4196.0,-1436.0,,Available,website maps this code to Available
1,49de5a88-622f-4b22-a355-d533af068424,2026-09-25T01:56:01.315+00:00,2026-09-25T01:56:01.516+00:00,21072-30059,dryers,50170059,72000000,2026-09-25 01:56:01,2026-09-24 15:47:57,46,36484.0,-33724.0,,Available,website maps this code to Available
1,49de5a88-622f-4b22-a355-d533af068424,2026-09-25T01:56:01.315+00:00,2026-09-25T01:56:01.516+00:00,21072-30059,dryers,50170057,42000000,2026-09-25 01:56:01,2026-09-25 01:52:27,10,214.0,386.0,7,Running,
1,49de5a88-622f-4b22-a355-d533af068424,2026-09-25T01:56:01.315+00:00,2026-09-25T01:56:01.516+00:00,21072-30059,dryers,50170062,42000000,2026-09-25 01:56:01,2026-09-25 01:53:11,10,170.0,430.0,8,Running,
1,49de5a88-622f-4b22-a355-d533af068424,2026-09-25T01:56:01.315+00:00,2026-09-25T01:56:01.516+00:00,21072-30059,dryers,50170067,72000000,2026-09-25 01:56:01,2026-09-25 01:00:01,46,3360.0,-600.0,,Available,website maps this code to Available
1,49de5a88-622f-4b22-a355-d533af068424,2026-09-25T01:56:01.315+00:00,2026-09-25T01:56:01.516+00:00,21072-30059,dryers,50170074,72000000,2026-09-25 01:56:01,2026-09-25 01:00:09,46,3352.0,-592.0,,Available,website maps this code to Available
1,49de5a88-622f-4b22-a355-d533af068424,2026-09-25T01:56:01.315+00:00,2026-09-25T01:56:01.516+00:00,21072-30059,dryers,50170071,72000000,2026-09-25 01:56:01,2026-09-25 01:37:33,46,1108.0,1652.0,,Available,website maps this code to Available
1,49de5a88-622f-4b22-a355-d533af068424,2026-09-25T01:56:01.315+00:00,2026-09-25T01:56:01.516+00:00,21072-30059,dryers,50170054,42000000,2026-09-25 01:56:01,2026-09-25 01:49:35,45,386.0,2314.0,39,Running,
1,dfc2ef28-10db-4e10-9870-f42f55f2b212,2026-09-25T01:57:01.281+00:00,2026-09-25T01:57:01.484+00:00,21072-30059,washers,50170051,72000000,2026-09-25 01:57:01,2026-09-25 00:17:42,29,5959.0,-4219.0,,Available,website maps this code to Available
1,dfc2ef28-10db-4e10-9870-f42f55f2b212,2026-09-25T01:57:01.281+00:00,2026-09-25T01:57:01.484+00:00,21072-30059,washers,50170080,72000000,2026-09-25 01:57:01,2026-09-25 00:20:13,29,5808.0,-4068.0,,Available,website maps this code to Available
1,dfc2ef28-10db-4e10-9870-f42f55f2b212,2026-09-25T01:57:01.281+00:00,2026-09-25T01:57:01.484+00:00,21072-30059,washers,50170075,72000000,2026-09-25 01:57:01,2026-09-25 00:14:33,29,6148.0,-4408.0,,Available,website maps this code to Available
1,dfc2ef28-10db-4e10-9870-f42f55f2b212,2026-09-25T01:57:01.281+00:00,2026-09-25T01:57:01.484+00:00,21072-30059,washers,50170082,72000000,2026-09-25 01:57:01,2026-09-24 07:02:33,29,68068.0,-66328.0,,Available,website maps this code to Available
1,dfc2ef28-10db-4e10-9870-f42f55f2b212,2026-09-25T01:57:01.281+00:00,2026-09-25T01:57:01.484+00:00,21072-30059,washers,50170050,72000000,2026-09-25 01:57:01,2026-09-25 00:19:24,29,5857.0,-4117.0,,Available,website maps this code to Available
1,dfc2ef28-10db-4e10-9870-f42f55f2b212,2026-09-25T01:57:01.281+00:00,2026-09-25T01:57:01.484+00:00,21072-30059,washers,50170052,72000000,2026-09-25 01:57:01,2026-09-25 00:11:14,29,6347.0,-4607.0,,Available,website maps this code to Available
1,dfc2ef28-10db-4e10-9870-f42f55f2b212,2026-09-25T01:57:01.281+00:00,2026-09-25T01:57:01.484+00:00,21072-30059,washers,50170078,72000000,2026-09-25 01:57:01,2026-09-24 23:56:38,29,7223.0,-5483.0,,Available,website maps this code to Available
1,dfc2ef28-10db-4e10-9870-f42f55f2b212,2026-09-25T01:57:01.281+00:00,2026-09-25T01:57:01.484+00:00,21072-30059,washers,50170084,72000000,2026-09-25 01:57:01,2026-09-24 15:48:03,29,36538.0,-34798.0,,Available,website maps this code to Available
1,dfc2ef28-10db-4e10-9870-f42f55f2b212,2026-09-25T01:57:01.281+00:00,2026-09-25T01:57:01.484+00:00,21072-30059,washers,50170068,72000000,2026-09-25 01:57:01,2026-09-25 01:16:03,29,2458.0,-718.0,,Available,website maps this code to Available
1,dfc2ef28-10db-4e10-9870-f42f55f2b212,2026-09-25T01:57:01.281+00:00,2026-09-25T01:57:01.484+00:00,21072-30059,washers,50170072,72000000,2026-09-25 01:57:01,2026-09-25 01:23:15,29,2026.0,-286.0,,Available,website maps this code to Available
1,dfc2ef28-10db-4e10-9870-f42f55f2b212,2026-09-25T01:57:01.281+00:00,2026-09-25T01:57:01.484+00:00,21072-30059,washers,20483408,72000000,2026-09-25 01:57:01,2024-12-20 00:43:32,0,55646009.0,-55646009.0,,Available,website maps this code to Available
1,dfc2ef28-10db-4e10-9870-f42f55f2b212,2026-09-25T01:57:01.281+00:00,2026-09-25T01:57:01.484+00:00,21072-30059,washers,50170055,42000000,2026-09-25 01:57:01,2026-09-25 01:39:43,37,1038.0,1182.0,20,Running,
1,dfc2ef28-10db-4e10-9870-f42f55f2b212,2026-09-25T01:57:01.281+00:00,2026-09-25T01:57:01.484+00:00,21072-30059,dryers,50170058,72000000,2026-09-25 01:57:01,2026-09-12 03:29:03,46,1117678.0,-1114918.0,,Available,website maps this code to Available
1,dfc2ef28-10db-4e10-9870-f42f55f2b212,2026-09-25T01:57:01.281+00:00,2026-09-25T01:57:01.484+00:00,21072-30059,dryers,50170061,72000000,2026-09-25 01:57:01,2026-09-24 20:07:24,46,20977.0,-18217.0,,Available,website maps this code to Available
1,dfc2ef28-10db-4e10-9870-f42f55f2b212,2026-09-25T01:57:01.281+00:00,2026-09-25T01:57:01.484+00:00,21072-30059,dryers,50170081,42000000,2026-09-25 01:57:01,2026-09-25 01:47:02,10,599.0,1.0,1,Running,
1,dfc2ef28-10db-4e10-9870-f42f55f2b212,2026-09-25T01:57:01.281+00:00,2026-09-25T01:57:01.484+00:00,21072-30059,dryers,50170060,72000000,2026-09-25 01:57:01,2026-09-25 01:09:05,46,2876.0,-116.0,,Available,website maps this code to Available
1,dfc2ef28-10db-4e10-9870-f42f55f2b212,2026-09-25T01:57:01.281+00:00,2026-09-25T01:57:01.484+00:00,21072-30059,dryers,50170087,72000000,2026-09-25 01:57:01,2026-09-25 01:09:36,46,2845.0,-85.0,,Available,website maps this code to Available
1,dfc2ef28-10db-4e10-9870-f42f55f2b212,2026-09-25T01:57:01.281+00:00,2026-09-25T01:57:01.484+00:00,21072-30059,dryers,50170064,72000000,2026-09-25 01:57:01,2026-09-24 07:02:42,46,68059.0,-65299.0,,Available,website maps this code to Available
1,dfc2ef28-10db-4e10-9870-f42f55f2b212,2026-09-25T01:57:01.281+00:00,2026-09-25T01:57:01.484+00:00,21072-30059,dryers,50170065,72000000,2026-09-25 01:57:01,2026-09-25 00:46:05,46,4256.0,-1496.0,,Available,website maps this code to Available
1,dfc2ef28-10db-4e10-9870-f42f55f2b212,2026-09-25T01:57:01.281+00:00,2026-09-25T01:57:01.484+00:00,21072-30059,dryers,50170059,72000000,2026-09-25 01:57:01,2026-09-24 15:47:57,46,36544.0,-33784.0,,Available,website maps this code to Available
1,dfc2ef28-10db-4e10-9870-f42f55f2b212,2026-09-25T01:57:01.281+00:00,2026-09-25T01:57:01.484+00:00,21072-30059,dryers,50170057,42000000,2026-09-25 01:57:01,2026-09-25 01:52:27,10,274.0,326.0,6,Running,
1,dfc2ef28-10db-4e10-9870-f42f55f2b212,2026-09-25T01:57:01.281+00:00,2026-09-25T01:57:01.484+00:00,21072-30059,dryers,50170062,42000000,2026-09-25 01:57:01,2026-09-25 01:53:11,10,230.0,370.0,7,Running,
1,dfc2ef28-10db-4e10-9870-f42f55f2b212,2026-09-25T01:57:01.281+00:00,2026-09-25T01:57:01.484+00:00,21072-30059,dryers,50170067,72000000,2026-09-25 01:57:01,2026-09-25 01:00:01,46,3420.0,-660.0,,Available,website maps this code to Available
1,dfc2ef28-10db-4e10-9870-f42f55f2b212,2026-09-25T01:57:01.281+00:00,2026-09-25T01:57:01.484+00:00,21072-30059,dryers,50170074,72000000,2026-09-25 01:57:01,2026-09-25 01:00:09,46,3412.0,-652.0,,Available,website maps this code to Available
1,dfc2ef28-10db-4e10-9870-f42f55f2b212,2026-09-25T01:57:01.281+00:00,2026-09-25T01:57:01.484+00:00,21072-30059,dryers,50170071,72000000,2026-09-25 01:57:01,2026-09-25 01:37:33,46,1168.0,1592.0,,Available,website maps this code to Available
1,dfc2ef28-10db-4e10-9870-f42f55f2b212,2026-09-25T01:57:01.281+00:00,2026-09-25T01:57:01.484+00:00,21072-30059,dryers,50170054,42000000,2026-09-25 01:57:01,2026-09-25 01:49:35,45,446.0,2254.0,38,Running,
1,4dd74daa-ccfe-4119-b8e6-c9408213e800,2026-09-25T01:58:01.339+00:00,2026-09-25T01:58:01.530+00:00,21072-30059,washers,50170051,72000000,2026-09-25 01:58:01,2026-09-25 00:17:42,29,6019.0,-4279.0,,Available,website maps this code to Available
1,4dd74daa-ccfe-4119-b8e6-c9408213e800,2026-09-25T01:58:01.339+00:00,2026-09-25T01:58:01.530+00:00,21072-30059,washers,50170080,72000000,2026-09-25 01:58:01,2026-09-25 00:20:13,29,5868.0,-4128.0,,Available,website maps this code to Available
1,4dd74daa-ccfe-4119-b8e6-c9408213e800,2026-09-25T01:58:01.339+00:00,2026-09-25T01:58:01.530+00:00,21072-30059,washers,50170075,72000000,2026-09-25 01:58:01,2026-09-25 00:14:33,29,6208.0,-4468.0,,Available,website maps this code to Available
1,4dd74daa-ccfe-4119-b8e6-c9408213e800,2026-09-25T01:58:01.339+00:00,2026-09-25T01:58:01.530+00:00,21072-30059,washers,50170082,72000000,2026-09-25 01:58:01,2026-09-24 07:02:33,29,68128.0,-66388.0,,Available,website maps this code to Available
1,4dd74daa-ccfe-4119-b8e6-c9408213e800,2026-09-25T01:58:01.339+00:00,2026-09-25T01:58:01.530+00:00,21072-30059,washers,50170050,72000000,2026-09-25 01:58:01,2026-09-25 00:19:24,29,5917.0,-4177.0,,Available,website maps this code to Available
1,4dd74daa-ccfe-4119-b8e6-c9408213e800,2026-09-25T01:58:01.339+00:00,2026-09-25T01:58:01.530+00:00,21072-30059,washers,50170052,72000000,2026-09-25 01:58:01,2026-09-25 00:11:14,29,6407.0,-4667.0,,Available,website maps this code to Available
1,4dd74daa-ccfe-4119-b8e6-c9408213e800,2026-09-25T01:58:01.339+00:00,2026-09-25T01:58:01.530+00:00,21072-30059,washers,50170078,72000000,2026-09-25 01:58:01,2026-09-24 23:56:38,29,7283.0,-5543.0,,Available,website maps this code to Available
1,4dd74daa-ccfe-4119-b8e6-c9408213e800,2026-09-25T01:58:01.339+00:00,2026-09-25T01:58:01.530+00:00,21072-30059,washers,50170084,72000000,2026-09-25 01:58:01,2026-09-24 15:48:03,29,36598.0,-34858.0,,Available,website maps this code to Available
1,4dd74daa-ccfe-4119-b8e6-c9408213e800,2026-09-25T01:58:01.339+00:00,2026-09-25T01:58:01.530+00:00,21072-30059,washers,50170068,72000000,2026-09-25 01:58:01,2026-09-25 01:16:03,29,2518.0,-778.0,,Available,website maps this code to Available
1,4dd74daa-ccfe-4119-b8e6-c9408213e800,2026-09-25T01:58:01.339+00:00,2026-09-25T01:58:01.530+00:00,21072-30059,washers,50170072,72000000,2026-09-25 01:58:01,2026-09-25 01:23:15,29,2086.0,-346.0,,Available,website maps this code to Available
1,4dd74daa-ccfe-4119-b8e6-c9408213e800,2026-09-25T01:58:01.339+00:00,2026-09-25T01:58:01.530+00:00,21072-30059,washers,20483408,72000000,2026-09-25 01:58:01,2024-12-20 00:43:32,0,55646069.0,-55646069.0,,Available,website maps this code to Available
1,4dd74daa-ccfe-4119-b8e6-c9408213e800,2026-09-25T01:58:01.339+00:00,2026-09-25T01:58:01.530+00:00,21072-30059,washers,50170055,42000000,2026-09-25 01:58:01,2026-09-25 01:39:43,37,1098.0,1122.0,19,Running,
1,4dd74daa-ccfe-4119-b8e6-c9408213e800,2026-09-25T01:58:01.339+00:00,2026-09-25T01:58:01.530+00:00,21072-30059,dryers,50170058,72000000,2026-09-25 01:58:01,2026-09-12 03:29:03,46,1117738.0,-1114978.0,,Available,website maps this code to Available
1,4dd74daa-ccfe-4119-b8e6-c9408213e800,2026-09-25T01:58:01.339+00:00,2026-09-25T01:58:01.530+00:00,21072-30059,dryers,50170061,72000000,2026-09-25 01:58:01,2026-09-24 20:07:24,46,21037.0,-18277.0,,Available,website maps this code to Available
1,4dd74daa-ccfe-4119-b8e6-c9408213e800,2026-09-25T01:58:01.339+00:00,2026-09-25T01:58:01.530+00:00,21072-30059,dryers,50170081,52000000,2026-09-25 01:58:01,2026-09-25 01:57:12,23,49.0,1331.0,,Finished,
1,4dd74daa-ccfe-4119-b8e6-c9408213e800,2026-09-25T01:58:01.339+00:00,2026-09-25T01:58:01.530+00:00,21072-30059,dryers,50170060,72000000,2026-09-25 01:58:01,2026-09-25 01:09:05,46,2936.0,-176.0,,Available,website maps this code to Available
1,4dd74daa-ccfe-4119-b8e6-c9408213e800,2026-09-25T01:58:01.339+00:00,2026-09-25T01:58:01.530+00:00,21072-30059,dryers,50170087,72000000,2026-09-25 01:58:01,2026-09-25 01:09:36,46,2905.0,-145.0,,Available,website maps this code to Available
1,4dd74daa-ccfe-4119-b8e6-c9408213e800,2026-09-25T01:58:01.339+00:00,2026-09-25T01:58:01.530+00:00,21072-30059,dryers,50170064,72000000,2026-09-25 01:58:01,2026-09-24 07:02:42,46,68119.0,-65359.0,,Available,website maps this code to Available
1,4dd74daa-ccfe-4119-b8e6-c9408213e800,2026-09-25T01:58:01.339+00:00,2026-09-25T01:58:01.530+00:00,21072-30059,dryers,50170065,72000000,2026-09-25 01:58:01,2026-09-25 00:46:05,46,4316.0,-1556.0,,Available,website maps this code to Available
1,4dd74daa-ccfe-4119-b8e6-c9408213e800,2026-09-25T01:58:01.339+00:00,2026-09-25T01:58:01.530+00:00,21072-30059,dryers,50170059,72000000,2026-09-25 01:58:01,2026-09-24 15:47:57,46,36604.0,-33844.0,,Available,website maps this code to Available
1,4dd74daa-ccfe-4119-b8e6-c9408213e800,2026-09-25T01:58:01.339+00:00,2026-09-25T01:58:01.530+00:00,21072-30059,dryers,50170057,42000000,2026-09-25 01:58:01,2026-09-25 01:52:27,10,334.0,266.0,5,Running,
1,4dd74daa-ccfe-4119-b8e6-c9408213e800,2026-09-25T01:58:01.339+00:00,2026-09-25T01:58:01.530+00:00,21072-30059,dryers,50170062,42000000,2026-09-25 01:58:01,2026-09-25 01:53:11,10,290.0,310.0,6,Running,
1,4dd74daa-ccfe-4119-b8e6-c9408213e800,2026-09-25T01:58:01.339+00:00,2026-09-25T01:58:01.530+00:00,21072-30059,dryers,50170067,72000000,2026-09-25 01:58:01,2026-09-25 01:00:01,46,3480.0,-720.0,,Available,website maps this code to Available
1,4dd74daa-ccfe-4119-b8e6-c9408213e800,2026-09-25T01:58:01.339+00:00,2026-09-25T01:58:01.530+00:00,21072-30059,dryers,50170074,72000000,2026-09-25 01:58:01,2026-09-25 01:00:09,46,3472.0,-712.0,,Available,website maps this code to Available
1,4dd74daa-ccfe-4119-b8e6-c9408213e800,2026-09-25T01:58:01.339+00:00,2026-09-25T01:58:01.530+00:00,21072-30059,dryers,50170071,72000000,2026-09-25 01:58:01,2026-09-25 01:37:33,46,1228.0,1532.0,,Available,website maps this code to Available
1,4dd74daa-ccfe-4119-b8e6-c9408213e800,2026-09-25T01:58:01.339+00:00,2026-09-25T01:58:01.530+00:00,21072-30059,dryers,50170054,42000000,2026-09-25 01:58:01,2026-09-25 01:49:35,45,506.0,2194.0,37,Running,
1,0f54a4a0-a7d2-40dd-90ae-c8d2a0a0ea58,2026-09-25T01:59:01.298+00:00,2026-09-25T01:59:01.499+00:00,21072-30059,washers,50170051,72000000,2026-09-25 01:59:01,2026-09-25 00:17:42,29,6079.0,-4339.0,,Available,website maps this code to Available
1,0f54a4a0-a7d2-40dd-90ae-c8d2a0a0ea58,2026-09-25T01:59:01.298+00:00,2026-09-25T01:59:01.499+00:00,21072-30059,washers,50170080,72000000,2026-09-25 01:59:01,2026-09-25 00:20:13,29,5928.0,-4188.0,,Available,website maps this code to Available
1,0f54a4a0-a7d2-40dd-90ae-c8d2a0a0ea58,2026-09-25T01:59:01.298+00:00,2026-09-25T01:59:01.499+00:00,21072-30059,washers,50170075,72000000,2026-09-25 01:59:01,2026-09-25 00:14:33,29,6268.0,-4528.0,,Available,website maps this code to Available
1,0f54a4a0-a7d2-40dd-90ae-c8d2a0a0ea58,2026-09-25T01:59:01.298+00:00,2026-09-25T01:59:01.499+00:00,21072-30059,washers,50170082,72000000,2026-09-25 01:59:01,2026-09-24 07:02:33,29,68188.0,-66448.0,,Available,website maps this code to Available
1,0f54a4a0-a7d2-40dd-90ae-c8d2a0a0ea58,2026-09-25T01:59:01.298+00:00,2026-09-25T01:59:01.499+00:00,21072-30059,washers,50170050,72000000,2026-09-25 01:59:01,2026-09-25 00:19:24,29,5977.0,-4237.0,,Available,website maps this code to Available
1,0f54a4a0-a7d2-40dd-90ae-c8d2a0a0ea58,2026-09-25T01:59:01.298+00:00,2026-09-25T01:59:01.499+00:00,21072-30059,washers,50170052,72000000,2026-09-25 01:59:01,2026-09-25 00:11:14,29,6467.0,-4727.0,,Available,website maps this code to Available
1,0f54a4a0-a7d2-40dd-90ae-c8d2a0a0ea58,2026-09-25T01:59:01.298+00:00,2026-09-25T01:59:01.499+00:00,21072-30059,washers,50170078,72000000,2026-09-25 01:59:01,2026-09-24 23:56:38,29,7343.0,-5603.0,,Available,website maps this code to Available
1,0f54a4a0-a7d2-40dd-90ae-c8d2a0a0ea58,2026-09-25T01:59:01.298+00:00,2026-09-25T01:59:01.499+00:00,21072-30059,washers,50170084,72000000,2026-09-25 01:59:01,2026-09-24 15:48:03,29,36658.0,-34918.0,,Available,website maps this code to Available
1,0f54a4a0-a7d2-40dd-90ae-c8d2a0a0ea58,2026-09-25T01:59:01.298+00:00,2026-09-25T01:59:01.499+00:00,21072-30059,washers,50170068,72000000,2026-09-25 01:59:01,2026-09-25 01:16:03,29,2578.0,-838.0,,Available,website maps this code to Available
1,0f54a4a0-a7d2-40dd-90ae-c8d2a0a0ea58,2026-09-25T01:59:01.298+00:00,2026-09-25T01:59:01.499+00:00,21072-30059,washers,50170072,72000000,2026-09-25 01:59:01,2026-09-25 01:23:15,29,2146.0,-406.0,,Available,website maps this code to Available
1,0f54a4a0-a7d2-40dd-90ae-c8d2a0a0ea58,2026-09-25T01:59:01.298+00:00,2026-09-25T01:59:01.499+00:00,21072-30059,washers,20483408,72000000,2026-09-25 01:59:01,2024-12-20 00:43:32,0,55646129.0,-55646129.0,,Available,website maps this code to Available
1,0f54a4a0-a7d2-40dd-90ae-c8d2a0a0ea58,2026-09-25T01:59:01.298+00:00,2026-09-25T01:59:01.499+00:00,21072-30059,washers,50170055,42000000,2026-09-25 01:59:01,2026-09-25 01:39:43,37,1158.0,1062.0,18,Running,
1,0f54a4a0-a7d2-40dd-90ae-c8d2a0a0ea58,2026-09-25T01:59:01.298+00:00,2026-09-25T01:59:01.499+00:00,21072-30059,dryers,50170058,72000000,2026-09-25 01:59:01,2026-09-12 03:29:03,46,1117798.0,-1115038.0,,Available,website maps this code to Available
1,0f54a4a0-a7d2-40dd-90ae-c8d2a0a0ea58,2026-09-25T01:59:01.298+00:00,2026-09-25T01:59:01.499+00:00,21072-30059,dryers,50170061,72000000,2026-09-25 01:59:01,2026-09-24 20:07:24,46,21097.0,-18337.0,,Available,website maps this code to Available
1,0f54a4a0-a7d2-40dd-90ae-c8d2a0a0ea58,2026-09-25T01:59:01.298+00:00,2026-09-25T01:59:01.499+00:00,21072-30059,dryers,50170081,52000000,2026-09-25 01:59:01,2026-09-25 01:57:12,23,109.0,1271.0,,Finished,
1,0f54a4a0-a7d2-40dd-90ae-c8d2a0a0ea58,2026-09-25T01:59:01.298+00:00,2026-09-25T01:59:01.499+00:00,21072-30059,dryers,50170060,72000000,2026-09-25 01:59:01,2026-09-25 01:09:05,46,2996.0,-236.0,,Available,website maps this code to Available
1,0f54a4a0-a7d2-40dd-90ae-c8d2a0a0ea58,2026-09-25T01:59:01.298+00:00,2026-09-25T01:59:01.499+00:00,21072-30059,dryers,50170087,72000000,2026-09-25 01:59:01,2026-09-25 01:09:36,46,2965.0,-205.0,,Available,website maps this code to Available
1,0f54a4a0-a7d2-40dd-90ae-c8d2a0a0ea58,2026-09-25T01:59:01.298+00:00,2026-09-25T01:59:01.499+00:00,21072-30059,dryers,50170064,72000000,2026-09-25 01:59:01,2026-09-24 07:02:42,46,68179.0,-65419.0,,Available,website maps this code to Available
1,0f54a4a0-a7d2-40dd-90ae-c8d2a0a0ea58,2026-09-25T01:59:01.298+00:00,2026-09-25T01:59:01.499+00:00,21072-30059,dryers,50170065,72000000,2026-09-25 01:59:01,2026-09-25 00:46:05,46,4376.0,-1616.0,,Available,website maps this code to Available
1,0f54a4a0-a7d2-40dd-90ae-c8d2a0a0ea58,2026-09-25T01:59:01.298+00:00,2026-09-25T01:59:01.499+00:00,21072-30059,dryers,50170059,72000000,2026-09-25 01:59:01,2026-09-24 15:47:57,46,36664.0,-33904.0,,Available,website maps this code to Available
1,0f54a4a0-a7d2-40dd-90ae-c8d2a0a0ea58,2026-09-25T01:59:01.298+00:00,2026-09-25T01:59:01.499+00:00,21072-30059,dryers,50170057,42000000,2026-09-25 01:59:01,2026-09-25 01:52:27,10,394.0,206.0,4,Running,
1,0f54a4a0-a7d2-40dd-90ae-c8d2a0a0ea58,2026-09-25T01:59:01.298+00:00,2026-09-25T01:59:01.499+00:00,21072-30059,dryers,50170062,42000000,2026-09-25 01:59:01,2026-09-25 01:53:11,10,350.0,250.0,5,Running,
1,0f54a4a0-a7d2-40dd-90ae-c8d2a0a0ea58,2026-09-25T01:59:01.298+00:00,2026-09-25T01:59:01.499+00:00,21072-30059,dryers,50170067,72000000,2026-09-25 01:59:01,2026-09-25 01:00:01,46,3540.0,-780.0,,Available,website maps this code to Available
1,0f54a4a0-a7d2-40dd-90ae-c8d2a0a0ea58,2026-09-25T01:59:01.298+00:00,2026-09-25T01:59:01.499+00:00,21072-30059,dryers,50170074,72000000,2026-09-25 01:59:01,2026-09-25 01:00:09,46,3532.0,-772.0,,Available,website maps this code to Available
1,0f54a4a0-a7d2-40dd-90ae-c8d2a0a0ea58,2026-09-25T01:59:01.298+00:00,2026-09-25T01:59:01.499+00:00,21072-30059,dryers,50170071,72000000,2026-09-25 01:59:01,2026-09-25 01:37:33,46,1288.0,1472.0,,Available,website maps this code to Available
1,0f54a4a0-a7d2-40dd-90ae-c8d2a0a0ea58,2026-09-25T01:59:01.298+00:00,2026-09-25T01:59:01.499+00:00,21072-30059,dryers,50170054,42000000,2026-09-25 01:59:01,2026-09-25 01:49:35,45,566.0,2134.0,36,Running,
1,51da92bd-5cc6-46f1-ac98-acc1c1d61d75,2026-09-25T02:00:01.384+00:00,2026-09-25T02:00:01.601+00:00,21072-30059,washers,50170051,72000000,2026-09-25 02:00:01,2026-09-25 00:17:42,29,6139.0,-4399.0,,Available,website maps this code to Available
1,51da92bd-5cc6-46f1-ac98-acc1c1d61d75,2026-09-25T02:00:01.384+00:00,2026-09-25T02:00:01.601+00:00,21072-30059,washers,50170080,72000000,2026-09-25 02:00:01,2026-09-25 00:20:13,29,5988.0,-4248.0,,Available,website maps this code to Available
1,51da92bd-5cc6-46f1-ac98-acc1c1d61d75,2026-09-25T02:00:01.384+00:00,2026-09-25T02:00:01.601+00:00,21072-30059,washers,50170075,72000000,2026-09-25 02:00:01,2026-09-25 00:14:33,29,6328.0,-4588.0,,Available,website maps this code to Available
1,51da92bd-5cc6-46f1-ac98-acc1c1d61d75,2026-09-25T02:00:01.384+00:00,2026-09-25T02:00:01.601+00:00,21072-30059,washers,50170082,72000000,2026-09-25 02:00:01,2026-09-24 07:02:33,29,68248.0,-66508.0,,Available,website maps this code to Available
1,51da92bd-5cc6-46f1-ac98-acc1c1d61d75,2026-09-25T02:00:01.384+00:00,2026-09-25T02:00:01.601+00:00,21072-30059,washers,50170050,72000000,2026-09-25 02:00:01,2026-09-25 00:19:24,29,6037.0,-4297.0,,Available,website maps this code to Available
1,51da92bd-5cc6-46f1-ac98-acc1c1d61d75,2026-09-25T02:00:01.384+00:00,2026-09-25T02:00:01.601+00:00,21072-30059,washers,50170052,72000000,2026-09-25 02:00:01,2026-09-25 00:11:14,29,6527.0,-4787.0,,Available,website maps this code to Available
1,51da92bd-5cc6-46f1-ac98-acc1c1d61d75,2026-09-25T02:00:01.384+00:00,2026-09-25T02:00:01.601+00:00,21072-30059,washers,50170078,72000000,2026-09-25 02:00:01,2026-09-24 23:56:38,29,7403.0,-5663.0,,Available,website maps this code to Available
1,51da92bd-5cc6-46f1-ac98-acc1c1d61d75,2026-09-25T02:00:01.384+00:00,2026-09-25T02:00:01.601+00:00,21072-30059,washers,50170084,72000000,2026-09-25 02:00:01,2026-09-24 15:48:03,29,36718.0,-34978.0,,Available,website maps this code to Available
1,51da92bd-5cc6-46f1-ac98-acc1c1d61d75,2026-09-25T02:00:01.384+00:00,2026-09-25T02:00:01.601+00:00,21072-30059,washers,50170068,72000000,2026-09-25 02:00:01,2026-09-25 01:16:03,29,2638.0,-898.0,,Available,website maps this code to Available
1,51da92bd-5cc6-46f1-ac98-acc1c1d61d75,2026-09-25T02:00:01.384+00:00,2026-09-25T02:00:01.601+00:00,21072-30059,washers,50170072,72000000,2026-09-25 02:00:01,2026-09-25 01:23:15,29,2206.0,-466.0,,Available,website maps this code to Available
1,51da92bd-5cc6-46f1-ac98-acc1c1d61d75,2026-09-25T02:00:01.384+00:00,2026-09-25T02:00:01.601+00:00,21072-30059,washers,20483408,72000000,2026-09-25 02:00:01,2024-12-20 00:43:32,0,55646189.0,-55646189.0,,Available,website maps this code to Available
1,51da92bd-5cc6-46f1-ac98-acc1c1d61d75,2026-09-25T02:00:01.384+00:00,2026-09-25T02:00:01.601+00:00,21072-30059,washers,50170055,42000000,2026-09-25 02:00:01,2026-09-25 01:39:43,37,1218.0,1002.0,17,Running,
1,51da92bd-5cc6-46f1-ac98-acc1c1d61d75,2026-09-25T02:00:01.384+00:00,2026-09-25T02:00:01.601+00:00,21072-30059,dryers,50170058,72000000,2026-09-25 02:00:01,2026-09-12 03:29:03,46,1117858.0,-1115098.0,,Available,website maps this code to Available
1,51da92bd-5cc6-46f1-ac98-acc1c1d61d75,2026-09-25T02:00:01.384+00:00,2026-09-25T02:00:01.601+00:00,21072-30059,dryers,50170061,72000000,2026-09-25 02:00:01,2026-09-24 20:07:24,46,21157.0,-18397.0,,Available,website maps this code to Available
1,51da92bd-5cc6-46f1-ac98-acc1c1d61d75,2026-09-25T02:00:01.384+00:00,2026-09-25T02:00:01.601+00:00,21072-30059,dryers,50170081,52000000,2026-09-25 02:00:01,2026-09-25 01:57:12,23,169.0,1211.0,,Finished,
1,51da92bd-5cc6-46f1-ac98-acc1c1d61d75,2026-09-25T02:00:01.384+00:00,2026-09-25T02:00:01.601+00:00,21072-30059,dryers,50170060,72000000,2026-09-25 02:00:01,2026-09-25 01:09:05,46,3056.0,-296.0,,Available,website maps this code to Available
1,51da92bd-5cc6-46f1-ac98-acc1c1d61d75,2026-09-25T02:00:01.384+00:00,2026-09-25T02:00:01.601+00:00,21072-30059,dryers,50170087,72000000,2026-09-25 02:00:01,2026-09-25 01:09:36,46,3025.0,-265.0,,Available,website maps this code to Available
1,51da92bd-5cc6-46f1-ac98-acc1c1d61d75,2026-09-25T02:00:01.384+00:00,2026-09-25T02:00:01.601+00:00,21072-30059,dryers,50170064,72000000,2026-09-25 02:00:01,2026-09-24 07:02:42,46,68239.0,-65479.0,,Available,website maps this code to Available
1,51da92bd-5cc6-46f1-ac98-acc1c1d61d75,2026-09-25T02:00:01.384+00:00,2026-09-25T02:00:01.601+00:00,21072-30059,dryers,50170065,72000000,2026-09-25 02:00:01,2026-09-25 00:46:05,46,4436.0,-1676.0,,Available,website maps this code to Available
1,51da92bd-5cc6-46f1-ac98-acc1c1d61d75,2026-09-25T02:00:01.384+00:00,2026-09-25T02:00:01.601+00:00,21072-30059,dryers,50170059,72000000,2026-09-25 02:00:01,2026-09-24 15:47:57,46,36724.0,-33964.0,,Available,website maps this code to Available
1,51da92bd-5cc6-46f1-ac98-acc1c1d61d75,2026-09-25T02:00:01.384+00:00,2026-09-25T02:00:01.601+00:00,21072-30059,dryers,50170057,42000000,2026-09-25 02:00:01,2026-09-25 01:52:27,10,454.0,146.0,3,Running,
1,51da92bd-5cc6-46f1-ac98-acc1c1d61d75,2026-09-25T02:00:01.384+00:00,2026-09-25T02:00:01.601+00:00,21072-30059,dryers,50170062,42000000,2026-09-25 02:00:01,2026-09-25 01:53:11,10,410.0,190.0,4,Running,
1,51da92bd-5cc6-46f1-ac98-acc1c1d61d75,2026-09-25T02:00:01.384+00:00,2026-09-25T02:00:01.601+00:00,21072-30059,dryers,50170067,72000000,2026-09-25 02:00:01,2026-09-25 01:00:01,46,3600.0,-840.0,,Available,website maps this code to Available
1,51da92bd-5cc6-46f1-ac98-acc1c1d61d75,2026-09-25T02:00:01.384+00:00,2026-09-25T02:00:01.601+00:00,21072-30059,dryers,50170074,72000000,2026-09-25 02:00:01,2026-09-25 01:00:09,46,3592.0,-832.0,,Available,website maps this code to Available
1,51da92bd-5cc6-46f1-ac98-acc1c1d61d75,2026-09-25T02:00:01.384+00:00,2026-09-25T02:00:01.601+00:00,21072-30059,dryers,50170071,72000000,2026-09-25 02:00:01,2026-09-25 01:37:33,46,1348.0,1412.0,,Available,website maps this code to Available
1,51da92bd-5cc6-46f1-ac98-acc1c1d61d75,2026-09-25T02:00:01.384+00:00,2026-09-25T02:00:01.601+00:00,21072-30059,dryers,50170054,42000000,2026-09-25 02:00:01,2026-09-25 01:49:35,45,626.0,2074.0,35,Running,
