schema_version,poll_id,request_started_at_utc,observed_at_utc,room_id,machine_type,machine_id,raw_lmc_status,server_timestamp_raw,machine_report_time_raw,remaining_min_raw,report_age_seconds,adjusted_remaining_seconds,display_minutes_left,website_state,interpretation_note
1,c718223d-6809-44c6-95ac-f60a82e473c6,2026-09-23T00:00:02.035+00:00,2026-09-23T00:00:02.252+00:00,21072-30059,washers,50170051,72000000,2026-09-23 00:00:02,2026-09-22 21:24:15,29,9347.0,-7607.0,,Available,website maps this code to Available
1,c718223d-6809-44c6-95ac-f60a82e473c6,2026-09-23T00:00:02.035+00:00,2026-09-23T00:00:02.252+00:00,21072-30059,washers,50170080,72000000,2026-09-23 00:00:02,2026-09-22 21:25:24,29,9278.0,-7538.0,,Available,website maps this code to Available
1,c718223d-6809-44c6-95ac-f60a82e473c6,2026-09-23T00:00:02.035+00:00,2026-09-23T00:00:02.252+00:00,21072-30059,washers,50170075,72000000,2026-09-23 00:00:02,2026-09-22 21:25:09,29,9293.0,-7553.0,,Available,website maps this code to Available
1,c718223d-6809-44c6-95ac-f60a82e473c6,2026-09-23T00:00:02.035+00:00,2026-09-23T00:00:02.252+00:00,21072-30059,washers,50170082,72000000,2026-09-23 00:00:02,2026-09-22 21:24:54,29,9308.0,-7568.0,,Available,website maps this code to Available
1,c718223d-6809-44c6-95ac-f60a82e473c6,2026-09-23T00:00:02.035+00:00,2026-09-23T00:00:02.252+00:00,21072-30059,washers,50170050,72000000,2026-09-23 00:00:02,2026-09-22 21:26:02,29,9240.0,-7500.0,,Available,website maps this code to Available
1,c718223d-6809-44c6-95ac-f60a82e473c6,2026-09-23T00:00:02.035+00:00,2026-09-23T00:00:02.252+00:00,21072-30059,washers,50170052,72000000,2026-09-23 00:00:02,2026-09-22 21:27:37,29,9145.0,-7405.0,,Available,website maps this code to Available
1,c718223d-6809-44c6-95ac-f60a82e473c6,2026-09-23T00:00:02.035+00:00,2026-09-23T00:00:02.252+00:00,21072-30059,washers,50170078,72000000,2026-09-23 00:00:02,2026-09-22 21:29:00,29,9062.0,-7322.0,,Available,website maps this code to Available
1,c718223d-6809-44c6-95ac-f60a82e473c6,2026-09-23T00:00:02.035+00:00,2026-09-23T00:00:02.252+00:00,21072-30059,washers,50170084,72000000,2026-09-23 00:00:02,2026-09-22 07:02:40,29,61042.0,-59302.0,,Available,website maps this code to Available
1,c718223d-6809-44c6-95ac-f60a82e473c6,2026-09-23T00:00:02.035+00:00,2026-09-23T00:00:02.252+00:00,21072-30059,washers,50170068,72000000,2026-09-23 00:00:02,2026-09-22 22:20:28,29,5974.0,-4234.0,,Available,website maps this code to Available
1,c718223d-6809-44c6-95ac-f60a82e473c6,2026-09-23T00:00:02.035+00:00,2026-09-23T00:00:02.252+00:00,21072-30059,washers,50170072,72000000,2026-09-23 00:00:02,2026-09-22 22:23:09,29,5813.0,-4073.0,,Available,website maps this code to Available
1,c718223d-6809-44c6-95ac-f60a82e473c6,2026-09-23T00:00:02.035+00:00,2026-09-23T00:00:02.252+00:00,21072-30059,washers,20483408,72000000,2026-09-23 00:00:02,2024-12-20 00:43:32,0,55466190.0,-55466190.0,,Available,website maps this code to Available
1,c718223d-6809-44c6-95ac-f60a82e473c6,2026-09-23T00:00:02.035+00:00,2026-09-23T00:00:02.252+00:00,21072-30059,washers,50170055,72000000,2026-09-23 00:00:02,2026-09-22 22:58:37,29,3685.0,-1945.0,,Available,website maps this code to Available
1,c718223d-6809-44c6-95ac-f60a82e473c6,2026-09-23T00:00:02.035+00:00,2026-09-23T00:00:02.252+00:00,21072-30059,dryers,50170058,72000000,2026-09-23 00:00:02,2026-09-12 03:29:03,46,937859.0,-935099.0,,Available,website maps this code to Available
1,c718223d-6809-44c6-95ac-f60a82e473c6,2026-09-23T00:00:02.035+00:00,2026-09-23T00:00:02.252+00:00,21072-30059,dryers,50170061,72000000,2026-09-23 00:00:02,2026-09-22 22:55:19,46,3883.0,-1123.0,,Available,website maps this code to Available
1,c718223d-6809-44c6-95ac-f60a82e473c6,2026-09-23T00:00:02.035+00:00,2026-09-23T00:00:02.252+00:00,21072-30059,dryers,50170081,72000000,2026-09-23 00:00:02,2026-09-22 22:55:35,46,3867.0,-1107.0,,Available,website maps this code to Available
1,c718223d-6809-44c6-95ac-f60a82e473c6,2026-09-23T00:00:02.035+00:00,2026-09-23T00:00:02.252+00:00,21072-30059,dryers,50170060,52000000,2026-09-23 00:00:02,2026-09-22 22:10:55,23,6547.0,-5167.0,,Available,website fallback: report over 1 hour old
1,c718223d-6809-44c6-95ac-f60a82e473c6,2026-09-23T00:00:02.035+00:00,2026-09-23T00:00:02.252+00:00,21072-30059,dryers,50170087,52000000,2026-09-23 00:00:02,2026-09-22 22:12:10,23,6472.0,-5092.0,,Available,website fallback: report over 1 hour old
1,c718223d-6809-44c6-95ac-f60a82e473c6,2026-09-23T00:00:02.035+00:00,2026-09-23T00:00:02.252+00:00,21072-30059,dryers,50170064,72000000,2026-09-23 00:00:02,2026-09-22 07:01:55,46,61087.0,-58327.0,,Available,website maps this code to Available
1,c718223d-6809-44c6-95ac-f60a82e473c6,2026-09-23T00:00:02.035+00:00,2026-09-23T00:00:02.252+00:00,21072-30059,dryers,50170065,72000000,2026-09-23 00:00:02,2026-09-22 22:14:28,46,6334.0,-3574.0,,Available,website maps this code to Available
1,c718223d-6809-44c6-95ac-f60a82e473c6,2026-09-23T00:00:02.035+00:00,2026-09-23T00:00:02.252+00:00,21072-30059,dryers,50170059,52000000,2026-09-23 00:00:02,2026-09-22 22:15:07,23,6295.0,-4915.0,,Available,website fallback: report over 1 hour old
1,c718223d-6809-44c6-95ac-f60a82e473c6,2026-09-23T00:00:02.035+00:00,2026-09-23T00:00:02.252+00:00,21072-30059,dryers,50170057,72000000,2026-09-23 00:00:02,2026-09-22 22:55:47,46,3855.0,-1095.0,,Available,website maps this code to Available
1,c718223d-6809-44c6-95ac-f60a82e473c6,2026-09-23T00:00:02.035+00:00,2026-09-23T00:00:02.252+00:00,21072-30059,dryers,50170062,72000000,2026-09-23 00:00:02,2026-09-22 23:06:22,46,3220.0,-460.0,,Available,website maps this code to Available
1,c718223d-6809-44c6-95ac-f60a82e473c6,2026-09-23T00:00:02.035+00:00,2026-09-23T00:00:02.252+00:00,21072-30059,dryers,50170067,52000000,2026-09-23 00:00:02,2026-09-22 23:44:57,23,905.0,475.0,,Finished,
1,c718223d-6809-44c6-95ac-f60a82e473c6,2026-09-23T00:00:02.035+00:00,2026-09-23T00:00:02.252+00:00,21072-30059,dryers,50170074,72000000,2026-09-23 00:00:02,2026-09-22 20:42:32,46,11850.0,-9090.0,,Available,website maps this code to Available
1,c718223d-6809-44c6-95ac-f60a82e473c6,2026-09-23T00:00:02.035+00:00,2026-09-23T00:00:02.252+00:00,21072-30059,dryers,50170071,72000000,2026-09-23 00:00:02,2026-09-22 21:56:40,46,7402.0,-4642.0,,Available,website maps this code to Available
1,c718223d-6809-44c6-95ac-f60a82e473c6,2026-09-23T00:00:02.035+00:00,2026-09-23T00:00:02.252+00:00,21072-30059,dryers,50170054,42000000,2026-09-23 00:00:02,2026-09-22 23:56:58,45,184.0,2516.0,42,Running,
1,8e2c415c-a7a7-4352-bbe2-c83943aae7bf,2026-09-23T00:01:01.286+00:00,2026-09-23T00:01:01.473+00:00,21072-30059,washers,50170051,72000000,2026-09-23 00:01:01,2026-09-22 21:24:15,29,9406.0,-7666.0,,Available,website maps this code to Available
1,8e2c415c-a7a7-4352-bbe2-c83943aae7bf,2026-09-23T00:01:01.286+00:00,2026-09-23T00:01:01.473+00:00,21072-30059,washers,50170080,72000000,2026-09-23 00:01:01,2026-09-22 21:25:24,29,9337.0,-7597.0,,Available,website maps this code to Available
1,8e2c415c-a7a7-4352-bbe2-c83943aae7bf,2026-09-23T00:01:01.286+00:00,2026-09-23T00:01:01.473+00:00,21072-30059,washers,50170075,72000000,2026-09-23 00:01:01,2026-09-22 21:25:09,29,9352.0,-7612.0,,Available,website maps this code to Available
1,8e2c415c-a7a7-4352-bbe2-c83943aae7bf,2026-09-23T00:01:01.286+00:00,2026-09-23T00:01:01.473+00:00,21072-30059,washers,50170082,72000000,2026-09-23 00:01:01,2026-09-22 21:24:54,29,9367.0,-7627.0,,Available,website maps this code to Available
1,8e2c415c-a7a7-4352-bbe2-c83943aae7bf,2026-09-23T00:01:01.286+00:00,2026-09-23T00:01:01.473+00:00,21072-30059,washers,50170050,72000000,2026-09-23 00:01:01,2026-09-22 21:26:02,29,9299.0,-7559.0,,Available,website maps this code to Available
1,8e2c415c-a7a7-4352-bbe2-c83943aae7bf,2026-09-23T00:01:01.286+00:00,2026-09-23T00:01:01.473+00:00,21072-30059,washers,50170052,72000000,2026-09-23 00:01:01,2026-09-22 21:27:37,29,9204.0,-7464.0,,Available,website maps this code to Available
1,8e2c415c-a7a7-4352-bbe2-c83943aae7bf,2026-09-23T00:01:01.286+00:00,2026-09-23T00:01:01.473+00:00,21072-30059,washers,50170078,72000000,2026-09-23 00:01:01,2026-09-22 21:29:00,29,9121.0,-7381.0,,Available,website maps this code to Available
1,8e2c415c-a7a7-4352-bbe2-c83943aae7bf,2026-09-23T00:01:01.286+00:00,2026-09-23T00:01:01.473+00:00,21072-30059,washers,50170084,72000000,2026-09-23 00:01:01,2026-09-22 07:02:40,29,61101.0,-59361.0,,Available,website maps this code to Available
1,8e2c415c-a7a7-4352-bbe2-c83943aae7bf,2026-09-23T00:01:01.286+00:00,2026-09-23T00:01:01.473+00:00,21072-30059,washers,50170068,72000000,2026-09-23 00:01:01,2026-09-22 22:20:28,29,6033.0,-4293.0,,Available,website maps this code to Available
1,8e2c415c-a7a7-4352-bbe2-c83943aae7bf,2026-09-23T00:01:01.286+00:00,2026-09-23T00:01:01.473+00:00,21072-30059,washers,50170072,72000000,2026-09-23 00:01:01,2026-09-22 22:23:09,29,5872.0,-4132.0,,Available,website maps this code to Available
1,8e2c415c-a7a7-4352-bbe2-c83943aae7bf,2026-09-23T00:01:01.286+00:00,2026-09-23T00:01:01.473+00:00,21072-30059,washers,20483408,72000000,2026-09-23 00:01:01,2024-12-20 00:43:32,0,55466249.0,-55466249.0,,Available,website maps this code to Available
1,8e2c415c-a7a7-4352-bbe2-c83943aae7bf,2026-09-23T00:01:01.286+00:00,2026-09-23T00:01:01.473+00:00,21072-30059,washers,50170055,72000000,2026-09-23 00:01:01,2026-09-22 22:58:37,29,3744.0,-2004.0,,Available,website maps this code to Available
1,8e2c415c-a7a7-4352-bbe2-c83943aae7bf,2026-09-23T00:01:01.286+00:00,2026-09-23T00:01:01.473+00:00,21072-30059,dryers,50170058,72000000,2026-09-23 00:01:01,2026-09-12 03:29:03,46,937918.0,-935158.0,,Available,website maps this code to Available
1,8e2c415c-a7a7-4352-bbe2-c83943aae7bf,2026-09-23T00:01:01.286+00:00,2026-09-23T00:01:01.473+00:00,21072-30059,dryers,50170061,72000000,2026-09-23 00:01:01,2026-09-22 22:55:19,46,3942.0,-1182.0,,Available,website maps this code to Available
1,8e2c415c-a7a7-4352-bbe2-c83943aae7bf,2026-09-23T00:01:01.286+00:00,2026-09-23T00:01:01.473+00:00,21072-30059,dryers,50170081,72000000,2026-09-23 00:01:01,2026-09-22 22:55:35,46,3926.0,-1166.0,,Available,website maps this code to Available
1,8e2c415c-a7a7-4352-bbe2-c83943aae7bf,2026-09-23T00:01:01.286+00:00,2026-09-23T00:01:01.473+00:00,21072-30059,dryers,50170060,52000000,2026-09-23 00:01:01,2026-09-22 22:10:55,23,6606.0,-5226.0,,Available,website fallback: report over 1 hour old
1,8e2c415c-a7a7-4352-bbe2-c83943aae7bf,2026-09-23T00:01:01.286+00:00,2026-09-23T00:01:01.473+00:00,21072-30059,dryers,50170087,52000000,2026-09-23 00:01:01,2026-09-22 22:12:10,23,6531.0,-5151.0,,Available,website fallback: report over 1 hour old
1,8e2c415c-a7a7-4352-bbe2-c83943aae7bf,2026-09-23T00:01:01.286+00:00,2026-09-23T00:01:01.473+00:00,21072-30059,dryers,50170064,72000000,2026-09-23 00:01:01,2026-09-22 07:01:55,46,61146.0,-58386.0,,Available,website maps this code to Available
1,8e2c415c-a7a7-4352-bbe2-c83943aae7bf,2026-09-23T00:01:01.286+00:00,2026-09-23T00:01:01.473+00:00,21072-30059,dryers,50170065,72000000,2026-09-23 00:01:01,2026-09-22 22:14:28,46,6393.0,-3633.0,,Available,website maps this code to Available
1,8e2c415c-a7a7-4352-bbe2-c83943aae7bf,2026-09-23T00:01:01.286+00:00,2026-09-23T00:01:01.473+00:00,21072-30059,dryers,50170059,52000000,2026-09-23 00:01:01,2026-09-22 22:15:07,23,6354.0,-4974.0,,Available,website fallback: report over 1 hour old
1,8e2c415c-a7a7-4352-bbe2-c83943aae7bf,2026-09-23T00:01:01.286+00:00,2026-09-23T00:01:01.473+00:00,21072-30059,dryers,50170057,72000000,2026-09-23 00:01:01,2026-09-22 22:55:47,46,3914.0,-1154.0,,Available,website maps this code to Available
1,8e2c415c-a7a7-4352-bbe2-c83943aae7bf,2026-09-23T00:01:01.286+00:00,2026-09-23T00:01:01.473+00:00,21072-30059,dryers,50170062,72000000,2026-09-23 00:01:01,2026-09-22 23:06:22,46,3279.0,-519.0,,Available,website maps this code to Available
1,8e2c415c-a7a7-4352-bbe2-c83943aae7bf,2026-09-23T00:01:01.286+00:00,2026-09-23T00:01:01.473+00:00,21072-30059,dryers,50170067,52000000,2026-09-23 00:01:01,2026-09-22 23:44:57,23,964.0,416.0,,Finished,
1,8e2c415c-a7a7-4352-bbe2-c83943aae7bf,2026-09-23T00:01:01.286+00:00,2026-09-23T00:01:01.473+00:00,21072-30059,dryers,50170074,72000000,2026-09-23 00:01:01,2026-09-22 20:42:32,46,11909.0,-9149.0,,Available,website maps this code to Available
1,8e2c415c-a7a7-4352-bbe2-c83943aae7bf,2026-09-23T00:01:01.286+00:00,2026-09-23T00:01:01.473+00:00,21072-30059,dryers,50170071,72000000,2026-09-23 00:01:01,2026-09-22 21:56:40,46,7461.0,-4701.0,,Available,website maps this code to Available
1,8e2c415c-a7a7-4352-bbe2-c83943aae7bf,2026-09-23T00:01:01.286+00:00,2026-09-23T00:01:01.473+00:00,21072-30059,dryers,50170054,42000000,2026-09-23 00:01:01,2026-09-22 23:56:58,45,243.0,2457.0,41,Running,
1,b21e2a5d-8432-4ac6-b5e0-775d50bfcc14,2026-09-23T00:02:01.293+00:00,2026-09-23T00:02:01.481+00:00,21072-30059,washers,50170051,72000000,2026-09-23 00:02:01,2026-09-22 21:24:15,29,9466.0,-7726.0,,Available,website maps this code to Available
1,b21e2a5d-8432-4ac6-b5e0-775d50bfcc14,2026-09-23T00:02:01.293+00:00,2026-09-23T00:02:01.481+00:00,21072-30059,washers,50170080,72000000,2026-09-23 00:02:01,2026-09-22 21:25:24,29,9397.0,-7657.0,,Available,website maps this code to Available
1,b21e2a5d-8432-4ac6-b5e0-775d50bfcc14,2026-09-23T00:02:01.293+00:00,2026-09-23T00:02:01.481+00:00,21072-30059,washers,50170075,72000000,2026-09-23 00:02:01,2026-09-22 21:25:09,29,9412.0,-7672.0,,Available,website maps this code to Available
1,b21e2a5d-8432-4ac6-b5e0-775d50bfcc14,2026-09-23T00:02:01.293+00:00,2026-09-23T00:02:01.481+00:00,21072-30059,washers,50170082,72000000,2026-09-23 00:02:01,2026-09-22 21:24:54,29,9427.0,-7687.0,,Available,website maps this code to Available
1,b21e2a5d-8432-4ac6-b5e0-775d50bfcc14,2026-09-23T00:02:01.293+00:00,2026-09-23T00:02:01.481+00:00,21072-30059,washers,50170050,72000000,2026-09-23 00:02:01,2026-09-22 21:26:02,29,9359.0,-7619.0,,Available,website maps this code to Available
1,b21e2a5d-8432-4ac6-b5e0-775d50bfcc14,2026-09-23T00:02:01.293+00:00,2026-09-23T00:02:01.481+00:00,21072-30059,washers,50170052,72000000,2026-09-23 00:02:01,2026-09-22 21:27:37,29,9264.0,-7524.0,,Available,website maps this code to Available
1,b21e2a5d-8432-4ac6-b5e0-775d50bfcc14,2026-09-23T00:02:01.293+00:00,2026-09-23T00:02:01.481+00:00,21072-30059,washers,50170078,72000000,2026-09-23 00:02:01,2026-09-22 21:29:00,29,9181.0,-7441.0,,Available,website maps this code to Available
1,b21e2a5d-8432-4ac6-b5e0-775d50bfcc14,2026-09-23T00:02:01.293+00:00,2026-09-23T00:02:01.481+00:00,21072-30059,washers,50170084,72000000,2026-09-23 00:02:01,2026-09-22 07:02:40,29,61161.0,-59421.0,,Available,website maps this code to Available
1,b21e2a5d-8432-4ac6-b5e0-775d50bfcc14,2026-09-23T00:02:01.293+00:00,2026-09-23T00:02:01.481+00:00,21072-30059,washers,50170068,72000000,2026-09-23 00:02:01,2026-09-22 22:20:28,29,6093.0,-4353.0,,Available,website maps this code to Available
1,b21e2a5d-8432-4ac6-b5e0-775d50bfcc14,2026-09-23T00:02:01.293+00:00,2026-09-23T00:02:01.481+00:00,21072-30059,washers,50170072,72000000,2026-09-23 00:02:01,2026-09-22 22:23:09,29,5932.0,-4192.0,,Available,website maps this code to Available
1,b21e2a5d-8432-4ac6-b5e0-775d50bfcc14,2026-09-23T00:02:01.293+00:00,2026-09-23T00:02:01.481+00:00,21072-30059,washers,20483408,72000000,2026-09-23 00:02:01,2024-12-20 00:43:32,0,55466309.0,-55466309.0,,Available,website maps this code to Available
1,b21e2a5d-8432-4ac6-b5e0-775d50bfcc14,2026-09-23T00:02:01.293+00:00,2026-09-23T00:02:01.481+00:00,21072-30059,washers,50170055,72000000,2026-09-23 00:02:01,2026-09-22 22:58:37,29,3804.0,-2064.0,,Available,website maps this code to Available
1,b21e2a5d-8432-4ac6-b5e0-775d50bfcc14,2026-09-23T00:02:01.293+00:00,2026-09-23T00:02:01.481+00:00,21072-30059,dryers,50170058,72000000,2026-09-23 00:02:01,2026-09-12 03:29:03,46,937978.0,-935218.0,,Available,website maps this code to Available
1,b21e2a5d-8432-4ac6-b5e0-775d50bfcc14,2026-09-23T00:02:01.293+00:00,2026-09-23T00:02:01.481+00:00,21072-30059,dryers,50170061,72000000,2026-09-23 00:02:01,2026-09-22 22:55:19,46,4002.0,-1242.0,,Available,website maps this code to Available
1,b21e2a5d-8432-4ac6-b5e0-775d50bfcc14,2026-09-23T00:02:01.293+00:00,2026-09-23T00:02:01.481+00:00,21072-30059,dryers,50170081,72000000,2026-09-23 00:02:01,2026-09-22 22:55:35,46,3986.0,-1226.0,,Available,website maps this code to Available
1,b21e2a5d-8432-4ac6-b5e0-775d50bfcc14,2026-09-23T00:02:01.293+00:00,2026-09-23T00:02:01.481+00:00,21072-30059,dryers,50170060,52000000,2026-09-23 00:02:01,2026-09-22 22:10:55,23,6666.0,-5286.0,,Available,website fallback: report over 1 hour old
1,b21e2a5d-8432-4ac6-b5e0-775d50bfcc14,2026-09-23T00:02:01.293+00:00,2026-09-23T00:02:01.481+00:00,21072-30059,dryers,50170087,52000000,2026-09-23 00:02:01,2026-09-22 22:12:10,23,6591.0,-5211.0,,Available,website fallback: report over 1 hour old
1,b21e2a5d-8432-4ac6-b5e0-775d50bfcc14,2026-09-23T00:02:01.293+00:00,2026-09-23T00:02:01.481+00:00,21072-30059,dryers,50170064,72000000,2026-09-23 00:02:01,2026-09-22 07:01:55,46,61206.0,-58446.0,,Available,website maps this code to Available
1,b21e2a5d-8432-4ac6-b5e0-775d50bfcc14,2026-09-23T00:02:01.293+00:00,2026-09-23T00:02:01.481+00:00,21072-30059,dryers,50170065,72000000,2026-09-23 00:02:01,2026-09-22 22:14:28,46,6453.0,-3693.0,,Available,website maps this code to Available
1,b21e2a5d-8432-4ac6-b5e0-775d50bfcc14,2026-09-23T00:02:01.293+00:00,2026-09-23T00:02:01.481+00:00,21072-30059,dryers,50170059,52000000,2026-09-23 00:02:01,2026-09-22 22:15:07,23,6414.0,-5034.0,,Available,website fallback: report over 1 hour old
1,b21e2a5d-8432-4ac6-b5e0-775d50bfcc14,2026-09-23T00:02:01.293+00:00,2026-09-23T00:02:01.481+00:00,21072-30059,dryers,50170057,72000000,2026-09-23 00:02:01,2026-09-22 22:55:47,46,3974.0,-1214.0,,Available,website maps this code to Available
1,b21e2a5d-8432-4ac6-b5e0-775d50bfcc14,2026-09-23T00:02:01.293+00:00,2026-09-23T00:02:01.481+00:00,21072-30059,dryers,50170062,72000000,2026-09-23 00:02:01,2026-09-22 23:06:22,46,3339.0,-579.0,,Available,website maps this code to Available
1,b21e2a5d-8432-4ac6-b5e0-775d50bfcc14,2026-09-23T00:02:01.293+00:00,2026-09-23T00:02:01.481+00:00,21072-30059,dryers,50170067,52000000,2026-09-23 00:02:01,2026-09-22 23:44:57,23,1024.0,356.0,,Finished,
1,b21e2a5d-8432-4ac6-b5e0-775d50bfcc14,2026-09-23T00:02:01.293+00:00,2026-09-23T00:02:01.481+00:00,21072-30059,dryers,50170074,72000000,2026-09-23 00:02:01,2026-09-22 20:42:32,46,11969.0,-9209.0,,Available,website maps this code to Available
1,b21e2a5d-8432-4ac6-b5e0-775d50bfcc14,2026-09-23T00:02:01.293+00:00,2026-09-23T00:02:01.481+00:00,21072-30059,dryers,50170071,72000000,2026-09-23 00:02:01,2026-09-22 21:56:40,46,7521.0,-4761.0,,Available,website maps this code to Available
1,b21e2a5d-8432-4ac6-b5e0-775d50bfcc14,2026-09-23T00:02:01.293+00:00,2026-09-23T00:02:01.481+00:00,21072-30059,dryers,50170054,42000000,2026-09-23 00:02:01,2026-09-22 23:56:58,45,303.0,2397.0,40,Running,
1,6185e43e-36ef-4061-9e2a-a107573dc9b9,2026-09-23T00:03:01.302+00:00,2026-09-23T00:03:01.481+00:00,21072-30059,washers,50170051,72000000,2026-09-23 00:03:01,2026-09-22 21:24:15,29,9526.0,-7786.0,,Available,website maps this code to Available
1,6185e43e-36ef-4061-9e2a-a107573dc9b9,2026-09-23T00:03:01.302+00:00,2026-09-23T00:03:01.481+00:00,21072-30059,washers,50170080,72000000,2026-09-23 00:03:01,2026-09-22 21:25:24,29,9457.0,-7717.0,,Available,website maps this code to Available
1,6185e43e-36ef-4061-9e2a-a107573dc9b9,2026-09-23T00:03:01.302+00:00,2026-09-23T00:03:01.481+00:00,21072-30059,washers,50170075,72000000,2026-09-23 00:03:01,2026-09-22 21:25:09,29,9472.0,-7732.0,,Available,website maps this code to Available
1,6185e43e-36ef-4061-9e2a-a107573dc9b9,2026-09-23T00:03:01.302+00:00,2026-09-23T00:03:01.481+00:00,21072-30059,washers,50170082,72000000,2026-09-23 00:03:01,2026-09-22 21:24:54,29,9487.0,-7747.0,,Available,website maps this code to Available
1,6185e43e-36ef-4061-9e2a-a107573dc9b9,2026-09-23T00:03:01.302+00:00,2026-09-23T00:03:01.481+00:00,21072-30059,washers,50170050,72000000,2026-09-23 00:03:01,2026-09-22 21:26:02,29,9419.0,-7679.0,,Available,website maps this code to Available
1,6185e43e-36ef-4061-9e2a-a107573dc9b9,2026-09-23T00:03:01.302+00:00,2026-09-23T00:03:01.481+00:00,21072-30059,washers,50170052,72000000,2026-09-23 00:03:01,2026-09-22 21:27:37,29,9324.0,-7584.0,,Available,website maps this code to Available
1,6185e43e-36ef-4061-9e2a-a107573dc9b9,2026-09-23T00:03:01.302+00:00,2026-09-23T00:03:01.481+00:00,21072-30059,washers,50170078,72000000,2026-09-23 00:03:01,2026-09-22 21:29:00,29,9241.0,-7501.0,,Available,website maps this code to Available
1,6185e43e-36ef-4061-9e2a-a107573dc9b9,2026-09-23T00:03:01.302+00:00,2026-09-23T00:03:01.481+00:00,21072-30059,washers,50170084,72000000,2026-09-23 00:03:01,2026-09-22 07:02:40,29,61221.0,-59481.0,,Available,website maps this code to Available
1,6185e43e-36ef-4061-9e2a-a107573dc9b9,2026-09-23T00:03:01.302+00:00,2026-09-23T00:03:01.481+00:00,21072-30059,washers,50170068,72000000,2026-09-23 00:03:01,2026-09-22 22:20:28,29,6153.0,-4413.0,,Available,website maps this code to Available
1,6185e43e-36ef-4061-9e2a-a107573dc9b9,2026-09-23T00:03:01.302+00:00,2026-09-23T00:03:01.481+00:00,21072-30059,washers,50170072,72000000,2026-09-23 00:03:01,2026-09-22 22:23:09,29,5992.0,-4252.0,,Available,website maps this code to Available
1,6185e43e-36ef-4061-9e2a-a107573dc9b9,2026-09-23T00:03:01.302+00:00,2026-09-23T00:03:01.481+00:00,21072-30059,washers,20483408,72000000,2026-09-23 00:03:01,2024-12-20 00:43:32,0,55466369.0,-55466369.0,,Available,website maps this code to Available
1,6185e43e-36ef-4061-9e2a-a107573dc9b9,2026-09-23T00:03:01.302+00:00,2026-09-23T00:03:01.481+00:00,21072-30059,washers,50170055,72000000,2026-09-23 00:03:01,2026-09-22 22:58:37,29,3864.0,-2124.0,,Available,website maps this code to Available
1,6185e43e-36ef-4061-9e2a-a107573dc9b9,2026-09-23T00:03:01.302+00:00,2026-09-23T00:03:01.481+00:00,21072-30059,dryers,50170058,72000000,2026-09-23 00:03:01,2026-09-12 03:29:03,46,938038.0,-935278.0,,Available,website maps this code to Available
1,6185e43e-36ef-4061-9e2a-a107573dc9b9,2026-09-23T00:03:01.302+00:00,2026-09-23T00:03:01.481+00:00,21072-30059,dryers,50170061,72000000,2026-09-23 00:03:01,2026-09-22 22:55:19,46,4062.0,-1302.0,,Available,website maps this code to Available
1,6185e43e-36ef-4061-9e2a-a107573dc9b9,2026-09-23T00:03:01.302+00:00,2026-09-23T00:03:01.481+00:00,21072-30059,dryers,50170081,72000000,2026-09-23 00:03:01,2026-09-22 22:55:35,46,4046.0,-1286.0,,Available,website maps this code to Available
1,6185e43e-36ef-4061-9e2a-a107573dc9b9,2026-09-23T00:03:01.302+00:00,2026-09-23T00:03:01.481+00:00,21072-30059,dryers,50170060,52000000,2026-09-23 00:03:01,2026-09-22 22:10:55,23,6726.0,-5346.0,,Available,website fallback: report over 1 hour old
1,6185e43e-36ef-4061-9e2a-a107573dc9b9,2026-09-23T00:03:01.302+00:00,2026-09-23T00:03:01.481+00:00,21072-30059,dryers,50170087,52000000,2026-09-23 00:03:01,2026-09-22 22:12:10,23,6651.0,-5271.0,,Available,website fallback: report over 1 hour old
1,6185e43e-36ef-4061-9e2a-a107573dc9b9,2026-09-23T00:03:01.302+00:00,2026-09-23T00:03:01.481+00:00,21072-30059,dryers,50170064,72000000,2026-09-23 00:03:01,2026-09-22 07:01:55,46,61266.0,-58506.0,,Available,website maps this code to Available
1,6185e43e-36ef-4061-9e2a-a107573dc9b9,2026-09-23T00:03:01.302+00:00,2026-09-23T00:03:01.481+00:00,21072-30059,dryers,50170065,72000000,2026-09-23 00:03:01,2026-09-22 22:14:28,46,6513.0,-3753.0,,Available,website maps this code to Available
1,6185e43e-36ef-4061-9e2a-a107573dc9b9,2026-09-23T00:03:01.302+00:00,2026-09-23T00:03:01.481+00:00,21072-30059,dryers,50170059,52000000,2026-09-23 00:03:01,2026-09-22 22:15:07,23,6474.0,-5094.0,,Available,website fallback: report over 1 hour old
1,6185e43e-36ef-4061-9e2a-a107573dc9b9,2026-09-23T00:03:01.302+00:00,2026-09-23T00:03:01.481+00:00,21072-30059,dryers,50170057,72000000,2026-09-23 00:03:01,2026-09-22 22:55:47,46,4034.0,-1274.0,,Available,website maps this code to Available
1,6185e43e-36ef-4061-9e2a-a107573dc9b9,2026-09-23T00:03:01.302+00:00,2026-09-23T00:03:01.481+00:00,21072-30059,dryers,50170062,72000000,2026-09-23 00:03:01,2026-09-22 23:06:22,46,3399.0,-639.0,,Available,website maps this code to Available
1,6185e43e-36ef-4061-9e2a-a107573dc9b9,2026-09-23T00:03:01.302+00:00,2026-09-23T00:03:01.481+00:00,21072-30059,dryers,50170067,52000000,2026-09-23 00:03:01,2026-09-22 23:44:57,23,1084.0,296.0,,Finished,
1,6185e43e-36ef-4061-9e2a-a107573dc9b9,2026-09-23T00:03:01.302+00:00,2026-09-23T00:03:01.481+00:00,21072-30059,dryers,50170074,72000000,2026-09-23 00:03:01,2026-09-22 20:42:32,46,12029.0,-9269.0,,Available,website maps this code to Available
1,6185e43e-36ef-4061-9e2a-a107573dc9b9,2026-09-23T00:03:01.302+00:00,2026-09-23T00:03:01.481+00:00,21072-30059,dryers,50170071,72000000,2026-09-23 00:03:01,2026-09-22 21:56:40,46,7581.0,-4821.0,,Available,website maps this code to Available
1,6185e43e-36ef-4061-9e2a-a107573dc9b9,2026-09-23T00:03:01.302+00:00,2026-09-23T00:03:01.481+00:00,21072-30059,dryers,50170054,42000000,2026-09-23 00:03:01,2026-09-22 23:56:58,45,363.0,2337.0,39,Running,
1,7e4e714b-090d-4c79-a65c-33a873a63c08,2026-09-23T00:04:01.385+00:00,2026-09-23T00:04:01.584+00:00,21072-30059,washers,50170051,72000000,2026-09-23 00:04:01,2026-09-22 21:24:15,29,9586.0,-7846.0,,Available,website maps this code to Available
1,7e4e714b-090d-4c79-a65c-33a873a63c08,2026-09-23T00:04:01.385+00:00,2026-09-23T00:04:01.584+00:00,21072-30059,washers,50170080,72000000,2026-09-23 00:04:01,2026-09-22 21:25:24,29,9517.0,-7777.0,,Available,website maps this code to Available
1,7e4e714b-090d-4c79-a65c-33a873a63c08,2026-09-23T00:04:01.385+00:00,2026-09-23T00:04:01.584+00:00,21072-30059,washers,50170075,72000000,2026-09-23 00:04:01,2026-09-22 21:25:09,29,9532.0,-7792.0,,Available,website maps this code to Available
1,7e4e714b-090d-4c79-a65c-33a873a63c08,2026-09-23T00:04:01.385+00:00,2026-09-23T00:04:01.584+00:00,21072-30059,washers,50170082,72000000,2026-09-23 00:04:01,2026-09-22 21:24:54,29,9547.0,-7807.0,,Available,website maps this code to Available
1,7e4e714b-090d-4c79-a65c-33a873a63c08,2026-09-23T00:04:01.385+00:00,2026-09-23T00:04:01.584+00:00,21072-30059,washers,50170050,72000000,2026-09-23 00:04:01,2026-09-22 21:26:02,29,9479.0,-7739.0,,Available,website maps this code to Available
1,7e4e714b-090d-4c79-a65c-33a873a63c08,2026-09-23T00:04:01.385+00:00,2026-09-23T00:04:01.584+00:00,21072-30059,washers,50170052,72000000,2026-09-23 00:04:01,2026-09-22 21:27:37,29,9384.0,-7644.0,,Available,website maps this code to Available
1,7e4e714b-090d-4c79-a65c-33a873a63c08,2026-09-23T00:04:01.385+00:00,2026-09-23T00:04:01.584+00:00,21072-30059,washers,50170078,72000000,2026-09-23 00:04:01,2026-09-22 21:29:00,29,9301.0,-7561.0,,Available,website maps this code to Available
1,7e4e714b-090d-4c79-a65c-33a873a63c08,2026-09-23T00:04:01.385+00:00,2026-09-23T00:04:01.584+00:00,21072-30059,washers,50170084,72000000,2026-09-23 00:04:01,2026-09-22 07:02:40,29,61281.0,-59541.0,,Available,website maps this code to Available
1,7e4e714b-090d-4c79-a65c-33a873a63c08,2026-09-23T00:04:01.385+00:00,2026-09-23T00:04:01.584+00:00,21072-30059,washers,50170068,72000000,2026-09-23 00:04:01,2026-09-22 22:20:28,29,6213.0,-4473.0,,Available,website maps this code to Available
1,7e4e714b-090d-4c79-a65c-33a873a63c08,2026-09-23T00:04:01.385+00:00,2026-09-23T00:04:01.584+00:00,21072-30059,washers,50170072,72000000,2026-09-23 00:04:01,2026-09-22 22:23:09,29,6052.0,-4312.0,,Available,website maps this code to Available
1,7e4e714b-090d-4c79-a65c-33a873a63c08,2026-09-23T00:04:01.385+00:00,2026-09-23T00:04:01.584+00:00,21072-30059,washers,20483408,72000000,2026-09-23 00:04:01,2024-12-20 00:43:32,0,55466429.0,-55466429.0,,Available,website maps this code to Available
1,7e4e714b-090d-4c79-a65c-33a873a63c08,2026-09-23T00:04:01.385+00:00,2026-09-23T00:04:01.584+00:00,21072-30059,washers,50170055,72000000,2026-09-23 00:04:01,2026-09-22 22:58:37,29,3924.0,-2184.0,,Available,website maps this code to Available
1,7e4e714b-090d-4c79-a65c-33a873a63c08,2026-09-23T00:04:01.385+00:00,2026-09-23T00:04:01.584+00:00,21072-30059,dryers,50170058,72000000,2026-09-23 00:04:01,2026-09-12 03:29:03,46,938098.0,-935338.0,,Available,website maps this code to Available
1,7e4e714b-090d-4c79-a65c-33a873a63c08,2026-09-23T00:04:01.385+00:00,2026-09-23T00:04:01.584+00:00,21072-30059,dryers,50170061,72000000,2026-09-23 00:04:01,2026-09-22 22:55:19,46,4122.0,-1362.0,,Available,website maps this code to Available
1,7e4e714b-090d-4c79-a65c-33a873a63c08,2026-09-23T00:04:01.385+00:00,2026-09-23T00:04:01.584+00:00,21072-30059,dryers,50170081,72000000,2026-09-23 00:04:01,2026-09-22 22:55:35,46,4106.0,-1346.0,,Available,website maps this code to Available
1,7e4e714b-090d-4c79-a65c-33a873a63c08,2026-09-23T00:04:01.385+00:00,2026-09-23T00:04:01.584+00:00,21072-30059,dryers,50170060,52000000,2026-09-23 00:04:01,2026-09-22 22:10:55,23,6786.0,-5406.0,,Available,website fallback: report over 1 hour old
1,7e4e714b-090d-4c79-a65c-33a873a63c08,2026-09-23T00:04:01.385+00:00,2026-09-23T00:04:01.584+00:00,21072-30059,dryers,50170087,52000000,2026-09-23 00:04:01,2026-09-22 22:12:10,23,6711.0,-5331.0,,Available,website fallback: report over 1 hour old
1,7e4e714b-090d-4c79-a65c-33a873a63c08,2026-09-23T00:04:01.385+00:00,2026-09-23T00:04:01.584+00:00,21072-30059,dryers,50170064,72000000,2026-09-23 00:04:01,2026-09-22 07:01:55,46,61326.0,-58566.0,,Available,website maps this code to Available
1,7e4e714b-090d-4c79-a65c-33a873a63c08,2026-09-23T00:04:01.385+00:00,2026-09-23T00:04:01.584+00:00,21072-30059,dryers,50170065,72000000,2026-09-23 00:04:01,2026-09-22 22:14:28,46,6573.0,-3813.0,,Available,website maps this code to Available
1,7e4e714b-090d-4c79-a65c-33a873a63c08,2026-09-23T00:04:01.385+00:00,2026-09-23T00:04:01.584+00:00,21072-30059,dryers,50170059,52000000,2026-09-23 00:04:01,2026-09-22 22:15:07,23,6534.0,-5154.0,,Available,website fallback: report over 1 hour old
1,7e4e714b-090d-4c79-a65c-33a873a63c08,2026-09-23T00:04:01.385+00:00,2026-09-23T00:04:01.584+00:00,21072-30059,dryers,50170057,72000000,2026-09-23 00:04:01,2026-09-22 22:55:47,46,4094.0,-1334.0,,Available,website maps this code to Available
1,7e4e714b-090d-4c79-a65c-33a873a63c08,2026-09-23T00:04:01.385+00:00,2026-09-23T00:04:01.584+00:00,21072-30059,dryers,50170062,72000000,2026-09-23 00:04:01,2026-09-22 23:06:22,46,3459.0,-699.0,,Available,website maps this code to Available
1,7e4e714b-090d-4c79-a65c-33a873a63c08,2026-09-23T00:04:01.385+00:00,2026-09-23T00:04:01.584+00:00,21072-30059,dryers,50170067,52000000,2026-09-23 00:04:01,2026-09-22 23:44:57,23,1144.0,236.0,,Finished,
1,7e4e714b-090d-4c79-a65c-33a873a63c08,2026-09-23T00:04:01.385+00:00,2026-09-23T00:04:01.584+00:00,21072-30059,dryers,50170074,72000000,2026-09-23 00:04:01,2026-09-22 20:42:32,46,12089.0,-9329.0,,Available,website maps this code to Available
1,7e4e714b-090d-4c79-a65c-33a873a63c08,2026-09-23T00:04:01.385+00:00,2026-09-23T00:04:01.584+00:00,21072-30059,dryers,50170071,72000000,2026-09-23 00:04:01,2026-09-22 21:56:40,46,7641.0,-4881.0,,Available,website maps this code to Available
1,7e4e714b-090d-4c79-a65c-33a873a63c08,2026-09-23T00:04:01.385+00:00,2026-09-23T00:04:01.584+00:00,21072-30059,dryers,50170054,42000000,2026-09-23 00:04:01,2026-09-22 23:56:58,45,423.0,2277.0,38,Running,
1,d0be0b70-c22b-4cdf-b9d5-bc8609465e85,2026-09-23T00:05:01.270+00:00,2026-09-23T00:05:01.482+00:00,21072-30059,washers,50170051,72000000,2026-09-23 00:05:01,2026-09-22 21:24:15,29,9646.0,-7906.0,,Available,website maps this code to Available
1,d0be0b70-c22b-4cdf-b9d5-bc8609465e85,2026-09-23T00:05:01.270+00:00,2026-09-23T00:05:01.482+00:00,21072-30059,washers,50170080,72000000,2026-09-23 00:05:01,2026-09-22 21:25:24,29,9577.0,-7837.0,,Available,website maps this code to Available
1,d0be0b70-c22b-4cdf-b9d5-bc8609465e85,2026-09-23T00:05:01.270+00:00,2026-09-23T00:05:01.482+00:00,21072-30059,washers,50170075,72000000,2026-09-23 00:05:01,2026-09-22 21:25:09,29,9592.0,-7852.0,,Available,website maps this code to Available
1,d0be0b70-c22b-4cdf-b9d5-bc8609465e85,2026-09-23T00:05:01.270+00:00,2026-09-23T00:05:01.482+00:00,21072-30059,washers,50170082,72000000,2026-09-23 00:05:01,2026-09-22 21:24:54,29,9607.0,-7867.0,,Available,website maps this code to Available
1,d0be0b70-c22b-4cdf-b9d5-bc8609465e85,2026-09-23T00:05:01.270+00:00,2026-09-23T00:05:01.482+00:00,21072-30059,washers,50170050,72000000,2026-09-23 00:05:01,2026-09-22 21:26:02,29,9539.0,-7799.0,,Available,website maps this code to Available
1,d0be0b70-c22b-4cdf-b9d5-bc8609465e85,2026-09-23T00:05:01.270+00:00,2026-09-23T00:05:01.482+00:00,21072-30059,washers,50170052,72000000,2026-09-23 00:05:01,2026-09-22 21:27:37,29,9444.0,-7704.0,,Available,website maps this code to Available
1,d0be0b70-c22b-4cdf-b9d5-bc8609465e85,2026-09-23T00:05:01.270+00:00,2026-09-23T00:05:01.482+00:00,21072-30059,washers,50170078,72000000,2026-09-23 00:05:01,2026-09-22 21:29:00,29,9361.0,-7621.0,,Available,website maps this code to Available
1,d0be0b70-c22b-4cdf-b9d5-bc8609465e85,2026-09-23T00:05:01.270+00:00,2026-09-23T00:05:01.482+00:00,21072-30059,washers,50170084,72000000,2026-09-23 00:05:01,2026-09-22 07:02:40,29,61341.0,-59601.0,,Available,website maps this code to Available
1,d0be0b70-c22b-4cdf-b9d5-bc8609465e85,2026-09-23T00:05:01.270+00:00,2026-09-23T00:05:01.482+00:00,21072-30059,washers,50170068,72000000,2026-09-23 00:05:01,2026-09-22 22:20:28,29,6273.0,-4533.0,,Available,website maps this code to Available
1,d0be0b70-c22b-4cdf-b9d5-bc8609465e85,2026-09-23T00:05:01.270+00:00,2026-09-23T00:05:01.482+00:00,21072-30059,washers,50170072,72000000,2026-09-23 00:05:01,2026-09-22 22:23:09,29,6112.0,-4372.0,,Available,website maps this code to Available
1,d0be0b70-c22b-4cdf-b9d5-bc8609465e85,2026-09-23T00:05:01.270+00:00,2026-09-23T00:05:01.482+00:00,21072-30059,washers,20483408,72000000,2026-09-23 00:05:01,2024-12-20 00:43:32,0,55466489.0,-55466489.0,,Available,website maps this code to Available
1,d0be0b70-c22b-4cdf-b9d5-bc8609465e85,2026-09-23T00:05:01.270+00:00,2026-09-23T00:05:01.482+00:00,21072-30059,washers,50170055,72000000,2026-09-23 00:05:01,2026-09-22 22:58:37,29,3984.0,-2244.0,,Available,website maps this code to Available
1,d0be0b70-c22b-4cdf-b9d5-bc8609465e85,2026-09-23T00:05:01.270+00:00,2026-09-23T00:05:01.482+00:00,21072-30059,dryers,50170058,72000000,2026-09-23 00:05:01,2026-09-12 03:29:03,46,938158.0,-935398.0,,Available,website maps this code to Available
1,d0be0b70-c22b-4cdf-b9d5-bc8609465e85,2026-09-23T00:05:01.270+00:00,2026-09-23T00:05:01.482+00:00,21072-30059,dryers,50170061,72000000,2026-09-23 00:05:01,2026-09-22 22:55:19,46,4182.0,-1422.0,,Available,website maps this code to Available
1,d0be0b70-c22b-4cdf-b9d5-bc8609465e85,2026-09-23T00:05:01.270+00:00,2026-09-23T00:05:01.482+00:00,21072-30059,dryers,50170081,72000000,2026-09-23 00:05:01,2026-09-22 22:55:35,46,4166.0,-1406.0,,Available,website maps this code to Available
1,d0be0b70-c22b-4cdf-b9d5-bc8609465e85,2026-09-23T00:05:01.270+00:00,2026-09-23T00:05:01.482+00:00,21072-30059,dryers,50170060,52000000,2026-09-23 00:05:01,2026-09-22 22:10:55,23,6846.0,-5466.0,,Available,website fallback: report over 1 hour old
1,d0be0b70-c22b-4cdf-b9d5-bc8609465e85,2026-09-23T00:05:01.270+00:00,2026-09-23T00:05:01.482+00:00,21072-30059,dryers,50170087,52000000,2026-09-23 00:05:01,2026-09-22 22:12:10,23,6771.0,-5391.0,,Available,website fallback: report over 1 hour old
1,d0be0b70-c22b-4cdf-b9d5-bc8609465e85,2026-09-23T00:05:01.270+00:00,2026-09-23T00:05:01.482+00:00,21072-30059,dryers,50170064,72000000,2026-09-23 00:05:01,2026-09-22 07:01:55,46,61386.0,-58626.0,,Available,website maps this code to Available
1,d0be0b70-c22b-4cdf-b9d5-bc8609465e85,2026-09-23T00:05:01.270+00:00,2026-09-23T00:05:01.482+00:00,21072-30059,dryers,50170065,72000000,2026-09-23 00:05:01,2026-09-22 22:14:28,46,6633.0,-3873.0,,Available,website maps this code to Available
1,d0be0b70-c22b-4cdf-b9d5-bc8609465e85,2026-09-23T00:05:01.270+00:00,2026-09-23T00:05:01.482+00:00,21072-30059,dryers,50170059,52000000,2026-09-23 00:05:01,2026-09-22 22:15:07,23,6594.0,-5214.0,,Available,website fallback: report over 1 hour old
1,d0be0b70-c22b-4cdf-b9d5-bc8609465e85,2026-09-23T00:05:01.270+00:00,2026-09-23T00:05:01.482+00:00,21072-30059,dryers,50170057,72000000,2026-09-23 00:05:01,2026-09-22 22:55:47,46,4154.0,-1394.0,,Available,website maps this code to Available
1,d0be0b70-c22b-4cdf-b9d5-bc8609465e85,2026-09-23T00:05:01.270+00:00,2026-09-23T00:05:01.482+00:00,21072-30059,dryers,50170062,72000000,2026-09-23 00:05:01,2026-09-22 23:06:22,46,3519.0,-759.0,,Available,website maps this code to Available
1,d0be0b70-c22b-4cdf-b9d5-bc8609465e85,2026-09-23T00:05:01.270+00:00,2026-09-23T00:05:01.482+00:00,21072-30059,dryers,50170067,52000000,2026-09-23 00:05:01,2026-09-22 23:44:57,23,1204.0,176.0,,Finished,
1,d0be0b70-c22b-4cdf-b9d5-bc8609465e85,2026-09-23T00:05:01.270+00:00,2026-09-23T00:05:01.482+00:00,21072-30059,dryers,50170074,72000000,2026-09-23 00:05:01,2026-09-22 20:42:32,46,12149.0,-9389.0,,Available,website maps this code to Available
1,d0be0b70-c22b-4cdf-b9d5-bc8609465e85,2026-09-23T00:05:01.270+00:00,2026-09-23T00:05:01.482+00:00,21072-30059,dryers,50170071,72000000,2026-09-23 00:05:01,2026-09-22 21:56:40,46,7701.0,-4941.0,,Available,website maps this code to Available
1,d0be0b70-c22b-4cdf-b9d5-bc8609465e85,2026-09-23T00:05:01.270+00:00,2026-09-23T00:05:01.482+00:00,21072-30059,dryers,50170054,42000000,2026-09-23 00:05:01,2026-09-22 23:56:58,45,483.0,2217.0,37,Running,
1,0c3eaf46-dfc9-47e5-b9ed-1fe250439f5c,2026-09-23T00:06:01.266+00:00,2026-09-23T00:06:01.527+00:00,21072-30059,washers,50170051,72000000,2026-09-23 00:06:01,2026-09-22 21:24:15,29,9706.0,-7966.0,,Available,website maps this code to Available
1,0c3eaf46-dfc9-47e5-b9ed-1fe250439f5c,2026-09-23T00:06:01.266+00:00,2026-09-23T00:06:01.527+00:00,21072-30059,washers,50170080,72000000,2026-09-23 00:06:01,2026-09-22 21:25:24,29,9637.0,-7897.0,,Available,website maps this code to Available
1,0c3eaf46-dfc9-47e5-b9ed-1fe250439f5c,2026-09-23T00:06:01.266+00:00,2026-09-23T00:06:01.527+00:00,21072-30059,washers,50170075,72000000,2026-09-23 00:06:01,2026-09-22 21:25:09,29,9652.0,-7912.0,,Available,website maps this code to Available
1,0c3eaf46-dfc9-47e5-b9ed-1fe250439f5c,2026-09-23T00:06:01.266+00:00,2026-09-23T00:06:01.527+00:00,21072-30059,washers,50170082,72000000,2026-09-23 00:06:01,2026-09-22 21:24:54,29,9667.0,-7927.0,,Available,website maps this code to Available
1,0c3eaf46-dfc9-47e5-b9ed-1fe250439f5c,2026-09-23T00:06:01.266+00:00,2026-09-23T00:06:01.527+00:00,21072-30059,washers,50170050,72000000,2026-09-23 00:06:01,2026-09-22 21:26:02,29,9599.0,-7859.0,,Available,website maps this code to Available
1,0c3eaf46-dfc9-47e5-b9ed-1fe250439f5c,2026-09-23T00:06:01.266+00:00,2026-09-23T00:06:01.527+00:00,21072-30059,washers,50170052,72000000,2026-09-23 00:06:01,2026-09-22 21:27:37,29,9504.0,-7764.0,,Available,website maps this code to Available
1,0c3eaf46-dfc9-47e5-b9ed-1fe250439f5c,2026-09-23T00:06:01.266+00:00,2026-09-23T00:06:01.527+00:00,21072-30059,washers,50170078,72000000,2026-09-23 00:06:01,2026-09-22 21:29:00,29,9421.0,-7681.0,,Available,website maps this code to Available
1,0c3eaf46-dfc9-47e5-b9ed-1fe250439f5c,2026-09-23T00:06:01.266+00:00,2026-09-23T00:06:01.527+00:00,21072-30059,washers,50170084,72000000,2026-09-23 00:06:01,2026-09-22 07:02:40,29,61401.0,-59661.0,,Available,website maps this code to Available
1,0c3eaf46-dfc9-47e5-b9ed-1fe250439f5c,2026-09-23T00:06:01.266+00:00,2026-09-23T00:06:01.527+00:00,21072-30059,washers,50170068,72000000,2026-09-23 00:06:01,2026-09-22 22:20:28,29,6333.0,-4593.0,,Available,website maps this code to Available
1,0c3eaf46-dfc9-47e5-b9ed-1fe250439f5c,2026-09-23T00:06:01.266+00:00,2026-09-23T00:06:01.527+00:00,21072-30059,washers,50170072,72000000,2026-09-23 00:06:01,2026-09-22 22:23:09,29,6172.0,-4432.0,,Available,website maps this code to Available
1,0c3eaf46-dfc9-47e5-b9ed-1fe250439f5c,2026-09-23T00:06:01.266+00:00,2026-09-23T00:06:01.527+00:00,21072-30059,washers,20483408,72000000,2026-09-23 00:06:01,2024-12-20 00:43:32,0,55466549.0,-55466549.0,,Available,website maps this code to Available
1,0c3eaf46-dfc9-47e5-b9ed-1fe250439f5c,2026-09-23T00:06:01.266+00:00,2026-09-23T00:06:01.527+00:00,21072-30059,washers,50170055,72000000,2026-09-23 00:06:01,2026-09-22 22:58:37,29,4044.0,-2304.0,,Available,website maps this code to Available
1,0c3eaf46-dfc9-47e5-b9ed-1fe250439f5c,2026-09-23T00:06:01.266+00:00,2026-09-23T00:06:01.527+00:00,21072-30059,dryers,50170058,72000000,2026-09-23 00:06:01,2026-09-12 03:29:03,46,938218.0,-935458.0,,Available,website maps this code to Available
1,0c3eaf46-dfc9-47e5-b9ed-1fe250439f5c,2026-09-23T00:06:01.266+00:00,2026-09-23T00:06:01.527+00:00,21072-30059,dryers,50170061,72000000,2026-09-23 00:06:01,2026-09-22 22:55:19,46,4242.0,-1482.0,,Available,website maps this code to Available
1,0c3eaf46-dfc9-47e5-b9ed-1fe250439f5c,2026-09-23T00:06:01.266+00:00,2026-09-23T00:06:01.527+00:00,21072-30059,dryers,50170081,72000000,2026-09-23 00:06:01,2026-09-22 22:55:35,46,4226.0,-1466.0,,Available,website maps this code to Available
1,0c3eaf46-dfc9-47e5-b9ed-1fe250439f5c,2026-09-23T00:06:01.266+00:00,2026-09-23T00:06:01.527+00:00,21072-30059,dryers,50170060,52000000,2026-09-23 00:06:01,2026-09-22 22:10:55,23,6906.0,-5526.0,,Available,website fallback: report over 1 hour old
1,0c3eaf46-dfc9-47e5-b9ed-1fe250439f5c,2026-09-23T00:06:01.266+00:00,2026-09-23T00:06:01.527+00:00,21072-30059,dryers,50170087,52000000,2026-09-23 00:06:01,2026-09-22 22:12:10,23,6831.0,-5451.0,,Available,website fallback: report over 1 hour old
1,0c3eaf46-dfc9-47e5-b9ed-1fe250439f5c,2026-09-23T00:06:01.266+00:00,2026-09-23T00:06:01.527+00:00,21072-30059,dryers,50170064,72000000,2026-09-23 00:06:01,2026-09-22 07:01:55,46,61446.0,-58686.0,,Available,website maps this code to Available
1,0c3eaf46-dfc9-47e5-b9ed-1fe250439f5c,2026-09-23T00:06:01.266+00:00,2026-09-23T00:06:01.527+00:00,21072-30059,dryers,50170065,72000000,2026-09-23 00:06:01,2026-09-22 22:14:28,46,6693.0,-3933.0,,Available,website maps this code to Available
1,0c3eaf46-dfc9-47e5-b9ed-1fe250439f5c,2026-09-23T00:06:01.266+00:00,2026-09-23T00:06:01.527+00:00,21072-30059,dryers,50170059,52000000,2026-09-23 00:06:01,2026-09-22 22:15:07,23,6654.0,-5274.0,,Available,website fallback: report over 1 hour old
1,0c3eaf46-dfc9-47e5-b9ed-1fe250439f5c,2026-09-23T00:06:01.266+00:00,2026-09-23T00:06:01.527+00:00,21072-30059,dryers,50170057,72000000,2026-09-23 00:06:01,2026-09-22 22:55:47,46,4214.0,-1454.0,,Available,website maps this code to Available
1,0c3eaf46-dfc9-47e5-b9ed-1fe250439f5c,2026-09-23T00:06:01.266+00:00,2026-09-23T00:06:01.527+00:00,21072-30059,dryers,50170062,72000000,2026-09-23 00:06:01,2026-09-22 23:06:22,46,3579.0,-819.0,,Available,website maps this code to Available
1,0c3eaf46-dfc9-47e5-b9ed-1fe250439f5c,2026-09-23T00:06:01.266+00:00,2026-09-23T00:06:01.527+00:00,21072-30059,dryers,50170067,52000000,2026-09-23 00:06:01,2026-09-22 23:44:57,23,1264.0,116.0,,Finished,
1,0c3eaf46-dfc9-47e5-b9ed-1fe250439f5c,2026-09-23T00:06:01.266+00:00,2026-09-23T00:06:01.527+00:00,21072-30059,dryers,50170074,72000000,2026-09-23 00:06:01,2026-09-22 20:42:32,46,12209.0,-9449.0,,Available,website maps this code to Available
1,0c3eaf46-dfc9-47e5-b9ed-1fe250439f5c,2026-09-23T00:06:01.266+00:00,2026-09-23T00:06:01.527+00:00,21072-30059,dryers,50170071,72000000,2026-09-23 00:06:01,2026-09-22 21:56:40,46,7761.0,-5001.0,,Available,website maps this code to Available
1,0c3eaf46-dfc9-47e5-b9ed-1fe250439f5c,2026-09-23T00:06:01.266+00:00,2026-09-23T00:06:01.527+00:00,21072-30059,dryers,50170054,42000000,2026-09-23 00:06:01,2026-09-22 23:56:58,45,543.0,2157.0,36,Running,
1,3998cf8b-3fbe-4526-bb32-0c68eed3369e,2026-09-23T00:07:01.506+00:00,2026-09-23T00:07:01.706+00:00,21072-30059,washers,50170051,72000000,2026-09-23 00:07:01,2026-09-22 21:24:15,29,9766.0,-8026.0,,Available,website maps this code to Available
1,3998cf8b-3fbe-4526-bb32-0c68eed3369e,2026-09-23T00:07:01.506+00:00,2026-09-23T00:07:01.706+00:00,21072-30059,washers,50170080,72000000,2026-09-23 00:07:01,2026-09-22 21:25:24,29,9697.0,-7957.0,,Available,website maps this code to Available
1,3998cf8b-3fbe-4526-bb32-0c68eed3369e,2026-09-23T00:07:01.506+00:00,2026-09-23T00:07:01.706+00:00,21072-30059,washers,50170075,72000000,2026-09-23 00:07:01,2026-09-22 21:25:09,29,9712.0,-7972.0,,Available,website maps this code to Available
1,3998cf8b-3fbe-4526-bb32-0c68eed3369e,2026-09-23T00:07:01.506+00:00,2026-09-23T00:07:01.706+00:00,21072-30059,washers,50170082,72000000,2026-09-23 00:07:01,2026-09-22 21:24:54,29,9727.0,-7987.0,,Available,website maps this code to Available
1,3998cf8b-3fbe-4526-bb32-0c68eed3369e,2026-09-23T00:07:01.506+00:00,2026-09-23T00:07:01.706+00:00,21072-30059,washers,50170050,72000000,2026-09-23 00:07:01,2026-09-22 21:26:02,29,9659.0,-7919.0,,Available,website maps this code to Available
1,3998cf8b-3fbe-4526-bb32-0c68eed3369e,2026-09-23T00:07:01.506+00:00,2026-09-23T00:07:01.706+00:00,21072-30059,washers,50170052,72000000,2026-09-23 00:07:01,2026-09-22 21:27:37,29,9564.0,-7824.0,,Available,website maps this code to Available
1,3998cf8b-3fbe-4526-bb32-0c68eed3369e,2026-09-23T00:07:01.506+00:00,2026-09-23T00:07:01.706+00:00,21072-30059,washers,50170078,72000000,2026-09-23 00:07:01,2026-09-22 21:29:00,29,9481.0,-7741.0,,Available,website maps this code to Available
1,3998cf8b-3fbe-4526-bb32-0c68eed3369e,2026-09-23T00:07:01.506+00:00,2026-09-23T00:07:01.706+00:00,21072-30059,washers,50170084,72000000,2026-09-23 00:07:01,2026-09-22 07:02:40,29,61461.0,-59721.0,,Available,website maps this code to Available
1,3998cf8b-3fbe-4526-bb32-0c68eed3369e,2026-09-23T00:07:01.506+00:00,2026-09-23T00:07:01.706+00:00,21072-30059,washers,50170068,72000000,2026-09-23 00:07:01,2026-09-22 22:20:28,29,6393.0,-4653.0,,Available,website maps this code to Available
1,3998cf8b-3fbe-4526-bb32-0c68eed3369e,2026-09-23T00:07:01.506+00:00,2026-09-23T00:07:01.706+00:00,21072-30059,washers,50170072,72000000,2026-09-23 00:07:01,2026-09-22 22:23:09,29,6232.0,-4492.0,,Available,website maps this code to Available
1,3998cf8b-3fbe-4526-bb32-0c68eed3369e,2026-09-23T00:07:01.506+00:00,2026-09-23T00:07:01.706+00:00,21072-30059,washers,20483408,72000000,2026-09-23 00:07:01,2024-12-20 00:43:32,0,55466609.0,-55466609.0,,Available,website maps this code to Available
1,3998cf8b-3fbe-4526-bb32-0c68eed3369e,2026-09-23T00:07:01.506+00:00,2026-09-23T00:07:01.706+00:00,21072-30059,washers,50170055,72000000,2026-09-23 00:07:01,2026-09-22 22:58:37,29,4104.0,-2364.0,,Available,website maps this code to Available
1,3998cf8b-3fbe-4526-bb32-0c68eed3369e,2026-09-23T00:07:01.506+00:00,2026-09-23T00:07:01.706+00:00,21072-30059,dryers,50170058,72000000,2026-09-23 00:07:01,2026-09-12 03:29:03,46,938278.0,-935518.0,,Available,website maps this code to Available
1,3998cf8b-3fbe-4526-bb32-0c68eed3369e,2026-09-23T00:07:01.506+00:00,2026-09-23T00:07:01.706+00:00,21072-30059,dryers,50170061,72000000,2026-09-23 00:07:01,2026-09-22 22:55:19,46,4302.0,-1542.0,,Available,website maps this code to Available
1,3998cf8b-3fbe-4526-bb32-0c68eed3369e,2026-09-23T00:07:01.506+00:00,2026-09-23T00:07:01.706+00:00,21072-30059,dryers,50170081,72000000,2026-09-23 00:07:01,2026-09-22 22:55:35,46,4286.0,-1526.0,,Available,website maps this code to Available
1,3998cf8b-3fbe-4526-bb32-0c68eed3369e,2026-09-23T00:07:01.506+00:00,2026-09-23T00:07:01.706+00:00,21072-30059,dryers,50170060,52000000,2026-09-23 00:07:01,2026-09-22 22:10:55,23,6966.0,-5586.0,,Available,website fallback: report over 1 hour old
1,3998cf8b-3fbe-4526-bb32-0c68eed3369e,2026-09-23T00:07:01.506+00:00,2026-09-23T00:07:01.706+00:00,21072-30059,dryers,50170087,52000000,2026-09-23 00:07:01,2026-09-22 22:12:10,23,6891.0,-5511.0,,Available,website fallback: report over 1 hour old
1,3998cf8b-3fbe-4526-bb32-0c68eed3369e,2026-09-23T00:07:01.506+00:00,2026-09-23T00:07:01.706+00:00,21072-30059,dryers,50170064,72000000,2026-09-23 00:07:01,2026-09-22 07:01:55,46,61506.0,-58746.0,,Available,website maps this code to Available
1,3998cf8b-3fbe-4526-bb32-0c68eed3369e,2026-09-23T00:07:01.506+00:00,2026-09-23T00:07:01.706+00:00,21072-30059,dryers,50170065,72000000,2026-09-23 00:07:01,2026-09-22 22:14:28,46,6753.0,-3993.0,,Available,website maps this code to Available
1,3998cf8b-3fbe-4526-bb32-0c68eed3369e,2026-09-23T00:07:01.506+00:00,2026-09-23T00:07:01.706+00:00,21072-30059,dryers,50170059,52000000,2026-09-23 00:07:01,2026-09-22 22:15:07,23,6714.0,-5334.0,,Available,website fallback: report over 1 hour old
1,3998cf8b-3fbe-4526-bb32-0c68eed3369e,2026-09-23T00:07:01.506+00:00,2026-09-23T00:07:01.706+00:00,21072-30059,dryers,50170057,72000000,2026-09-23 00:07:01,2026-09-22 22:55:47,46,4274.0,-1514.0,,Available,website maps this code to Available
1,3998cf8b-3fbe-4526-bb32-0c68eed3369e,2026-09-23T00:07:01.506+00:00,2026-09-23T00:07:01.706+00:00,21072-30059,dryers,50170062,72000000,2026-09-23 00:07:01,2026-09-22 23:06:22,46,3639.0,-879.0,,Available,website maps this code to Available
1,3998cf8b-3fbe-4526-bb32-0c68eed3369e,2026-09-23T00:07:01.506+00:00,2026-09-23T00:07:01.706+00:00,21072-30059,dryers,50170067,52000000,2026-09-23 00:07:01,2026-09-22 23:44:57,23,1324.0,56.0,,Finished,
1,3998cf8b-3fbe-4526-bb32-0c68eed3369e,2026-09-23T00:07:01.506+00:00,2026-09-23T00:07:01.706+00:00,21072-30059,dryers,50170074,72000000,2026-09-23 00:07:01,2026-09-22 20:42:32,46,12269.0,-9509.0,,Available,website maps this code to Available
1,3998cf8b-3fbe-4526-bb32-0c68eed3369e,2026-09-23T00:07:01.506+00:00,2026-09-23T00:07:01.706+00:00,21072-30059,dryers,50170071,72000000,2026-09-23 00:07:01,2026-09-22 21:56:40,46,7821.0,-5061.0,,Available,website maps this code to Available
1,3998cf8b-3fbe-4526-bb32-0c68eed3369e,2026-09-23T00:07:01.506+00:00,2026-09-23T00:07:01.706+00:00,21072-30059,dryers,50170054,42000000,2026-09-23 00:07:01,2026-09-22 23:56:58,45,603.0,2097.0,35,Running,
1,421f49f3-b1ec-4a00-a24f-a128089eaf27,2026-09-23T00:08:01.322+00:00,2026-09-23T00:08:01.514+00:00,21072-30059,washers,50170051,72000000,2026-09-23 00:08:01,2026-09-22 21:24:15,29,9826.0,-8086.0,,Available,website maps this code to Available
1,421f49f3-b1ec-4a00-a24f-a128089eaf27,2026-09-23T00:08:01.322+00:00,2026-09-23T00:08:01.514+00:00,21072-30059,washers,50170080,72000000,2026-09-23 00:08:01,2026-09-22 21:25:24,29,9757.0,-8017.0,,Available,website maps this code to Available
1,421f49f3-b1ec-4a00-a24f-a128089eaf27,2026-09-23T00:08:01.322+00:00,2026-09-23T00:08:01.514+00:00,21072-30059,washers,50170075,72000000,2026-09-23 00:08:01,2026-09-22 21:25:09,29,9772.0,-8032.0,,Available,website maps this code to Available
1,421f49f3-b1ec-4a00-a24f-a128089eaf27,2026-09-23T00:08:01.322+00:00,2026-09-23T00:08:01.514+00:00,21072-30059,washers,50170082,72000000,2026-09-23 00:08:01,2026-09-22 21:24:54,29,9787.0,-8047.0,,Available,website maps this code to Available
1,421f49f3-b1ec-4a00-a24f-a128089eaf27,2026-09-23T00:08:01.322+00:00,2026-09-23T00:08:01.514+00:00,21072-30059,washers,50170050,72000000,2026-09-23 00:08:01,2026-09-22 21:26:02,29,9719.0,-7979.0,,Available,website maps this code to Available
1,421f49f3-b1ec-4a00-a24f-a128089eaf27,2026-09-23T00:08:01.322+00:00,2026-09-23T00:08:01.514+00:00,21072-30059,washers,50170052,72000000,2026-09-23 00:08:01,2026-09-22 21:27:37,29,9624.0,-7884.0,,Available,website maps this code to Available
1,421f49f3-b1ec-4a00-a24f-a128089eaf27,2026-09-23T00:08:01.322+00:00,2026-09-23T00:08:01.514+00:00,21072-30059,washers,50170078,72000000,2026-09-23 00:08:01,2026-09-22 21:29:00,29,9541.0,-7801.0,,Available,website maps this code to Available
1,421f49f3-b1ec-4a00-a24f-a128089eaf27,2026-09-23T00:08:01.322+00:00,2026-09-23T00:08:01.514+00:00,21072-30059,washers,50170084,72000000,2026-09-23 00:08:01,2026-09-22 07:02:40,29,61521.0,-59781.0,,Available,website maps this code to Available
1,421f49f3-b1ec-4a00-a24f-a128089eaf27,2026-09-23T00:08:01.322+00:00,2026-09-23T00:08:01.514+00:00,21072-30059,washers,50170068,72000000,2026-09-23 00:08:01,2026-09-22 22:20:28,29,6453.0,-4713.0,,Available,website maps this code to Available
1,421f49f3-b1ec-4a00-a24f-a128089eaf27,2026-09-23T00:08:01.322+00:00,2026-09-23T00:08:01.514+00:00,21072-30059,washers,50170072,72000000,2026-09-23 00:08:01,2026-09-22 22:23:09,29,6292.0,-4552.0,,Available,website maps this code to Available
1,421f49f3-b1ec-4a00-a24f-a128089eaf27,2026-09-23T00:08:01.322+00:00,2026-09-23T00:08:01.514+00:00,21072-30059,washers,20483408,72000000,2026-09-23 00:08:01,2024-12-20 00:43:32,0,55466669.0,-55466669.0,,Available,website maps this code to Available
1,421f49f3-b1ec-4a00-a24f-a128089eaf27,2026-09-23T00:08:01.322+00:00,2026-09-23T00:08:01.514+00:00,21072-30059,washers,50170055,72000000,2026-09-23 00:08:01,2026-09-22 22:58:37,29,4164.0,-2424.0,,Available,website maps this code to Available
1,421f49f3-b1ec-4a00-a24f-a128089eaf27,2026-09-23T00:08:01.322+00:00,2026-09-23T00:08:01.514+00:00,21072-30059,dryers,50170058,72000000,2026-09-23 00:08:01,2026-09-12 03:29:03,46,938338.0,-935578.0,,Available,website maps this code to Available
1,421f49f3-b1ec-4a00-a24f-a128089eaf27,2026-09-23T00:08:01.322+00:00,2026-09-23T00:08:01.514+00:00,21072-30059,dryers,50170061,72000000,2026-09-23 00:08:01,2026-09-22 22:55:19,46,4362.0,-1602.0,,Available,website maps this code to Available
1,421f49f3-b1ec-4a00-a24f-a128089eaf27,2026-09-23T00:08:01.322+00:00,2026-09-23T00:08:01.514+00:00,21072-30059,dryers,50170081,72000000,2026-09-23 00:08:01,2026-09-22 22:55:35,46,4346.0,-1586.0,,Available,website maps this code to Available
1,421f49f3-b1ec-4a00-a24f-a128089eaf27,2026-09-23T00:08:01.322+00:00,2026-09-23T00:08:01.514+00:00,21072-30059,dryers,50170060,52000000,2026-09-23 00:08:01,2026-09-22 22:10:55,23,7026.0,-5646.0,,Available,website fallback: report over 1 hour old
1,421f49f3-b1ec-4a00-a24f-a128089eaf27,2026-09-23T00:08:01.322+00:00,2026-09-23T00:08:01.514+00:00,21072-30059,dryers,50170087,52000000,2026-09-23 00:08:01,2026-09-22 22:12:10,23,6951.0,-5571.0,,Available,website fallback: report over 1 hour old
1,421f49f3-b1ec-4a00-a24f-a128089eaf27,2026-09-23T00:08:01.322+00:00,2026-09-23T00:08:01.514+00:00,21072-30059,dryers,50170064,72000000,2026-09-23 00:08:01,2026-09-22 07:01:55,46,61566.0,-58806.0,,Available,website maps this code to Available
1,421f49f3-b1ec-4a00-a24f-a128089eaf27,2026-09-23T00:08:01.322+00:00,2026-09-23T00:08:01.514+00:00,21072-30059,dryers,50170065,72000000,2026-09-23 00:08:01,2026-09-22 22:14:28,46,6813.0,-4053.0,,Available,website maps this code to Available
1,421f49f3-b1ec-4a00-a24f-a128089eaf27,2026-09-23T00:08:01.322+00:00,2026-09-23T00:08:01.514+00:00,21072-30059,dryers,50170059,52000000,2026-09-23 00:08:01,2026-09-22 22:15:07,23,6774.0,-5394.0,,Available,website fallback: report over 1 hour old
1,421f49f3-b1ec-4a00-a24f-a128089eaf27,2026-09-23T00:08:01.322+00:00,2026-09-23T00:08:01.514+00:00,21072-30059,dryers,50170057,72000000,2026-09-23 00:08:01,2026-09-22 22:55:47,46,4334.0,-1574.0,,Available,website maps this code to Available
1,421f49f3-b1ec-4a00-a24f-a128089eaf27,2026-09-23T00:08:01.322+00:00,2026-09-23T00:08:01.514+00:00,21072-30059,dryers,50170062,72000000,2026-09-23 00:08:01,2026-09-22 23:06:22,46,3699.0,-939.0,,Available,website maps this code to Available
1,421f49f3-b1ec-4a00-a24f-a128089eaf27,2026-09-23T00:08:01.322+00:00,2026-09-23T00:08:01.514+00:00,21072-30059,dryers,50170067,52000000,2026-09-23 00:08:01,2026-09-22 23:44:57,23,1384.0,-4.0,,Finished,
1,421f49f3-b1ec-4a00-a24f-a128089eaf27,2026-09-23T00:08:01.322+00:00,2026-09-23T00:08:01.514+00:00,21072-30059,dryers,50170074,72000000,2026-09-23 00:08:01,2026-09-22 20:42:32,46,12329.0,-9569.0,,Available,website maps this code to Available
1,421f49f3-b1ec-4a00-a24f-a128089eaf27,2026-09-23T00:08:01.322+00:00,2026-09-23T00:08:01.514+00:00,21072-30059,dryers,50170071,72000000,2026-09-23 00:08:01,2026-09-22 21:56:40,46,7881.0,-5121.0,,Available,website maps this code to Available
1,421f49f3-b1ec-4a00-a24f-a128089eaf27,2026-09-23T00:08:01.322+00:00,2026-09-23T00:08:01.514+00:00,21072-30059,dryers,50170054,42000000,2026-09-23 00:08:01,2026-09-22 23:56:58,45,663.0,2037.0,34,Running,
1,f3c4f561-9b68-42ac-a7d2-44f22df01e93,2026-09-23T00:09:01.282+00:00,2026-09-23T00:09:01.485+00:00,21072-30059,washers,50170051,72000000,2026-09-23 00:09:01,2026-09-22 21:24:15,29,9886.0,-8146.0,,Available,website maps this code to Available
1,f3c4f561-9b68-42ac-a7d2-44f22df01e93,2026-09-23T00:09:01.282+00:00,2026-09-23T00:09:01.485+00:00,21072-30059,washers,50170080,72000000,2026-09-23 00:09:01,2026-09-22 21:25:24,29,9817.0,-8077.0,,Available,website maps this code to Available
1,f3c4f561-9b68-42ac-a7d2-44f22df01e93,2026-09-23T00:09:01.282+00:00,2026-09-23T00:09:01.485+00:00,21072-30059,washers,50170075,72000000,2026-09-23 00:09:01,2026-09-22 21:25:09,29,9832.0,-8092.0,,Available,website maps this code to Available
1,f3c4f561-9b68-42ac-a7d2-44f22df01e93,2026-09-23T00:09:01.282+00:00,2026-09-23T00:09:01.485+00:00,21072-30059,washers,50170082,72000000,2026-09-23 00:09:01,2026-09-22 21:24:54,29,9847.0,-8107.0,,Available,website maps this code to Available
1,f3c4f561-9b68-42ac-a7d2-44f22df01e93,2026-09-23T00:09:01.282+00:00,2026-09-23T00:09:01.485+00:00,21072-30059,washers,50170050,72000000,2026-09-23 00:09:01,2026-09-22 21:26:02,29,9779.0,-8039.0,,Available,website maps this code to Available
1,f3c4f561-9b68-42ac-a7d2-44f22df01e93,2026-09-23T00:09:01.282+00:00,2026-09-23T00:09:01.485+00:00,21072-30059,washers,50170052,72000000,2026-09-23 00:09:01,2026-09-22 21:27:37,29,9684.0,-7944.0,,Available,website maps this code to Available
1,f3c4f561-9b68-42ac-a7d2-44f22df01e93,2026-09-23T00:09:01.282+00:00,2026-09-23T00:09:01.485+00:00,21072-30059,washers,50170078,72000000,2026-09-23 00:09:01,2026-09-22 21:29:00,29,9601.0,-7861.0,,Available,website maps this code to Available
1,f3c4f561-9b68-42ac-a7d2-44f22df01e93,2026-09-23T00:09:01.282+00:00,2026-09-23T00:09:01.485+00:00,21072-30059,washers,50170084,72000000,2026-09-23 00:09:01,2026-09-22 07:02:40,29,61581.0,-59841.0,,Available,website maps this code to Available
1,f3c4f561-9b68-42ac-a7d2-44f22df01e93,2026-09-23T00:09:01.282+00:00,2026-09-23T00:09:01.485+00:00,21072-30059,washers,50170068,72000000,2026-09-23 00:09:01,2026-09-22 22:20:28,29,6513.0,-4773.0,,Available,website maps this code to Available
1,f3c4f561-9b68-42ac-a7d2-44f22df01e93,2026-09-23T00:09:01.282+00:00,2026-09-23T00:09:01.485+00:00,21072-30059,washers,50170072,72000000,2026-09-23 00:09:01,2026-09-22 22:23:09,29,6352.0,-4612.0,,Available,website maps this code to Available
1,f3c4f561-9b68-42ac-a7d2-44f22df01e93,2026-09-23T00:09:01.282+00:00,2026-09-23T00:09:01.485+00:00,21072-30059,washers,20483408,72000000,2026-09-23 00:09:01,2024-12-20 00:43:32,0,55466729.0,-55466729.0,,Available,website maps this code to Available
1,f3c4f561-9b68-42ac-a7d2-44f22df01e93,2026-09-23T00:09:01.282+00:00,2026-09-23T00:09:01.485+00:00,21072-30059,washers,50170055,72000000,2026-09-23 00:09:01,2026-09-22 22:58:37,29,4224.0,-2484.0,,Available,website maps this code to Available
1,f3c4f561-9b68-42ac-a7d2-44f22df01e93,2026-09-23T00:09:01.282+00:00,2026-09-23T00:09:01.485+00:00,21072-30059,dryers,50170058,72000000,2026-09-23 00:09:01,2026-09-12 03:29:03,46,938398.0,-935638.0,,Available,website maps this code to Available
1,f3c4f561-9b68-42ac-a7d2-44f22df01e93,2026-09-23T00:09:01.282+00:00,2026-09-23T00:09:01.485+00:00,21072-30059,dryers,50170061,72000000,2026-09-23 00:09:01,2026-09-22 22:55:19,46,4422.0,-1662.0,,Available,website maps this code to Available
1,f3c4f561-9b68-42ac-a7d2-44f22df01e93,2026-09-23T00:09:01.282+00:00,2026-09-23T00:09:01.485+00:00,21072-30059,dryers,50170081,72000000,2026-09-23 00:09:01,2026-09-22 22:55:35,46,4406.0,-1646.0,,Available,website maps this code to Available
1,f3c4f561-9b68-42ac-a7d2-44f22df01e93,2026-09-23T00:09:01.282+00:00,2026-09-23T00:09:01.485+00:00,21072-30059,dryers,50170060,52000000,2026-09-23 00:09:01,2026-09-22 22:10:55,23,7086.0,-5706.0,,Available,website fallback: report over 1 hour old
1,f3c4f561-9b68-42ac-a7d2-44f22df01e93,2026-09-23T00:09:01.282+00:00,2026-09-23T00:09:01.485+00:00,21072-30059,dryers,50170087,52000000,2026-09-23 00:09:01,2026-09-22 22:12:10,23,7011.0,-5631.0,,Available,website fallback: report over 1 hour old
1,f3c4f561-9b68-42ac-a7d2-44f22df01e93,2026-09-23T00:09:01.282+00:00,2026-09-23T00:09:01.485+00:00,21072-30059,dryers,50170064,72000000,2026-09-23 00:09:01,2026-09-22 07:01:55,46,61626.0,-58866.0,,Available,website maps this code to Available
1,f3c4f561-9b68-42ac-a7d2-44f22df01e93,2026-09-23T00:09:01.282+00:00,2026-09-23T00:09:01.485+00:00,21072-30059,dryers,50170065,72000000,2026-09-23 00:09:01,2026-09-22 22:14:28,46,6873.0,-4113.0,,Available,website maps this code to Available
1,f3c4f561-9b68-42ac-a7d2-44f22df01e93,2026-09-23T00:09:01.282+00:00,2026-09-23T00:09:01.485+00:00,21072-30059,dryers,50170059,52000000,2026-09-23 00:09:01,2026-09-22 22:15:07,23,6834.0,-5454.0,,Available,website fallback: report over 1 hour old
1,f3c4f561-9b68-42ac-a7d2-44f22df01e93,2026-09-23T00:09:01.282+00:00,2026-09-23T00:09:01.485+00:00,21072-30059,dryers,50170057,72000000,2026-09-23 00:09:01,2026-09-22 22:55:47,46,4394.0,-1634.0,,Available,website maps this code to Available
1,f3c4f561-9b68-42ac-a7d2-44f22df01e93,2026-09-23T00:09:01.282+00:00,2026-09-23T00:09:01.485+00:00,21072-30059,dryers,50170062,72000000,2026-09-23 00:09:01,2026-09-22 23:06:22,46,3759.0,-999.0,,Available,website maps this code to Available
1,f3c4f561-9b68-42ac-a7d2-44f22df01e93,2026-09-23T00:09:01.282+00:00,2026-09-23T00:09:01.485+00:00,21072-30059,dryers,50170067,52000000,2026-09-23 00:09:01,2026-09-22 23:44:57,23,1444.0,-64.0,,Finished,
1,f3c4f561-9b68-42ac-a7d2-44f22df01e93,2026-09-23T00:09:01.282+00:00,2026-09-23T00:09:01.485+00:00,21072-30059,dryers,50170074,72000000,2026-09-23 00:09:01,2026-09-22 20:42:32,46,12389.0,-9629.0,,Available,website maps this code to Available
1,f3c4f561-9b68-42ac-a7d2-44f22df01e93,2026-09-23T00:09:01.282+00:00,2026-09-23T00:09:01.485+00:00,21072-30059,dryers,50170071,72000000,2026-09-23 00:09:01,2026-09-22 21:56:40,46,7941.0,-5181.0,,Available,website maps this code to Available
1,f3c4f561-9b68-42ac-a7d2-44f22df01e93,2026-09-23T00:09:01.282+00:00,2026-09-23T00:09:01.485+00:00,21072-30059,dryers,50170054,42000000,2026-09-23 00:09:01,2026-09-22 23:56:58,45,723.0,1977.0,33,Running,
1,5328b7c9-98c1-4eaf-8033-c722c0bdf664,2026-09-23T00:10:01.414+00:00,2026-09-23T00:10:01.635+00:00,21072-30059,washers,50170051,72000000,2026-09-23 00:10:01,2026-09-22 21:24:15,29,9946.0,-8206.0,,Available,website maps this code to Available
1,5328b7c9-98c1-4eaf-8033-c722c0bdf664,2026-09-23T00:10:01.414+00:00,2026-09-23T00:10:01.635+00:00,21072-30059,washers,50170080,72000000,2026-09-23 00:10:01,2026-09-22 21:25:24,29,9877.0,-8137.0,,Available,website maps this code to Available
1,5328b7c9-98c1-4eaf-8033-c722c0bdf664,2026-09-23T00:10:01.414+00:00,2026-09-23T00:10:01.635+00:00,21072-30059,washers,50170075,72000000,2026-09-23 00:10:01,2026-09-22 21:25:09,29,9892.0,-8152.0,,Available,website maps this code to Available
1,5328b7c9-98c1-4eaf-8033-c722c0bdf664,2026-09-23T00:10:01.414+00:00,2026-09-23T00:10:01.635+00:00,21072-30059,washers,50170082,72000000,2026-09-23 00:10:01,2026-09-22 21:24:54,29,9907.0,-8167.0,,Available,website maps this code to Available
1,5328b7c9-98c1-4eaf-8033-c722c0bdf664,2026-09-23T00:10:01.414+00:00,2026-09-23T00:10:01.635+00:00,21072-30059,washers,50170050,72000000,2026-09-23 00:10:01,2026-09-22 21:26:02,29,9839.0,-8099.0,,Available,website maps this code to Available
1,5328b7c9-98c1-4eaf-8033-c722c0bdf664,2026-09-23T00:10:01.414+00:00,2026-09-23T00:10:01.635+00:00,21072-30059,washers,50170052,72000000,2026-09-23 00:10:01,2026-09-22 21:27:37,29,9744.0,-8004.0,,Available,website maps this code to Available
1,5328b7c9-98c1-4eaf-8033-c722c0bdf664,2026-09-23T00:10:01.414+00:00,2026-09-23T00:10:01.635+00:00,21072-30059,washers,50170078,72000000,2026-09-23 00:10:01,2026-09-22 21:29:00,29,9661.0,-7921.0,,Available,website maps this code to Available
1,5328b7c9-98c1-4eaf-8033-c722c0bdf664,2026-09-23T00:10:01.414+00:00,2026-09-23T00:10:01.635+00:00,21072-30059,washers,50170084,72000000,2026-09-23 00:10:01,2026-09-22 07:02:40,29,61641.0,-59901.0,,Available,website maps this code to Available
1,5328b7c9-98c1-4eaf-8033-c722c0bdf664,2026-09-23T00:10:01.414+00:00,2026-09-23T00:10:01.635+00:00,21072-30059,washers,50170068,72000000,2026-09-23 00:10:01,2026-09-22 22:20:28,29,6573.0,-4833.0,,Available,website maps this code to Available
1,5328b7c9-98c1-4eaf-8033-c722c0bdf664,2026-09-23T00:10:01.414+00:00,2026-09-23T00:10:01.635+00:00,21072-30059,washers,50170072,72000000,2026-09-23 00:10:01,2026-09-22 22:23:09,29,6412.0,-4672.0,,Available,website maps this code to Available
1,5328b7c9-98c1-4eaf-8033-c722c0bdf664,2026-09-23T00:10:01.414+00:00,2026-09-23T00:10:01.635+00:00,21072-30059,washers,20483408,72000000,2026-09-23 00:10:01,2024-12-20 00:43:32,0,55466789.0,-55466789.0,,Available,website maps this code to Available
1,5328b7c9-98c1-4eaf-8033-c722c0bdf664,2026-09-23T00:10:01.414+00:00,2026-09-23T00:10:01.635+00:00,21072-30059,washers,50170055,72000000,2026-09-23 00:10:01,2026-09-22 22:58:37,29,4284.0,-2544.0,,Available,website maps this code to Available
1,5328b7c9-98c1-4eaf-8033-c722c0bdf664,2026-09-23T00:10:01.414+00:00,2026-09-23T00:10:01.635+00:00,21072-30059,dryers,50170058,72000000,2026-09-23 00:10:01,2026-09-12 03:29:03,46,938458.0,-935698.0,,Available,website maps this code to Available
1,5328b7c9-98c1-4eaf-8033-c722c0bdf664,2026-09-23T00:10:01.414+00:00,2026-09-23T00:10:01.635+00:00,21072-30059,dryers,50170061,72000000,2026-09-23 00:10:01,2026-09-22 22:55:19,46,4482.0,-1722.0,,Available,website maps this code to Available
1,5328b7c9-98c1-4eaf-8033-c722c0bdf664,2026-09-23T00:10:01.414+00:00,2026-09-23T00:10:01.635+00:00,21072-30059,dryers,50170081,72000000,2026-09-23 00:10:01,2026-09-22 22:55:35,46,4466.0,-1706.0,,Available,website maps this code to Available
1,5328b7c9-98c1-4eaf-8033-c722c0bdf664,2026-09-23T00:10:01.414+00:00,2026-09-23T00:10:01.635+00:00,21072-30059,dryers,50170060,52000000,2026-09-23 00:10:01,2026-09-22 22:10:55,23,7146.0,-5766.0,,Available,website fallback: report over 1 hour old
1,5328b7c9-98c1-4eaf-8033-c722c0bdf664,2026-09-23T00:10:01.414+00:00,2026-09-23T00:10:01.635+00:00,21072-30059,dryers,50170087,52000000,2026-09-23 00:10:01,2026-09-22 22:12:10,23,7071.0,-5691.0,,Available,website fallback: report over 1 hour old
1,5328b7c9-98c1-4eaf-8033-c722c0bdf664,2026-09-23T00:10:01.414+00:00,2026-09-23T00:10:01.635+00:00,21072-30059,dryers,50170064,72000000,2026-09-23 00:10:01,2026-09-22 07:01:55,46,61686.0,-58926.0,,Available,website maps this code to Available
1,5328b7c9-98c1-4eaf-8033-c722c0bdf664,2026-09-23T00:10:01.414+00:00,2026-09-23T00:10:01.635+00:00,21072-30059,dryers,50170065,72000000,2026-09-23 00:10:01,2026-09-22 22:14:28,46,6933.0,-4173.0,,Available,website maps this code to Available
1,5328b7c9-98c1-4eaf-8033-c722c0bdf664,2026-09-23T00:10:01.414+00:00,2026-09-23T00:10:01.635+00:00,21072-30059,dryers,50170059,52000000,2026-09-23 00:10:01,2026-09-22 22:15:07,23,6894.0,-5514.0,,Available,website fallback: report over 1 hour old
1,5328b7c9-98c1-4eaf-8033-c722c0bdf664,2026-09-23T00:10:01.414+00:00,2026-09-23T00:10:01.635+00:00,21072-30059,dryers,50170057,72000000,2026-09-23 00:10:01,2026-09-22 22:55:47,46,4454.0,-1694.0,,Available,website maps this code to Available
1,5328b7c9-98c1-4eaf-8033-c722c0bdf664,2026-09-23T00:10:01.414+00:00,2026-09-23T00:10:01.635+00:00,21072-30059,dryers,50170062,72000000,2026-09-23 00:10:01,2026-09-22 23:06:22,46,3819.0,-1059.0,,Available,website maps this code to Available
1,5328b7c9-98c1-4eaf-8033-c722c0bdf664,2026-09-23T00:10:01.414+00:00,2026-09-23T00:10:01.635+00:00,21072-30059,dryers,50170067,52000000,2026-09-23 00:10:01,2026-09-22 23:44:57,23,1504.0,-124.0,,Finished,
1,5328b7c9-98c1-4eaf-8033-c722c0bdf664,2026-09-23T00:10:01.414+00:00,2026-09-23T00:10:01.635+00:00,21072-30059,dryers,50170074,72000000,2026-09-23 00:10:01,2026-09-22 20:42:32,46,12449.0,-9689.0,,Available,website maps this code to Available
1,5328b7c9-98c1-4eaf-8033-c722c0bdf664,2026-09-23T00:10:01.414+00:00,2026-09-23T00:10:01.635+00:00,21072-30059,dryers,50170071,72000000,2026-09-23 00:10:01,2026-09-22 21:56:40,46,8001.0,-5241.0,,Available,website maps this code to Available
1,5328b7c9-98c1-4eaf-8033-c722c0bdf664,2026-09-23T00:10:01.414+00:00,2026-09-23T00:10:01.635+00:00,21072-30059,dryers,50170054,42000000,2026-09-23 00:10:01,2026-09-22 23:56:58,45,783.0,1917.0,32,Running,
1,8bf72484-4225-488e-8f53-8763d0ea045f,2026-09-23T00:11:01.367+00:00,2026-09-23T00:11:01.548+00:00,21072-30059,washers,50170051,72000000,2026-09-23 00:11:01,2026-09-22 21:24:15,29,10006.0,-8266.0,,Available,website maps this code to Available
1,8bf72484-4225-488e-8f53-8763d0ea045f,2026-09-23T00:11:01.367+00:00,2026-09-23T00:11:01.548+00:00,21072-30059,washers,50170080,72000000,2026-09-23 00:11:01,2026-09-22 21:25:24,29,9937.0,-8197.0,,Available,website maps this code to Available
1,8bf72484-4225-488e-8f53-8763d0ea045f,2026-09-23T00:11:01.367+00:00,2026-09-23T00:11:01.548+00:00,21072-30059,washers,50170075,72000000,2026-09-23 00:11:01,2026-09-22 21:25:09,29,9952.0,-8212.0,,Available,website maps this code to Available
1,8bf72484-4225-488e-8f53-8763d0ea045f,2026-09-23T00:11:01.367+00:00,2026-09-23T00:11:01.548+00:00,21072-30059,washers,50170082,72000000,2026-09-23 00:11:01,2026-09-22 21:24:54,29,9967.0,-8227.0,,Available,website maps this code to Available
1,8bf72484-4225-488e-8f53-8763d0ea045f,2026-09-23T00:11:01.367+00:00,2026-09-23T00:11:01.548+00:00,21072-30059,washers,50170050,72000000,2026-09-23 00:11:01,2026-09-22 21:26:02,29,9899.0,-8159.0,,Available,website maps this code to Available
1,8bf72484-4225-488e-8f53-8763d0ea045f,2026-09-23T00:11:01.367+00:00,2026-09-23T00:11:01.548+00:00,21072-30059,washers,50170052,72000000,2026-09-23 00:11:01,2026-09-22 21:27:37,29,9804.0,-8064.0,,Available,website maps this code to Available
1,8bf72484-4225-488e-8f53-8763d0ea045f,2026-09-23T00:11:01.367+00:00,2026-09-23T00:11:01.548+00:00,21072-30059,washers,50170078,72000000,2026-09-23 00:11:01,2026-09-22 21:29:00,29,9721.0,-7981.0,,Available,website maps this code to Available
1,8bf72484-4225-488e-8f53-8763d0ea045f,2026-09-23T00:11:01.367+00:00,2026-09-23T00:11:01.548+00:00,21072-30059,washers,50170084,72000000,2026-09-23 00:11:01,2026-09-22 07:02:40,29,61701.0,-59961.0,,Available,website maps this code to Available
1,8bf72484-4225-488e-8f53-8763d0ea045f,2026-09-23T00:11:01.367+00:00,2026-09-23T00:11:01.548+00:00,21072-30059,washers,50170068,72000000,2026-09-23 00:11:01,2026-09-22 22:20:28,29,6633.0,-4893.0,,Available,website maps this code to Available
1,8bf72484-4225-488e-8f53-8763d0ea045f,2026-09-23T00:11:01.367+00:00,2026-09-23T00:11:01.548+00:00,21072-30059,washers,50170072,72000000,2026-09-23 00:11:01,2026-09-22 22:23:09,29,6472.0,-4732.0,,Available,website maps this code to Available
1,8bf72484-4225-488e-8f53-8763d0ea045f,2026-09-23T00:11:01.367+00:00,2026-09-23T00:11:01.548+00:00,21072-30059,washers,20483408,72000000,2026-09-23 00:11:01,2024-12-20 00:43:32,0,55466849.0,-55466849.0,,Available,website maps this code to Available
1,8bf72484-4225-488e-8f53-8763d0ea045f,2026-09-23T00:11:01.367+00:00,2026-09-23T00:11:01.548+00:00,21072-30059,washers,50170055,72000000,2026-09-23 00:11:01,2026-09-22 22:58:37,29,4344.0,-2604.0,,Available,website maps this code to Available
1,8bf72484-4225-488e-8f53-8763d0ea045f,2026-09-23T00:11:01.367+00:00,2026-09-23T00:11:01.548+00:00,21072-30059,dryers,50170058,72000000,2026-09-23 00:11:01,2026-09-12 03:29:03,46,938518.0,-935758.0,,Available,website maps this code to Available
1,8bf72484-4225-488e-8f53-8763d0ea045f,2026-09-23T00:11:01.367+00:00,2026-09-23T00:11:01.548+00:00,21072-30059,dryers,50170061,72000000,2026-09-23 00:11:01,2026-09-22 22:55:19,46,4542.0,-1782.0,,Available,website maps this code to Available
1,8bf72484-4225-488e-8f53-8763d0ea045f,2026-09-23T00:11:01.367+00:00,2026-09-23T00:11:01.548+00:00,21072-30059,dryers,50170081,72000000,2026-09-23 00:11:01,2026-09-22 22:55:35,46,4526.0,-1766.0,,Available,website maps this code to Available
1,8bf72484-4225-488e-8f53-8763d0ea045f,2026-09-23T00:11:01.367+00:00,2026-09-23T00:11:01.548+00:00,21072-30059,dryers,50170060,52000000,2026-09-23 00:11:01,2026-09-22 22:10:55,23,7206.0,-5826.0,,Available,website fallback: report over 1 hour old
1,8bf72484-4225-488e-8f53-8763d0ea045f,2026-09-23T00:11:01.367+00:00,2026-09-23T00:11:01.548+00:00,21072-30059,dryers,50170087,52000000,2026-09-23 00:11:01,2026-09-22 22:12:10,23,7131.0,-5751.0,,Available,website fallback: report over 1 hour old
1,8bf72484-4225-488e-8f53-8763d0ea045f,2026-09-23T00:11:01.367+00:00,2026-09-23T00:11:01.548+00:00,21072-30059,dryers,50170064,72000000,2026-09-23 00:11:01,2026-09-22 07:01:55,46,61746.0,-58986.0,,Available,website maps this code to Available
1,8bf72484-4225-488e-8f53-8763d0ea045f,2026-09-23T00:11:01.367+00:00,2026-09-23T00:11:01.548+00:00,21072-30059,dryers,50170065,72000000,2026-09-23 00:11:01,2026-09-22 22:14:28,46,6993.0,-4233.0,,Available,website maps this code to Available
1,8bf72484-4225-488e-8f53-8763d0ea045f,2026-09-23T00:11:01.367+00:00,2026-09-23T00:11:01.548+00:00,21072-30059,dryers,50170059,52000000,2026-09-23 00:11:01,2026-09-22 22:15:07,23,6954.0,-5574.0,,Available,website fallback: report over 1 hour old
1,8bf72484-4225-488e-8f53-8763d0ea045f,2026-09-23T00:11:01.367+00:00,2026-09-23T00:11:01.548+00:00,21072-30059,dryers,50170057,72000000,2026-09-23 00:11:01,2026-09-22 22:55:47,46,4514.0,-1754.0,,Available,website maps this code to Available
1,8bf72484-4225-488e-8f53-8763d0ea045f,2026-09-23T00:11:01.367+00:00,2026-09-23T00:11:01.548+00:00,21072-30059,dryers,50170062,72000000,2026-09-23 00:11:01,2026-09-22 23:06:22,46,3879.0,-1119.0,,Available,website maps this code to Available
1,8bf72484-4225-488e-8f53-8763d0ea045f,2026-09-23T00:11:01.367+00:00,2026-09-23T00:11:01.548+00:00,21072-30059,dryers,50170067,52000000,2026-09-23 00:11:01,2026-09-22 23:44:57,23,1564.0,-184.0,,Finished,
1,8bf72484-4225-488e-8f53-8763d0ea045f,2026-09-23T00:11:01.367+00:00,2026-09-23T00:11:01.548+00:00,21072-30059,dryers,50170074,72000000,2026-09-23 00:11:01,2026-09-22 20:42:32,46,12509.0,-9749.0,,Available,website maps this code to Available
1,8bf72484-4225-488e-8f53-8763d0ea045f,2026-09-23T00:11:01.367+00:00,2026-09-23T00:11:01.548+00:00,21072-30059,dryers,50170071,72000000,2026-09-23 00:11:01,2026-09-22 21:56:40,46,8061.0,-5301.0,,Available,website maps this code to Available
1,8bf72484-4225-488e-8f53-8763d0ea045f,2026-09-23T00:11:01.367+00:00,2026-09-23T00:11:01.548+00:00,21072-30059,dryers,50170054,42000000,2026-09-23 00:11:01,2026-09-22 23:56:58,45,843.0,1857.0,31,Running,
1,eabcf235-67ff-48b3-ad63-909fb8725380,2026-09-23T00:12:01.298+00:00,2026-09-23T00:12:01.497+00:00,21072-30059,washers,50170051,72000000,2026-09-23 00:12:01,2026-09-22 21:24:15,29,10066.0,-8326.0,,Available,website maps this code to Available
1,eabcf235-67ff-48b3-ad63-909fb8725380,2026-09-23T00:12:01.298+00:00,2026-09-23T00:12:01.497+00:00,21072-30059,washers,50170080,72000000,2026-09-23 00:12:01,2026-09-22 21:25:24,29,9997.0,-8257.0,,Available,website maps this code to Available
1,eabcf235-67ff-48b3-ad63-909fb8725380,2026-09-23T00:12:01.298+00:00,2026-09-23T00:12:01.497+00:00,21072-30059,washers,50170075,72000000,2026-09-23 00:12:01,2026-09-22 21:25:09,29,10012.0,-8272.0,,Available,website maps this code to Available
1,eabcf235-67ff-48b3-ad63-909fb8725380,2026-09-23T00:12:01.298+00:00,2026-09-23T00:12:01.497+00:00,21072-30059,washers,50170082,72000000,2026-09-23 00:12:01,2026-09-22 21:24:54,29,10027.0,-8287.0,,Available,website maps this code to Available
1,eabcf235-67ff-48b3-ad63-909fb8725380,2026-09-23T00:12:01.298+00:00,2026-09-23T00:12:01.497+00:00,21072-30059,washers,50170050,72000000,2026-09-23 00:12:01,2026-09-22 21:26:02,29,9959.0,-8219.0,,Available,website maps this code to Available
1,eabcf235-67ff-48b3-ad63-909fb8725380,2026-09-23T00:12:01.298+00:00,2026-09-23T00:12:01.497+00:00,21072-30059,washers,50170052,72000000,2026-09-23 00:12:01,2026-09-22 21:27:37,29,9864.0,-8124.0,,Available,website maps this code to Available
1,eabcf235-67ff-48b3-ad63-909fb8725380,2026-09-23T00:12:01.298+00:00,2026-09-23T00:12:01.497+00:00,21072-30059,washers,50170078,72000000,2026-09-23 00:12:01,2026-09-22 21:29:00,29,9781.0,-8041.0,,Available,website maps this code to Available
1,eabcf235-67ff-48b3-ad63-909fb8725380,2026-09-23T00:12:01.298+00:00,2026-09-23T00:12:01.497+00:00,21072-30059,washers,50170084,72000000,2026-09-23 00:12:01,2026-09-22 07:02:40,29,61761.0,-60021.0,,Available,website maps this code to Available
1,eabcf235-67ff-48b3-ad63-909fb8725380,2026-09-23T00:12:01.298+00:00,2026-09-23T00:12:01.497+00:00,21072-30059,washers,50170068,72000000,2026-09-23 00:12:01,2026-09-22 22:20:28,29,6693.0,-4953.0,,Available,website maps this code to Available
1,eabcf235-67ff-48b3-ad63-909fb8725380,2026-09-23T00:12:01.298+00:00,2026-09-23T00:12:01.497+00:00,21072-30059,washers,50170072,72000000,2026-09-23 00:12:01,2026-09-22 22:23:09,29,6532.0,-4792.0,,Available,website maps this code to Available
1,eabcf235-67ff-48b3-ad63-909fb8725380,2026-09-23T00:12:01.298+00:00,2026-09-23T00:12:01.497+00:00,21072-30059,washers,20483408,72000000,2026-09-23 00:12:01,2024-12-20 00:43:32,0,55466909.0,-55466909.0,,Available,website maps this code to Available
1,eabcf235-67ff-48b3-ad63-909fb8725380,2026-09-23T00:12:01.298+00:00,2026-09-23T00:12:01.497+00:00,21072-30059,washers,50170055,72000000,2026-09-23 00:12:01,2026-09-22 22:58:37,29,4404.0,-2664.0,,Available,website maps this code to Available
1,eabcf235-67ff-48b3-ad63-909fb8725380,2026-09-23T00:12:01.298+00:00,2026-09-23T00:12:01.497+00:00,21072-30059,dryers,50170058,72000000,2026-09-23 00:12:01,2026-09-12 03:29:03,46,938578.0,-935818.0,,Available,website maps this code to Available
1,eabcf235-67ff-48b3-ad63-909fb8725380,2026-09-23T00:12:01.298+00:00,2026-09-23T00:12:01.497+00:00,21072-30059,dryers,50170061,72000000,2026-09-23 00:12:01,2026-09-22 22:55:19,46,4602.0,-1842.0,,Available,website maps this code to Available
1,eabcf235-67ff-48b3-ad63-909fb8725380,2026-09-23T00:12:01.298+00:00,2026-09-23T00:12:01.497+00:00,21072-30059,dryers,50170081,72000000,2026-09-23 00:12:01,2026-09-22 22:55:35,46,4586.0,-1826.0,,Available,website maps this code to Available
1,eabcf235-67ff-48b3-ad63-909fb8725380,2026-09-23T00:12:01.298+00:00,2026-09-23T00:12:01.497+00:00,21072-30059,dryers,50170060,52000000,2026-09-23 00:12:01,2026-09-22 22:10:55,23,7266.0,-5886.0,,Available,website fallback: report over 1 hour old
1,eabcf235-67ff-48b3-ad63-909fb8725380,2026-09-23T00:12:01.298+00:00,2026-09-23T00:12:01.497+00:00,21072-30059,dryers,50170087,52000000,2026-09-23 00:12:01,2026-09-22 22:12:10,23,7191.0,-5811.0,,Available,website fallback: report over 1 hour old
1,eabcf235-67ff-48b3-ad63-909fb8725380,2026-09-23T00:12:01.298+00:00,2026-09-23T00:12:01.497+00:00,21072-30059,dryers,50170064,72000000,2026-09-23 00:12:01,2026-09-22 07:01:55,46,61806.0,-59046.0,,Available,website maps this code to Available
1,eabcf235-67ff-48b3-ad63-909fb8725380,2026-09-23T00:12:01.298+00:00,2026-09-23T00:12:01.497+00:00,21072-30059,dryers,50170065,72000000,2026-09-23 00:12:01,2026-09-22 22:14:28,46,7053.0,-4293.0,,Available,website maps this code to Available
1,eabcf235-67ff-48b3-ad63-909fb8725380,2026-09-23T00:12:01.298+00:00,2026-09-23T00:12:01.497+00:00,21072-30059,dryers,50170059,52000000,2026-09-23 00:12:01,2026-09-22 22:15:07,23,7014.0,-5634.0,,Available,website fallback: report over 1 hour old
1,eabcf235-67ff-48b3-ad63-909fb8725380,2026-09-23T00:12:01.298+00:00,2026-09-23T00:12:01.497+00:00,21072-30059,dryers,50170057,72000000,2026-09-23 00:12:01,2026-09-22 22:55:47,46,4574.0,-1814.0,,Available,website maps this code to Available
1,eabcf235-67ff-48b3-ad63-909fb8725380,2026-09-23T00:12:01.298+00:00,2026-09-23T00:12:01.497+00:00,21072-30059,dryers,50170062,72000000,2026-09-23 00:12:01,2026-09-22 23:06:22,46,3939.0,-1179.0,,Available,website maps this code to Available
1,eabcf235-67ff-48b3-ad63-909fb8725380,2026-09-23T00:12:01.298+00:00,2026-09-23T00:12:01.497+00:00,21072-30059,dryers,50170067,52000000,2026-09-23 00:12:01,2026-09-22 23:44:57,23,1624.0,-244.0,,Finished,
1,eabcf235-67ff-48b3-ad63-909fb8725380,2026-09-23T00:12:01.298+00:00,2026-09-23T00:12:01.497+00:00,21072-30059,dryers,50170074,72000000,2026-09-23 00:12:01,2026-09-22 20:42:32,46,12569.0,-9809.0,,Available,website maps this code to Available
1,eabcf235-67ff-48b3-ad63-909fb8725380,2026-09-23T00:12:01.298+00:00,2026-09-23T00:12:01.497+00:00,21072-30059,dryers,50170071,72000000,2026-09-23 00:12:01,2026-09-22 21:56:40,46,8121.0,-5361.0,,Available,website maps this code to Available
1,eabcf235-67ff-48b3-ad63-909fb8725380,2026-09-23T00:12:01.298+00:00,2026-09-23T00:12:01.497+00:00,21072-30059,dryers,50170054,42000000,2026-09-23 00:12:01,2026-09-22 23:56:58,45,903.0,1797.0,30,Running,
1,9820e6e2-3555-4531-83fe-8b8e6d3ed2e3,2026-09-23T00:13:01.257+00:00,2026-09-23T00:13:01.434+00:00,21072-30059,washers,50170051,72000000,2026-09-23 00:13:01,2026-09-22 21:24:15,29,10126.0,-8386.0,,Available,website maps this code to Available
1,9820e6e2-3555-4531-83fe-8b8e6d3ed2e3,2026-09-23T00:13:01.257+00:00,2026-09-23T00:13:01.434+00:00,21072-30059,washers,50170080,72000000,2026-09-23 00:13:01,2026-09-22 21:25:24,29,10057.0,-8317.0,,Available,website maps this code to Available
1,9820e6e2-3555-4531-83fe-8b8e6d3ed2e3,2026-09-23T00:13:01.257+00:00,2026-09-23T00:13:01.434+00:00,21072-30059,washers,50170075,72000000,2026-09-23 00:13:01,2026-09-22 21:25:09,29,10072.0,-8332.0,,Available,website maps this code to Available
1,9820e6e2-3555-4531-83fe-8b8e6d3ed2e3,2026-09-23T00:13:01.257+00:00,2026-09-23T00:13:01.434+00:00,21072-30059,washers,50170082,72000000,2026-09-23 00:13:01,2026-09-22 21:24:54,29,10087.0,-8347.0,,Available,website maps this code to Available
1,9820e6e2-3555-4531-83fe-8b8e6d3ed2e3,2026-09-23T00:13:01.257+00:00,2026-09-23T00:13:01.434+00:00,21072-30059,washers,50170050,72000000,2026-09-23 00:13:01,2026-09-22 21:26:02,29,10019.0,-8279.0,,Available,website maps this code to Available
1,9820e6e2-3555-4531-83fe-8b8e6d3ed2e3,2026-09-23T00:13:01.257+00:00,2026-09-23T00:13:01.434+00:00,21072-30059,washers,50170052,72000000,2026-09-23 00:13:01,2026-09-22 21:27:37,29,9924.0,-8184.0,,Available,website maps this code to Available
1,9820e6e2-3555-4531-83fe-8b8e6d3ed2e3,2026-09-23T00:13:01.257+00:00,2026-09-23T00:13:01.434+00:00,21072-30059,washers,50170078,72000000,2026-09-23 00:13:01,2026-09-22 21:29:00,29,9841.0,-8101.0,,Available,website maps this code to Available
1,9820e6e2-3555-4531-83fe-8b8e6d3ed2e3,2026-09-23T00:13:01.257+00:00,2026-09-23T00:13:01.434+00:00,21072-30059,washers,50170084,72000000,2026-09-23 00:13:01,2026-09-22 07:02:40,29,61821.0,-60081.0,,Available,website maps this code to Available
1,9820e6e2-3555-4531-83fe-8b8e6d3ed2e3,2026-09-23T00:13:01.257+00:00,2026-09-23T00:13:01.434+00:00,21072-30059,washers,50170068,72000000,2026-09-23 00:13:01,2026-09-22 22:20:28,29,6753.0,-5013.0,,Available,website maps this code to Available
1,9820e6e2-3555-4531-83fe-8b8e6d3ed2e3,2026-09-23T00:13:01.257+00:00,2026-09-23T00:13:01.434+00:00,21072-30059,washers,50170072,72000000,2026-09-23 00:13:01,2026-09-22 22:23:09,29,6592.0,-4852.0,,Available,website maps this code to Available
1,9820e6e2-3555-4531-83fe-8b8e6d3ed2e3,2026-09-23T00:13:01.257+00:00,2026-09-23T00:13:01.434+00:00,21072-30059,washers,20483408,72000000,2026-09-23 00:13:01,2024-12-20 00:43:32,0,55466969.0,-55466969.0,,Available,website maps this code to Available
1,9820e6e2-3555-4531-83fe-8b8e6d3ed2e3,2026-09-23T00:13:01.257+00:00,2026-09-23T00:13:01.434+00:00,21072-30059,washers,50170055,72000000,2026-09-23 00:13:01,2026-09-22 22:58:37,29,4464.0,-2724.0,,Available,website maps this code to Available
1,9820e6e2-3555-4531-83fe-8b8e6d3ed2e3,2026-09-23T00:13:01.257+00:00,2026-09-23T00:13:01.434+00:00,21072-30059,dryers,50170058,72000000,2026-09-23 00:13:01,2026-09-12 03:29:03,46,938638.0,-935878.0,,Available,website maps this code to Available
1,9820e6e2-3555-4531-83fe-8b8e6d3ed2e3,2026-09-23T00:13:01.257+00:00,2026-09-23T00:13:01.434+00:00,21072-30059,dryers,50170061,72000000,2026-09-23 00:13:01,2026-09-22 22:55:19,46,4662.0,-1902.0,,Available,website maps this code to Available
1,9820e6e2-3555-4531-83fe-8b8e6d3ed2e3,2026-09-23T00:13:01.257+00:00,2026-09-23T00:13:01.434+00:00,21072-30059,dryers,50170081,72000000,2026-09-23 00:13:01,2026-09-22 22:55:35,46,4646.0,-1886.0,,Available,website maps this code to Available
1,9820e6e2-3555-4531-83fe-8b8e6d3ed2e3,2026-09-23T00:13:01.257+00:00,2026-09-23T00:13:01.434+00:00,21072-30059,dryers,50170060,52000000,2026-09-23 00:13:01,2026-09-22 22:10:55,23,7326.0,-5946.0,,Available,website fallback: report over 1 hour old
1,9820e6e2-3555-4531-83fe-8b8e6d3ed2e3,2026-09-23T00:13:01.257+00:00,2026-09-23T00:13:01.434+00:00,21072-30059,dryers,50170087,52000000,2026-09-23 00:13:01,2026-09-22 22:12:10,23,7251.0,-5871.0,,Available,website fallback: report over 1 hour old
1,9820e6e2-3555-4531-83fe-8b8e6d3ed2e3,2026-09-23T00:13:01.257+00:00,2026-09-23T00:13:01.434+00:00,21072-30059,dryers,50170064,72000000,2026-09-23 00:13:01,2026-09-22 07:01:55,46,61866.0,-59106.0,,Available,website maps this code to Available
1,9820e6e2-3555-4531-83fe-8b8e6d3ed2e3,2026-09-23T00:13:01.257+00:00,2026-09-23T00:13:01.434+00:00,21072-30059,dryers,50170065,72000000,2026-09-23 00:13:01,2026-09-22 22:14:28,46,7113.0,-4353.0,,Available,website maps this code to Available
1,9820e6e2-3555-4531-83fe-8b8e6d3ed2e3,2026-09-23T00:13:01.257+00:00,2026-09-23T00:13:01.434+00:00,21072-30059,dryers,50170059,52000000,2026-09-23 00:13:01,2026-09-22 22:15:07,23,7074.0,-5694.0,,Available,website fallback: report over 1 hour old
1,9820e6e2-3555-4531-83fe-8b8e6d3ed2e3,2026-09-23T00:13:01.257+00:00,2026-09-23T00:13:01.434+00:00,21072-30059,dryers,50170057,72000000,2026-09-23 00:13:01,2026-09-22 22:55:47,46,4634.0,-1874.0,,Available,website maps this code to Available
1,9820e6e2-3555-4531-83fe-8b8e6d3ed2e3,2026-09-23T00:13:01.257+00:00,2026-09-23T00:13:01.434+00:00,21072-30059,dryers,50170062,72000000,2026-09-23 00:13:01,2026-09-22 23:06:22,46,3999.0,-1239.0,,Available,website maps this code to Available
1,9820e6e2-3555-4531-83fe-8b8e6d3ed2e3,2026-09-23T00:13:01.257+00:00,2026-09-23T00:13:01.434+00:00,21072-30059,dryers,50170067,52000000,2026-09-23 00:13:01,2026-09-22 23:44:57,23,1684.0,-304.0,,Finished,
1,9820e6e2-3555-4531-83fe-8b8e6d3ed2e3,2026-09-23T00:13:01.257+00:00,2026-09-23T00:13:01.434+00:00,21072-30059,dryers,50170074,72000000,2026-09-23 00:13:01,2026-09-22 20:42:32,46,12629.0,-9869.0,,Available,website maps this code to Available
1,9820e6e2-3555-4531-83fe-8b8e6d3ed2e3,2026-09-23T00:13:01.257+00:00,2026-09-23T00:13:01.434+00:00,21072-30059,dryers,50170071,72000000,2026-09-23 00:13:01,2026-09-22 21:56:40,46,8181.0,-5421.0,,Available,website maps this code to Available
1,9820e6e2-3555-4531-83fe-8b8e6d3ed2e3,2026-09-23T00:13:01.257+00:00,2026-09-23T00:13:01.434+00:00,21072-30059,dryers,50170054,42000000,2026-09-23 00:13:01,2026-09-22 23:56:58,45,963.0,1737.0,29,Running,
1,9e784e2e-f755-4692-8a64-4cd1456ad09a,2026-09-23T00:14:01.303+00:00,2026-09-23T00:14:01.496+00:00,21072-30059,washers,50170051,72000000,2026-09-23 00:14:01,2026-09-22 21:24:15,29,10186.0,-8446.0,,Available,website maps this code to Available
1,9e784e2e-f755-4692-8a64-4cd1456ad09a,2026-09-23T00:14:01.303+00:00,2026-09-23T00:14:01.496+00:00,21072-30059,washers,50170080,72000000,2026-09-23 00:14:01,2026-09-22 21:25:24,29,10117.0,-8377.0,,Available,website maps this code to Available
1,9e784e2e-f755-4692-8a64-4cd1456ad09a,2026-09-23T00:14:01.303+00:00,2026-09-23T00:14:01.496+00:00,21072-30059,washers,50170075,72000000,2026-09-23 00:14:01,2026-09-22 21:25:09,29,10132.0,-8392.0,,Available,website maps this code to Available
1,9e784e2e-f755-4692-8a64-4cd1456ad09a,2026-09-23T00:14:01.303+00:00,2026-09-23T00:14:01.496+00:00,21072-30059,washers,50170082,72000000,2026-09-23 00:14:01,2026-09-22 21:24:54,29,10147.0,-8407.0,,Available,website maps this code to Available
1,9e784e2e-f755-4692-8a64-4cd1456ad09a,2026-09-23T00:14:01.303+00:00,2026-09-23T00:14:01.496+00:00,21072-30059,washers,50170050,72000000,2026-09-23 00:14:01,2026-09-22 21:26:02,29,10079.0,-8339.0,,Available,website maps this code to Available
1,9e784e2e-f755-4692-8a64-4cd1456ad09a,2026-09-23T00:14:01.303+00:00,2026-09-23T00:14:01.496+00:00,21072-30059,washers,50170052,72000000,2026-09-23 00:14:01,2026-09-22 21:27:37,29,9984.0,-8244.0,,Available,website maps this code to Available
1,9e784e2e-f755-4692-8a64-4cd1456ad09a,2026-09-23T00:14:01.303+00:00,2026-09-23T00:14:01.496+00:00,21072-30059,washers,50170078,72000000,2026-09-23 00:14:01,2026-09-22 21:29:00,29,9901.0,-8161.0,,Available,website maps this code to Available
1,9e784e2e-f755-4692-8a64-4cd1456ad09a,2026-09-23T00:14:01.303+00:00,2026-09-23T00:14:01.496+00:00,21072-30059,washers,50170084,72000000,2026-09-23 00:14:01,2026-09-22 07:02:40,29,61881.0,-60141.0,,Available,website maps this code to Available
1,9e784e2e-f755-4692-8a64-4cd1456ad09a,2026-09-23T00:14:01.303+00:00,2026-09-23T00:14:01.496+00:00,21072-30059,washers,50170068,72000000,2026-09-23 00:14:01,2026-09-22 22:20:28,29,6813.0,-5073.0,,Available,website maps this code to Available
1,9e784e2e-f755-4692-8a64-4cd1456ad09a,2026-09-23T00:14:01.303+00:00,2026-09-23T00:14:01.496+00:00,21072-30059,washers,50170072,72000000,2026-09-23 00:14:01,2026-09-22 22:23:09,29,6652.0,-4912.0,,Available,website maps this code to Available
1,9e784e2e-f755-4692-8a64-4cd1456ad09a,2026-09-23T00:14:01.303+00:00,2026-09-23T00:14:01.496+00:00,21072-30059,washers,20483408,72000000,2026-09-23 00:14:01,2024-12-20 00:43:32,0,55467029.0,-55467029.0,,Available,website maps this code to Available
1,9e784e2e-f755-4692-8a64-4cd1456ad09a,2026-09-23T00:14:01.303+00:00,2026-09-23T00:14:01.496+00:00,21072-30059,washers,50170055,72000000,2026-09-23 00:14:01,2026-09-22 22:58:37,29,4524.0,-2784.0,,Available,website maps this code to Available
1,9e784e2e-f755-4692-8a64-4cd1456ad09a,2026-09-23T00:14:01.303+00:00,2026-09-23T00:14:01.496+00:00,21072-30059,dryers,50170058,72000000,2026-09-23 00:14:01,2026-09-12 03:29:03,46,938698.0,-935938.0,,Available,website maps this code to Available
1,9e784e2e-f755-4692-8a64-4cd1456ad09a,2026-09-23T00:14:01.303+00:00,2026-09-23T00:14:01.496+00:00,21072-30059,dryers,50170061,72000000,2026-09-23 00:14:01,2026-09-22 22:55:19,46,4722.0,-1962.0,,Available,website maps this code to Available
1,9e784e2e-f755-4692-8a64-4cd1456ad09a,2026-09-23T00:14:01.303+00:00,2026-09-23T00:14:01.496+00:00,21072-30059,dryers,50170081,72000000,2026-09-23 00:14:01,2026-09-22 22:55:35,46,4706.0,-1946.0,,Available,website maps this code to Available
1,9e784e2e-f755-4692-8a64-4cd1456ad09a,2026-09-23T00:14:01.303+00:00,2026-09-23T00:14:01.496+00:00,21072-30059,dryers,50170060,52000000,2026-09-23 00:14:01,2026-09-22 22:10:55,23,7386.0,-6006.0,,Available,website fallback: report over 1 hour old
1,9e784e2e-f755-4692-8a64-4cd1456ad09a,2026-09-23T00:14:01.303+00:00,2026-09-23T00:14:01.496+00:00,21072-30059,dryers,50170087,52000000,2026-09-23 00:14:01,2026-09-22 22:12:10,23,7311.0,-5931.0,,Available,website fallback: report over 1 hour old
1,9e784e2e-f755-4692-8a64-4cd1456ad09a,2026-09-23T00:14:01.303+00:00,2026-09-23T00:14:01.496+00:00,21072-30059,dryers,50170064,72000000,2026-09-23 00:14:01,2026-09-22 07:01:55,46,61926.0,-59166.0,,Available,website maps this code to Available
1,9e784e2e-f755-4692-8a64-4cd1456ad09a,2026-09-23T00:14:01.303+00:00,2026-09-23T00:14:01.496+00:00,21072-30059,dryers,50170065,72000000,2026-09-23 00:14:01,2026-09-22 22:14:28,46,7173.0,-4413.0,,Available,website maps this code to Available
1,9e784e2e-f755-4692-8a64-4cd1456ad09a,2026-09-23T00:14:01.303+00:00,2026-09-23T00:14:01.496+00:00,21072-30059,dryers,50170059,52000000,2026-09-23 00:14:01,2026-09-22 22:15:07,23,7134.0,-5754.0,,Available,website fallback: report over 1 hour old
1,9e784e2e-f755-4692-8a64-4cd1456ad09a,2026-09-23T00:14:01.303+00:00,2026-09-23T00:14:01.496+00:00,21072-30059,dryers,50170057,72000000,2026-09-23 00:14:01,2026-09-22 22:55:47,46,4694.0,-1934.0,,Available,website maps this code to Available
1,9e784e2e-f755-4692-8a64-4cd1456ad09a,2026-09-23T00:14:01.303+00:00,2026-09-23T00:14:01.496+00:00,21072-30059,dryers,50170062,72000000,2026-09-23 00:14:01,2026-09-22 23:06:22,46,4059.0,-1299.0,,Available,website maps this code to Available
1,9e784e2e-f755-4692-8a64-4cd1456ad09a,2026-09-23T00:14:01.303+00:00,2026-09-23T00:14:01.496+00:00,21072-30059,dryers,50170067,52000000,2026-09-23 00:14:01,2026-09-22 23:44:57,23,1744.0,-364.0,,Finished,
1,9e784e2e-f755-4692-8a64-4cd1456ad09a,2026-09-23T00:14:01.303+00:00,2026-09-23T00:14:01.496+00:00,21072-30059,dryers,50170074,72000000,2026-09-23 00:14:01,2026-09-22 20:42:32,46,12689.0,-9929.0,,Available,website maps this code to Available
1,9e784e2e-f755-4692-8a64-4cd1456ad09a,2026-09-23T00:14:01.303+00:00,2026-09-23T00:14:01.496+00:00,21072-30059,dryers,50170071,72000000,2026-09-23 00:14:01,2026-09-22 21:56:40,46,8241.0,-5481.0,,Available,website maps this code to Available
1,9e784e2e-f755-4692-8a64-4cd1456ad09a,2026-09-23T00:14:01.303+00:00,2026-09-23T00:14:01.496+00:00,21072-30059,dryers,50170054,42000000,2026-09-23 00:14:01,2026-09-22 23:56:58,45,1023.0,1677.0,28,Running,
1,14ee5c7a-3f77-436f-913d-022e8dac1493,2026-09-23T00:15:01.280+00:00,2026-09-23T00:15:01.489+00:00,21072-30059,washers,50170051,72000000,2026-09-23 00:15:01,2026-09-22 21:24:15,29,10246.0,-8506.0,,Available,website maps this code to Available
1,14ee5c7a-3f77-436f-913d-022e8dac1493,2026-09-23T00:15:01.280+00:00,2026-09-23T00:15:01.489+00:00,21072-30059,washers,50170080,72000000,2026-09-23 00:15:01,2026-09-22 21:25:24,29,10177.0,-8437.0,,Available,website maps this code to Available
1,14ee5c7a-3f77-436f-913d-022e8dac1493,2026-09-23T00:15:01.280+00:00,2026-09-23T00:15:01.489+00:00,21072-30059,washers,50170075,72000000,2026-09-23 00:15:01,2026-09-22 21:25:09,29,10192.0,-8452.0,,Available,website maps this code to Available
1,14ee5c7a-3f77-436f-913d-022e8dac1493,2026-09-23T00:15:01.280+00:00,2026-09-23T00:15:01.489+00:00,21072-30059,washers,50170082,72000000,2026-09-23 00:15:01,2026-09-22 21:24:54,29,10207.0,-8467.0,,Available,website maps this code to Available
1,14ee5c7a-3f77-436f-913d-022e8dac1493,2026-09-23T00:15:01.280+00:00,2026-09-23T00:15:01.489+00:00,21072-30059,washers,50170050,72000000,2026-09-23 00:15:01,2026-09-22 21:26:02,29,10139.0,-8399.0,,Available,website maps this code to Available
1,14ee5c7a-3f77-436f-913d-022e8dac1493,2026-09-23T00:15:01.280+00:00,2026-09-23T00:15:01.489+00:00,21072-30059,washers,50170052,72000000,2026-09-23 00:15:01,2026-09-22 21:27:37,29,10044.0,-8304.0,,Available,website maps this code to Available
1,14ee5c7a-3f77-436f-913d-022e8dac1493,2026-09-23T00:15:01.280+00:00,2026-09-23T00:15:01.489+00:00,21072-30059,washers,50170078,72000000,2026-09-23 00:15:01,2026-09-22 21:29:00,29,9961.0,-8221.0,,Available,website maps this code to Available
1,14ee5c7a-3f77-436f-913d-022e8dac1493,2026-09-23T00:15:01.280+00:00,2026-09-23T00:15:01.489+00:00,21072-30059,washers,50170084,72000000,2026-09-23 00:15:01,2026-09-22 07:02:40,29,61941.0,-60201.0,,Available,website maps this code to Available
1,14ee5c7a-3f77-436f-913d-022e8dac1493,2026-09-23T00:15:01.280+00:00,2026-09-23T00:15:01.489+00:00,21072-30059,washers,50170068,72000000,2026-09-23 00:15:01,2026-09-22 22:20:28,29,6873.0,-5133.0,,Available,website maps this code to Available
1,14ee5c7a-3f77-436f-913d-022e8dac1493,2026-09-23T00:15:01.280+00:00,2026-09-23T00:15:01.489+00:00,21072-30059,washers,50170072,72000000,2026-09-23 00:15:01,2026-09-22 22:23:09,29,6712.0,-4972.0,,Available,website maps this code to Available
1,14ee5c7a-3f77-436f-913d-022e8dac1493,2026-09-23T00:15:01.280+00:00,2026-09-23T00:15:01.489+00:00,21072-30059,washers,20483408,72000000,2026-09-23 00:15:01,2024-12-20 00:43:32,0,55467089.0,-55467089.0,,Available,website maps this code to Available
1,14ee5c7a-3f77-436f-913d-022e8dac1493,2026-09-23T00:15:01.280+00:00,2026-09-23T00:15:01.489+00:00,21072-30059,washers,50170055,72000000,2026-09-23 00:15:01,2026-09-22 22:58:37,29,4584.0,-2844.0,,Available,website maps this code to Available
1,14ee5c7a-3f77-436f-913d-022e8dac1493,2026-09-23T00:15:01.280+00:00,2026-09-23T00:15:01.489+00:00,21072-30059,dryers,50170058,72000000,2026-09-23 00:15:01,2026-09-12 03:29:03,46,938758.0,-935998.0,,Available,website maps this code to Available
1,14ee5c7a-3f77-436f-913d-022e8dac1493,2026-09-23T00:15:01.280+00:00,2026-09-23T00:15:01.489+00:00,21072-30059,dryers,50170061,72000000,2026-09-23 00:15:01,2026-09-22 22:55:19,46,4782.0,-2022.0,,Available,website maps this code to Available
1,14ee5c7a-3f77-436f-913d-022e8dac1493,2026-09-23T00:15:01.280+00:00,2026-09-23T00:15:01.489+00:00,21072-30059,dryers,50170081,72000000,2026-09-23 00:15:01,2026-09-22 22:55:35,46,4766.0,-2006.0,,Available,website maps this code to Available
1,14ee5c7a-3f77-436f-913d-022e8dac1493,2026-09-23T00:15:01.280+00:00,2026-09-23T00:15:01.489+00:00,21072-30059,dryers,50170060,52000000,2026-09-23 00:15:01,2026-09-22 22:10:55,23,7446.0,-6066.0,,Available,website fallback: report over 1 hour old
1,14ee5c7a-3f77-436f-913d-022e8dac1493,2026-09-23T00:15:01.280+00:00,2026-09-23T00:15:01.489+00:00,21072-30059,dryers,50170087,52000000,2026-09-23 00:15:01,2026-09-22 22:12:10,23,7371.0,-5991.0,,Available,website fallback: report over 1 hour old
1,14ee5c7a-3f77-436f-913d-022e8dac1493,2026-09-23T00:15:01.280+00:00,2026-09-23T00:15:01.489+00:00,21072-30059,dryers,50170064,72000000,2026-09-23 00:15:01,2026-09-22 07:01:55,46,61986.0,-59226.0,,Available,website maps this code to Available
1,14ee5c7a-3f77-436f-913d-022e8dac1493,2026-09-23T00:15:01.280+00:00,2026-09-23T00:15:01.489+00:00,21072-30059,dryers,50170065,72000000,2026-09-23 00:15:01,2026-09-22 22:14:28,46,7233.0,-4473.0,,Available,website maps this code to Available
1,14ee5c7a-3f77-436f-913d-022e8dac1493,2026-09-23T00:15:01.280+00:00,2026-09-23T00:15:01.489+00:00,21072-30059,dryers,50170059,52000000,2026-09-23 00:15:01,2026-09-22 22:15:07,23,7194.0,-5814.0,,Available,website fallback: report over 1 hour old
1,14ee5c7a-3f77-436f-913d-022e8dac1493,2026-09-23T00:15:01.280+00:00,2026-09-23T00:15:01.489+00:00,21072-30059,dryers,50170057,72000000,2026-09-23 00:15:01,2026-09-22 22:55:47,46,4754.0,-1994.0,,Available,website maps this code to Available
1,14ee5c7a-3f77-436f-913d-022e8dac1493,2026-09-23T00:15:01.280+00:00,2026-09-23T00:15:01.489+00:00,21072-30059,dryers,50170062,72000000,2026-09-23 00:15:01,2026-09-22 23:06:22,46,4119.0,-1359.0,,Available,website maps this code to Available
1,14ee5c7a-3f77-436f-913d-022e8dac1493,2026-09-23T00:15:01.280+00:00,2026-09-23T00:15:01.489+00:00,21072-30059,dryers,50170067,52000000,2026-09-23 00:15:01,2026-09-22 23:44:57,23,1804.0,-424.0,,Finished,
1,14ee5c7a-3f77-436f-913d-022e8dac1493,2026-09-23T00:15:01.280+00:00,2026-09-23T00:15:01.489+00:00,21072-30059,dryers,50170074,72000000,2026-09-23 00:15:01,2026-09-22 20:42:32,46,12749.0,-9989.0,,Available,website maps this code to Available
1,14ee5c7a-3f77-436f-913d-022e8dac1493,2026-09-23T00:15:01.280+00:00,2026-09-23T00:15:01.489+00:00,21072-30059,dryers,50170071,72000000,2026-09-23 00:15:01,2026-09-22 21:56:40,46,8301.0,-5541.0,,Available,website maps this code to Available
1,14ee5c7a-3f77-436f-913d-022e8dac1493,2026-09-23T00:15:01.280+00:00,2026-09-23T00:15:01.489+00:00,21072-30059,dryers,50170054,42000000,2026-09-23 00:15:01,2026-09-22 23:56:58,45,1083.0,1617.0,27,Running,
1,06f2927d-68d9-4ae5-adfd-935f62c43bed,2026-09-23T00:16:01.321+00:00,2026-09-23T00:16:01.522+00:00,21072-30059,washers,50170051,72000000,2026-09-23 00:16:01,2026-09-22 21:24:15,29,10306.0,-8566.0,,Available,website maps this code to Available
1,06f2927d-68d9-4ae5-adfd-935f62c43bed,2026-09-23T00:16:01.321+00:00,2026-09-23T00:16:01.522+00:00,21072-30059,washers,50170080,72000000,2026-09-23 00:16:01,2026-09-22 21:25:24,29,10237.0,-8497.0,,Available,website maps this code to Available
1,06f2927d-68d9-4ae5-adfd-935f62c43bed,2026-09-23T00:16:01.321+00:00,2026-09-23T00:16:01.522+00:00,21072-30059,washers,50170075,72000000,2026-09-23 00:16:01,2026-09-22 21:25:09,29,10252.0,-8512.0,,Available,website maps this code to Available
1,06f2927d-68d9-4ae5-adfd-935f62c43bed,2026-09-23T00:16:01.321+00:00,2026-09-23T00:16:01.522+00:00,21072-30059,washers,50170082,72000000,2026-09-23 00:16:01,2026-09-22 21:24:54,29,10267.0,-8527.0,,Available,website maps this code to Available
1,06f2927d-68d9-4ae5-adfd-935f62c43bed,2026-09-23T00:16:01.321+00:00,2026-09-23T00:16:01.522+00:00,21072-30059,washers,50170050,72000000,2026-09-23 00:16:01,2026-09-22 21:26:02,29,10199.0,-8459.0,,Available,website maps this code to Available
1,06f2927d-68d9-4ae5-adfd-935f62c43bed,2026-09-23T00:16:01.321+00:00,2026-09-23T00:16:01.522+00:00,21072-30059,washers,50170052,72000000,2026-09-23 00:16:01,2026-09-22 21:27:37,29,10104.0,-8364.0,,Available,website maps this code to Available
1,06f2927d-68d9-4ae5-adfd-935f62c43bed,2026-09-23T00:16:01.321+00:00,2026-09-23T00:16:01.522+00:00,21072-30059,washers,50170078,72000000,2026-09-23 00:16:01,2026-09-22 21:29:00,29,10021.0,-8281.0,,Available,website maps this code to Available
1,06f2927d-68d9-4ae5-adfd-935f62c43bed,2026-09-23T00:16:01.321+00:00,2026-09-23T00:16:01.522+00:00,21072-30059,washers,50170084,72000000,2026-09-23 00:16:01,2026-09-22 07:02:40,29,62001.0,-60261.0,,Available,website maps this code to Available
1,06f2927d-68d9-4ae5-adfd-935f62c43bed,2026-09-23T00:16:01.321+00:00,2026-09-23T00:16:01.522+00:00,21072-30059,washers,50170068,72000000,2026-09-23 00:16:01,2026-09-22 22:20:28,29,6933.0,-5193.0,,Available,website maps this code to Available
1,06f2927d-68d9-4ae5-adfd-935f62c43bed,2026-09-23T00:16:01.321+00:00,2026-09-23T00:16:01.522+00:00,21072-30059,washers,50170072,72000000,2026-09-23 00:16:01,2026-09-22 22:23:09,29,6772.0,-5032.0,,Available,website maps this code to Available
1,06f2927d-68d9-4ae5-adfd-935f62c43bed,2026-09-23T00:16:01.321+00:00,2026-09-23T00:16:01.522+00:00,21072-30059,washers,20483408,72000000,2026-09-23 00:16:01,2024-12-20 00:43:32,0,55467149.0,-55467149.0,,Available,website maps this code to Available
1,06f2927d-68d9-4ae5-adfd-935f62c43bed,2026-09-23T00:16:01.321+00:00,2026-09-23T00:16:01.522+00:00,21072-30059,washers,50170055,72000000,2026-09-23 00:16:01,2026-09-22 22:58:37,29,4644.0,-2904.0,,Available,website maps this code to Available
1,06f2927d-68d9-4ae5-adfd-935f62c43bed,2026-09-23T00:16:01.321+00:00,2026-09-23T00:16:01.522+00:00,21072-30059,dryers,50170058,72000000,2026-09-23 00:16:01,2026-09-12 03:29:03,46,938818.0,-936058.0,,Available,website maps this code to Available
1,06f2927d-68d9-4ae5-adfd-935f62c43bed,2026-09-23T00:16:01.321+00:00,2026-09-23T00:16:01.522+00:00,21072-30059,dryers,50170061,72000000,2026-09-23 00:16:01,2026-09-22 22:55:19,46,4842.0,-2082.0,,Available,website maps this code to Available
1,06f2927d-68d9-4ae5-adfd-935f62c43bed,2026-09-23T00:16:01.321+00:00,2026-09-23T00:16:01.522+00:00,21072-30059,dryers,50170081,72000000,2026-09-23 00:16:01,2026-09-22 22:55:35,46,4826.0,-2066.0,,Available,website maps this code to Available
1,06f2927d-68d9-4ae5-adfd-935f62c43bed,2026-09-23T00:16:01.321+00:00,2026-09-23T00:16:01.522+00:00,21072-30059,dryers,50170060,52000000,2026-09-23 00:16:01,2026-09-22 22:10:55,23,7506.0,-6126.0,,Available,website fallback: report over 1 hour old
1,06f2927d-68d9-4ae5-adfd-935f62c43bed,2026-09-23T00:16:01.321+00:00,2026-09-23T00:16:01.522+00:00,21072-30059,dryers,50170087,52000000,2026-09-23 00:16:01,2026-09-22 22:12:10,23,7431.0,-6051.0,,Available,website fallback: report over 1 hour old
1,06f2927d-68d9-4ae5-adfd-935f62c43bed,2026-09-23T00:16:01.321+00:00,2026-09-23T00:16:01.522+00:00,21072-30059,dryers,50170064,72000000,2026-09-23 00:16:01,2026-09-22 07:01:55,46,62046.0,-59286.0,,Available,website maps this code to Available
1,06f2927d-68d9-4ae5-adfd-935f62c43bed,2026-09-23T00:16:01.321+00:00,2026-09-23T00:16:01.522+00:00,21072-30059,dryers,50170065,72000000,2026-09-23 00:16:01,2026-09-22 22:14:28,46,7293.0,-4533.0,,Available,website maps this code to Available
1,06f2927d-68d9-4ae5-adfd-935f62c43bed,2026-09-23T00:16:01.321+00:00,2026-09-23T00:16:01.522+00:00,21072-30059,dryers,50170059,52000000,2026-09-23 00:16:01,2026-09-22 22:15:07,23,7254.0,-5874.0,,Available,website fallback: report over 1 hour old
1,06f2927d-68d9-4ae5-adfd-935f62c43bed,2026-09-23T00:16:01.321+00:00,2026-09-23T00:16:01.522+00:00,21072-30059,dryers,50170057,72000000,2026-09-23 00:16:01,2026-09-22 22:55:47,46,4814.0,-2054.0,,Available,website maps this code to Available
1,06f2927d-68d9-4ae5-adfd-935f62c43bed,2026-09-23T00:16:01.321+00:00,2026-09-23T00:16:01.522+00:00,21072-30059,dryers,50170062,72000000,2026-09-23 00:16:01,2026-09-22 23:06:22,46,4179.0,-1419.0,,Available,website maps this code to Available
1,06f2927d-68d9-4ae5-adfd-935f62c43bed,2026-09-23T00:16:01.321+00:00,2026-09-23T00:16:01.522+00:00,21072-30059,dryers,50170067,52000000,2026-09-23 00:16:01,2026-09-22 23:44:57,23,1864.0,-484.0,,Finished,
1,06f2927d-68d9-4ae5-adfd-935f62c43bed,2026-09-23T00:16:01.321+00:00,2026-09-23T00:16:01.522+00:00,21072-30059,dryers,50170074,72000000,2026-09-23 00:16:01,2026-09-22 20:42:32,46,12809.0,-10049.0,,Available,website maps this code to Available
1,06f2927d-68d9-4ae5-adfd-935f62c43bed,2026-09-23T00:16:01.321+00:00,2026-09-23T00:16:01.522+00:00,21072-30059,dryers,50170071,72000000,2026-09-23 00:16:01,2026-09-22 21:56:40,46,8361.0,-5601.0,,Available,website maps this code to Available
1,06f2927d-68d9-4ae5-adfd-935f62c43bed,2026-09-23T00:16:01.321+00:00,2026-09-23T00:16:01.522+00:00,21072-30059,dryers,50170054,42000000,2026-09-23 00:16:01,2026-09-22 23:56:58,45,1143.0,1557.0,26,Running,
1,57296746-73b2-4b05-a1f5-182ead06aac8,2026-09-23T00:17:01.349+00:00,2026-09-23T00:17:01.552+00:00,21072-30059,washers,50170051,72000000,2026-09-23 00:17:01,2026-09-22 21:24:15,29,10366.0,-8626.0,,Available,website maps this code to Available
1,57296746-73b2-4b05-a1f5-182ead06aac8,2026-09-23T00:17:01.349+00:00,2026-09-23T00:17:01.552+00:00,21072-30059,washers,50170080,42000000,2026-09-23 00:17:01,2026-09-23 00:16:43,30,18.0,1782.0,30,Running,
1,57296746-73b2-4b05-a1f5-182ead06aac8,2026-09-23T00:17:01.349+00:00,2026-09-23T00:17:01.552+00:00,21072-30059,washers,50170075,72000000,2026-09-23 00:17:01,2026-09-22 21:25:09,29,10312.0,-8572.0,,Available,website maps this code to Available
1,57296746-73b2-4b05-a1f5-182ead06aac8,2026-09-23T00:17:01.349+00:00,2026-09-23T00:17:01.552+00:00,21072-30059,washers,50170082,72000000,2026-09-23 00:17:01,2026-09-22 21:24:54,29,10327.0,-8587.0,,Available,website maps this code to Available
1,57296746-73b2-4b05-a1f5-182ead06aac8,2026-09-23T00:17:01.349+00:00,2026-09-23T00:17:01.552+00:00,21072-30059,washers,50170050,72000000,2026-09-23 00:17:01,2026-09-22 21:26:02,29,10259.0,-8519.0,,Available,website maps this code to Available
1,57296746-73b2-4b05-a1f5-182ead06aac8,2026-09-23T00:17:01.349+00:00,2026-09-23T00:17:01.552+00:00,21072-30059,washers,50170052,72000000,2026-09-23 00:17:01,2026-09-22 21:27:37,29,10164.0,-8424.0,,Available,website maps this code to Available
1,57296746-73b2-4b05-a1f5-182ead06aac8,2026-09-23T00:17:01.349+00:00,2026-09-23T00:17:01.552+00:00,21072-30059,washers,50170078,72000000,2026-09-23 00:17:01,2026-09-22 21:29:00,29,10081.0,-8341.0,,Available,website maps this code to Available
1,57296746-73b2-4b05-a1f5-182ead06aac8,2026-09-23T00:17:01.349+00:00,2026-09-23T00:17:01.552+00:00,21072-30059,washers,50170084,72000000,2026-09-23 00:17:01,2026-09-22 07:02:40,29,62061.0,-60321.0,,Available,website maps this code to Available
1,57296746-73b2-4b05-a1f5-182ead06aac8,2026-09-23T00:17:01.349+00:00,2026-09-23T00:17:01.552+00:00,21072-30059,washers,50170068,72000000,2026-09-23 00:17:01,2026-09-22 22:20:28,29,6993.0,-5253.0,,Available,website maps this code to Available
1,57296746-73b2-4b05-a1f5-182ead06aac8,2026-09-23T00:17:01.349+00:00,2026-09-23T00:17:01.552+00:00,21072-30059,washers,50170072,72000000,2026-09-23 00:17:01,2026-09-22 22:23:09,29,6832.0,-5092.0,,Available,website maps this code to Available
1,57296746-73b2-4b05-a1f5-182ead06aac8,2026-09-23T00:17:01.349+00:00,2026-09-23T00:17:01.552+00:00,21072-30059,washers,20483408,72000000,2026-09-23 00:17:01,2024-12-20 00:43:32,0,55467209.0,-55467209.0,,Available,website maps this code to Available
1,57296746-73b2-4b05-a1f5-182ead06aac8,2026-09-23T00:17:01.349+00:00,2026-09-23T00:17:01.552+00:00,21072-30059,washers,50170055,42000000,2026-09-23 00:17:01,2026-09-23 00:16:41,41,20.0,2440.0,41,Running,
1,57296746-73b2-4b05-a1f5-182ead06aac8,2026-09-23T00:17:01.349+00:00,2026-09-23T00:17:01.552+00:00,21072-30059,dryers,50170058,72000000,2026-09-23 00:17:01,2026-09-12 03:29:03,46,938878.0,-936118.0,,Available,website maps this code to Available
1,57296746-73b2-4b05-a1f5-182ead06aac8,2026-09-23T00:17:01.349+00:00,2026-09-23T00:17:01.552+00:00,21072-30059,dryers,50170061,72000000,2026-09-23 00:17:01,2026-09-22 22:55:19,46,4902.0,-2142.0,,Available,website maps this code to Available
1,57296746-73b2-4b05-a1f5-182ead06aac8,2026-09-23T00:17:01.349+00:00,2026-09-23T00:17:01.552+00:00,21072-30059,dryers,50170081,72000000,2026-09-23 00:17:01,2026-09-22 22:55:35,46,4886.0,-2126.0,,Available,website maps this code to Available
1,57296746-73b2-4b05-a1f5-182ead06aac8,2026-09-23T00:17:01.349+00:00,2026-09-23T00:17:01.552+00:00,21072-30059,dryers,50170060,52000000,2026-09-23 00:17:01,2026-09-22 22:10:55,23,7566.0,-6186.0,,Available,website fallback: report over 1 hour old
1,57296746-73b2-4b05-a1f5-182ead06aac8,2026-09-23T00:17:01.349+00:00,2026-09-23T00:17:01.552+00:00,21072-30059,dryers,50170087,52000000,2026-09-23 00:17:01,2026-09-22 22:12:10,23,7491.0,-6111.0,,Available,website fallback: report over 1 hour old
1,57296746-73b2-4b05-a1f5-182ead06aac8,2026-09-23T00:17:01.349+00:00,2026-09-23T00:17:01.552+00:00,21072-30059,dryers,50170064,72000000,2026-09-23 00:17:01,2026-09-22 07:01:55,46,62106.0,-59346.0,,Available,website maps this code to Available
1,57296746-73b2-4b05-a1f5-182ead06aac8,2026-09-23T00:17:01.349+00:00,2026-09-23T00:17:01.552+00:00,21072-30059,dryers,50170065,72000000,2026-09-23 00:17:01,2026-09-22 22:14:28,46,7353.0,-4593.0,,Available,website maps this code to Available
1,57296746-73b2-4b05-a1f5-182ead06aac8,2026-09-23T00:17:01.349+00:00,2026-09-23T00:17:01.552+00:00,21072-30059,dryers,50170059,52000000,2026-09-23 00:17:01,2026-09-22 22:15:07,23,7314.0,-5934.0,,Available,website fallback: report over 1 hour old
1,57296746-73b2-4b05-a1f5-182ead06aac8,2026-09-23T00:17:01.349+00:00,2026-09-23T00:17:01.552+00:00,21072-30059,dryers,50170057,72000000,2026-09-23 00:17:01,2026-09-22 22:55:47,46,4874.0,-2114.0,,Available,website maps this code to Available
1,57296746-73b2-4b05-a1f5-182ead06aac8,2026-09-23T00:17:01.349+00:00,2026-09-23T00:17:01.552+00:00,21072-30059,dryers,50170062,72000000,2026-09-23 00:17:01,2026-09-22 23:06:22,46,4239.0,-1479.0,,Available,website maps this code to Available
1,57296746-73b2-4b05-a1f5-182ead06aac8,2026-09-23T00:17:01.349+00:00,2026-09-23T00:17:01.552+00:00,21072-30059,dryers,50170067,52000000,2026-09-23 00:17:01,2026-09-22 23:44:57,23,1924.0,-544.0,,Finished,
1,57296746-73b2-4b05-a1f5-182ead06aac8,2026-09-23T00:17:01.349+00:00,2026-09-23T00:17:01.552+00:00,21072-30059,dryers,50170074,72000000,2026-09-23 00:17:01,2026-09-22 20:42:32,46,12869.0,-10109.0,,Available,website maps this code to Available
1,57296746-73b2-4b05-a1f5-182ead06aac8,2026-09-23T00:17:01.349+00:00,2026-09-23T00:17:01.552+00:00,21072-30059,dryers,50170071,72000000,2026-09-23 00:17:01,2026-09-22 21:56:40,46,8421.0,-5661.0,,Available,website maps this code to Available
1,57296746-73b2-4b05-a1f5-182ead06aac8,2026-09-23T00:17:01.349+00:00,2026-09-23T00:17:01.552+00:00,21072-30059,dryers,50170054,42000000,2026-09-23 00:17:01,2026-09-22 23:56:58,45,1203.0,1497.0,25,Running,
1,9729e1aa-6cc6-48fc-8030-3301b9f3f51b,2026-09-23T00:18:01.271+00:00,2026-09-23T00:18:01.458+00:00,21072-30059,washers,50170051,72000000,2026-09-23 00:18:01,2026-09-22 21:24:15,29,10426.0,-8686.0,,Available,website maps this code to Available
1,9729e1aa-6cc6-48fc-8030-3301b9f3f51b,2026-09-23T00:18:01.271+00:00,2026-09-23T00:18:01.458+00:00,21072-30059,washers,50170080,42000000,2026-09-23 00:18:01,2026-09-23 00:16:43,30,78.0,1722.0,29,Running,
1,9729e1aa-6cc6-48fc-8030-3301b9f3f51b,2026-09-23T00:18:01.271+00:00,2026-09-23T00:18:01.458+00:00,21072-30059,washers,50170075,42000000,2026-09-23 00:18:01,2026-09-23 00:17:34,30,27.0,1773.0,30,Running,
1,9729e1aa-6cc6-48fc-8030-3301b9f3f51b,2026-09-23T00:18:01.271+00:00,2026-09-23T00:18:01.458+00:00,21072-30059,washers,50170082,72000000,2026-09-23 00:18:01,2026-09-22 21:24:54,29,10387.0,-8647.0,,Available,website maps this code to Available
1,9729e1aa-6cc6-48fc-8030-3301b9f3f51b,2026-09-23T00:18:01.271+00:00,2026-09-23T00:18:01.458+00:00,21072-30059,washers,50170050,72000000,2026-09-23 00:18:01,2026-09-22 21:26:02,29,10319.0,-8579.0,,Available,website maps this code to Available
1,9729e1aa-6cc6-48fc-8030-3301b9f3f51b,2026-09-23T00:18:01.271+00:00,2026-09-23T00:18:01.458+00:00,21072-30059,washers,50170052,72000000,2026-09-23 00:18:01,2026-09-22 21:27:37,29,10224.0,-8484.0,,Available,website maps this code to Available
1,9729e1aa-6cc6-48fc-8030-3301b9f3f51b,2026-09-23T00:18:01.271+00:00,2026-09-23T00:18:01.458+00:00,21072-30059,washers,50170078,72000000,2026-09-23 00:18:01,2026-09-22 21:29:00,29,10141.0,-8401.0,,Available,website maps this code to Available
1,9729e1aa-6cc6-48fc-8030-3301b9f3f51b,2026-09-23T00:18:01.271+00:00,2026-09-23T00:18:01.458+00:00,21072-30059,washers,50170084,72000000,2026-09-23 00:18:01,2026-09-22 07:02:40,29,62121.0,-60381.0,,Available,website maps this code to Available
1,9729e1aa-6cc6-48fc-8030-3301b9f3f51b,2026-09-23T00:18:01.271+00:00,2026-09-23T00:18:01.458+00:00,21072-30059,washers,50170068,42000000,2026-09-23 00:18:01,2026-09-23 00:17:03,41,58.0,2402.0,41,Running,
1,9729e1aa-6cc6-48fc-8030-3301b9f3f51b,2026-09-23T00:18:01.271+00:00,2026-09-23T00:18:01.458+00:00,21072-30059,washers,50170072,42000000,2026-09-23 00:18:01,2026-09-23 00:17:43,39,18.0,2322.0,39,Running,
1,9729e1aa-6cc6-48fc-8030-3301b9f3f51b,2026-09-23T00:18:01.271+00:00,2026-09-23T00:18:01.458+00:00,21072-30059,washers,20483408,72000000,2026-09-23 00:18:01,2024-12-20 00:43:32,0,55467269.0,-55467269.0,,Available,website maps this code to Available
1,9729e1aa-6cc6-48fc-8030-3301b9f3f51b,2026-09-23T00:18:01.271+00:00,2026-09-23T00:18:01.458+00:00,21072-30059,washers,50170055,42000000,2026-09-23 00:18:01,2026-09-23 00:16:41,41,80.0,2380.0,40,Running,
1,9729e1aa-6cc6-48fc-8030-3301b9f3f51b,2026-09-23T00:18:01.271+00:00,2026-09-23T00:18:01.458+00:00,21072-30059,dryers,50170058,72000000,2026-09-23 00:18:01,2026-09-12 03:29:03,46,938938.0,-936178.0,,Available,website maps this code to Available
1,9729e1aa-6cc6-48fc-8030-3301b9f3f51b,2026-09-23T00:18:01.271+00:00,2026-09-23T00:18:01.458+00:00,21072-30059,dryers,50170061,72000000,2026-09-23 00:18:01,2026-09-22 22:55:19,46,4962.0,-2202.0,,Available,website maps this code to Available
1,9729e1aa-6cc6-48fc-8030-3301b9f3f51b,2026-09-23T00:18:01.271+00:00,2026-09-23T00:18:01.458+00:00,21072-30059,dryers,50170081,72000000,2026-09-23 00:18:01,2026-09-22 22:55:35,46,4946.0,-2186.0,,Available,website maps this code to Available
1,9729e1aa-6cc6-48fc-8030-3301b9f3f51b,2026-09-23T00:18:01.271+00:00,2026-09-23T00:18:01.458+00:00,21072-30059,dryers,50170060,52000000,2026-09-23 00:18:01,2026-09-22 22:10:55,23,7626.0,-6246.0,,Available,website fallback: report over 1 hour old
1,9729e1aa-6cc6-48fc-8030-3301b9f3f51b,2026-09-23T00:18:01.271+00:00,2026-09-23T00:18:01.458+00:00,21072-30059,dryers,50170087,52000000,2026-09-23 00:18:01,2026-09-22 22:12:10,23,7551.0,-6171.0,,Available,website fallback: report over 1 hour old
1,9729e1aa-6cc6-48fc-8030-3301b9f3f51b,2026-09-23T00:18:01.271+00:00,2026-09-23T00:18:01.458+00:00,21072-30059,dryers,50170064,72000000,2026-09-23 00:18:01,2026-09-22 07:01:55,46,62166.0,-59406.0,,Available,website maps this code to Available
1,9729e1aa-6cc6-48fc-8030-3301b9f3f51b,2026-09-23T00:18:01.271+00:00,2026-09-23T00:18:01.458+00:00,21072-30059,dryers,50170065,72000000,2026-09-23 00:18:01,2026-09-22 22:14:28,46,7413.0,-4653.0,,Available,website maps this code to Available
1,9729e1aa-6cc6-48fc-8030-3301b9f3f51b,2026-09-23T00:18:01.271+00:00,2026-09-23T00:18:01.458+00:00,21072-30059,dryers,50170059,52000000,2026-09-23 00:18:01,2026-09-22 22:15:07,23,7374.0,-5994.0,,Available,website fallback: report over 1 hour old
1,9729e1aa-6cc6-48fc-8030-3301b9f3f51b,2026-09-23T00:18:01.271+00:00,2026-09-23T00:18:01.458+00:00,21072-30059,dryers,50170057,72000000,2026-09-23 00:18:01,2026-09-22 22:55:47,46,4934.0,-2174.0,,Available,website maps this code to Available
1,9729e1aa-6cc6-48fc-8030-3301b9f3f51b,2026-09-23T00:18:01.271+00:00,2026-09-23T00:18:01.458+00:00,21072-30059,dryers,50170062,72000000,2026-09-23 00:18:01,2026-09-22 23:06:22,46,4299.0,-1539.0,,Available,website maps this code to Available
1,9729e1aa-6cc6-48fc-8030-3301b9f3f51b,2026-09-23T00:18:01.271+00:00,2026-09-23T00:18:01.458+00:00,21072-30059,dryers,50170067,52000000,2026-09-23 00:18:01,2026-09-22 23:44:57,23,1984.0,-604.0,,Finished,
1,9729e1aa-6cc6-48fc-8030-3301b9f3f51b,2026-09-23T00:18:01.271+00:00,2026-09-23T00:18:01.458+00:00,21072-30059,dryers,50170074,72000000,2026-09-23 00:18:01,2026-09-22 20:42:32,46,12929.0,-10169.0,,Available,website maps this code to Available
1,9729e1aa-6cc6-48fc-8030-3301b9f3f51b,2026-09-23T00:18:01.271+00:00,2026-09-23T00:18:01.458+00:00,21072-30059,dryers,50170071,72000000,2026-09-23 00:18:01,2026-09-22 21:56:40,46,8481.0,-5721.0,,Available,website maps this code to Available
1,9729e1aa-6cc6-48fc-8030-3301b9f3f51b,2026-09-23T00:18:01.271+00:00,2026-09-23T00:18:01.458+00:00,21072-30059,dryers,50170054,42000000,2026-09-23 00:18:01,2026-09-22 23:56:58,45,1263.0,1437.0,24,Running,
1,6083d738-8909-4ab2-af7d-f4cfcf0699af,2026-09-23T00:19:01.303+00:00,2026-09-23T00:19:01.483+00:00,21072-30059,washers,50170051,72000000,2026-09-23 00:19:01,2026-09-22 21:24:15,29,10486.0,-8746.0,,Available,website maps this code to Available
1,6083d738-8909-4ab2-af7d-f4cfcf0699af,2026-09-23T00:19:01.303+00:00,2026-09-23T00:19:01.483+00:00,21072-30059,washers,50170080,42000000,2026-09-23 00:19:01,2026-09-23 00:16:43,30,138.0,1662.0,28,Running,
1,6083d738-8909-4ab2-af7d-f4cfcf0699af,2026-09-23T00:19:01.303+00:00,2026-09-23T00:19:01.483+00:00,21072-30059,washers,50170075,42000000,2026-09-23 00:19:01,2026-09-23 00:17:34,30,87.0,1713.0,29,Running,
1,6083d738-8909-4ab2-af7d-f4cfcf0699af,2026-09-23T00:19:01.303+00:00,2026-09-23T00:19:01.483+00:00,21072-30059,washers,50170082,72000000,2026-09-23 00:19:01,2026-09-22 21:24:54,29,10447.0,-8707.0,,Available,website maps this code to Available
1,6083d738-8909-4ab2-af7d-f4cfcf0699af,2026-09-23T00:19:01.303+00:00,2026-09-23T00:19:01.483+00:00,21072-30059,washers,50170050,72000000,2026-09-23 00:19:01,2026-09-22 21:26:02,29,10379.0,-8639.0,,Available,website maps this code to Available
1,6083d738-8909-4ab2-af7d-f4cfcf0699af,2026-09-23T00:19:01.303+00:00,2026-09-23T00:19:01.483+00:00,21072-30059,washers,50170052,72000000,2026-09-23 00:19:01,2026-09-22 21:27:37,29,10284.0,-8544.0,,Available,website maps this code to Available
1,6083d738-8909-4ab2-af7d-f4cfcf0699af,2026-09-23T00:19:01.303+00:00,2026-09-23T00:19:01.483+00:00,21072-30059,washers,50170078,72000000,2026-09-23 00:19:01,2026-09-22 21:29:00,29,10201.0,-8461.0,,Available,website maps this code to Available
1,6083d738-8909-4ab2-af7d-f4cfcf0699af,2026-09-23T00:19:01.303+00:00,2026-09-23T00:19:01.483+00:00,21072-30059,washers,50170084,72000000,2026-09-23 00:19:01,2026-09-22 07:02:40,29,62181.0,-60441.0,,Available,website maps this code to Available
1,6083d738-8909-4ab2-af7d-f4cfcf0699af,2026-09-23T00:19:01.303+00:00,2026-09-23T00:19:01.483+00:00,21072-30059,washers,50170068,42000000,2026-09-23 00:19:01,2026-09-23 00:17:03,41,118.0,2342.0,40,Running,
1,6083d738-8909-4ab2-af7d-f4cfcf0699af,2026-09-23T00:19:01.303+00:00,2026-09-23T00:19:01.483+00:00,21072-30059,washers,50170072,42000000,2026-09-23 00:19:01,2026-09-23 00:17:43,39,78.0,2262.0,38,Running,
1,6083d738-8909-4ab2-af7d-f4cfcf0699af,2026-09-23T00:19:01.303+00:00,2026-09-23T00:19:01.483+00:00,21072-30059,washers,20483408,72000000,2026-09-23 00:19:01,2024-12-20 00:43:32,0,55467329.0,-55467329.0,,Available,website maps this code to Available
1,6083d738-8909-4ab2-af7d-f4cfcf0699af,2026-09-23T00:19:01.303+00:00,2026-09-23T00:19:01.483+00:00,21072-30059,washers,50170055,42000000,2026-09-23 00:19:01,2026-09-23 00:16:41,41,140.0,2320.0,39,Running,
1,6083d738-8909-4ab2-af7d-f4cfcf0699af,2026-09-23T00:19:01.303+00:00,2026-09-23T00:19:01.483+00:00,21072-30059,dryers,50170058,72000000,2026-09-23 00:19:01,2026-09-12 03:29:03,46,938998.0,-936238.0,,Available,website maps this code to Available
1,6083d738-8909-4ab2-af7d-f4cfcf0699af,2026-09-23T00:19:01.303+00:00,2026-09-23T00:19:01.483+00:00,21072-30059,dryers,50170061,72000000,2026-09-23 00:19:01,2026-09-22 22:55:19,46,5022.0,-2262.0,,Available,website maps this code to Available
1,6083d738-8909-4ab2-af7d-f4cfcf0699af,2026-09-23T00:19:01.303+00:00,2026-09-23T00:19:01.483+00:00,21072-30059,dryers,50170081,72000000,2026-09-23 00:19:01,2026-09-22 22:55:35,46,5006.0,-2246.0,,Available,website maps this code to Available
1,6083d738-8909-4ab2-af7d-f4cfcf0699af,2026-09-23T00:19:01.303+00:00,2026-09-23T00:19:01.483+00:00,21072-30059,dryers,50170060,52000000,2026-09-23 00:19:01,2026-09-22 22:10:55,23,7686.0,-6306.0,,Available,website fallback: report over 1 hour old
1,6083d738-8909-4ab2-af7d-f4cfcf0699af,2026-09-23T00:19:01.303+00:00,2026-09-23T00:19:01.483+00:00,21072-30059,dryers,50170087,52000000,2026-09-23 00:19:01,2026-09-22 22:12:10,23,7611.0,-6231.0,,Available,website fallback: report over 1 hour old
1,6083d738-8909-4ab2-af7d-f4cfcf0699af,2026-09-23T00:19:01.303+00:00,2026-09-23T00:19:01.483+00:00,21072-30059,dryers,50170064,72000000,2026-09-23 00:19:01,2026-09-22 07:01:55,46,62226.0,-59466.0,,Available,website maps this code to Available
1,6083d738-8909-4ab2-af7d-f4cfcf0699af,2026-09-23T00:19:01.303+00:00,2026-09-23T00:19:01.483+00:00,21072-30059,dryers,50170065,72000000,2026-09-23 00:19:01,2026-09-22 22:14:28,46,7473.0,-4713.0,,Available,website maps this code to Available
1,6083d738-8909-4ab2-af7d-f4cfcf0699af,2026-09-23T00:19:01.303+00:00,2026-09-23T00:19:01.483+00:00,21072-30059,dryers,50170059,52000000,2026-09-23 00:19:01,2026-09-22 22:15:07,23,7434.0,-6054.0,,Available,website fallback: report over 1 hour old
1,6083d738-8909-4ab2-af7d-f4cfcf0699af,2026-09-23T00:19:01.303+00:00,2026-09-23T00:19:01.483+00:00,21072-30059,dryers,50170057,72000000,2026-09-23 00:19:01,2026-09-22 22:55:47,46,4994.0,-2234.0,,Available,website maps this code to Available
1,6083d738-8909-4ab2-af7d-f4cfcf0699af,2026-09-23T00:19:01.303+00:00,2026-09-23T00:19:01.483+00:00,21072-30059,dryers,50170062,72000000,2026-09-23 00:19:01,2026-09-22 23:06:22,46,4359.0,-1599.0,,Available,website maps this code to Available
1,6083d738-8909-4ab2-af7d-f4cfcf0699af,2026-09-23T00:19:01.303+00:00,2026-09-23T00:19:01.483+00:00,21072-30059,dryers,50170067,52000000,2026-09-23 00:19:01,2026-09-22 23:44:57,23,2044.0,-664.0,,Finished,
1,6083d738-8909-4ab2-af7d-f4cfcf0699af,2026-09-23T00:19:01.303+00:00,2026-09-23T00:19:01.483+00:00,21072-30059,dryers,50170074,72000000,2026-09-23 00:19:01,2026-09-22 20:42:32,46,12989.0,-10229.0,,Available,website maps this code to Available
1,6083d738-8909-4ab2-af7d-f4cfcf0699af,2026-09-23T00:19:01.303+00:00,2026-09-23T00:19:01.483+00:00,21072-30059,dryers,50170071,72000000,2026-09-23 00:19:01,2026-09-22 21:56:40,46,8541.0,-5781.0,,Available,website maps this code to Available
1,6083d738-8909-4ab2-af7d-f4cfcf0699af,2026-09-23T00:19:01.303+00:00,2026-09-23T00:19:01.483+00:00,21072-30059,dryers,50170054,42000000,2026-09-23 00:19:01,2026-09-22 23:56:58,45,1323.0,1377.0,23,Running,
1,15444b5a-4ef3-49b2-a47d-356524edf346,2026-09-23T00:20:01.339+00:00,2026-09-23T00:20:01.559+00:00,21072-30059,washers,50170051,72000000,2026-09-23 00:20:01,2026-09-22 21:24:15,29,10546.0,-8806.0,,Available,website maps this code to Available
1,15444b5a-4ef3-49b2-a47d-356524edf346,2026-09-23T00:20:01.339+00:00,2026-09-23T00:20:01.559+00:00,21072-30059,washers,50170080,42000000,2026-09-23 00:20:01,2026-09-23 00:16:43,30,198.0,1602.0,27,Running,
1,15444b5a-4ef3-49b2-a47d-356524edf346,2026-09-23T00:20:01.339+00:00,2026-09-23T00:20:01.559+00:00,21072-30059,washers,50170075,42000000,2026-09-23 00:20:01,2026-09-23 00:17:34,30,147.0,1653.0,28,Running,
1,15444b5a-4ef3-49b2-a47d-356524edf346,2026-09-23T00:20:01.339+00:00,2026-09-23T00:20:01.559+00:00,21072-30059,washers,50170082,72000000,2026-09-23 00:20:01,2026-09-22 21:24:54,29,10507.0,-8767.0,,Available,website maps this code to Available
1,15444b5a-4ef3-49b2-a47d-356524edf346,2026-09-23T00:20:01.339+00:00,2026-09-23T00:20:01.559+00:00,21072-30059,washers,50170050,72000000,2026-09-23 00:20:01,2026-09-22 21:26:02,29,10439.0,-8699.0,,Available,website maps this code to Available
1,15444b5a-4ef3-49b2-a47d-356524edf346,2026-09-23T00:20:01.339+00:00,2026-09-23T00:20:01.559+00:00,21072-30059,washers,50170052,72000000,2026-09-23 00:20:01,2026-09-22 21:27:37,29,10344.0,-8604.0,,Available,website maps this code to Available
1,15444b5a-4ef3-49b2-a47d-356524edf346,2026-09-23T00:20:01.339+00:00,2026-09-23T00:20:01.559+00:00,21072-30059,washers,50170078,72000000,2026-09-23 00:20:01,2026-09-22 21:29:00,29,10261.0,-8521.0,,Available,website maps this code to Available
1,15444b5a-4ef3-49b2-a47d-356524edf346,2026-09-23T00:20:01.339+00:00,2026-09-23T00:20:01.559+00:00,21072-30059,washers,50170084,72000000,2026-09-23 00:20:01,2026-09-22 07:02:40,29,62241.0,-60501.0,,Available,website maps this code to Available
1,15444b5a-4ef3-49b2-a47d-356524edf346,2026-09-23T00:20:01.339+00:00,2026-09-23T00:20:01.559+00:00,21072-30059,washers,50170068,42000000,2026-09-23 00:20:01,2026-09-23 00:17:03,41,178.0,2282.0,39,Running,
1,15444b5a-4ef3-49b2-a47d-356524edf346,2026-09-23T00:20:01.339+00:00,2026-09-23T00:20:01.559+00:00,21072-30059,washers,50170072,42000000,2026-09-23 00:20:01,2026-09-23 00:17:43,39,138.0,2202.0,37,Running,
1,15444b5a-4ef3-49b2-a47d-356524edf346,2026-09-23T00:20:01.339+00:00,2026-09-23T00:20:01.559+00:00,21072-30059,washers,20483408,72000000,2026-09-23 00:20:01,2024-12-20 00:43:32,0,55467389.0,-55467389.0,,Available,website maps this code to Available
1,15444b5a-4ef3-49b2-a47d-356524edf346,2026-09-23T00:20:01.339+00:00,2026-09-23T00:20:01.559+00:00,21072-30059,washers,50170055,42000000,2026-09-23 00:20:01,2026-09-23 00:16:41,41,200.0,2260.0,38,Running,
1,15444b5a-4ef3-49b2-a47d-356524edf346,2026-09-23T00:20:01.339+00:00,2026-09-23T00:20:01.559+00:00,21072-30059,dryers,50170058,72000000,2026-09-23 00:20:01,2026-09-12 03:29:03,46,939058.0,-936298.0,,Available,website maps this code to Available
1,15444b5a-4ef3-49b2-a47d-356524edf346,2026-09-23T00:20:01.339+00:00,2026-09-23T00:20:01.559+00:00,21072-30059,dryers,50170061,72000000,2026-09-23 00:20:01,2026-09-22 22:55:19,46,5082.0,-2322.0,,Available,website maps this code to Available
1,15444b5a-4ef3-49b2-a47d-356524edf346,2026-09-23T00:20:01.339+00:00,2026-09-23T00:20:01.559+00:00,21072-30059,dryers,50170081,72000000,2026-09-23 00:20:01,2026-09-22 22:55:35,46,5066.0,-2306.0,,Available,website maps this code to Available
1,15444b5a-4ef3-49b2-a47d-356524edf346,2026-09-23T00:20:01.339+00:00,2026-09-23T00:20:01.559+00:00,21072-30059,dryers,50170060,52000000,2026-09-23 00:20:01,2026-09-22 22:10:55,23,7746.0,-6366.0,,Available,website fallback: report over 1 hour old
1,15444b5a-4ef3-49b2-a47d-356524edf346,2026-09-23T00:20:01.339+00:00,2026-09-23T00:20:01.559+00:00,21072-30059,dryers,50170087,52000000,2026-09-23 00:20:01,2026-09-22 22:12:10,23,7671.0,-6291.0,,Available,website fallback: report over 1 hour old
1,15444b5a-4ef3-49b2-a47d-356524edf346,2026-09-23T00:20:01.339+00:00,2026-09-23T00:20:01.559+00:00,21072-30059,dryers,50170064,72000000,2026-09-23 00:20:01,2026-09-22 07:01:55,46,62286.0,-59526.0,,Available,website maps this code to Available
1,15444b5a-4ef3-49b2-a47d-356524edf346,2026-09-23T00:20:01.339+00:00,2026-09-23T00:20:01.559+00:00,21072-30059,dryers,50170065,72000000,2026-09-23 00:20:01,2026-09-22 22:14:28,46,7533.0,-4773.0,,Available,website maps this code to Available
1,15444b5a-4ef3-49b2-a47d-356524edf346,2026-09-23T00:20:01.339+00:00,2026-09-23T00:20:01.559+00:00,21072-30059,dryers,50170059,52000000,2026-09-23 00:20:01,2026-09-22 22:15:07,23,7494.0,-6114.0,,Available,website fallback: report over 1 hour old
1,15444b5a-4ef3-49b2-a47d-356524edf346,2026-09-23T00:20:01.339+00:00,2026-09-23T00:20:01.559+00:00,21072-30059,dryers,50170057,72000000,2026-09-23 00:20:01,2026-09-22 22:55:47,46,5054.0,-2294.0,,Available,website maps this code to Available
1,15444b5a-4ef3-49b2-a47d-356524edf346,2026-09-23T00:20:01.339+00:00,2026-09-23T00:20:01.559+00:00,21072-30059,dryers,50170062,72000000,2026-09-23 00:20:01,2026-09-22 23:06:22,46,4419.0,-1659.0,,Available,website maps this code to Available
1,15444b5a-4ef3-49b2-a47d-356524edf346,2026-09-23T00:20:01.339+00:00,2026-09-23T00:20:01.559+00:00,21072-30059,dryers,50170067,52000000,2026-09-23 00:20:01,2026-09-22 23:44:57,23,2104.0,-724.0,,Finished,
1,15444b5a-4ef3-49b2-a47d-356524edf346,2026-09-23T00:20:01.339+00:00,2026-09-23T00:20:01.559+00:00,21072-30059,dryers,50170074,72000000,2026-09-23 00:20:01,2026-09-22 20:42:32,46,13049.0,-10289.0,,Available,website maps this code to Available
1,15444b5a-4ef3-49b2-a47d-356524edf346,2026-09-23T00:20:01.339+00:00,2026-09-23T00:20:01.559+00:00,21072-30059,dryers,50170071,72000000,2026-09-23 00:20:01,2026-09-22 21:56:40,46,8601.0,-5841.0,,Available,website maps this code to Available
1,15444b5a-4ef3-49b2-a47d-356524edf346,2026-09-23T00:20:01.339+00:00,2026-09-23T00:20:01.559+00:00,21072-30059,dryers,50170054,42000000,2026-09-23 00:20:01,2026-09-22 23:56:58,45,1383.0,1317.0,22,Running,
1,bae25dd9-0594-43de-ba1d-4c86f2f6b474,2026-09-23T00:21:01.311+00:00,2026-09-23T00:21:01.494+00:00,21072-30059,washers,50170051,72000000,2026-09-23 00:21:01,2026-09-22 21:24:15,29,10606.0,-8866.0,,Available,website maps this code to Available
1,bae25dd9-0594-43de-ba1d-4c86f2f6b474,2026-09-23T00:21:01.311+00:00,2026-09-23T00:21:01.494+00:00,21072-30059,washers,50170080,42000000,2026-09-23 00:21:01,2026-09-23 00:16:43,30,258.0,1542.0,26,Running,
1,bae25dd9-0594-43de-ba1d-4c86f2f6b474,2026-09-23T00:21:01.311+00:00,2026-09-23T00:21:01.494+00:00,21072-30059,washers,50170075,42000000,2026-09-23 00:21:01,2026-09-23 00:17:34,30,207.0,1593.0,27,Running,
1,bae25dd9-0594-43de-ba1d-4c86f2f6b474,2026-09-23T00:21:01.311+00:00,2026-09-23T00:21:01.494+00:00,21072-30059,washers,50170082,72000000,2026-09-23 00:21:01,2026-09-22 21:24:54,29,10567.0,-8827.0,,Available,website maps this code to Available
1,bae25dd9-0594-43de-ba1d-4c86f2f6b474,2026-09-23T00:21:01.311+00:00,2026-09-23T00:21:01.494+00:00,21072-30059,washers,50170050,72000000,2026-09-23 00:21:01,2026-09-22 21:26:02,29,10499.0,-8759.0,,Available,website maps this code to Available
1,bae25dd9-0594-43de-ba1d-4c86f2f6b474,2026-09-23T00:21:01.311+00:00,2026-09-23T00:21:01.494+00:00,21072-30059,washers,50170052,72000000,2026-09-23 00:21:01,2026-09-22 21:27:37,29,10404.0,-8664.0,,Available,website maps this code to Available
1,bae25dd9-0594-43de-ba1d-4c86f2f6b474,2026-09-23T00:21:01.311+00:00,2026-09-23T00:21:01.494+00:00,21072-30059,washers,50170078,72000000,2026-09-23 00:21:01,2026-09-22 21:29:00,29,10321.0,-8581.0,,Available,website maps this code to Available
1,bae25dd9-0594-43de-ba1d-4c86f2f6b474,2026-09-23T00:21:01.311+00:00,2026-09-23T00:21:01.494+00:00,21072-30059,washers,50170084,72000000,2026-09-23 00:21:01,2026-09-22 07:02:40,29,62301.0,-60561.0,,Available,website maps this code to Available
1,bae25dd9-0594-43de-ba1d-4c86f2f6b474,2026-09-23T00:21:01.311+00:00,2026-09-23T00:21:01.494+00:00,21072-30059,washers,50170068,42000000,2026-09-23 00:21:01,2026-09-23 00:17:03,41,238.0,2222.0,38,Running,
1,bae25dd9-0594-43de-ba1d-4c86f2f6b474,2026-09-23T00:21:01.311+00:00,2026-09-23T00:21:01.494+00:00,21072-30059,washers,50170072,42000000,2026-09-23 00:21:01,2026-09-23 00:17:43,39,198.0,2142.0,36,Running,
1,bae25dd9-0594-43de-ba1d-4c86f2f6b474,2026-09-23T00:21:01.311+00:00,2026-09-23T00:21:01.494+00:00,21072-30059,washers,20483408,72000000,2026-09-23 00:21:01,2024-12-20 00:43:32,0,55467449.0,-55467449.0,,Available,website maps this code to Available
1,bae25dd9-0594-43de-ba1d-4c86f2f6b474,2026-09-23T00:21:01.311+00:00,2026-09-23T00:21:01.494+00:00,21072-30059,washers,50170055,42000000,2026-09-23 00:21:01,2026-09-23 00:16:41,41,260.0,2200.0,37,Running,
1,bae25dd9-0594-43de-ba1d-4c86f2f6b474,2026-09-23T00:21:01.311+00:00,2026-09-23T00:21:01.494+00:00,21072-30059,dryers,50170058,72000000,2026-09-23 00:21:01,2026-09-12 03:29:03,46,939118.0,-936358.0,,Available,website maps this code to Available
1,bae25dd9-0594-43de-ba1d-4c86f2f6b474,2026-09-23T00:21:01.311+00:00,2026-09-23T00:21:01.494+00:00,21072-30059,dryers,50170061,72000000,2026-09-23 00:21:01,2026-09-22 22:55:19,46,5142.0,-2382.0,,Available,website maps this code to Available
1,bae25dd9-0594-43de-ba1d-4c86f2f6b474,2026-09-23T00:21:01.311+00:00,2026-09-23T00:21:01.494+00:00,21072-30059,dryers,50170081,72000000,2026-09-23 00:21:01,2026-09-22 22:55:35,46,5126.0,-2366.0,,Available,website maps this code to Available
1,bae25dd9-0594-43de-ba1d-4c86f2f6b474,2026-09-23T00:21:01.311+00:00,2026-09-23T00:21:01.494+00:00,21072-30059,dryers,50170060,52000000,2026-09-23 00:21:01,2026-09-22 22:10:55,23,7806.0,-6426.0,,Available,website fallback: report over 1 hour old
1,bae25dd9-0594-43de-ba1d-4c86f2f6b474,2026-09-23T00:21:01.311+00:00,2026-09-23T00:21:01.494+00:00,21072-30059,dryers,50170087,52000000,2026-09-23 00:21:01,2026-09-22 22:12:10,23,7731.0,-6351.0,,Available,website fallback: report over 1 hour old
1,bae25dd9-0594-43de-ba1d-4c86f2f6b474,2026-09-23T00:21:01.311+00:00,2026-09-23T00:21:01.494+00:00,21072-30059,dryers,50170064,72000000,2026-09-23 00:21:01,2026-09-22 07:01:55,46,62346.0,-59586.0,,Available,website maps this code to Available
1,bae25dd9-0594-43de-ba1d-4c86f2f6b474,2026-09-23T00:21:01.311+00:00,2026-09-23T00:21:01.494+00:00,21072-30059,dryers,50170065,72000000,2026-09-23 00:21:01,2026-09-22 22:14:28,46,7593.0,-4833.0,,Available,website maps this code to Available
1,bae25dd9-0594-43de-ba1d-4c86f2f6b474,2026-09-23T00:21:01.311+00:00,2026-09-23T00:21:01.494+00:00,21072-30059,dryers,50170059,52000000,2026-09-23 00:21:01,2026-09-22 22:15:07,23,7554.0,-6174.0,,Available,website fallback: report over 1 hour old
1,bae25dd9-0594-43de-ba1d-4c86f2f6b474,2026-09-23T00:21:01.311+00:00,2026-09-23T00:21:01.494+00:00,21072-30059,dryers,50170057,72000000,2026-09-23 00:21:01,2026-09-22 22:55:47,46,5114.0,-2354.0,,Available,website maps this code to Available
1,bae25dd9-0594-43de-ba1d-4c86f2f6b474,2026-09-23T00:21:01.311+00:00,2026-09-23T00:21:01.494+00:00,21072-30059,dryers,50170062,72000000,2026-09-23 00:21:01,2026-09-22 23:06:22,46,4479.0,-1719.0,,Available,website maps this code to Available
1,bae25dd9-0594-43de-ba1d-4c86f2f6b474,2026-09-23T00:21:01.311+00:00,2026-09-23T00:21:01.494+00:00,21072-30059,dryers,50170067,52000000,2026-09-23 00:21:01,2026-09-22 23:44:57,23,2164.0,-784.0,,Finished,
1,bae25dd9-0594-43de-ba1d-4c86f2f6b474,2026-09-23T00:21:01.311+00:00,2026-09-23T00:21:01.494+00:00,21072-30059,dryers,50170074,72000000,2026-09-23 00:21:01,2026-09-22 20:42:32,46,13109.0,-10349.0,,Available,website maps this code to Available
1,bae25dd9-0594-43de-ba1d-4c86f2f6b474,2026-09-23T00:21:01.311+00:00,2026-09-23T00:21:01.494+00:00,21072-30059,dryers,50170071,72000000,2026-09-23 00:21:01,2026-09-22 21:56:40,46,8661.0,-5901.0,,Available,website maps this code to Available
1,bae25dd9-0594-43de-ba1d-4c86f2f6b474,2026-09-23T00:21:01.311+00:00,2026-09-23T00:21:01.494+00:00,21072-30059,dryers,50170054,42000000,2026-09-23 00:21:01,2026-09-22 23:56:58,45,1443.0,1257.0,21,Running,
1,4ed8f55c-a5ec-40d7-9200-47a9f28cebee,2026-09-23T00:22:01.350+00:00,2026-09-23T00:22:01.553+00:00,21072-30059,washers,50170051,72000000,2026-09-23 00:22:01,2026-09-22 21:24:15,29,10666.0,-8926.0,,Available,website maps this code to Available
1,4ed8f55c-a5ec-40d7-9200-47a9f28cebee,2026-09-23T00:22:01.350+00:00,2026-09-23T00:22:01.553+00:00,21072-30059,washers,50170080,42000000,2026-09-23 00:22:01,2026-09-23 00:16:43,30,318.0,1482.0,25,Running,
1,4ed8f55c-a5ec-40d7-9200-47a9f28cebee,2026-09-23T00:22:01.350+00:00,2026-09-23T00:22:01.553+00:00,21072-30059,washers,50170075,42000000,2026-09-23 00:22:01,2026-09-23 00:17:34,30,267.0,1533.0,26,Running,
1,4ed8f55c-a5ec-40d7-9200-47a9f28cebee,2026-09-23T00:22:01.350+00:00,2026-09-23T00:22:01.553+00:00,21072-30059,washers,50170082,72000000,2026-09-23 00:22:01,2026-09-22 21:24:54,29,10627.0,-8887.0,,Available,website maps this code to Available
1,4ed8f55c-a5ec-40d7-9200-47a9f28cebee,2026-09-23T00:22:01.350+00:00,2026-09-23T00:22:01.553+00:00,21072-30059,washers,50170050,72000000,2026-09-23 00:22:01,2026-09-22 21:26:02,29,10559.0,-8819.0,,Available,website maps this code to Available
1,4ed8f55c-a5ec-40d7-9200-47a9f28cebee,2026-09-23T00:22:01.350+00:00,2026-09-23T00:22:01.553+00:00,21072-30059,washers,50170052,72000000,2026-09-23 00:22:01,2026-09-22 21:27:37,29,10464.0,-8724.0,,Available,website maps this code to Available
1,4ed8f55c-a5ec-40d7-9200-47a9f28cebee,2026-09-23T00:22:01.350+00:00,2026-09-23T00:22:01.553+00:00,21072-30059,washers,50170078,72000000,2026-09-23 00:22:01,2026-09-22 21:29:00,29,10381.0,-8641.0,,Available,website maps this code to Available
1,4ed8f55c-a5ec-40d7-9200-47a9f28cebee,2026-09-23T00:22:01.350+00:00,2026-09-23T00:22:01.553+00:00,21072-30059,washers,50170084,72000000,2026-09-23 00:22:01,2026-09-22 07:02:40,29,62361.0,-60621.0,,Available,website maps this code to Available
1,4ed8f55c-a5ec-40d7-9200-47a9f28cebee,2026-09-23T00:22:01.350+00:00,2026-09-23T00:22:01.553+00:00,21072-30059,washers,50170068,42000000,2026-09-23 00:22:01,2026-09-23 00:17:03,41,298.0,2162.0,37,Running,
1,4ed8f55c-a5ec-40d7-9200-47a9f28cebee,2026-09-23T00:22:01.350+00:00,2026-09-23T00:22:01.553+00:00,21072-30059,washers,50170072,42000000,2026-09-23 00:22:01,2026-09-23 00:17:43,39,258.0,2082.0,35,Running,
1,4ed8f55c-a5ec-40d7-9200-47a9f28cebee,2026-09-23T00:22:01.350+00:00,2026-09-23T00:22:01.553+00:00,21072-30059,washers,20483408,72000000,2026-09-23 00:22:01,2024-12-20 00:43:32,0,55467509.0,-55467509.0,,Available,website maps this code to Available
1,4ed8f55c-a5ec-40d7-9200-47a9f28cebee,2026-09-23T00:22:01.350+00:00,2026-09-23T00:22:01.553+00:00,21072-30059,washers,50170055,42000000,2026-09-23 00:22:01,2026-09-23 00:16:41,41,320.0,2140.0,36,Running,
1,4ed8f55c-a5ec-40d7-9200-47a9f28cebee,2026-09-23T00:22:01.350+00:00,2026-09-23T00:22:01.553+00:00,21072-30059,dryers,50170058,72000000,2026-09-23 00:22:01,2026-09-12 03:29:03,46,939178.0,-936418.0,,Available,website maps this code to Available
1,4ed8f55c-a5ec-40d7-9200-47a9f28cebee,2026-09-23T00:22:01.350+00:00,2026-09-23T00:22:01.553+00:00,21072-30059,dryers,50170061,72000000,2026-09-23 00:22:01,2026-09-22 22:55:19,46,5202.0,-2442.0,,Available,website maps this code to Available
1,4ed8f55c-a5ec-40d7-9200-47a9f28cebee,2026-09-23T00:22:01.350+00:00,2026-09-23T00:22:01.553+00:00,21072-30059,dryers,50170081,72000000,2026-09-23 00:22:01,2026-09-22 22:55:35,46,5186.0,-2426.0,,Available,website maps this code to Available
1,4ed8f55c-a5ec-40d7-9200-47a9f28cebee,2026-09-23T00:22:01.350+00:00,2026-09-23T00:22:01.553+00:00,21072-30059,dryers,50170060,52000000,2026-09-23 00:22:01,2026-09-22 22:10:55,23,7866.0,-6486.0,,Available,website fallback: report over 1 hour old
1,4ed8f55c-a5ec-40d7-9200-47a9f28cebee,2026-09-23T00:22:01.350+00:00,2026-09-23T00:22:01.553+00:00,21072-30059,dryers,50170087,52000000,2026-09-23 00:22:01,2026-09-22 22:12:10,23,7791.0,-6411.0,,Available,website fallback: report over 1 hour old
1,4ed8f55c-a5ec-40d7-9200-47a9f28cebee,2026-09-23T00:22:01.350+00:00,2026-09-23T00:22:01.553+00:00,21072-30059,dryers,50170064,72000000,2026-09-23 00:22:01,2026-09-22 07:01:55,46,62406.0,-59646.0,,Available,website maps this code to Available
1,4ed8f55c-a5ec-40d7-9200-47a9f28cebee,2026-09-23T00:22:01.350+00:00,2026-09-23T00:22:01.553+00:00,21072-30059,dryers,50170065,72000000,2026-09-23 00:22:01,2026-09-22 22:14:28,46,7653.0,-4893.0,,Available,website maps this code to Available
1,4ed8f55c-a5ec-40d7-9200-47a9f28cebee,2026-09-23T00:22:01.350+00:00,2026-09-23T00:22:01.553+00:00,21072-30059,dryers,50170059,52000000,2026-09-23 00:22:01,2026-09-22 22:15:07,23,7614.0,-6234.0,,Available,website fallback: report over 1 hour old
1,4ed8f55c-a5ec-40d7-9200-47a9f28cebee,2026-09-23T00:22:01.350+00:00,2026-09-23T00:22:01.553+00:00,21072-30059,dryers,50170057,72000000,2026-09-23 00:22:01,2026-09-22 22:55:47,46,5174.0,-2414.0,,Available,website maps this code to Available
1,4ed8f55c-a5ec-40d7-9200-47a9f28cebee,2026-09-23T00:22:01.350+00:00,2026-09-23T00:22:01.553+00:00,21072-30059,dryers,50170062,72000000,2026-09-23 00:22:01,2026-09-22 23:06:22,46,4539.0,-1779.0,,Available,website maps this code to Available
1,4ed8f55c-a5ec-40d7-9200-47a9f28cebee,2026-09-23T00:22:01.350+00:00,2026-09-23T00:22:01.553+00:00,21072-30059,dryers,50170067,52000000,2026-09-23 00:22:01,2026-09-22 23:44:57,23,2224.0,-844.0,,Finished,
1,4ed8f55c-a5ec-40d7-9200-47a9f28cebee,2026-09-23T00:22:01.350+00:00,2026-09-23T00:22:01.553+00:00,21072-30059,dryers,50170074,72000000,2026-09-23 00:22:01,2026-09-22 20:42:32,46,13169.0,-10409.0,,Available,website maps this code to Available
1,4ed8f55c-a5ec-40d7-9200-47a9f28cebee,2026-09-23T00:22:01.350+00:00,2026-09-23T00:22:01.553+00:00,21072-30059,dryers,50170071,72000000,2026-09-23 00:22:01,2026-09-22 21:56:40,46,8721.0,-5961.0,,Available,website maps this code to Available
1,4ed8f55c-a5ec-40d7-9200-47a9f28cebee,2026-09-23T00:22:01.350+00:00,2026-09-23T00:22:01.553+00:00,21072-30059,dryers,50170054,42000000,2026-09-23 00:22:01,2026-09-22 23:56:58,45,1503.0,1197.0,20,Running,
1,0aedef8c-62b2-47bc-b1f0-d649f6a158f8,2026-09-23T00:23:01.309+00:00,2026-09-23T00:23:01.505+00:00,21072-30059,washers,50170051,72000000,2026-09-23 00:23:01,2026-09-22 21:24:15,29,10726.0,-8986.0,,Available,website maps this code to Available
1,0aedef8c-62b2-47bc-b1f0-d649f6a158f8,2026-09-23T00:23:01.309+00:00,2026-09-23T00:23:01.505+00:00,21072-30059,washers,50170080,42000000,2026-09-23 00:23:01,2026-09-23 00:16:43,30,378.0,1422.0,24,Running,
1,0aedef8c-62b2-47bc-b1f0-d649f6a158f8,2026-09-23T00:23:01.309+00:00,2026-09-23T00:23:01.505+00:00,21072-30059,washers,50170075,42000000,2026-09-23 00:23:01,2026-09-23 00:17:34,30,327.0,1473.0,25,Running,
1,0aedef8c-62b2-47bc-b1f0-d649f6a158f8,2026-09-23T00:23:01.309+00:00,2026-09-23T00:23:01.505+00:00,21072-30059,washers,50170082,72000000,2026-09-23 00:23:01,2026-09-22 21:24:54,29,10687.0,-8947.0,,Available,website maps this code to Available
1,0aedef8c-62b2-47bc-b1f0-d649f6a158f8,2026-09-23T00:23:01.309+00:00,2026-09-23T00:23:01.505+00:00,21072-30059,washers,50170050,72000000,2026-09-23 00:23:01,2026-09-22 21:26:02,29,10619.0,-8879.0,,Available,website maps this code to Available
1,0aedef8c-62b2-47bc-b1f0-d649f6a158f8,2026-09-23T00:23:01.309+00:00,2026-09-23T00:23:01.505+00:00,21072-30059,washers,50170052,72000000,2026-09-23 00:23:01,2026-09-22 21:27:37,29,10524.0,-8784.0,,Available,website maps this code to Available
1,0aedef8c-62b2-47bc-b1f0-d649f6a158f8,2026-09-23T00:23:01.309+00:00,2026-09-23T00:23:01.505+00:00,21072-30059,washers,50170078,72000000,2026-09-23 00:23:01,2026-09-22 21:29:00,29,10441.0,-8701.0,,Available,website maps this code to Available
1,0aedef8c-62b2-47bc-b1f0-d649f6a158f8,2026-09-23T00:23:01.309+00:00,2026-09-23T00:23:01.505+00:00,21072-30059,washers,50170084,72000000,2026-09-23 00:23:01,2026-09-22 07:02:40,29,62421.0,-60681.0,,Available,website maps this code to Available
1,0aedef8c-62b2-47bc-b1f0-d649f6a158f8,2026-09-23T00:23:01.309+00:00,2026-09-23T00:23:01.505+00:00,21072-30059,washers,50170068,42000000,2026-09-23 00:23:01,2026-09-23 00:17:03,41,358.0,2102.0,36,Running,
1,0aedef8c-62b2-47bc-b1f0-d649f6a158f8,2026-09-23T00:23:01.309+00:00,2026-09-23T00:23:01.505+00:00,21072-30059,washers,50170072,42000000,2026-09-23 00:23:01,2026-09-23 00:17:43,39,318.0,2022.0,34,Running,
1,0aedef8c-62b2-47bc-b1f0-d649f6a158f8,2026-09-23T00:23:01.309+00:00,2026-09-23T00:23:01.505+00:00,21072-30059,washers,20483408,72000000,2026-09-23 00:23:01,2024-12-20 00:43:32,0,55467569.0,-55467569.0,,Available,website maps this code to Available
1,0aedef8c-62b2-47bc-b1f0-d649f6a158f8,2026-09-23T00:23:01.309+00:00,2026-09-23T00:23:01.505+00:00,21072-30059,washers,50170055,42000000,2026-09-23 00:23:01,2026-09-23 00:16:41,41,380.0,2080.0,35,Running,
1,0aedef8c-62b2-47bc-b1f0-d649f6a158f8,2026-09-23T00:23:01.309+00:00,2026-09-23T00:23:01.505+00:00,21072-30059,dryers,50170058,72000000,2026-09-23 00:23:01,2026-09-12 03:29:03,46,939238.0,-936478.0,,Available,website maps this code to Available
1,0aedef8c-62b2-47bc-b1f0-d649f6a158f8,2026-09-23T00:23:01.309+00:00,2026-09-23T00:23:01.505+00:00,21072-30059,dryers,50170061,72000000,2026-09-23 00:23:01,2026-09-22 22:55:19,46,5262.0,-2502.0,,Available,website maps this code to Available
1,0aedef8c-62b2-47bc-b1f0-d649f6a158f8,2026-09-23T00:23:01.309+00:00,2026-09-23T00:23:01.505+00:00,21072-30059,dryers,50170081,72000000,2026-09-23 00:23:01,2026-09-22 22:55:35,46,5246.0,-2486.0,,Available,website maps this code to Available
1,0aedef8c-62b2-47bc-b1f0-d649f6a158f8,2026-09-23T00:23:01.309+00:00,2026-09-23T00:23:01.505+00:00,21072-30059,dryers,50170060,52000000,2026-09-23 00:23:01,2026-09-22 22:10:55,23,7926.0,-6546.0,,Available,website fallback: report over 1 hour old
1,0aedef8c-62b2-47bc-b1f0-d649f6a158f8,2026-09-23T00:23:01.309+00:00,2026-09-23T00:23:01.505+00:00,21072-30059,dryers,50170087,52000000,2026-09-23 00:23:01,2026-09-22 22:12:10,23,7851.0,-6471.0,,Available,website fallback: report over 1 hour old
1,0aedef8c-62b2-47bc-b1f0-d649f6a158f8,2026-09-23T00:23:01.309+00:00,2026-09-23T00:23:01.505+00:00,21072-30059,dryers,50170064,72000000,2026-09-23 00:23:01,2026-09-22 07:01:55,46,62466.0,-59706.0,,Available,website maps this code to Available
1,0aedef8c-62b2-47bc-b1f0-d649f6a158f8,2026-09-23T00:23:01.309+00:00,2026-09-23T00:23:01.505+00:00,21072-30059,dryers,50170065,72000000,2026-09-23 00:23:01,2026-09-22 22:14:28,46,7713.0,-4953.0,,Available,website maps this code to Available
1,0aedef8c-62b2-47bc-b1f0-d649f6a158f8,2026-09-23T00:23:01.309+00:00,2026-09-23T00:23:01.505+00:00,21072-30059,dryers,50170059,52000000,2026-09-23 00:23:01,2026-09-22 22:15:07,23,7674.0,-6294.0,,Available,website fallback: report over 1 hour old
1,0aedef8c-62b2-47bc-b1f0-d649f6a158f8,2026-09-23T00:23:01.309+00:00,2026-09-23T00:23:01.505+00:00,21072-30059,dryers,50170057,72000000,2026-09-23 00:23:01,2026-09-22 22:55:47,46,5234.0,-2474.0,,Available,website maps this code to Available
1,0aedef8c-62b2-47bc-b1f0-d649f6a158f8,2026-09-23T00:23:01.309+00:00,2026-09-23T00:23:01.505+00:00,21072-30059,dryers,50170062,72000000,2026-09-23 00:23:01,2026-09-22 23:06:22,46,4599.0,-1839.0,,Available,website maps this code to Available
1,0aedef8c-62b2-47bc-b1f0-d649f6a158f8,2026-09-23T00:23:01.309+00:00,2026-09-23T00:23:01.505+00:00,21072-30059,dryers,50170067,52000000,2026-09-23 00:23:01,2026-09-22 23:44:57,23,2284.0,-904.0,,Finished,
1,0aedef8c-62b2-47bc-b1f0-d649f6a158f8,2026-09-23T00:23:01.309+00:00,2026-09-23T00:23:01.505+00:00,21072-30059,dryers,50170074,72000000,2026-09-23 00:23:01,2026-09-22 20:42:32,46,13229.0,-10469.0,,Available,website maps this code to Available
1,0aedef8c-62b2-47bc-b1f0-d649f6a158f8,2026-09-23T00:23:01.309+00:00,2026-09-23T00:23:01.505+00:00,21072-30059,dryers,50170071,72000000,2026-09-23 00:23:01,2026-09-22 21:56:40,46,8781.0,-6021.0,,Available,website maps this code to Available
1,0aedef8c-62b2-47bc-b1f0-d649f6a158f8,2026-09-23T00:23:01.309+00:00,2026-09-23T00:23:01.505+00:00,21072-30059,dryers,50170054,42000000,2026-09-23 00:23:01,2026-09-22 23:56:58,45,1563.0,1137.0,19,Running,
1,8b1f851f-ed79-49e9-9f44-e4fef1ba62ad,2026-09-23T00:24:01.306+00:00,2026-09-23T00:24:01.547+00:00,21072-30059,washers,50170051,72000000,2026-09-23 00:24:01,2026-09-22 21:24:15,29,10786.0,-9046.0,,Available,website maps this code to Available
1,8b1f851f-ed79-49e9-9f44-e4fef1ba62ad,2026-09-23T00:24:01.306+00:00,2026-09-23T00:24:01.547+00:00,21072-30059,washers,50170080,42000000,2026-09-23 00:24:01,2026-09-23 00:16:43,30,438.0,1362.0,23,Running,
1,8b1f851f-ed79-49e9-9f44-e4fef1ba62ad,2026-09-23T00:24:01.306+00:00,2026-09-23T00:24:01.547+00:00,21072-30059,washers,50170075,42000000,2026-09-23 00:24:01,2026-09-23 00:17:34,30,387.0,1413.0,24,Running,
1,8b1f851f-ed79-49e9-9f44-e4fef1ba62ad,2026-09-23T00:24:01.306+00:00,2026-09-23T00:24:01.547+00:00,21072-30059,washers,50170082,72000000,2026-09-23 00:24:01,2026-09-22 21:24:54,29,10747.0,-9007.0,,Available,website maps this code to Available
1,8b1f851f-ed79-49e9-9f44-e4fef1ba62ad,2026-09-23T00:24:01.306+00:00,2026-09-23T00:24:01.547+00:00,21072-30059,washers,50170050,72000000,2026-09-23 00:24:01,2026-09-22 21:26:02,29,10679.0,-8939.0,,Available,website maps this code to Available
1,8b1f851f-ed79-49e9-9f44-e4fef1ba62ad,2026-09-23T00:24:01.306+00:00,2026-09-23T00:24:01.547+00:00,21072-30059,washers,50170052,72000000,2026-09-23 00:24:01,2026-09-22 21:27:37,29,10584.0,-8844.0,,Available,website maps this code to Available
1,8b1f851f-ed79-49e9-9f44-e4fef1ba62ad,2026-09-23T00:24:01.306+00:00,2026-09-23T00:24:01.547+00:00,21072-30059,washers,50170078,72000000,2026-09-23 00:24:01,2026-09-22 21:29:00,29,10501.0,-8761.0,,Available,website maps this code to Available
1,8b1f851f-ed79-49e9-9f44-e4fef1ba62ad,2026-09-23T00:24:01.306+00:00,2026-09-23T00:24:01.547+00:00,21072-30059,washers,50170084,72000000,2026-09-23 00:24:01,2026-09-22 07:02:40,29,62481.0,-60741.0,,Available,website maps this code to Available
1,8b1f851f-ed79-49e9-9f44-e4fef1ba62ad,2026-09-23T00:24:01.306+00:00,2026-09-23T00:24:01.547+00:00,21072-30059,washers,50170068,42000000,2026-09-23 00:24:01,2026-09-23 00:17:03,41,418.0,2042.0,35,Running,
1,8b1f851f-ed79-49e9-9f44-e4fef1ba62ad,2026-09-23T00:24:01.306+00:00,2026-09-23T00:24:01.547+00:00,21072-30059,washers,50170072,42000000,2026-09-23 00:24:01,2026-09-23 00:17:43,39,378.0,1962.0,33,Running,
1,8b1f851f-ed79-49e9-9f44-e4fef1ba62ad,2026-09-23T00:24:01.306+00:00,2026-09-23T00:24:01.547+00:00,21072-30059,washers,20483408,72000000,2026-09-23 00:24:01,2024-12-20 00:43:32,0,55467629.0,-55467629.0,,Available,website maps this code to Available
1,8b1f851f-ed79-49e9-9f44-e4fef1ba62ad,2026-09-23T00:24:01.306+00:00,2026-09-23T00:24:01.547+00:00,21072-30059,washers,50170055,42000000,2026-09-23 00:24:01,2026-09-23 00:16:41,41,440.0,2020.0,34,Running,
1,8b1f851f-ed79-49e9-9f44-e4fef1ba62ad,2026-09-23T00:24:01.306+00:00,2026-09-23T00:24:01.547+00:00,21072-30059,dryers,50170058,72000000,2026-09-23 00:24:01,2026-09-12 03:29:03,46,939298.0,-936538.0,,Available,website maps this code to Available
1,8b1f851f-ed79-49e9-9f44-e4fef1ba62ad,2026-09-23T00:24:01.306+00:00,2026-09-23T00:24:01.547+00:00,21072-30059,dryers,50170061,72000000,2026-09-23 00:24:01,2026-09-22 22:55:19,46,5322.0,-2562.0,,Available,website maps this code to Available
1,8b1f851f-ed79-49e9-9f44-e4fef1ba62ad,2026-09-23T00:24:01.306+00:00,2026-09-23T00:24:01.547+00:00,21072-30059,dryers,50170081,72000000,2026-09-23 00:24:01,2026-09-22 22:55:35,46,5306.0,-2546.0,,Available,website maps this code to Available
1,8b1f851f-ed79-49e9-9f44-e4fef1ba62ad,2026-09-23T00:24:01.306+00:00,2026-09-23T00:24:01.547+00:00,21072-30059,dryers,50170060,52000000,2026-09-23 00:24:01,2026-09-22 22:10:55,23,7986.0,-6606.0,,Available,website fallback: report over 1 hour old
1,8b1f851f-ed79-49e9-9f44-e4fef1ba62ad,2026-09-23T00:24:01.306+00:00,2026-09-23T00:24:01.547+00:00,21072-30059,dryers,50170087,52000000,2026-09-23 00:24:01,2026-09-22 22:12:10,23,7911.0,-6531.0,,Available,website fallback: report over 1 hour old
1,8b1f851f-ed79-49e9-9f44-e4fef1ba62ad,2026-09-23T00:24:01.306+00:00,2026-09-23T00:24:01.547+00:00,21072-30059,dryers,50170064,72000000,2026-09-23 00:24:01,2026-09-22 07:01:55,46,62526.0,-59766.0,,Available,website maps this code to Available
1,8b1f851f-ed79-49e9-9f44-e4fef1ba62ad,2026-09-23T00:24:01.306+00:00,2026-09-23T00:24:01.547+00:00,21072-30059,dryers,50170065,72000000,2026-09-23 00:24:01,2026-09-22 22:14:28,46,7773.0,-5013.0,,Available,website maps this code to Available
1,8b1f851f-ed79-49e9-9f44-e4fef1ba62ad,2026-09-23T00:24:01.306+00:00,2026-09-23T00:24:01.547+00:00,21072-30059,dryers,50170059,52000000,2026-09-23 00:24:01,2026-09-22 22:15:07,23,7734.0,-6354.0,,Available,website fallback: report over 1 hour old
1,8b1f851f-ed79-49e9-9f44-e4fef1ba62ad,2026-09-23T00:24:01.306+00:00,2026-09-23T00:24:01.547+00:00,21072-30059,dryers,50170057,72000000,2026-09-23 00:24:01,2026-09-22 22:55:47,46,5294.0,-2534.0,,Available,website maps this code to Available
1,8b1f851f-ed79-49e9-9f44-e4fef1ba62ad,2026-09-23T00:24:01.306+00:00,2026-09-23T00:24:01.547+00:00,21072-30059,dryers,50170062,72000000,2026-09-23 00:24:01,2026-09-22 23:06:22,46,4659.0,-1899.0,,Available,website maps this code to Available
1,8b1f851f-ed79-49e9-9f44-e4fef1ba62ad,2026-09-23T00:24:01.306+00:00,2026-09-23T00:24:01.547+00:00,21072-30059,dryers,50170067,52000000,2026-09-23 00:24:01,2026-09-22 23:44:57,23,2344.0,-964.0,,Finished,
1,8b1f851f-ed79-49e9-9f44-e4fef1ba62ad,2026-09-23T00:24:01.306+00:00,2026-09-23T00:24:01.547+00:00,21072-30059,dryers,50170074,72000000,2026-09-23 00:24:01,2026-09-22 20:42:32,46,13289.0,-10529.0,,Available,website maps this code to Available
1,8b1f851f-ed79-49e9-9f44-e4fef1ba62ad,2026-09-23T00:24:01.306+00:00,2026-09-23T00:24:01.547+00:00,21072-30059,dryers,50170071,72000000,2026-09-23 00:24:01,2026-09-22 21:56:40,46,8841.0,-6081.0,,Available,website maps this code to Available
1,8b1f851f-ed79-49e9-9f44-e4fef1ba62ad,2026-09-23T00:24:01.306+00:00,2026-09-23T00:24:01.547+00:00,21072-30059,dryers,50170054,42000000,2026-09-23 00:24:01,2026-09-22 23:56:58,45,1623.0,1077.0,18,Running,
1,b34fddac-93ce-459f-87fb-3cb9f5ccef27,2026-09-23T00:25:01.399+00:00,2026-09-23T00:25:01.611+00:00,21072-30059,washers,50170051,72000000,2026-09-23 00:25:01,2026-09-22 21:24:15,29,10846.0,-9106.0,,Available,website maps this code to Available
1,b34fddac-93ce-459f-87fb-3cb9f5ccef27,2026-09-23T00:25:01.399+00:00,2026-09-23T00:25:01.611+00:00,21072-30059,washers,50170080,42000000,2026-09-23 00:25:01,2026-09-23 00:16:43,30,498.0,1302.0,22,Running,
1,b34fddac-93ce-459f-87fb-3cb9f5ccef27,2026-09-23T00:25:01.399+00:00,2026-09-23T00:25:01.611+00:00,21072-30059,washers,50170075,42000000,2026-09-23 00:25:01,2026-09-23 00:17:34,30,447.0,1353.0,23,Running,
1,b34fddac-93ce-459f-87fb-3cb9f5ccef27,2026-09-23T00:25:01.399+00:00,2026-09-23T00:25:01.611+00:00,21072-30059,washers,50170082,72000000,2026-09-23 00:25:01,2026-09-22 21:24:54,29,10807.0,-9067.0,,Available,website maps this code to Available
1,b34fddac-93ce-459f-87fb-3cb9f5ccef27,2026-09-23T00:25:01.399+00:00,2026-09-23T00:25:01.611+00:00,21072-30059,washers,50170050,72000000,2026-09-23 00:25:01,2026-09-22 21:26:02,29,10739.0,-8999.0,,Available,website maps this code to Available
1,b34fddac-93ce-459f-87fb-3cb9f5ccef27,2026-09-23T00:25:01.399+00:00,2026-09-23T00:25:01.611+00:00,21072-30059,washers,50170052,72000000,2026-09-23 00:25:01,2026-09-22 21:27:37,29,10644.0,-8904.0,,Available,website maps this code to Available
1,b34fddac-93ce-459f-87fb-3cb9f5ccef27,2026-09-23T00:25:01.399+00:00,2026-09-23T00:25:01.611+00:00,21072-30059,washers,50170078,72000000,2026-09-23 00:25:01,2026-09-22 21:29:00,29,10561.0,-8821.0,,Available,website maps this code to Available
1,b34fddac-93ce-459f-87fb-3cb9f5ccef27,2026-09-23T00:25:01.399+00:00,2026-09-23T00:25:01.611+00:00,21072-30059,washers,50170084,72000000,2026-09-23 00:25:01,2026-09-22 07:02:40,29,62541.0,-60801.0,,Available,website maps this code to Available
1,b34fddac-93ce-459f-87fb-3cb9f5ccef27,2026-09-23T00:25:01.399+00:00,2026-09-23T00:25:01.611+00:00,21072-30059,washers,50170068,42000000,2026-09-23 00:25:01,2026-09-23 00:17:03,41,478.0,1982.0,34,Running,
1,b34fddac-93ce-459f-87fb-3cb9f5ccef27,2026-09-23T00:25:01.399+00:00,2026-09-23T00:25:01.611+00:00,21072-30059,washers,50170072,42000000,2026-09-23 00:25:01,2026-09-23 00:17:43,39,438.0,1902.0,32,Running,
1,b34fddac-93ce-459f-87fb-3cb9f5ccef27,2026-09-23T00:25:01.399+00:00,2026-09-23T00:25:01.611+00:00,21072-30059,washers,20483408,72000000,2026-09-23 00:25:01,2024-12-20 00:43:32,0,55467689.0,-55467689.0,,Available,website maps this code to Available
1,b34fddac-93ce-459f-87fb-3cb9f5ccef27,2026-09-23T00:25:01.399+00:00,2026-09-23T00:25:01.611+00:00,21072-30059,washers,50170055,42000000,2026-09-23 00:25:01,2026-09-23 00:16:41,41,500.0,1960.0,33,Running,
1,b34fddac-93ce-459f-87fb-3cb9f5ccef27,2026-09-23T00:25:01.399+00:00,2026-09-23T00:25:01.611+00:00,21072-30059,dryers,50170058,72000000,2026-09-23 00:25:01,2026-09-12 03:29:03,46,939358.0,-936598.0,,Available,website maps this code to Available
1,b34fddac-93ce-459f-87fb-3cb9f5ccef27,2026-09-23T00:25:01.399+00:00,2026-09-23T00:25:01.611+00:00,21072-30059,dryers,50170061,72000000,2026-09-23 00:25:01,2026-09-22 22:55:19,46,5382.0,-2622.0,,Available,website maps this code to Available
1,b34fddac-93ce-459f-87fb-3cb9f5ccef27,2026-09-23T00:25:01.399+00:00,2026-09-23T00:25:01.611+00:00,21072-30059,dryers,50170081,72000000,2026-09-23 00:25:01,2026-09-22 22:55:35,46,5366.0,-2606.0,,Available,website maps this code to Available
1,b34fddac-93ce-459f-87fb-3cb9f5ccef27,2026-09-23T00:25:01.399+00:00,2026-09-23T00:25:01.611+00:00,21072-30059,dryers,50170060,52000000,2026-09-23 00:25:01,2026-09-22 22:10:55,23,8046.0,-6666.0,,Available,website fallback: report over 1 hour old
1,b34fddac-93ce-459f-87fb-3cb9f5ccef27,2026-09-23T00:25:01.399+00:00,2026-09-23T00:25:01.611+00:00,21072-30059,dryers,50170087,52000000,2026-09-23 00:25:01,2026-09-22 22:12:10,23,7971.0,-6591.0,,Available,website fallback: report over 1 hour old
1,b34fddac-93ce-459f-87fb-3cb9f5ccef27,2026-09-23T00:25:01.399+00:00,2026-09-23T00:25:01.611+00:00,21072-30059,dryers,50170064,72000000,2026-09-23 00:25:01,2026-09-22 07:01:55,46,62586.0,-59826.0,,Available,website maps this code to Available
1,b34fddac-93ce-459f-87fb-3cb9f5ccef27,2026-09-23T00:25:01.399+00:00,2026-09-23T00:25:01.611+00:00,21072-30059,dryers,50170065,72000000,2026-09-23 00:25:01,2026-09-22 22:14:28,46,7833.0,-5073.0,,Available,website maps this code to Available
1,b34fddac-93ce-459f-87fb-3cb9f5ccef27,2026-09-23T00:25:01.399+00:00,2026-09-23T00:25:01.611+00:00,21072-30059,dryers,50170059,52000000,2026-09-23 00:25:01,2026-09-22 22:15:07,23,7794.0,-6414.0,,Available,website fallback: report over 1 hour old
1,b34fddac-93ce-459f-87fb-3cb9f5ccef27,2026-09-23T00:25:01.399+00:00,2026-09-23T00:25:01.611+00:00,21072-30059,dryers,50170057,72000000,2026-09-23 00:25:01,2026-09-22 22:55:47,46,5354.0,-2594.0,,Available,website maps this code to Available
1,b34fddac-93ce-459f-87fb-3cb9f5ccef27,2026-09-23T00:25:01.399+00:00,2026-09-23T00:25:01.611+00:00,21072-30059,dryers,50170062,72000000,2026-09-23 00:25:01,2026-09-22 23:06:22,46,4719.0,-1959.0,,Available,website maps this code to Available
1,b34fddac-93ce-459f-87fb-3cb9f5ccef27,2026-09-23T00:25:01.399+00:00,2026-09-23T00:25:01.611+00:00,21072-30059,dryers,50170067,52000000,2026-09-23 00:25:01,2026-09-22 23:44:57,23,2404.0,-1024.0,,Finished,
1,b34fddac-93ce-459f-87fb-3cb9f5ccef27,2026-09-23T00:25:01.399+00:00,2026-09-23T00:25:01.611+00:00,21072-30059,dryers,50170074,72000000,2026-09-23 00:25:01,2026-09-22 20:42:32,46,13349.0,-10589.0,,Available,website maps this code to Available
1,b34fddac-93ce-459f-87fb-3cb9f5ccef27,2026-09-23T00:25:01.399+00:00,2026-09-23T00:25:01.611+00:00,21072-30059,dryers,50170071,72000000,2026-09-23 00:25:01,2026-09-22 21:56:40,46,8901.0,-6141.0,,Available,website maps this code to Available
1,b34fddac-93ce-459f-87fb-3cb9f5ccef27,2026-09-23T00:25:01.399+00:00,2026-09-23T00:25:01.611+00:00,21072-30059,dryers,50170054,42000000,2026-09-23 00:25:01,2026-09-22 23:56:58,45,1683.0,1017.0,17,Running,
1,45b28abb-b5aa-41cf-8cd9-002cbf7214c1,2026-09-23T00:26:01.297+00:00,2026-09-23T00:26:01.521+00:00,21072-30059,washers,50170051,72000000,2026-09-23 00:26:01,2026-09-22 21:24:15,29,10906.0,-9166.0,,Available,website maps this code to Available
1,45b28abb-b5aa-41cf-8cd9-002cbf7214c1,2026-09-23T00:26:01.297+00:00,2026-09-23T00:26:01.521+00:00,21072-30059,washers,50170080,42000000,2026-09-23 00:26:01,2026-09-23 00:16:43,30,558.0,1242.0,21,Running,
1,45b28abb-b5aa-41cf-8cd9-002cbf7214c1,2026-09-23T00:26:01.297+00:00,2026-09-23T00:26:01.521+00:00,21072-30059,washers,50170075,42000000,2026-09-23 00:26:01,2026-09-23 00:17:34,30,507.0,1293.0,22,Running,
1,45b28abb-b5aa-41cf-8cd9-002cbf7214c1,2026-09-23T00:26:01.297+00:00,2026-09-23T00:26:01.521+00:00,21072-30059,washers,50170082,72000000,2026-09-23 00:26:01,2026-09-22 21:24:54,29,10867.0,-9127.0,,Available,website maps this code to Available
1,45b28abb-b5aa-41cf-8cd9-002cbf7214c1,2026-09-23T00:26:01.297+00:00,2026-09-23T00:26:01.521+00:00,21072-30059,washers,50170050,72000000,2026-09-23 00:26:01,2026-09-22 21:26:02,29,10799.0,-9059.0,,Available,website maps this code to Available
1,45b28abb-b5aa-41cf-8cd9-002cbf7214c1,2026-09-23T00:26:01.297+00:00,2026-09-23T00:26:01.521+00:00,21072-30059,washers,50170052,72000000,2026-09-23 00:26:01,2026-09-22 21:27:37,29,10704.0,-8964.0,,Available,website maps this code to Available
1,45b28abb-b5aa-41cf-8cd9-002cbf7214c1,2026-09-23T00:26:01.297+00:00,2026-09-23T00:26:01.521+00:00,21072-30059,washers,50170078,72000000,2026-09-23 00:26:01,2026-09-22 21:29:00,29,10621.0,-8881.0,,Available,website maps this code to Available
1,45b28abb-b5aa-41cf-8cd9-002cbf7214c1,2026-09-23T00:26:01.297+00:00,2026-09-23T00:26:01.521+00:00,21072-30059,washers,50170084,72000000,2026-09-23 00:26:01,2026-09-22 07:02:40,29,62601.0,-60861.0,,Available,website maps this code to Available
1,45b28abb-b5aa-41cf-8cd9-002cbf7214c1,2026-09-23T00:26:01.297+00:00,2026-09-23T00:26:01.521+00:00,21072-30059,washers,50170068,42000000,2026-09-23 00:26:01,2026-09-23 00:17:03,41,538.0,1922.0,33,Running,
1,45b28abb-b5aa-41cf-8cd9-002cbf7214c1,2026-09-23T00:26:01.297+00:00,2026-09-23T00:26:01.521+00:00,21072-30059,washers,50170072,42000000,2026-09-23 00:26:01,2026-09-23 00:17:43,39,498.0,1842.0,31,Running,
1,45b28abb-b5aa-41cf-8cd9-002cbf7214c1,2026-09-23T00:26:01.297+00:00,2026-09-23T00:26:01.521+00:00,21072-30059,washers,20483408,72000000,2026-09-23 00:26:01,2024-12-20 00:43:32,0,55467749.0,-55467749.0,,Available,website maps this code to Available
1,45b28abb-b5aa-41cf-8cd9-002cbf7214c1,2026-09-23T00:26:01.297+00:00,2026-09-23T00:26:01.521+00:00,21072-30059,washers,50170055,42000000,2026-09-23 00:26:01,2026-09-23 00:16:41,41,560.0,1900.0,32,Running,
1,45b28abb-b5aa-41cf-8cd9-002cbf7214c1,2026-09-23T00:26:01.297+00:00,2026-09-23T00:26:01.521+00:00,21072-30059,dryers,50170058,72000000,2026-09-23 00:26:01,2026-09-12 03:29:03,46,939418.0,-936658.0,,Available,website maps this code to Available
1,45b28abb-b5aa-41cf-8cd9-002cbf7214c1,2026-09-23T00:26:01.297+00:00,2026-09-23T00:26:01.521+00:00,21072-30059,dryers,50170061,72000000,2026-09-23 00:26:01,2026-09-22 22:55:19,46,5442.0,-2682.0,,Available,website maps this code to Available
1,45b28abb-b5aa-41cf-8cd9-002cbf7214c1,2026-09-23T00:26:01.297+00:00,2026-09-23T00:26:01.521+00:00,21072-30059,dryers,50170081,72000000,2026-09-23 00:26:01,2026-09-22 22:55:35,46,5426.0,-2666.0,,Available,website maps this code to Available
1,45b28abb-b5aa-41cf-8cd9-002cbf7214c1,2026-09-23T00:26:01.297+00:00,2026-09-23T00:26:01.521+00:00,21072-30059,dryers,50170060,52000000,2026-09-23 00:26:01,2026-09-22 22:10:55,23,8106.0,-6726.0,,Available,website fallback: report over 1 hour old
1,45b28abb-b5aa-41cf-8cd9-002cbf7214c1,2026-09-23T00:26:01.297+00:00,2026-09-23T00:26:01.521+00:00,21072-30059,dryers,50170087,52000000,2026-09-23 00:26:01,2026-09-22 22:12:10,23,8031.0,-6651.0,,Available,website fallback: report over 1 hour old
1,45b28abb-b5aa-41cf-8cd9-002cbf7214c1,2026-09-23T00:26:01.297+00:00,2026-09-23T00:26:01.521+00:00,21072-30059,dryers,50170064,72000000,2026-09-23 00:26:01,2026-09-22 07:01:55,46,62646.0,-59886.0,,Available,website maps this code to Available
1,45b28abb-b5aa-41cf-8cd9-002cbf7214c1,2026-09-23T00:26:01.297+00:00,2026-09-23T00:26:01.521+00:00,21072-30059,dryers,50170065,72000000,2026-09-23 00:26:01,2026-09-22 22:14:28,46,7893.0,-5133.0,,Available,website maps this code to Available
1,45b28abb-b5aa-41cf-8cd9-002cbf7214c1,2026-09-23T00:26:01.297+00:00,2026-09-23T00:26:01.521+00:00,21072-30059,dryers,50170059,52000000,2026-09-23 00:26:01,2026-09-22 22:15:07,23,7854.0,-6474.0,,Available,website fallback: report over 1 hour old
1,45b28abb-b5aa-41cf-8cd9-002cbf7214c1,2026-09-23T00:26:01.297+00:00,2026-09-23T00:26:01.521+00:00,21072-30059,dryers,50170057,72000000,2026-09-23 00:26:01,2026-09-22 22:55:47,46,5414.0,-2654.0,,Available,website maps this code to Available
1,45b28abb-b5aa-41cf-8cd9-002cbf7214c1,2026-09-23T00:26:01.297+00:00,2026-09-23T00:26:01.521+00:00,21072-30059,dryers,50170062,72000000,2026-09-23 00:26:01,2026-09-22 23:06:22,46,4779.0,-2019.0,,Available,website maps this code to Available
1,45b28abb-b5aa-41cf-8cd9-002cbf7214c1,2026-09-23T00:26:01.297+00:00,2026-09-23T00:26:01.521+00:00,21072-30059,dryers,50170067,52000000,2026-09-23 00:26:01,2026-09-22 23:44:57,23,2464.0,-1084.0,,Finished,
1,45b28abb-b5aa-41cf-8cd9-002cbf7214c1,2026-09-23T00:26:01.297+00:00,2026-09-23T00:26:01.521+00:00,21072-30059,dryers,50170074,72000000,2026-09-23 00:26:01,2026-09-22 20:42:32,46,13409.0,-10649.0,,Available,website maps this code to Available
1,45b28abb-b5aa-41cf-8cd9-002cbf7214c1,2026-09-23T00:26:01.297+00:00,2026-09-23T00:26:01.521+00:00,21072-30059,dryers,50170071,72000000,2026-09-23 00:26:01,2026-09-22 21:56:40,46,8961.0,-6201.0,,Available,website maps this code to Available
1,45b28abb-b5aa-41cf-8cd9-002cbf7214c1,2026-09-23T00:26:01.297+00:00,2026-09-23T00:26:01.521+00:00,21072-30059,dryers,50170054,42000000,2026-09-23 00:26:01,2026-09-22 23:56:58,45,1743.0,957.0,16,Running,
1,f5da19ce-f029-4bb7-a51a-a469b6ff39c6,2026-09-23T00:27:01.305+00:00,2026-09-23T00:27:01.525+00:00,21072-30059,washers,50170051,72000000,2026-09-23 00:27:01,2026-09-22 21:24:15,29,10966.0,-9226.0,,Available,website maps this code to Available
1,f5da19ce-f029-4bb7-a51a-a469b6ff39c6,2026-09-23T00:27:01.305+00:00,2026-09-23T00:27:01.525+00:00,21072-30059,washers,50170080,42000000,2026-09-23 00:27:01,2026-09-23 00:16:43,30,618.0,1182.0,20,Running,
1,f5da19ce-f029-4bb7-a51a-a469b6ff39c6,2026-09-23T00:27:01.305+00:00,2026-09-23T00:27:01.525+00:00,21072-30059,washers,50170075,42000000,2026-09-23 00:27:01,2026-09-23 00:17:34,30,567.0,1233.0,21,Running,
1,f5da19ce-f029-4bb7-a51a-a469b6ff39c6,2026-09-23T00:27:01.305+00:00,2026-09-23T00:27:01.525+00:00,21072-30059,washers,50170082,72000000,2026-09-23 00:27:01,2026-09-22 21:24:54,29,10927.0,-9187.0,,Available,website maps this code to Available
1,f5da19ce-f029-4bb7-a51a-a469b6ff39c6,2026-09-23T00:27:01.305+00:00,2026-09-23T00:27:01.525+00:00,21072-30059,washers,50170050,72000000,2026-09-23 00:27:01,2026-09-22 21:26:02,29,10859.0,-9119.0,,Available,website maps this code to Available
1,f5da19ce-f029-4bb7-a51a-a469b6ff39c6,2026-09-23T00:27:01.305+00:00,2026-09-23T00:27:01.525+00:00,21072-30059,washers,50170052,72000000,2026-09-23 00:27:01,2026-09-22 21:27:37,29,10764.0,-9024.0,,Available,website maps this code to Available
1,f5da19ce-f029-4bb7-a51a-a469b6ff39c6,2026-09-23T00:27:01.305+00:00,2026-09-23T00:27:01.525+00:00,21072-30059,washers,50170078,72000000,2026-09-23 00:27:01,2026-09-22 21:29:00,29,10681.0,-8941.0,,Available,website maps this code to Available
1,f5da19ce-f029-4bb7-a51a-a469b6ff39c6,2026-09-23T00:27:01.305+00:00,2026-09-23T00:27:01.525+00:00,21072-30059,washers,50170084,72000000,2026-09-23 00:27:01,2026-09-22 07:02:40,29,62661.0,-60921.0,,Available,website maps this code to Available
1,f5da19ce-f029-4bb7-a51a-a469b6ff39c6,2026-09-23T00:27:01.305+00:00,2026-09-23T00:27:01.525+00:00,21072-30059,washers,50170068,42000000,2026-09-23 00:27:01,2026-09-23 00:17:03,41,598.0,1862.0,32,Running,
1,f5da19ce-f029-4bb7-a51a-a469b6ff39c6,2026-09-23T00:27:01.305+00:00,2026-09-23T00:27:01.525+00:00,21072-30059,washers,50170072,42000000,2026-09-23 00:27:01,2026-09-23 00:17:43,39,558.0,1782.0,30,Running,
1,f5da19ce-f029-4bb7-a51a-a469b6ff39c6,2026-09-23T00:27:01.305+00:00,2026-09-23T00:27:01.525+00:00,21072-30059,washers,20483408,72000000,2026-09-23 00:27:01,2024-12-20 00:43:32,0,55467809.0,-55467809.0,,Available,website maps this code to Available
1,f5da19ce-f029-4bb7-a51a-a469b6ff39c6,2026-09-23T00:27:01.305+00:00,2026-09-23T00:27:01.525+00:00,21072-30059,washers,50170055,42000000,2026-09-23 00:27:01,2026-09-23 00:16:41,41,620.0,1840.0,31,Running,
1,f5da19ce-f029-4bb7-a51a-a469b6ff39c6,2026-09-23T00:27:01.305+00:00,2026-09-23T00:27:01.525+00:00,21072-30059,dryers,50170058,72000000,2026-09-23 00:27:01,2026-09-12 03:29:03,46,939478.0,-936718.0,,Available,website maps this code to Available
1,f5da19ce-f029-4bb7-a51a-a469b6ff39c6,2026-09-23T00:27:01.305+00:00,2026-09-23T00:27:01.525+00:00,21072-30059,dryers,50170061,72000000,2026-09-23 00:27:01,2026-09-22 22:55:19,46,5502.0,-2742.0,,Available,website maps this code to Available
1,f5da19ce-f029-4bb7-a51a-a469b6ff39c6,2026-09-23T00:27:01.305+00:00,2026-09-23T00:27:01.525+00:00,21072-30059,dryers,50170081,72000000,2026-09-23 00:27:01,2026-09-22 22:55:35,46,5486.0,-2726.0,,Available,website maps this code to Available
1,f5da19ce-f029-4bb7-a51a-a469b6ff39c6,2026-09-23T00:27:01.305+00:00,2026-09-23T00:27:01.525+00:00,21072-30059,dryers,50170060,52000000,2026-09-23 00:27:01,2026-09-22 22:10:55,23,8166.0,-6786.0,,Available,website fallback: report over 1 hour old
1,f5da19ce-f029-4bb7-a51a-a469b6ff39c6,2026-09-23T00:27:01.305+00:00,2026-09-23T00:27:01.525+00:00,21072-30059,dryers,50170087,52000000,2026-09-23 00:27:01,2026-09-22 22:12:10,23,8091.0,-6711.0,,Available,website fallback: report over 1 hour old
1,f5da19ce-f029-4bb7-a51a-a469b6ff39c6,2026-09-23T00:27:01.305+00:00,2026-09-23T00:27:01.525+00:00,21072-30059,dryers,50170064,72000000,2026-09-23 00:27:01,2026-09-22 07:01:55,46,62706.0,-59946.0,,Available,website maps this code to Available
1,f5da19ce-f029-4bb7-a51a-a469b6ff39c6,2026-09-23T00:27:01.305+00:00,2026-09-23T00:27:01.525+00:00,21072-30059,dryers,50170065,72000000,2026-09-23 00:27:01,2026-09-22 22:14:28,46,7953.0,-5193.0,,Available,website maps this code to Available
1,f5da19ce-f029-4bb7-a51a-a469b6ff39c6,2026-09-23T00:27:01.305+00:00,2026-09-23T00:27:01.525+00:00,21072-30059,dryers,50170059,52000000,2026-09-23 00:27:01,2026-09-22 22:15:07,23,7914.0,-6534.0,,Available,website fallback: report over 1 hour old
1,f5da19ce-f029-4bb7-a51a-a469b6ff39c6,2026-09-23T00:27:01.305+00:00,2026-09-23T00:27:01.525+00:00,21072-30059,dryers,50170057,72000000,2026-09-23 00:27:01,2026-09-22 22:55:47,46,5474.0,-2714.0,,Available,website maps this code to Available
1,f5da19ce-f029-4bb7-a51a-a469b6ff39c6,2026-09-23T00:27:01.305+00:00,2026-09-23T00:27:01.525+00:00,21072-30059,dryers,50170062,72000000,2026-09-23 00:27:01,2026-09-22 23:06:22,46,4839.0,-2079.0,,Available,website maps this code to Available
1,f5da19ce-f029-4bb7-a51a-a469b6ff39c6,2026-09-23T00:27:01.305+00:00,2026-09-23T00:27:01.525+00:00,21072-30059,dryers,50170067,52000000,2026-09-23 00:27:01,2026-09-22 23:44:57,23,2524.0,-1144.0,,Finished,
1,f5da19ce-f029-4bb7-a51a-a469b6ff39c6,2026-09-23T00:27:01.305+00:00,2026-09-23T00:27:01.525+00:00,21072-30059,dryers,50170074,72000000,2026-09-23 00:27:01,2026-09-22 20:42:32,46,13469.0,-10709.0,,Available,website maps this code to Available
1,f5da19ce-f029-4bb7-a51a-a469b6ff39c6,2026-09-23T00:27:01.305+00:00,2026-09-23T00:27:01.525+00:00,21072-30059,dryers,50170071,72000000,2026-09-23 00:27:01,2026-09-22 21:56:40,46,9021.0,-6261.0,,Available,website maps this code to Available
1,f5da19ce-f029-4bb7-a51a-a469b6ff39c6,2026-09-23T00:27:01.305+00:00,2026-09-23T00:27:01.525+00:00,21072-30059,dryers,50170054,42000000,2026-09-23 00:27:01,2026-09-22 23:56:58,45,1803.0,897.0,15,Running,
1,d0f408e8-7c20-4173-9bea-f7aeede623c9,2026-09-23T00:28:01.276+00:00,2026-09-23T00:28:01.490+00:00,21072-30059,washers,50170051,72000000,2026-09-23 00:28:01,2026-09-22 21:24:15,29,11026.0,-9286.0,,Available,website maps this code to Available
1,d0f408e8-7c20-4173-9bea-f7aeede623c9,2026-09-23T00:28:01.276+00:00,2026-09-23T00:28:01.490+00:00,21072-30059,washers,50170080,42000000,2026-09-23 00:28:01,2026-09-23 00:16:43,30,678.0,1122.0,19,Running,
1,d0f408e8-7c20-4173-9bea-f7aeede623c9,2026-09-23T00:28:01.276+00:00,2026-09-23T00:28:01.490+00:00,21072-30059,washers,50170075,42000000,2026-09-23 00:28:01,2026-09-23 00:17:34,30,627.0,1173.0,20,Running,
1,d0f408e8-7c20-4173-9bea-f7aeede623c9,2026-09-23T00:28:01.276+00:00,2026-09-23T00:28:01.490+00:00,21072-30059,washers,50170082,72000000,2026-09-23 00:28:01,2026-09-22 21:24:54,29,10987.0,-9247.0,,Available,website maps this code to Available
1,d0f408e8-7c20-4173-9bea-f7aeede623c9,2026-09-23T00:28:01.276+00:00,2026-09-23T00:28:01.490+00:00,21072-30059,washers,50170050,72000000,2026-09-23 00:28:01,2026-09-22 21:26:02,29,10919.0,-9179.0,,Available,website maps this code to Available
1,d0f408e8-7c20-4173-9bea-f7aeede623c9,2026-09-23T00:28:01.276+00:00,2026-09-23T00:28:01.490+00:00,21072-30059,washers,50170052,72000000,2026-09-23 00:28:01,2026-09-22 21:27:37,29,10824.0,-9084.0,,Available,website maps this code to Available
1,d0f408e8-7c20-4173-9bea-f7aeede623c9,2026-09-23T00:28:01.276+00:00,2026-09-23T00:28:01.490+00:00,21072-30059,washers,50170078,72000000,2026-09-23 00:28:01,2026-09-22 21:29:00,29,10741.0,-9001.0,,Available,website maps this code to Available
1,d0f408e8-7c20-4173-9bea-f7aeede623c9,2026-09-23T00:28:01.276+00:00,2026-09-23T00:28:01.490+00:00,21072-30059,washers,50170084,72000000,2026-09-23 00:28:01,2026-09-22 07:02:40,29,62721.0,-60981.0,,Available,website maps this code to Available
1,d0f408e8-7c20-4173-9bea-f7aeede623c9,2026-09-23T00:28:01.276+00:00,2026-09-23T00:28:01.490+00:00,21072-30059,washers,50170068,42000000,2026-09-23 00:28:01,2026-09-23 00:17:03,41,658.0,1802.0,31,Running,
1,d0f408e8-7c20-4173-9bea-f7aeede623c9,2026-09-23T00:28:01.276+00:00,2026-09-23T00:28:01.490+00:00,21072-30059,washers,50170072,42000000,2026-09-23 00:28:01,2026-09-23 00:17:43,39,618.0,1722.0,29,Running,
1,d0f408e8-7c20-4173-9bea-f7aeede623c9,2026-09-23T00:28:01.276+00:00,2026-09-23T00:28:01.490+00:00,21072-30059,washers,20483408,72000000,2026-09-23 00:28:01,2024-12-20 00:43:32,0,55467869.0,-55467869.0,,Available,website maps this code to Available
1,d0f408e8-7c20-4173-9bea-f7aeede623c9,2026-09-23T00:28:01.276+00:00,2026-09-23T00:28:01.490+00:00,21072-30059,washers,50170055,42000000,2026-09-23 00:28:01,2026-09-23 00:16:41,41,680.0,1780.0,30,Running,
1,d0f408e8-7c20-4173-9bea-f7aeede623c9,2026-09-23T00:28:01.276+00:00,2026-09-23T00:28:01.490+00:00,21072-30059,dryers,50170058,72000000,2026-09-23 00:28:01,2026-09-12 03:29:03,46,939538.0,-936778.0,,Available,website maps this code to Available
1,d0f408e8-7c20-4173-9bea-f7aeede623c9,2026-09-23T00:28:01.276+00:00,2026-09-23T00:28:01.490+00:00,21072-30059,dryers,50170061,72000000,2026-09-23 00:28:01,2026-09-22 22:55:19,46,5562.0,-2802.0,,Available,website maps this code to Available
1,d0f408e8-7c20-4173-9bea-f7aeede623c9,2026-09-23T00:28:01.276+00:00,2026-09-23T00:28:01.490+00:00,21072-30059,dryers,50170081,72000000,2026-09-23 00:28:01,2026-09-22 22:55:35,46,5546.0,-2786.0,,Available,website maps this code to Available
1,d0f408e8-7c20-4173-9bea-f7aeede623c9,2026-09-23T00:28:01.276+00:00,2026-09-23T00:28:01.490+00:00,21072-30059,dryers,50170060,52000000,2026-09-23 00:28:01,2026-09-22 22:10:55,23,8226.0,-6846.0,,Available,website fallback: report over 1 hour old
1,d0f408e8-7c20-4173-9bea-f7aeede623c9,2026-09-23T00:28:01.276+00:00,2026-09-23T00:28:01.490+00:00,21072-30059,dryers,50170087,52000000,2026-09-23 00:28:01,2026-09-22 22:12:10,23,8151.0,-6771.0,,Available,website fallback: report over 1 hour old
1,d0f408e8-7c20-4173-9bea-f7aeede623c9,2026-09-23T00:28:01.276+00:00,2026-09-23T00:28:01.490+00:00,21072-30059,dryers,50170064,72000000,2026-09-23 00:28:01,2026-09-22 07:01:55,46,62766.0,-60006.0,,Available,website maps this code to Available
1,d0f408e8-7c20-4173-9bea-f7aeede623c9,2026-09-23T00:28:01.276+00:00,2026-09-23T00:28:01.490+00:00,21072-30059,dryers,50170065,72000000,2026-09-23 00:28:01,2026-09-22 22:14:28,46,8013.0,-5253.0,,Available,website maps this code to Available
1,d0f408e8-7c20-4173-9bea-f7aeede623c9,2026-09-23T00:28:01.276+00:00,2026-09-23T00:28:01.490+00:00,21072-30059,dryers,50170059,52000000,2026-09-23 00:28:01,2026-09-22 22:15:07,23,7974.0,-6594.0,,Available,website fallback: report over 1 hour old
1,d0f408e8-7c20-4173-9bea-f7aeede623c9,2026-09-23T00:28:01.276+00:00,2026-09-23T00:28:01.490+00:00,21072-30059,dryers,50170057,72000000,2026-09-23 00:28:01,2026-09-22 22:55:47,46,5534.0,-2774.0,,Available,website maps this code to Available
1,d0f408e8-7c20-4173-9bea-f7aeede623c9,2026-09-23T00:28:01.276+00:00,2026-09-23T00:28:01.490+00:00,21072-30059,dryers,50170062,72000000,2026-09-23 00:28:01,2026-09-22 23:06:22,46,4899.0,-2139.0,,Available,website maps this code to Available
1,d0f408e8-7c20-4173-9bea-f7aeede623c9,2026-09-23T00:28:01.276+00:00,2026-09-23T00:28:01.490+00:00,21072-30059,dryers,50170067,52000000,2026-09-23 00:28:01,2026-09-22 23:44:57,23,2584.0,-1204.0,,Finished,
1,d0f408e8-7c20-4173-9bea-f7aeede623c9,2026-09-23T00:28:01.276+00:00,2026-09-23T00:28:01.490+00:00,21072-30059,dryers,50170074,72000000,2026-09-23 00:28:01,2026-09-22 20:42:32,46,13529.0,-10769.0,,Available,website maps this code to Available
1,d0f408e8-7c20-4173-9bea-f7aeede623c9,2026-09-23T00:28:01.276+00:00,2026-09-23T00:28:01.490+00:00,21072-30059,dryers,50170071,72000000,2026-09-23 00:28:01,2026-09-22 21:56:40,46,9081.0,-6321.0,,Available,website maps this code to Available
1,d0f408e8-7c20-4173-9bea-f7aeede623c9,2026-09-23T00:28:01.276+00:00,2026-09-23T00:28:01.490+00:00,21072-30059,dryers,50170054,42000000,2026-09-23 00:28:01,2026-09-22 23:56:58,45,1863.0,837.0,14,Running,
1,595d9e93-18fa-4685-b209-f465a79ae82a,2026-09-23T00:29:01.291+00:00,2026-09-23T00:29:01.470+00:00,21072-30059,washers,50170051,72000000,2026-09-23 00:29:01,2026-09-22 21:24:15,29,11086.0,-9346.0,,Available,website maps this code to Available
1,595d9e93-18fa-4685-b209-f465a79ae82a,2026-09-23T00:29:01.291+00:00,2026-09-23T00:29:01.470+00:00,21072-30059,washers,50170080,42000000,2026-09-23 00:29:01,2026-09-23 00:16:43,30,738.0,1062.0,18,Running,
1,595d9e93-18fa-4685-b209-f465a79ae82a,2026-09-23T00:29:01.291+00:00,2026-09-23T00:29:01.470+00:00,21072-30059,washers,50170075,42000000,2026-09-23 00:29:01,2026-09-23 00:17:34,30,687.0,1113.0,19,Running,
1,595d9e93-18fa-4685-b209-f465a79ae82a,2026-09-23T00:29:01.291+00:00,2026-09-23T00:29:01.470+00:00,21072-30059,washers,50170082,72000000,2026-09-23 00:29:01,2026-09-22 21:24:54,29,11047.0,-9307.0,,Available,website maps this code to Available
1,595d9e93-18fa-4685-b209-f465a79ae82a,2026-09-23T00:29:01.291+00:00,2026-09-23T00:29:01.470+00:00,21072-30059,washers,50170050,72000000,2026-09-23 00:29:01,2026-09-22 21:26:02,29,10979.0,-9239.0,,Available,website maps this code to Available
1,595d9e93-18fa-4685-b209-f465a79ae82a,2026-09-23T00:29:01.291+00:00,2026-09-23T00:29:01.470+00:00,21072-30059,washers,50170052,72000000,2026-09-23 00:29:01,2026-09-22 21:27:37,29,10884.0,-9144.0,,Available,website maps this code to Available
1,595d9e93-18fa-4685-b209-f465a79ae82a,2026-09-23T00:29:01.291+00:00,2026-09-23T00:29:01.470+00:00,21072-30059,washers,50170078,72000000,2026-09-23 00:29:01,2026-09-22 21:29:00,29,10801.0,-9061.0,,Available,website maps this code to Available
1,595d9e93-18fa-4685-b209-f465a79ae82a,2026-09-23T00:29:01.291+00:00,2026-09-23T00:29:01.470+00:00,21072-30059,washers,50170084,72000000,2026-09-23 00:29:01,2026-09-22 07:02:40,29,62781.0,-61041.0,,Available,website maps this code to Available
1,595d9e93-18fa-4685-b209-f465a79ae82a,2026-09-23T00:29:01.291+00:00,2026-09-23T00:29:01.470+00:00,21072-30059,washers,50170068,42000000,2026-09-23 00:29:01,2026-09-23 00:17:03,41,718.0,1742.0,30,Running,
1,595d9e93-18fa-4685-b209-f465a79ae82a,2026-09-23T00:29:01.291+00:00,2026-09-23T00:29:01.470+00:00,21072-30059,washers,50170072,42000000,2026-09-23 00:29:01,2026-09-23 00:17:43,39,678.0,1662.0,28,Running,
1,595d9e93-18fa-4685-b209-f465a79ae82a,2026-09-23T00:29:01.291+00:00,2026-09-23T00:29:01.470+00:00,21072-30059,washers,20483408,72000000,2026-09-23 00:29:01,2024-12-20 00:43:32,0,55467929.0,-55467929.0,,Available,website maps this code to Available
1,595d9e93-18fa-4685-b209-f465a79ae82a,2026-09-23T00:29:01.291+00:00,2026-09-23T00:29:01.470+00:00,21072-30059,washers,50170055,42000000,2026-09-23 00:29:01,2026-09-23 00:16:41,41,740.0,1720.0,29,Running,
1,595d9e93-18fa-4685-b209-f465a79ae82a,2026-09-23T00:29:01.291+00:00,2026-09-23T00:29:01.470+00:00,21072-30059,dryers,50170058,72000000,2026-09-23 00:29:01,2026-09-12 03:29:03,46,939598.0,-936838.0,,Available,website maps this code to Available
1,595d9e93-18fa-4685-b209-f465a79ae82a,2026-09-23T00:29:01.291+00:00,2026-09-23T00:29:01.470+00:00,21072-30059,dryers,50170061,72000000,2026-09-23 00:29:01,2026-09-22 22:55:19,46,5622.0,-2862.0,,Available,website maps this code to Available
1,595d9e93-18fa-4685-b209-f465a79ae82a,2026-09-23T00:29:01.291+00:00,2026-09-23T00:29:01.470+00:00,21072-30059,dryers,50170081,72000000,2026-09-23 00:29:01,2026-09-22 22:55:35,46,5606.0,-2846.0,,Available,website maps this code to Available
1,595d9e93-18fa-4685-b209-f465a79ae82a,2026-09-23T00:29:01.291+00:00,2026-09-23T00:29:01.470+00:00,21072-30059,dryers,50170060,52000000,2026-09-23 00:29:01,2026-09-22 22:10:55,23,8286.0,-6906.0,,Available,website fallback: report over 1 hour old
1,595d9e93-18fa-4685-b209-f465a79ae82a,2026-09-23T00:29:01.291+00:00,2026-09-23T00:29:01.470+00:00,21072-30059,dryers,50170087,52000000,2026-09-23 00:29:01,2026-09-22 22:12:10,23,8211.0,-6831.0,,Available,website fallback: report over 1 hour old
1,595d9e93-18fa-4685-b209-f465a79ae82a,2026-09-23T00:29:01.291+00:00,2026-09-23T00:29:01.470+00:00,21072-30059,dryers,50170064,72000000,2026-09-23 00:29:01,2026-09-22 07:01:55,46,62826.0,-60066.0,,Available,website maps this code to Available
1,595d9e93-18fa-4685-b209-f465a79ae82a,2026-09-23T00:29:01.291+00:00,2026-09-23T00:29:01.470+00:00,21072-30059,dryers,50170065,72000000,2026-09-23 00:29:01,2026-09-22 22:14:28,46,8073.0,-5313.0,,Available,website maps this code to Available
1,595d9e93-18fa-4685-b209-f465a79ae82a,2026-09-23T00:29:01.291+00:00,2026-09-23T00:29:01.470+00:00,21072-30059,dryers,50170059,52000000,2026-09-23 00:29:01,2026-09-22 22:15:07,23,8034.0,-6654.0,,Available,website fallback: report over 1 hour old
1,595d9e93-18fa-4685-b209-f465a79ae82a,2026-09-23T00:29:01.291+00:00,2026-09-23T00:29:01.470+00:00,21072-30059,dryers,50170057,72000000,2026-09-23 00:29:01,2026-09-22 22:55:47,46,5594.0,-2834.0,,Available,website maps this code to Available
1,595d9e93-18fa-4685-b209-f465a79ae82a,2026-09-23T00:29:01.291+00:00,2026-09-23T00:29:01.470+00:00,21072-30059,dryers,50170062,72000000,2026-09-23 00:29:01,2026-09-22 23:06:22,46,4959.0,-2199.0,,Available,website maps this code to Available
1,595d9e93-18fa-4685-b209-f465a79ae82a,2026-09-23T00:29:01.291+00:00,2026-09-23T00:29:01.470+00:00,21072-30059,dryers,50170067,52000000,2026-09-23 00:29:01,2026-09-22 23:44:57,23,2644.0,-1264.0,,Finished,
1,595d9e93-18fa-4685-b209-f465a79ae82a,2026-09-23T00:29:01.291+00:00,2026-09-23T00:29:01.470+00:00,21072-30059,dryers,50170074,72000000,2026-09-23 00:29:01,2026-09-22 20:42:32,46,13589.0,-10829.0,,Available,website maps this code to Available
1,595d9e93-18fa-4685-b209-f465a79ae82a,2026-09-23T00:29:01.291+00:00,2026-09-23T00:29:01.470+00:00,21072-30059,dryers,50170071,72000000,2026-09-23 00:29:01,2026-09-22 21:56:40,46,9141.0,-6381.0,,Available,website maps this code to Available
1,595d9e93-18fa-4685-b209-f465a79ae82a,2026-09-23T00:29:01.291+00:00,2026-09-23T00:29:01.470+00:00,21072-30059,dryers,50170054,42000000,2026-09-23 00:29:01,2026-09-22 23:56:58,45,1923.0,777.0,13,Running,
1,67c6fc87-7a51-4276-a76d-abc1ea4b9fb7,2026-09-23T00:30:01.368+00:00,2026-09-23T00:30:01.574+00:00,21072-30059,washers,50170051,72000000,2026-09-23 00:30:01,2026-09-22 21:24:15,29,11146.0,-9406.0,,Available,website maps this code to Available
1,67c6fc87-7a51-4276-a76d-abc1ea4b9fb7,2026-09-23T00:30:01.368+00:00,2026-09-23T00:30:01.574+00:00,21072-30059,washers,50170080,42000000,2026-09-23 00:30:01,2026-09-23 00:16:43,30,798.0,1002.0,17,Running,
1,67c6fc87-7a51-4276-a76d-abc1ea4b9fb7,2026-09-23T00:30:01.368+00:00,2026-09-23T00:30:01.574+00:00,21072-30059,washers,50170075,42000000,2026-09-23 00:30:01,2026-09-23 00:17:34,30,747.0,1053.0,18,Running,
1,67c6fc87-7a51-4276-a76d-abc1ea4b9fb7,2026-09-23T00:30:01.368+00:00,2026-09-23T00:30:01.574+00:00,21072-30059,washers,50170082,72000000,2026-09-23 00:30:01,2026-09-22 21:24:54,29,11107.0,-9367.0,,Available,website maps this code to Available
1,67c6fc87-7a51-4276-a76d-abc1ea4b9fb7,2026-09-23T00:30:01.368+00:00,2026-09-23T00:30:01.574+00:00,21072-30059,washers,50170050,72000000,2026-09-23 00:30:01,2026-09-22 21:26:02,29,11039.0,-9299.0,,Available,website maps this code to Available
1,67c6fc87-7a51-4276-a76d-abc1ea4b9fb7,2026-09-23T00:30:01.368+00:00,2026-09-23T00:30:01.574+00:00,21072-30059,washers,50170052,72000000,2026-09-23 00:30:01,2026-09-22 21:27:37,29,10944.0,-9204.0,,Available,website maps this code to Available
1,67c6fc87-7a51-4276-a76d-abc1ea4b9fb7,2026-09-23T00:30:01.368+00:00,2026-09-23T00:30:01.574+00:00,21072-30059,washers,50170078,72000000,2026-09-23 00:30:01,2026-09-22 21:29:00,29,10861.0,-9121.0,,Available,website maps this code to Available
1,67c6fc87-7a51-4276-a76d-abc1ea4b9fb7,2026-09-23T00:30:01.368+00:00,2026-09-23T00:30:01.574+00:00,21072-30059,washers,50170084,72000000,2026-09-23 00:30:01,2026-09-22 07:02:40,29,62841.0,-61101.0,,Available,website maps this code to Available
1,67c6fc87-7a51-4276-a76d-abc1ea4b9fb7,2026-09-23T00:30:01.368+00:00,2026-09-23T00:30:01.574+00:00,21072-30059,washers,50170068,42000000,2026-09-23 00:30:01,2026-09-23 00:17:03,41,778.0,1682.0,29,Running,
1,67c6fc87-7a51-4276-a76d-abc1ea4b9fb7,2026-09-23T00:30:01.368+00:00,2026-09-23T00:30:01.574+00:00,21072-30059,washers,50170072,42000000,2026-09-23 00:30:01,2026-09-23 00:17:43,39,738.0,1602.0,27,Running,
1,67c6fc87-7a51-4276-a76d-abc1ea4b9fb7,2026-09-23T00:30:01.368+00:00,2026-09-23T00:30:01.574+00:00,21072-30059,washers,20483408,72000000,2026-09-23 00:30:01,2024-12-20 00:43:32,0,55467989.0,-55467989.0,,Available,website maps this code to Available
1,67c6fc87-7a51-4276-a76d-abc1ea4b9fb7,2026-09-23T00:30:01.368+00:00,2026-09-23T00:30:01.574+00:00,21072-30059,washers,50170055,42000000,2026-09-23 00:30:01,2026-09-23 00:16:41,41,800.0,1660.0,28,Running,
1,67c6fc87-7a51-4276-a76d-abc1ea4b9fb7,2026-09-23T00:30:01.368+00:00,2026-09-23T00:30:01.574+00:00,21072-30059,dryers,50170058,72000000,2026-09-23 00:30:01,2026-09-12 03:29:03,46,939658.0,-936898.0,,Available,website maps this code to Available
1,67c6fc87-7a51-4276-a76d-abc1ea4b9fb7,2026-09-23T00:30:01.368+00:00,2026-09-23T00:30:01.574+00:00,21072-30059,dryers,50170061,72000000,2026-09-23 00:30:01,2026-09-22 22:55:19,46,5682.0,-2922.0,,Available,website maps this code to Available
1,67c6fc87-7a51-4276-a76d-abc1ea4b9fb7,2026-09-23T00:30:01.368+00:00,2026-09-23T00:30:01.574+00:00,21072-30059,dryers,50170081,72000000,2026-09-23 00:30:01,2026-09-22 22:55:35,46,5666.0,-2906.0,,Available,website maps this code to Available
1,67c6fc87-7a51-4276-a76d-abc1ea4b9fb7,2026-09-23T00:30:01.368+00:00,2026-09-23T00:30:01.574+00:00,21072-30059,dryers,50170060,52000000,2026-09-23 00:30:01,2026-09-22 22:10:55,23,8346.0,-6966.0,,Available,website fallback: report over 1 hour old
1,67c6fc87-7a51-4276-a76d-abc1ea4b9fb7,2026-09-23T00:30:01.368+00:00,2026-09-23T00:30:01.574+00:00,21072-30059,dryers,50170087,52000000,2026-09-23 00:30:01,2026-09-22 22:12:10,23,8271.0,-6891.0,,Available,website fallback: report over 1 hour old
1,67c6fc87-7a51-4276-a76d-abc1ea4b9fb7,2026-09-23T00:30:01.368+00:00,2026-09-23T00:30:01.574+00:00,21072-30059,dryers,50170064,72000000,2026-09-23 00:30:01,2026-09-22 07:01:55,46,62886.0,-60126.0,,Available,website maps this code to Available
1,67c6fc87-7a51-4276-a76d-abc1ea4b9fb7,2026-09-23T00:30:01.368+00:00,2026-09-23T00:30:01.574+00:00,21072-30059,dryers,50170065,72000000,2026-09-23 00:30:01,2026-09-22 22:14:28,46,8133.0,-5373.0,,Available,website maps this code to Available
1,67c6fc87-7a51-4276-a76d-abc1ea4b9fb7,2026-09-23T00:30:01.368+00:00,2026-09-23T00:30:01.574+00:00,21072-30059,dryers,50170059,52000000,2026-09-23 00:30:01,2026-09-22 22:15:07,23,8094.0,-6714.0,,Available,website fallback: report over 1 hour old
1,67c6fc87-7a51-4276-a76d-abc1ea4b9fb7,2026-09-23T00:30:01.368+00:00,2026-09-23T00:30:01.574+00:00,21072-30059,dryers,50170057,72000000,2026-09-23 00:30:01,2026-09-22 22:55:47,46,5654.0,-2894.0,,Available,website maps this code to Available
1,67c6fc87-7a51-4276-a76d-abc1ea4b9fb7,2026-09-23T00:30:01.368+00:00,2026-09-23T00:30:01.574+00:00,21072-30059,dryers,50170062,72000000,2026-09-23 00:30:01,2026-09-22 23:06:22,46,5019.0,-2259.0,,Available,website maps this code to Available
1,67c6fc87-7a51-4276-a76d-abc1ea4b9fb7,2026-09-23T00:30:01.368+00:00,2026-09-23T00:30:01.574+00:00,21072-30059,dryers,50170067,52000000,2026-09-23 00:30:01,2026-09-22 23:44:57,23,2704.0,-1324.0,,Finished,
1,67c6fc87-7a51-4276-a76d-abc1ea4b9fb7,2026-09-23T00:30:01.368+00:00,2026-09-23T00:30:01.574+00:00,21072-30059,dryers,50170074,72000000,2026-09-23 00:30:01,2026-09-22 20:42:32,46,13649.0,-10889.0,,Available,website maps this code to Available
1,67c6fc87-7a51-4276-a76d-abc1ea4b9fb7,2026-09-23T00:30:01.368+00:00,2026-09-23T00:30:01.574+00:00,21072-30059,dryers,50170071,72000000,2026-09-23 00:30:01,2026-09-22 21:56:40,46,9201.0,-6441.0,,Available,website maps this code to Available
1,67c6fc87-7a51-4276-a76d-abc1ea4b9fb7,2026-09-23T00:30:01.368+00:00,2026-09-23T00:30:01.574+00:00,21072-30059,dryers,50170054,42000000,2026-09-23 00:30:01,2026-09-22 23:56:58,45,1983.0,717.0,12,Running,
1,a08d1328-1b1e-464e-9c36-2fd6d8f80b78,2026-09-23T00:31:01.284+00:00,2026-09-23T00:31:01.484+00:00,21072-30059,washers,50170051,72000000,2026-09-23 00:31:01,2026-09-22 21:24:15,29,11206.0,-9466.0,,Available,website maps this code to Available
1,a08d1328-1b1e-464e-9c36-2fd6d8f80b78,2026-09-23T00:31:01.284+00:00,2026-09-23T00:31:01.484+00:00,21072-30059,washers,50170080,42000000,2026-09-23 00:31:01,2026-09-23 00:16:43,30,858.0,942.0,16,Running,
1,a08d1328-1b1e-464e-9c36-2fd6d8f80b78,2026-09-23T00:31:01.284+00:00,2026-09-23T00:31:01.484+00:00,21072-30059,washers,50170075,42000000,2026-09-23 00:31:01,2026-09-23 00:17:34,30,807.0,993.0,17,Running,
1,a08d1328-1b1e-464e-9c36-2fd6d8f80b78,2026-09-23T00:31:01.284+00:00,2026-09-23T00:31:01.484+00:00,21072-30059,washers,50170082,72000000,2026-09-23 00:31:01,2026-09-22 21:24:54,29,11167.0,-9427.0,,Available,website maps this code to Available
1,a08d1328-1b1e-464e-9c36-2fd6d8f80b78,2026-09-23T00:31:01.284+00:00,2026-09-23T00:31:01.484+00:00,21072-30059,washers,50170050,72000000,2026-09-23 00:31:01,2026-09-22 21:26:02,29,11099.0,-9359.0,,Available,website maps this code to Available
1,a08d1328-1b1e-464e-9c36-2fd6d8f80b78,2026-09-23T00:31:01.284+00:00,2026-09-23T00:31:01.484+00:00,21072-30059,washers,50170052,72000000,2026-09-23 00:31:01,2026-09-22 21:27:37,29,11004.0,-9264.0,,Available,website maps this code to Available
1,a08d1328-1b1e-464e-9c36-2fd6d8f80b78,2026-09-23T00:31:01.284+00:00,2026-09-23T00:31:01.484+00:00,21072-30059,washers,50170078,72000000,2026-09-23 00:31:01,2026-09-22 21:29:00,29,10921.0,-9181.0,,Available,website maps this code to Available
1,a08d1328-1b1e-464e-9c36-2fd6d8f80b78,2026-09-23T00:31:01.284+00:00,2026-09-23T00:31:01.484+00:00,21072-30059,washers,50170084,72000000,2026-09-23 00:31:01,2026-09-22 07:02:40,29,62901.0,-61161.0,,Available,website maps this code to Available
1,a08d1328-1b1e-464e-9c36-2fd6d8f80b78,2026-09-23T00:31:01.284+00:00,2026-09-23T00:31:01.484+00:00,21072-30059,washers,50170068,42000000,2026-09-23 00:31:01,2026-09-23 00:17:03,41,838.0,1622.0,28,Running,
1,a08d1328-1b1e-464e-9c36-2fd6d8f80b78,2026-09-23T00:31:01.284+00:00,2026-09-23T00:31:01.484+00:00,21072-30059,washers,50170072,42000000,2026-09-23 00:31:01,2026-09-23 00:17:43,39,798.0,1542.0,26,Running,
1,a08d1328-1b1e-464e-9c36-2fd6d8f80b78,2026-09-23T00:31:01.284+00:00,2026-09-23T00:31:01.484+00:00,21072-30059,washers,20483408,72000000,2026-09-23 00:31:01,2024-12-20 00:43:32,0,55468049.0,-55468049.0,,Available,website maps this code to Available
1,a08d1328-1b1e-464e-9c36-2fd6d8f80b78,2026-09-23T00:31:01.284+00:00,2026-09-23T00:31:01.484+00:00,21072-30059,washers,50170055,42000000,2026-09-23 00:31:01,2026-09-23 00:16:41,41,860.0,1600.0,27,Running,
1,a08d1328-1b1e-464e-9c36-2fd6d8f80b78,2026-09-23T00:31:01.284+00:00,2026-09-23T00:31:01.484+00:00,21072-30059,dryers,50170058,72000000,2026-09-23 00:31:01,2026-09-12 03:29:03,46,939718.0,-936958.0,,Available,website maps this code to Available
1,a08d1328-1b1e-464e-9c36-2fd6d8f80b78,2026-09-23T00:31:01.284+00:00,2026-09-23T00:31:01.484+00:00,21072-30059,dryers,50170061,72000000,2026-09-23 00:31:01,2026-09-22 22:55:19,46,5742.0,-2982.0,,Available,website maps this code to Available
1,a08d1328-1b1e-464e-9c36-2fd6d8f80b78,2026-09-23T00:31:01.284+00:00,2026-09-23T00:31:01.484+00:00,21072-30059,dryers,50170081,72000000,2026-09-23 00:31:01,2026-09-22 22:55:35,46,5726.0,-2966.0,,Available,website maps this code to Available
1,a08d1328-1b1e-464e-9c36-2fd6d8f80b78,2026-09-23T00:31:01.284+00:00,2026-09-23T00:31:01.484+00:00,21072-30059,dryers,50170060,52000000,2026-09-23 00:31:01,2026-09-22 22:10:55,23,8406.0,-7026.0,,Available,website fallback: report over 1 hour old
1,a08d1328-1b1e-464e-9c36-2fd6d8f80b78,2026-09-23T00:31:01.284+00:00,2026-09-23T00:31:01.484+00:00,21072-30059,dryers,50170087,52000000,2026-09-23 00:31:01,2026-09-22 22:12:10,23,8331.0,-6951.0,,Available,website fallback: report over 1 hour old
1,a08d1328-1b1e-464e-9c36-2fd6d8f80b78,2026-09-23T00:31:01.284+00:00,2026-09-23T00:31:01.484+00:00,21072-30059,dryers,50170064,72000000,2026-09-23 00:31:01,2026-09-22 07:01:55,46,62946.0,-60186.0,,Available,website maps this code to Available
1,a08d1328-1b1e-464e-9c36-2fd6d8f80b78,2026-09-23T00:31:01.284+00:00,2026-09-23T00:31:01.484+00:00,21072-30059,dryers,50170065,72000000,2026-09-23 00:31:01,2026-09-22 22:14:28,46,8193.0,-5433.0,,Available,website maps this code to Available
1,a08d1328-1b1e-464e-9c36-2fd6d8f80b78,2026-09-23T00:31:01.284+00:00,2026-09-23T00:31:01.484+00:00,21072-30059,dryers,50170059,52000000,2026-09-23 00:31:01,2026-09-22 22:15:07,23,8154.0,-6774.0,,Available,website fallback: report over 1 hour old
1,a08d1328-1b1e-464e-9c36-2fd6d8f80b78,2026-09-23T00:31:01.284+00:00,2026-09-23T00:31:01.484+00:00,21072-30059,dryers,50170057,72000000,2026-09-23 00:31:01,2026-09-22 22:55:47,46,5714.0,-2954.0,,Available,website maps this code to Available
1,a08d1328-1b1e-464e-9c36-2fd6d8f80b78,2026-09-23T00:31:01.284+00:00,2026-09-23T00:31:01.484+00:00,21072-30059,dryers,50170062,72000000,2026-09-23 00:31:01,2026-09-22 23:06:22,46,5079.0,-2319.0,,Available,website maps this code to Available
1,a08d1328-1b1e-464e-9c36-2fd6d8f80b78,2026-09-23T00:31:01.284+00:00,2026-09-23T00:31:01.484+00:00,21072-30059,dryers,50170067,52000000,2026-09-23 00:31:01,2026-09-22 23:44:57,23,2764.0,-1384.0,,Finished,
1,a08d1328-1b1e-464e-9c36-2fd6d8f80b78,2026-09-23T00:31:01.284+00:00,2026-09-23T00:31:01.484+00:00,21072-30059,dryers,50170074,72000000,2026-09-23 00:31:01,2026-09-22 20:42:32,46,13709.0,-10949.0,,Available,website maps this code to Available
1,a08d1328-1b1e-464e-9c36-2fd6d8f80b78,2026-09-23T00:31:01.284+00:00,2026-09-23T00:31:01.484+00:00,21072-30059,dryers,50170071,72000000,2026-09-23 00:31:01,2026-09-22 21:56:40,46,9261.0,-6501.0,,Available,website maps this code to Available
1,a08d1328-1b1e-464e-9c36-2fd6d8f80b78,2026-09-23T00:31:01.284+00:00,2026-09-23T00:31:01.484+00:00,21072-30059,dryers,50170054,42000000,2026-09-23 00:31:01,2026-09-22 23:56:58,45,2043.0,657.0,11,Running,
1,2b0c2de4-e35e-4ffe-9433-9bbfc3f9cf29,2026-09-23T00:32:01.399+00:00,2026-09-23T00:32:01.571+00:00,21072-30059,washers,50170051,72000000,2026-09-23 00:32:01,2026-09-22 21:24:15,29,11266.0,-9526.0,,Available,website maps this code to Available
1,2b0c2de4-e35e-4ffe-9433-9bbfc3f9cf29,2026-09-23T00:32:01.399+00:00,2026-09-23T00:32:01.571+00:00,21072-30059,washers,50170080,42000000,2026-09-23 00:32:01,2026-09-23 00:16:43,30,918.0,882.0,15,Running,
1,2b0c2de4-e35e-4ffe-9433-9bbfc3f9cf29,2026-09-23T00:32:01.399+00:00,2026-09-23T00:32:01.571+00:00,21072-30059,washers,50170075,42000000,2026-09-23 00:32:01,2026-09-23 00:17:34,30,867.0,933.0,16,Running,
1,2b0c2de4-e35e-4ffe-9433-9bbfc3f9cf29,2026-09-23T00:32:01.399+00:00,2026-09-23T00:32:01.571+00:00,21072-30059,washers,50170082,72000000,2026-09-23 00:32:01,2026-09-22 21:24:54,29,11227.0,-9487.0,,Available,website maps this code to Available
1,2b0c2de4-e35e-4ffe-9433-9bbfc3f9cf29,2026-09-23T00:32:01.399+00:00,2026-09-23T00:32:01.571+00:00,21072-30059,washers,50170050,72000000,2026-09-23 00:32:01,2026-09-22 21:26:02,29,11159.0,-9419.0,,Available,website maps this code to Available
1,2b0c2de4-e35e-4ffe-9433-9bbfc3f9cf29,2026-09-23T00:32:01.399+00:00,2026-09-23T00:32:01.571+00:00,21072-30059,washers,50170052,72000000,2026-09-23 00:32:01,2026-09-22 21:27:37,29,11064.0,-9324.0,,Available,website maps this code to Available
1,2b0c2de4-e35e-4ffe-9433-9bbfc3f9cf29,2026-09-23T00:32:01.399+00:00,2026-09-23T00:32:01.571+00:00,21072-30059,washers,50170078,72000000,2026-09-23 00:32:01,2026-09-22 21:29:00,29,10981.0,-9241.0,,Available,website maps this code to Available
1,2b0c2de4-e35e-4ffe-9433-9bbfc3f9cf29,2026-09-23T00:32:01.399+00:00,2026-09-23T00:32:01.571+00:00,21072-30059,washers,50170084,72000000,2026-09-23 00:32:01,2026-09-22 07:02:40,29,62961.0,-61221.0,,Available,website maps this code to Available
1,2b0c2de4-e35e-4ffe-9433-9bbfc3f9cf29,2026-09-23T00:32:01.399+00:00,2026-09-23T00:32:01.571+00:00,21072-30059,washers,50170068,42000000,2026-09-23 00:32:01,2026-09-23 00:17:03,41,898.0,1562.0,27,Running,
1,2b0c2de4-e35e-4ffe-9433-9bbfc3f9cf29,2026-09-23T00:32:01.399+00:00,2026-09-23T00:32:01.571+00:00,21072-30059,washers,50170072,42000000,2026-09-23 00:32:01,2026-09-23 00:17:43,39,858.0,1482.0,25,Running,
1,2b0c2de4-e35e-4ffe-9433-9bbfc3f9cf29,2026-09-23T00:32:01.399+00:00,2026-09-23T00:32:01.571+00:00,21072-30059,washers,20483408,72000000,2026-09-23 00:32:01,2024-12-20 00:43:32,0,55468109.0,-55468109.0,,Available,website maps this code to Available
1,2b0c2de4-e35e-4ffe-9433-9bbfc3f9cf29,2026-09-23T00:32:01.399+00:00,2026-09-23T00:32:01.571+00:00,21072-30059,washers,50170055,42000000,2026-09-23 00:32:01,2026-09-23 00:16:41,41,920.0,1540.0,26,Running,
1,2b0c2de4-e35e-4ffe-9433-9bbfc3f9cf29,2026-09-23T00:32:01.399+00:00,2026-09-23T00:32:01.571+00:00,21072-30059,dryers,50170058,72000000,2026-09-23 00:32:01,2026-09-12 03:29:03,46,939778.0,-937018.0,,Available,website maps this code to Available
1,2b0c2de4-e35e-4ffe-9433-9bbfc3f9cf29,2026-09-23T00:32:01.399+00:00,2026-09-23T00:32:01.571+00:00,21072-30059,dryers,50170061,72000000,2026-09-23 00:32:01,2026-09-22 22:55:19,46,5802.0,-3042.0,,Available,website maps this code to Available
1,2b0c2de4-e35e-4ffe-9433-9bbfc3f9cf29,2026-09-23T00:32:01.399+00:00,2026-09-23T00:32:01.571+00:00,21072-30059,dryers,50170081,72000000,2026-09-23 00:32:01,2026-09-22 22:55:35,46,5786.0,-3026.0,,Available,website maps this code to Available
1,2b0c2de4-e35e-4ffe-9433-9bbfc3f9cf29,2026-09-23T00:32:01.399+00:00,2026-09-23T00:32:01.571+00:00,21072-30059,dryers,50170060,52000000,2026-09-23 00:32:01,2026-09-22 22:10:55,23,8466.0,-7086.0,,Available,website fallback: report over 1 hour old
1,2b0c2de4-e35e-4ffe-9433-9bbfc3f9cf29,2026-09-23T00:32:01.399+00:00,2026-09-23T00:32:01.571+00:00,21072-30059,dryers,50170087,52000000,2026-09-23 00:32:01,2026-09-22 22:12:10,23,8391.0,-7011.0,,Available,website fallback: report over 1 hour old
1,2b0c2de4-e35e-4ffe-9433-9bbfc3f9cf29,2026-09-23T00:32:01.399+00:00,2026-09-23T00:32:01.571+00:00,21072-30059,dryers,50170064,72000000,2026-09-23 00:32:01,2026-09-22 07:01:55,46,63006.0,-60246.0,,Available,website maps this code to Available
1,2b0c2de4-e35e-4ffe-9433-9bbfc3f9cf29,2026-09-23T00:32:01.399+00:00,2026-09-23T00:32:01.571+00:00,21072-30059,dryers,50170065,72000000,2026-09-23 00:32:01,2026-09-22 22:14:28,46,8253.0,-5493.0,,Available,website maps this code to Available
1,2b0c2de4-e35e-4ffe-9433-9bbfc3f9cf29,2026-09-23T00:32:01.399+00:00,2026-09-23T00:32:01.571+00:00,21072-30059,dryers,50170059,52000000,2026-09-23 00:32:01,2026-09-22 22:15:07,23,8214.0,-6834.0,,Available,website fallback: report over 1 hour old
1,2b0c2de4-e35e-4ffe-9433-9bbfc3f9cf29,2026-09-23T00:32:01.399+00:00,2026-09-23T00:32:01.571+00:00,21072-30059,dryers,50170057,72000000,2026-09-23 00:32:01,2026-09-22 22:55:47,46,5774.0,-3014.0,,Available,website maps this code to Available
1,2b0c2de4-e35e-4ffe-9433-9bbfc3f9cf29,2026-09-23T00:32:01.399+00:00,2026-09-23T00:32:01.571+00:00,21072-30059,dryers,50170062,72000000,2026-09-23 00:32:01,2026-09-22 23:06:22,46,5139.0,-2379.0,,Available,website maps this code to Available
1,2b0c2de4-e35e-4ffe-9433-9bbfc3f9cf29,2026-09-23T00:32:01.399+00:00,2026-09-23T00:32:01.571+00:00,21072-30059,dryers,50170067,52000000,2026-09-23 00:32:01,2026-09-22 23:44:57,23,2824.0,-1444.0,,Finished,
1,2b0c2de4-e35e-4ffe-9433-9bbfc3f9cf29,2026-09-23T00:32:01.399+00:00,2026-09-23T00:32:01.571+00:00,21072-30059,dryers,50170074,72000000,2026-09-23 00:32:01,2026-09-22 20:42:32,46,13769.0,-11009.0,,Available,website maps this code to Available
1,2b0c2de4-e35e-4ffe-9433-9bbfc3f9cf29,2026-09-23T00:32:01.399+00:00,2026-09-23T00:32:01.571+00:00,21072-30059,dryers,50170071,72000000,2026-09-23 00:32:01,2026-09-22 21:56:40,46,9321.0,-6561.0,,Available,website maps this code to Available
1,2b0c2de4-e35e-4ffe-9433-9bbfc3f9cf29,2026-09-23T00:32:01.399+00:00,2026-09-23T00:32:01.571+00:00,21072-30059,dryers,50170054,42000000,2026-09-23 00:32:01,2026-09-23 00:31:28,10,33.0,567.0,10,Running,
1,7ed78abe-1e67-4f24-9532-8778c15bb9ea,2026-09-23T00:33:01.259+00:00,2026-09-23T00:33:01.473+00:00,21072-30059,washers,50170051,72000000,2026-09-23 00:33:01,2026-09-22 21:24:15,29,11326.0,-9586.0,,Available,website maps this code to Available
1,7ed78abe-1e67-4f24-9532-8778c15bb9ea,2026-09-23T00:33:01.259+00:00,2026-09-23T00:33:01.473+00:00,21072-30059,washers,50170080,42000000,2026-09-23 00:33:01,2026-09-23 00:16:43,30,978.0,822.0,14,Running,
1,7ed78abe-1e67-4f24-9532-8778c15bb9ea,2026-09-23T00:33:01.259+00:00,2026-09-23T00:33:01.473+00:00,21072-30059,washers,50170075,42000000,2026-09-23 00:33:01,2026-09-23 00:17:34,30,927.0,873.0,15,Running,
1,7ed78abe-1e67-4f24-9532-8778c15bb9ea,2026-09-23T00:33:01.259+00:00,2026-09-23T00:33:01.473+00:00,21072-30059,washers,50170082,72000000,2026-09-23 00:33:01,2026-09-22 21:24:54,29,11287.0,-9547.0,,Available,website maps this code to Available
1,7ed78abe-1e67-4f24-9532-8778c15bb9ea,2026-09-23T00:33:01.259+00:00,2026-09-23T00:33:01.473+00:00,21072-30059,washers,50170050,72000000,2026-09-23 00:33:01,2026-09-22 21:26:02,29,11219.0,-9479.0,,Available,website maps this code to Available
1,7ed78abe-1e67-4f24-9532-8778c15bb9ea,2026-09-23T00:33:01.259+00:00,2026-09-23T00:33:01.473+00:00,21072-30059,washers,50170052,72000000,2026-09-23 00:33:01,2026-09-22 21:27:37,29,11124.0,-9384.0,,Available,website maps this code to Available
1,7ed78abe-1e67-4f24-9532-8778c15bb9ea,2026-09-23T00:33:01.259+00:00,2026-09-23T00:33:01.473+00:00,21072-30059,washers,50170078,72000000,2026-09-23 00:33:01,2026-09-22 21:29:00,29,11041.0,-9301.0,,Available,website maps this code to Available
1,7ed78abe-1e67-4f24-9532-8778c15bb9ea,2026-09-23T00:33:01.259+00:00,2026-09-23T00:33:01.473+00:00,21072-30059,washers,50170084,72000000,2026-09-23 00:33:01,2026-09-22 07:02:40,29,63021.0,-61281.0,,Available,website maps this code to Available
1,7ed78abe-1e67-4f24-9532-8778c15bb9ea,2026-09-23T00:33:01.259+00:00,2026-09-23T00:33:01.473+00:00,21072-30059,washers,50170068,42000000,2026-09-23 00:33:01,2026-09-23 00:17:03,41,958.0,1502.0,26,Running,
1,7ed78abe-1e67-4f24-9532-8778c15bb9ea,2026-09-23T00:33:01.259+00:00,2026-09-23T00:33:01.473+00:00,21072-30059,washers,50170072,42000000,2026-09-23 00:33:01,2026-09-23 00:17:43,39,918.0,1422.0,24,Running,
1,7ed78abe-1e67-4f24-9532-8778c15bb9ea,2026-09-23T00:33:01.259+00:00,2026-09-23T00:33:01.473+00:00,21072-30059,washers,20483408,72000000,2026-09-23 00:33:01,2024-12-20 00:43:32,0,55468169.0,-55468169.0,,Available,website maps this code to Available
1,7ed78abe-1e67-4f24-9532-8778c15bb9ea,2026-09-23T00:33:01.259+00:00,2026-09-23T00:33:01.473+00:00,21072-30059,washers,50170055,42000000,2026-09-23 00:33:01,2026-09-23 00:16:41,41,980.0,1480.0,25,Running,
1,7ed78abe-1e67-4f24-9532-8778c15bb9ea,2026-09-23T00:33:01.259+00:00,2026-09-23T00:33:01.473+00:00,21072-30059,dryers,50170058,72000000,2026-09-23 00:33:01,2026-09-12 03:29:03,46,939838.0,-937078.0,,Available,website maps this code to Available
1,7ed78abe-1e67-4f24-9532-8778c15bb9ea,2026-09-23T00:33:01.259+00:00,2026-09-23T00:33:01.473+00:00,21072-30059,dryers,50170061,72000000,2026-09-23 00:33:01,2026-09-22 22:55:19,46,5862.0,-3102.0,,Available,website maps this code to Available
1,7ed78abe-1e67-4f24-9532-8778c15bb9ea,2026-09-23T00:33:01.259+00:00,2026-09-23T00:33:01.473+00:00,21072-30059,dryers,50170081,72000000,2026-09-23 00:33:01,2026-09-22 22:55:35,46,5846.0,-3086.0,,Available,website maps this code to Available
1,7ed78abe-1e67-4f24-9532-8778c15bb9ea,2026-09-23T00:33:01.259+00:00,2026-09-23T00:33:01.473+00:00,21072-30059,dryers,50170060,52000000,2026-09-23 00:33:01,2026-09-22 22:10:55,23,8526.0,-7146.0,,Available,website fallback: report over 1 hour old
1,7ed78abe-1e67-4f24-9532-8778c15bb9ea,2026-09-23T00:33:01.259+00:00,2026-09-23T00:33:01.473+00:00,21072-30059,dryers,50170087,52000000,2026-09-23 00:33:01,2026-09-22 22:12:10,23,8451.0,-7071.0,,Available,website fallback: report over 1 hour old
1,7ed78abe-1e67-4f24-9532-8778c15bb9ea,2026-09-23T00:33:01.259+00:00,2026-09-23T00:33:01.473+00:00,21072-30059,dryers,50170064,72000000,2026-09-23 00:33:01,2026-09-22 07:01:55,46,63066.0,-60306.0,,Available,website maps this code to Available
1,7ed78abe-1e67-4f24-9532-8778c15bb9ea,2026-09-23T00:33:01.259+00:00,2026-09-23T00:33:01.473+00:00,21072-30059,dryers,50170065,72000000,2026-09-23 00:33:01,2026-09-22 22:14:28,46,8313.0,-5553.0,,Available,website maps this code to Available
1,7ed78abe-1e67-4f24-9532-8778c15bb9ea,2026-09-23T00:33:01.259+00:00,2026-09-23T00:33:01.473+00:00,21072-30059,dryers,50170059,52000000,2026-09-23 00:33:01,2026-09-22 22:15:07,23,8274.0,-6894.0,,Available,website fallback: report over 1 hour old
1,7ed78abe-1e67-4f24-9532-8778c15bb9ea,2026-09-23T00:33:01.259+00:00,2026-09-23T00:33:01.473+00:00,21072-30059,dryers,50170057,72000000,2026-09-23 00:33:01,2026-09-22 22:55:47,46,5834.0,-3074.0,,Available,website maps this code to Available
1,7ed78abe-1e67-4f24-9532-8778c15bb9ea,2026-09-23T00:33:01.259+00:00,2026-09-23T00:33:01.473+00:00,21072-30059,dryers,50170062,72000000,2026-09-23 00:33:01,2026-09-22 23:06:22,46,5199.0,-2439.0,,Available,website maps this code to Available
1,7ed78abe-1e67-4f24-9532-8778c15bb9ea,2026-09-23T00:33:01.259+00:00,2026-09-23T00:33:01.473+00:00,21072-30059,dryers,50170067,52000000,2026-09-23 00:33:01,2026-09-22 23:44:57,23,2884.0,-1504.0,,Finished,
1,7ed78abe-1e67-4f24-9532-8778c15bb9ea,2026-09-23T00:33:01.259+00:00,2026-09-23T00:33:01.473+00:00,21072-30059,dryers,50170074,72000000,2026-09-23 00:33:01,2026-09-22 20:42:32,46,13829.0,-11069.0,,Available,website maps this code to Available
1,7ed78abe-1e67-4f24-9532-8778c15bb9ea,2026-09-23T00:33:01.259+00:00,2026-09-23T00:33:01.473+00:00,21072-30059,dryers,50170071,72000000,2026-09-23 00:33:01,2026-09-22 21:56:40,46,9381.0,-6621.0,,Available,website maps this code to Available
1,7ed78abe-1e67-4f24-9532-8778c15bb9ea,2026-09-23T00:33:01.259+00:00,2026-09-23T00:33:01.473+00:00,21072-30059,dryers,50170054,42000000,2026-09-23 00:33:01,2026-09-23 00:31:28,10,93.0,507.0,9,Running,
1,a816185a-63c2-493c-b125-da49ace8522a,2026-09-23T00:34:01.336+00:00,2026-09-23T00:34:01.540+00:00,21072-30059,washers,50170051,72000000,2026-09-23 00:34:01,2026-09-22 21:24:15,29,11386.0,-9646.0,,Available,website maps this code to Available
1,a816185a-63c2-493c-b125-da49ace8522a,2026-09-23T00:34:01.336+00:00,2026-09-23T00:34:01.540+00:00,21072-30059,washers,50170080,42000000,2026-09-23 00:34:01,2026-09-23 00:16:43,30,1038.0,762.0,13,Running,
1,a816185a-63c2-493c-b125-da49ace8522a,2026-09-23T00:34:01.336+00:00,2026-09-23T00:34:01.540+00:00,21072-30059,washers,50170075,42000000,2026-09-23 00:34:01,2026-09-23 00:17:34,30,987.0,813.0,14,Running,
1,a816185a-63c2-493c-b125-da49ace8522a,2026-09-23T00:34:01.336+00:00,2026-09-23T00:34:01.540+00:00,21072-30059,washers,50170082,72000000,2026-09-23 00:34:01,2026-09-22 21:24:54,29,11347.0,-9607.0,,Available,website maps this code to Available
1,a816185a-63c2-493c-b125-da49ace8522a,2026-09-23T00:34:01.336+00:00,2026-09-23T00:34:01.540+00:00,21072-30059,washers,50170050,72000000,2026-09-23 00:34:01,2026-09-22 21:26:02,29,11279.0,-9539.0,,Available,website maps this code to Available
1,a816185a-63c2-493c-b125-da49ace8522a,2026-09-23T00:34:01.336+00:00,2026-09-23T00:34:01.540+00:00,21072-30059,washers,50170052,72000000,2026-09-23 00:34:01,2026-09-22 21:27:37,29,11184.0,-9444.0,,Available,website maps this code to Available
1,a816185a-63c2-493c-b125-da49ace8522a,2026-09-23T00:34:01.336+00:00,2026-09-23T00:34:01.540+00:00,21072-30059,washers,50170078,72000000,2026-09-23 00:34:01,2026-09-22 21:29:00,29,11101.0,-9361.0,,Available,website maps this code to Available
1,a816185a-63c2-493c-b125-da49ace8522a,2026-09-23T00:34:01.336+00:00,2026-09-23T00:34:01.540+00:00,21072-30059,washers,50170084,72000000,2026-09-23 00:34:01,2026-09-22 07:02:40,29,63081.0,-61341.0,,Available,website maps this code to Available
1,a816185a-63c2-493c-b125-da49ace8522a,2026-09-23T00:34:01.336+00:00,2026-09-23T00:34:01.540+00:00,21072-30059,washers,50170068,42000000,2026-09-23 00:34:01,2026-09-23 00:17:03,41,1018.0,1442.0,25,Running,
1,a816185a-63c2-493c-b125-da49ace8522a,2026-09-23T00:34:01.336+00:00,2026-09-23T00:34:01.540+00:00,21072-30059,washers,50170072,42000000,2026-09-23 00:34:01,2026-09-23 00:17:43,39,978.0,1362.0,23,Running,
1,a816185a-63c2-493c-b125-da49ace8522a,2026-09-23T00:34:01.336+00:00,2026-09-23T00:34:01.540+00:00,21072-30059,washers,20483408,72000000,2026-09-23 00:34:01,2024-12-20 00:43:32,0,55468229.0,-55468229.0,,Available,website maps this code to Available
1,a816185a-63c2-493c-b125-da49ace8522a,2026-09-23T00:34:01.336+00:00,2026-09-23T00:34:01.540+00:00,21072-30059,washers,50170055,42000000,2026-09-23 00:34:01,2026-09-23 00:16:41,41,1040.0,1420.0,24,Running,
1,a816185a-63c2-493c-b125-da49ace8522a,2026-09-23T00:34:01.336+00:00,2026-09-23T00:34:01.540+00:00,21072-30059,dryers,50170058,72000000,2026-09-23 00:34:01,2026-09-12 03:29:03,46,939898.0,-937138.0,,Available,website maps this code to Available
1,a816185a-63c2-493c-b125-da49ace8522a,2026-09-23T00:34:01.336+00:00,2026-09-23T00:34:01.540+00:00,21072-30059,dryers,50170061,72000000,2026-09-23 00:34:01,2026-09-22 22:55:19,46,5922.0,-3162.0,,Available,website maps this code to Available
1,a816185a-63c2-493c-b125-da49ace8522a,2026-09-23T00:34:01.336+00:00,2026-09-23T00:34:01.540+00:00,21072-30059,dryers,50170081,72000000,2026-09-23 00:34:01,2026-09-22 22:55:35,46,5906.0,-3146.0,,Available,website maps this code to Available
1,a816185a-63c2-493c-b125-da49ace8522a,2026-09-23T00:34:01.336+00:00,2026-09-23T00:34:01.540+00:00,21072-30059,dryers,50170060,52000000,2026-09-23 00:34:01,2026-09-22 22:10:55,23,8586.0,-7206.0,,Available,website fallback: report over 1 hour old
1,a816185a-63c2-493c-b125-da49ace8522a,2026-09-23T00:34:01.336+00:00,2026-09-23T00:34:01.540+00:00,21072-30059,dryers,50170087,52000000,2026-09-23 00:34:01,2026-09-22 22:12:10,23,8511.0,-7131.0,,Available,website fallback: report over 1 hour old
1,a816185a-63c2-493c-b125-da49ace8522a,2026-09-23T00:34:01.336+00:00,2026-09-23T00:34:01.540+00:00,21072-30059,dryers,50170064,72000000,2026-09-23 00:34:01,2026-09-22 07:01:55,46,63126.0,-60366.0,,Available,website maps this code to Available
1,a816185a-63c2-493c-b125-da49ace8522a,2026-09-23T00:34:01.336+00:00,2026-09-23T00:34:01.540+00:00,21072-30059,dryers,50170065,72000000,2026-09-23 00:34:01,2026-09-22 22:14:28,46,8373.0,-5613.0,,Available,website maps this code to Available
1,a816185a-63c2-493c-b125-da49ace8522a,2026-09-23T00:34:01.336+00:00,2026-09-23T00:34:01.540+00:00,21072-30059,dryers,50170059,52000000,2026-09-23 00:34:01,2026-09-22 22:15:07,23,8334.0,-6954.0,,Available,website fallback: report over 1 hour old
1,a816185a-63c2-493c-b125-da49ace8522a,2026-09-23T00:34:01.336+00:00,2026-09-23T00:34:01.540+00:00,21072-30059,dryers,50170057,72000000,2026-09-23 00:34:01,2026-09-22 22:55:47,46,5894.0,-3134.0,,Available,website maps this code to Available
1,a816185a-63c2-493c-b125-da49ace8522a,2026-09-23T00:34:01.336+00:00,2026-09-23T00:34:01.540+00:00,21072-30059,dryers,50170062,72000000,2026-09-23 00:34:01,2026-09-22 23:06:22,46,5259.0,-2499.0,,Available,website maps this code to Available
1,a816185a-63c2-493c-b125-da49ace8522a,2026-09-23T00:34:01.336+00:00,2026-09-23T00:34:01.540+00:00,21072-30059,dryers,50170067,52000000,2026-09-23 00:34:01,2026-09-22 23:44:57,23,2944.0,-1564.0,,Finished,
1,a816185a-63c2-493c-b125-da49ace8522a,2026-09-23T00:34:01.336+00:00,2026-09-23T00:34:01.540+00:00,21072-30059,dryers,50170074,72000000,2026-09-23 00:34:01,2026-09-22 20:42:32,46,13889.0,-11129.0,,Available,website maps this code to Available
1,a816185a-63c2-493c-b125-da49ace8522a,2026-09-23T00:34:01.336+00:00,2026-09-23T00:34:01.540+00:00,21072-30059,dryers,50170071,72000000,2026-09-23 00:34:01,2026-09-22 21:56:40,46,9441.0,-6681.0,,Available,website maps this code to Available
1,a816185a-63c2-493c-b125-da49ace8522a,2026-09-23T00:34:01.336+00:00,2026-09-23T00:34:01.540+00:00,21072-30059,dryers,50170054,42000000,2026-09-23 00:34:01,2026-09-23 00:31:28,10,153.0,447.0,8,Running,
1,33496932-4a37-49ae-82aa-849f85f3ee5a,2026-09-23T00:35:01.284+00:00,2026-09-23T00:35:01.476+00:00,21072-30059,washers,50170051,72000000,2026-09-23 00:35:01,2026-09-22 21:24:15,29,11446.0,-9706.0,,Available,website maps this code to Available
1,33496932-4a37-49ae-82aa-849f85f3ee5a,2026-09-23T00:35:01.284+00:00,2026-09-23T00:35:01.476+00:00,21072-30059,washers,50170080,42000000,2026-09-23 00:35:01,2026-09-23 00:16:43,30,1098.0,702.0,12,Running,
1,33496932-4a37-49ae-82aa-849f85f3ee5a,2026-09-23T00:35:01.284+00:00,2026-09-23T00:35:01.476+00:00,21072-30059,washers,50170075,42000000,2026-09-23 00:35:01,2026-09-23 00:17:34,30,1047.0,753.0,13,Running,
1,33496932-4a37-49ae-82aa-849f85f3ee5a,2026-09-23T00:35:01.284+00:00,2026-09-23T00:35:01.476+00:00,21072-30059,washers,50170082,72000000,2026-09-23 00:35:01,2026-09-22 21:24:54,29,11407.0,-9667.0,,Available,website maps this code to Available
1,33496932-4a37-49ae-82aa-849f85f3ee5a,2026-09-23T00:35:01.284+00:00,2026-09-23T00:35:01.476+00:00,21072-30059,washers,50170050,72000000,2026-09-23 00:35:01,2026-09-22 21:26:02,29,11339.0,-9599.0,,Available,website maps this code to Available
1,33496932-4a37-49ae-82aa-849f85f3ee5a,2026-09-23T00:35:01.284+00:00,2026-09-23T00:35:01.476+00:00,21072-30059,washers,50170052,72000000,2026-09-23 00:35:01,2026-09-22 21:27:37,29,11244.0,-9504.0,,Available,website maps this code to Available
1,33496932-4a37-49ae-82aa-849f85f3ee5a,2026-09-23T00:35:01.284+00:00,2026-09-23T00:35:01.476+00:00,21072-30059,washers,50170078,72000000,2026-09-23 00:35:01,2026-09-22 21:29:00,29,11161.0,-9421.0,,Available,website maps this code to Available
1,33496932-4a37-49ae-82aa-849f85f3ee5a,2026-09-23T00:35:01.284+00:00,2026-09-23T00:35:01.476+00:00,21072-30059,washers,50170084,72000000,2026-09-23 00:35:01,2026-09-22 07:02:40,29,63141.0,-61401.0,,Available,website maps this code to Available
1,33496932-4a37-49ae-82aa-849f85f3ee5a,2026-09-23T00:35:01.284+00:00,2026-09-23T00:35:01.476+00:00,21072-30059,washers,50170068,42000000,2026-09-23 00:35:01,2026-09-23 00:17:03,41,1078.0,1382.0,24,Running,
1,33496932-4a37-49ae-82aa-849f85f3ee5a,2026-09-23T00:35:01.284+00:00,2026-09-23T00:35:01.476+00:00,21072-30059,washers,50170072,42000000,2026-09-23 00:35:01,2026-09-23 00:17:43,39,1038.0,1302.0,22,Running,
1,33496932-4a37-49ae-82aa-849f85f3ee5a,2026-09-23T00:35:01.284+00:00,2026-09-23T00:35:01.476+00:00,21072-30059,washers,20483408,72000000,2026-09-23 00:35:01,2024-12-20 00:43:32,0,55468289.0,-55468289.0,,Available,website maps this code to Available
1,33496932-4a37-49ae-82aa-849f85f3ee5a,2026-09-23T00:35:01.284+00:00,2026-09-23T00:35:01.476+00:00,21072-30059,washers,50170055,42000000,2026-09-23 00:35:01,2026-09-23 00:16:41,41,1100.0,1360.0,23,Running,
1,33496932-4a37-49ae-82aa-849f85f3ee5a,2026-09-23T00:35:01.284+00:00,2026-09-23T00:35:01.476+00:00,21072-30059,dryers,50170058,72000000,2026-09-23 00:35:01,2026-09-12 03:29:03,46,939958.0,-937198.0,,Available,website maps this code to Available
1,33496932-4a37-49ae-82aa-849f85f3ee5a,2026-09-23T00:35:01.284+00:00,2026-09-23T00:35:01.476+00:00,21072-30059,dryers,50170061,72000000,2026-09-23 00:35:01,2026-09-22 22:55:19,46,5982.0,-3222.0,,Available,website maps this code to Available
1,33496932-4a37-49ae-82aa-849f85f3ee5a,2026-09-23T00:35:01.284+00:00,2026-09-23T00:35:01.476+00:00,21072-30059,dryers,50170081,72000000,2026-09-23 00:35:01,2026-09-22 22:55:35,46,5966.0,-3206.0,,Available,website maps this code to Available
1,33496932-4a37-49ae-82aa-849f85f3ee5a,2026-09-23T00:35:01.284+00:00,2026-09-23T00:35:01.476+00:00,21072-30059,dryers,50170060,52000000,2026-09-23 00:35:01,2026-09-22 22:10:55,23,8646.0,-7266.0,,Available,website fallback: report over 1 hour old
1,33496932-4a37-49ae-82aa-849f85f3ee5a,2026-09-23T00:35:01.284+00:00,2026-09-23T00:35:01.476+00:00,21072-30059,dryers,50170087,52000000,2026-09-23 00:35:01,2026-09-22 22:12:10,23,8571.0,-7191.0,,Available,website fallback: report over 1 hour old
1,33496932-4a37-49ae-82aa-849f85f3ee5a,2026-09-23T00:35:01.284+00:00,2026-09-23T00:35:01.476+00:00,21072-30059,dryers,50170064,72000000,2026-09-23 00:35:01,2026-09-22 07:01:55,46,63186.0,-60426.0,,Available,website maps this code to Available
1,33496932-4a37-49ae-82aa-849f85f3ee5a,2026-09-23T00:35:01.284+00:00,2026-09-23T00:35:01.476+00:00,21072-30059,dryers,50170065,72000000,2026-09-23 00:35:01,2026-09-22 22:14:28,46,8433.0,-5673.0,,Available,website maps this code to Available
1,33496932-4a37-49ae-82aa-849f85f3ee5a,2026-09-23T00:35:01.284+00:00,2026-09-23T00:35:01.476+00:00,21072-30059,dryers,50170059,52000000,2026-09-23 00:35:01,2026-09-22 22:15:07,23,8394.0,-7014.0,,Available,website fallback: report over 1 hour old
1,33496932-4a37-49ae-82aa-849f85f3ee5a,2026-09-23T00:35:01.284+00:00,2026-09-23T00:35:01.476+00:00,21072-30059,dryers,50170057,72000000,2026-09-23 00:35:01,2026-09-22 22:55:47,46,5954.0,-3194.0,,Available,website maps this code to Available
1,33496932-4a37-49ae-82aa-849f85f3ee5a,2026-09-23T00:35:01.284+00:00,2026-09-23T00:35:01.476+00:00,21072-30059,dryers,50170062,72000000,2026-09-23 00:35:01,2026-09-22 23:06:22,46,5319.0,-2559.0,,Available,website maps this code to Available
1,33496932-4a37-49ae-82aa-849f85f3ee5a,2026-09-23T00:35:01.284+00:00,2026-09-23T00:35:01.476+00:00,21072-30059,dryers,50170067,52000000,2026-09-23 00:35:01,2026-09-22 23:44:57,23,3004.0,-1624.0,,Finished,
1,33496932-4a37-49ae-82aa-849f85f3ee5a,2026-09-23T00:35:01.284+00:00,2026-09-23T00:35:01.476+00:00,21072-30059,dryers,50170074,72000000,2026-09-23 00:35:01,2026-09-22 20:42:32,46,13949.0,-11189.0,,Available,website maps this code to Available
1,33496932-4a37-49ae-82aa-849f85f3ee5a,2026-09-23T00:35:01.284+00:00,2026-09-23T00:35:01.476+00:00,21072-30059,dryers,50170071,72000000,2026-09-23 00:35:01,2026-09-22 21:56:40,46,9501.0,-6741.0,,Available,website maps this code to Available
1,33496932-4a37-49ae-82aa-849f85f3ee5a,2026-09-23T00:35:01.284+00:00,2026-09-23T00:35:01.476+00:00,21072-30059,dryers,50170054,42000000,2026-09-23 00:35:01,2026-09-23 00:31:28,10,213.0,387.0,7,Running,
1,ba28eef4-5dac-4721-9184-8931d72cb56a,2026-09-23T00:36:01.363+00:00,2026-09-23T00:36:01.560+00:00,21072-30059,washers,50170051,72000000,2026-09-23 00:36:01,2026-09-22 21:24:15,29,11506.0,-9766.0,,Available,website maps this code to Available
1,ba28eef4-5dac-4721-9184-8931d72cb56a,2026-09-23T00:36:01.363+00:00,2026-09-23T00:36:01.560+00:00,21072-30059,washers,50170080,42000000,2026-09-23 00:36:01,2026-09-23 00:16:43,30,1158.0,642.0,11,Running,
1,ba28eef4-5dac-4721-9184-8931d72cb56a,2026-09-23T00:36:01.363+00:00,2026-09-23T00:36:01.560+00:00,21072-30059,washers,50170075,42000000,2026-09-23 00:36:01,2026-09-23 00:17:34,30,1107.0,693.0,12,Running,
1,ba28eef4-5dac-4721-9184-8931d72cb56a,2026-09-23T00:36:01.363+00:00,2026-09-23T00:36:01.560+00:00,21072-30059,washers,50170082,72000000,2026-09-23 00:36:01,2026-09-22 21:24:54,29,11467.0,-9727.0,,Available,website maps this code to Available
1,ba28eef4-5dac-4721-9184-8931d72cb56a,2026-09-23T00:36:01.363+00:00,2026-09-23T00:36:01.560+00:00,21072-30059,washers,50170050,72000000,2026-09-23 00:36:01,2026-09-22 21:26:02,29,11399.0,-9659.0,,Available,website maps this code to Available
1,ba28eef4-5dac-4721-9184-8931d72cb56a,2026-09-23T00:36:01.363+00:00,2026-09-23T00:36:01.560+00:00,21072-30059,washers,50170052,72000000,2026-09-23 00:36:01,2026-09-22 21:27:37,29,11304.0,-9564.0,,Available,website maps this code to Available
1,ba28eef4-5dac-4721-9184-8931d72cb56a,2026-09-23T00:36:01.363+00:00,2026-09-23T00:36:01.560+00:00,21072-30059,washers,50170078,72000000,2026-09-23 00:36:01,2026-09-22 21:29:00,29,11221.0,-9481.0,,Available,website maps this code to Available
1,ba28eef4-5dac-4721-9184-8931d72cb56a,2026-09-23T00:36:01.363+00:00,2026-09-23T00:36:01.560+00:00,21072-30059,washers,50170084,72000000,2026-09-23 00:36:01,2026-09-22 07:02:40,29,63201.0,-61461.0,,Available,website maps this code to Available
1,ba28eef4-5dac-4721-9184-8931d72cb56a,2026-09-23T00:36:01.363+00:00,2026-09-23T00:36:01.560+00:00,21072-30059,washers,50170068,42000000,2026-09-23 00:36:01,2026-09-23 00:17:03,41,1138.0,1322.0,23,Running,
1,ba28eef4-5dac-4721-9184-8931d72cb56a,2026-09-23T00:36:01.363+00:00,2026-09-23T00:36:01.560+00:00,21072-30059,washers,50170072,42000000,2026-09-23 00:36:01,2026-09-23 00:17:43,39,1098.0,1242.0,21,Running,
1,ba28eef4-5dac-4721-9184-8931d72cb56a,2026-09-23T00:36:01.363+00:00,2026-09-23T00:36:01.560+00:00,21072-30059,washers,20483408,72000000,2026-09-23 00:36:01,2024-12-20 00:43:32,0,55468349.0,-55468349.0,,Available,website maps this code to Available
1,ba28eef4-5dac-4721-9184-8931d72cb56a,2026-09-23T00:36:01.363+00:00,2026-09-23T00:36:01.560+00:00,21072-30059,washers,50170055,42000000,2026-09-23 00:36:01,2026-09-23 00:16:41,41,1160.0,1300.0,22,Running,
1,ba28eef4-5dac-4721-9184-8931d72cb56a,2026-09-23T00:36:01.363+00:00,2026-09-23T00:36:01.560+00:00,21072-30059,dryers,50170058,72000000,2026-09-23 00:36:01,2026-09-12 03:29:03,46,940018.0,-937258.0,,Available,website maps this code to Available
1,ba28eef4-5dac-4721-9184-8931d72cb56a,2026-09-23T00:36:01.363+00:00,2026-09-23T00:36:01.560+00:00,21072-30059,dryers,50170061,72000000,2026-09-23 00:36:01,2026-09-22 22:55:19,46,6042.0,-3282.0,,Available,website maps this code to Available
1,ba28eef4-5dac-4721-9184-8931d72cb56a,2026-09-23T00:36:01.363+00:00,2026-09-23T00:36:01.560+00:00,21072-30059,dryers,50170081,72000000,2026-09-23 00:36:01,2026-09-22 22:55:35,46,6026.0,-3266.0,,Available,website maps this code to Available
1,ba28eef4-5dac-4721-9184-8931d72cb56a,2026-09-23T00:36:01.363+00:00,2026-09-23T00:36:01.560+00:00,21072-30059,dryers,50170060,52000000,2026-09-23 00:36:01,2026-09-22 22:10:55,23,8706.0,-7326.0,,Available,website fallback: report over 1 hour old
1,ba28eef4-5dac-4721-9184-8931d72cb56a,2026-09-23T00:36:01.363+00:00,2026-09-23T00:36:01.560+00:00,21072-30059,dryers,50170087,52000000,2026-09-23 00:36:01,2026-09-22 22:12:10,23,8631.0,-7251.0,,Available,website fallback: report over 1 hour old
1,ba28eef4-5dac-4721-9184-8931d72cb56a,2026-09-23T00:36:01.363+00:00,2026-09-23T00:36:01.560+00:00,21072-30059,dryers,50170064,72000000,2026-09-23 00:36:01,2026-09-22 07:01:55,46,63246.0,-60486.0,,Available,website maps this code to Available
1,ba28eef4-5dac-4721-9184-8931d72cb56a,2026-09-23T00:36:01.363+00:00,2026-09-23T00:36:01.560+00:00,21072-30059,dryers,50170065,72000000,2026-09-23 00:36:01,2026-09-22 22:14:28,46,8493.0,-5733.0,,Available,website maps this code to Available
1,ba28eef4-5dac-4721-9184-8931d72cb56a,2026-09-23T00:36:01.363+00:00,2026-09-23T00:36:01.560+00:00,21072-30059,dryers,50170059,52000000,2026-09-23 00:36:01,2026-09-22 22:15:07,23,8454.0,-7074.0,,Available,website fallback: report over 1 hour old
1,ba28eef4-5dac-4721-9184-8931d72cb56a,2026-09-23T00:36:01.363+00:00,2026-09-23T00:36:01.560+00:00,21072-30059,dryers,50170057,72000000,2026-09-23 00:36:01,2026-09-22 22:55:47,46,6014.0,-3254.0,,Available,website maps this code to Available
1,ba28eef4-5dac-4721-9184-8931d72cb56a,2026-09-23T00:36:01.363+00:00,2026-09-23T00:36:01.560+00:00,21072-30059,dryers,50170062,72000000,2026-09-23 00:36:01,2026-09-22 23:06:22,46,5379.0,-2619.0,,Available,website maps this code to Available
1,ba28eef4-5dac-4721-9184-8931d72cb56a,2026-09-23T00:36:01.363+00:00,2026-09-23T00:36:01.560+00:00,21072-30059,dryers,50170067,52000000,2026-09-23 00:36:01,2026-09-22 23:44:57,23,3064.0,-1684.0,,Finished,
1,ba28eef4-5dac-4721-9184-8931d72cb56a,2026-09-23T00:36:01.363+00:00,2026-09-23T00:36:01.560+00:00,21072-30059,dryers,50170074,72000000,2026-09-23 00:36:01,2026-09-22 20:42:32,46,14009.0,-11249.0,,Available,website maps this code to Available
1,ba28eef4-5dac-4721-9184-8931d72cb56a,2026-09-23T00:36:01.363+00:00,2026-09-23T00:36:01.560+00:00,21072-30059,dryers,50170071,72000000,2026-09-23 00:36:01,2026-09-22 21:56:40,46,9561.0,-6801.0,,Available,website maps this code to Available
1,ba28eef4-5dac-4721-9184-8931d72cb56a,2026-09-23T00:36:01.363+00:00,2026-09-23T00:36:01.560+00:00,21072-30059,dryers,50170054,42000000,2026-09-23 00:36:01,2026-09-23 00:31:28,10,273.0,327.0,6,Running,
1,61b6d3cd-a3f1-4d7b-a4b7-475403027b7c,2026-09-23T00:37:01.290+00:00,2026-09-23T00:37:01.528+00:00,21072-30059,washers,50170051,72000000,2026-09-23 00:37:01,2026-09-22 21:24:15,29,11566.0,-9826.0,,Available,website maps this code to Available
1,61b6d3cd-a3f1-4d7b-a4b7-475403027b7c,2026-09-23T00:37:01.290+00:00,2026-09-23T00:37:01.528+00:00,21072-30059,washers,50170080,42000000,2026-09-23 00:37:01,2026-09-23 00:16:43,30,1218.0,582.0,10,Running,
1,61b6d3cd-a3f1-4d7b-a4b7-475403027b7c,2026-09-23T00:37:01.290+00:00,2026-09-23T00:37:01.528+00:00,21072-30059,washers,50170075,42000000,2026-09-23 00:37:01,2026-09-23 00:17:34,30,1167.0,633.0,11,Running,
1,61b6d3cd-a3f1-4d7b-a4b7-475403027b7c,2026-09-23T00:37:01.290+00:00,2026-09-23T00:37:01.528+00:00,21072-30059,washers,50170082,72000000,2026-09-23 00:37:01,2026-09-22 21:24:54,29,11527.0,-9787.0,,Available,website maps this code to Available
1,61b6d3cd-a3f1-4d7b-a4b7-475403027b7c,2026-09-23T00:37:01.290+00:00,2026-09-23T00:37:01.528+00:00,21072-30059,washers,50170050,72000000,2026-09-23 00:37:01,2026-09-22 21:26:02,29,11459.0,-9719.0,,Available,website maps this code to Available
1,61b6d3cd-a3f1-4d7b-a4b7-475403027b7c,2026-09-23T00:37:01.290+00:00,2026-09-23T00:37:01.528+00:00,21072-30059,washers,50170052,72000000,2026-09-23 00:37:01,2026-09-22 21:27:37,29,11364.0,-9624.0,,Available,website maps this code to Available
1,61b6d3cd-a3f1-4d7b-a4b7-475403027b7c,2026-09-23T00:37:01.290+00:00,2026-09-23T00:37:01.528+00:00,21072-30059,washers,50170078,72000000,2026-09-23 00:37:01,2026-09-22 21:29:00,29,11281.0,-9541.0,,Available,website maps this code to Available
1,61b6d3cd-a3f1-4d7b-a4b7-475403027b7c,2026-09-23T00:37:01.290+00:00,2026-09-23T00:37:01.528+00:00,21072-30059,washers,50170084,72000000,2026-09-23 00:37:01,2026-09-22 07:02:40,29,63261.0,-61521.0,,Available,website maps this code to Available
1,61b6d3cd-a3f1-4d7b-a4b7-475403027b7c,2026-09-23T00:37:01.290+00:00,2026-09-23T00:37:01.528+00:00,21072-30059,washers,50170068,42000000,2026-09-23 00:37:01,2026-09-23 00:17:03,41,1198.0,1262.0,22,Running,
1,61b6d3cd-a3f1-4d7b-a4b7-475403027b7c,2026-09-23T00:37:01.290+00:00,2026-09-23T00:37:01.528+00:00,21072-30059,washers,50170072,42000000,2026-09-23 00:37:01,2026-09-23 00:17:43,39,1158.0,1182.0,20,Running,
1,61b6d3cd-a3f1-4d7b-a4b7-475403027b7c,2026-09-23T00:37:01.290+00:00,2026-09-23T00:37:01.528+00:00,21072-30059,washers,20483408,72000000,2026-09-23 00:37:01,2024-12-20 00:43:32,0,55468409.0,-55468409.0,,Available,website maps this code to Available
1,61b6d3cd-a3f1-4d7b-a4b7-475403027b7c,2026-09-23T00:37:01.290+00:00,2026-09-23T00:37:01.528+00:00,21072-30059,washers,50170055,42000000,2026-09-23 00:37:01,2026-09-23 00:16:41,41,1220.0,1240.0,21,Running,
1,61b6d3cd-a3f1-4d7b-a4b7-475403027b7c,2026-09-23T00:37:01.290+00:00,2026-09-23T00:37:01.528+00:00,21072-30059,dryers,50170058,72000000,2026-09-23 00:37:01,2026-09-12 03:29:03,46,940078.0,-937318.0,,Available,website maps this code to Available
1,61b6d3cd-a3f1-4d7b-a4b7-475403027b7c,2026-09-23T00:37:01.290+00:00,2026-09-23T00:37:01.528+00:00,21072-30059,dryers,50170061,72000000,2026-09-23 00:37:01,2026-09-22 22:55:19,46,6102.0,-3342.0,,Available,website maps this code to Available
1,61b6d3cd-a3f1-4d7b-a4b7-475403027b7c,2026-09-23T00:37:01.290+00:00,2026-09-23T00:37:01.528+00:00,21072-30059,dryers,50170081,72000000,2026-09-23 00:37:01,2026-09-22 22:55:35,46,6086.0,-3326.0,,Available,website maps this code to Available
1,61b6d3cd-a3f1-4d7b-a4b7-475403027b7c,2026-09-23T00:37:01.290+00:00,2026-09-23T00:37:01.528+00:00,21072-30059,dryers,50170060,52000000,2026-09-23 00:37:01,2026-09-22 22:10:55,23,8766.0,-7386.0,,Available,website fallback: report over 1 hour old
1,61b6d3cd-a3f1-4d7b-a4b7-475403027b7c,2026-09-23T00:37:01.290+00:00,2026-09-23T00:37:01.528+00:00,21072-30059,dryers,50170087,52000000,2026-09-23 00:37:01,2026-09-22 22:12:10,23,8691.0,-7311.0,,Available,website fallback: report over 1 hour old
1,61b6d3cd-a3f1-4d7b-a4b7-475403027b7c,2026-09-23T00:37:01.290+00:00,2026-09-23T00:37:01.528+00:00,21072-30059,dryers,50170064,72000000,2026-09-23 00:37:01,2026-09-22 07:01:55,46,63306.0,-60546.0,,Available,website maps this code to Available
1,61b6d3cd-a3f1-4d7b-a4b7-475403027b7c,2026-09-23T00:37:01.290+00:00,2026-09-23T00:37:01.528+00:00,21072-30059,dryers,50170065,72000000,2026-09-23 00:37:01,2026-09-22 22:14:28,46,8553.0,-5793.0,,Available,website maps this code to Available
1,61b6d3cd-a3f1-4d7b-a4b7-475403027b7c,2026-09-23T00:37:01.290+00:00,2026-09-23T00:37:01.528+00:00,21072-30059,dryers,50170059,52000000,2026-09-23 00:37:01,2026-09-22 22:15:07,23,8514.0,-7134.0,,Available,website fallback: report over 1 hour old
1,61b6d3cd-a3f1-4d7b-a4b7-475403027b7c,2026-09-23T00:37:01.290+00:00,2026-09-23T00:37:01.528+00:00,21072-30059,dryers,50170057,72000000,2026-09-23 00:37:01,2026-09-22 22:55:47,46,6074.0,-3314.0,,Available,website maps this code to Available
1,61b6d3cd-a3f1-4d7b-a4b7-475403027b7c,2026-09-23T00:37:01.290+00:00,2026-09-23T00:37:01.528+00:00,21072-30059,dryers,50170062,72000000,2026-09-23 00:37:01,2026-09-22 23:06:22,46,5439.0,-2679.0,,Available,website maps this code to Available
1,61b6d3cd-a3f1-4d7b-a4b7-475403027b7c,2026-09-23T00:37:01.290+00:00,2026-09-23T00:37:01.528+00:00,21072-30059,dryers,50170067,52000000,2026-09-23 00:37:01,2026-09-22 23:44:57,23,3124.0,-1744.0,,Finished,
1,61b6d3cd-a3f1-4d7b-a4b7-475403027b7c,2026-09-23T00:37:01.290+00:00,2026-09-23T00:37:01.528+00:00,21072-30059,dryers,50170074,72000000,2026-09-23 00:37:01,2026-09-22 20:42:32,46,14069.0,-11309.0,,Available,website maps this code to Available
1,61b6d3cd-a3f1-4d7b-a4b7-475403027b7c,2026-09-23T00:37:01.290+00:00,2026-09-23T00:37:01.528+00:00,21072-30059,dryers,50170071,72000000,2026-09-23 00:37:01,2026-09-22 21:56:40,46,9621.0,-6861.0,,Available,website maps this code to Available
1,61b6d3cd-a3f1-4d7b-a4b7-475403027b7c,2026-09-23T00:37:01.290+00:00,2026-09-23T00:37:01.528+00:00,21072-30059,dryers,50170054,42000000,2026-09-23 00:37:01,2026-09-23 00:31:28,10,333.0,267.0,5,Running,
1,a638372f-1f64-4e0c-a4a1-18b4bb519fea,2026-09-23T00:38:01.263+00:00,2026-09-23T00:38:01.605+00:00,21072-30059,washers,50170051,72000000,2026-09-23 00:38:01,2026-09-22 21:24:15,29,11626.0,-9886.0,,Available,website maps this code to Available
1,a638372f-1f64-4e0c-a4a1-18b4bb519fea,2026-09-23T00:38:01.263+00:00,2026-09-23T00:38:01.605+00:00,21072-30059,washers,50170080,42000000,2026-09-23 00:38:01,2026-09-23 00:16:43,30,1278.0,522.0,9,Running,
1,a638372f-1f64-4e0c-a4a1-18b4bb519fea,2026-09-23T00:38:01.263+00:00,2026-09-23T00:38:01.605+00:00,21072-30059,washers,50170075,42000000,2026-09-23 00:38:01,2026-09-23 00:17:34,30,1227.0,573.0,10,Running,
1,a638372f-1f64-4e0c-a4a1-18b4bb519fea,2026-09-23T00:38:01.263+00:00,2026-09-23T00:38:01.605+00:00,21072-30059,washers,50170082,42000000,2026-09-23 00:38:01,2026-09-23 00:37:32,35,29.0,2071.0,35,Running,
1,a638372f-1f64-4e0c-a4a1-18b4bb519fea,2026-09-23T00:38:01.263+00:00,2026-09-23T00:38:01.605+00:00,21072-30059,washers,50170050,72000000,2026-09-23 00:38:01,2026-09-22 21:26:02,29,11519.0,-9779.0,,Available,website maps this code to Available
1,a638372f-1f64-4e0c-a4a1-18b4bb519fea,2026-09-23T00:38:01.263+00:00,2026-09-23T00:38:01.605+00:00,21072-30059,washers,50170052,72000000,2026-09-23 00:38:01,2026-09-22 21:27:37,29,11424.0,-9684.0,,Available,website maps this code to Available
1,a638372f-1f64-4e0c-a4a1-18b4bb519fea,2026-09-23T00:38:01.263+00:00,2026-09-23T00:38:01.605+00:00,21072-30059,washers,50170078,72000000,2026-09-23 00:38:01,2026-09-22 21:29:00,29,11341.0,-9601.0,,Available,website maps this code to Available
1,a638372f-1f64-4e0c-a4a1-18b4bb519fea,2026-09-23T00:38:01.263+00:00,2026-09-23T00:38:01.605+00:00,21072-30059,washers,50170084,72000000,2026-09-23 00:38:01,2026-09-22 07:02:40,29,63321.0,-61581.0,,Available,website maps this code to Available
1,a638372f-1f64-4e0c-a4a1-18b4bb519fea,2026-09-23T00:38:01.263+00:00,2026-09-23T00:38:01.605+00:00,21072-30059,washers,50170068,42000000,2026-09-23 00:38:01,2026-09-23 00:17:03,41,1258.0,1202.0,21,Running,
1,a638372f-1f64-4e0c-a4a1-18b4bb519fea,2026-09-23T00:38:01.263+00:00,2026-09-23T00:38:01.605+00:00,21072-30059,washers,50170072,42000000,2026-09-23 00:38:01,2026-09-23 00:17:43,39,1218.0,1122.0,19,Running,
1,a638372f-1f64-4e0c-a4a1-18b4bb519fea,2026-09-23T00:38:01.263+00:00,2026-09-23T00:38:01.605+00:00,21072-30059,washers,20483408,72000000,2026-09-23 00:38:01,2024-12-20 00:43:32,0,55468469.0,-55468469.0,,Available,website maps this code to Available
1,a638372f-1f64-4e0c-a4a1-18b4bb519fea,2026-09-23T00:38:01.263+00:00,2026-09-23T00:38:01.605+00:00,21072-30059,washers,50170055,42000000,2026-09-23 00:38:01,2026-09-23 00:16:41,41,1280.0,1180.0,20,Running,
1,a638372f-1f64-4e0c-a4a1-18b4bb519fea,2026-09-23T00:38:01.263+00:00,2026-09-23T00:38:01.605+00:00,21072-30059,dryers,50170058,72000000,2026-09-23 00:38:01,2026-09-12 03:29:03,46,940138.0,-937378.0,,Available,website maps this code to Available
1,a638372f-1f64-4e0c-a4a1-18b4bb519fea,2026-09-23T00:38:01.263+00:00,2026-09-23T00:38:01.605+00:00,21072-30059,dryers,50170061,72000000,2026-09-23 00:38:01,2026-09-22 22:55:19,46,6162.0,-3402.0,,Available,website maps this code to Available
1,a638372f-1f64-4e0c-a4a1-18b4bb519fea,2026-09-23T00:38:01.263+00:00,2026-09-23T00:38:01.605+00:00,21072-30059,dryers,50170081,72000000,2026-09-23 00:38:01,2026-09-22 22:55:35,46,6146.0,-3386.0,,Available,website maps this code to Available
1,a638372f-1f64-4e0c-a4a1-18b4bb519fea,2026-09-23T00:38:01.263+00:00,2026-09-23T00:38:01.605+00:00,21072-30059,dryers,50170060,52000000,2026-09-23 00:38:01,2026-09-22 22:10:55,23,8826.0,-7446.0,,Available,website fallback: report over 1 hour old
1,a638372f-1f64-4e0c-a4a1-18b4bb519fea,2026-09-23T00:38:01.263+00:00,2026-09-23T00:38:01.605+00:00,21072-30059,dryers,50170087,52000000,2026-09-23 00:38:01,2026-09-22 22:12:10,23,8751.0,-7371.0,,Available,website fallback: report over 1 hour old
1,a638372f-1f64-4e0c-a4a1-18b4bb519fea,2026-09-23T00:38:01.263+00:00,2026-09-23T00:38:01.605+00:00,21072-30059,dryers,50170064,72000000,2026-09-23 00:38:01,2026-09-22 07:01:55,46,63366.0,-60606.0,,Available,website maps this code to Available
1,a638372f-1f64-4e0c-a4a1-18b4bb519fea,2026-09-23T00:38:01.263+00:00,2026-09-23T00:38:01.605+00:00,21072-30059,dryers,50170065,72000000,2026-09-23 00:38:01,2026-09-22 22:14:28,46,8613.0,-5853.0,,Available,website maps this code to Available
1,a638372f-1f64-4e0c-a4a1-18b4bb519fea,2026-09-23T00:38:01.263+00:00,2026-09-23T00:38:01.605+00:00,21072-30059,dryers,50170059,52000000,2026-09-23 00:38:01,2026-09-22 22:15:07,23,8574.0,-7194.0,,Available,website fallback: report over 1 hour old
1,a638372f-1f64-4e0c-a4a1-18b4bb519fea,2026-09-23T00:38:01.263+00:00,2026-09-23T00:38:01.605+00:00,21072-30059,dryers,50170057,72000000,2026-09-23 00:38:01,2026-09-22 22:55:47,46,6134.0,-3374.0,,Available,website maps this code to Available
1,a638372f-1f64-4e0c-a4a1-18b4bb519fea,2026-09-23T00:38:01.263+00:00,2026-09-23T00:38:01.605+00:00,21072-30059,dryers,50170062,72000000,2026-09-23 00:38:01,2026-09-22 23:06:22,46,5499.0,-2739.0,,Available,website maps this code to Available
1,a638372f-1f64-4e0c-a4a1-18b4bb519fea,2026-09-23T00:38:01.263+00:00,2026-09-23T00:38:01.605+00:00,21072-30059,dryers,50170067,52000000,2026-09-23 00:38:01,2026-09-22 23:44:57,23,3184.0,-1804.0,,Finished,
1,a638372f-1f64-4e0c-a4a1-18b4bb519fea,2026-09-23T00:38:01.263+00:00,2026-09-23T00:38:01.605+00:00,21072-30059,dryers,50170074,72000000,2026-09-23 00:38:01,2026-09-22 20:42:32,46,14129.0,-11369.0,,Available,website maps this code to Available
1,a638372f-1f64-4e0c-a4a1-18b4bb519fea,2026-09-23T00:38:01.263+00:00,2026-09-23T00:38:01.605+00:00,21072-30059,dryers,50170071,72000000,2026-09-23 00:38:01,2026-09-22 21:56:40,46,9681.0,-6921.0,,Available,website maps this code to Available
1,a638372f-1f64-4e0c-a4a1-18b4bb519fea,2026-09-23T00:38:01.263+00:00,2026-09-23T00:38:01.605+00:00,21072-30059,dryers,50170054,42000000,2026-09-23 00:38:01,2026-09-23 00:31:28,10,393.0,207.0,4,Running,
1,1a8d047a-5973-4524-ab99-e08bff164cda,2026-09-23T00:39:01.272+00:00,2026-09-23T00:39:01.470+00:00,21072-30059,washers,50170051,72000000,2026-09-23 00:39:01,2026-09-22 21:24:15,29,11686.0,-9946.0,,Available,website maps this code to Available
1,1a8d047a-5973-4524-ab99-e08bff164cda,2026-09-23T00:39:01.272+00:00,2026-09-23T00:39:01.470+00:00,21072-30059,washers,50170080,42000000,2026-09-23 00:39:01,2026-09-23 00:38:03,10,58.0,542.0,10,Running,
1,1a8d047a-5973-4524-ab99-e08bff164cda,2026-09-23T00:39:01.272+00:00,2026-09-23T00:39:01.470+00:00,21072-30059,washers,50170075,42000000,2026-09-23 00:39:01,2026-09-23 00:17:34,30,1287.0,513.0,9,Running,
1,1a8d047a-5973-4524-ab99-e08bff164cda,2026-09-23T00:39:01.272+00:00,2026-09-23T00:39:01.470+00:00,21072-30059,washers,50170082,42000000,2026-09-23 00:39:01,2026-09-23 00:37:32,35,89.0,2011.0,34,Running,
1,1a8d047a-5973-4524-ab99-e08bff164cda,2026-09-23T00:39:01.272+00:00,2026-09-23T00:39:01.470+00:00,21072-30059,washers,50170050,72000000,2026-09-23 00:39:01,2026-09-22 21:26:02,29,11579.0,-9839.0,,Available,website maps this code to Available
1,1a8d047a-5973-4524-ab99-e08bff164cda,2026-09-23T00:39:01.272+00:00,2026-09-23T00:39:01.470+00:00,21072-30059,washers,50170052,72000000,2026-09-23 00:39:01,2026-09-22 21:27:37,29,11484.0,-9744.0,,Available,website maps this code to Available
1,1a8d047a-5973-4524-ab99-e08bff164cda,2026-09-23T00:39:01.272+00:00,2026-09-23T00:39:01.470+00:00,21072-30059,washers,50170078,72000000,2026-09-23 00:39:01,2026-09-22 21:29:00,29,11401.0,-9661.0,,Available,website maps this code to Available
1,1a8d047a-5973-4524-ab99-e08bff164cda,2026-09-23T00:39:01.272+00:00,2026-09-23T00:39:01.470+00:00,21072-30059,washers,50170084,72000000,2026-09-23 00:39:01,2026-09-22 07:02:40,29,63381.0,-61641.0,,Available,website maps this code to Available
1,1a8d047a-5973-4524-ab99-e08bff164cda,2026-09-23T00:39:01.272+00:00,2026-09-23T00:39:01.470+00:00,21072-30059,washers,50170068,42000000,2026-09-23 00:39:01,2026-09-23 00:17:03,41,1318.0,1142.0,20,Running,
1,1a8d047a-5973-4524-ab99-e08bff164cda,2026-09-23T00:39:01.272+00:00,2026-09-23T00:39:01.470+00:00,21072-30059,washers,50170072,42000000,2026-09-23 00:39:01,2026-09-23 00:17:43,39,1278.0,1062.0,18,Running,
1,1a8d047a-5973-4524-ab99-e08bff164cda,2026-09-23T00:39:01.272+00:00,2026-09-23T00:39:01.470+00:00,21072-30059,washers,20483408,72000000,2026-09-23 00:39:01,2024-12-20 00:43:32,0,55468529.0,-55468529.0,,Available,website maps this code to Available
1,1a8d047a-5973-4524-ab99-e08bff164cda,2026-09-23T00:39:01.272+00:00,2026-09-23T00:39:01.470+00:00,21072-30059,washers,50170055,42000000,2026-09-23 00:39:01,2026-09-23 00:16:41,41,1340.0,1120.0,19,Running,
1,1a8d047a-5973-4524-ab99-e08bff164cda,2026-09-23T00:39:01.272+00:00,2026-09-23T00:39:01.470+00:00,21072-30059,dryers,50170058,72000000,2026-09-23 00:39:01,2026-09-12 03:29:03,46,940198.0,-937438.0,,Available,website maps this code to Available
1,1a8d047a-5973-4524-ab99-e08bff164cda,2026-09-23T00:39:01.272+00:00,2026-09-23T00:39:01.470+00:00,21072-30059,dryers,50170061,72000000,2026-09-23 00:39:01,2026-09-22 22:55:19,46,6222.0,-3462.0,,Available,website maps this code to Available
1,1a8d047a-5973-4524-ab99-e08bff164cda,2026-09-23T00:39:01.272+00:00,2026-09-23T00:39:01.470+00:00,21072-30059,dryers,50170081,72000000,2026-09-23 00:39:01,2026-09-22 22:55:35,46,6206.0,-3446.0,,Available,website maps this code to Available
1,1a8d047a-5973-4524-ab99-e08bff164cda,2026-09-23T00:39:01.272+00:00,2026-09-23T00:39:01.470+00:00,21072-30059,dryers,50170060,52000000,2026-09-23 00:39:01,2026-09-22 22:10:55,23,8886.0,-7506.0,,Available,website fallback: report over 1 hour old
1,1a8d047a-5973-4524-ab99-e08bff164cda,2026-09-23T00:39:01.272+00:00,2026-09-23T00:39:01.470+00:00,21072-30059,dryers,50170087,52000000,2026-09-23 00:39:01,2026-09-22 22:12:10,23,8811.0,-7431.0,,Available,website fallback: report over 1 hour old
1,1a8d047a-5973-4524-ab99-e08bff164cda,2026-09-23T00:39:01.272+00:00,2026-09-23T00:39:01.470+00:00,21072-30059,dryers,50170064,72000000,2026-09-23 00:39:01,2026-09-22 07:01:55,46,63426.0,-60666.0,,Available,website maps this code to Available
1,1a8d047a-5973-4524-ab99-e08bff164cda,2026-09-23T00:39:01.272+00:00,2026-09-23T00:39:01.470+00:00,21072-30059,dryers,50170065,72000000,2026-09-23 00:39:01,2026-09-22 22:14:28,46,8673.0,-5913.0,,Available,website maps this code to Available
1,1a8d047a-5973-4524-ab99-e08bff164cda,2026-09-23T00:39:01.272+00:00,2026-09-23T00:39:01.470+00:00,21072-30059,dryers,50170059,52000000,2026-09-23 00:39:01,2026-09-22 22:15:07,23,8634.0,-7254.0,,Available,website fallback: report over 1 hour old
1,1a8d047a-5973-4524-ab99-e08bff164cda,2026-09-23T00:39:01.272+00:00,2026-09-23T00:39:01.470+00:00,21072-30059,dryers,50170057,72000000,2026-09-23 00:39:01,2026-09-22 22:55:47,46,6194.0,-3434.0,,Available,website maps this code to Available
1,1a8d047a-5973-4524-ab99-e08bff164cda,2026-09-23T00:39:01.272+00:00,2026-09-23T00:39:01.470+00:00,21072-30059,dryers,50170062,72000000,2026-09-23 00:39:01,2026-09-22 23:06:22,46,5559.0,-2799.0,,Available,website maps this code to Available
1,1a8d047a-5973-4524-ab99-e08bff164cda,2026-09-23T00:39:01.272+00:00,2026-09-23T00:39:01.470+00:00,21072-30059,dryers,50170067,52000000,2026-09-23 00:39:01,2026-09-22 23:44:57,23,3244.0,-1864.0,,Finished,
1,1a8d047a-5973-4524-ab99-e08bff164cda,2026-09-23T00:39:01.272+00:00,2026-09-23T00:39:01.470+00:00,21072-30059,dryers,50170074,72000000,2026-09-23 00:39:01,2026-09-22 20:42:32,46,14189.0,-11429.0,,Available,website maps this code to Available
1,1a8d047a-5973-4524-ab99-e08bff164cda,2026-09-23T00:39:01.272+00:00,2026-09-23T00:39:01.470+00:00,21072-30059,dryers,50170071,72000000,2026-09-23 00:39:01,2026-09-22 21:56:40,46,9741.0,-6981.0,,Available,website maps this code to Available
1,1a8d047a-5973-4524-ab99-e08bff164cda,2026-09-23T00:39:01.272+00:00,2026-09-23T00:39:01.470+00:00,21072-30059,dryers,50170054,42000000,2026-09-23 00:39:01,2026-09-23 00:31:28,10,453.0,147.0,3,Running,
1,a0b3fac5-d497-48f5-be08-d98a72ce12cc,2026-09-23T00:40:01.415+00:00,2026-09-23T00:40:01.612+00:00,21072-30059,washers,50170051,72000000,2026-09-23 00:40:01,2026-09-22 21:24:15,29,11746.0,-10006.0,,Available,website maps this code to Available
1,a0b3fac5-d497-48f5-be08-d98a72ce12cc,2026-09-23T00:40:01.415+00:00,2026-09-23T00:40:01.612+00:00,21072-30059,washers,50170080,42000000,2026-09-23 00:40:01,2026-09-23 00:38:03,10,118.0,482.0,9,Running,
1,a0b3fac5-d497-48f5-be08-d98a72ce12cc,2026-09-23T00:40:01.415+00:00,2026-09-23T00:40:01.612+00:00,21072-30059,washers,50170075,42000000,2026-09-23 00:40:01,2026-09-23 00:17:34,30,1347.0,453.0,8,Running,
1,a0b3fac5-d497-48f5-be08-d98a72ce12cc,2026-09-23T00:40:01.415+00:00,2026-09-23T00:40:01.612+00:00,21072-30059,washers,50170082,42000000,2026-09-23 00:40:01,2026-09-23 00:37:32,35,149.0,1951.0,33,Running,
1,a0b3fac5-d497-48f5-be08-d98a72ce12cc,2026-09-23T00:40:01.415+00:00,2026-09-23T00:40:01.612+00:00,21072-30059,washers,50170050,42000000,2026-09-23 00:40:01,2026-09-23 00:39:39,35,22.0,2078.0,35,Running,
1,a0b3fac5-d497-48f5-be08-d98a72ce12cc,2026-09-23T00:40:01.415+00:00,2026-09-23T00:40:01.612+00:00,21072-30059,washers,50170052,72000000,2026-09-23 00:40:01,2026-09-22 21:27:37,29,11544.0,-9804.0,,Available,website maps this code to Available
1,a0b3fac5-d497-48f5-be08-d98a72ce12cc,2026-09-23T00:40:01.415+00:00,2026-09-23T00:40:01.612+00:00,21072-30059,washers,50170078,72000000,2026-09-23 00:40:01,2026-09-22 21:29:00,29,11461.0,-9721.0,,Available,website maps this code to Available
1,a0b3fac5-d497-48f5-be08-d98a72ce12cc,2026-09-23T00:40:01.415+00:00,2026-09-23T00:40:01.612+00:00,21072-30059,washers,50170084,72000000,2026-09-23 00:40:01,2026-09-22 07:02:40,29,63441.0,-61701.0,,Available,website maps this code to Available
1,a0b3fac5-d497-48f5-be08-d98a72ce12cc,2026-09-23T00:40:01.415+00:00,2026-09-23T00:40:01.612+00:00,21072-30059,washers,50170068,42000000,2026-09-23 00:40:01,2026-09-23 00:17:03,41,1378.0,1082.0,19,Running,
1,a0b3fac5-d497-48f5-be08-d98a72ce12cc,2026-09-23T00:40:01.415+00:00,2026-09-23T00:40:01.612+00:00,21072-30059,washers,50170072,42000000,2026-09-23 00:40:01,2026-09-23 00:17:43,39,1338.0,1002.0,17,Running,
1,a0b3fac5-d497-48f5-be08-d98a72ce12cc,2026-09-23T00:40:01.415+00:00,2026-09-23T00:40:01.612+00:00,21072-30059,washers,20483408,72000000,2026-09-23 00:40:01,2024-12-20 00:43:32,0,55468589.0,-55468589.0,,Available,website maps this code to Available
1,a0b3fac5-d497-48f5-be08-d98a72ce12cc,2026-09-23T00:40:01.415+00:00,2026-09-23T00:40:01.612+00:00,21072-30059,washers,50170055,42000000,2026-09-23 00:40:01,2026-09-23 00:16:41,41,1400.0,1060.0,18,Running,
1,a0b3fac5-d497-48f5-be08-d98a72ce12cc,2026-09-23T00:40:01.415+00:00,2026-09-23T00:40:01.612+00:00,21072-30059,dryers,50170058,72000000,2026-09-23 00:40:01,2026-09-12 03:29:03,46,940258.0,-937498.0,,Available,website maps this code to Available
1,a0b3fac5-d497-48f5-be08-d98a72ce12cc,2026-09-23T00:40:01.415+00:00,2026-09-23T00:40:01.612+00:00,21072-30059,dryers,50170061,72000000,2026-09-23 00:40:01,2026-09-22 22:55:19,46,6282.0,-3522.0,,Available,website maps this code to Available
1,a0b3fac5-d497-48f5-be08-d98a72ce12cc,2026-09-23T00:40:01.415+00:00,2026-09-23T00:40:01.612+00:00,21072-30059,dryers,50170081,72000000,2026-09-23 00:40:01,2026-09-22 22:55:35,46,6266.0,-3506.0,,Available,website maps this code to Available
1,a0b3fac5-d497-48f5-be08-d98a72ce12cc,2026-09-23T00:40:01.415+00:00,2026-09-23T00:40:01.612+00:00,21072-30059,dryers,50170060,52000000,2026-09-23 00:40:01,2026-09-22 22:10:55,23,8946.0,-7566.0,,Available,website fallback: report over 1 hour old
1,a0b3fac5-d497-48f5-be08-d98a72ce12cc,2026-09-23T00:40:01.415+00:00,2026-09-23T00:40:01.612+00:00,21072-30059,dryers,50170087,52000000,2026-09-23 00:40:01,2026-09-22 22:12:10,23,8871.0,-7491.0,,Available,website fallback: report over 1 hour old
1,a0b3fac5-d497-48f5-be08-d98a72ce12cc,2026-09-23T00:40:01.415+00:00,2026-09-23T00:40:01.612+00:00,21072-30059,dryers,50170064,72000000,2026-09-23 00:40:01,2026-09-22 07:01:55,46,63486.0,-60726.0,,Available,website maps this code to Available
1,a0b3fac5-d497-48f5-be08-d98a72ce12cc,2026-09-23T00:40:01.415+00:00,2026-09-23T00:40:01.612+00:00,21072-30059,dryers,50170065,72000000,2026-09-23 00:40:01,2026-09-22 22:14:28,46,8733.0,-5973.0,,Available,website maps this code to Available
1,a0b3fac5-d497-48f5-be08-d98a72ce12cc,2026-09-23T00:40:01.415+00:00,2026-09-23T00:40:01.612+00:00,21072-30059,dryers,50170059,52000000,2026-09-23 00:40:01,2026-09-22 22:15:07,23,8694.0,-7314.0,,Available,website fallback: report over 1 hour old
1,a0b3fac5-d497-48f5-be08-d98a72ce12cc,2026-09-23T00:40:01.415+00:00,2026-09-23T00:40:01.612+00:00,21072-30059,dryers,50170057,72000000,2026-09-23 00:40:01,2026-09-22 22:55:47,46,6254.0,-3494.0,,Available,website maps this code to Available
1,a0b3fac5-d497-48f5-be08-d98a72ce12cc,2026-09-23T00:40:01.415+00:00,2026-09-23T00:40:01.612+00:00,21072-30059,dryers,50170062,72000000,2026-09-23 00:40:01,2026-09-22 23:06:22,46,5619.0,-2859.0,,Available,website maps this code to Available
1,a0b3fac5-d497-48f5-be08-d98a72ce12cc,2026-09-23T00:40:01.415+00:00,2026-09-23T00:40:01.612+00:00,21072-30059,dryers,50170067,52000000,2026-09-23 00:40:01,2026-09-22 23:44:57,23,3304.0,-1924.0,,Finished,
1,a0b3fac5-d497-48f5-be08-d98a72ce12cc,2026-09-23T00:40:01.415+00:00,2026-09-23T00:40:01.612+00:00,21072-30059,dryers,50170074,72000000,2026-09-23 00:40:01,2026-09-22 20:42:32,46,14249.0,-11489.0,,Available,website maps this code to Available
1,a0b3fac5-d497-48f5-be08-d98a72ce12cc,2026-09-23T00:40:01.415+00:00,2026-09-23T00:40:01.612+00:00,21072-30059,dryers,50170071,72000000,2026-09-23 00:40:01,2026-09-22 21:56:40,46,9801.0,-7041.0,,Available,website maps this code to Available
1,a0b3fac5-d497-48f5-be08-d98a72ce12cc,2026-09-23T00:40:01.415+00:00,2026-09-23T00:40:01.612+00:00,21072-30059,dryers,50170054,42000000,2026-09-23 00:40:01,2026-09-23 00:31:28,10,513.0,87.0,2,Running,
1,2418662c-26ae-4642-8898-a8c05d452962,2026-09-23T00:41:01.286+00:00,2026-09-23T00:41:01.473+00:00,21072-30059,washers,50170051,72000000,2026-09-23 00:41:01,2026-09-22 21:24:15,29,11806.0,-10066.0,,Available,website maps this code to Available
1,2418662c-26ae-4642-8898-a8c05d452962,2026-09-23T00:41:01.286+00:00,2026-09-23T00:41:01.473+00:00,21072-30059,washers,50170080,42000000,2026-09-23 00:41:01,2026-09-23 00:38:03,10,178.0,422.0,8,Running,
1,2418662c-26ae-4642-8898-a8c05d452962,2026-09-23T00:41:01.286+00:00,2026-09-23T00:41:01.473+00:00,21072-30059,washers,50170075,42000000,2026-09-23 00:41:01,2026-09-23 00:17:34,30,1407.0,393.0,7,Running,
1,2418662c-26ae-4642-8898-a8c05d452962,2026-09-23T00:41:01.286+00:00,2026-09-23T00:41:01.473+00:00,21072-30059,washers,50170082,42000000,2026-09-23 00:41:01,2026-09-23 00:37:32,35,209.0,1891.0,32,Running,
1,2418662c-26ae-4642-8898-a8c05d452962,2026-09-23T00:41:01.286+00:00,2026-09-23T00:41:01.473+00:00,21072-30059,washers,50170050,42000000,2026-09-23 00:41:01,2026-09-23 00:39:39,35,82.0,2018.0,34,Running,
1,2418662c-26ae-4642-8898-a8c05d452962,2026-09-23T00:41:01.286+00:00,2026-09-23T00:41:01.473+00:00,21072-30059,washers,50170052,42000000,2026-09-23 00:41:01,2026-09-23 00:40:24,26,37.0,1523.0,26,Running,
1,2418662c-26ae-4642-8898-a8c05d452962,2026-09-23T00:41:01.286+00:00,2026-09-23T00:41:01.473+00:00,21072-30059,washers,50170078,72000000,2026-09-23 00:41:01,2026-09-22 21:29:00,29,11521.0,-9781.0,,Available,website maps this code to Available
1,2418662c-26ae-4642-8898-a8c05d452962,2026-09-23T00:41:01.286+00:00,2026-09-23T00:41:01.473+00:00,21072-30059,washers,50170084,72000000,2026-09-23 00:41:01,2026-09-22 07:02:40,29,63501.0,-61761.0,,Available,website maps this code to Available
1,2418662c-26ae-4642-8898-a8c05d452962,2026-09-23T00:41:01.286+00:00,2026-09-23T00:41:01.473+00:00,21072-30059,washers,50170068,42000000,2026-09-23 00:41:01,2026-09-23 00:17:03,41,1438.0,1022.0,18,Running,
1,2418662c-26ae-4642-8898-a8c05d452962,2026-09-23T00:41:01.286+00:00,2026-09-23T00:41:01.473+00:00,21072-30059,washers,50170072,42000000,2026-09-23 00:41:01,2026-09-23 00:17:43,39,1398.0,942.0,16,Running,
1,2418662c-26ae-4642-8898-a8c05d452962,2026-09-23T00:41:01.286+00:00,2026-09-23T00:41:01.473+00:00,21072-30059,washers,20483408,72000000,2026-09-23 00:41:01,2024-12-20 00:43:32,0,55468649.0,-55468649.0,,Available,website maps this code to Available
1,2418662c-26ae-4642-8898-a8c05d452962,2026-09-23T00:41:01.286+00:00,2026-09-23T00:41:01.473+00:00,21072-30059,washers,50170055,42000000,2026-09-23 00:41:01,2026-09-23 00:16:41,41,1460.0,1000.0,17,Running,
1,2418662c-26ae-4642-8898-a8c05d452962,2026-09-23T00:41:01.286+00:00,2026-09-23T00:41:01.473+00:00,21072-30059,dryers,50170058,72000000,2026-09-23 00:41:01,2026-09-12 03:29:03,46,940318.0,-937558.0,,Available,website maps this code to Available
1,2418662c-26ae-4642-8898-a8c05d452962,2026-09-23T00:41:01.286+00:00,2026-09-23T00:41:01.473+00:00,21072-30059,dryers,50170061,72000000,2026-09-23 00:41:01,2026-09-22 22:55:19,46,6342.0,-3582.0,,Available,website maps this code to Available
1,2418662c-26ae-4642-8898-a8c05d452962,2026-09-23T00:41:01.286+00:00,2026-09-23T00:41:01.473+00:00,21072-30059,dryers,50170081,72000000,2026-09-23 00:41:01,2026-09-22 22:55:35,46,6326.0,-3566.0,,Available,website maps this code to Available
1,2418662c-26ae-4642-8898-a8c05d452962,2026-09-23T00:41:01.286+00:00,2026-09-23T00:41:01.473+00:00,21072-30059,dryers,50170060,52000000,2026-09-23 00:41:01,2026-09-22 22:10:55,23,9006.0,-7626.0,,Available,website fallback: report over 1 hour old
1,2418662c-26ae-4642-8898-a8c05d452962,2026-09-23T00:41:01.286+00:00,2026-09-23T00:41:01.473+00:00,21072-30059,dryers,50170087,52000000,2026-09-23 00:41:01,2026-09-22 22:12:10,23,8931.0,-7551.0,,Available,website fallback: report over 1 hour old
1,2418662c-26ae-4642-8898-a8c05d452962,2026-09-23T00:41:01.286+00:00,2026-09-23T00:41:01.473+00:00,21072-30059,dryers,50170064,72000000,2026-09-23 00:41:01,2026-09-22 07:01:55,46,63546.0,-60786.0,,Available,website maps this code to Available
1,2418662c-26ae-4642-8898-a8c05d452962,2026-09-23T00:41:01.286+00:00,2026-09-23T00:41:01.473+00:00,21072-30059,dryers,50170065,72000000,2026-09-23 00:41:01,2026-09-22 22:14:28,46,8793.0,-6033.0,,Available,website maps this code to Available
1,2418662c-26ae-4642-8898-a8c05d452962,2026-09-23T00:41:01.286+00:00,2026-09-23T00:41:01.473+00:00,21072-30059,dryers,50170059,52000000,2026-09-23 00:41:01,2026-09-22 22:15:07,23,8754.0,-7374.0,,Available,website fallback: report over 1 hour old
1,2418662c-26ae-4642-8898-a8c05d452962,2026-09-23T00:41:01.286+00:00,2026-09-23T00:41:01.473+00:00,21072-30059,dryers,50170057,72000000,2026-09-23 00:41:01,2026-09-22 22:55:47,46,6314.0,-3554.0,,Available,website maps this code to Available
1,2418662c-26ae-4642-8898-a8c05d452962,2026-09-23T00:41:01.286+00:00,2026-09-23T00:41:01.473+00:00,21072-30059,dryers,50170062,72000000,2026-09-23 00:41:01,2026-09-22 23:06:22,46,5679.0,-2919.0,,Available,website maps this code to Available
1,2418662c-26ae-4642-8898-a8c05d452962,2026-09-23T00:41:01.286+00:00,2026-09-23T00:41:01.473+00:00,21072-30059,dryers,50170067,52000000,2026-09-23 00:41:01,2026-09-22 23:44:57,23,3364.0,-1984.0,,Finished,
1,2418662c-26ae-4642-8898-a8c05d452962,2026-09-23T00:41:01.286+00:00,2026-09-23T00:41:01.473+00:00,21072-30059,dryers,50170074,72000000,2026-09-23 00:41:01,2026-09-22 20:42:32,46,14309.0,-11549.0,,Available,website maps this code to Available
1,2418662c-26ae-4642-8898-a8c05d452962,2026-09-23T00:41:01.286+00:00,2026-09-23T00:41:01.473+00:00,21072-30059,dryers,50170071,72000000,2026-09-23 00:41:01,2026-09-22 21:56:40,46,9861.0,-7101.0,,Available,website maps this code to Available
1,2418662c-26ae-4642-8898-a8c05d452962,2026-09-23T00:41:01.286+00:00,2026-09-23T00:41:01.473+00:00,21072-30059,dryers,50170054,42000000,2026-09-23 00:41:01,2026-09-23 00:31:28,10,573.0,27.0,1,Running,
1,c53ed0ea-0716-40ab-894a-7c858e3cda5b,2026-09-23T00:42:01.264+00:00,2026-09-23T00:42:02.232+00:00,21072-30059,washers,50170051,72000000,2026-09-23 00:42:02,2026-09-22 21:24:15,29,11867.0,-10127.0,,Available,website maps this code to Available
1,c53ed0ea-0716-40ab-894a-7c858e3cda5b,2026-09-23T00:42:01.264+00:00,2026-09-23T00:42:02.232+00:00,21072-30059,washers,50170080,42000000,2026-09-23 00:42:02,2026-09-23 00:38:03,10,239.0,361.0,7,Running,
1,c53ed0ea-0716-40ab-894a-7c858e3cda5b,2026-09-23T00:42:01.264+00:00,2026-09-23T00:42:02.232+00:00,21072-30059,washers,50170075,42000000,2026-09-23 00:42:02,2026-09-23 00:17:34,30,1468.0,332.0,6,Running,
1,c53ed0ea-0716-40ab-894a-7c858e3cda5b,2026-09-23T00:42:01.264+00:00,2026-09-23T00:42:02.232+00:00,21072-30059,washers,50170082,42000000,2026-09-23 00:42:02,2026-09-23 00:37:32,35,270.0,1830.0,31,Running,
1,c53ed0ea-0716-40ab-894a-7c858e3cda5b,2026-09-23T00:42:01.264+00:00,2026-09-23T00:42:02.232+00:00,21072-30059,washers,50170050,42000000,2026-09-23 00:42:02,2026-09-23 00:39:39,35,143.0,1957.0,33,Running,
1,c53ed0ea-0716-40ab-894a-7c858e3cda5b,2026-09-23T00:42:01.264+00:00,2026-09-23T00:42:02.232+00:00,21072-30059,washers,50170052,42000000,2026-09-23 00:42:02,2026-09-23 00:40:24,26,98.0,1462.0,25,Running,
1,c53ed0ea-0716-40ab-894a-7c858e3cda5b,2026-09-23T00:42:01.264+00:00,2026-09-23T00:42:02.232+00:00,21072-30059,washers,50170078,72000000,2026-09-23 00:42:02,2026-09-22 21:29:00,29,11582.0,-9842.0,,Available,website maps this code to Available
1,c53ed0ea-0716-40ab-894a-7c858e3cda5b,2026-09-23T00:42:01.264+00:00,2026-09-23T00:42:02.232+00:00,21072-30059,washers,50170084,72000000,2026-09-23 00:42:02,2026-09-22 07:02:40,29,63562.0,-61822.0,,Available,website maps this code to Available
1,c53ed0ea-0716-40ab-894a-7c858e3cda5b,2026-09-23T00:42:01.264+00:00,2026-09-23T00:42:02.232+00:00,21072-30059,washers,50170068,42000000,2026-09-23 00:42:02,2026-09-23 00:17:03,41,1499.0,961.0,17,Running,
1,c53ed0ea-0716-40ab-894a-7c858e3cda5b,2026-09-23T00:42:01.264+00:00,2026-09-23T00:42:02.232+00:00,21072-30059,washers,50170072,42000000,2026-09-23 00:42:02,2026-09-23 00:17:43,39,1459.0,881.0,15,Running,
1,c53ed0ea-0716-40ab-894a-7c858e3cda5b,2026-09-23T00:42:01.264+00:00,2026-09-23T00:42:02.232+00:00,21072-30059,washers,20483408,72000000,2026-09-23 00:42:02,2024-12-20 00:43:32,0,55468710.0,-55468710.0,,Available,website maps this code to Available
1,c53ed0ea-0716-40ab-894a-7c858e3cda5b,2026-09-23T00:42:01.264+00:00,2026-09-23T00:42:02.232+00:00,21072-30059,washers,50170055,42000000,2026-09-23 00:42:02,2026-09-23 00:16:41,41,1521.0,939.0,16,Running,
1,c53ed0ea-0716-40ab-894a-7c858e3cda5b,2026-09-23T00:42:01.264+00:00,2026-09-23T00:42:02.232+00:00,21072-30059,dryers,50170058,72000000,2026-09-23 00:42:02,2026-09-12 03:29:03,46,940379.0,-937619.0,,Available,website maps this code to Available
1,c53ed0ea-0716-40ab-894a-7c858e3cda5b,2026-09-23T00:42:01.264+00:00,2026-09-23T00:42:02.232+00:00,21072-30059,dryers,50170061,72000000,2026-09-23 00:42:02,2026-09-22 22:55:19,46,6403.0,-3643.0,,Available,website maps this code to Available
1,c53ed0ea-0716-40ab-894a-7c858e3cda5b,2026-09-23T00:42:01.264+00:00,2026-09-23T00:42:02.232+00:00,21072-30059,dryers,50170081,72000000,2026-09-23 00:42:02,2026-09-22 22:55:35,46,6387.0,-3627.0,,Available,website maps this code to Available
1,c53ed0ea-0716-40ab-894a-7c858e3cda5b,2026-09-23T00:42:01.264+00:00,2026-09-23T00:42:02.232+00:00,21072-30059,dryers,50170060,52000000,2026-09-23 00:42:02,2026-09-22 22:10:55,23,9067.0,-7687.0,,Available,website fallback: report over 1 hour old
1,c53ed0ea-0716-40ab-894a-7c858e3cda5b,2026-09-23T00:42:01.264+00:00,2026-09-23T00:42:02.232+00:00,21072-30059,dryers,50170087,52000000,2026-09-23 00:42:02,2026-09-22 22:12:10,23,8992.0,-7612.0,,Available,website fallback: report over 1 hour old
1,c53ed0ea-0716-40ab-894a-7c858e3cda5b,2026-09-23T00:42:01.264+00:00,2026-09-23T00:42:02.232+00:00,21072-30059,dryers,50170064,72000000,2026-09-23 00:42:02,2026-09-22 07:01:55,46,63607.0,-60847.0,,Available,website maps this code to Available
1,c53ed0ea-0716-40ab-894a-7c858e3cda5b,2026-09-23T00:42:01.264+00:00,2026-09-23T00:42:02.232+00:00,21072-30059,dryers,50170065,72000000,2026-09-23 00:42:02,2026-09-22 22:14:28,46,8854.0,-6094.0,,Available,website maps this code to Available
1,c53ed0ea-0716-40ab-894a-7c858e3cda5b,2026-09-23T00:42:01.264+00:00,2026-09-23T00:42:02.232+00:00,21072-30059,dryers,50170059,52000000,2026-09-23 00:42:02,2026-09-22 22:15:07,23,8815.0,-7435.0,,Available,website fallback: report over 1 hour old
1,c53ed0ea-0716-40ab-894a-7c858e3cda5b,2026-09-23T00:42:01.264+00:00,2026-09-23T00:42:02.232+00:00,21072-30059,dryers,50170057,72000000,2026-09-23 00:42:02,2026-09-22 22:55:47,46,6375.0,-3615.0,,Available,website maps this code to Available
1,c53ed0ea-0716-40ab-894a-7c858e3cda5b,2026-09-23T00:42:01.264+00:00,2026-09-23T00:42:02.232+00:00,21072-30059,dryers,50170062,72000000,2026-09-23 00:42:02,2026-09-22 23:06:22,46,5740.0,-2980.0,,Available,website maps this code to Available
1,c53ed0ea-0716-40ab-894a-7c858e3cda5b,2026-09-23T00:42:01.264+00:00,2026-09-23T00:42:02.232+00:00,21072-30059,dryers,50170067,52000000,2026-09-23 00:42:02,2026-09-22 23:44:57,23,3425.0,-2045.0,,Finished,
1,c53ed0ea-0716-40ab-894a-7c858e3cda5b,2026-09-23T00:42:01.264+00:00,2026-09-23T00:42:02.232+00:00,21072-30059,dryers,50170074,72000000,2026-09-23 00:42:02,2026-09-22 20:42:32,46,14370.0,-11610.0,,Available,website maps this code to Available
1,c53ed0ea-0716-40ab-894a-7c858e3cda5b,2026-09-23T00:42:01.264+00:00,2026-09-23T00:42:02.232+00:00,21072-30059,dryers,50170071,72000000,2026-09-23 00:42:02,2026-09-22 21:56:40,46,9922.0,-7162.0,,Available,website maps this code to Available
1,c53ed0ea-0716-40ab-894a-7c858e3cda5b,2026-09-23T00:42:01.264+00:00,2026-09-23T00:42:02.232+00:00,21072-30059,dryers,50170054,52000000,2026-09-23 00:42:02,2026-09-23 00:41:38,23,24.0,1356.0,,Finished,
1,1a4fe69c-0799-4571-8980-0a51ffad3701,2026-09-23T00:43:01.272+00:00,2026-09-23T00:43:01.447+00:00,21072-30059,washers,50170051,72000000,2026-09-23 00:43:01,2026-09-22 21:24:15,29,11926.0,-10186.0,,Available,website maps this code to Available
1,1a4fe69c-0799-4571-8980-0a51ffad3701,2026-09-23T00:43:01.272+00:00,2026-09-23T00:43:01.447+00:00,21072-30059,washers,50170080,42000000,2026-09-23 00:43:01,2026-09-23 00:38:03,10,298.0,302.0,6,Running,
1,1a4fe69c-0799-4571-8980-0a51ffad3701,2026-09-23T00:43:01.272+00:00,2026-09-23T00:43:01.447+00:00,21072-30059,washers,50170075,42000000,2026-09-23 00:43:01,2026-09-23 00:42:57,10,4.0,596.0,10,Running,
1,1a4fe69c-0799-4571-8980-0a51ffad3701,2026-09-23T00:43:01.272+00:00,2026-09-23T00:43:01.447+00:00,21072-30059,washers,50170082,42000000,2026-09-23 00:43:01,2026-09-23 00:37:32,35,329.0,1771.0,30,Running,
1,1a4fe69c-0799-4571-8980-0a51ffad3701,2026-09-23T00:43:01.272+00:00,2026-09-23T00:43:01.447+00:00,21072-30059,washers,50170050,42000000,2026-09-23 00:43:01,2026-09-23 00:39:39,35,202.0,1898.0,32,Running,
1,1a4fe69c-0799-4571-8980-0a51ffad3701,2026-09-23T00:43:01.272+00:00,2026-09-23T00:43:01.447+00:00,21072-30059,washers,50170052,42000000,2026-09-23 00:43:01,2026-09-23 00:40:24,26,157.0,1403.0,24,Running,
1,1a4fe69c-0799-4571-8980-0a51ffad3701,2026-09-23T00:43:01.272+00:00,2026-09-23T00:43:01.447+00:00,21072-30059,washers,50170078,72000000,2026-09-23 00:43:01,2026-09-22 21:29:00,29,11641.0,-9901.0,,Available,website maps this code to Available
1,1a4fe69c-0799-4571-8980-0a51ffad3701,2026-09-23T00:43:01.272+00:00,2026-09-23T00:43:01.447+00:00,21072-30059,washers,50170084,72000000,2026-09-23 00:43:01,2026-09-22 07:02:40,29,63621.0,-61881.0,,Available,website maps this code to Available
1,1a4fe69c-0799-4571-8980-0a51ffad3701,2026-09-23T00:43:01.272+00:00,2026-09-23T00:43:01.447+00:00,21072-30059,washers,50170068,42000000,2026-09-23 00:43:01,2026-09-23 00:17:03,41,1558.0,902.0,16,Running,
1,1a4fe69c-0799-4571-8980-0a51ffad3701,2026-09-23T00:43:01.272+00:00,2026-09-23T00:43:01.447+00:00,21072-30059,washers,50170072,42000000,2026-09-23 00:43:01,2026-09-23 00:17:43,39,1518.0,822.0,14,Running,
1,1a4fe69c-0799-4571-8980-0a51ffad3701,2026-09-23T00:43:01.272+00:00,2026-09-23T00:43:01.447+00:00,21072-30059,washers,20483408,72000000,2026-09-23 00:43:01,2024-12-20 00:43:32,0,55468769.0,-55468769.0,,Available,website maps this code to Available
1,1a4fe69c-0799-4571-8980-0a51ffad3701,2026-09-23T00:43:01.272+00:00,2026-09-23T00:43:01.447+00:00,21072-30059,washers,50170055,42000000,2026-09-23 00:43:01,2026-09-23 00:16:41,41,1580.0,880.0,15,Running,
1,1a4fe69c-0799-4571-8980-0a51ffad3701,2026-09-23T00:43:01.272+00:00,2026-09-23T00:43:01.447+00:00,21072-30059,dryers,50170058,72000000,2026-09-23 00:43:01,2026-09-12 03:29:03,46,940438.0,-937678.0,,Available,website maps this code to Available
1,1a4fe69c-0799-4571-8980-0a51ffad3701,2026-09-23T00:43:01.272+00:00,2026-09-23T00:43:01.447+00:00,21072-30059,dryers,50170061,72000000,2026-09-23 00:43:01,2026-09-22 22:55:19,46,6462.0,-3702.0,,Available,website maps this code to Available
1,1a4fe69c-0799-4571-8980-0a51ffad3701,2026-09-23T00:43:01.272+00:00,2026-09-23T00:43:01.447+00:00,21072-30059,dryers,50170081,72000000,2026-09-23 00:43:01,2026-09-22 22:55:35,46,6446.0,-3686.0,,Available,website maps this code to Available
1,1a4fe69c-0799-4571-8980-0a51ffad3701,2026-09-23T00:43:01.272+00:00,2026-09-23T00:43:01.447+00:00,21072-30059,dryers,50170060,52000000,2026-09-23 00:43:01,2026-09-22 22:10:55,23,9126.0,-7746.0,,Available,website fallback: report over 1 hour old
1,1a4fe69c-0799-4571-8980-0a51ffad3701,2026-09-23T00:43:01.272+00:00,2026-09-23T00:43:01.447+00:00,21072-30059,dryers,50170087,52000000,2026-09-23 00:43:01,2026-09-22 22:12:10,23,9051.0,-7671.0,,Available,website fallback: report over 1 hour old
1,1a4fe69c-0799-4571-8980-0a51ffad3701,2026-09-23T00:43:01.272+00:00,2026-09-23T00:43:01.447+00:00,21072-30059,dryers,50170064,72000000,2026-09-23 00:43:01,2026-09-22 07:01:55,46,63666.0,-60906.0,,Available,website maps this code to Available
1,1a4fe69c-0799-4571-8980-0a51ffad3701,2026-09-23T00:43:01.272+00:00,2026-09-23T00:43:01.447+00:00,21072-30059,dryers,50170065,72000000,2026-09-23 00:43:01,2026-09-22 22:14:28,46,8913.0,-6153.0,,Available,website maps this code to Available
1,1a4fe69c-0799-4571-8980-0a51ffad3701,2026-09-23T00:43:01.272+00:00,2026-09-23T00:43:01.447+00:00,21072-30059,dryers,50170059,52000000,2026-09-23 00:43:01,2026-09-22 22:15:07,23,8874.0,-7494.0,,Available,website fallback: report over 1 hour old
1,1a4fe69c-0799-4571-8980-0a51ffad3701,2026-09-23T00:43:01.272+00:00,2026-09-23T00:43:01.447+00:00,21072-30059,dryers,50170057,72000000,2026-09-23 00:43:01,2026-09-22 22:55:47,46,6434.0,-3674.0,,Available,website maps this code to Available
1,1a4fe69c-0799-4571-8980-0a51ffad3701,2026-09-23T00:43:01.272+00:00,2026-09-23T00:43:01.447+00:00,21072-30059,dryers,50170062,72000000,2026-09-23 00:43:01,2026-09-22 23:06:22,46,5799.0,-3039.0,,Available,website maps this code to Available
1,1a4fe69c-0799-4571-8980-0a51ffad3701,2026-09-23T00:43:01.272+00:00,2026-09-23T00:43:01.447+00:00,21072-30059,dryers,50170067,52000000,2026-09-23 00:43:01,2026-09-22 23:44:57,23,3484.0,-2104.0,,Finished,
1,1a4fe69c-0799-4571-8980-0a51ffad3701,2026-09-23T00:43:01.272+00:00,2026-09-23T00:43:01.447+00:00,21072-30059,dryers,50170074,72000000,2026-09-23 00:43:01,2026-09-22 20:42:32,46,14429.0,-11669.0,,Available,website maps this code to Available
1,1a4fe69c-0799-4571-8980-0a51ffad3701,2026-09-23T00:43:01.272+00:00,2026-09-23T00:43:01.447+00:00,21072-30059,dryers,50170071,72000000,2026-09-23 00:43:01,2026-09-22 21:56:40,46,9981.0,-7221.0,,Available,website maps this code to Available
1,1a4fe69c-0799-4571-8980-0a51ffad3701,2026-09-23T00:43:01.272+00:00,2026-09-23T00:43:01.447+00:00,21072-30059,dryers,50170054,52000000,2026-09-23 00:43:01,2026-09-23 00:41:38,23,83.0,1297.0,,Finished,
1,670e55a2-5d0b-4d54-ad93-5fdbd7d892f4,2026-09-23T00:44:01.343+00:00,2026-09-23T00:44:01.547+00:00,21072-30059,washers,50170051,72000000,2026-09-23 00:44:01,2026-09-22 21:24:15,29,11986.0,-10246.0,,Available,website maps this code to Available
1,670e55a2-5d0b-4d54-ad93-5fdbd7d892f4,2026-09-23T00:44:01.343+00:00,2026-09-23T00:44:01.547+00:00,21072-30059,washers,50170080,42000000,2026-09-23 00:44:01,2026-09-23 00:38:03,10,358.0,242.0,5,Running,
1,670e55a2-5d0b-4d54-ad93-5fdbd7d892f4,2026-09-23T00:44:01.343+00:00,2026-09-23T00:44:01.547+00:00,21072-30059,washers,50170075,42000000,2026-09-23 00:44:01,2026-09-23 00:42:57,10,64.0,536.0,9,Running,
1,670e55a2-5d0b-4d54-ad93-5fdbd7d892f4,2026-09-23T00:44:01.343+00:00,2026-09-23T00:44:01.547+00:00,21072-30059,washers,50170082,42000000,2026-09-23 00:44:01,2026-09-23 00:37:32,35,389.0,1711.0,29,Running,
1,670e55a2-5d0b-4d54-ad93-5fdbd7d892f4,2026-09-23T00:44:01.343+00:00,2026-09-23T00:44:01.547+00:00,21072-30059,washers,50170050,42000000,2026-09-23 00:44:01,2026-09-23 00:39:39,35,262.0,1838.0,31,Running,
1,670e55a2-5d0b-4d54-ad93-5fdbd7d892f4,2026-09-23T00:44:01.343+00:00,2026-09-23T00:44:01.547+00:00,21072-30059,washers,50170052,42000000,2026-09-23 00:44:01,2026-09-23 00:40:24,26,217.0,1343.0,23,Running,
1,670e55a2-5d0b-4d54-ad93-5fdbd7d892f4,2026-09-23T00:44:01.343+00:00,2026-09-23T00:44:01.547+00:00,21072-30059,washers,50170078,72000000,2026-09-23 00:44:01,2026-09-22 21:29:00,29,11701.0,-9961.0,,Available,website maps this code to Available
1,670e55a2-5d0b-4d54-ad93-5fdbd7d892f4,2026-09-23T00:44:01.343+00:00,2026-09-23T00:44:01.547+00:00,21072-30059,washers,50170084,72000000,2026-09-23 00:44:01,2026-09-22 07:02:40,29,63681.0,-61941.0,,Available,website maps this code to Available
1,670e55a2-5d0b-4d54-ad93-5fdbd7d892f4,2026-09-23T00:44:01.343+00:00,2026-09-23T00:44:01.547+00:00,21072-30059,washers,50170068,42000000,2026-09-23 00:44:01,2026-09-23 00:17:03,41,1618.0,842.0,15,Running,
1,670e55a2-5d0b-4d54-ad93-5fdbd7d892f4,2026-09-23T00:44:01.343+00:00,2026-09-23T00:44:01.547+00:00,21072-30059,washers,50170072,42000000,2026-09-23 00:44:01,2026-09-23 00:17:43,39,1578.0,762.0,13,Running,
1,670e55a2-5d0b-4d54-ad93-5fdbd7d892f4,2026-09-23T00:44:01.343+00:00,2026-09-23T00:44:01.547+00:00,21072-30059,washers,20483408,72000000,2026-09-23 00:44:01,2024-12-20 00:43:32,0,55468829.0,-55468829.0,,Available,website maps this code to Available
1,670e55a2-5d0b-4d54-ad93-5fdbd7d892f4,2026-09-23T00:44:01.343+00:00,2026-09-23T00:44:01.547+00:00,21072-30059,washers,50170055,42000000,2026-09-23 00:44:01,2026-09-23 00:16:41,41,1640.0,820.0,14,Running,
1,670e55a2-5d0b-4d54-ad93-5fdbd7d892f4,2026-09-23T00:44:01.343+00:00,2026-09-23T00:44:01.547+00:00,21072-30059,dryers,50170058,72000000,2026-09-23 00:44:01,2026-09-12 03:29:03,46,940498.0,-937738.0,,Available,website maps this code to Available
1,670e55a2-5d0b-4d54-ad93-5fdbd7d892f4,2026-09-23T00:44:01.343+00:00,2026-09-23T00:44:01.547+00:00,21072-30059,dryers,50170061,72000000,2026-09-23 00:44:01,2026-09-22 22:55:19,46,6522.0,-3762.0,,Available,website maps this code to Available
1,670e55a2-5d0b-4d54-ad93-5fdbd7d892f4,2026-09-23T00:44:01.343+00:00,2026-09-23T00:44:01.547+00:00,21072-30059,dryers,50170081,72000000,2026-09-23 00:44:01,2026-09-22 22:55:35,46,6506.0,-3746.0,,Available,website maps this code to Available
1,670e55a2-5d0b-4d54-ad93-5fdbd7d892f4,2026-09-23T00:44:01.343+00:00,2026-09-23T00:44:01.547+00:00,21072-30059,dryers,50170060,52000000,2026-09-23 00:44:01,2026-09-22 22:10:55,23,9186.0,-7806.0,,Available,website fallback: report over 1 hour old
1,670e55a2-5d0b-4d54-ad93-5fdbd7d892f4,2026-09-23T00:44:01.343+00:00,2026-09-23T00:44:01.547+00:00,21072-30059,dryers,50170087,52000000,2026-09-23 00:44:01,2026-09-22 22:12:10,23,9111.0,-7731.0,,Available,website fallback: report over 1 hour old
1,670e55a2-5d0b-4d54-ad93-5fdbd7d892f4,2026-09-23T00:44:01.343+00:00,2026-09-23T00:44:01.547+00:00,21072-30059,dryers,50170064,72000000,2026-09-23 00:44:01,2026-09-22 07:01:55,46,63726.0,-60966.0,,Available,website maps this code to Available
1,670e55a2-5d0b-4d54-ad93-5fdbd7d892f4,2026-09-23T00:44:01.343+00:00,2026-09-23T00:44:01.547+00:00,21072-30059,dryers,50170065,72000000,2026-09-23 00:44:01,2026-09-22 22:14:28,46,8973.0,-6213.0,,Available,website maps this code to Available
1,670e55a2-5d0b-4d54-ad93-5fdbd7d892f4,2026-09-23T00:44:01.343+00:00,2026-09-23T00:44:01.547+00:00,21072-30059,dryers,50170059,52000000,2026-09-23 00:44:01,2026-09-22 22:15:07,23,8934.0,-7554.0,,Available,website fallback: report over 1 hour old
1,670e55a2-5d0b-4d54-ad93-5fdbd7d892f4,2026-09-23T00:44:01.343+00:00,2026-09-23T00:44:01.547+00:00,21072-30059,dryers,50170057,72000000,2026-09-23 00:44:01,2026-09-22 22:55:47,46,6494.0,-3734.0,,Available,website maps this code to Available
1,670e55a2-5d0b-4d54-ad93-5fdbd7d892f4,2026-09-23T00:44:01.343+00:00,2026-09-23T00:44:01.547+00:00,21072-30059,dryers,50170062,72000000,2026-09-23 00:44:01,2026-09-22 23:06:22,46,5859.0,-3099.0,,Available,website maps this code to Available
1,670e55a2-5d0b-4d54-ad93-5fdbd7d892f4,2026-09-23T00:44:01.343+00:00,2026-09-23T00:44:01.547+00:00,21072-30059,dryers,50170067,52000000,2026-09-23 00:44:01,2026-09-22 23:44:57,23,3544.0,-2164.0,,Finished,
1,670e55a2-5d0b-4d54-ad93-5fdbd7d892f4,2026-09-23T00:44:01.343+00:00,2026-09-23T00:44:01.547+00:00,21072-30059,dryers,50170074,72000000,2026-09-23 00:44:01,2026-09-22 20:42:32,46,14489.0,-11729.0,,Available,website maps this code to Available
1,670e55a2-5d0b-4d54-ad93-5fdbd7d892f4,2026-09-23T00:44:01.343+00:00,2026-09-23T00:44:01.547+00:00,21072-30059,dryers,50170071,72000000,2026-09-23 00:44:01,2026-09-22 21:56:40,46,10041.0,-7281.0,,Available,website maps this code to Available
1,670e55a2-5d0b-4d54-ad93-5fdbd7d892f4,2026-09-23T00:44:01.343+00:00,2026-09-23T00:44:01.547+00:00,21072-30059,dryers,50170054,52000000,2026-09-23 00:44:01,2026-09-23 00:41:38,23,143.0,1237.0,,Finished,
1,2e5dd9f5-c460-4707-898a-64e698f36179,2026-09-23T00:45:01.346+00:00,2026-09-23T00:45:01.573+00:00,21072-30059,washers,50170051,72000000,2026-09-23 00:45:01,2026-09-22 21:24:15,29,12046.0,-10306.0,,Available,website maps this code to Available
1,2e5dd9f5-c460-4707-898a-64e698f36179,2026-09-23T00:45:01.346+00:00,2026-09-23T00:45:01.573+00:00,21072-30059,washers,50170080,42000000,2026-09-23 00:45:01,2026-09-23 00:38:03,10,418.0,182.0,4,Running,
1,2e5dd9f5-c460-4707-898a-64e698f36179,2026-09-23T00:45:01.346+00:00,2026-09-23T00:45:01.573+00:00,21072-30059,washers,50170075,42000000,2026-09-23 00:45:01,2026-09-23 00:42:57,10,124.0,476.0,8,Running,
1,2e5dd9f5-c460-4707-898a-64e698f36179,2026-09-23T00:45:01.346+00:00,2026-09-23T00:45:01.573+00:00,21072-30059,washers,50170082,42000000,2026-09-23 00:45:01,2026-09-23 00:37:32,35,449.0,1651.0,28,Running,
1,2e5dd9f5-c460-4707-898a-64e698f36179,2026-09-23T00:45:01.346+00:00,2026-09-23T00:45:01.573+00:00,21072-30059,washers,50170050,42000000,2026-09-23 00:45:01,2026-09-23 00:39:39,35,322.0,1778.0,30,Running,
1,2e5dd9f5-c460-4707-898a-64e698f36179,2026-09-23T00:45:01.346+00:00,2026-09-23T00:45:01.573+00:00,21072-30059,washers,50170052,42000000,2026-09-23 00:45:01,2026-09-23 00:40:24,26,277.0,1283.0,22,Running,
1,2e5dd9f5-c460-4707-898a-64e698f36179,2026-09-23T00:45:01.346+00:00,2026-09-23T00:45:01.573+00:00,21072-30059,washers,50170078,72000000,2026-09-23 00:45:01,2026-09-22 21:29:00,29,11761.0,-10021.0,,Available,website maps this code to Available
1,2e5dd9f5-c460-4707-898a-64e698f36179,2026-09-23T00:45:01.346+00:00,2026-09-23T00:45:01.573+00:00,21072-30059,washers,50170084,72000000,2026-09-23 00:45:01,2026-09-22 07:02:40,29,63741.0,-62001.0,,Available,website maps this code to Available
1,2e5dd9f5-c460-4707-898a-64e698f36179,2026-09-23T00:45:01.346+00:00,2026-09-23T00:45:01.573+00:00,21072-30059,washers,50170068,42000000,2026-09-23 00:45:01,2026-09-23 00:17:03,41,1678.0,782.0,14,Running,
1,2e5dd9f5-c460-4707-898a-64e698f36179,2026-09-23T00:45:01.346+00:00,2026-09-23T00:45:01.573+00:00,21072-30059,washers,50170072,42000000,2026-09-23 00:45:01,2026-09-23 00:17:43,39,1638.0,702.0,12,Running,
1,2e5dd9f5-c460-4707-898a-64e698f36179,2026-09-23T00:45:01.346+00:00,2026-09-23T00:45:01.573+00:00,21072-30059,washers,20483408,72000000,2026-09-23 00:45:01,2024-12-20 00:43:32,0,55468889.0,-55468889.0,,Available,website maps this code to Available
1,2e5dd9f5-c460-4707-898a-64e698f36179,2026-09-23T00:45:01.346+00:00,2026-09-23T00:45:01.573+00:00,21072-30059,washers,50170055,42000000,2026-09-23 00:45:01,2026-09-23 00:16:41,41,1700.0,760.0,13,Running,
1,2e5dd9f5-c460-4707-898a-64e698f36179,2026-09-23T00:45:01.346+00:00,2026-09-23T00:45:01.573+00:00,21072-30059,dryers,50170058,72000000,2026-09-23 00:45:01,2026-09-12 03:29:03,46,940558.0,-937798.0,,Available,website maps this code to Available
1,2e5dd9f5-c460-4707-898a-64e698f36179,2026-09-23T00:45:01.346+00:00,2026-09-23T00:45:01.573+00:00,21072-30059,dryers,50170061,72000000,2026-09-23 00:45:01,2026-09-22 22:55:19,46,6582.0,-3822.0,,Available,website maps this code to Available
1,2e5dd9f5-c460-4707-898a-64e698f36179,2026-09-23T00:45:01.346+00:00,2026-09-23T00:45:01.573+00:00,21072-30059,dryers,50170081,72000000,2026-09-23 00:45:01,2026-09-22 22:55:35,46,6566.0,-3806.0,,Available,website maps this code to Available
1,2e5dd9f5-c460-4707-898a-64e698f36179,2026-09-23T00:45:01.346+00:00,2026-09-23T00:45:01.573+00:00,21072-30059,dryers,50170060,52000000,2026-09-23 00:45:01,2026-09-22 22:10:55,23,9246.0,-7866.0,,Available,website fallback: report over 1 hour old
1,2e5dd9f5-c460-4707-898a-64e698f36179,2026-09-23T00:45:01.346+00:00,2026-09-23T00:45:01.573+00:00,21072-30059,dryers,50170087,52000000,2026-09-23 00:45:01,2026-09-22 22:12:10,23,9171.0,-7791.0,,Available,website fallback: report over 1 hour old
1,2e5dd9f5-c460-4707-898a-64e698f36179,2026-09-23T00:45:01.346+00:00,2026-09-23T00:45:01.573+00:00,21072-30059,dryers,50170064,72000000,2026-09-23 00:45:01,2026-09-22 07:01:55,46,63786.0,-61026.0,,Available,website maps this code to Available
1,2e5dd9f5-c460-4707-898a-64e698f36179,2026-09-23T00:45:01.346+00:00,2026-09-23T00:45:01.573+00:00,21072-30059,dryers,50170065,72000000,2026-09-23 00:45:01,2026-09-22 22:14:28,46,9033.0,-6273.0,,Available,website maps this code to Available
1,2e5dd9f5-c460-4707-898a-64e698f36179,2026-09-23T00:45:01.346+00:00,2026-09-23T00:45:01.573+00:00,21072-30059,dryers,50170059,52000000,2026-09-23 00:45:01,2026-09-22 22:15:07,23,8994.0,-7614.0,,Available,website fallback: report over 1 hour old
1,2e5dd9f5-c460-4707-898a-64e698f36179,2026-09-23T00:45:01.346+00:00,2026-09-23T00:45:01.573+00:00,21072-30059,dryers,50170057,72000000,2026-09-23 00:45:01,2026-09-22 22:55:47,46,6554.0,-3794.0,,Available,website maps this code to Available
1,2e5dd9f5-c460-4707-898a-64e698f36179,2026-09-23T00:45:01.346+00:00,2026-09-23T00:45:01.573+00:00,21072-30059,dryers,50170062,72000000,2026-09-23 00:45:01,2026-09-22 23:06:22,46,5919.0,-3159.0,,Available,website maps this code to Available
1,2e5dd9f5-c460-4707-898a-64e698f36179,2026-09-23T00:45:01.346+00:00,2026-09-23T00:45:01.573+00:00,21072-30059,dryers,50170067,52000000,2026-09-23 00:45:01,2026-09-22 23:44:57,23,3604.0,-2224.0,,Available,website fallback: report over 1 hour old
1,2e5dd9f5-c460-4707-898a-64e698f36179,2026-09-23T00:45:01.346+00:00,2026-09-23T00:45:01.573+00:00,21072-30059,dryers,50170074,72000000,2026-09-23 00:45:01,2026-09-22 20:42:32,46,14549.0,-11789.0,,Available,website maps this code to Available
1,2e5dd9f5-c460-4707-898a-64e698f36179,2026-09-23T00:45:01.346+00:00,2026-09-23T00:45:01.573+00:00,21072-30059,dryers,50170071,72000000,2026-09-23 00:45:01,2026-09-22 21:56:40,46,10101.0,-7341.0,,Available,website maps this code to Available
1,2e5dd9f5-c460-4707-898a-64e698f36179,2026-09-23T00:45:01.346+00:00,2026-09-23T00:45:01.573+00:00,21072-30059,dryers,50170054,52000000,2026-09-23 00:45:01,2026-09-23 00:41:38,23,203.0,1177.0,,Finished,
1,59039256-6e15-492b-8972-2baf0d7446c9,2026-09-23T00:46:01.354+00:00,2026-09-23T00:46:01.530+00:00,21072-30059,washers,50170051,72000000,2026-09-23 00:46:01,2026-09-22 21:24:15,29,12106.0,-10366.0,,Available,website maps this code to Available
1,59039256-6e15-492b-8972-2baf0d7446c9,2026-09-23T00:46:01.354+00:00,2026-09-23T00:46:01.530+00:00,21072-30059,washers,50170080,42000000,2026-09-23 00:46:01,2026-09-23 00:38:03,10,478.0,122.0,3,Running,
1,59039256-6e15-492b-8972-2baf0d7446c9,2026-09-23T00:46:01.354+00:00,2026-09-23T00:46:01.530+00:00,21072-30059,washers,50170075,42000000,2026-09-23 00:46:01,2026-09-23 00:42:57,10,184.0,416.0,7,Running,
1,59039256-6e15-492b-8972-2baf0d7446c9,2026-09-23T00:46:01.354+00:00,2026-09-23T00:46:01.530+00:00,21072-30059,washers,50170082,42000000,2026-09-23 00:46:01,2026-09-23 00:37:32,35,509.0,1591.0,27,Running,
1,59039256-6e15-492b-8972-2baf0d7446c9,2026-09-23T00:46:01.354+00:00,2026-09-23T00:46:01.530+00:00,21072-30059,washers,50170050,42000000,2026-09-23 00:46:01,2026-09-23 00:39:39,35,382.0,1718.0,29,Running,
1,59039256-6e15-492b-8972-2baf0d7446c9,2026-09-23T00:46:01.354+00:00,2026-09-23T00:46:01.530+00:00,21072-30059,washers,50170052,42000000,2026-09-23 00:46:01,2026-09-23 00:40:24,26,337.0,1223.0,21,Running,
1,59039256-6e15-492b-8972-2baf0d7446c9,2026-09-23T00:46:01.354+00:00,2026-09-23T00:46:01.530+00:00,21072-30059,washers,50170078,72000000,2026-09-23 00:46:01,2026-09-22 21:29:00,29,11821.0,-10081.0,,Available,website maps this code to Available
1,59039256-6e15-492b-8972-2baf0d7446c9,2026-09-23T00:46:01.354+00:00,2026-09-23T00:46:01.530+00:00,21072-30059,washers,50170084,72000000,2026-09-23 00:46:01,2026-09-22 07:02:40,29,63801.0,-62061.0,,Available,website maps this code to Available
1,59039256-6e15-492b-8972-2baf0d7446c9,2026-09-23T00:46:01.354+00:00,2026-09-23T00:46:01.530+00:00,21072-30059,washers,50170068,42000000,2026-09-23 00:46:01,2026-09-23 00:17:03,41,1738.0,722.0,13,Running,
1,59039256-6e15-492b-8972-2baf0d7446c9,2026-09-23T00:46:01.354+00:00,2026-09-23T00:46:01.530+00:00,21072-30059,washers,50170072,42000000,2026-09-23 00:46:01,2026-09-23 00:17:43,39,1698.0,642.0,11,Running,
1,59039256-6e15-492b-8972-2baf0d7446c9,2026-09-23T00:46:01.354+00:00,2026-09-23T00:46:01.530+00:00,21072-30059,washers,20483408,72000000,2026-09-23 00:46:01,2024-12-20 00:43:32,0,55468949.0,-55468949.0,,Available,website maps this code to Available
1,59039256-6e15-492b-8972-2baf0d7446c9,2026-09-23T00:46:01.354+00:00,2026-09-23T00:46:01.530+00:00,21072-30059,washers,50170055,42000000,2026-09-23 00:46:01,2026-09-23 00:16:41,41,1760.0,700.0,12,Running,
1,59039256-6e15-492b-8972-2baf0d7446c9,2026-09-23T00:46:01.354+00:00,2026-09-23T00:46:01.530+00:00,21072-30059,dryers,50170058,72000000,2026-09-23 00:46:01,2026-09-12 03:29:03,46,940618.0,-937858.0,,Available,website maps this code to Available
1,59039256-6e15-492b-8972-2baf0d7446c9,2026-09-23T00:46:01.354+00:00,2026-09-23T00:46:01.530+00:00,21072-30059,dryers,50170061,72000000,2026-09-23 00:46:01,2026-09-22 22:55:19,46,6642.0,-3882.0,,Available,website maps this code to Available
1,59039256-6e15-492b-8972-2baf0d7446c9,2026-09-23T00:46:01.354+00:00,2026-09-23T00:46:01.530+00:00,21072-30059,dryers,50170081,72000000,2026-09-23 00:46:01,2026-09-22 22:55:35,46,6626.0,-3866.0,,Available,website maps this code to Available
1,59039256-6e15-492b-8972-2baf0d7446c9,2026-09-23T00:46:01.354+00:00,2026-09-23T00:46:01.530+00:00,21072-30059,dryers,50170060,52000000,2026-09-23 00:46:01,2026-09-22 22:10:55,23,9306.0,-7926.0,,Available,website fallback: report over 1 hour old
1,59039256-6e15-492b-8972-2baf0d7446c9,2026-09-23T00:46:01.354+00:00,2026-09-23T00:46:01.530+00:00,21072-30059,dryers,50170087,52000000,2026-09-23 00:46:01,2026-09-22 22:12:10,23,9231.0,-7851.0,,Available,website fallback: report over 1 hour old
1,59039256-6e15-492b-8972-2baf0d7446c9,2026-09-23T00:46:01.354+00:00,2026-09-23T00:46:01.530+00:00,21072-30059,dryers,50170064,72000000,2026-09-23 00:46:01,2026-09-22 07:01:55,46,63846.0,-61086.0,,Available,website maps this code to Available
1,59039256-6e15-492b-8972-2baf0d7446c9,2026-09-23T00:46:01.354+00:00,2026-09-23T00:46:01.530+00:00,21072-30059,dryers,50170065,72000000,2026-09-23 00:46:01,2026-09-22 22:14:28,46,9093.0,-6333.0,,Available,website maps this code to Available
1,59039256-6e15-492b-8972-2baf0d7446c9,2026-09-23T00:46:01.354+00:00,2026-09-23T00:46:01.530+00:00,21072-30059,dryers,50170059,52000000,2026-09-23 00:46:01,2026-09-22 22:15:07,23,9054.0,-7674.0,,Available,website fallback: report over 1 hour old
1,59039256-6e15-492b-8972-2baf0d7446c9,2026-09-23T00:46:01.354+00:00,2026-09-23T00:46:01.530+00:00,21072-30059,dryers,50170057,72000000,2026-09-23 00:46:01,2026-09-22 22:55:47,46,6614.0,-3854.0,,Available,website maps this code to Available
1,59039256-6e15-492b-8972-2baf0d7446c9,2026-09-23T00:46:01.354+00:00,2026-09-23T00:46:01.530+00:00,21072-30059,dryers,50170062,72000000,2026-09-23 00:46:01,2026-09-22 23:06:22,46,5979.0,-3219.0,,Available,website maps this code to Available
1,59039256-6e15-492b-8972-2baf0d7446c9,2026-09-23T00:46:01.354+00:00,2026-09-23T00:46:01.530+00:00,21072-30059,dryers,50170067,52000000,2026-09-23 00:46:01,2026-09-22 23:44:57,23,3664.0,-2284.0,,Available,website fallback: report over 1 hour old
1,59039256-6e15-492b-8972-2baf0d7446c9,2026-09-23T00:46:01.354+00:00,2026-09-23T00:46:01.530+00:00,21072-30059,dryers,50170074,72000000,2026-09-23 00:46:01,2026-09-22 20:42:32,46,14609.0,-11849.0,,Available,website maps this code to Available
1,59039256-6e15-492b-8972-2baf0d7446c9,2026-09-23T00:46:01.354+00:00,2026-09-23T00:46:01.530+00:00,21072-30059,dryers,50170071,72000000,2026-09-23 00:46:01,2026-09-22 21:56:40,46,10161.0,-7401.0,,Available,website maps this code to Available
1,59039256-6e15-492b-8972-2baf0d7446c9,2026-09-23T00:46:01.354+00:00,2026-09-23T00:46:01.530+00:00,21072-30059,dryers,50170054,52000000,2026-09-23 00:46:01,2026-09-23 00:41:38,23,263.0,1117.0,,Finished,
1,b1947211-55f3-45df-8dc7-189e8126680a,2026-09-23T00:47:01.389+00:00,2026-09-23T00:47:01.589+00:00,21072-30059,washers,50170051,72000000,2026-09-23 00:47:01,2026-09-22 21:24:15,29,12166.0,-10426.0,,Available,website maps this code to Available
1,b1947211-55f3-45df-8dc7-189e8126680a,2026-09-23T00:47:01.389+00:00,2026-09-23T00:47:01.589+00:00,21072-30059,washers,50170080,42000000,2026-09-23 00:47:01,2026-09-23 00:38:03,10,538.0,62.0,2,Running,
1,b1947211-55f3-45df-8dc7-189e8126680a,2026-09-23T00:47:01.389+00:00,2026-09-23T00:47:01.589+00:00,21072-30059,washers,50170075,42000000,2026-09-23 00:47:01,2026-09-23 00:42:57,10,244.0,356.0,6,Running,
1,b1947211-55f3-45df-8dc7-189e8126680a,2026-09-23T00:47:01.389+00:00,2026-09-23T00:47:01.589+00:00,21072-30059,washers,50170082,42000000,2026-09-23 00:47:01,2026-09-23 00:37:32,35,569.0,1531.0,26,Running,
1,b1947211-55f3-45df-8dc7-189e8126680a,2026-09-23T00:47:01.389+00:00,2026-09-23T00:47:01.589+00:00,21072-30059,washers,50170050,42000000,2026-09-23 00:47:01,2026-09-23 00:39:39,35,442.0,1658.0,28,Running,
1,b1947211-55f3-45df-8dc7-189e8126680a,2026-09-23T00:47:01.389+00:00,2026-09-23T00:47:01.589+00:00,21072-30059,washers,50170052,42000000,2026-09-23 00:47:01,2026-09-23 00:40:24,26,397.0,1163.0,20,Running,
1,b1947211-55f3-45df-8dc7-189e8126680a,2026-09-23T00:47:01.389+00:00,2026-09-23T00:47:01.589+00:00,21072-30059,washers,50170078,72000000,2026-09-23 00:47:01,2026-09-22 21:29:00,29,11881.0,-10141.0,,Available,website maps this code to Available
1,b1947211-55f3-45df-8dc7-189e8126680a,2026-09-23T00:47:01.389+00:00,2026-09-23T00:47:01.589+00:00,21072-30059,washers,50170084,72000000,2026-09-23 00:47:01,2026-09-22 07:02:40,29,63861.0,-62121.0,,Available,website maps this code to Available
1,b1947211-55f3-45df-8dc7-189e8126680a,2026-09-23T00:47:01.389+00:00,2026-09-23T00:47:01.589+00:00,21072-30059,washers,50170068,42000000,2026-09-23 00:47:01,2026-09-23 00:17:03,41,1798.0,662.0,12,Running,
1,b1947211-55f3-45df-8dc7-189e8126680a,2026-09-23T00:47:01.389+00:00,2026-09-23T00:47:01.589+00:00,21072-30059,washers,50170072,42000000,2026-09-23 00:47:01,2026-09-23 00:17:43,39,1758.0,582.0,10,Running,
1,b1947211-55f3-45df-8dc7-189e8126680a,2026-09-23T00:47:01.389+00:00,2026-09-23T00:47:01.589+00:00,21072-30059,washers,20483408,72000000,2026-09-23 00:47:01,2024-12-20 00:43:32,0,55469009.0,-55469009.0,,Available,website maps this code to Available
1,b1947211-55f3-45df-8dc7-189e8126680a,2026-09-23T00:47:01.389+00:00,2026-09-23T00:47:01.589+00:00,21072-30059,washers,50170055,42000000,2026-09-23 00:47:01,2026-09-23 00:16:41,41,1820.0,640.0,11,Running,
1,b1947211-55f3-45df-8dc7-189e8126680a,2026-09-23T00:47:01.389+00:00,2026-09-23T00:47:01.589+00:00,21072-30059,dryers,50170058,72000000,2026-09-23 00:47:01,2026-09-12 03:29:03,46,940678.0,-937918.0,,Available,website maps this code to Available
1,b1947211-55f3-45df-8dc7-189e8126680a,2026-09-23T00:47:01.389+00:00,2026-09-23T00:47:01.589+00:00,21072-30059,dryers,50170061,72000000,2026-09-23 00:47:01,2026-09-22 22:55:19,46,6702.0,-3942.0,,Available,website maps this code to Available
1,b1947211-55f3-45df-8dc7-189e8126680a,2026-09-23T00:47:01.389+00:00,2026-09-23T00:47:01.589+00:00,21072-30059,dryers,50170081,72000000,2026-09-23 00:47:01,2026-09-22 22:55:35,46,6686.0,-3926.0,,Available,website maps this code to Available
1,b1947211-55f3-45df-8dc7-189e8126680a,2026-09-23T00:47:01.389+00:00,2026-09-23T00:47:01.589+00:00,21072-30059,dryers,50170060,52000000,2026-09-23 00:47:01,2026-09-22 22:10:55,23,9366.0,-7986.0,,Available,website fallback: report over 1 hour old
1,b1947211-55f3-45df-8dc7-189e8126680a,2026-09-23T00:47:01.389+00:00,2026-09-23T00:47:01.589+00:00,21072-30059,dryers,50170087,52000000,2026-09-23 00:47:01,2026-09-22 22:12:10,23,9291.0,-7911.0,,Available,website fallback: report over 1 hour old
1,b1947211-55f3-45df-8dc7-189e8126680a,2026-09-23T00:47:01.389+00:00,2026-09-23T00:47:01.589+00:00,21072-30059,dryers,50170064,72000000,2026-09-23 00:47:01,2026-09-22 07:01:55,46,63906.0,-61146.0,,Available,website maps this code to Available
1,b1947211-55f3-45df-8dc7-189e8126680a,2026-09-23T00:47:01.389+00:00,2026-09-23T00:47:01.589+00:00,21072-30059,dryers,50170065,72000000,2026-09-23 00:47:01,2026-09-22 22:14:28,46,9153.0,-6393.0,,Available,website maps this code to Available
1,b1947211-55f3-45df-8dc7-189e8126680a,2026-09-23T00:47:01.389+00:00,2026-09-23T00:47:01.589+00:00,21072-30059,dryers,50170059,52000000,2026-09-23 00:47:01,2026-09-22 22:15:07,23,9114.0,-7734.0,,Available,website fallback: report over 1 hour old
1,b1947211-55f3-45df-8dc7-189e8126680a,2026-09-23T00:47:01.389+00:00,2026-09-23T00:47:01.589+00:00,21072-30059,dryers,50170057,72000000,2026-09-23 00:47:01,2026-09-22 22:55:47,46,6674.0,-3914.0,,Available,website maps this code to Available
1,b1947211-55f3-45df-8dc7-189e8126680a,2026-09-23T00:47:01.389+00:00,2026-09-23T00:47:01.589+00:00,21072-30059,dryers,50170062,72000000,2026-09-23 00:47:01,2026-09-22 23:06:22,46,6039.0,-3279.0,,Available,website maps this code to Available
1,b1947211-55f3-45df-8dc7-189e8126680a,2026-09-23T00:47:01.389+00:00,2026-09-23T00:47:01.589+00:00,21072-30059,dryers,50170067,52000000,2026-09-23 00:47:01,2026-09-22 23:44:57,23,3724.0,-2344.0,,Available,website fallback: report over 1 hour old
1,b1947211-55f3-45df-8dc7-189e8126680a,2026-09-23T00:47:01.389+00:00,2026-09-23T00:47:01.589+00:00,21072-30059,dryers,50170074,72000000,2026-09-23 00:47:01,2026-09-22 20:42:32,46,14669.0,-11909.0,,Available,website maps this code to Available
1,b1947211-55f3-45df-8dc7-189e8126680a,2026-09-23T00:47:01.389+00:00,2026-09-23T00:47:01.589+00:00,21072-30059,dryers,50170071,72000000,2026-09-23 00:47:01,2026-09-22 21:56:40,46,10221.0,-7461.0,,Available,website maps this code to Available
1,b1947211-55f3-45df-8dc7-189e8126680a,2026-09-23T00:47:01.389+00:00,2026-09-23T00:47:01.589+00:00,21072-30059,dryers,50170054,52000000,2026-09-23 00:47:01,2026-09-23 00:41:38,23,323.0,1057.0,,Finished,
1,73adee5b-a97c-4bc0-b8a9-7dc923424c22,2026-09-23T00:48:01.302+00:00,2026-09-23T00:48:01.533+00:00,21072-30059,washers,50170051,72000000,2026-09-23 00:48:01,2026-09-22 21:24:15,29,12226.0,-10486.0,,Available,website maps this code to Available
1,73adee5b-a97c-4bc0-b8a9-7dc923424c22,2026-09-23T00:48:01.302+00:00,2026-09-23T00:48:01.533+00:00,21072-30059,washers,50170080,A2000000,2026-09-23 00:48:01,2026-09-23 00:47:13,1,48.0,12.0,,Door Unlock Mode,
1,73adee5b-a97c-4bc0-b8a9-7dc923424c22,2026-09-23T00:48:01.302+00:00,2026-09-23T00:48:01.533+00:00,21072-30059,washers,50170075,42000000,2026-09-23 00:48:01,2026-09-23 00:42:57,10,304.0,296.0,5,Running,
1,73adee5b-a97c-4bc0-b8a9-7dc923424c22,2026-09-23T00:48:01.302+00:00,2026-09-23T00:48:01.533+00:00,21072-30059,washers,50170082,42000000,2026-09-23 00:48:01,2026-09-23 00:37:32,35,629.0,1471.0,25,Running,
1,73adee5b-a97c-4bc0-b8a9-7dc923424c22,2026-09-23T00:48:01.302+00:00,2026-09-23T00:48:01.533+00:00,21072-30059,washers,50170050,42000000,2026-09-23 00:48:01,2026-09-23 00:39:39,35,502.0,1598.0,27,Running,
1,73adee5b-a97c-4bc0-b8a9-7dc923424c22,2026-09-23T00:48:01.302+00:00,2026-09-23T00:48:01.533+00:00,21072-30059,washers,50170052,42000000,2026-09-23 00:48:01,2026-09-23 00:40:24,26,457.0,1103.0,19,Running,
1,73adee5b-a97c-4bc0-b8a9-7dc923424c22,2026-09-23T00:48:01.302+00:00,2026-09-23T00:48:01.533+00:00,21072-30059,washers,50170078,72000000,2026-09-23 00:48:01,2026-09-22 21:29:00,29,11941.0,-10201.0,,Available,website maps this code to Available
1,73adee5b-a97c-4bc0-b8a9-7dc923424c22,2026-09-23T00:48:01.302+00:00,2026-09-23T00:48:01.533+00:00,21072-30059,washers,50170084,72000000,2026-09-23 00:48:01,2026-09-22 07:02:40,29,63921.0,-62181.0,,Available,website maps this code to Available
1,73adee5b-a97c-4bc0-b8a9-7dc923424c22,2026-09-23T00:48:01.302+00:00,2026-09-23T00:48:01.533+00:00,21072-30059,washers,50170068,42000000,2026-09-23 00:48:01,2026-09-23 00:17:03,41,1858.0,602.0,11,Running,
1,73adee5b-a97c-4bc0-b8a9-7dc923424c22,2026-09-23T00:48:01.302+00:00,2026-09-23T00:48:01.533+00:00,21072-30059,washers,50170072,42000000,2026-09-23 00:48:01,2026-09-23 00:17:43,39,1818.0,522.0,9,Running,
1,73adee5b-a97c-4bc0-b8a9-7dc923424c22,2026-09-23T00:48:01.302+00:00,2026-09-23T00:48:01.533+00:00,21072-30059,washers,20483408,72000000,2026-09-23 00:48:01,2024-12-20 00:43:32,0,55469069.0,-55469069.0,,Available,website maps this code to Available
1,73adee5b-a97c-4bc0-b8a9-7dc923424c22,2026-09-23T00:48:01.302+00:00,2026-09-23T00:48:01.533+00:00,21072-30059,washers,50170055,42000000,2026-09-23 00:48:01,2026-09-23 00:16:41,41,1880.0,580.0,10,Running,
1,73adee5b-a97c-4bc0-b8a9-7dc923424c22,2026-09-23T00:48:01.302+00:00,2026-09-23T00:48:01.533+00:00,21072-30059,dryers,50170058,72000000,2026-09-23 00:48:01,2026-09-12 03:29:03,46,940738.0,-937978.0,,Available,website maps this code to Available
1,73adee5b-a97c-4bc0-b8a9-7dc923424c22,2026-09-23T00:48:01.302+00:00,2026-09-23T00:48:01.533+00:00,21072-30059,dryers,50170061,72000000,2026-09-23 00:48:01,2026-09-22 22:55:19,46,6762.0,-4002.0,,Available,website maps this code to Available
1,73adee5b-a97c-4bc0-b8a9-7dc923424c22,2026-09-23T00:48:01.302+00:00,2026-09-23T00:48:01.533+00:00,21072-30059,dryers,50170081,72000000,2026-09-23 00:48:01,2026-09-22 22:55:35,46,6746.0,-3986.0,,Available,website maps this code to Available
1,73adee5b-a97c-4bc0-b8a9-7dc923424c22,2026-09-23T00:48:01.302+00:00,2026-09-23T00:48:01.533+00:00,21072-30059,dryers,50170060,52000000,2026-09-23 00:48:01,2026-09-22 22:10:55,23,9426.0,-8046.0,,Available,website fallback: report over 1 hour old
1,73adee5b-a97c-4bc0-b8a9-7dc923424c22,2026-09-23T00:48:01.302+00:00,2026-09-23T00:48:01.533+00:00,21072-30059,dryers,50170087,52000000,2026-09-23 00:48:01,2026-09-22 22:12:10,23,9351.0,-7971.0,,Available,website fallback: report over 1 hour old
1,73adee5b-a97c-4bc0-b8a9-7dc923424c22,2026-09-23T00:48:01.302+00:00,2026-09-23T00:48:01.533+00:00,21072-30059,dryers,50170064,72000000,2026-09-23 00:48:01,2026-09-22 07:01:55,46,63966.0,-61206.0,,Available,website maps this code to Available
1,73adee5b-a97c-4bc0-b8a9-7dc923424c22,2026-09-23T00:48:01.302+00:00,2026-09-23T00:48:01.533+00:00,21072-30059,dryers,50170065,72000000,2026-09-23 00:48:01,2026-09-22 22:14:28,46,9213.0,-6453.0,,Available,website maps this code to Available
1,73adee5b-a97c-4bc0-b8a9-7dc923424c22,2026-09-23T00:48:01.302+00:00,2026-09-23T00:48:01.533+00:00,21072-30059,dryers,50170059,52000000,2026-09-23 00:48:01,2026-09-22 22:15:07,23,9174.0,-7794.0,,Available,website fallback: report over 1 hour old
1,73adee5b-a97c-4bc0-b8a9-7dc923424c22,2026-09-23T00:48:01.302+00:00,2026-09-23T00:48:01.533+00:00,21072-30059,dryers,50170057,72000000,2026-09-23 00:48:01,2026-09-22 22:55:47,46,6734.0,-3974.0,,Available,website maps this code to Available
1,73adee5b-a97c-4bc0-b8a9-7dc923424c22,2026-09-23T00:48:01.302+00:00,2026-09-23T00:48:01.533+00:00,21072-30059,dryers,50170062,72000000,2026-09-23 00:48:01,2026-09-22 23:06:22,46,6099.0,-3339.0,,Available,website maps this code to Available
1,73adee5b-a97c-4bc0-b8a9-7dc923424c22,2026-09-23T00:48:01.302+00:00,2026-09-23T00:48:01.533+00:00,21072-30059,dryers,50170067,52000000,2026-09-23 00:48:01,2026-09-22 23:44:57,23,3784.0,-2404.0,,Available,website fallback: report over 1 hour old
1,73adee5b-a97c-4bc0-b8a9-7dc923424c22,2026-09-23T00:48:01.302+00:00,2026-09-23T00:48:01.533+00:00,21072-30059,dryers,50170074,72000000,2026-09-23 00:48:01,2026-09-22 20:42:32,46,14729.0,-11969.0,,Available,website maps this code to Available
1,73adee5b-a97c-4bc0-b8a9-7dc923424c22,2026-09-23T00:48:01.302+00:00,2026-09-23T00:48:01.533+00:00,21072-30059,dryers,50170071,72000000,2026-09-23 00:48:01,2026-09-22 21:56:40,46,10281.0,-7521.0,,Available,website maps this code to Available
1,73adee5b-a97c-4bc0-b8a9-7dc923424c22,2026-09-23T00:48:01.302+00:00,2026-09-23T00:48:01.533+00:00,21072-30059,dryers,50170054,52000000,2026-09-23 00:48:01,2026-09-23 00:41:38,23,383.0,997.0,,Finished,
1,a62c6da0-9394-4a10-90f4-750089144272,2026-09-23T00:49:01.269+00:00,2026-09-23T00:49:01.459+00:00,21072-30059,washers,50170051,72000000,2026-09-23 00:49:01,2026-09-22 21:24:15,29,12286.0,-10546.0,,Available,website maps this code to Available
1,a62c6da0-9394-4a10-90f4-750089144272,2026-09-23T00:49:01.269+00:00,2026-09-23T00:49:01.459+00:00,21072-30059,washers,50170080,52000000,2026-09-23 00:49:01,2026-09-23 00:48:16,29,45.0,1695.0,,Finished,
1,a62c6da0-9394-4a10-90f4-750089144272,2026-09-23T00:49:01.269+00:00,2026-09-23T00:49:01.459+00:00,21072-30059,washers,50170075,42000000,2026-09-23 00:49:01,2026-09-23 00:42:57,10,364.0,236.0,4,Running,
1,a62c6da0-9394-4a10-90f4-750089144272,2026-09-23T00:49:01.269+00:00,2026-09-23T00:49:01.459+00:00,21072-30059,washers,50170082,42000000,2026-09-23 00:49:01,2026-09-23 00:37:32,35,689.0,1411.0,24,Running,
1,a62c6da0-9394-4a10-90f4-750089144272,2026-09-23T00:49:01.269+00:00,2026-09-23T00:49:01.459+00:00,21072-30059,washers,50170050,42000000,2026-09-23 00:49:01,2026-09-23 00:39:39,35,562.0,1538.0,26,Running,
1,a62c6da0-9394-4a10-90f4-750089144272,2026-09-23T00:49:01.269+00:00,2026-09-23T00:49:01.459+00:00,21072-30059,washers,50170052,42000000,2026-09-23 00:49:01,2026-09-23 00:40:24,26,517.0,1043.0,18,Running,
1,a62c6da0-9394-4a10-90f4-750089144272,2026-09-23T00:49:01.269+00:00,2026-09-23T00:49:01.459+00:00,21072-30059,washers,50170078,72000000,2026-09-23 00:49:01,2026-09-22 21:29:00,29,12001.0,-10261.0,,Available,website maps this code to Available
1,a62c6da0-9394-4a10-90f4-750089144272,2026-09-23T00:49:01.269+00:00,2026-09-23T00:49:01.459+00:00,21072-30059,washers,50170084,72000000,2026-09-23 00:49:01,2026-09-22 07:02:40,29,63981.0,-62241.0,,Available,website maps this code to Available
1,a62c6da0-9394-4a10-90f4-750089144272,2026-09-23T00:49:01.269+00:00,2026-09-23T00:49:01.459+00:00,21072-30059,washers,50170068,42000000,2026-09-23 00:49:01,2026-09-23 00:17:03,41,1918.0,542.0,10,Running,
1,a62c6da0-9394-4a10-90f4-750089144272,2026-09-23T00:49:01.269+00:00,2026-09-23T00:49:01.459+00:00,21072-30059,washers,50170072,42000000,2026-09-23 00:49:01,2026-09-23 00:17:43,39,1878.0,462.0,8,Running,
1,a62c6da0-9394-4a10-90f4-750089144272,2026-09-23T00:49:01.269+00:00,2026-09-23T00:49:01.459+00:00,21072-30059,washers,20483408,72000000,2026-09-23 00:49:01,2024-12-20 00:43:32,0,55469129.0,-55469129.0,,Available,website maps this code to Available
1,a62c6da0-9394-4a10-90f4-750089144272,2026-09-23T00:49:01.269+00:00,2026-09-23T00:49:01.459+00:00,21072-30059,washers,50170055,42000000,2026-09-23 00:49:01,2026-09-23 00:16:41,41,1940.0,520.0,9,Running,
1,a62c6da0-9394-4a10-90f4-750089144272,2026-09-23T00:49:01.269+00:00,2026-09-23T00:49:01.459+00:00,21072-30059,dryers,50170058,72000000,2026-09-23 00:49:01,2026-09-12 03:29:03,46,940798.0,-938038.0,,Available,website maps this code to Available
1,a62c6da0-9394-4a10-90f4-750089144272,2026-09-23T00:49:01.269+00:00,2026-09-23T00:49:01.459+00:00,21072-30059,dryers,50170061,72000000,2026-09-23 00:49:01,2026-09-22 22:55:19,46,6822.0,-4062.0,,Available,website maps this code to Available
1,a62c6da0-9394-4a10-90f4-750089144272,2026-09-23T00:49:01.269+00:00,2026-09-23T00:49:01.459+00:00,21072-30059,dryers,50170081,72000000,2026-09-23 00:49:01,2026-09-22 22:55:35,46,6806.0,-4046.0,,Available,website maps this code to Available
1,a62c6da0-9394-4a10-90f4-750089144272,2026-09-23T00:49:01.269+00:00,2026-09-23T00:49:01.459+00:00,21072-30059,dryers,50170060,52000000,2026-09-23 00:49:01,2026-09-22 22:10:55,23,9486.0,-8106.0,,Available,website fallback: report over 1 hour old
1,a62c6da0-9394-4a10-90f4-750089144272,2026-09-23T00:49:01.269+00:00,2026-09-23T00:49:01.459+00:00,21072-30059,dryers,50170087,52000000,2026-09-23 00:49:01,2026-09-22 22:12:10,23,9411.0,-8031.0,,Available,website fallback: report over 1 hour old
1,a62c6da0-9394-4a10-90f4-750089144272,2026-09-23T00:49:01.269+00:00,2026-09-23T00:49:01.459+00:00,21072-30059,dryers,50170064,72000000,2026-09-23 00:49:01,2026-09-22 07:01:55,46,64026.0,-61266.0,,Available,website maps this code to Available
1,a62c6da0-9394-4a10-90f4-750089144272,2026-09-23T00:49:01.269+00:00,2026-09-23T00:49:01.459+00:00,21072-30059,dryers,50170065,72000000,2026-09-23 00:49:01,2026-09-22 22:14:28,46,9273.0,-6513.0,,Available,website maps this code to Available
1,a62c6da0-9394-4a10-90f4-750089144272,2026-09-23T00:49:01.269+00:00,2026-09-23T00:49:01.459+00:00,21072-30059,dryers,50170059,52000000,2026-09-23 00:49:01,2026-09-22 22:15:07,23,9234.0,-7854.0,,Available,website fallback: report over 1 hour old
1,a62c6da0-9394-4a10-90f4-750089144272,2026-09-23T00:49:01.269+00:00,2026-09-23T00:49:01.459+00:00,21072-30059,dryers,50170057,72000000,2026-09-23 00:49:01,2026-09-22 22:55:47,46,6794.0,-4034.0,,Available,website maps this code to Available
1,a62c6da0-9394-4a10-90f4-750089144272,2026-09-23T00:49:01.269+00:00,2026-09-23T00:49:01.459+00:00,21072-30059,dryers,50170062,72000000,2026-09-23 00:49:01,2026-09-22 23:06:22,46,6159.0,-3399.0,,Available,website maps this code to Available
1,a62c6da0-9394-4a10-90f4-750089144272,2026-09-23T00:49:01.269+00:00,2026-09-23T00:49:01.459+00:00,21072-30059,dryers,50170067,52000000,2026-09-23 00:49:01,2026-09-22 23:44:57,23,3844.0,-2464.0,,Available,website fallback: report over 1 hour old
1,a62c6da0-9394-4a10-90f4-750089144272,2026-09-23T00:49:01.269+00:00,2026-09-23T00:49:01.459+00:00,21072-30059,dryers,50170074,72000000,2026-09-23 00:49:01,2026-09-22 20:42:32,46,14789.0,-12029.0,,Available,website maps this code to Available
1,a62c6da0-9394-4a10-90f4-750089144272,2026-09-23T00:49:01.269+00:00,2026-09-23T00:49:01.459+00:00,21072-30059,dryers,50170071,72000000,2026-09-23 00:49:01,2026-09-22 21:56:40,46,10341.0,-7581.0,,Available,website maps this code to Available
1,a62c6da0-9394-4a10-90f4-750089144272,2026-09-23T00:49:01.269+00:00,2026-09-23T00:49:01.459+00:00,21072-30059,dryers,50170054,52000000,2026-09-23 00:49:01,2026-09-23 00:41:38,23,443.0,937.0,,Finished,
1,e9ab6f85-0cad-4d9f-8dc7-9e7620c494f3,2026-09-23T00:50:01.890+00:00,2026-09-23T00:50:02.665+00:00,21072-30059,washers,50170051,72000000,2026-09-23 00:50:02,2026-09-22 21:24:15,29,12347.0,-10607.0,,Available,website maps this code to Available
1,e9ab6f85-0cad-4d9f-8dc7-9e7620c494f3,2026-09-23T00:50:01.890+00:00,2026-09-23T00:50:02.665+00:00,21072-30059,washers,50170080,52000000,2026-09-23 00:50:02,2026-09-23 00:48:16,29,106.0,1634.0,,Finished,
1,e9ab6f85-0cad-4d9f-8dc7-9e7620c494f3,2026-09-23T00:50:01.890+00:00,2026-09-23T00:50:02.665+00:00,21072-30059,washers,50170075,42000000,2026-09-23 00:50:02,2026-09-23 00:42:57,10,425.0,175.0,3,Running,
1,e9ab6f85-0cad-4d9f-8dc7-9e7620c494f3,2026-09-23T00:50:01.890+00:00,2026-09-23T00:50:02.665+00:00,21072-30059,washers,50170082,42000000,2026-09-23 00:50:02,2026-09-23 00:37:32,35,750.0,1350.0,23,Running,
1,e9ab6f85-0cad-4d9f-8dc7-9e7620c494f3,2026-09-23T00:50:01.890+00:00,2026-09-23T00:50:02.665+00:00,21072-30059,washers,50170050,42000000,2026-09-23 00:50:02,2026-09-23 00:39:39,35,623.0,1477.0,25,Running,
1,e9ab6f85-0cad-4d9f-8dc7-9e7620c494f3,2026-09-23T00:50:01.890+00:00,2026-09-23T00:50:02.665+00:00,21072-30059,washers,50170052,42000000,2026-09-23 00:50:02,2026-09-23 00:40:24,26,578.0,982.0,17,Running,
1,e9ab6f85-0cad-4d9f-8dc7-9e7620c494f3,2026-09-23T00:50:01.890+00:00,2026-09-23T00:50:02.665+00:00,21072-30059,washers,50170078,72000000,2026-09-23 00:50:02,2026-09-22 21:29:00,29,12062.0,-10322.0,,Available,website maps this code to Available
1,e9ab6f85-0cad-4d9f-8dc7-9e7620c494f3,2026-09-23T00:50:01.890+00:00,2026-09-23T00:50:02.665+00:00,21072-30059,washers,50170084,72000000,2026-09-23 00:50:02,2026-09-22 07:02:40,29,64042.0,-62302.0,,Available,website maps this code to Available
1,e9ab6f85-0cad-4d9f-8dc7-9e7620c494f3,2026-09-23T00:50:01.890+00:00,2026-09-23T00:50:02.665+00:00,21072-30059,washers,50170068,42000000,2026-09-23 00:50:02,2026-09-23 00:17:03,41,1979.0,481.0,9,Running,
1,e9ab6f85-0cad-4d9f-8dc7-9e7620c494f3,2026-09-23T00:50:01.890+00:00,2026-09-23T00:50:02.665+00:00,21072-30059,washers,50170072,42000000,2026-09-23 00:50:02,2026-09-23 00:17:43,39,1939.0,401.0,7,Running,
1,e9ab6f85-0cad-4d9f-8dc7-9e7620c494f3,2026-09-23T00:50:01.890+00:00,2026-09-23T00:50:02.665+00:00,21072-30059,washers,20483408,72000000,2026-09-23 00:50:02,2024-12-20 00:43:32,0,55469190.0,-55469190.0,,Available,website maps this code to Available
1,e9ab6f85-0cad-4d9f-8dc7-9e7620c494f3,2026-09-23T00:50:01.890+00:00,2026-09-23T00:50:02.665+00:00,21072-30059,washers,50170055,42000000,2026-09-23 00:50:02,2026-09-23 00:16:41,41,2001.0,459.0,8,Running,
1,e9ab6f85-0cad-4d9f-8dc7-9e7620c494f3,2026-09-23T00:50:01.890+00:00,2026-09-23T00:50:02.665+00:00,21072-30059,dryers,50170058,72000000,2026-09-23 00:50:02,2026-09-12 03:29:03,46,940859.0,-938099.0,,Available,website maps this code to Available
1,e9ab6f85-0cad-4d9f-8dc7-9e7620c494f3,2026-09-23T00:50:01.890+00:00,2026-09-23T00:50:02.665+00:00,21072-30059,dryers,50170061,72000000,2026-09-23 00:50:02,2026-09-22 22:55:19,46,6883.0,-4123.0,,Available,website maps this code to Available
1,e9ab6f85-0cad-4d9f-8dc7-9e7620c494f3,2026-09-23T00:50:01.890+00:00,2026-09-23T00:50:02.665+00:00,21072-30059,dryers,50170081,72000000,2026-09-23 00:50:02,2026-09-22 22:55:35,46,6867.0,-4107.0,,Available,website maps this code to Available
1,e9ab6f85-0cad-4d9f-8dc7-9e7620c494f3,2026-09-23T00:50:01.890+00:00,2026-09-23T00:50:02.665+00:00,21072-30059,dryers,50170060,52000000,2026-09-23 00:50:02,2026-09-22 22:10:55,23,9547.0,-8167.0,,Available,website fallback: report over 1 hour old
1,e9ab6f85-0cad-4d9f-8dc7-9e7620c494f3,2026-09-23T00:50:01.890+00:00,2026-09-23T00:50:02.665+00:00,21072-30059,dryers,50170087,52000000,2026-09-23 00:50:02,2026-09-22 22:12:10,23,9472.0,-8092.0,,Available,website fallback: report over 1 hour old
1,e9ab6f85-0cad-4d9f-8dc7-9e7620c494f3,2026-09-23T00:50:01.890+00:00,2026-09-23T00:50:02.665+00:00,21072-30059,dryers,50170064,72000000,2026-09-23 00:50:02,2026-09-22 07:01:55,46,64087.0,-61327.0,,Available,website maps this code to Available
1,e9ab6f85-0cad-4d9f-8dc7-9e7620c494f3,2026-09-23T00:50:01.890+00:00,2026-09-23T00:50:02.665+00:00,21072-30059,dryers,50170065,72000000,2026-09-23 00:50:02,2026-09-22 22:14:28,46,9334.0,-6574.0,,Available,website maps this code to Available
1,e9ab6f85-0cad-4d9f-8dc7-9e7620c494f3,2026-09-23T00:50:01.890+00:00,2026-09-23T00:50:02.665+00:00,21072-30059,dryers,50170059,52000000,2026-09-23 00:50:02,2026-09-22 22:15:07,23,9295.0,-7915.0,,Available,website fallback: report over 1 hour old
1,e9ab6f85-0cad-4d9f-8dc7-9e7620c494f3,2026-09-23T00:50:01.890+00:00,2026-09-23T00:50:02.665+00:00,21072-30059,dryers,50170057,72000000,2026-09-23 00:50:02,2026-09-22 22:55:47,46,6855.0,-4095.0,,Available,website maps this code to Available
1,e9ab6f85-0cad-4d9f-8dc7-9e7620c494f3,2026-09-23T00:50:01.890+00:00,2026-09-23T00:50:02.665+00:00,21072-30059,dryers,50170062,72000000,2026-09-23 00:50:02,2026-09-22 23:06:22,46,6220.0,-3460.0,,Available,website maps this code to Available
1,e9ab6f85-0cad-4d9f-8dc7-9e7620c494f3,2026-09-23T00:50:01.890+00:00,2026-09-23T00:50:02.665+00:00,21072-30059,dryers,50170067,52000000,2026-09-23 00:50:02,2026-09-22 23:44:57,23,3905.0,-2525.0,,Available,website fallback: report over 1 hour old
1,e9ab6f85-0cad-4d9f-8dc7-9e7620c494f3,2026-09-23T00:50:01.890+00:00,2026-09-23T00:50:02.665+00:00,21072-30059,dryers,50170074,72000000,2026-09-23 00:50:02,2026-09-22 20:42:32,46,14850.0,-12090.0,,Available,website maps this code to Available
1,e9ab6f85-0cad-4d9f-8dc7-9e7620c494f3,2026-09-23T00:50:01.890+00:00,2026-09-23T00:50:02.665+00:00,21072-30059,dryers,50170071,72000000,2026-09-23 00:50:02,2026-09-22 21:56:40,46,10402.0,-7642.0,,Available,website maps this code to Available
1,e9ab6f85-0cad-4d9f-8dc7-9e7620c494f3,2026-09-23T00:50:01.890+00:00,2026-09-23T00:50:02.665+00:00,21072-30059,dryers,50170054,52000000,2026-09-23 00:50:02,2026-09-23 00:41:38,23,504.0,876.0,,Finished,
1,78fa9070-aadf-4a2a-ad2f-8185295eed21,2026-09-23T00:51:01.265+00:00,2026-09-23T00:51:01.436+00:00,21072-30059,washers,50170051,72000000,2026-09-23 00:51:01,2026-09-22 21:24:15,29,12406.0,-10666.0,,Available,website maps this code to Available
1,78fa9070-aadf-4a2a-ad2f-8185295eed21,2026-09-23T00:51:01.265+00:00,2026-09-23T00:51:01.436+00:00,21072-30059,washers,50170080,52000000,2026-09-23 00:51:01,2026-09-23 00:48:16,29,165.0,1575.0,,Finished,
1,78fa9070-aadf-4a2a-ad2f-8185295eed21,2026-09-23T00:51:01.265+00:00,2026-09-23T00:51:01.436+00:00,21072-30059,washers,50170075,42000000,2026-09-23 00:51:01,2026-09-23 00:42:57,10,484.0,116.0,2,Running,
1,78fa9070-aadf-4a2a-ad2f-8185295eed21,2026-09-23T00:51:01.265+00:00,2026-09-23T00:51:01.436+00:00,21072-30059,washers,50170082,42000000,2026-09-23 00:51:01,2026-09-23 00:37:32,35,809.0,1291.0,22,Running,
1,78fa9070-aadf-4a2a-ad2f-8185295eed21,2026-09-23T00:51:01.265+00:00,2026-09-23T00:51:01.436+00:00,21072-30059,washers,50170050,42000000,2026-09-23 00:51:01,2026-09-23 00:39:39,35,682.0,1418.0,24,Running,
1,78fa9070-aadf-4a2a-ad2f-8185295eed21,2026-09-23T00:51:01.265+00:00,2026-09-23T00:51:01.436+00:00,21072-30059,washers,50170052,42000000,2026-09-23 00:51:01,2026-09-23 00:40:24,26,637.0,923.0,16,Running,
1,78fa9070-aadf-4a2a-ad2f-8185295eed21,2026-09-23T00:51:01.265+00:00,2026-09-23T00:51:01.436+00:00,21072-30059,washers,50170078,72000000,2026-09-23 00:51:01,2026-09-22 21:29:00,29,12121.0,-10381.0,,Available,website maps this code to Available
1,78fa9070-aadf-4a2a-ad2f-8185295eed21,2026-09-23T00:51:01.265+00:00,2026-09-23T00:51:01.436+00:00,21072-30059,washers,50170084,72000000,2026-09-23 00:51:01,2026-09-22 07:02:40,29,64101.0,-62361.0,,Available,website maps this code to Available
1,78fa9070-aadf-4a2a-ad2f-8185295eed21,2026-09-23T00:51:01.265+00:00,2026-09-23T00:51:01.436+00:00,21072-30059,washers,50170068,42000000,2026-09-23 00:51:01,2026-09-23 00:50:33,10,28.0,572.0,10,Running,
1,78fa9070-aadf-4a2a-ad2f-8185295eed21,2026-09-23T00:51:01.265+00:00,2026-09-23T00:51:01.436+00:00,21072-30059,washers,50170072,42000000,2026-09-23 00:51:01,2026-09-23 00:17:43,39,1998.0,342.0,6,Running,
1,78fa9070-aadf-4a2a-ad2f-8185295eed21,2026-09-23T00:51:01.265+00:00,2026-09-23T00:51:01.436+00:00,21072-30059,washers,20483408,72000000,2026-09-23 00:51:01,2024-12-20 00:43:32,0,55469249.0,-55469249.0,,Available,website maps this code to Available
1,78fa9070-aadf-4a2a-ad2f-8185295eed21,2026-09-23T00:51:01.265+00:00,2026-09-23T00:51:01.436+00:00,21072-30059,washers,50170055,42000000,2026-09-23 00:51:01,2026-09-23 00:16:41,41,2060.0,400.0,7,Running,
1,78fa9070-aadf-4a2a-ad2f-8185295eed21,2026-09-23T00:51:01.265+00:00,2026-09-23T00:51:01.436+00:00,21072-30059,dryers,50170058,72000000,2026-09-23 00:51:01,2026-09-12 03:29:03,46,940918.0,-938158.0,,Available,website maps this code to Available
1,78fa9070-aadf-4a2a-ad2f-8185295eed21,2026-09-23T00:51:01.265+00:00,2026-09-23T00:51:01.436+00:00,21072-30059,dryers,50170061,72000000,2026-09-23 00:51:01,2026-09-22 22:55:19,46,6942.0,-4182.0,,Available,website maps this code to Available
1,78fa9070-aadf-4a2a-ad2f-8185295eed21,2026-09-23T00:51:01.265+00:00,2026-09-23T00:51:01.436+00:00,21072-30059,dryers,50170081,72000000,2026-09-23 00:51:01,2026-09-22 22:55:35,46,6926.0,-4166.0,,Available,website maps this code to Available
1,78fa9070-aadf-4a2a-ad2f-8185295eed21,2026-09-23T00:51:01.265+00:00,2026-09-23T00:51:01.436+00:00,21072-30059,dryers,50170060,52000000,2026-09-23 00:51:01,2026-09-22 22:10:55,23,9606.0,-8226.0,,Available,website fallback: report over 1 hour old
1,78fa9070-aadf-4a2a-ad2f-8185295eed21,2026-09-23T00:51:01.265+00:00,2026-09-23T00:51:01.436+00:00,21072-30059,dryers,50170087,52000000,2026-09-23 00:51:01,2026-09-22 22:12:10,23,9531.0,-8151.0,,Available,website fallback: report over 1 hour old
1,78fa9070-aadf-4a2a-ad2f-8185295eed21,2026-09-23T00:51:01.265+00:00,2026-09-23T00:51:01.436+00:00,21072-30059,dryers,50170064,72000000,2026-09-23 00:51:01,2026-09-22 07:01:55,46,64146.0,-61386.0,,Available,website maps this code to Available
1,78fa9070-aadf-4a2a-ad2f-8185295eed21,2026-09-23T00:51:01.265+00:00,2026-09-23T00:51:01.436+00:00,21072-30059,dryers,50170065,72000000,2026-09-23 00:51:01,2026-09-22 22:14:28,46,9393.0,-6633.0,,Available,website maps this code to Available
1,78fa9070-aadf-4a2a-ad2f-8185295eed21,2026-09-23T00:51:01.265+00:00,2026-09-23T00:51:01.436+00:00,21072-30059,dryers,50170059,52000000,2026-09-23 00:51:01,2026-09-22 22:15:07,23,9354.0,-7974.0,,Available,website fallback: report over 1 hour old
1,78fa9070-aadf-4a2a-ad2f-8185295eed21,2026-09-23T00:51:01.265+00:00,2026-09-23T00:51:01.436+00:00,21072-30059,dryers,50170057,72000000,2026-09-23 00:51:01,2026-09-22 22:55:47,46,6914.0,-4154.0,,Available,website maps this code to Available
1,78fa9070-aadf-4a2a-ad2f-8185295eed21,2026-09-23T00:51:01.265+00:00,2026-09-23T00:51:01.436+00:00,21072-30059,dryers,50170062,72000000,2026-09-23 00:51:01,2026-09-22 23:06:22,46,6279.0,-3519.0,,Available,website maps this code to Available
1,78fa9070-aadf-4a2a-ad2f-8185295eed21,2026-09-23T00:51:01.265+00:00,2026-09-23T00:51:01.436+00:00,21072-30059,dryers,50170067,52000000,2026-09-23 00:51:01,2026-09-22 23:44:57,23,3964.0,-2584.0,,Available,website fallback: report over 1 hour old
1,78fa9070-aadf-4a2a-ad2f-8185295eed21,2026-09-23T00:51:01.265+00:00,2026-09-23T00:51:01.436+00:00,21072-30059,dryers,50170074,72000000,2026-09-23 00:51:01,2026-09-22 20:42:32,46,14909.0,-12149.0,,Available,website maps this code to Available
1,78fa9070-aadf-4a2a-ad2f-8185295eed21,2026-09-23T00:51:01.265+00:00,2026-09-23T00:51:01.436+00:00,21072-30059,dryers,50170071,72000000,2026-09-23 00:51:01,2026-09-22 21:56:40,46,10461.0,-7701.0,,Available,website maps this code to Available
1,78fa9070-aadf-4a2a-ad2f-8185295eed21,2026-09-23T00:51:01.265+00:00,2026-09-23T00:51:01.436+00:00,21072-30059,dryers,50170054,52000000,2026-09-23 00:51:01,2026-09-23 00:41:38,23,563.0,817.0,,Finished,
1,6e95eac4-4b8f-41f8-b0aa-156541b11dae,2026-09-23T00:52:01.351+00:00,2026-09-23T00:52:01.556+00:00,21072-30059,washers,50170051,72000000,2026-09-23 00:52:01,2026-09-22 21:24:15,29,12466.0,-10726.0,,Available,website maps this code to Available
1,6e95eac4-4b8f-41f8-b0aa-156541b11dae,2026-09-23T00:52:01.351+00:00,2026-09-23T00:52:01.556+00:00,21072-30059,washers,50170080,52000000,2026-09-23 00:52:01,2026-09-23 00:48:16,29,225.0,1515.0,,Finished,
1,6e95eac4-4b8f-41f8-b0aa-156541b11dae,2026-09-23T00:52:01.351+00:00,2026-09-23T00:52:01.556+00:00,21072-30059,washers,50170075,42000000,2026-09-23 00:52:01,2026-09-23 00:42:57,10,544.0,56.0,1,Running,
1,6e95eac4-4b8f-41f8-b0aa-156541b11dae,2026-09-23T00:52:01.351+00:00,2026-09-23T00:52:01.556+00:00,21072-30059,washers,50170082,42000000,2026-09-23 00:52:01,2026-09-23 00:37:32,35,869.0,1231.0,21,Running,
1,6e95eac4-4b8f-41f8-b0aa-156541b11dae,2026-09-23T00:52:01.351+00:00,2026-09-23T00:52:01.556+00:00,21072-30059,washers,50170050,42000000,2026-09-23 00:52:01,2026-09-23 00:39:39,35,742.0,1358.0,23,Running,
1,6e95eac4-4b8f-41f8-b0aa-156541b11dae,2026-09-23T00:52:01.351+00:00,2026-09-23T00:52:01.556+00:00,21072-30059,washers,50170052,42000000,2026-09-23 00:52:01,2026-09-23 00:40:24,26,697.0,863.0,15,Running,
1,6e95eac4-4b8f-41f8-b0aa-156541b11dae,2026-09-23T00:52:01.351+00:00,2026-09-23T00:52:01.556+00:00,21072-30059,washers,50170078,72000000,2026-09-23 00:52:01,2026-09-22 21:29:00,29,12181.0,-10441.0,,Available,website maps this code to Available
1,6e95eac4-4b8f-41f8-b0aa-156541b11dae,2026-09-23T00:52:01.351+00:00,2026-09-23T00:52:01.556+00:00,21072-30059,washers,50170084,72000000,2026-09-23 00:52:01,2026-09-22 07:02:40,29,64161.0,-62421.0,,Available,website maps this code to Available
1,6e95eac4-4b8f-41f8-b0aa-156541b11dae,2026-09-23T00:52:01.351+00:00,2026-09-23T00:52:01.556+00:00,21072-30059,washers,50170068,42000000,2026-09-23 00:52:01,2026-09-23 00:50:33,10,88.0,512.0,9,Running,
1,6e95eac4-4b8f-41f8-b0aa-156541b11dae,2026-09-23T00:52:01.351+00:00,2026-09-23T00:52:01.556+00:00,21072-30059,washers,50170072,42000000,2026-09-23 00:52:01,2026-09-23 00:17:43,39,2058.0,282.0,5,Running,
1,6e95eac4-4b8f-41f8-b0aa-156541b11dae,2026-09-23T00:52:01.351+00:00,2026-09-23T00:52:01.556+00:00,21072-30059,washers,20483408,72000000,2026-09-23 00:52:01,2024-12-20 00:43:32,0,55469309.0,-55469309.0,,Available,website maps this code to Available
1,6e95eac4-4b8f-41f8-b0aa-156541b11dae,2026-09-23T00:52:01.351+00:00,2026-09-23T00:52:01.556+00:00,21072-30059,washers,50170055,42000000,2026-09-23 00:52:01,2026-09-23 00:16:41,41,2120.0,340.0,6,Running,
1,6e95eac4-4b8f-41f8-b0aa-156541b11dae,2026-09-23T00:52:01.351+00:00,2026-09-23T00:52:01.556+00:00,21072-30059,dryers,50170058,72000000,2026-09-23 00:52:01,2026-09-12 03:29:03,46,940978.0,-938218.0,,Available,website maps this code to Available
1,6e95eac4-4b8f-41f8-b0aa-156541b11dae,2026-09-23T00:52:01.351+00:00,2026-09-23T00:52:01.556+00:00,21072-30059,dryers,50170061,72000000,2026-09-23 00:52:01,2026-09-22 22:55:19,46,7002.0,-4242.0,,Available,website maps this code to Available
1,6e95eac4-4b8f-41f8-b0aa-156541b11dae,2026-09-23T00:52:01.351+00:00,2026-09-23T00:52:01.556+00:00,21072-30059,dryers,50170081,72000000,2026-09-23 00:52:01,2026-09-22 22:55:35,46,6986.0,-4226.0,,Available,website maps this code to Available
1,6e95eac4-4b8f-41f8-b0aa-156541b11dae,2026-09-23T00:52:01.351+00:00,2026-09-23T00:52:01.556+00:00,21072-30059,dryers,50170060,52000000,2026-09-23 00:52:01,2026-09-22 22:10:55,23,9666.0,-8286.0,,Available,website fallback: report over 1 hour old
1,6e95eac4-4b8f-41f8-b0aa-156541b11dae,2026-09-23T00:52:01.351+00:00,2026-09-23T00:52:01.556+00:00,21072-30059,dryers,50170087,52000000,2026-09-23 00:52:01,2026-09-22 22:12:10,23,9591.0,-8211.0,,Available,website fallback: report over 1 hour old
1,6e95eac4-4b8f-41f8-b0aa-156541b11dae,2026-09-23T00:52:01.351+00:00,2026-09-23T00:52:01.556+00:00,21072-30059,dryers,50170064,72000000,2026-09-23 00:52:01,2026-09-22 07:01:55,46,64206.0,-61446.0,,Available,website maps this code to Available
1,6e95eac4-4b8f-41f8-b0aa-156541b11dae,2026-09-23T00:52:01.351+00:00,2026-09-23T00:52:01.556+00:00,21072-30059,dryers,50170065,72000000,2026-09-23 00:52:01,2026-09-22 22:14:28,46,9453.0,-6693.0,,Available,website maps this code to Available
1,6e95eac4-4b8f-41f8-b0aa-156541b11dae,2026-09-23T00:52:01.351+00:00,2026-09-23T00:52:01.556+00:00,21072-30059,dryers,50170059,52000000,2026-09-23 00:52:01,2026-09-22 22:15:07,23,9414.0,-8034.0,,Available,website fallback: report over 1 hour old
1,6e95eac4-4b8f-41f8-b0aa-156541b11dae,2026-09-23T00:52:01.351+00:00,2026-09-23T00:52:01.556+00:00,21072-30059,dryers,50170057,72000000,2026-09-23 00:52:01,2026-09-22 22:55:47,46,6974.0,-4214.0,,Available,website maps this code to Available
1,6e95eac4-4b8f-41f8-b0aa-156541b11dae,2026-09-23T00:52:01.351+00:00,2026-09-23T00:52:01.556+00:00,21072-30059,dryers,50170062,72000000,2026-09-23 00:52:01,2026-09-22 23:06:22,46,6339.0,-3579.0,,Available,website maps this code to Available
1,6e95eac4-4b8f-41f8-b0aa-156541b11dae,2026-09-23T00:52:01.351+00:00,2026-09-23T00:52:01.556+00:00,21072-30059,dryers,50170067,52000000,2026-09-23 00:52:01,2026-09-22 23:44:57,23,4024.0,-2644.0,,Available,website fallback: report over 1 hour old
1,6e95eac4-4b8f-41f8-b0aa-156541b11dae,2026-09-23T00:52:01.351+00:00,2026-09-23T00:52:01.556+00:00,21072-30059,dryers,50170074,72000000,2026-09-23 00:52:01,2026-09-22 20:42:32,46,14969.0,-12209.0,,Available,website maps this code to Available
1,6e95eac4-4b8f-41f8-b0aa-156541b11dae,2026-09-23T00:52:01.351+00:00,2026-09-23T00:52:01.556+00:00,21072-30059,dryers,50170071,72000000,2026-09-23 00:52:01,2026-09-22 21:56:40,46,10521.0,-7761.0,,Available,website maps this code to Available
1,6e95eac4-4b8f-41f8-b0aa-156541b11dae,2026-09-23T00:52:01.351+00:00,2026-09-23T00:52:01.556+00:00,21072-30059,dryers,50170054,52000000,2026-09-23 00:52:01,2026-09-23 00:41:38,23,623.0,757.0,,Finished,
1,278fe356-7219-4b83-bb18-29dee1d63c1c,2026-09-23T00:53:01.282+00:00,2026-09-23T00:53:01.475+00:00,21072-30059,washers,50170051,72000000,2026-09-23 00:53:01,2026-09-22 21:24:15,29,12526.0,-10786.0,,Available,website maps this code to Available
1,278fe356-7219-4b83-bb18-29dee1d63c1c,2026-09-23T00:53:01.282+00:00,2026-09-23T00:53:01.475+00:00,21072-30059,washers,50170080,52000000,2026-09-23 00:53:01,2026-09-23 00:48:16,29,285.0,1455.0,,Finished,
1,278fe356-7219-4b83-bb18-29dee1d63c1c,2026-09-23T00:53:01.282+00:00,2026-09-23T00:53:01.475+00:00,21072-30059,washers,50170075,A2000000,2026-09-23 00:53:01,2026-09-23 00:52:07,1,54.0,6.0,,Door Unlock Mode,
1,278fe356-7219-4b83-bb18-29dee1d63c1c,2026-09-23T00:53:01.282+00:00,2026-09-23T00:53:01.475+00:00,21072-30059,washers,50170082,42000000,2026-09-23 00:53:01,2026-09-23 00:37:32,35,929.0,1171.0,20,Running,
1,278fe356-7219-4b83-bb18-29dee1d63c1c,2026-09-23T00:53:01.282+00:00,2026-09-23T00:53:01.475+00:00,21072-30059,washers,50170050,42000000,2026-09-23 00:53:01,2026-09-23 00:39:39,35,802.0,1298.0,22,Running,
1,278fe356-7219-4b83-bb18-29dee1d63c1c,2026-09-23T00:53:01.282+00:00,2026-09-23T00:53:01.475+00:00,21072-30059,washers,50170052,42000000,2026-09-23 00:53:01,2026-09-23 00:40:24,26,757.0,803.0,14,Running,
1,278fe356-7219-4b83-bb18-29dee1d63c1c,2026-09-23T00:53:01.282+00:00,2026-09-23T00:53:01.475+00:00,21072-30059,washers,50170078,72000000,2026-09-23 00:53:01,2026-09-22 21:29:00,29,12241.0,-10501.0,,Available,website maps this code to Available
1,278fe356-7219-4b83-bb18-29dee1d63c1c,2026-09-23T00:53:01.282+00:00,2026-09-23T00:53:01.475+00:00,21072-30059,washers,50170084,72000000,2026-09-23 00:53:01,2026-09-22 07:02:40,29,64221.0,-62481.0,,Available,website maps this code to Available
1,278fe356-7219-4b83-bb18-29dee1d63c1c,2026-09-23T00:53:01.282+00:00,2026-09-23T00:53:01.475+00:00,21072-30059,washers,50170068,42000000,2026-09-23 00:53:01,2026-09-23 00:50:33,10,148.0,452.0,8,Running,
1,278fe356-7219-4b83-bb18-29dee1d63c1c,2026-09-23T00:53:01.282+00:00,2026-09-23T00:53:01.475+00:00,21072-30059,washers,50170072,42000000,2026-09-23 00:53:01,2026-09-23 00:52:13,10,48.0,552.0,10,Running,
1,278fe356-7219-4b83-bb18-29dee1d63c1c,2026-09-23T00:53:01.282+00:00,2026-09-23T00:53:01.475+00:00,21072-30059,washers,20483408,72000000,2026-09-23 00:53:01,2024-12-20 00:43:32,0,55469369.0,-55469369.0,,Available,website maps this code to Available
1,278fe356-7219-4b83-bb18-29dee1d63c1c,2026-09-23T00:53:01.282+00:00,2026-09-23T00:53:01.475+00:00,21072-30059,washers,50170055,42000000,2026-09-23 00:53:01,2026-09-23 00:16:41,41,2180.0,280.0,5,Running,
1,278fe356-7219-4b83-bb18-29dee1d63c1c,2026-09-23T00:53:01.282+00:00,2026-09-23T00:53:01.475+00:00,21072-30059,dryers,50170058,72000000,2026-09-23 00:53:01,2026-09-12 03:29:03,46,941038.0,-938278.0,,Available,website maps this code to Available
1,278fe356-7219-4b83-bb18-29dee1d63c1c,2026-09-23T00:53:01.282+00:00,2026-09-23T00:53:01.475+00:00,21072-30059,dryers,50170061,72000000,2026-09-23 00:53:01,2026-09-22 22:55:19,46,7062.0,-4302.0,,Available,website maps this code to Available
1,278fe356-7219-4b83-bb18-29dee1d63c1c,2026-09-23T00:53:01.282+00:00,2026-09-23T00:53:01.475+00:00,21072-30059,dryers,50170081,72000000,2026-09-23 00:53:01,2026-09-22 22:55:35,46,7046.0,-4286.0,,Available,website maps this code to Available
1,278fe356-7219-4b83-bb18-29dee1d63c1c,2026-09-23T00:53:01.282+00:00,2026-09-23T00:53:01.475+00:00,21072-30059,dryers,50170060,52000000,2026-09-23 00:53:01,2026-09-22 22:10:55,23,9726.0,-8346.0,,Available,website fallback: report over 1 hour old
1,278fe356-7219-4b83-bb18-29dee1d63c1c,2026-09-23T00:53:01.282+00:00,2026-09-23T00:53:01.475+00:00,21072-30059,dryers,50170087,52000000,2026-09-23 00:53:01,2026-09-22 22:12:10,23,9651.0,-8271.0,,Available,website fallback: report over 1 hour old
1,278fe356-7219-4b83-bb18-29dee1d63c1c,2026-09-23T00:53:01.282+00:00,2026-09-23T00:53:01.475+00:00,21072-30059,dryers,50170064,72000000,2026-09-23 00:53:01,2026-09-22 07:01:55,46,64266.0,-61506.0,,Available,website maps this code to Available
1,278fe356-7219-4b83-bb18-29dee1d63c1c,2026-09-23T00:53:01.282+00:00,2026-09-23T00:53:01.475+00:00,21072-30059,dryers,50170065,72000000,2026-09-23 00:53:01,2026-09-22 22:14:28,46,9513.0,-6753.0,,Available,website maps this code to Available
1,278fe356-7219-4b83-bb18-29dee1d63c1c,2026-09-23T00:53:01.282+00:00,2026-09-23T00:53:01.475+00:00,21072-30059,dryers,50170059,52000000,2026-09-23 00:53:01,2026-09-22 22:15:07,23,9474.0,-8094.0,,Available,website fallback: report over 1 hour old
1,278fe356-7219-4b83-bb18-29dee1d63c1c,2026-09-23T00:53:01.282+00:00,2026-09-23T00:53:01.475+00:00,21072-30059,dryers,50170057,72000000,2026-09-23 00:53:01,2026-09-22 22:55:47,46,7034.0,-4274.0,,Available,website maps this code to Available
1,278fe356-7219-4b83-bb18-29dee1d63c1c,2026-09-23T00:53:01.282+00:00,2026-09-23T00:53:01.475+00:00,21072-30059,dryers,50170062,72000000,2026-09-23 00:53:01,2026-09-22 23:06:22,46,6399.0,-3639.0,,Available,website maps this code to Available
1,278fe356-7219-4b83-bb18-29dee1d63c1c,2026-09-23T00:53:01.282+00:00,2026-09-23T00:53:01.475+00:00,21072-30059,dryers,50170067,52000000,2026-09-23 00:53:01,2026-09-22 23:44:57,23,4084.0,-2704.0,,Available,website fallback: report over 1 hour old
1,278fe356-7219-4b83-bb18-29dee1d63c1c,2026-09-23T00:53:01.282+00:00,2026-09-23T00:53:01.475+00:00,21072-30059,dryers,50170074,72000000,2026-09-23 00:53:01,2026-09-22 20:42:32,46,15029.0,-12269.0,,Available,website maps this code to Available
1,278fe356-7219-4b83-bb18-29dee1d63c1c,2026-09-23T00:53:01.282+00:00,2026-09-23T00:53:01.475+00:00,21072-30059,dryers,50170071,72000000,2026-09-23 00:53:01,2026-09-22 21:56:40,46,10581.0,-7821.0,,Available,website maps this code to Available
1,278fe356-7219-4b83-bb18-29dee1d63c1c,2026-09-23T00:53:01.282+00:00,2026-09-23T00:53:01.475+00:00,21072-30059,dryers,50170054,52000000,2026-09-23 00:53:01,2026-09-23 00:41:38,23,683.0,697.0,,Finished,
1,72108fd3-0c48-4c95-8751-0d14f4b06646,2026-09-23T00:54:01.283+00:00,2026-09-23T00:54:01.462+00:00,21072-30059,washers,50170051,72000000,2026-09-23 00:54:01,2026-09-22 21:24:15,29,12586.0,-10846.0,,Available,website maps this code to Available
1,72108fd3-0c48-4c95-8751-0d14f4b06646,2026-09-23T00:54:01.283+00:00,2026-09-23T00:54:01.462+00:00,21072-30059,washers,50170080,52000000,2026-09-23 00:54:01,2026-09-23 00:48:16,29,345.0,1395.0,,Finished,
1,72108fd3-0c48-4c95-8751-0d14f4b06646,2026-09-23T00:54:01.283+00:00,2026-09-23T00:54:01.462+00:00,21072-30059,washers,50170075,52000000,2026-09-23 00:54:01,2026-09-23 00:53:10,29,51.0,1689.0,,Finished,
1,72108fd3-0c48-4c95-8751-0d14f4b06646,2026-09-23T00:54:01.283+00:00,2026-09-23T00:54:01.462+00:00,21072-30059,washers,50170082,42000000,2026-09-23 00:54:01,2026-09-23 00:37:32,35,989.0,1111.0,19,Running,
1,72108fd3-0c48-4c95-8751-0d14f4b06646,2026-09-23T00:54:01.283+00:00,2026-09-23T00:54:01.462+00:00,21072-30059,washers,50170050,42000000,2026-09-23 00:54:01,2026-09-23 00:39:39,35,862.0,1238.0,21,Running,
1,72108fd3-0c48-4c95-8751-0d14f4b06646,2026-09-23T00:54:01.283+00:00,2026-09-23T00:54:01.462+00:00,21072-30059,washers,50170052,42000000,2026-09-23 00:54:01,2026-09-23 00:40:24,26,817.0,743.0,13,Running,
1,72108fd3-0c48-4c95-8751-0d14f4b06646,2026-09-23T00:54:01.283+00:00,2026-09-23T00:54:01.462+00:00,21072-30059,washers,50170078,72000000,2026-09-23 00:54:01,2026-09-22 21:29:00,29,12301.0,-10561.0,,Available,website maps this code to Available
1,72108fd3-0c48-4c95-8751-0d14f4b06646,2026-09-23T00:54:01.283+00:00,2026-09-23T00:54:01.462+00:00,21072-30059,washers,50170084,72000000,2026-09-23 00:54:01,2026-09-22 07:02:40,29,64281.0,-62541.0,,Available,website maps this code to Available
1,72108fd3-0c48-4c95-8751-0d14f4b06646,2026-09-23T00:54:01.283+00:00,2026-09-23T00:54:01.462+00:00,21072-30059,washers,50170068,42000000,2026-09-23 00:54:01,2026-09-23 00:50:33,10,208.0,392.0,7,Running,
1,72108fd3-0c48-4c95-8751-0d14f4b06646,2026-09-23T00:54:01.283+00:00,2026-09-23T00:54:01.462+00:00,21072-30059,washers,50170072,42000000,2026-09-23 00:54:01,2026-09-23 00:52:13,10,108.0,492.0,9,Running,
1,72108fd3-0c48-4c95-8751-0d14f4b06646,2026-09-23T00:54:01.283+00:00,2026-09-23T00:54:01.462+00:00,21072-30059,washers,20483408,72000000,2026-09-23 00:54:01,2024-12-20 00:43:32,0,55469429.0,-55469429.0,,Available,website maps this code to Available
1,72108fd3-0c48-4c95-8751-0d14f4b06646,2026-09-23T00:54:01.283+00:00,2026-09-23T00:54:01.462+00:00,21072-30059,washers,50170055,42000000,2026-09-23 00:54:01,2026-09-23 00:16:41,41,2240.0,220.0,4,Running,
1,72108fd3-0c48-4c95-8751-0d14f4b06646,2026-09-23T00:54:01.283+00:00,2026-09-23T00:54:01.462+00:00,21072-30059,dryers,50170058,72000000,2026-09-23 00:54:01,2026-09-12 03:29:03,46,941098.0,-938338.0,,Available,website maps this code to Available
1,72108fd3-0c48-4c95-8751-0d14f4b06646,2026-09-23T00:54:01.283+00:00,2026-09-23T00:54:01.462+00:00,21072-30059,dryers,50170061,72000000,2026-09-23 00:54:01,2026-09-22 22:55:19,46,7122.0,-4362.0,,Available,website maps this code to Available
1,72108fd3-0c48-4c95-8751-0d14f4b06646,2026-09-23T00:54:01.283+00:00,2026-09-23T00:54:01.462+00:00,21072-30059,dryers,50170081,72000000,2026-09-23 00:54:01,2026-09-22 22:55:35,46,7106.0,-4346.0,,Available,website maps this code to Available
1,72108fd3-0c48-4c95-8751-0d14f4b06646,2026-09-23T00:54:01.283+00:00,2026-09-23T00:54:01.462+00:00,21072-30059,dryers,50170060,52000000,2026-09-23 00:54:01,2026-09-22 22:10:55,23,9786.0,-8406.0,,Available,website fallback: report over 1 hour old
1,72108fd3-0c48-4c95-8751-0d14f4b06646,2026-09-23T00:54:01.283+00:00,2026-09-23T00:54:01.462+00:00,21072-30059,dryers,50170087,52000000,2026-09-23 00:54:01,2026-09-22 22:12:10,23,9711.0,-8331.0,,Available,website fallback: report over 1 hour old
1,72108fd3-0c48-4c95-8751-0d14f4b06646,2026-09-23T00:54:01.283+00:00,2026-09-23T00:54:01.462+00:00,21072-30059,dryers,50170064,72000000,2026-09-23 00:54:01,2026-09-22 07:01:55,46,64326.0,-61566.0,,Available,website maps this code to Available
1,72108fd3-0c48-4c95-8751-0d14f4b06646,2026-09-23T00:54:01.283+00:00,2026-09-23T00:54:01.462+00:00,21072-30059,dryers,50170065,72000000,2026-09-23 00:54:01,2026-09-22 22:14:28,46,9573.0,-6813.0,,Available,website maps this code to Available
1,72108fd3-0c48-4c95-8751-0d14f4b06646,2026-09-23T00:54:01.283+00:00,2026-09-23T00:54:01.462+00:00,21072-30059,dryers,50170059,52000000,2026-09-23 00:54:01,2026-09-22 22:15:07,23,9534.0,-8154.0,,Available,website fallback: report over 1 hour old
1,72108fd3-0c48-4c95-8751-0d14f4b06646,2026-09-23T00:54:01.283+00:00,2026-09-23T00:54:01.462+00:00,21072-30059,dryers,50170057,72000000,2026-09-23 00:54:01,2026-09-22 22:55:47,46,7094.0,-4334.0,,Available,website maps this code to Available
1,72108fd3-0c48-4c95-8751-0d14f4b06646,2026-09-23T00:54:01.283+00:00,2026-09-23T00:54:01.462+00:00,21072-30059,dryers,50170062,72000000,2026-09-23 00:54:01,2026-09-22 23:06:22,46,6459.0,-3699.0,,Available,website maps this code to Available
1,72108fd3-0c48-4c95-8751-0d14f4b06646,2026-09-23T00:54:01.283+00:00,2026-09-23T00:54:01.462+00:00,21072-30059,dryers,50170067,52000000,2026-09-23 00:54:01,2026-09-22 23:44:57,23,4144.0,-2764.0,,Available,website fallback: report over 1 hour old
1,72108fd3-0c48-4c95-8751-0d14f4b06646,2026-09-23T00:54:01.283+00:00,2026-09-23T00:54:01.462+00:00,21072-30059,dryers,50170074,72000000,2026-09-23 00:54:01,2026-09-22 20:42:32,46,15089.0,-12329.0,,Available,website maps this code to Available
1,72108fd3-0c48-4c95-8751-0d14f4b06646,2026-09-23T00:54:01.283+00:00,2026-09-23T00:54:01.462+00:00,21072-30059,dryers,50170071,72000000,2026-09-23 00:54:01,2026-09-22 21:56:40,46,10641.0,-7881.0,,Available,website maps this code to Available
1,72108fd3-0c48-4c95-8751-0d14f4b06646,2026-09-23T00:54:01.283+00:00,2026-09-23T00:54:01.462+00:00,21072-30059,dryers,50170054,52000000,2026-09-23 00:54:01,2026-09-23 00:41:38,23,743.0,637.0,,Finished,
1,66af6071-e91c-47a7-9e5b-d13814ea93e1,2026-09-23T00:55:01.331+00:00,2026-09-23T00:55:01.551+00:00,21072-30059,washers,50170051,72000000,2026-09-23 00:55:01,2026-09-22 21:24:15,29,12646.0,-10906.0,,Available,website maps this code to Available
1,66af6071-e91c-47a7-9e5b-d13814ea93e1,2026-09-23T00:55:01.331+00:00,2026-09-23T00:55:01.551+00:00,21072-30059,washers,50170080,52000000,2026-09-23 00:55:01,2026-09-23 00:48:16,29,405.0,1335.0,,Finished,
1,66af6071-e91c-47a7-9e5b-d13814ea93e1,2026-09-23T00:55:01.331+00:00,2026-09-23T00:55:01.551+00:00,21072-30059,washers,50170075,52000000,2026-09-23 00:55:01,2026-09-23 00:53:10,29,111.0,1629.0,,Finished,
1,66af6071-e91c-47a7-9e5b-d13814ea93e1,2026-09-23T00:55:01.331+00:00,2026-09-23T00:55:01.551+00:00,21072-30059,washers,50170082,42000000,2026-09-23 00:55:01,2026-09-23 00:37:32,35,1049.0,1051.0,18,Running,
1,66af6071-e91c-47a7-9e5b-d13814ea93e1,2026-09-23T00:55:01.331+00:00,2026-09-23T00:55:01.551+00:00,21072-30059,washers,50170050,42000000,2026-09-23 00:55:01,2026-09-23 00:39:39,35,922.0,1178.0,20,Running,
1,66af6071-e91c-47a7-9e5b-d13814ea93e1,2026-09-23T00:55:01.331+00:00,2026-09-23T00:55:01.551+00:00,21072-30059,washers,50170052,42000000,2026-09-23 00:55:01,2026-09-23 00:40:24,26,877.0,683.0,12,Running,
1,66af6071-e91c-47a7-9e5b-d13814ea93e1,2026-09-23T00:55:01.331+00:00,2026-09-23T00:55:01.551+00:00,21072-30059,washers,50170078,72000000,2026-09-23 00:55:01,2026-09-22 21:29:00,29,12361.0,-10621.0,,Available,website maps this code to Available
1,66af6071-e91c-47a7-9e5b-d13814ea93e1,2026-09-23T00:55:01.331+00:00,2026-09-23T00:55:01.551+00:00,21072-30059,washers,50170084,72000000,2026-09-23 00:55:01,2026-09-22 07:02:40,29,64341.0,-62601.0,,Available,website maps this code to Available
1,66af6071-e91c-47a7-9e5b-d13814ea93e1,2026-09-23T00:55:01.331+00:00,2026-09-23T00:55:01.551+00:00,21072-30059,washers,50170068,42000000,2026-09-23 00:55:01,2026-09-23 00:50:33,10,268.0,332.0,6,Running,
1,66af6071-e91c-47a7-9e5b-d13814ea93e1,2026-09-23T00:55:01.331+00:00,2026-09-23T00:55:01.551+00:00,21072-30059,washers,50170072,42000000,2026-09-23 00:55:01,2026-09-23 00:52:13,10,168.0,432.0,8,Running,
1,66af6071-e91c-47a7-9e5b-d13814ea93e1,2026-09-23T00:55:01.331+00:00,2026-09-23T00:55:01.551+00:00,21072-30059,washers,20483408,72000000,2026-09-23 00:55:01,2024-12-20 00:43:32,0,55469489.0,-55469489.0,,Available,website maps this code to Available
1,66af6071-e91c-47a7-9e5b-d13814ea93e1,2026-09-23T00:55:01.331+00:00,2026-09-23T00:55:01.551+00:00,21072-30059,washers,50170055,42000000,2026-09-23 00:55:01,2026-09-23 00:54:15,10,46.0,554.0,10,Running,
1,66af6071-e91c-47a7-9e5b-d13814ea93e1,2026-09-23T00:55:01.331+00:00,2026-09-23T00:55:01.551+00:00,21072-30059,dryers,50170058,72000000,2026-09-23 00:55:01,2026-09-12 03:29:03,46,941158.0,-938398.0,,Available,website maps this code to Available
1,66af6071-e91c-47a7-9e5b-d13814ea93e1,2026-09-23T00:55:01.331+00:00,2026-09-23T00:55:01.551+00:00,21072-30059,dryers,50170061,72000000,2026-09-23 00:55:01,2026-09-22 22:55:19,46,7182.0,-4422.0,,Available,website maps this code to Available
1,66af6071-e91c-47a7-9e5b-d13814ea93e1,2026-09-23T00:55:01.331+00:00,2026-09-23T00:55:01.551+00:00,21072-30059,dryers,50170081,72000000,2026-09-23 00:55:01,2026-09-22 22:55:35,46,7166.0,-4406.0,,Available,website maps this code to Available
1,66af6071-e91c-47a7-9e5b-d13814ea93e1,2026-09-23T00:55:01.331+00:00,2026-09-23T00:55:01.551+00:00,21072-30059,dryers,50170060,52000000,2026-09-23 00:55:01,2026-09-22 22:10:55,23,9846.0,-8466.0,,Available,website fallback: report over 1 hour old
1,66af6071-e91c-47a7-9e5b-d13814ea93e1,2026-09-23T00:55:01.331+00:00,2026-09-23T00:55:01.551+00:00,21072-30059,dryers,50170087,52000000,2026-09-23 00:55:01,2026-09-22 22:12:10,23,9771.0,-8391.0,,Available,website fallback: report over 1 hour old
1,66af6071-e91c-47a7-9e5b-d13814ea93e1,2026-09-23T00:55:01.331+00:00,2026-09-23T00:55:01.551+00:00,21072-30059,dryers,50170064,72000000,2026-09-23 00:55:01,2026-09-22 07:01:55,46,64386.0,-61626.0,,Available,website maps this code to Available
1,66af6071-e91c-47a7-9e5b-d13814ea93e1,2026-09-23T00:55:01.331+00:00,2026-09-23T00:55:01.551+00:00,21072-30059,dryers,50170065,72000000,2026-09-23 00:55:01,2026-09-22 22:14:28,46,9633.0,-6873.0,,Available,website maps this code to Available
1,66af6071-e91c-47a7-9e5b-d13814ea93e1,2026-09-23T00:55:01.331+00:00,2026-09-23T00:55:01.551+00:00,21072-30059,dryers,50170059,52000000,2026-09-23 00:55:01,2026-09-22 22:15:07,23,9594.0,-8214.0,,Available,website fallback: report over 1 hour old
1,66af6071-e91c-47a7-9e5b-d13814ea93e1,2026-09-23T00:55:01.331+00:00,2026-09-23T00:55:01.551+00:00,21072-30059,dryers,50170057,72000000,2026-09-23 00:55:01,2026-09-22 22:55:47,46,7154.0,-4394.0,,Available,website maps this code to Available
1,66af6071-e91c-47a7-9e5b-d13814ea93e1,2026-09-23T00:55:01.331+00:00,2026-09-23T00:55:01.551+00:00,21072-30059,dryers,50170062,72000000,2026-09-23 00:55:01,2026-09-22 23:06:22,46,6519.0,-3759.0,,Available,website maps this code to Available
1,66af6071-e91c-47a7-9e5b-d13814ea93e1,2026-09-23T00:55:01.331+00:00,2026-09-23T00:55:01.551+00:00,21072-30059,dryers,50170067,52000000,2026-09-23 00:55:01,2026-09-22 23:44:57,23,4204.0,-2824.0,,Available,website fallback: report over 1 hour old
1,66af6071-e91c-47a7-9e5b-d13814ea93e1,2026-09-23T00:55:01.331+00:00,2026-09-23T00:55:01.551+00:00,21072-30059,dryers,50170074,72000000,2026-09-23 00:55:01,2026-09-22 20:42:32,46,15149.0,-12389.0,,Available,website maps this code to Available
1,66af6071-e91c-47a7-9e5b-d13814ea93e1,2026-09-23T00:55:01.331+00:00,2026-09-23T00:55:01.551+00:00,21072-30059,dryers,50170071,72000000,2026-09-23 00:55:01,2026-09-22 21:56:40,46,10701.0,-7941.0,,Available,website maps this code to Available
1,66af6071-e91c-47a7-9e5b-d13814ea93e1,2026-09-23T00:55:01.331+00:00,2026-09-23T00:55:01.551+00:00,21072-30059,dryers,50170054,52000000,2026-09-23 00:55:01,2026-09-23 00:41:38,23,803.0,577.0,,Finished,
1,bd491601-d9ba-43bb-810e-7ceb545e7eed,2026-09-23T00:56:01.292+00:00,2026-09-23T00:56:01.471+00:00,21072-30059,washers,50170051,72000000,2026-09-23 00:56:01,2026-09-22 21:24:15,29,12706.0,-10966.0,,Available,website maps this code to Available
1,bd491601-d9ba-43bb-810e-7ceb545e7eed,2026-09-23T00:56:01.292+00:00,2026-09-23T00:56:01.471+00:00,21072-30059,washers,50170080,52000000,2026-09-23 00:56:01,2026-09-23 00:48:16,29,465.0,1275.0,,Finished,
1,bd491601-d9ba-43bb-810e-7ceb545e7eed,2026-09-23T00:56:01.292+00:00,2026-09-23T00:56:01.471+00:00,21072-30059,washers,50170075,52000000,2026-09-23 00:56:01,2026-09-23 00:53:10,29,171.0,1569.0,,Finished,
1,bd491601-d9ba-43bb-810e-7ceb545e7eed,2026-09-23T00:56:01.292+00:00,2026-09-23T00:56:01.471+00:00,21072-30059,washers,50170082,42000000,2026-09-23 00:56:01,2026-09-23 00:37:32,35,1109.0,991.0,17,Running,
1,bd491601-d9ba-43bb-810e-7ceb545e7eed,2026-09-23T00:56:01.292+00:00,2026-09-23T00:56:01.471+00:00,21072-30059,washers,50170050,42000000,2026-09-23 00:56:01,2026-09-23 00:39:39,35,982.0,1118.0,19,Running,
1,bd491601-d9ba-43bb-810e-7ceb545e7eed,2026-09-23T00:56:01.292+00:00,2026-09-23T00:56:01.471+00:00,21072-30059,washers,50170052,42000000,2026-09-23 00:56:01,2026-09-23 00:40:24,26,937.0,623.0,11,Running,
1,bd491601-d9ba-43bb-810e-7ceb545e7eed,2026-09-23T00:56:01.292+00:00,2026-09-23T00:56:01.471+00:00,21072-30059,washers,50170078,72000000,2026-09-23 00:56:01,2026-09-22 21:29:00,29,12421.0,-10681.0,,Available,website maps this code to Available
1,bd491601-d9ba-43bb-810e-7ceb545e7eed,2026-09-23T00:56:01.292+00:00,2026-09-23T00:56:01.471+00:00,21072-30059,washers,50170084,72000000,2026-09-23 00:56:01,2026-09-22 07:02:40,29,64401.0,-62661.0,,Available,website maps this code to Available
1,bd491601-d9ba-43bb-810e-7ceb545e7eed,2026-09-23T00:56:01.292+00:00,2026-09-23T00:56:01.471+00:00,21072-30059,washers,50170068,42000000,2026-09-23 00:56:01,2026-09-23 00:50:33,10,328.0,272.0,5,Running,
1,bd491601-d9ba-43bb-810e-7ceb545e7eed,2026-09-23T00:56:01.292+00:00,2026-09-23T00:56:01.471+00:00,21072-30059,washers,50170072,42000000,2026-09-23 00:56:01,2026-09-23 00:52:13,10,228.0,372.0,7,Running,
1,bd491601-d9ba-43bb-810e-7ceb545e7eed,2026-09-23T00:56:01.292+00:00,2026-09-23T00:56:01.471+00:00,21072-30059,washers,20483408,72000000,2026-09-23 00:56:01,2024-12-20 00:43:32,0,55469549.0,-55469549.0,,Available,website maps this code to Available
1,bd491601-d9ba-43bb-810e-7ceb545e7eed,2026-09-23T00:56:01.292+00:00,2026-09-23T00:56:01.471+00:00,21072-30059,washers,50170055,42000000,2026-09-23 00:56:01,2026-09-23 00:54:15,10,106.0,494.0,9,Running,
1,bd491601-d9ba-43bb-810e-7ceb545e7eed,2026-09-23T00:56:01.292+00:00,2026-09-23T00:56:01.471+00:00,21072-30059,dryers,50170058,72000000,2026-09-23 00:56:01,2026-09-12 03:29:03,46,941218.0,-938458.0,,Available,website maps this code to Available
1,bd491601-d9ba-43bb-810e-7ceb545e7eed,2026-09-23T00:56:01.292+00:00,2026-09-23T00:56:01.471+00:00,21072-30059,dryers,50170061,72000000,2026-09-23 00:56:01,2026-09-22 22:55:19,46,7242.0,-4482.0,,Available,website maps this code to Available
1,bd491601-d9ba-43bb-810e-7ceb545e7eed,2026-09-23T00:56:01.292+00:00,2026-09-23T00:56:01.471+00:00,21072-30059,dryers,50170081,72000000,2026-09-23 00:56:01,2026-09-22 22:55:35,46,7226.0,-4466.0,,Available,website maps this code to Available
1,bd491601-d9ba-43bb-810e-7ceb545e7eed,2026-09-23T00:56:01.292+00:00,2026-09-23T00:56:01.471+00:00,21072-30059,dryers,50170060,52000000,2026-09-23 00:56:01,2026-09-22 22:10:55,23,9906.0,-8526.0,,Available,website fallback: report over 1 hour old
1,bd491601-d9ba-43bb-810e-7ceb545e7eed,2026-09-23T00:56:01.292+00:00,2026-09-23T00:56:01.471+00:00,21072-30059,dryers,50170087,52000000,2026-09-23 00:56:01,2026-09-22 22:12:10,23,9831.0,-8451.0,,Available,website fallback: report over 1 hour old
1,bd491601-d9ba-43bb-810e-7ceb545e7eed,2026-09-23T00:56:01.292+00:00,2026-09-23T00:56:01.471+00:00,21072-30059,dryers,50170064,72000000,2026-09-23 00:56:01,2026-09-22 07:01:55,46,64446.0,-61686.0,,Available,website maps this code to Available
1,bd491601-d9ba-43bb-810e-7ceb545e7eed,2026-09-23T00:56:01.292+00:00,2026-09-23T00:56:01.471+00:00,21072-30059,dryers,50170065,72000000,2026-09-23 00:56:01,2026-09-22 22:14:28,46,9693.0,-6933.0,,Available,website maps this code to Available
1,bd491601-d9ba-43bb-810e-7ceb545e7eed,2026-09-23T00:56:01.292+00:00,2026-09-23T00:56:01.471+00:00,21072-30059,dryers,50170059,52000000,2026-09-23 00:56:01,2026-09-22 22:15:07,23,9654.0,-8274.0,,Available,website fallback: report over 1 hour old
1,bd491601-d9ba-43bb-810e-7ceb545e7eed,2026-09-23T00:56:01.292+00:00,2026-09-23T00:56:01.471+00:00,21072-30059,dryers,50170057,72000000,2026-09-23 00:56:01,2026-09-22 22:55:47,46,7214.0,-4454.0,,Available,website maps this code to Available
1,bd491601-d9ba-43bb-810e-7ceb545e7eed,2026-09-23T00:56:01.292+00:00,2026-09-23T00:56:01.471+00:00,21072-30059,dryers,50170062,72000000,2026-09-23 00:56:01,2026-09-22 23:06:22,46,6579.0,-3819.0,,Available,website maps this code to Available
1,bd491601-d9ba-43bb-810e-7ceb545e7eed,2026-09-23T00:56:01.292+00:00,2026-09-23T00:56:01.471+00:00,21072-30059,dryers,50170067,52000000,2026-09-23 00:56:01,2026-09-22 23:44:57,23,4264.0,-2884.0,,Available,website fallback: report over 1 hour old
1,bd491601-d9ba-43bb-810e-7ceb545e7eed,2026-09-23T00:56:01.292+00:00,2026-09-23T00:56:01.471+00:00,21072-30059,dryers,50170074,72000000,2026-09-23 00:56:01,2026-09-22 20:42:32,46,15209.0,-12449.0,,Available,website maps this code to Available
1,bd491601-d9ba-43bb-810e-7ceb545e7eed,2026-09-23T00:56:01.292+00:00,2026-09-23T00:56:01.471+00:00,21072-30059,dryers,50170071,72000000,2026-09-23 00:56:01,2026-09-22 21:56:40,46,10761.0,-8001.0,,Available,website maps this code to Available
1,bd491601-d9ba-43bb-810e-7ceb545e7eed,2026-09-23T00:56:01.292+00:00,2026-09-23T00:56:01.471+00:00,21072-30059,dryers,50170054,52000000,2026-09-23 00:56:01,2026-09-23 00:41:38,23,863.0,517.0,,Finished,
1,05cfc46b-ba84-43c5-8344-92610be96618,2026-09-23T00:57:01.285+00:00,2026-09-23T00:57:01.463+00:00,21072-30059,washers,50170051,72000000,2026-09-23 00:57:01,2026-09-22 21:24:15,29,12766.0,-11026.0,,Available,website maps this code to Available
1,05cfc46b-ba84-43c5-8344-92610be96618,2026-09-23T00:57:01.285+00:00,2026-09-23T00:57:01.463+00:00,21072-30059,washers,50170080,52000000,2026-09-23 00:57:01,2026-09-23 00:48:16,29,525.0,1215.0,,Finished,
1,05cfc46b-ba84-43c5-8344-92610be96618,2026-09-23T00:57:01.285+00:00,2026-09-23T00:57:01.463+00:00,21072-30059,washers,50170075,52000000,2026-09-23 00:57:01,2026-09-23 00:53:10,29,231.0,1509.0,,Finished,
1,05cfc46b-ba84-43c5-8344-92610be96618,2026-09-23T00:57:01.285+00:00,2026-09-23T00:57:01.463+00:00,21072-30059,washers,50170082,42000000,2026-09-23 00:57:01,2026-09-23 00:37:32,35,1169.0,931.0,16,Running,
1,05cfc46b-ba84-43c5-8344-92610be96618,2026-09-23T00:57:01.285+00:00,2026-09-23T00:57:01.463+00:00,21072-30059,washers,50170050,42000000,2026-09-23 00:57:01,2026-09-23 00:39:39,35,1042.0,1058.0,18,Running,
1,05cfc46b-ba84-43c5-8344-92610be96618,2026-09-23T00:57:01.285+00:00,2026-09-23T00:57:01.463+00:00,21072-30059,washers,50170052,42000000,2026-09-23 00:57:01,2026-09-23 00:40:24,26,997.0,563.0,10,Running,
1,05cfc46b-ba84-43c5-8344-92610be96618,2026-09-23T00:57:01.285+00:00,2026-09-23T00:57:01.463+00:00,21072-30059,washers,50170078,72000000,2026-09-23 00:57:01,2026-09-22 21:29:00,29,12481.0,-10741.0,,Available,website maps this code to Available
1,05cfc46b-ba84-43c5-8344-92610be96618,2026-09-23T00:57:01.285+00:00,2026-09-23T00:57:01.463+00:00,21072-30059,washers,50170084,72000000,2026-09-23 00:57:01,2026-09-22 07:02:40,29,64461.0,-62721.0,,Available,website maps this code to Available
1,05cfc46b-ba84-43c5-8344-92610be96618,2026-09-23T00:57:01.285+00:00,2026-09-23T00:57:01.463+00:00,21072-30059,washers,50170068,42000000,2026-09-23 00:57:01,2026-09-23 00:50:33,10,388.0,212.0,4,Running,
1,05cfc46b-ba84-43c5-8344-92610be96618,2026-09-23T00:57:01.285+00:00,2026-09-23T00:57:01.463+00:00,21072-30059,washers,50170072,42000000,2026-09-23 00:57:01,2026-09-23 00:52:13,10,288.0,312.0,6,Running,
1,05cfc46b-ba84-43c5-8344-92610be96618,2026-09-23T00:57:01.285+00:00,2026-09-23T00:57:01.463+00:00,21072-30059,washers,20483408,72000000,2026-09-23 00:57:01,2024-12-20 00:43:32,0,55469609.0,-55469609.0,,Available,website maps this code to Available
1,05cfc46b-ba84-43c5-8344-92610be96618,2026-09-23T00:57:01.285+00:00,2026-09-23T00:57:01.463+00:00,21072-30059,washers,50170055,42000000,2026-09-23 00:57:01,2026-09-23 00:54:15,10,166.0,434.0,8,Running,
1,05cfc46b-ba84-43c5-8344-92610be96618,2026-09-23T00:57:01.285+00:00,2026-09-23T00:57:01.463+00:00,21072-30059,dryers,50170058,72000000,2026-09-23 00:57:01,2026-09-12 03:29:03,46,941278.0,-938518.0,,Available,website maps this code to Available
1,05cfc46b-ba84-43c5-8344-92610be96618,2026-09-23T00:57:01.285+00:00,2026-09-23T00:57:01.463+00:00,21072-30059,dryers,50170061,72000000,2026-09-23 00:57:01,2026-09-22 22:55:19,46,7302.0,-4542.0,,Available,website maps this code to Available
1,05cfc46b-ba84-43c5-8344-92610be96618,2026-09-23T00:57:01.285+00:00,2026-09-23T00:57:01.463+00:00,21072-30059,dryers,50170081,72000000,2026-09-23 00:57:01,2026-09-22 22:55:35,46,7286.0,-4526.0,,Available,website maps this code to Available
1,05cfc46b-ba84-43c5-8344-92610be96618,2026-09-23T00:57:01.285+00:00,2026-09-23T00:57:01.463+00:00,21072-30059,dryers,50170060,52000000,2026-09-23 00:57:01,2026-09-22 22:10:55,23,9966.0,-8586.0,,Available,website fallback: report over 1 hour old
1,05cfc46b-ba84-43c5-8344-92610be96618,2026-09-23T00:57:01.285+00:00,2026-09-23T00:57:01.463+00:00,21072-30059,dryers,50170087,52000000,2026-09-23 00:57:01,2026-09-22 22:12:10,23,9891.0,-8511.0,,Available,website fallback: report over 1 hour old
1,05cfc46b-ba84-43c5-8344-92610be96618,2026-09-23T00:57:01.285+00:00,2026-09-23T00:57:01.463+00:00,21072-30059,dryers,50170064,72000000,2026-09-23 00:57:01,2026-09-22 07:01:55,46,64506.0,-61746.0,,Available,website maps this code to Available
1,05cfc46b-ba84-43c5-8344-92610be96618,2026-09-23T00:57:01.285+00:00,2026-09-23T00:57:01.463+00:00,21072-30059,dryers,50170065,72000000,2026-09-23 00:57:01,2026-09-22 22:14:28,46,9753.0,-6993.0,,Available,website maps this code to Available
1,05cfc46b-ba84-43c5-8344-92610be96618,2026-09-23T00:57:01.285+00:00,2026-09-23T00:57:01.463+00:00,21072-30059,dryers,50170059,52000000,2026-09-23 00:57:01,2026-09-22 22:15:07,23,9714.0,-8334.0,,Available,website fallback: report over 1 hour old
1,05cfc46b-ba84-43c5-8344-92610be96618,2026-09-23T00:57:01.285+00:00,2026-09-23T00:57:01.463+00:00,21072-30059,dryers,50170057,72000000,2026-09-23 00:57:01,2026-09-22 22:55:47,46,7274.0,-4514.0,,Available,website maps this code to Available
1,05cfc46b-ba84-43c5-8344-92610be96618,2026-09-23T00:57:01.285+00:00,2026-09-23T00:57:01.463+00:00,21072-30059,dryers,50170062,72000000,2026-09-23 00:57:01,2026-09-22 23:06:22,46,6639.0,-3879.0,,Available,website maps this code to Available
1,05cfc46b-ba84-43c5-8344-92610be96618,2026-09-23T00:57:01.285+00:00,2026-09-23T00:57:01.463+00:00,21072-30059,dryers,50170067,52000000,2026-09-23 00:57:01,2026-09-22 23:44:57,23,4324.0,-2944.0,,Available,website fallback: report over 1 hour old
1,05cfc46b-ba84-43c5-8344-92610be96618,2026-09-23T00:57:01.285+00:00,2026-09-23T00:57:01.463+00:00,21072-30059,dryers,50170074,72000000,2026-09-23 00:57:01,2026-09-22 20:42:32,46,15269.0,-12509.0,,Available,website maps this code to Available
1,05cfc46b-ba84-43c5-8344-92610be96618,2026-09-23T00:57:01.285+00:00,2026-09-23T00:57:01.463+00:00,21072-30059,dryers,50170071,72000000,2026-09-23 00:57:01,2026-09-22 21:56:40,46,10821.0,-8061.0,,Available,website maps this code to Available
1,05cfc46b-ba84-43c5-8344-92610be96618,2026-09-23T00:57:01.285+00:00,2026-09-23T00:57:01.463+00:00,21072-30059,dryers,50170054,52000000,2026-09-23 00:57:01,2026-09-23 00:41:38,23,923.0,457.0,,Finished,
1,733b07b0-bf0b-4638-ab44-06b7c61b92a3,2026-09-23T00:58:01.275+00:00,2026-09-23T00:58:01.483+00:00,21072-30059,washers,50170051,72000000,2026-09-23 00:58:01,2026-09-22 21:24:15,29,12826.0,-11086.0,,Available,website maps this code to Available
1,733b07b0-bf0b-4638-ab44-06b7c61b92a3,2026-09-23T00:58:01.275+00:00,2026-09-23T00:58:01.483+00:00,21072-30059,washers,50170080,52000000,2026-09-23 00:58:01,2026-09-23 00:48:16,29,585.0,1155.0,,Finished,
1,733b07b0-bf0b-4638-ab44-06b7c61b92a3,2026-09-23T00:58:01.275+00:00,2026-09-23T00:58:01.483+00:00,21072-30059,washers,50170075,52000000,2026-09-23 00:58:01,2026-09-23 00:53:10,29,291.0,1449.0,,Finished,
1,733b07b0-bf0b-4638-ab44-06b7c61b92a3,2026-09-23T00:58:01.275+00:00,2026-09-23T00:58:01.483+00:00,21072-30059,washers,50170082,42000000,2026-09-23 00:58:01,2026-09-23 00:37:32,35,1229.0,871.0,15,Running,
1,733b07b0-bf0b-4638-ab44-06b7c61b92a3,2026-09-23T00:58:01.275+00:00,2026-09-23T00:58:01.483+00:00,21072-30059,washers,50170050,42000000,2026-09-23 00:58:01,2026-09-23 00:39:39,35,1102.0,998.0,17,Running,
1,733b07b0-bf0b-4638-ab44-06b7c61b92a3,2026-09-23T00:58:01.275+00:00,2026-09-23T00:58:01.483+00:00,21072-30059,washers,50170052,42000000,2026-09-23 00:58:01,2026-09-23 00:40:24,26,1057.0,503.0,9,Running,
1,733b07b0-bf0b-4638-ab44-06b7c61b92a3,2026-09-23T00:58:01.275+00:00,2026-09-23T00:58:01.483+00:00,21072-30059,washers,50170078,72000000,2026-09-23 00:58:01,2026-09-22 21:29:00,29,12541.0,-10801.0,,Available,website maps this code to Available
1,733b07b0-bf0b-4638-ab44-06b7c61b92a3,2026-09-23T00:58:01.275+00:00,2026-09-23T00:58:01.483+00:00,21072-30059,washers,50170084,72000000,2026-09-23 00:58:01,2026-09-22 07:02:40,29,64521.0,-62781.0,,Available,website maps this code to Available
1,733b07b0-bf0b-4638-ab44-06b7c61b92a3,2026-09-23T00:58:01.275+00:00,2026-09-23T00:58:01.483+00:00,21072-30059,washers,50170068,42000000,2026-09-23 00:58:01,2026-09-23 00:50:33,10,448.0,152.0,3,Running,
1,733b07b0-bf0b-4638-ab44-06b7c61b92a3,2026-09-23T00:58:01.275+00:00,2026-09-23T00:58:01.483+00:00,21072-30059,washers,50170072,42000000,2026-09-23 00:58:01,2026-09-23 00:52:13,10,348.0,252.0,5,Running,
1,733b07b0-bf0b-4638-ab44-06b7c61b92a3,2026-09-23T00:58:01.275+00:00,2026-09-23T00:58:01.483+00:00,21072-30059,washers,20483408,72000000,2026-09-23 00:58:01,2024-12-20 00:43:32,0,55469669.0,-55469669.0,,Available,website maps this code to Available
1,733b07b0-bf0b-4638-ab44-06b7c61b92a3,2026-09-23T00:58:01.275+00:00,2026-09-23T00:58:01.483+00:00,21072-30059,washers,50170055,42000000,2026-09-23 00:58:01,2026-09-23 00:54:15,10,226.0,374.0,7,Running,
1,733b07b0-bf0b-4638-ab44-06b7c61b92a3,2026-09-23T00:58:01.275+00:00,2026-09-23T00:58:01.483+00:00,21072-30059,dryers,50170058,72000000,2026-09-23 00:58:01,2026-09-12 03:29:03,46,941338.0,-938578.0,,Available,website maps this code to Available
1,733b07b0-bf0b-4638-ab44-06b7c61b92a3,2026-09-23T00:58:01.275+00:00,2026-09-23T00:58:01.483+00:00,21072-30059,dryers,50170061,72000000,2026-09-23 00:58:01,2026-09-22 22:55:19,46,7362.0,-4602.0,,Available,website maps this code to Available
1,733b07b0-bf0b-4638-ab44-06b7c61b92a3,2026-09-23T00:58:01.275+00:00,2026-09-23T00:58:01.483+00:00,21072-30059,dryers,50170081,72000000,2026-09-23 00:58:01,2026-09-22 22:55:35,46,7346.0,-4586.0,,Available,website maps this code to Available
1,733b07b0-bf0b-4638-ab44-06b7c61b92a3,2026-09-23T00:58:01.275+00:00,2026-09-23T00:58:01.483+00:00,21072-30059,dryers,50170060,52000000,2026-09-23 00:58:01,2026-09-22 22:10:55,23,10026.0,-8646.0,,Available,website fallback: report over 1 hour old
1,733b07b0-bf0b-4638-ab44-06b7c61b92a3,2026-09-23T00:58:01.275+00:00,2026-09-23T00:58:01.483+00:00,21072-30059,dryers,50170087,52000000,2026-09-23 00:58:01,2026-09-22 22:12:10,23,9951.0,-8571.0,,Available,website fallback: report over 1 hour old
1,733b07b0-bf0b-4638-ab44-06b7c61b92a3,2026-09-23T00:58:01.275+00:00,2026-09-23T00:58:01.483+00:00,21072-30059,dryers,50170064,72000000,2026-09-23 00:58:01,2026-09-22 07:01:55,46,64566.0,-61806.0,,Available,website maps this code to Available
1,733b07b0-bf0b-4638-ab44-06b7c61b92a3,2026-09-23T00:58:01.275+00:00,2026-09-23T00:58:01.483+00:00,21072-30059,dryers,50170065,72000000,2026-09-23 00:58:01,2026-09-22 22:14:28,46,9813.0,-7053.0,,Available,website maps this code to Available
1,733b07b0-bf0b-4638-ab44-06b7c61b92a3,2026-09-23T00:58:01.275+00:00,2026-09-23T00:58:01.483+00:00,21072-30059,dryers,50170059,52000000,2026-09-23 00:58:01,2026-09-22 22:15:07,23,9774.0,-8394.0,,Available,website fallback: report over 1 hour old
1,733b07b0-bf0b-4638-ab44-06b7c61b92a3,2026-09-23T00:58:01.275+00:00,2026-09-23T00:58:01.483+00:00,21072-30059,dryers,50170057,72000000,2026-09-23 00:58:01,2026-09-22 22:55:47,46,7334.0,-4574.0,,Available,website maps this code to Available
1,733b07b0-bf0b-4638-ab44-06b7c61b92a3,2026-09-23T00:58:01.275+00:00,2026-09-23T00:58:01.483+00:00,21072-30059,dryers,50170062,72000000,2026-09-23 00:58:01,2026-09-22 23:06:22,46,6699.0,-3939.0,,Available,website maps this code to Available
1,733b07b0-bf0b-4638-ab44-06b7c61b92a3,2026-09-23T00:58:01.275+00:00,2026-09-23T00:58:01.483+00:00,21072-30059,dryers,50170067,52000000,2026-09-23 00:58:01,2026-09-22 23:44:57,23,4384.0,-3004.0,,Available,website fallback: report over 1 hour old
1,733b07b0-bf0b-4638-ab44-06b7c61b92a3,2026-09-23T00:58:01.275+00:00,2026-09-23T00:58:01.483+00:00,21072-30059,dryers,50170074,72000000,2026-09-23 00:58:01,2026-09-22 20:42:32,46,15329.0,-12569.0,,Available,website maps this code to Available
1,733b07b0-bf0b-4638-ab44-06b7c61b92a3,2026-09-23T00:58:01.275+00:00,2026-09-23T00:58:01.483+00:00,21072-30059,dryers,50170071,72000000,2026-09-23 00:58:01,2026-09-22 21:56:40,46,10881.0,-8121.0,,Available,website maps this code to Available
1,733b07b0-bf0b-4638-ab44-06b7c61b92a3,2026-09-23T00:58:01.275+00:00,2026-09-23T00:58:01.483+00:00,21072-30059,dryers,50170054,52000000,2026-09-23 00:58:01,2026-09-23 00:41:38,23,983.0,397.0,,Finished,
1,4765479b-2516-455e-a196-a65ae8b4a809,2026-09-23T00:59:01.290+00:00,2026-09-23T00:59:01.483+00:00,21072-30059,washers,50170051,72000000,2026-09-23 00:59:01,2026-09-22 21:24:15,29,12886.0,-11146.0,,Available,website maps this code to Available
1,4765479b-2516-455e-a196-a65ae8b4a809,2026-09-23T00:59:01.290+00:00,2026-09-23T00:59:01.483+00:00,21072-30059,washers,50170080,52000000,2026-09-23 00:59:01,2026-09-23 00:48:16,29,645.0,1095.0,,Finished,
1,4765479b-2516-455e-a196-a65ae8b4a809,2026-09-23T00:59:01.290+00:00,2026-09-23T00:59:01.483+00:00,21072-30059,washers,50170075,52000000,2026-09-23 00:59:01,2026-09-23 00:53:10,29,351.0,1389.0,,Finished,
1,4765479b-2516-455e-a196-a65ae8b4a809,2026-09-23T00:59:01.290+00:00,2026-09-23T00:59:01.483+00:00,21072-30059,washers,50170082,42000000,2026-09-23 00:59:01,2026-09-23 00:37:32,35,1289.0,811.0,14,Running,
1,4765479b-2516-455e-a196-a65ae8b4a809,2026-09-23T00:59:01.290+00:00,2026-09-23T00:59:01.483+00:00,21072-30059,washers,50170050,42000000,2026-09-23 00:59:01,2026-09-23 00:39:39,35,1162.0,938.0,16,Running,
1,4765479b-2516-455e-a196-a65ae8b4a809,2026-09-23T00:59:01.290+00:00,2026-09-23T00:59:01.483+00:00,21072-30059,washers,50170052,42000000,2026-09-23 00:59:01,2026-09-23 00:40:24,26,1117.0,443.0,8,Running,
1,4765479b-2516-455e-a196-a65ae8b4a809,2026-09-23T00:59:01.290+00:00,2026-09-23T00:59:01.483+00:00,21072-30059,washers,50170078,72000000,2026-09-23 00:59:01,2026-09-22 21:29:00,29,12601.0,-10861.0,,Available,website maps this code to Available
1,4765479b-2516-455e-a196-a65ae8b4a809,2026-09-23T00:59:01.290+00:00,2026-09-23T00:59:01.483+00:00,21072-30059,washers,50170084,72000000,2026-09-23 00:59:01,2026-09-22 07:02:40,29,64581.0,-62841.0,,Available,website maps this code to Available
1,4765479b-2516-455e-a196-a65ae8b4a809,2026-09-23T00:59:01.290+00:00,2026-09-23T00:59:01.483+00:00,21072-30059,washers,50170068,42000000,2026-09-23 00:59:01,2026-09-23 00:50:33,10,508.0,92.0,2,Running,
1,4765479b-2516-455e-a196-a65ae8b4a809,2026-09-23T00:59:01.290+00:00,2026-09-23T00:59:01.483+00:00,21072-30059,washers,50170072,42000000,2026-09-23 00:59:01,2026-09-23 00:52:13,10,408.0,192.0,4,Running,
1,4765479b-2516-455e-a196-a65ae8b4a809,2026-09-23T00:59:01.290+00:00,2026-09-23T00:59:01.483+00:00,21072-30059,washers,20483408,72000000,2026-09-23 00:59:01,2024-12-20 00:43:32,0,55469729.0,-55469729.0,,Available,website maps this code to Available
1,4765479b-2516-455e-a196-a65ae8b4a809,2026-09-23T00:59:01.290+00:00,2026-09-23T00:59:01.483+00:00,21072-30059,washers,50170055,42000000,2026-09-23 00:59:01,2026-09-23 00:54:15,10,286.0,314.0,6,Running,
1,4765479b-2516-455e-a196-a65ae8b4a809,2026-09-23T00:59:01.290+00:00,2026-09-23T00:59:01.483+00:00,21072-30059,dryers,50170058,72000000,2026-09-23 00:59:01,2026-09-12 03:29:03,46,941398.0,-938638.0,,Available,website maps this code to Available
1,4765479b-2516-455e-a196-a65ae8b4a809,2026-09-23T00:59:01.290+00:00,2026-09-23T00:59:01.483+00:00,21072-30059,dryers,50170061,72000000,2026-09-23 00:59:01,2026-09-22 22:55:19,46,7422.0,-4662.0,,Available,website maps this code to Available
1,4765479b-2516-455e-a196-a65ae8b4a809,2026-09-23T00:59:01.290+00:00,2026-09-23T00:59:01.483+00:00,21072-30059,dryers,50170081,72000000,2026-09-23 00:59:01,2026-09-22 22:55:35,46,7406.0,-4646.0,,Available,website maps this code to Available
1,4765479b-2516-455e-a196-a65ae8b4a809,2026-09-23T00:59:01.290+00:00,2026-09-23T00:59:01.483+00:00,21072-30059,dryers,50170060,52000000,2026-09-23 00:59:01,2026-09-22 22:10:55,23,10086.0,-8706.0,,Available,website fallback: report over 1 hour old
1,4765479b-2516-455e-a196-a65ae8b4a809,2026-09-23T00:59:01.290+00:00,2026-09-23T00:59:01.483+00:00,21072-30059,dryers,50170087,52000000,2026-09-23 00:59:01,2026-09-22 22:12:10,23,10011.0,-8631.0,,Available,website fallback: report over 1 hour old
1,4765479b-2516-455e-a196-a65ae8b4a809,2026-09-23T00:59:01.290+00:00,2026-09-23T00:59:01.483+00:00,21072-30059,dryers,50170064,72000000,2026-09-23 00:59:01,2026-09-22 07:01:55,46,64626.0,-61866.0,,Available,website maps this code to Available
1,4765479b-2516-455e-a196-a65ae8b4a809,2026-09-23T00:59:01.290+00:00,2026-09-23T00:59:01.483+00:00,21072-30059,dryers,50170065,72000000,2026-09-23 00:59:01,2026-09-22 22:14:28,46,9873.0,-7113.0,,Available,website maps this code to Available
1,4765479b-2516-455e-a196-a65ae8b4a809,2026-09-23T00:59:01.290+00:00,2026-09-23T00:59:01.483+00:00,21072-30059,dryers,50170059,52000000,2026-09-23 00:59:01,2026-09-22 22:15:07,23,9834.0,-8454.0,,Available,website fallback: report over 1 hour old
1,4765479b-2516-455e-a196-a65ae8b4a809,2026-09-23T00:59:01.290+00:00,2026-09-23T00:59:01.483+00:00,21072-30059,dryers,50170057,72000000,2026-09-23 00:59:01,2026-09-22 22:55:47,46,7394.0,-4634.0,,Available,website maps this code to Available
1,4765479b-2516-455e-a196-a65ae8b4a809,2026-09-23T00:59:01.290+00:00,2026-09-23T00:59:01.483+00:00,21072-30059,dryers,50170062,72000000,2026-09-23 00:59:01,2026-09-22 23:06:22,46,6759.0,-3999.0,,Available,website maps this code to Available
1,4765479b-2516-455e-a196-a65ae8b4a809,2026-09-23T00:59:01.290+00:00,2026-09-23T00:59:01.483+00:00,21072-30059,dryers,50170067,52000000,2026-09-23 00:59:01,2026-09-22 23:44:57,23,4444.0,-3064.0,,Available,website fallback: report over 1 hour old
1,4765479b-2516-455e-a196-a65ae8b4a809,2026-09-23T00:59:01.290+00:00,2026-09-23T00:59:01.483+00:00,21072-30059,dryers,50170074,72000000,2026-09-23 00:59:01,2026-09-22 20:42:32,46,15389.0,-12629.0,,Available,website maps this code to Available
1,4765479b-2516-455e-a196-a65ae8b4a809,2026-09-23T00:59:01.290+00:00,2026-09-23T00:59:01.483+00:00,21072-30059,dryers,50170071,72000000,2026-09-23 00:59:01,2026-09-22 21:56:40,46,10941.0,-8181.0,,Available,website maps this code to Available
1,4765479b-2516-455e-a196-a65ae8b4a809,2026-09-23T00:59:01.290+00:00,2026-09-23T00:59:01.483+00:00,21072-30059,dryers,50170054,52000000,2026-09-23 00:59:01,2026-09-23 00:41:38,23,1043.0,337.0,,Finished,
1,006fd10f-1d57-47c9-8634-9720f02afbe1,2026-09-23T01:00:01.370+00:00,2026-09-23T01:00:01.601+00:00,21072-30059,washers,50170051,72000000,2026-09-23 01:00:01,2026-09-22 21:24:15,29,12946.0,-11206.0,,Available,website maps this code to Available
1,006fd10f-1d57-47c9-8634-9720f02afbe1,2026-09-23T01:00:01.370+00:00,2026-09-23T01:00:01.601+00:00,21072-30059,washers,50170080,52000000,2026-09-23 01:00:01,2026-09-23 00:48:16,29,705.0,1035.0,,Finished,
1,006fd10f-1d57-47c9-8634-9720f02afbe1,2026-09-23T01:00:01.370+00:00,2026-09-23T01:00:01.601+00:00,21072-30059,washers,50170075,52000000,2026-09-23 01:00:01,2026-09-23 00:53:10,29,411.0,1329.0,,Finished,
1,006fd10f-1d57-47c9-8634-9720f02afbe1,2026-09-23T01:00:01.370+00:00,2026-09-23T01:00:01.601+00:00,21072-30059,washers,50170082,42000000,2026-09-23 01:00:01,2026-09-23 00:37:32,35,1349.0,751.0,13,Running,
1,006fd10f-1d57-47c9-8634-9720f02afbe1,2026-09-23T01:00:01.370+00:00,2026-09-23T01:00:01.601+00:00,21072-30059,washers,50170050,42000000,2026-09-23 01:00:01,2026-09-23 00:39:39,35,1222.0,878.0,15,Running,
1,006fd10f-1d57-47c9-8634-9720f02afbe1,2026-09-23T01:00:01.370+00:00,2026-09-23T01:00:01.601+00:00,21072-30059,washers,50170052,42000000,2026-09-23 01:00:01,2026-09-23 00:40:24,26,1177.0,383.0,7,Running,
1,006fd10f-1d57-47c9-8634-9720f02afbe1,2026-09-23T01:00:01.370+00:00,2026-09-23T01:00:01.601+00:00,21072-30059,washers,50170078,72000000,2026-09-23 01:00:01,2026-09-22 21:29:00,29,12661.0,-10921.0,,Available,website maps this code to Available
1,006fd10f-1d57-47c9-8634-9720f02afbe1,2026-09-23T01:00:01.370+00:00,2026-09-23T01:00:01.601+00:00,21072-30059,washers,50170084,72000000,2026-09-23 01:00:01,2026-09-22 07:02:40,29,64641.0,-62901.0,,Available,website maps this code to Available
1,006fd10f-1d57-47c9-8634-9720f02afbe1,2026-09-23T01:00:01.370+00:00,2026-09-23T01:00:01.601+00:00,21072-30059,washers,50170068,42000000,2026-09-23 01:00:01,2026-09-23 00:50:33,10,568.0,32.0,1,Running,
1,006fd10f-1d57-47c9-8634-9720f02afbe1,2026-09-23T01:00:01.370+00:00,2026-09-23T01:00:01.601+00:00,21072-30059,washers,50170072,42000000,2026-09-23 01:00:01,2026-09-23 00:52:13,10,468.0,132.0,3,Running,
1,006fd10f-1d57-47c9-8634-9720f02afbe1,2026-09-23T01:00:01.370+00:00,2026-09-23T01:00:01.601+00:00,21072-30059,washers,20483408,72000000,2026-09-23 01:00:01,2024-12-20 00:43:32,0,55469789.0,-55469789.0,,Available,website maps this code to Available
1,006fd10f-1d57-47c9-8634-9720f02afbe1,2026-09-23T01:00:01.370+00:00,2026-09-23T01:00:01.601+00:00,21072-30059,washers,50170055,42000000,2026-09-23 01:00:01,2026-09-23 00:54:15,10,346.0,254.0,5,Running,
1,006fd10f-1d57-47c9-8634-9720f02afbe1,2026-09-23T01:00:01.370+00:00,2026-09-23T01:00:01.601+00:00,21072-30059,dryers,50170058,72000000,2026-09-23 01:00:01,2026-09-12 03:29:03,46,941458.0,-938698.0,,Available,website maps this code to Available
1,006fd10f-1d57-47c9-8634-9720f02afbe1,2026-09-23T01:00:01.370+00:00,2026-09-23T01:00:01.601+00:00,21072-30059,dryers,50170061,72000000,2026-09-23 01:00:01,2026-09-22 22:55:19,46,7482.0,-4722.0,,Available,website maps this code to Available
1,006fd10f-1d57-47c9-8634-9720f02afbe1,2026-09-23T01:00:01.370+00:00,2026-09-23T01:00:01.601+00:00,21072-30059,dryers,50170081,72000000,2026-09-23 01:00:01,2026-09-22 22:55:35,46,7466.0,-4706.0,,Available,website maps this code to Available
1,006fd10f-1d57-47c9-8634-9720f02afbe1,2026-09-23T01:00:01.370+00:00,2026-09-23T01:00:01.601+00:00,21072-30059,dryers,50170060,52000000,2026-09-23 01:00:01,2026-09-22 22:10:55,23,10146.0,-8766.0,,Available,website fallback: report over 1 hour old
1,006fd10f-1d57-47c9-8634-9720f02afbe1,2026-09-23T01:00:01.370+00:00,2026-09-23T01:00:01.601+00:00,21072-30059,dryers,50170087,52000000,2026-09-23 01:00:01,2026-09-22 22:12:10,23,10071.0,-8691.0,,Available,website fallback: report over 1 hour old
1,006fd10f-1d57-47c9-8634-9720f02afbe1,2026-09-23T01:00:01.370+00:00,2026-09-23T01:00:01.601+00:00,21072-30059,dryers,50170064,72000000,2026-09-23 01:00:01,2026-09-22 07:01:55,46,64686.0,-61926.0,,Available,website maps this code to Available
1,006fd10f-1d57-47c9-8634-9720f02afbe1,2026-09-23T01:00:01.370+00:00,2026-09-23T01:00:01.601+00:00,21072-30059,dryers,50170065,72000000,2026-09-23 01:00:01,2026-09-22 22:14:28,46,9933.0,-7173.0,,Available,website maps this code to Available
1,006fd10f-1d57-47c9-8634-9720f02afbe1,2026-09-23T01:00:01.370+00:00,2026-09-23T01:00:01.601+00:00,21072-30059,dryers,50170059,52000000,2026-09-23 01:00:01,2026-09-22 22:15:07,23,9894.0,-8514.0,,Available,website fallback: report over 1 hour old
1,006fd10f-1d57-47c9-8634-9720f02afbe1,2026-09-23T01:00:01.370+00:00,2026-09-23T01:00:01.601+00:00,21072-30059,dryers,50170057,72000000,2026-09-23 01:00:01,2026-09-22 22:55:47,46,7454.0,-4694.0,,Available,website maps this code to Available
1,006fd10f-1d57-47c9-8634-9720f02afbe1,2026-09-23T01:00:01.370+00:00,2026-09-23T01:00:01.601+00:00,21072-30059,dryers,50170062,72000000,2026-09-23 01:00:01,2026-09-22 23:06:22,46,6819.0,-4059.0,,Available,website maps this code to Available
1,006fd10f-1d57-47c9-8634-9720f02afbe1,2026-09-23T01:00:01.370+00:00,2026-09-23T01:00:01.601+00:00,21072-30059,dryers,50170067,52000000,2026-09-23 01:00:01,2026-09-22 23:44:57,23,4504.0,-3124.0,,Available,website fallback: report over 1 hour old
1,006fd10f-1d57-47c9-8634-9720f02afbe1,2026-09-23T01:00:01.370+00:00,2026-09-23T01:00:01.601+00:00,21072-30059,dryers,50170074,72000000,2026-09-23 01:00:01,2026-09-22 20:42:32,46,15449.0,-12689.0,,Available,website maps this code to Available
1,006fd10f-1d57-47c9-8634-9720f02afbe1,2026-09-23T01:00:01.370+00:00,2026-09-23T01:00:01.601+00:00,21072-30059,dryers,50170071,72000000,2026-09-23 01:00:01,2026-09-22 21:56:40,46,11001.0,-8241.0,,Available,website maps this code to Available
1,006fd10f-1d57-47c9-8634-9720f02afbe1,2026-09-23T01:00:01.370+00:00,2026-09-23T01:00:01.601+00:00,21072-30059,dryers,50170054,52000000,2026-09-23 01:00:01,2026-09-23 00:41:38,23,1103.0,277.0,,Finished,
