schema_version,poll_id,request_started_at_utc,observed_at_utc,room_id,machine_type,machine_id,raw_lmc_status,server_timestamp_raw,machine_report_time_raw,remaining_min_raw,report_age_seconds,adjusted_remaining_seconds,display_minutes_left,website_state,interpretation_note
1,cd1b6351-e198-4c5e-ba2f-4f76be625c62,2026-10-08T00:00:01.225+00:00,2026-10-08T00:00:01.480+00:00,21072-30059,washers,20632118-b,716000000,2026-10-08 00:00:01,2026-10-07 20:53:09,0,11212.0,-11212.0,,Available,website maps this code to Available
1,cd1b6351-e198-4c5e-ba2f-4f76be625c62,2026-10-08T00:00:01.225+00:00,2026-10-08T00:00:01.480+00:00,21072-30059,washers,20632035-b,716000000,2026-10-08 00:00:01,2026-10-07 04:03:57,0,71764.0,-71764.0,,Available,website maps this code to Available
1,cd1b6351-e198-4c5e-ba2f-4f76be625c62,2026-10-08T00:00:01.225+00:00,2026-10-08T00:00:01.480+00:00,21072-30059,washers,20632102-b,716000000,2026-10-08 00:00:01,2026-10-07 23:34:21,0,1540.0,-1540.0,,Available,website maps this code to Available
1,cd1b6351-e198-4c5e-ba2f-4f76be625c62,2026-10-08T00:00:01.225+00:00,2026-10-08T00:00:01.480+00:00,21072-30059,washers,20632060-b,716000000,2026-10-08 00:00:01,2026-10-07 23:19:28,0,2433.0,-2433.0,,Available,website maps this code to Available
1,cd1b6351-e198-4c5e-ba2f-4f76be625c62,2026-10-08T00:00:01.225+00:00,2026-10-08T00:00:01.480+00:00,21072-30059,washers,20632117-b,716000000,2026-10-08 00:00:01,2026-10-07 23:18:55,0,2466.0,-2466.0,,Available,website maps this code to Available
1,cd1b6351-e198-4c5e-ba2f-4f76be625c62,2026-10-08T00:00:01.225+00:00,2026-10-08T00:00:01.480+00:00,21072-30059,washers,20632037-b,716000000,2026-10-08 00:00:01,2026-10-07 20:32:19,0,12462.0,-12462.0,,Available,website maps this code to Available
1,cd1b6351-e198-4c5e-ba2f-4f76be625c62,2026-10-08T00:00:01.225+00:00,2026-10-08T00:00:01.480+00:00,21072-30059,washers,20632092-b,716000000,2026-10-08 00:00:01,2026-10-07 20:33:56,0,12365.0,-12365.0,,Available,website maps this code to Available
1,cd1b6351-e198-4c5e-ba2f-4f76be625c62,2026-10-08T00:00:01.225+00:00,2026-10-08T00:00:01.480+00:00,21072-30059,washers,20632128-b,716000000,2026-10-08 00:00:01,2026-10-07 20:35:15,0,12286.0,-12286.0,,Available,website maps this code to Available
1,cd1b6351-e198-4c5e-ba2f-4f76be625c62,2026-10-08T00:00:01.225+00:00,2026-10-08T00:00:01.480+00:00,21072-30059,washers,20632044-b,716000000,2026-10-08 00:00:01,2026-10-07 06:53:39,0,61582.0,-61582.0,,Available,website maps this code to Available
1,cd1b6351-e198-4c5e-ba2f-4f76be625c62,2026-10-08T00:00:01.225+00:00,2026-10-08T00:00:01.480+00:00,21072-30059,washers,20632094-b,716000000,2026-10-08 00:00:01,2026-10-07 06:07:39,0,64342.0,-64342.0,,Available,website maps this code to Available
1,cd1b6351-e198-4c5e-ba2f-4f76be625c62,2026-10-08T00:00:01.225+00:00,2026-10-08T00:00:01.480+00:00,21072-30059,washers,20632123-b,716000000,2026-10-08 00:00:01,2026-10-07 04:48:18,0,69103.0,-69103.0,,Available,website maps this code to Available
1,cd1b6351-e198-4c5e-ba2f-4f76be625c62,2026-10-08T00:00:01.225+00:00,2026-10-08T00:00:01.480+00:00,21072-30059,washers,20632098-b,616000040,2026-10-08 00:00:01,2026-10-07 04:12:05,0,71276.0,-71276.0,,Error,
1,cd1b6351-e198-4c5e-ba2f-4f76be625c62,2026-10-08T00:00:01.225+00:00,2026-10-08T00:00:01.480+00:00,21072-30059,dryers,20632096-a,716000000,2026-10-08 00:00:01,2026-10-07 01:07:52,0,82329.0,-82329.0,,Available,website maps this code to Available
1,cd1b6351-e198-4c5e-ba2f-4f76be625c62,2026-10-08T00:00:01.225+00:00,2026-10-08T00:00:01.480+00:00,21072-30059,dryers,20632096-b,716000000,2026-10-08 00:00:01,2026-10-07 21:41:35,0,8306.0,-8306.0,,Available,website maps this code to Available
1,cd1b6351-e198-4c5e-ba2f-4f76be625c62,2026-10-08T00:00:01.225+00:00,2026-10-08T00:00:01.480+00:00,21072-30059,dryers,20632118-a,716000000,2026-10-08 00:00:01,2026-10-07 18:39:43,0,19218.0,-19218.0,,Available,website maps this code to Available
1,cd1b6351-e198-4c5e-ba2f-4f76be625c62,2026-10-08T00:00:01.225+00:00,2026-10-08T00:00:01.480+00:00,21072-30059,dryers,20632035-a,716000000,2026-10-08 00:00:01,2026-10-07 02:49:50,0,76211.0,-76211.0,,Available,website maps this code to Available
1,cd1b6351-e198-4c5e-ba2f-4f76be625c62,2026-10-08T00:00:01.225+00:00,2026-10-08T00:00:01.480+00:00,21072-30059,dryers,20632102-a,716000000,2026-10-08 00:00:01,2026-10-07 20:29:21,0,12640.0,-12640.0,,Available,website maps this code to Available
1,cd1b6351-e198-4c5e-ba2f-4f76be625c62,2026-10-08T00:00:01.225+00:00,2026-10-08T00:00:01.480+00:00,21072-30059,dryers,20632060-a,716000000,2026-10-08 00:00:01,2026-10-07 03:04:43,0,75318.0,-75318.0,,Available,website maps this code to Available
1,cd1b6351-e198-4c5e-ba2f-4f76be625c62,2026-10-08T00:00:01.225+00:00,2026-10-08T00:00:01.480+00:00,21072-30059,dryers,20632117-a,416000000,2026-10-08 00:00:01,2026-10-07 23:54:59,10,302.0,298.0,5,Running,
1,cd1b6351-e198-4c5e-ba2f-4f76be625c62,2026-10-08T00:00:01.225+00:00,2026-10-08T00:00:01.480+00:00,21072-30059,dryers,20632037-a,716000000,2026-10-08 00:00:01,2026-10-07 22:05:01,0,6900.0,-6900.0,,Available,website maps this code to Available
1,cd1b6351-e198-4c5e-ba2f-4f76be625c62,2026-10-08T00:00:01.225+00:00,2026-10-08T00:00:01.480+00:00,21072-30059,dryers,20632092-a,716000000,2026-10-08 00:00:01,2026-10-07 22:05:27,0,6874.0,-6874.0,,Available,website maps this code to Available
1,cd1b6351-e198-4c5e-ba2f-4f76be625c62,2026-10-08T00:00:01.225+00:00,2026-10-08T00:00:01.480+00:00,21072-30059,dryers,20632128-a,716000000,2026-10-08 00:00:01,2026-10-07 22:06:02,0,6839.0,-6839.0,,Available,website maps this code to Available
1,cd1b6351-e198-4c5e-ba2f-4f76be625c62,2026-10-08T00:00:01.225+00:00,2026-10-08T00:00:01.480+00:00,21072-30059,dryers,20632044-a,416000000,2026-10-08 00:00:01,2026-10-07 23:54:43,10,318.0,282.0,5,Running,
1,cd1b6351-e198-4c5e-ba2f-4f76be625c62,2026-10-08T00:00:01.225+00:00,2026-10-08T00:00:01.480+00:00,21072-30059,dryers,20632094-a,716000000,2026-10-08 00:00:01,2026-10-07 07:58:50,0,57671.0,-57671.0,,Available,website maps this code to Available
1,cd1b6351-e198-4c5e-ba2f-4f76be625c62,2026-10-08T00:00:01.225+00:00,2026-10-08T00:00:01.480+00:00,21072-30059,dryers,20632123-a,716000000,2026-10-08 00:00:01,2026-10-07 04:10:45,0,71356.0,-71356.0,,Available,website maps this code to Available
1,cd1b6351-e198-4c5e-ba2f-4f76be625c62,2026-10-08T00:00:01.225+00:00,2026-10-08T00:00:01.480+00:00,21072-30059,dryers,20632098-a,616000040,2026-10-08 00:00:01,2026-10-07 04:11:00,0,71341.0,-71341.0,,Error,
1,a8fc9f9a-2129-4016-a1ed-9a1fcf087e3e,2026-10-08T00:01:01.336+00:00,2026-10-08T00:01:01.516+00:00,21072-30059,washers,20632118-b,716000000,2026-10-08 00:01:01,2026-10-07 20:53:09,0,11272.0,-11272.0,,Available,website maps this code to Available
1,a8fc9f9a-2129-4016-a1ed-9a1fcf087e3e,2026-10-08T00:01:01.336+00:00,2026-10-08T00:01:01.516+00:00,21072-30059,washers,20632035-b,716000000,2026-10-08 00:01:01,2026-10-07 04:03:57,0,71824.0,-71824.0,,Available,website maps this code to Available
1,a8fc9f9a-2129-4016-a1ed-9a1fcf087e3e,2026-10-08T00:01:01.336+00:00,2026-10-08T00:01:01.516+00:00,21072-30059,washers,20632102-b,716000000,2026-10-08 00:01:01,2026-10-07 23:34:21,0,1600.0,-1600.0,,Available,website maps this code to Available
1,a8fc9f9a-2129-4016-a1ed-9a1fcf087e3e,2026-10-08T00:01:01.336+00:00,2026-10-08T00:01:01.516+00:00,21072-30059,washers,20632060-b,716000000,2026-10-08 00:01:01,2026-10-07 23:19:28,0,2493.0,-2493.0,,Available,website maps this code to Available
1,a8fc9f9a-2129-4016-a1ed-9a1fcf087e3e,2026-10-08T00:01:01.336+00:00,2026-10-08T00:01:01.516+00:00,21072-30059,washers,20632117-b,716000000,2026-10-08 00:01:01,2026-10-07 23:18:55,0,2526.0,-2526.0,,Available,website maps this code to Available
1,a8fc9f9a-2129-4016-a1ed-9a1fcf087e3e,2026-10-08T00:01:01.336+00:00,2026-10-08T00:01:01.516+00:00,21072-30059,washers,20632037-b,716000000,2026-10-08 00:01:01,2026-10-07 20:32:19,0,12522.0,-12522.0,,Available,website maps this code to Available
1,a8fc9f9a-2129-4016-a1ed-9a1fcf087e3e,2026-10-08T00:01:01.336+00:00,2026-10-08T00:01:01.516+00:00,21072-30059,washers,20632092-b,716000000,2026-10-08 00:01:01,2026-10-07 20:33:56,0,12425.0,-12425.0,,Available,website maps this code to Available
1,a8fc9f9a-2129-4016-a1ed-9a1fcf087e3e,2026-10-08T00:01:01.336+00:00,2026-10-08T00:01:01.516+00:00,21072-30059,washers,20632128-b,716000000,2026-10-08 00:01:01,2026-10-07 20:35:15,0,12346.0,-12346.0,,Available,website maps this code to Available
1,a8fc9f9a-2129-4016-a1ed-9a1fcf087e3e,2026-10-08T00:01:01.336+00:00,2026-10-08T00:01:01.516+00:00,21072-30059,washers,20632044-b,716000000,2026-10-08 00:01:01,2026-10-07 06:53:39,0,61642.0,-61642.0,,Available,website maps this code to Available
1,a8fc9f9a-2129-4016-a1ed-9a1fcf087e3e,2026-10-08T00:01:01.336+00:00,2026-10-08T00:01:01.516+00:00,21072-30059,washers,20632094-b,716000000,2026-10-08 00:01:01,2026-10-07 06:07:39,0,64402.0,-64402.0,,Available,website maps this code to Available
1,a8fc9f9a-2129-4016-a1ed-9a1fcf087e3e,2026-10-08T00:01:01.336+00:00,2026-10-08T00:01:01.516+00:00,21072-30059,washers,20632123-b,716000000,2026-10-08 00:01:01,2026-10-07 04:48:18,0,69163.0,-69163.0,,Available,website maps this code to Available
1,a8fc9f9a-2129-4016-a1ed-9a1fcf087e3e,2026-10-08T00:01:01.336+00:00,2026-10-08T00:01:01.516+00:00,21072-30059,washers,20632098-b,616000040,2026-10-08 00:01:01,2026-10-07 04:12:05,0,71336.0,-71336.0,,Error,
1,a8fc9f9a-2129-4016-a1ed-9a1fcf087e3e,2026-10-08T00:01:01.336+00:00,2026-10-08T00:01:01.516+00:00,21072-30059,dryers,20632096-a,716000000,2026-10-08 00:01:01,2026-10-07 01:07:52,0,82389.0,-82389.0,,Available,website maps this code to Available
1,a8fc9f9a-2129-4016-a1ed-9a1fcf087e3e,2026-10-08T00:01:01.336+00:00,2026-10-08T00:01:01.516+00:00,21072-30059,dryers,20632096-b,716000000,2026-10-08 00:01:01,2026-10-07 21:41:35,0,8366.0,-8366.0,,Available,website maps this code to Available
1,a8fc9f9a-2129-4016-a1ed-9a1fcf087e3e,2026-10-08T00:01:01.336+00:00,2026-10-08T00:01:01.516+00:00,21072-30059,dryers,20632118-a,716000000,2026-10-08 00:01:01,2026-10-07 18:39:43,0,19278.0,-19278.0,,Available,website maps this code to Available
1,a8fc9f9a-2129-4016-a1ed-9a1fcf087e3e,2026-10-08T00:01:01.336+00:00,2026-10-08T00:01:01.516+00:00,21072-30059,dryers,20632035-a,716000000,2026-10-08 00:01:01,2026-10-07 02:49:50,0,76271.0,-76271.0,,Available,website maps this code to Available
1,a8fc9f9a-2129-4016-a1ed-9a1fcf087e3e,2026-10-08T00:01:01.336+00:00,2026-10-08T00:01:01.516+00:00,21072-30059,dryers,20632102-a,716000000,2026-10-08 00:01:01,2026-10-07 20:29:21,0,12700.0,-12700.0,,Available,website maps this code to Available
1,a8fc9f9a-2129-4016-a1ed-9a1fcf087e3e,2026-10-08T00:01:01.336+00:00,2026-10-08T00:01:01.516+00:00,21072-30059,dryers,20632060-a,716000000,2026-10-08 00:01:01,2026-10-07 03:04:43,0,75378.0,-75378.0,,Available,website maps this code to Available
1,a8fc9f9a-2129-4016-a1ed-9a1fcf087e3e,2026-10-08T00:01:01.336+00:00,2026-10-08T00:01:01.516+00:00,21072-30059,dryers,20632117-a,416000000,2026-10-08 00:01:01,2026-10-07 23:54:59,10,362.0,238.0,4,Running,
1,a8fc9f9a-2129-4016-a1ed-9a1fcf087e3e,2026-10-08T00:01:01.336+00:00,2026-10-08T00:01:01.516+00:00,21072-30059,dryers,20632037-a,716000000,2026-10-08 00:01:01,2026-10-07 22:05:01,0,6960.0,-6960.0,,Available,website maps this code to Available
1,a8fc9f9a-2129-4016-a1ed-9a1fcf087e3e,2026-10-08T00:01:01.336+00:00,2026-10-08T00:01:01.516+00:00,21072-30059,dryers,20632092-a,716000000,2026-10-08 00:01:01,2026-10-07 22:05:27,0,6934.0,-6934.0,,Available,website maps this code to Available
1,a8fc9f9a-2129-4016-a1ed-9a1fcf087e3e,2026-10-08T00:01:01.336+00:00,2026-10-08T00:01:01.516+00:00,21072-30059,dryers,20632128-a,716000000,2026-10-08 00:01:01,2026-10-07 22:06:02,0,6899.0,-6899.0,,Available,website maps this code to Available
1,a8fc9f9a-2129-4016-a1ed-9a1fcf087e3e,2026-10-08T00:01:01.336+00:00,2026-10-08T00:01:01.516+00:00,21072-30059,dryers,20632044-a,416000000,2026-10-08 00:01:01,2026-10-07 23:54:43,10,378.0,222.0,4,Running,
1,a8fc9f9a-2129-4016-a1ed-9a1fcf087e3e,2026-10-08T00:01:01.336+00:00,2026-10-08T00:01:01.516+00:00,21072-30059,dryers,20632094-a,716000000,2026-10-08 00:01:01,2026-10-07 07:58:50,0,57731.0,-57731.0,,Available,website maps this code to Available
1,a8fc9f9a-2129-4016-a1ed-9a1fcf087e3e,2026-10-08T00:01:01.336+00:00,2026-10-08T00:01:01.516+00:00,21072-30059,dryers,20632123-a,716000000,2026-10-08 00:01:01,2026-10-07 04:10:45,0,71416.0,-71416.0,,Available,website maps this code to Available
1,a8fc9f9a-2129-4016-a1ed-9a1fcf087e3e,2026-10-08T00:01:01.336+00:00,2026-10-08T00:01:01.516+00:00,21072-30059,dryers,20632098-a,616000040,2026-10-08 00:01:01,2026-10-07 04:11:00,0,71401.0,-71401.0,,Error,
1,da43568d-f379-4c43-a037-a9437d0817da,2026-10-08T00:02:01.253+00:00,2026-10-08T00:02:01.451+00:00,21072-30059,washers,20632118-b,716000000,2026-10-08 00:02:01,2026-10-07 20:53:09,0,11332.0,-11332.0,,Available,website maps this code to Available
1,da43568d-f379-4c43-a037-a9437d0817da,2026-10-08T00:02:01.253+00:00,2026-10-08T00:02:01.451+00:00,21072-30059,washers,20632035-b,716000000,2026-10-08 00:02:01,2026-10-07 04:03:57,0,71884.0,-71884.0,,Available,website maps this code to Available
1,da43568d-f379-4c43-a037-a9437d0817da,2026-10-08T00:02:01.253+00:00,2026-10-08T00:02:01.451+00:00,21072-30059,washers,20632102-b,716000000,2026-10-08 00:02:01,2026-10-07 23:34:21,0,1660.0,-1660.0,,Available,website maps this code to Available
1,da43568d-f379-4c43-a037-a9437d0817da,2026-10-08T00:02:01.253+00:00,2026-10-08T00:02:01.451+00:00,21072-30059,washers,20632060-b,716000000,2026-10-08 00:02:01,2026-10-07 23:19:28,0,2553.0,-2553.0,,Available,website maps this code to Available
1,da43568d-f379-4c43-a037-a9437d0817da,2026-10-08T00:02:01.253+00:00,2026-10-08T00:02:01.451+00:00,21072-30059,washers,20632117-b,716000000,2026-10-08 00:02:01,2026-10-07 23:18:55,0,2586.0,-2586.0,,Available,website maps this code to Available
1,da43568d-f379-4c43-a037-a9437d0817da,2026-10-08T00:02:01.253+00:00,2026-10-08T00:02:01.451+00:00,21072-30059,washers,20632037-b,716000000,2026-10-08 00:02:01,2026-10-07 20:32:19,0,12582.0,-12582.0,,Available,website maps this code to Available
1,da43568d-f379-4c43-a037-a9437d0817da,2026-10-08T00:02:01.253+00:00,2026-10-08T00:02:01.451+00:00,21072-30059,washers,20632092-b,716000000,2026-10-08 00:02:01,2026-10-07 20:33:56,0,12485.0,-12485.0,,Available,website maps this code to Available
1,da43568d-f379-4c43-a037-a9437d0817da,2026-10-08T00:02:01.253+00:00,2026-10-08T00:02:01.451+00:00,21072-30059,washers,20632128-b,716000000,2026-10-08 00:02:01,2026-10-07 20:35:15,0,12406.0,-12406.0,,Available,website maps this code to Available
1,da43568d-f379-4c43-a037-a9437d0817da,2026-10-08T00:02:01.253+00:00,2026-10-08T00:02:01.451+00:00,21072-30059,washers,20632044-b,716000000,2026-10-08 00:02:01,2026-10-07 06:53:39,0,61702.0,-61702.0,,Available,website maps this code to Available
1,da43568d-f379-4c43-a037-a9437d0817da,2026-10-08T00:02:01.253+00:00,2026-10-08T00:02:01.451+00:00,21072-30059,washers,20632094-b,716000000,2026-10-08 00:02:01,2026-10-07 06:07:39,0,64462.0,-64462.0,,Available,website maps this code to Available
1,da43568d-f379-4c43-a037-a9437d0817da,2026-10-08T00:02:01.253+00:00,2026-10-08T00:02:01.451+00:00,21072-30059,washers,20632123-b,716000000,2026-10-08 00:02:01,2026-10-07 04:48:18,0,69223.0,-69223.0,,Available,website maps this code to Available
1,da43568d-f379-4c43-a037-a9437d0817da,2026-10-08T00:02:01.253+00:00,2026-10-08T00:02:01.451+00:00,21072-30059,washers,20632098-b,616000040,2026-10-08 00:02:01,2026-10-07 04:12:05,0,71396.0,-71396.0,,Error,
1,da43568d-f379-4c43-a037-a9437d0817da,2026-10-08T00:02:01.253+00:00,2026-10-08T00:02:01.451+00:00,21072-30059,dryers,20632096-a,716000000,2026-10-08 00:02:01,2026-10-07 01:07:52,0,82449.0,-82449.0,,Available,website maps this code to Available
1,da43568d-f379-4c43-a037-a9437d0817da,2026-10-08T00:02:01.253+00:00,2026-10-08T00:02:01.451+00:00,21072-30059,dryers,20632096-b,716000000,2026-10-08 00:02:01,2026-10-07 21:41:35,0,8426.0,-8426.0,,Available,website maps this code to Available
1,da43568d-f379-4c43-a037-a9437d0817da,2026-10-08T00:02:01.253+00:00,2026-10-08T00:02:01.451+00:00,21072-30059,dryers,20632118-a,716000000,2026-10-08 00:02:01,2026-10-07 18:39:43,0,19338.0,-19338.0,,Available,website maps this code to Available
1,da43568d-f379-4c43-a037-a9437d0817da,2026-10-08T00:02:01.253+00:00,2026-10-08T00:02:01.451+00:00,21072-30059,dryers,20632035-a,716000000,2026-10-08 00:02:01,2026-10-07 02:49:50,0,76331.0,-76331.0,,Available,website maps this code to Available
1,da43568d-f379-4c43-a037-a9437d0817da,2026-10-08T00:02:01.253+00:00,2026-10-08T00:02:01.451+00:00,21072-30059,dryers,20632102-a,716000000,2026-10-08 00:02:01,2026-10-07 20:29:21,0,12760.0,-12760.0,,Available,website maps this code to Available
1,da43568d-f379-4c43-a037-a9437d0817da,2026-10-08T00:02:01.253+00:00,2026-10-08T00:02:01.451+00:00,21072-30059,dryers,20632060-a,716000000,2026-10-08 00:02:01,2026-10-07 03:04:43,0,75438.0,-75438.0,,Available,website maps this code to Available
1,da43568d-f379-4c43-a037-a9437d0817da,2026-10-08T00:02:01.253+00:00,2026-10-08T00:02:01.451+00:00,21072-30059,dryers,20632117-a,416000000,2026-10-08 00:02:01,2026-10-07 23:54:59,10,422.0,178.0,3,Running,
1,da43568d-f379-4c43-a037-a9437d0817da,2026-10-08T00:02:01.253+00:00,2026-10-08T00:02:01.451+00:00,21072-30059,dryers,20632037-a,716000000,2026-10-08 00:02:01,2026-10-07 22:05:01,0,7020.0,-7020.0,,Available,website maps this code to Available
1,da43568d-f379-4c43-a037-a9437d0817da,2026-10-08T00:02:01.253+00:00,2026-10-08T00:02:01.451+00:00,21072-30059,dryers,20632092-a,716000000,2026-10-08 00:02:01,2026-10-07 22:05:27,0,6994.0,-6994.0,,Available,website maps this code to Available
1,da43568d-f379-4c43-a037-a9437d0817da,2026-10-08T00:02:01.253+00:00,2026-10-08T00:02:01.451+00:00,21072-30059,dryers,20632128-a,716000000,2026-10-08 00:02:01,2026-10-07 22:06:02,0,6959.0,-6959.0,,Available,website maps this code to Available
1,da43568d-f379-4c43-a037-a9437d0817da,2026-10-08T00:02:01.253+00:00,2026-10-08T00:02:01.451+00:00,21072-30059,dryers,20632044-a,416000000,2026-10-08 00:02:01,2026-10-07 23:54:43,10,438.0,162.0,3,Running,
1,da43568d-f379-4c43-a037-a9437d0817da,2026-10-08T00:02:01.253+00:00,2026-10-08T00:02:01.451+00:00,21072-30059,dryers,20632094-a,716000000,2026-10-08 00:02:01,2026-10-07 07:58:50,0,57791.0,-57791.0,,Available,website maps this code to Available
1,da43568d-f379-4c43-a037-a9437d0817da,2026-10-08T00:02:01.253+00:00,2026-10-08T00:02:01.451+00:00,21072-30059,dryers,20632123-a,716000000,2026-10-08 00:02:01,2026-10-07 04:10:45,0,71476.0,-71476.0,,Available,website maps this code to Available
1,da43568d-f379-4c43-a037-a9437d0817da,2026-10-08T00:02:01.253+00:00,2026-10-08T00:02:01.451+00:00,21072-30059,dryers,20632098-a,616000040,2026-10-08 00:02:01,2026-10-07 04:11:00,0,71461.0,-71461.0,,Error,
1,b777abc5-33cc-4846-a825-4faebdbce290,2026-10-08T00:03:01.256+00:00,2026-10-08T00:03:01.432+00:00,21072-30059,washers,20632118-b,716000000,2026-10-08 00:03:01,2026-10-07 20:53:09,0,11392.0,-11392.0,,Available,website maps this code to Available
1,b777abc5-33cc-4846-a825-4faebdbce290,2026-10-08T00:03:01.256+00:00,2026-10-08T00:03:01.432+00:00,21072-30059,washers,20632035-b,716000000,2026-10-08 00:03:01,2026-10-07 04:03:57,0,71944.0,-71944.0,,Available,website maps this code to Available
1,b777abc5-33cc-4846-a825-4faebdbce290,2026-10-08T00:03:01.256+00:00,2026-10-08T00:03:01.432+00:00,21072-30059,washers,20632102-b,716000000,2026-10-08 00:03:01,2026-10-07 23:34:21,0,1720.0,-1720.0,,Available,website maps this code to Available
1,b777abc5-33cc-4846-a825-4faebdbce290,2026-10-08T00:03:01.256+00:00,2026-10-08T00:03:01.432+00:00,21072-30059,washers,20632060-b,716000000,2026-10-08 00:03:01,2026-10-07 23:19:28,0,2613.0,-2613.0,,Available,website maps this code to Available
1,b777abc5-33cc-4846-a825-4faebdbce290,2026-10-08T00:03:01.256+00:00,2026-10-08T00:03:01.432+00:00,21072-30059,washers,20632117-b,716000000,2026-10-08 00:03:01,2026-10-07 23:18:55,0,2646.0,-2646.0,,Available,website maps this code to Available
1,b777abc5-33cc-4846-a825-4faebdbce290,2026-10-08T00:03:01.256+00:00,2026-10-08T00:03:01.432+00:00,21072-30059,washers,20632037-b,716000000,2026-10-08 00:03:01,2026-10-07 20:32:19,0,12642.0,-12642.0,,Available,website maps this code to Available
1,b777abc5-33cc-4846-a825-4faebdbce290,2026-10-08T00:03:01.256+00:00,2026-10-08T00:03:01.432+00:00,21072-30059,washers,20632092-b,716000000,2026-10-08 00:03:01,2026-10-07 20:33:56,0,12545.0,-12545.0,,Available,website maps this code to Available
1,b777abc5-33cc-4846-a825-4faebdbce290,2026-10-08T00:03:01.256+00:00,2026-10-08T00:03:01.432+00:00,21072-30059,washers,20632128-b,716000000,2026-10-08 00:03:01,2026-10-07 20:35:15,0,12466.0,-12466.0,,Available,website maps this code to Available
1,b777abc5-33cc-4846-a825-4faebdbce290,2026-10-08T00:03:01.256+00:00,2026-10-08T00:03:01.432+00:00,21072-30059,washers,20632044-b,716000000,2026-10-08 00:03:01,2026-10-07 06:53:39,0,61762.0,-61762.0,,Available,website maps this code to Available
1,b777abc5-33cc-4846-a825-4faebdbce290,2026-10-08T00:03:01.256+00:00,2026-10-08T00:03:01.432+00:00,21072-30059,washers,20632094-b,716000000,2026-10-08 00:03:01,2026-10-07 06:07:39,0,64522.0,-64522.0,,Available,website maps this code to Available
1,b777abc5-33cc-4846-a825-4faebdbce290,2026-10-08T00:03:01.256+00:00,2026-10-08T00:03:01.432+00:00,21072-30059,washers,20632123-b,716000000,2026-10-08 00:03:01,2026-10-07 04:48:18,0,69283.0,-69283.0,,Available,website maps this code to Available
1,b777abc5-33cc-4846-a825-4faebdbce290,2026-10-08T00:03:01.256+00:00,2026-10-08T00:03:01.432+00:00,21072-30059,washers,20632098-b,616000040,2026-10-08 00:03:01,2026-10-07 04:12:05,0,71456.0,-71456.0,,Error,
1,b777abc5-33cc-4846-a825-4faebdbce290,2026-10-08T00:03:01.256+00:00,2026-10-08T00:03:01.432+00:00,21072-30059,dryers,20632096-a,716000000,2026-10-08 00:03:01,2026-10-07 01:07:52,0,82509.0,-82509.0,,Available,website maps this code to Available
1,b777abc5-33cc-4846-a825-4faebdbce290,2026-10-08T00:03:01.256+00:00,2026-10-08T00:03:01.432+00:00,21072-30059,dryers,20632096-b,716000000,2026-10-08 00:03:01,2026-10-07 21:41:35,0,8486.0,-8486.0,,Available,website maps this code to Available
1,b777abc5-33cc-4846-a825-4faebdbce290,2026-10-08T00:03:01.256+00:00,2026-10-08T00:03:01.432+00:00,21072-30059,dryers,20632118-a,716000000,2026-10-08 00:03:01,2026-10-07 18:39:43,0,19398.0,-19398.0,,Available,website maps this code to Available
1,b777abc5-33cc-4846-a825-4faebdbce290,2026-10-08T00:03:01.256+00:00,2026-10-08T00:03:01.432+00:00,21072-30059,dryers,20632035-a,716000000,2026-10-08 00:03:01,2026-10-07 02:49:50,0,76391.0,-76391.0,,Available,website maps this code to Available
1,b777abc5-33cc-4846-a825-4faebdbce290,2026-10-08T00:03:01.256+00:00,2026-10-08T00:03:01.432+00:00,21072-30059,dryers,20632102-a,716000000,2026-10-08 00:03:01,2026-10-07 20:29:21,0,12820.0,-12820.0,,Available,website maps this code to Available
1,b777abc5-33cc-4846-a825-4faebdbce290,2026-10-08T00:03:01.256+00:00,2026-10-08T00:03:01.432+00:00,21072-30059,dryers,20632060-a,716000000,2026-10-08 00:03:01,2026-10-07 03:04:43,0,75498.0,-75498.0,,Available,website maps this code to Available
1,b777abc5-33cc-4846-a825-4faebdbce290,2026-10-08T00:03:01.256+00:00,2026-10-08T00:03:01.432+00:00,21072-30059,dryers,20632117-a,416000000,2026-10-08 00:03:01,2026-10-07 23:54:59,10,482.0,118.0,2,Running,
1,b777abc5-33cc-4846-a825-4faebdbce290,2026-10-08T00:03:01.256+00:00,2026-10-08T00:03:01.432+00:00,21072-30059,dryers,20632037-a,716000000,2026-10-08 00:03:01,2026-10-07 22:05:01,0,7080.0,-7080.0,,Available,website maps this code to Available
1,b777abc5-33cc-4846-a825-4faebdbce290,2026-10-08T00:03:01.256+00:00,2026-10-08T00:03:01.432+00:00,21072-30059,dryers,20632092-a,716000000,2026-10-08 00:03:01,2026-10-07 22:05:27,0,7054.0,-7054.0,,Available,website maps this code to Available
1,b777abc5-33cc-4846-a825-4faebdbce290,2026-10-08T00:03:01.256+00:00,2026-10-08T00:03:01.432+00:00,21072-30059,dryers,20632128-a,716000000,2026-10-08 00:03:01,2026-10-07 22:06:02,0,7019.0,-7019.0,,Available,website maps this code to Available
1,b777abc5-33cc-4846-a825-4faebdbce290,2026-10-08T00:03:01.256+00:00,2026-10-08T00:03:01.432+00:00,21072-30059,dryers,20632044-a,416000000,2026-10-08 00:03:01,2026-10-07 23:54:43,10,498.0,102.0,2,Running,
1,b777abc5-33cc-4846-a825-4faebdbce290,2026-10-08T00:03:01.256+00:00,2026-10-08T00:03:01.432+00:00,21072-30059,dryers,20632094-a,716000000,2026-10-08 00:03:01,2026-10-07 07:58:50,0,57851.0,-57851.0,,Available,website maps this code to Available
1,b777abc5-33cc-4846-a825-4faebdbce290,2026-10-08T00:03:01.256+00:00,2026-10-08T00:03:01.432+00:00,21072-30059,dryers,20632123-a,716000000,2026-10-08 00:03:01,2026-10-07 04:10:45,0,71536.0,-71536.0,,Available,website maps this code to Available
1,b777abc5-33cc-4846-a825-4faebdbce290,2026-10-08T00:03:01.256+00:00,2026-10-08T00:03:01.432+00:00,21072-30059,dryers,20632098-a,616000040,2026-10-08 00:03:01,2026-10-07 04:11:00,0,71521.0,-71521.0,,Error,
1,321bcf1b-1369-43df-a2b4-a4b3d8fe761b,2026-10-08T00:04:01.273+00:00,2026-10-08T00:04:01.440+00:00,21072-30059,washers,20632118-b,716000000,2026-10-08 00:04:01,2026-10-07 20:53:09,0,11452.0,-11452.0,,Available,website maps this code to Available
1,321bcf1b-1369-43df-a2b4-a4b3d8fe761b,2026-10-08T00:04:01.273+00:00,2026-10-08T00:04:01.440+00:00,21072-30059,washers,20632035-b,716000000,2026-10-08 00:04:01,2026-10-07 04:03:57,0,72004.0,-72004.0,,Available,website maps this code to Available
1,321bcf1b-1369-43df-a2b4-a4b3d8fe761b,2026-10-08T00:04:01.273+00:00,2026-10-08T00:04:01.440+00:00,21072-30059,washers,20632102-b,716000000,2026-10-08 00:04:01,2026-10-07 23:34:21,0,1780.0,-1780.0,,Available,website maps this code to Available
1,321bcf1b-1369-43df-a2b4-a4b3d8fe761b,2026-10-08T00:04:01.273+00:00,2026-10-08T00:04:01.440+00:00,21072-30059,washers,20632060-b,716000000,2026-10-08 00:04:01,2026-10-07 23:19:28,0,2673.0,-2673.0,,Available,website maps this code to Available
1,321bcf1b-1369-43df-a2b4-a4b3d8fe761b,2026-10-08T00:04:01.273+00:00,2026-10-08T00:04:01.440+00:00,21072-30059,washers,20632117-b,716000000,2026-10-08 00:04:01,2026-10-07 23:18:55,0,2706.0,-2706.0,,Available,website maps this code to Available
1,321bcf1b-1369-43df-a2b4-a4b3d8fe761b,2026-10-08T00:04:01.273+00:00,2026-10-08T00:04:01.440+00:00,21072-30059,washers,20632037-b,716000000,2026-10-08 00:04:01,2026-10-07 20:32:19,0,12702.0,-12702.0,,Available,website maps this code to Available
1,321bcf1b-1369-43df-a2b4-a4b3d8fe761b,2026-10-08T00:04:01.273+00:00,2026-10-08T00:04:01.440+00:00,21072-30059,washers,20632092-b,716000000,2026-10-08 00:04:01,2026-10-07 20:33:56,0,12605.0,-12605.0,,Available,website maps this code to Available
1,321bcf1b-1369-43df-a2b4-a4b3d8fe761b,2026-10-08T00:04:01.273+00:00,2026-10-08T00:04:01.440+00:00,21072-30059,washers,20632128-b,716000000,2026-10-08 00:04:01,2026-10-07 20:35:15,0,12526.0,-12526.0,,Available,website maps this code to Available
1,321bcf1b-1369-43df-a2b4-a4b3d8fe761b,2026-10-08T00:04:01.273+00:00,2026-10-08T00:04:01.440+00:00,21072-30059,washers,20632044-b,716000000,2026-10-08 00:04:01,2026-10-07 06:53:39,0,61822.0,-61822.0,,Available,website maps this code to Available
1,321bcf1b-1369-43df-a2b4-a4b3d8fe761b,2026-10-08T00:04:01.273+00:00,2026-10-08T00:04:01.440+00:00,21072-30059,washers,20632094-b,716000000,2026-10-08 00:04:01,2026-10-07 06:07:39,0,64582.0,-64582.0,,Available,website maps this code to Available
1,321bcf1b-1369-43df-a2b4-a4b3d8fe761b,2026-10-08T00:04:01.273+00:00,2026-10-08T00:04:01.440+00:00,21072-30059,washers,20632123-b,716000000,2026-10-08 00:04:01,2026-10-07 04:48:18,0,69343.0,-69343.0,,Available,website maps this code to Available
1,321bcf1b-1369-43df-a2b4-a4b3d8fe761b,2026-10-08T00:04:01.273+00:00,2026-10-08T00:04:01.440+00:00,21072-30059,washers,20632098-b,616000040,2026-10-08 00:04:01,2026-10-07 04:12:05,0,71516.0,-71516.0,,Error,
1,321bcf1b-1369-43df-a2b4-a4b3d8fe761b,2026-10-08T00:04:01.273+00:00,2026-10-08T00:04:01.440+00:00,21072-30059,dryers,20632096-a,716000000,2026-10-08 00:04:01,2026-10-07 01:07:52,0,82569.0,-82569.0,,Available,website maps this code to Available
1,321bcf1b-1369-43df-a2b4-a4b3d8fe761b,2026-10-08T00:04:01.273+00:00,2026-10-08T00:04:01.440+00:00,21072-30059,dryers,20632096-b,716000000,2026-10-08 00:04:01,2026-10-07 21:41:35,0,8546.0,-8546.0,,Available,website maps this code to Available
1,321bcf1b-1369-43df-a2b4-a4b3d8fe761b,2026-10-08T00:04:01.273+00:00,2026-10-08T00:04:01.440+00:00,21072-30059,dryers,20632118-a,716000000,2026-10-08 00:04:01,2026-10-07 18:39:43,0,19458.0,-19458.0,,Available,website maps this code to Available
1,321bcf1b-1369-43df-a2b4-a4b3d8fe761b,2026-10-08T00:04:01.273+00:00,2026-10-08T00:04:01.440+00:00,21072-30059,dryers,20632035-a,716000000,2026-10-08 00:04:01,2026-10-07 02:49:50,0,76451.0,-76451.0,,Available,website maps this code to Available
1,321bcf1b-1369-43df-a2b4-a4b3d8fe761b,2026-10-08T00:04:01.273+00:00,2026-10-08T00:04:01.440+00:00,21072-30059,dryers,20632102-a,716000000,2026-10-08 00:04:01,2026-10-07 20:29:21,0,12880.0,-12880.0,,Available,website maps this code to Available
1,321bcf1b-1369-43df-a2b4-a4b3d8fe761b,2026-10-08T00:04:01.273+00:00,2026-10-08T00:04:01.440+00:00,21072-30059,dryers,20632060-a,716000000,2026-10-08 00:04:01,2026-10-07 03:04:43,0,75558.0,-75558.0,,Available,website maps this code to Available
1,321bcf1b-1369-43df-a2b4-a4b3d8fe761b,2026-10-08T00:04:01.273+00:00,2026-10-08T00:04:01.440+00:00,21072-30059,dryers,20632117-a,416000000,2026-10-08 00:04:01,2026-10-07 23:54:59,10,542.0,58.0,1,Running,
1,321bcf1b-1369-43df-a2b4-a4b3d8fe761b,2026-10-08T00:04:01.273+00:00,2026-10-08T00:04:01.440+00:00,21072-30059,dryers,20632037-a,716000000,2026-10-08 00:04:01,2026-10-07 22:05:01,0,7140.0,-7140.0,,Available,website maps this code to Available
1,321bcf1b-1369-43df-a2b4-a4b3d8fe761b,2026-10-08T00:04:01.273+00:00,2026-10-08T00:04:01.440+00:00,21072-30059,dryers,20632092-a,716000000,2026-10-08 00:04:01,2026-10-07 22:05:27,0,7114.0,-7114.0,,Available,website maps this code to Available
1,321bcf1b-1369-43df-a2b4-a4b3d8fe761b,2026-10-08T00:04:01.273+00:00,2026-10-08T00:04:01.440+00:00,21072-30059,dryers,20632128-a,716000000,2026-10-08 00:04:01,2026-10-07 22:06:02,0,7079.0,-7079.0,,Available,website maps this code to Available
1,321bcf1b-1369-43df-a2b4-a4b3d8fe761b,2026-10-08T00:04:01.273+00:00,2026-10-08T00:04:01.440+00:00,21072-30059,dryers,20632044-a,416000000,2026-10-08 00:04:01,2026-10-07 23:54:43,10,558.0,42.0,1,Running,
1,321bcf1b-1369-43df-a2b4-a4b3d8fe761b,2026-10-08T00:04:01.273+00:00,2026-10-08T00:04:01.440+00:00,21072-30059,dryers,20632094-a,716000000,2026-10-08 00:04:01,2026-10-07 07:58:50,0,57911.0,-57911.0,,Available,website maps this code to Available
1,321bcf1b-1369-43df-a2b4-a4b3d8fe761b,2026-10-08T00:04:01.273+00:00,2026-10-08T00:04:01.440+00:00,21072-30059,dryers,20632123-a,716000000,2026-10-08 00:04:01,2026-10-07 04:10:45,0,71596.0,-71596.0,,Available,website maps this code to Available
1,321bcf1b-1369-43df-a2b4-a4b3d8fe761b,2026-10-08T00:04:01.273+00:00,2026-10-08T00:04:01.440+00:00,21072-30059,dryers,20632098-a,616000040,2026-10-08 00:04:01,2026-10-07 04:11:00,0,71581.0,-71581.0,,Error,
1,dea81327-5846-4b48-bf97-33c57b2555e5,2026-10-08T00:05:01.315+00:00,2026-10-08T00:05:01.482+00:00,21072-30059,washers,20632118-b,716000000,2026-10-08 00:05:01,2026-10-07 20:53:09,0,11512.0,-11512.0,,Available,website maps this code to Available
1,dea81327-5846-4b48-bf97-33c57b2555e5,2026-10-08T00:05:01.315+00:00,2026-10-08T00:05:01.482+00:00,21072-30059,washers,20632035-b,716000000,2026-10-08 00:05:01,2026-10-07 04:03:57,0,72064.0,-72064.0,,Available,website maps this code to Available
1,dea81327-5846-4b48-bf97-33c57b2555e5,2026-10-08T00:05:01.315+00:00,2026-10-08T00:05:01.482+00:00,21072-30059,washers,20632102-b,716000000,2026-10-08 00:05:01,2026-10-07 23:34:21,0,1840.0,-1840.0,,Available,website maps this code to Available
1,dea81327-5846-4b48-bf97-33c57b2555e5,2026-10-08T00:05:01.315+00:00,2026-10-08T00:05:01.482+00:00,21072-30059,washers,20632060-b,716000000,2026-10-08 00:05:01,2026-10-07 23:19:28,0,2733.0,-2733.0,,Available,website maps this code to Available
1,dea81327-5846-4b48-bf97-33c57b2555e5,2026-10-08T00:05:01.315+00:00,2026-10-08T00:05:01.482+00:00,21072-30059,washers,20632117-b,716000000,2026-10-08 00:05:01,2026-10-07 23:18:55,0,2766.0,-2766.0,,Available,website maps this code to Available
1,dea81327-5846-4b48-bf97-33c57b2555e5,2026-10-08T00:05:01.315+00:00,2026-10-08T00:05:01.482+00:00,21072-30059,washers,20632037-b,716000000,2026-10-08 00:05:01,2026-10-07 20:32:19,0,12762.0,-12762.0,,Available,website maps this code to Available
1,dea81327-5846-4b48-bf97-33c57b2555e5,2026-10-08T00:05:01.315+00:00,2026-10-08T00:05:01.482+00:00,21072-30059,washers,20632092-b,716000000,2026-10-08 00:05:01,2026-10-07 20:33:56,0,12665.0,-12665.0,,Available,website maps this code to Available
1,dea81327-5846-4b48-bf97-33c57b2555e5,2026-10-08T00:05:01.315+00:00,2026-10-08T00:05:01.482+00:00,21072-30059,washers,20632128-b,716000000,2026-10-08 00:05:01,2026-10-07 20:35:15,0,12586.0,-12586.0,,Available,website maps this code to Available
1,dea81327-5846-4b48-bf97-33c57b2555e5,2026-10-08T00:05:01.315+00:00,2026-10-08T00:05:01.482+00:00,21072-30059,washers,20632044-b,716000000,2026-10-08 00:05:01,2026-10-07 06:53:39,0,61882.0,-61882.0,,Available,website maps this code to Available
1,dea81327-5846-4b48-bf97-33c57b2555e5,2026-10-08T00:05:01.315+00:00,2026-10-08T00:05:01.482+00:00,21072-30059,washers,20632094-b,716000000,2026-10-08 00:05:01,2026-10-07 06:07:39,0,64642.0,-64642.0,,Available,website maps this code to Available
1,dea81327-5846-4b48-bf97-33c57b2555e5,2026-10-08T00:05:01.315+00:00,2026-10-08T00:05:01.482+00:00,21072-30059,washers,20632123-b,516000000,2026-10-08 00:05:01,2026-10-08 00:04:42,0,19.0,-19.0,,Finished,
1,dea81327-5846-4b48-bf97-33c57b2555e5,2026-10-08T00:05:01.315+00:00,2026-10-08T00:05:01.482+00:00,21072-30059,washers,20632098-b,616000040,2026-10-08 00:05:01,2026-10-07 04:12:05,0,71576.0,-71576.0,,Error,
1,dea81327-5846-4b48-bf97-33c57b2555e5,2026-10-08T00:05:01.315+00:00,2026-10-08T00:05:01.482+00:00,21072-30059,dryers,20632096-a,716000000,2026-10-08 00:05:01,2026-10-07 01:07:52,0,82629.0,-82629.0,,Available,website maps this code to Available
1,dea81327-5846-4b48-bf97-33c57b2555e5,2026-10-08T00:05:01.315+00:00,2026-10-08T00:05:01.482+00:00,21072-30059,dryers,20632096-b,716000000,2026-10-08 00:05:01,2026-10-07 21:41:35,0,8606.0,-8606.0,,Available,website maps this code to Available
1,dea81327-5846-4b48-bf97-33c57b2555e5,2026-10-08T00:05:01.315+00:00,2026-10-08T00:05:01.482+00:00,21072-30059,dryers,20632118-a,716000000,2026-10-08 00:05:01,2026-10-07 18:39:43,0,19518.0,-19518.0,,Available,website maps this code to Available
1,dea81327-5846-4b48-bf97-33c57b2555e5,2026-10-08T00:05:01.315+00:00,2026-10-08T00:05:01.482+00:00,21072-30059,dryers,20632035-a,716000000,2026-10-08 00:05:01,2026-10-07 02:49:50,0,76511.0,-76511.0,,Available,website maps this code to Available
1,dea81327-5846-4b48-bf97-33c57b2555e5,2026-10-08T00:05:01.315+00:00,2026-10-08T00:05:01.482+00:00,21072-30059,dryers,20632102-a,716000000,2026-10-08 00:05:01,2026-10-07 20:29:21,0,12940.0,-12940.0,,Available,website maps this code to Available
1,dea81327-5846-4b48-bf97-33c57b2555e5,2026-10-08T00:05:01.315+00:00,2026-10-08T00:05:01.482+00:00,21072-30059,dryers,20632060-a,716000000,2026-10-08 00:05:01,2026-10-07 03:04:43,0,75618.0,-75618.0,,Available,website maps this code to Available
1,dea81327-5846-4b48-bf97-33c57b2555e5,2026-10-08T00:05:01.315+00:00,2026-10-08T00:05:01.482+00:00,21072-30059,dryers,20632117-a,416000000,2026-10-08 00:05:01,2026-10-07 23:54:59,10,602.0,-2.0,,Available,website fallback: countdown expired
1,dea81327-5846-4b48-bf97-33c57b2555e5,2026-10-08T00:05:01.315+00:00,2026-10-08T00:05:01.482+00:00,21072-30059,dryers,20632037-a,716000000,2026-10-08 00:05:01,2026-10-07 22:05:01,0,7200.0,-7200.0,,Available,website maps this code to Available
1,dea81327-5846-4b48-bf97-33c57b2555e5,2026-10-08T00:05:01.315+00:00,2026-10-08T00:05:01.482+00:00,21072-30059,dryers,20632092-a,716000000,2026-10-08 00:05:01,2026-10-07 22:05:27,0,7174.0,-7174.0,,Available,website maps this code to Available
1,dea81327-5846-4b48-bf97-33c57b2555e5,2026-10-08T00:05:01.315+00:00,2026-10-08T00:05:01.482+00:00,21072-30059,dryers,20632128-a,716000000,2026-10-08 00:05:01,2026-10-07 22:06:02,0,7139.0,-7139.0,,Available,website maps this code to Available
1,dea81327-5846-4b48-bf97-33c57b2555e5,2026-10-08T00:05:01.315+00:00,2026-10-08T00:05:01.482+00:00,21072-30059,dryers,20632044-a,416000000,2026-10-08 00:05:01,2026-10-08 00:04:59,10,2.0,598.0,10,Running,
1,dea81327-5846-4b48-bf97-33c57b2555e5,2026-10-08T00:05:01.315+00:00,2026-10-08T00:05:01.482+00:00,21072-30059,dryers,20632094-a,716000000,2026-10-08 00:05:01,2026-10-07 07:58:50,0,57971.0,-57971.0,,Available,website maps this code to Available
1,dea81327-5846-4b48-bf97-33c57b2555e5,2026-10-08T00:05:01.315+00:00,2026-10-08T00:05:01.482+00:00,21072-30059,dryers,20632123-a,716000000,2026-10-08 00:05:01,2026-10-08 00:04:40,0,21.0,-21.0,,Available,website maps this code to Available
1,dea81327-5846-4b48-bf97-33c57b2555e5,2026-10-08T00:05:01.315+00:00,2026-10-08T00:05:01.482+00:00,21072-30059,dryers,20632098-a,616000040,2026-10-08 00:05:01,2026-10-07 04:11:00,0,71641.0,-71641.0,,Error,
1,c062d1fe-dd18-4f8f-b732-07b046a80762,2026-10-08T00:06:01.248+00:00,2026-10-08T00:06:01.478+00:00,21072-30059,washers,20632118-b,716000000,2026-10-08 00:06:01,2026-10-07 20:53:09,0,11572.0,-11572.0,,Available,website maps this code to Available
1,c062d1fe-dd18-4f8f-b732-07b046a80762,2026-10-08T00:06:01.248+00:00,2026-10-08T00:06:01.478+00:00,21072-30059,washers,20632035-b,716000000,2026-10-08 00:06:01,2026-10-07 04:03:57,0,72124.0,-72124.0,,Available,website maps this code to Available
1,c062d1fe-dd18-4f8f-b732-07b046a80762,2026-10-08T00:06:01.248+00:00,2026-10-08T00:06:01.478+00:00,21072-30059,washers,20632102-b,716000000,2026-10-08 00:06:01,2026-10-07 23:34:21,0,1900.0,-1900.0,,Available,website maps this code to Available
1,c062d1fe-dd18-4f8f-b732-07b046a80762,2026-10-08T00:06:01.248+00:00,2026-10-08T00:06:01.478+00:00,21072-30059,washers,20632060-b,716000000,2026-10-08 00:06:01,2026-10-07 23:19:28,0,2793.0,-2793.0,,Available,website maps this code to Available
1,c062d1fe-dd18-4f8f-b732-07b046a80762,2026-10-08T00:06:01.248+00:00,2026-10-08T00:06:01.478+00:00,21072-30059,washers,20632117-b,716000000,2026-10-08 00:06:01,2026-10-07 23:18:55,0,2826.0,-2826.0,,Available,website maps this code to Available
1,c062d1fe-dd18-4f8f-b732-07b046a80762,2026-10-08T00:06:01.248+00:00,2026-10-08T00:06:01.478+00:00,21072-30059,washers,20632037-b,716000000,2026-10-08 00:06:01,2026-10-07 20:32:19,0,12822.0,-12822.0,,Available,website maps this code to Available
1,c062d1fe-dd18-4f8f-b732-07b046a80762,2026-10-08T00:06:01.248+00:00,2026-10-08T00:06:01.478+00:00,21072-30059,washers,20632092-b,716000000,2026-10-08 00:06:01,2026-10-07 20:33:56,0,12725.0,-12725.0,,Available,website maps this code to Available
1,c062d1fe-dd18-4f8f-b732-07b046a80762,2026-10-08T00:06:01.248+00:00,2026-10-08T00:06:01.478+00:00,21072-30059,washers,20632128-b,716000000,2026-10-08 00:06:01,2026-10-07 20:35:15,0,12646.0,-12646.0,,Available,website maps this code to Available
1,c062d1fe-dd18-4f8f-b732-07b046a80762,2026-10-08T00:06:01.248+00:00,2026-10-08T00:06:01.478+00:00,21072-30059,washers,20632044-b,716000000,2026-10-08 00:06:01,2026-10-07 06:53:39,0,61942.0,-61942.0,,Available,website maps this code to Available
1,c062d1fe-dd18-4f8f-b732-07b046a80762,2026-10-08T00:06:01.248+00:00,2026-10-08T00:06:01.478+00:00,21072-30059,washers,20632094-b,716000000,2026-10-08 00:06:01,2026-10-07 06:07:39,0,64702.0,-64702.0,,Available,website maps this code to Available
1,c062d1fe-dd18-4f8f-b732-07b046a80762,2026-10-08T00:06:01.248+00:00,2026-10-08T00:06:01.478+00:00,21072-30059,washers,20632123-b,516000000,2026-10-08 00:06:01,2026-10-08 00:04:42,0,79.0,-79.0,,Finished,
1,c062d1fe-dd18-4f8f-b732-07b046a80762,2026-10-08T00:06:01.248+00:00,2026-10-08T00:06:01.478+00:00,21072-30059,washers,20632098-b,616000040,2026-10-08 00:06:01,2026-10-07 04:12:05,0,71636.0,-71636.0,,Error,
1,c062d1fe-dd18-4f8f-b732-07b046a80762,2026-10-08T00:06:01.248+00:00,2026-10-08T00:06:01.478+00:00,21072-30059,dryers,20632096-a,716000000,2026-10-08 00:06:01,2026-10-07 01:07:52,0,82689.0,-82689.0,,Available,website maps this code to Available
1,c062d1fe-dd18-4f8f-b732-07b046a80762,2026-10-08T00:06:01.248+00:00,2026-10-08T00:06:01.478+00:00,21072-30059,dryers,20632096-b,716000000,2026-10-08 00:06:01,2026-10-07 21:41:35,0,8666.0,-8666.0,,Available,website maps this code to Available
1,c062d1fe-dd18-4f8f-b732-07b046a80762,2026-10-08T00:06:01.248+00:00,2026-10-08T00:06:01.478+00:00,21072-30059,dryers,20632118-a,716000000,2026-10-08 00:06:01,2026-10-07 18:39:43,0,19578.0,-19578.0,,Available,website maps this code to Available
1,c062d1fe-dd18-4f8f-b732-07b046a80762,2026-10-08T00:06:01.248+00:00,2026-10-08T00:06:01.478+00:00,21072-30059,dryers,20632035-a,716000000,2026-10-08 00:06:01,2026-10-07 02:49:50,0,76571.0,-76571.0,,Available,website maps this code to Available
1,c062d1fe-dd18-4f8f-b732-07b046a80762,2026-10-08T00:06:01.248+00:00,2026-10-08T00:06:01.478+00:00,21072-30059,dryers,20632102-a,716000000,2026-10-08 00:06:01,2026-10-07 20:29:21,0,13000.0,-13000.0,,Available,website maps this code to Available
1,c062d1fe-dd18-4f8f-b732-07b046a80762,2026-10-08T00:06:01.248+00:00,2026-10-08T00:06:01.478+00:00,21072-30059,dryers,20632060-a,716000000,2026-10-08 00:06:01,2026-10-07 03:04:43,0,75678.0,-75678.0,,Available,website maps this code to Available
1,c062d1fe-dd18-4f8f-b732-07b046a80762,2026-10-08T00:06:01.248+00:00,2026-10-08T00:06:01.478+00:00,21072-30059,dryers,20632117-a,416000000,2026-10-08 00:06:01,2026-10-08 00:05:13,10,48.0,552.0,10,Running,
1,c062d1fe-dd18-4f8f-b732-07b046a80762,2026-10-08T00:06:01.248+00:00,2026-10-08T00:06:01.478+00:00,21072-30059,dryers,20632037-a,716000000,2026-10-08 00:06:01,2026-10-07 22:05:01,0,7260.0,-7260.0,,Available,website maps this code to Available
1,c062d1fe-dd18-4f8f-b732-07b046a80762,2026-10-08T00:06:01.248+00:00,2026-10-08T00:06:01.478+00:00,21072-30059,dryers,20632092-a,716000000,2026-10-08 00:06:01,2026-10-07 22:05:27,0,7234.0,-7234.0,,Available,website maps this code to Available
1,c062d1fe-dd18-4f8f-b732-07b046a80762,2026-10-08T00:06:01.248+00:00,2026-10-08T00:06:01.478+00:00,21072-30059,dryers,20632128-a,716000000,2026-10-08 00:06:01,2026-10-07 22:06:02,0,7199.0,-7199.0,,Available,website maps this code to Available
1,c062d1fe-dd18-4f8f-b732-07b046a80762,2026-10-08T00:06:01.248+00:00,2026-10-08T00:06:01.478+00:00,21072-30059,dryers,20632044-a,416000000,2026-10-08 00:06:01,2026-10-08 00:04:59,10,62.0,538.0,9,Running,
1,c062d1fe-dd18-4f8f-b732-07b046a80762,2026-10-08T00:06:01.248+00:00,2026-10-08T00:06:01.478+00:00,21072-30059,dryers,20632094-a,716000000,2026-10-08 00:06:01,2026-10-07 07:58:50,0,58031.0,-58031.0,,Available,website maps this code to Available
1,c062d1fe-dd18-4f8f-b732-07b046a80762,2026-10-08T00:06:01.248+00:00,2026-10-08T00:06:01.478+00:00,21072-30059,dryers,20632123-a,716000000,2026-10-08 00:06:01,2026-10-08 00:04:40,0,81.0,-81.0,,Available,website maps this code to Available
1,c062d1fe-dd18-4f8f-b732-07b046a80762,2026-10-08T00:06:01.248+00:00,2026-10-08T00:06:01.478+00:00,21072-30059,dryers,20632098-a,616000040,2026-10-08 00:06:01,2026-10-07 04:11:00,0,71701.0,-71701.0,,Error,
1,32e8ee4a-fb57-4e8b-a229-84ad6e72cbcf,2026-10-08T00:07:01.491+00:00,2026-10-08T00:07:01.671+00:00,21072-30059,washers,20632118-b,716000000,2026-10-08 00:07:01,2026-10-07 20:53:09,0,11632.0,-11632.0,,Available,website maps this code to Available
1,32e8ee4a-fb57-4e8b-a229-84ad6e72cbcf,2026-10-08T00:07:01.491+00:00,2026-10-08T00:07:01.671+00:00,21072-30059,washers,20632035-b,716000000,2026-10-08 00:07:01,2026-10-07 04:03:57,0,72184.0,-72184.0,,Available,website maps this code to Available
1,32e8ee4a-fb57-4e8b-a229-84ad6e72cbcf,2026-10-08T00:07:01.491+00:00,2026-10-08T00:07:01.671+00:00,21072-30059,washers,20632102-b,716000000,2026-10-08 00:07:01,2026-10-07 23:34:21,0,1960.0,-1960.0,,Available,website maps this code to Available
1,32e8ee4a-fb57-4e8b-a229-84ad6e72cbcf,2026-10-08T00:07:01.491+00:00,2026-10-08T00:07:01.671+00:00,21072-30059,washers,20632060-b,716000000,2026-10-08 00:07:01,2026-10-07 23:19:28,0,2853.0,-2853.0,,Available,website maps this code to Available
1,32e8ee4a-fb57-4e8b-a229-84ad6e72cbcf,2026-10-08T00:07:01.491+00:00,2026-10-08T00:07:01.671+00:00,21072-30059,washers,20632117-b,716000000,2026-10-08 00:07:01,2026-10-07 23:18:55,0,2886.0,-2886.0,,Available,website maps this code to Available
1,32e8ee4a-fb57-4e8b-a229-84ad6e72cbcf,2026-10-08T00:07:01.491+00:00,2026-10-08T00:07:01.671+00:00,21072-30059,washers,20632037-b,716000000,2026-10-08 00:07:01,2026-10-07 20:32:19,0,12882.0,-12882.0,,Available,website maps this code to Available
1,32e8ee4a-fb57-4e8b-a229-84ad6e72cbcf,2026-10-08T00:07:01.491+00:00,2026-10-08T00:07:01.671+00:00,21072-30059,washers,20632092-b,716000000,2026-10-08 00:07:01,2026-10-07 20:33:56,0,12785.0,-12785.0,,Available,website maps this code to Available
1,32e8ee4a-fb57-4e8b-a229-84ad6e72cbcf,2026-10-08T00:07:01.491+00:00,2026-10-08T00:07:01.671+00:00,21072-30059,washers,20632128-b,716000000,2026-10-08 00:07:01,2026-10-07 20:35:15,0,12706.0,-12706.0,,Available,website maps this code to Available
1,32e8ee4a-fb57-4e8b-a229-84ad6e72cbcf,2026-10-08T00:07:01.491+00:00,2026-10-08T00:07:01.671+00:00,21072-30059,washers,20632044-b,716000000,2026-10-08 00:07:01,2026-10-07 06:53:39,0,62002.0,-62002.0,,Available,website maps this code to Available
1,32e8ee4a-fb57-4e8b-a229-84ad6e72cbcf,2026-10-08T00:07:01.491+00:00,2026-10-08T00:07:01.671+00:00,21072-30059,washers,20632094-b,716000000,2026-10-08 00:07:01,2026-10-07 06:07:39,0,64762.0,-64762.0,,Available,website maps this code to Available
1,32e8ee4a-fb57-4e8b-a229-84ad6e72cbcf,2026-10-08T00:07:01.491+00:00,2026-10-08T00:07:01.671+00:00,21072-30059,washers,20632123-b,516000000,2026-10-08 00:07:01,2026-10-08 00:04:42,0,139.0,-139.0,,Finished,
1,32e8ee4a-fb57-4e8b-a229-84ad6e72cbcf,2026-10-08T00:07:01.491+00:00,2026-10-08T00:07:01.671+00:00,21072-30059,washers,20632098-b,616000040,2026-10-08 00:07:01,2026-10-07 04:12:05,0,71696.0,-71696.0,,Error,
1,32e8ee4a-fb57-4e8b-a229-84ad6e72cbcf,2026-10-08T00:07:01.491+00:00,2026-10-08T00:07:01.671+00:00,21072-30059,dryers,20632096-a,716000000,2026-10-08 00:07:01,2026-10-07 01:07:52,0,82749.0,-82749.0,,Available,website maps this code to Available
1,32e8ee4a-fb57-4e8b-a229-84ad6e72cbcf,2026-10-08T00:07:01.491+00:00,2026-10-08T00:07:01.671+00:00,21072-30059,dryers,20632096-b,716000000,2026-10-08 00:07:01,2026-10-07 21:41:35,0,8726.0,-8726.0,,Available,website maps this code to Available
1,32e8ee4a-fb57-4e8b-a229-84ad6e72cbcf,2026-10-08T00:07:01.491+00:00,2026-10-08T00:07:01.671+00:00,21072-30059,dryers,20632118-a,716000000,2026-10-08 00:07:01,2026-10-07 18:39:43,0,19638.0,-19638.0,,Available,website maps this code to Available
1,32e8ee4a-fb57-4e8b-a229-84ad6e72cbcf,2026-10-08T00:07:01.491+00:00,2026-10-08T00:07:01.671+00:00,21072-30059,dryers,20632035-a,716000000,2026-10-08 00:07:01,2026-10-07 02:49:50,0,76631.0,-76631.0,,Available,website maps this code to Available
1,32e8ee4a-fb57-4e8b-a229-84ad6e72cbcf,2026-10-08T00:07:01.491+00:00,2026-10-08T00:07:01.671+00:00,21072-30059,dryers,20632102-a,716000000,2026-10-08 00:07:01,2026-10-07 20:29:21,0,13060.0,-13060.0,,Available,website maps this code to Available
1,32e8ee4a-fb57-4e8b-a229-84ad6e72cbcf,2026-10-08T00:07:01.491+00:00,2026-10-08T00:07:01.671+00:00,21072-30059,dryers,20632060-a,716000000,2026-10-08 00:07:01,2026-10-07 03:04:43,0,75738.0,-75738.0,,Available,website maps this code to Available
1,32e8ee4a-fb57-4e8b-a229-84ad6e72cbcf,2026-10-08T00:07:01.491+00:00,2026-10-08T00:07:01.671+00:00,21072-30059,dryers,20632117-a,416000000,2026-10-08 00:07:01,2026-10-08 00:05:13,10,108.0,492.0,9,Running,
1,32e8ee4a-fb57-4e8b-a229-84ad6e72cbcf,2026-10-08T00:07:01.491+00:00,2026-10-08T00:07:01.671+00:00,21072-30059,dryers,20632037-a,716000000,2026-10-08 00:07:01,2026-10-07 22:05:01,0,7320.0,-7320.0,,Available,website maps this code to Available
1,32e8ee4a-fb57-4e8b-a229-84ad6e72cbcf,2026-10-08T00:07:01.491+00:00,2026-10-08T00:07:01.671+00:00,21072-30059,dryers,20632092-a,716000000,2026-10-08 00:07:01,2026-10-07 22:05:27,0,7294.0,-7294.0,,Available,website maps this code to Available
1,32e8ee4a-fb57-4e8b-a229-84ad6e72cbcf,2026-10-08T00:07:01.491+00:00,2026-10-08T00:07:01.671+00:00,21072-30059,dryers,20632128-a,716000000,2026-10-08 00:07:01,2026-10-07 22:06:02,0,7259.0,-7259.0,,Available,website maps this code to Available
1,32e8ee4a-fb57-4e8b-a229-84ad6e72cbcf,2026-10-08T00:07:01.491+00:00,2026-10-08T00:07:01.671+00:00,21072-30059,dryers,20632044-a,416000000,2026-10-08 00:07:01,2026-10-08 00:04:59,10,122.0,478.0,8,Running,
1,32e8ee4a-fb57-4e8b-a229-84ad6e72cbcf,2026-10-08T00:07:01.491+00:00,2026-10-08T00:07:01.671+00:00,21072-30059,dryers,20632094-a,716000000,2026-10-08 00:07:01,2026-10-07 07:58:50,0,58091.0,-58091.0,,Available,website maps this code to Available
1,32e8ee4a-fb57-4e8b-a229-84ad6e72cbcf,2026-10-08T00:07:01.491+00:00,2026-10-08T00:07:01.671+00:00,21072-30059,dryers,20632123-a,716000000,2026-10-08 00:07:01,2026-10-08 00:04:40,0,141.0,-141.0,,Available,website maps this code to Available
1,32e8ee4a-fb57-4e8b-a229-84ad6e72cbcf,2026-10-08T00:07:01.491+00:00,2026-10-08T00:07:01.671+00:00,21072-30059,dryers,20632098-a,616000040,2026-10-08 00:07:01,2026-10-07 04:11:00,0,71761.0,-71761.0,,Error,
1,de4b4591-e855-460e-9fb4-a6998963723b,2026-10-08T00:08:01.270+00:00,2026-10-08T00:08:01.438+00:00,21072-30059,washers,20632118-b,716000000,2026-10-08 00:08:01,2026-10-07 20:53:09,0,11692.0,-11692.0,,Available,website maps this code to Available
1,de4b4591-e855-460e-9fb4-a6998963723b,2026-10-08T00:08:01.270+00:00,2026-10-08T00:08:01.438+00:00,21072-30059,washers,20632035-b,716000000,2026-10-08 00:08:01,2026-10-07 04:03:57,0,72244.0,-72244.0,,Available,website maps this code to Available
1,de4b4591-e855-460e-9fb4-a6998963723b,2026-10-08T00:08:01.270+00:00,2026-10-08T00:08:01.438+00:00,21072-30059,washers,20632102-b,716000000,2026-10-08 00:08:01,2026-10-07 23:34:21,0,2020.0,-2020.0,,Available,website maps this code to Available
1,de4b4591-e855-460e-9fb4-a6998963723b,2026-10-08T00:08:01.270+00:00,2026-10-08T00:08:01.438+00:00,21072-30059,washers,20632060-b,716000000,2026-10-08 00:08:01,2026-10-07 23:19:28,0,2913.0,-2913.0,,Available,website maps this code to Available
1,de4b4591-e855-460e-9fb4-a6998963723b,2026-10-08T00:08:01.270+00:00,2026-10-08T00:08:01.438+00:00,21072-30059,washers,20632117-b,716000000,2026-10-08 00:08:01,2026-10-07 23:18:55,0,2946.0,-2946.0,,Available,website maps this code to Available
1,de4b4591-e855-460e-9fb4-a6998963723b,2026-10-08T00:08:01.270+00:00,2026-10-08T00:08:01.438+00:00,21072-30059,washers,20632037-b,716000000,2026-10-08 00:08:01,2026-10-07 20:32:19,0,12942.0,-12942.0,,Available,website maps this code to Available
1,de4b4591-e855-460e-9fb4-a6998963723b,2026-10-08T00:08:01.270+00:00,2026-10-08T00:08:01.438+00:00,21072-30059,washers,20632092-b,716000000,2026-10-08 00:08:01,2026-10-07 20:33:56,0,12845.0,-12845.0,,Available,website maps this code to Available
1,de4b4591-e855-460e-9fb4-a6998963723b,2026-10-08T00:08:01.270+00:00,2026-10-08T00:08:01.438+00:00,21072-30059,washers,20632128-b,716000000,2026-10-08 00:08:01,2026-10-07 20:35:15,0,12766.0,-12766.0,,Available,website maps this code to Available
1,de4b4591-e855-460e-9fb4-a6998963723b,2026-10-08T00:08:01.270+00:00,2026-10-08T00:08:01.438+00:00,21072-30059,washers,20632044-b,716000000,2026-10-08 00:08:01,2026-10-07 06:53:39,0,62062.0,-62062.0,,Available,website maps this code to Available
1,de4b4591-e855-460e-9fb4-a6998963723b,2026-10-08T00:08:01.270+00:00,2026-10-08T00:08:01.438+00:00,21072-30059,washers,20632094-b,716000000,2026-10-08 00:08:01,2026-10-07 06:07:39,0,64822.0,-64822.0,,Available,website maps this code to Available
1,de4b4591-e855-460e-9fb4-a6998963723b,2026-10-08T00:08:01.270+00:00,2026-10-08T00:08:01.438+00:00,21072-30059,washers,20632123-b,516000000,2026-10-08 00:08:01,2026-10-08 00:04:42,0,199.0,-199.0,,Finished,
1,de4b4591-e855-460e-9fb4-a6998963723b,2026-10-08T00:08:01.270+00:00,2026-10-08T00:08:01.438+00:00,21072-30059,washers,20632098-b,616000040,2026-10-08 00:08:01,2026-10-07 04:12:05,0,71756.0,-71756.0,,Error,
1,de4b4591-e855-460e-9fb4-a6998963723b,2026-10-08T00:08:01.270+00:00,2026-10-08T00:08:01.438+00:00,21072-30059,dryers,20632096-a,716000000,2026-10-08 00:08:01,2026-10-07 01:07:52,0,82809.0,-82809.0,,Available,website maps this code to Available
1,de4b4591-e855-460e-9fb4-a6998963723b,2026-10-08T00:08:01.270+00:00,2026-10-08T00:08:01.438+00:00,21072-30059,dryers,20632096-b,716000000,2026-10-08 00:08:01,2026-10-07 21:41:35,0,8786.0,-8786.0,,Available,website maps this code to Available
1,de4b4591-e855-460e-9fb4-a6998963723b,2026-10-08T00:08:01.270+00:00,2026-10-08T00:08:01.438+00:00,21072-30059,dryers,20632118-a,716000000,2026-10-08 00:08:01,2026-10-07 18:39:43,0,19698.0,-19698.0,,Available,website maps this code to Available
1,de4b4591-e855-460e-9fb4-a6998963723b,2026-10-08T00:08:01.270+00:00,2026-10-08T00:08:01.438+00:00,21072-30059,dryers,20632035-a,716000000,2026-10-08 00:08:01,2026-10-07 02:49:50,0,76691.0,-76691.0,,Available,website maps this code to Available
1,de4b4591-e855-460e-9fb4-a6998963723b,2026-10-08T00:08:01.270+00:00,2026-10-08T00:08:01.438+00:00,21072-30059,dryers,20632102-a,716000000,2026-10-08 00:08:01,2026-10-07 20:29:21,0,13120.0,-13120.0,,Available,website maps this code to Available
1,de4b4591-e855-460e-9fb4-a6998963723b,2026-10-08T00:08:01.270+00:00,2026-10-08T00:08:01.438+00:00,21072-30059,dryers,20632060-a,716000000,2026-10-08 00:08:01,2026-10-07 03:04:43,0,75798.0,-75798.0,,Available,website maps this code to Available
1,de4b4591-e855-460e-9fb4-a6998963723b,2026-10-08T00:08:01.270+00:00,2026-10-08T00:08:01.438+00:00,21072-30059,dryers,20632117-a,416000000,2026-10-08 00:08:01,2026-10-08 00:05:13,10,168.0,432.0,8,Running,
1,de4b4591-e855-460e-9fb4-a6998963723b,2026-10-08T00:08:01.270+00:00,2026-10-08T00:08:01.438+00:00,21072-30059,dryers,20632037-a,716000000,2026-10-08 00:08:01,2026-10-07 22:05:01,0,7380.0,-7380.0,,Available,website maps this code to Available
1,de4b4591-e855-460e-9fb4-a6998963723b,2026-10-08T00:08:01.270+00:00,2026-10-08T00:08:01.438+00:00,21072-30059,dryers,20632092-a,716000000,2026-10-08 00:08:01,2026-10-07 22:05:27,0,7354.0,-7354.0,,Available,website maps this code to Available
1,de4b4591-e855-460e-9fb4-a6998963723b,2026-10-08T00:08:01.270+00:00,2026-10-08T00:08:01.438+00:00,21072-30059,dryers,20632128-a,716000000,2026-10-08 00:08:01,2026-10-07 22:06:02,0,7319.0,-7319.0,,Available,website maps this code to Available
1,de4b4591-e855-460e-9fb4-a6998963723b,2026-10-08T00:08:01.270+00:00,2026-10-08T00:08:01.438+00:00,21072-30059,dryers,20632044-a,416000000,2026-10-08 00:08:01,2026-10-08 00:04:59,10,182.0,418.0,7,Running,
1,de4b4591-e855-460e-9fb4-a6998963723b,2026-10-08T00:08:01.270+00:00,2026-10-08T00:08:01.438+00:00,21072-30059,dryers,20632094-a,716000000,2026-10-08 00:08:01,2026-10-07 07:58:50,0,58151.0,-58151.0,,Available,website maps this code to Available
1,de4b4591-e855-460e-9fb4-a6998963723b,2026-10-08T00:08:01.270+00:00,2026-10-08T00:08:01.438+00:00,21072-30059,dryers,20632123-a,716000000,2026-10-08 00:08:01,2026-10-08 00:04:40,0,201.0,-201.0,,Available,website maps this code to Available
1,de4b4591-e855-460e-9fb4-a6998963723b,2026-10-08T00:08:01.270+00:00,2026-10-08T00:08:01.438+00:00,21072-30059,dryers,20632098-a,616000040,2026-10-08 00:08:01,2026-10-07 04:11:00,0,71821.0,-71821.0,,Error,
1,7197a9f0-0668-41f9-b3cb-e0492cf9f90b,2026-10-08T00:09:01.251+00:00,2026-10-08T00:09:01.589+00:00,21072-30059,washers,20632118-b,716000000,2026-10-08 00:09:01,2026-10-07 20:53:09,0,11752.0,-11752.0,,Available,website maps this code to Available
1,7197a9f0-0668-41f9-b3cb-e0492cf9f90b,2026-10-08T00:09:01.251+00:00,2026-10-08T00:09:01.589+00:00,21072-30059,washers,20632035-b,716000000,2026-10-08 00:09:01,2026-10-07 04:03:57,0,72304.0,-72304.0,,Available,website maps this code to Available
1,7197a9f0-0668-41f9-b3cb-e0492cf9f90b,2026-10-08T00:09:01.251+00:00,2026-10-08T00:09:01.589+00:00,21072-30059,washers,20632102-b,716000000,2026-10-08 00:09:01,2026-10-07 23:34:21,0,2080.0,-2080.0,,Available,website maps this code to Available
1,7197a9f0-0668-41f9-b3cb-e0492cf9f90b,2026-10-08T00:09:01.251+00:00,2026-10-08T00:09:01.589+00:00,21072-30059,washers,20632060-b,716000000,2026-10-08 00:09:01,2026-10-07 23:19:28,0,2973.0,-2973.0,,Available,website maps this code to Available
1,7197a9f0-0668-41f9-b3cb-e0492cf9f90b,2026-10-08T00:09:01.251+00:00,2026-10-08T00:09:01.589+00:00,21072-30059,washers,20632117-b,716000000,2026-10-08 00:09:01,2026-10-07 23:18:55,0,3006.0,-3006.0,,Available,website maps this code to Available
1,7197a9f0-0668-41f9-b3cb-e0492cf9f90b,2026-10-08T00:09:01.251+00:00,2026-10-08T00:09:01.589+00:00,21072-30059,washers,20632037-b,716000000,2026-10-08 00:09:01,2026-10-07 20:32:19,0,13002.0,-13002.0,,Available,website maps this code to Available
1,7197a9f0-0668-41f9-b3cb-e0492cf9f90b,2026-10-08T00:09:01.251+00:00,2026-10-08T00:09:01.589+00:00,21072-30059,washers,20632092-b,716000000,2026-10-08 00:09:01,2026-10-07 20:33:56,0,12905.0,-12905.0,,Available,website maps this code to Available
1,7197a9f0-0668-41f9-b3cb-e0492cf9f90b,2026-10-08T00:09:01.251+00:00,2026-10-08T00:09:01.589+00:00,21072-30059,washers,20632128-b,716000000,2026-10-08 00:09:01,2026-10-07 20:35:15,0,12826.0,-12826.0,,Available,website maps this code to Available
1,7197a9f0-0668-41f9-b3cb-e0492cf9f90b,2026-10-08T00:09:01.251+00:00,2026-10-08T00:09:01.589+00:00,21072-30059,washers,20632044-b,716000000,2026-10-08 00:09:01,2026-10-07 06:53:39,0,62122.0,-62122.0,,Available,website maps this code to Available
1,7197a9f0-0668-41f9-b3cb-e0492cf9f90b,2026-10-08T00:09:01.251+00:00,2026-10-08T00:09:01.589+00:00,21072-30059,washers,20632094-b,716000000,2026-10-08 00:09:01,2026-10-07 06:07:39,0,64882.0,-64882.0,,Available,website maps this code to Available
1,7197a9f0-0668-41f9-b3cb-e0492cf9f90b,2026-10-08T00:09:01.251+00:00,2026-10-08T00:09:01.589+00:00,21072-30059,washers,20632123-b,516000000,2026-10-08 00:09:01,2026-10-08 00:04:42,0,259.0,-259.0,,Finished,
1,7197a9f0-0668-41f9-b3cb-e0492cf9f90b,2026-10-08T00:09:01.251+00:00,2026-10-08T00:09:01.589+00:00,21072-30059,washers,20632098-b,616000040,2026-10-08 00:09:01,2026-10-07 04:12:05,0,71816.0,-71816.0,,Error,
1,7197a9f0-0668-41f9-b3cb-e0492cf9f90b,2026-10-08T00:09:01.251+00:00,2026-10-08T00:09:01.589+00:00,21072-30059,dryers,20632096-a,716000000,2026-10-08 00:09:01,2026-10-07 01:07:52,0,82869.0,-82869.0,,Available,website maps this code to Available
1,7197a9f0-0668-41f9-b3cb-e0492cf9f90b,2026-10-08T00:09:01.251+00:00,2026-10-08T00:09:01.589+00:00,21072-30059,dryers,20632096-b,716000000,2026-10-08 00:09:01,2026-10-07 21:41:35,0,8846.0,-8846.0,,Available,website maps this code to Available
1,7197a9f0-0668-41f9-b3cb-e0492cf9f90b,2026-10-08T00:09:01.251+00:00,2026-10-08T00:09:01.589+00:00,21072-30059,dryers,20632118-a,716000000,2026-10-08 00:09:01,2026-10-07 18:39:43,0,19758.0,-19758.0,,Available,website maps this code to Available
1,7197a9f0-0668-41f9-b3cb-e0492cf9f90b,2026-10-08T00:09:01.251+00:00,2026-10-08T00:09:01.589+00:00,21072-30059,dryers,20632035-a,716000000,2026-10-08 00:09:01,2026-10-07 02:49:50,0,76751.0,-76751.0,,Available,website maps this code to Available
1,7197a9f0-0668-41f9-b3cb-e0492cf9f90b,2026-10-08T00:09:01.251+00:00,2026-10-08T00:09:01.589+00:00,21072-30059,dryers,20632102-a,716000000,2026-10-08 00:09:01,2026-10-07 20:29:21,0,13180.0,-13180.0,,Available,website maps this code to Available
1,7197a9f0-0668-41f9-b3cb-e0492cf9f90b,2026-10-08T00:09:01.251+00:00,2026-10-08T00:09:01.589+00:00,21072-30059,dryers,20632060-a,716000000,2026-10-08 00:09:01,2026-10-07 03:04:43,0,75858.0,-75858.0,,Available,website maps this code to Available
1,7197a9f0-0668-41f9-b3cb-e0492cf9f90b,2026-10-08T00:09:01.251+00:00,2026-10-08T00:09:01.589+00:00,21072-30059,dryers,20632117-a,416000000,2026-10-08 00:09:01,2026-10-08 00:05:13,10,228.0,372.0,7,Running,
1,7197a9f0-0668-41f9-b3cb-e0492cf9f90b,2026-10-08T00:09:01.251+00:00,2026-10-08T00:09:01.589+00:00,21072-30059,dryers,20632037-a,716000000,2026-10-08 00:09:01,2026-10-07 22:05:01,0,7440.0,-7440.0,,Available,website maps this code to Available
1,7197a9f0-0668-41f9-b3cb-e0492cf9f90b,2026-10-08T00:09:01.251+00:00,2026-10-08T00:09:01.589+00:00,21072-30059,dryers,20632092-a,716000000,2026-10-08 00:09:01,2026-10-07 22:05:27,0,7414.0,-7414.0,,Available,website maps this code to Available
1,7197a9f0-0668-41f9-b3cb-e0492cf9f90b,2026-10-08T00:09:01.251+00:00,2026-10-08T00:09:01.589+00:00,21072-30059,dryers,20632128-a,716000000,2026-10-08 00:09:01,2026-10-07 22:06:02,0,7379.0,-7379.0,,Available,website maps this code to Available
1,7197a9f0-0668-41f9-b3cb-e0492cf9f90b,2026-10-08T00:09:01.251+00:00,2026-10-08T00:09:01.589+00:00,21072-30059,dryers,20632044-a,416000000,2026-10-08 00:09:01,2026-10-08 00:04:59,10,242.0,358.0,6,Running,
1,7197a9f0-0668-41f9-b3cb-e0492cf9f90b,2026-10-08T00:09:01.251+00:00,2026-10-08T00:09:01.589+00:00,21072-30059,dryers,20632094-a,716000000,2026-10-08 00:09:01,2026-10-07 07:58:50,0,58211.0,-58211.0,,Available,website maps this code to Available
1,7197a9f0-0668-41f9-b3cb-e0492cf9f90b,2026-10-08T00:09:01.251+00:00,2026-10-08T00:09:01.589+00:00,21072-30059,dryers,20632123-a,716000000,2026-10-08 00:09:01,2026-10-08 00:04:40,0,261.0,-261.0,,Available,website maps this code to Available
1,7197a9f0-0668-41f9-b3cb-e0492cf9f90b,2026-10-08T00:09:01.251+00:00,2026-10-08T00:09:01.589+00:00,21072-30059,dryers,20632098-a,616000040,2026-10-08 00:09:01,2026-10-07 04:11:00,0,71881.0,-71881.0,,Error,
1,5a4d5f90-7ed5-4cce-ac7b-860799e167a0,2026-10-08T00:10:01.347+00:00,2026-10-08T00:10:01.564+00:00,21072-30059,washers,20632118-b,716000000,2026-10-08 00:10:01,2026-10-07 20:53:09,0,11812.0,-11812.0,,Available,website maps this code to Available
1,5a4d5f90-7ed5-4cce-ac7b-860799e167a0,2026-10-08T00:10:01.347+00:00,2026-10-08T00:10:01.564+00:00,21072-30059,washers,20632035-b,716000000,2026-10-08 00:10:01,2026-10-07 04:03:57,0,72364.0,-72364.0,,Available,website maps this code to Available
1,5a4d5f90-7ed5-4cce-ac7b-860799e167a0,2026-10-08T00:10:01.347+00:00,2026-10-08T00:10:01.564+00:00,21072-30059,washers,20632102-b,716000000,2026-10-08 00:10:01,2026-10-07 23:34:21,0,2140.0,-2140.0,,Available,website maps this code to Available
1,5a4d5f90-7ed5-4cce-ac7b-860799e167a0,2026-10-08T00:10:01.347+00:00,2026-10-08T00:10:01.564+00:00,21072-30059,washers,20632060-b,716000000,2026-10-08 00:10:01,2026-10-07 23:19:28,0,3033.0,-3033.0,,Available,website maps this code to Available
1,5a4d5f90-7ed5-4cce-ac7b-860799e167a0,2026-10-08T00:10:01.347+00:00,2026-10-08T00:10:01.564+00:00,21072-30059,washers,20632117-b,716000000,2026-10-08 00:10:01,2026-10-07 23:18:55,0,3066.0,-3066.0,,Available,website maps this code to Available
1,5a4d5f90-7ed5-4cce-ac7b-860799e167a0,2026-10-08T00:10:01.347+00:00,2026-10-08T00:10:01.564+00:00,21072-30059,washers,20632037-b,716000000,2026-10-08 00:10:01,2026-10-07 20:32:19,0,13062.0,-13062.0,,Available,website maps this code to Available
1,5a4d5f90-7ed5-4cce-ac7b-860799e167a0,2026-10-08T00:10:01.347+00:00,2026-10-08T00:10:01.564+00:00,21072-30059,washers,20632092-b,716000000,2026-10-08 00:10:01,2026-10-07 20:33:56,0,12965.0,-12965.0,,Available,website maps this code to Available
1,5a4d5f90-7ed5-4cce-ac7b-860799e167a0,2026-10-08T00:10:01.347+00:00,2026-10-08T00:10:01.564+00:00,21072-30059,washers,20632128-b,716000000,2026-10-08 00:10:01,2026-10-07 20:35:15,0,12886.0,-12886.0,,Available,website maps this code to Available
1,5a4d5f90-7ed5-4cce-ac7b-860799e167a0,2026-10-08T00:10:01.347+00:00,2026-10-08T00:10:01.564+00:00,21072-30059,washers,20632044-b,716000000,2026-10-08 00:10:01,2026-10-07 06:53:39,0,62182.0,-62182.0,,Available,website maps this code to Available
1,5a4d5f90-7ed5-4cce-ac7b-860799e167a0,2026-10-08T00:10:01.347+00:00,2026-10-08T00:10:01.564+00:00,21072-30059,washers,20632094-b,716000000,2026-10-08 00:10:01,2026-10-07 06:07:39,0,64942.0,-64942.0,,Available,website maps this code to Available
1,5a4d5f90-7ed5-4cce-ac7b-860799e167a0,2026-10-08T00:10:01.347+00:00,2026-10-08T00:10:01.564+00:00,21072-30059,washers,20632123-b,516000000,2026-10-08 00:10:01,2026-10-08 00:04:42,0,319.0,-319.0,,Finished,
1,5a4d5f90-7ed5-4cce-ac7b-860799e167a0,2026-10-08T00:10:01.347+00:00,2026-10-08T00:10:01.564+00:00,21072-30059,washers,20632098-b,616000040,2026-10-08 00:10:01,2026-10-07 04:12:05,0,71876.0,-71876.0,,Error,
1,5a4d5f90-7ed5-4cce-ac7b-860799e167a0,2026-10-08T00:10:01.347+00:00,2026-10-08T00:10:01.564+00:00,21072-30059,dryers,20632096-a,716000000,2026-10-08 00:10:01,2026-10-07 01:07:52,0,82929.0,-82929.0,,Available,website maps this code to Available
1,5a4d5f90-7ed5-4cce-ac7b-860799e167a0,2026-10-08T00:10:01.347+00:00,2026-10-08T00:10:01.564+00:00,21072-30059,dryers,20632096-b,716000000,2026-10-08 00:10:01,2026-10-07 21:41:35,0,8906.0,-8906.0,,Available,website maps this code to Available
1,5a4d5f90-7ed5-4cce-ac7b-860799e167a0,2026-10-08T00:10:01.347+00:00,2026-10-08T00:10:01.564+00:00,21072-30059,dryers,20632118-a,716000000,2026-10-08 00:10:01,2026-10-07 18:39:43,0,19818.0,-19818.0,,Available,website maps this code to Available
1,5a4d5f90-7ed5-4cce-ac7b-860799e167a0,2026-10-08T00:10:01.347+00:00,2026-10-08T00:10:01.564+00:00,21072-30059,dryers,20632035-a,716000000,2026-10-08 00:10:01,2026-10-07 02:49:50,0,76811.0,-76811.0,,Available,website maps this code to Available
1,5a4d5f90-7ed5-4cce-ac7b-860799e167a0,2026-10-08T00:10:01.347+00:00,2026-10-08T00:10:01.564+00:00,21072-30059,dryers,20632102-a,716000000,2026-10-08 00:10:01,2026-10-07 20:29:21,0,13240.0,-13240.0,,Available,website maps this code to Available
1,5a4d5f90-7ed5-4cce-ac7b-860799e167a0,2026-10-08T00:10:01.347+00:00,2026-10-08T00:10:01.564+00:00,21072-30059,dryers,20632060-a,716000000,2026-10-08 00:10:01,2026-10-07 03:04:43,0,75918.0,-75918.0,,Available,website maps this code to Available
1,5a4d5f90-7ed5-4cce-ac7b-860799e167a0,2026-10-08T00:10:01.347+00:00,2026-10-08T00:10:01.564+00:00,21072-30059,dryers,20632117-a,416000000,2026-10-08 00:10:01,2026-10-08 00:05:13,10,288.0,312.0,6,Running,
1,5a4d5f90-7ed5-4cce-ac7b-860799e167a0,2026-10-08T00:10:01.347+00:00,2026-10-08T00:10:01.564+00:00,21072-30059,dryers,20632037-a,716000000,2026-10-08 00:10:01,2026-10-07 22:05:01,0,7500.0,-7500.0,,Available,website maps this code to Available
1,5a4d5f90-7ed5-4cce-ac7b-860799e167a0,2026-10-08T00:10:01.347+00:00,2026-10-08T00:10:01.564+00:00,21072-30059,dryers,20632092-a,716000000,2026-10-08 00:10:01,2026-10-07 22:05:27,0,7474.0,-7474.0,,Available,website maps this code to Available
1,5a4d5f90-7ed5-4cce-ac7b-860799e167a0,2026-10-08T00:10:01.347+00:00,2026-10-08T00:10:01.564+00:00,21072-30059,dryers,20632128-a,716000000,2026-10-08 00:10:01,2026-10-07 22:06:02,0,7439.0,-7439.0,,Available,website maps this code to Available
1,5a4d5f90-7ed5-4cce-ac7b-860799e167a0,2026-10-08T00:10:01.347+00:00,2026-10-08T00:10:01.564+00:00,21072-30059,dryers,20632044-a,416000000,2026-10-08 00:10:01,2026-10-08 00:04:59,10,302.0,298.0,5,Running,
1,5a4d5f90-7ed5-4cce-ac7b-860799e167a0,2026-10-08T00:10:01.347+00:00,2026-10-08T00:10:01.564+00:00,21072-30059,dryers,20632094-a,716000000,2026-10-08 00:10:01,2026-10-07 07:58:50,0,58271.0,-58271.0,,Available,website maps this code to Available
1,5a4d5f90-7ed5-4cce-ac7b-860799e167a0,2026-10-08T00:10:01.347+00:00,2026-10-08T00:10:01.564+00:00,21072-30059,dryers,20632123-a,716000000,2026-10-08 00:10:01,2026-10-08 00:04:40,0,321.0,-321.0,,Available,website maps this code to Available
1,5a4d5f90-7ed5-4cce-ac7b-860799e167a0,2026-10-08T00:10:01.347+00:00,2026-10-08T00:10:01.564+00:00,21072-30059,dryers,20632098-a,616000040,2026-10-08 00:10:01,2026-10-07 04:11:00,0,71941.0,-71941.0,,Error,
1,61dddf32-2640-439b-a840-13fe13eb7306,2026-10-08T00:11:01.245+00:00,2026-10-08T00:11:01.419+00:00,21072-30059,washers,20632118-b,716000000,2026-10-08 00:11:01,2026-10-07 20:53:09,0,11872.0,-11872.0,,Available,website maps this code to Available
1,61dddf32-2640-439b-a840-13fe13eb7306,2026-10-08T00:11:01.245+00:00,2026-10-08T00:11:01.419+00:00,21072-30059,washers,20632035-b,716000000,2026-10-08 00:11:01,2026-10-07 04:03:57,0,72424.0,-72424.0,,Available,website maps this code to Available
1,61dddf32-2640-439b-a840-13fe13eb7306,2026-10-08T00:11:01.245+00:00,2026-10-08T00:11:01.419+00:00,21072-30059,washers,20632102-b,716000000,2026-10-08 00:11:01,2026-10-07 23:34:21,0,2200.0,-2200.0,,Available,website maps this code to Available
1,61dddf32-2640-439b-a840-13fe13eb7306,2026-10-08T00:11:01.245+00:00,2026-10-08T00:11:01.419+00:00,21072-30059,washers,20632060-b,716000000,2026-10-08 00:11:01,2026-10-07 23:19:28,0,3093.0,-3093.0,,Available,website maps this code to Available
1,61dddf32-2640-439b-a840-13fe13eb7306,2026-10-08T00:11:01.245+00:00,2026-10-08T00:11:01.419+00:00,21072-30059,washers,20632117-b,716000000,2026-10-08 00:11:01,2026-10-07 23:18:55,0,3126.0,-3126.0,,Available,website maps this code to Available
1,61dddf32-2640-439b-a840-13fe13eb7306,2026-10-08T00:11:01.245+00:00,2026-10-08T00:11:01.419+00:00,21072-30059,washers,20632037-b,716000000,2026-10-08 00:11:01,2026-10-07 20:32:19,0,13122.0,-13122.0,,Available,website maps this code to Available
1,61dddf32-2640-439b-a840-13fe13eb7306,2026-10-08T00:11:01.245+00:00,2026-10-08T00:11:01.419+00:00,21072-30059,washers,20632092-b,716000000,2026-10-08 00:11:01,2026-10-07 20:33:56,0,13025.0,-13025.0,,Available,website maps this code to Available
1,61dddf32-2640-439b-a840-13fe13eb7306,2026-10-08T00:11:01.245+00:00,2026-10-08T00:11:01.419+00:00,21072-30059,washers,20632128-b,716000000,2026-10-08 00:11:01,2026-10-07 20:35:15,0,12946.0,-12946.0,,Available,website maps this code to Available
1,61dddf32-2640-439b-a840-13fe13eb7306,2026-10-08T00:11:01.245+00:00,2026-10-08T00:11:01.419+00:00,21072-30059,washers,20632044-b,716000000,2026-10-08 00:11:01,2026-10-07 06:53:39,0,62242.0,-62242.0,,Available,website maps this code to Available
1,61dddf32-2640-439b-a840-13fe13eb7306,2026-10-08T00:11:01.245+00:00,2026-10-08T00:11:01.419+00:00,21072-30059,washers,20632094-b,716000000,2026-10-08 00:11:01,2026-10-07 06:07:39,0,65002.0,-65002.0,,Available,website maps this code to Available
1,61dddf32-2640-439b-a840-13fe13eb7306,2026-10-08T00:11:01.245+00:00,2026-10-08T00:11:01.419+00:00,21072-30059,washers,20632123-b,516000000,2026-10-08 00:11:01,2026-10-08 00:04:42,0,379.0,-379.0,,Finished,
1,61dddf32-2640-439b-a840-13fe13eb7306,2026-10-08T00:11:01.245+00:00,2026-10-08T00:11:01.419+00:00,21072-30059,washers,20632098-b,616000040,2026-10-08 00:11:01,2026-10-07 04:12:05,0,71936.0,-71936.0,,Error,
1,61dddf32-2640-439b-a840-13fe13eb7306,2026-10-08T00:11:01.245+00:00,2026-10-08T00:11:01.419+00:00,21072-30059,dryers,20632096-a,716000000,2026-10-08 00:11:01,2026-10-07 01:07:52,0,82989.0,-82989.0,,Available,website maps this code to Available
1,61dddf32-2640-439b-a840-13fe13eb7306,2026-10-08T00:11:01.245+00:00,2026-10-08T00:11:01.419+00:00,21072-30059,dryers,20632096-b,716000000,2026-10-08 00:11:01,2026-10-07 21:41:35,0,8966.0,-8966.0,,Available,website maps this code to Available
1,61dddf32-2640-439b-a840-13fe13eb7306,2026-10-08T00:11:01.245+00:00,2026-10-08T00:11:01.419+00:00,21072-30059,dryers,20632118-a,716000000,2026-10-08 00:11:01,2026-10-07 18:39:43,0,19878.0,-19878.0,,Available,website maps this code to Available
1,61dddf32-2640-439b-a840-13fe13eb7306,2026-10-08T00:11:01.245+00:00,2026-10-08T00:11:01.419+00:00,21072-30059,dryers,20632035-a,716000000,2026-10-08 00:11:01,2026-10-07 02:49:50,0,76871.0,-76871.0,,Available,website maps this code to Available
1,61dddf32-2640-439b-a840-13fe13eb7306,2026-10-08T00:11:01.245+00:00,2026-10-08T00:11:01.419+00:00,21072-30059,dryers,20632102-a,716000000,2026-10-08 00:11:01,2026-10-07 20:29:21,0,13300.0,-13300.0,,Available,website maps this code to Available
1,61dddf32-2640-439b-a840-13fe13eb7306,2026-10-08T00:11:01.245+00:00,2026-10-08T00:11:01.419+00:00,21072-30059,dryers,20632060-a,716000000,2026-10-08 00:11:01,2026-10-07 03:04:43,0,75978.0,-75978.0,,Available,website maps this code to Available
1,61dddf32-2640-439b-a840-13fe13eb7306,2026-10-08T00:11:01.245+00:00,2026-10-08T00:11:01.419+00:00,21072-30059,dryers,20632117-a,416000000,2026-10-08 00:11:01,2026-10-08 00:05:13,10,348.0,252.0,5,Running,
1,61dddf32-2640-439b-a840-13fe13eb7306,2026-10-08T00:11:01.245+00:00,2026-10-08T00:11:01.419+00:00,21072-30059,dryers,20632037-a,716000000,2026-10-08 00:11:01,2026-10-07 22:05:01,0,7560.0,-7560.0,,Available,website maps this code to Available
1,61dddf32-2640-439b-a840-13fe13eb7306,2026-10-08T00:11:01.245+00:00,2026-10-08T00:11:01.419+00:00,21072-30059,dryers,20632092-a,716000000,2026-10-08 00:11:01,2026-10-07 22:05:27,0,7534.0,-7534.0,,Available,website maps this code to Available
1,61dddf32-2640-439b-a840-13fe13eb7306,2026-10-08T00:11:01.245+00:00,2026-10-08T00:11:01.419+00:00,21072-30059,dryers,20632128-a,716000000,2026-10-08 00:11:01,2026-10-07 22:06:02,0,7499.0,-7499.0,,Available,website maps this code to Available
1,61dddf32-2640-439b-a840-13fe13eb7306,2026-10-08T00:11:01.245+00:00,2026-10-08T00:11:01.419+00:00,21072-30059,dryers,20632044-a,416000000,2026-10-08 00:11:01,2026-10-08 00:04:59,10,362.0,238.0,4,Running,
1,61dddf32-2640-439b-a840-13fe13eb7306,2026-10-08T00:11:01.245+00:00,2026-10-08T00:11:01.419+00:00,21072-30059,dryers,20632094-a,716000000,2026-10-08 00:11:01,2026-10-07 07:58:50,0,58331.0,-58331.0,,Available,website maps this code to Available
1,61dddf32-2640-439b-a840-13fe13eb7306,2026-10-08T00:11:01.245+00:00,2026-10-08T00:11:01.419+00:00,21072-30059,dryers,20632123-a,716000000,2026-10-08 00:11:01,2026-10-08 00:04:40,0,381.0,-381.0,,Available,website maps this code to Available
1,61dddf32-2640-439b-a840-13fe13eb7306,2026-10-08T00:11:01.245+00:00,2026-10-08T00:11:01.419+00:00,21072-30059,dryers,20632098-a,616000040,2026-10-08 00:11:01,2026-10-07 04:11:00,0,72001.0,-72001.0,,Error,
1,f3731e42-fca1-4074-84af-4c8559895780,2026-10-08T00:12:01.327+00:00,2026-10-08T00:12:01.494+00:00,21072-30059,washers,20632118-b,716000000,2026-10-08 00:12:01,2026-10-07 20:53:09,0,11932.0,-11932.0,,Available,website maps this code to Available
1,f3731e42-fca1-4074-84af-4c8559895780,2026-10-08T00:12:01.327+00:00,2026-10-08T00:12:01.494+00:00,21072-30059,washers,20632035-b,716000000,2026-10-08 00:12:01,2026-10-07 04:03:57,0,72484.0,-72484.0,,Available,website maps this code to Available
1,f3731e42-fca1-4074-84af-4c8559895780,2026-10-08T00:12:01.327+00:00,2026-10-08T00:12:01.494+00:00,21072-30059,washers,20632102-b,716000000,2026-10-08 00:12:01,2026-10-07 23:34:21,0,2260.0,-2260.0,,Available,website maps this code to Available
1,f3731e42-fca1-4074-84af-4c8559895780,2026-10-08T00:12:01.327+00:00,2026-10-08T00:12:01.494+00:00,21072-30059,washers,20632060-b,716000000,2026-10-08 00:12:01,2026-10-07 23:19:28,0,3153.0,-3153.0,,Available,website maps this code to Available
1,f3731e42-fca1-4074-84af-4c8559895780,2026-10-08T00:12:01.327+00:00,2026-10-08T00:12:01.494+00:00,21072-30059,washers,20632117-b,716000000,2026-10-08 00:12:01,2026-10-07 23:18:55,0,3186.0,-3186.0,,Available,website maps this code to Available
1,f3731e42-fca1-4074-84af-4c8559895780,2026-10-08T00:12:01.327+00:00,2026-10-08T00:12:01.494+00:00,21072-30059,washers,20632037-b,716000000,2026-10-08 00:12:01,2026-10-07 20:32:19,0,13182.0,-13182.0,,Available,website maps this code to Available
1,f3731e42-fca1-4074-84af-4c8559895780,2026-10-08T00:12:01.327+00:00,2026-10-08T00:12:01.494+00:00,21072-30059,washers,20632092-b,716000000,2026-10-08 00:12:01,2026-10-07 20:33:56,0,13085.0,-13085.0,,Available,website maps this code to Available
1,f3731e42-fca1-4074-84af-4c8559895780,2026-10-08T00:12:01.327+00:00,2026-10-08T00:12:01.494+00:00,21072-30059,washers,20632128-b,716000000,2026-10-08 00:12:01,2026-10-07 20:35:15,0,13006.0,-13006.0,,Available,website maps this code to Available
1,f3731e42-fca1-4074-84af-4c8559895780,2026-10-08T00:12:01.327+00:00,2026-10-08T00:12:01.494+00:00,21072-30059,washers,20632044-b,716000000,2026-10-08 00:12:01,2026-10-07 06:53:39,0,62302.0,-62302.0,,Available,website maps this code to Available
1,f3731e42-fca1-4074-84af-4c8559895780,2026-10-08T00:12:01.327+00:00,2026-10-08T00:12:01.494+00:00,21072-30059,washers,20632094-b,716000000,2026-10-08 00:12:01,2026-10-07 06:07:39,0,65062.0,-65062.0,,Available,website maps this code to Available
1,f3731e42-fca1-4074-84af-4c8559895780,2026-10-08T00:12:01.327+00:00,2026-10-08T00:12:01.494+00:00,21072-30059,washers,20632123-b,516000000,2026-10-08 00:12:01,2026-10-08 00:04:42,0,439.0,-439.0,,Finished,
1,f3731e42-fca1-4074-84af-4c8559895780,2026-10-08T00:12:01.327+00:00,2026-10-08T00:12:01.494+00:00,21072-30059,washers,20632098-b,616000040,2026-10-08 00:12:01,2026-10-07 04:12:05,0,71996.0,-71996.0,,Error,
1,f3731e42-fca1-4074-84af-4c8559895780,2026-10-08T00:12:01.327+00:00,2026-10-08T00:12:01.494+00:00,21072-30059,dryers,20632096-a,716000000,2026-10-08 00:12:01,2026-10-07 01:07:52,0,83049.0,-83049.0,,Available,website maps this code to Available
1,f3731e42-fca1-4074-84af-4c8559895780,2026-10-08T00:12:01.327+00:00,2026-10-08T00:12:01.494+00:00,21072-30059,dryers,20632096-b,716000000,2026-10-08 00:12:01,2026-10-07 21:41:35,0,9026.0,-9026.0,,Available,website maps this code to Available
1,f3731e42-fca1-4074-84af-4c8559895780,2026-10-08T00:12:01.327+00:00,2026-10-08T00:12:01.494+00:00,21072-30059,dryers,20632118-a,716000000,2026-10-08 00:12:01,2026-10-07 18:39:43,0,19938.0,-19938.0,,Available,website maps this code to Available
1,f3731e42-fca1-4074-84af-4c8559895780,2026-10-08T00:12:01.327+00:00,2026-10-08T00:12:01.494+00:00,21072-30059,dryers,20632035-a,716000000,2026-10-08 00:12:01,2026-10-07 02:49:50,0,76931.0,-76931.0,,Available,website maps this code to Available
1,f3731e42-fca1-4074-84af-4c8559895780,2026-10-08T00:12:01.327+00:00,2026-10-08T00:12:01.494+00:00,21072-30059,dryers,20632102-a,716000000,2026-10-08 00:12:01,2026-10-07 20:29:21,0,13360.0,-13360.0,,Available,website maps this code to Available
1,f3731e42-fca1-4074-84af-4c8559895780,2026-10-08T00:12:01.327+00:00,2026-10-08T00:12:01.494+00:00,21072-30059,dryers,20632060-a,716000000,2026-10-08 00:12:01,2026-10-07 03:04:43,0,76038.0,-76038.0,,Available,website maps this code to Available
1,f3731e42-fca1-4074-84af-4c8559895780,2026-10-08T00:12:01.327+00:00,2026-10-08T00:12:01.494+00:00,21072-30059,dryers,20632117-a,416000000,2026-10-08 00:12:01,2026-10-08 00:05:13,10,408.0,192.0,4,Running,
1,f3731e42-fca1-4074-84af-4c8559895780,2026-10-08T00:12:01.327+00:00,2026-10-08T00:12:01.494+00:00,21072-30059,dryers,20632037-a,716000000,2026-10-08 00:12:01,2026-10-07 22:05:01,0,7620.0,-7620.0,,Available,website maps this code to Available
1,f3731e42-fca1-4074-84af-4c8559895780,2026-10-08T00:12:01.327+00:00,2026-10-08T00:12:01.494+00:00,21072-30059,dryers,20632092-a,716000000,2026-10-08 00:12:01,2026-10-07 22:05:27,0,7594.0,-7594.0,,Available,website maps this code to Available
1,f3731e42-fca1-4074-84af-4c8559895780,2026-10-08T00:12:01.327+00:00,2026-10-08T00:12:01.494+00:00,21072-30059,dryers,20632128-a,716000000,2026-10-08 00:12:01,2026-10-07 22:06:02,0,7559.0,-7559.0,,Available,website maps this code to Available
1,f3731e42-fca1-4074-84af-4c8559895780,2026-10-08T00:12:01.327+00:00,2026-10-08T00:12:01.494+00:00,21072-30059,dryers,20632044-a,416000000,2026-10-08 00:12:01,2026-10-08 00:04:59,10,422.0,178.0,3,Running,
1,f3731e42-fca1-4074-84af-4c8559895780,2026-10-08T00:12:01.327+00:00,2026-10-08T00:12:01.494+00:00,21072-30059,dryers,20632094-a,716000000,2026-10-08 00:12:01,2026-10-07 07:58:50,0,58391.0,-58391.0,,Available,website maps this code to Available
1,f3731e42-fca1-4074-84af-4c8559895780,2026-10-08T00:12:01.327+00:00,2026-10-08T00:12:01.494+00:00,21072-30059,dryers,20632123-a,716000000,2026-10-08 00:12:01,2026-10-08 00:04:40,0,441.0,-441.0,,Available,website maps this code to Available
1,f3731e42-fca1-4074-84af-4c8559895780,2026-10-08T00:12:01.327+00:00,2026-10-08T00:12:01.494+00:00,21072-30059,dryers,20632098-a,616000040,2026-10-08 00:12:01,2026-10-07 04:11:00,0,72061.0,-72061.0,,Error,
1,7a55cdff-2c57-4250-b39f-f2b0a879a010,2026-10-08T00:13:01.262+00:00,2026-10-08T00:13:01.429+00:00,21072-30059,washers,20632118-b,716000000,2026-10-08 00:13:01,2026-10-07 20:53:09,0,11992.0,-11992.0,,Available,website maps this code to Available
1,7a55cdff-2c57-4250-b39f-f2b0a879a010,2026-10-08T00:13:01.262+00:00,2026-10-08T00:13:01.429+00:00,21072-30059,washers,20632035-b,716000000,2026-10-08 00:13:01,2026-10-07 04:03:57,0,72544.0,-72544.0,,Available,website maps this code to Available
1,7a55cdff-2c57-4250-b39f-f2b0a879a010,2026-10-08T00:13:01.262+00:00,2026-10-08T00:13:01.429+00:00,21072-30059,washers,20632102-b,716000000,2026-10-08 00:13:01,2026-10-07 23:34:21,0,2320.0,-2320.0,,Available,website maps this code to Available
1,7a55cdff-2c57-4250-b39f-f2b0a879a010,2026-10-08T00:13:01.262+00:00,2026-10-08T00:13:01.429+00:00,21072-30059,washers,20632060-b,716000000,2026-10-08 00:13:01,2026-10-07 23:19:28,0,3213.0,-3213.0,,Available,website maps this code to Available
1,7a55cdff-2c57-4250-b39f-f2b0a879a010,2026-10-08T00:13:01.262+00:00,2026-10-08T00:13:01.429+00:00,21072-30059,washers,20632117-b,716000000,2026-10-08 00:13:01,2026-10-07 23:18:55,0,3246.0,-3246.0,,Available,website maps this code to Available
1,7a55cdff-2c57-4250-b39f-f2b0a879a010,2026-10-08T00:13:01.262+00:00,2026-10-08T00:13:01.429+00:00,21072-30059,washers,20632037-b,716000000,2026-10-08 00:13:01,2026-10-07 20:32:19,0,13242.0,-13242.0,,Available,website maps this code to Available
1,7a55cdff-2c57-4250-b39f-f2b0a879a010,2026-10-08T00:13:01.262+00:00,2026-10-08T00:13:01.429+00:00,21072-30059,washers,20632092-b,716000000,2026-10-08 00:13:01,2026-10-07 20:33:56,0,13145.0,-13145.0,,Available,website maps this code to Available
1,7a55cdff-2c57-4250-b39f-f2b0a879a010,2026-10-08T00:13:01.262+00:00,2026-10-08T00:13:01.429+00:00,21072-30059,washers,20632128-b,716000000,2026-10-08 00:13:01,2026-10-07 20:35:15,0,13066.0,-13066.0,,Available,website maps this code to Available
1,7a55cdff-2c57-4250-b39f-f2b0a879a010,2026-10-08T00:13:01.262+00:00,2026-10-08T00:13:01.429+00:00,21072-30059,washers,20632044-b,716000000,2026-10-08 00:13:01,2026-10-07 06:53:39,0,62362.0,-62362.0,,Available,website maps this code to Available
1,7a55cdff-2c57-4250-b39f-f2b0a879a010,2026-10-08T00:13:01.262+00:00,2026-10-08T00:13:01.429+00:00,21072-30059,washers,20632094-b,716000000,2026-10-08 00:13:01,2026-10-07 06:07:39,0,65122.0,-65122.0,,Available,website maps this code to Available
1,7a55cdff-2c57-4250-b39f-f2b0a879a010,2026-10-08T00:13:01.262+00:00,2026-10-08T00:13:01.429+00:00,21072-30059,washers,20632123-b,516000000,2026-10-08 00:13:01,2026-10-08 00:04:42,0,499.0,-499.0,,Finished,
1,7a55cdff-2c57-4250-b39f-f2b0a879a010,2026-10-08T00:13:01.262+00:00,2026-10-08T00:13:01.429+00:00,21072-30059,washers,20632098-b,616000040,2026-10-08 00:13:01,2026-10-07 04:12:05,0,72056.0,-72056.0,,Error,
1,7a55cdff-2c57-4250-b39f-f2b0a879a010,2026-10-08T00:13:01.262+00:00,2026-10-08T00:13:01.429+00:00,21072-30059,dryers,20632096-a,716000000,2026-10-08 00:13:01,2026-10-07 01:07:52,0,83109.0,-83109.0,,Available,website maps this code to Available
1,7a55cdff-2c57-4250-b39f-f2b0a879a010,2026-10-08T00:13:01.262+00:00,2026-10-08T00:13:01.429+00:00,21072-30059,dryers,20632096-b,716000000,2026-10-08 00:13:01,2026-10-07 21:41:35,0,9086.0,-9086.0,,Available,website maps this code to Available
1,7a55cdff-2c57-4250-b39f-f2b0a879a010,2026-10-08T00:13:01.262+00:00,2026-10-08T00:13:01.429+00:00,21072-30059,dryers,20632118-a,716000000,2026-10-08 00:13:01,2026-10-07 18:39:43,0,19998.0,-19998.0,,Available,website maps this code to Available
1,7a55cdff-2c57-4250-b39f-f2b0a879a010,2026-10-08T00:13:01.262+00:00,2026-10-08T00:13:01.429+00:00,21072-30059,dryers,20632035-a,716000000,2026-10-08 00:13:01,2026-10-07 02:49:50,0,76991.0,-76991.0,,Available,website maps this code to Available
1,7a55cdff-2c57-4250-b39f-f2b0a879a010,2026-10-08T00:13:01.262+00:00,2026-10-08T00:13:01.429+00:00,21072-30059,dryers,20632102-a,716000000,2026-10-08 00:13:01,2026-10-07 20:29:21,0,13420.0,-13420.0,,Available,website maps this code to Available
1,7a55cdff-2c57-4250-b39f-f2b0a879a010,2026-10-08T00:13:01.262+00:00,2026-10-08T00:13:01.429+00:00,21072-30059,dryers,20632060-a,716000000,2026-10-08 00:13:01,2026-10-07 03:04:43,0,76098.0,-76098.0,,Available,website maps this code to Available
1,7a55cdff-2c57-4250-b39f-f2b0a879a010,2026-10-08T00:13:01.262+00:00,2026-10-08T00:13:01.429+00:00,21072-30059,dryers,20632117-a,416000000,2026-10-08 00:13:01,2026-10-08 00:05:13,10,468.0,132.0,3,Running,
1,7a55cdff-2c57-4250-b39f-f2b0a879a010,2026-10-08T00:13:01.262+00:00,2026-10-08T00:13:01.429+00:00,21072-30059,dryers,20632037-a,716000000,2026-10-08 00:13:01,2026-10-07 22:05:01,0,7680.0,-7680.0,,Available,website maps this code to Available
1,7a55cdff-2c57-4250-b39f-f2b0a879a010,2026-10-08T00:13:01.262+00:00,2026-10-08T00:13:01.429+00:00,21072-30059,dryers,20632092-a,716000000,2026-10-08 00:13:01,2026-10-07 22:05:27,0,7654.0,-7654.0,,Available,website maps this code to Available
1,7a55cdff-2c57-4250-b39f-f2b0a879a010,2026-10-08T00:13:01.262+00:00,2026-10-08T00:13:01.429+00:00,21072-30059,dryers,20632128-a,716000000,2026-10-08 00:13:01,2026-10-07 22:06:02,0,7619.0,-7619.0,,Available,website maps this code to Available
1,7a55cdff-2c57-4250-b39f-f2b0a879a010,2026-10-08T00:13:01.262+00:00,2026-10-08T00:13:01.429+00:00,21072-30059,dryers,20632044-a,416000000,2026-10-08 00:13:01,2026-10-08 00:04:59,10,482.0,118.0,2,Running,
1,7a55cdff-2c57-4250-b39f-f2b0a879a010,2026-10-08T00:13:01.262+00:00,2026-10-08T00:13:01.429+00:00,21072-30059,dryers,20632094-a,716000000,2026-10-08 00:13:01,2026-10-07 07:58:50,0,58451.0,-58451.0,,Available,website maps this code to Available
1,7a55cdff-2c57-4250-b39f-f2b0a879a010,2026-10-08T00:13:01.262+00:00,2026-10-08T00:13:01.429+00:00,21072-30059,dryers,20632123-a,716000000,2026-10-08 00:13:01,2026-10-08 00:04:40,0,501.0,-501.0,,Available,website maps this code to Available
1,7a55cdff-2c57-4250-b39f-f2b0a879a010,2026-10-08T00:13:01.262+00:00,2026-10-08T00:13:01.429+00:00,21072-30059,dryers,20632098-a,616000040,2026-10-08 00:13:01,2026-10-07 04:11:00,0,72121.0,-72121.0,,Error,
1,ffbdc753-c36c-4249-88c5-304dad610c8b,2026-10-08T00:14:01.265+00:00,2026-10-08T00:14:01.435+00:00,21072-30059,washers,20632118-b,716000000,2026-10-08 00:14:01,2026-10-07 20:53:09,0,12052.0,-12052.0,,Available,website maps this code to Available
1,ffbdc753-c36c-4249-88c5-304dad610c8b,2026-10-08T00:14:01.265+00:00,2026-10-08T00:14:01.435+00:00,21072-30059,washers,20632035-b,716000000,2026-10-08 00:14:01,2026-10-07 04:03:57,0,72604.0,-72604.0,,Available,website maps this code to Available
1,ffbdc753-c36c-4249-88c5-304dad610c8b,2026-10-08T00:14:01.265+00:00,2026-10-08T00:14:01.435+00:00,21072-30059,washers,20632102-b,716000000,2026-10-08 00:14:01,2026-10-07 23:34:21,0,2380.0,-2380.0,,Available,website maps this code to Available
1,ffbdc753-c36c-4249-88c5-304dad610c8b,2026-10-08T00:14:01.265+00:00,2026-10-08T00:14:01.435+00:00,21072-30059,washers,20632060-b,716000000,2026-10-08 00:14:01,2026-10-07 23:19:28,0,3273.0,-3273.0,,Available,website maps this code to Available
1,ffbdc753-c36c-4249-88c5-304dad610c8b,2026-10-08T00:14:01.265+00:00,2026-10-08T00:14:01.435+00:00,21072-30059,washers,20632117-b,716000000,2026-10-08 00:14:01,2026-10-07 23:18:55,0,3306.0,-3306.0,,Available,website maps this code to Available
1,ffbdc753-c36c-4249-88c5-304dad610c8b,2026-10-08T00:14:01.265+00:00,2026-10-08T00:14:01.435+00:00,21072-30059,washers,20632037-b,716000000,2026-10-08 00:14:01,2026-10-07 20:32:19,0,13302.0,-13302.0,,Available,website maps this code to Available
1,ffbdc753-c36c-4249-88c5-304dad610c8b,2026-10-08T00:14:01.265+00:00,2026-10-08T00:14:01.435+00:00,21072-30059,washers,20632092-b,716000000,2026-10-08 00:14:01,2026-10-07 20:33:56,0,13205.0,-13205.0,,Available,website maps this code to Available
1,ffbdc753-c36c-4249-88c5-304dad610c8b,2026-10-08T00:14:01.265+00:00,2026-10-08T00:14:01.435+00:00,21072-30059,washers,20632128-b,716000000,2026-10-08 00:14:01,2026-10-07 20:35:15,0,13126.0,-13126.0,,Available,website maps this code to Available
1,ffbdc753-c36c-4249-88c5-304dad610c8b,2026-10-08T00:14:01.265+00:00,2026-10-08T00:14:01.435+00:00,21072-30059,washers,20632044-b,716000000,2026-10-08 00:14:01,2026-10-07 06:53:39,0,62422.0,-62422.0,,Available,website maps this code to Available
1,ffbdc753-c36c-4249-88c5-304dad610c8b,2026-10-08T00:14:01.265+00:00,2026-10-08T00:14:01.435+00:00,21072-30059,washers,20632094-b,716000000,2026-10-08 00:14:01,2026-10-07 06:07:39,0,65182.0,-65182.0,,Available,website maps this code to Available
1,ffbdc753-c36c-4249-88c5-304dad610c8b,2026-10-08T00:14:01.265+00:00,2026-10-08T00:14:01.435+00:00,21072-30059,washers,20632123-b,516000000,2026-10-08 00:14:01,2026-10-08 00:04:42,0,559.0,-559.0,,Finished,
1,ffbdc753-c36c-4249-88c5-304dad610c8b,2026-10-08T00:14:01.265+00:00,2026-10-08T00:14:01.435+00:00,21072-30059,washers,20632098-b,616000040,2026-10-08 00:14:01,2026-10-07 04:12:05,0,72116.0,-72116.0,,Error,
1,ffbdc753-c36c-4249-88c5-304dad610c8b,2026-10-08T00:14:01.265+00:00,2026-10-08T00:14:01.435+00:00,21072-30059,dryers,20632096-a,716000000,2026-10-08 00:14:01,2026-10-07 01:07:52,0,83169.0,-83169.0,,Available,website maps this code to Available
1,ffbdc753-c36c-4249-88c5-304dad610c8b,2026-10-08T00:14:01.265+00:00,2026-10-08T00:14:01.435+00:00,21072-30059,dryers,20632096-b,716000000,2026-10-08 00:14:01,2026-10-07 21:41:35,0,9146.0,-9146.0,,Available,website maps this code to Available
1,ffbdc753-c36c-4249-88c5-304dad610c8b,2026-10-08T00:14:01.265+00:00,2026-10-08T00:14:01.435+00:00,21072-30059,dryers,20632118-a,716000000,2026-10-08 00:14:01,2026-10-07 18:39:43,0,20058.0,-20058.0,,Available,website maps this code to Available
1,ffbdc753-c36c-4249-88c5-304dad610c8b,2026-10-08T00:14:01.265+00:00,2026-10-08T00:14:01.435+00:00,21072-30059,dryers,20632035-a,716000000,2026-10-08 00:14:01,2026-10-07 02:49:50,0,77051.0,-77051.0,,Available,website maps this code to Available
1,ffbdc753-c36c-4249-88c5-304dad610c8b,2026-10-08T00:14:01.265+00:00,2026-10-08T00:14:01.435+00:00,21072-30059,dryers,20632102-a,716000000,2026-10-08 00:14:01,2026-10-07 20:29:21,0,13480.0,-13480.0,,Available,website maps this code to Available
1,ffbdc753-c36c-4249-88c5-304dad610c8b,2026-10-08T00:14:01.265+00:00,2026-10-08T00:14:01.435+00:00,21072-30059,dryers,20632060-a,716000000,2026-10-08 00:14:01,2026-10-07 03:04:43,0,76158.0,-76158.0,,Available,website maps this code to Available
1,ffbdc753-c36c-4249-88c5-304dad610c8b,2026-10-08T00:14:01.265+00:00,2026-10-08T00:14:01.435+00:00,21072-30059,dryers,20632117-a,416000000,2026-10-08 00:14:01,2026-10-08 00:05:13,10,528.0,72.0,2,Running,
1,ffbdc753-c36c-4249-88c5-304dad610c8b,2026-10-08T00:14:01.265+00:00,2026-10-08T00:14:01.435+00:00,21072-30059,dryers,20632037-a,716000000,2026-10-08 00:14:01,2026-10-07 22:05:01,0,7740.0,-7740.0,,Available,website maps this code to Available
1,ffbdc753-c36c-4249-88c5-304dad610c8b,2026-10-08T00:14:01.265+00:00,2026-10-08T00:14:01.435+00:00,21072-30059,dryers,20632092-a,716000000,2026-10-08 00:14:01,2026-10-07 22:05:27,0,7714.0,-7714.0,,Available,website maps this code to Available
1,ffbdc753-c36c-4249-88c5-304dad610c8b,2026-10-08T00:14:01.265+00:00,2026-10-08T00:14:01.435+00:00,21072-30059,dryers,20632128-a,716000000,2026-10-08 00:14:01,2026-10-07 22:06:02,0,7679.0,-7679.0,,Available,website maps this code to Available
1,ffbdc753-c36c-4249-88c5-304dad610c8b,2026-10-08T00:14:01.265+00:00,2026-10-08T00:14:01.435+00:00,21072-30059,dryers,20632044-a,416000000,2026-10-08 00:14:01,2026-10-08 00:04:59,10,542.0,58.0,1,Running,
1,ffbdc753-c36c-4249-88c5-304dad610c8b,2026-10-08T00:14:01.265+00:00,2026-10-08T00:14:01.435+00:00,21072-30059,dryers,20632094-a,716000000,2026-10-08 00:14:01,2026-10-07 07:58:50,0,58511.0,-58511.0,,Available,website maps this code to Available
1,ffbdc753-c36c-4249-88c5-304dad610c8b,2026-10-08T00:14:01.265+00:00,2026-10-08T00:14:01.435+00:00,21072-30059,dryers,20632123-a,716000000,2026-10-08 00:14:01,2026-10-08 00:04:40,0,561.0,-561.0,,Available,website maps this code to Available
1,ffbdc753-c36c-4249-88c5-304dad610c8b,2026-10-08T00:14:01.265+00:00,2026-10-08T00:14:01.435+00:00,21072-30059,dryers,20632098-a,616000040,2026-10-08 00:14:01,2026-10-07 04:11:00,0,72181.0,-72181.0,,Error,
1,56dc9892-d22a-4aae-a1b7-f78bf365a7fb,2026-10-08T00:15:01.278+00:00,2026-10-08T00:15:01.451+00:00,21072-30059,washers,20632118-b,716000000,2026-10-08 00:15:01,2026-10-07 20:53:09,0,12112.0,-12112.0,,Available,website maps this code to Available
1,56dc9892-d22a-4aae-a1b7-f78bf365a7fb,2026-10-08T00:15:01.278+00:00,2026-10-08T00:15:01.451+00:00,21072-30059,washers,20632035-b,716000000,2026-10-08 00:15:01,2026-10-07 04:03:57,0,72664.0,-72664.0,,Available,website maps this code to Available
1,56dc9892-d22a-4aae-a1b7-f78bf365a7fb,2026-10-08T00:15:01.278+00:00,2026-10-08T00:15:01.451+00:00,21072-30059,washers,20632102-b,716000000,2026-10-08 00:15:01,2026-10-07 23:34:21,0,2440.0,-2440.0,,Available,website maps this code to Available
1,56dc9892-d22a-4aae-a1b7-f78bf365a7fb,2026-10-08T00:15:01.278+00:00,2026-10-08T00:15:01.451+00:00,21072-30059,washers,20632060-b,716000000,2026-10-08 00:15:01,2026-10-07 23:19:28,0,3333.0,-3333.0,,Available,website maps this code to Available
1,56dc9892-d22a-4aae-a1b7-f78bf365a7fb,2026-10-08T00:15:01.278+00:00,2026-10-08T00:15:01.451+00:00,21072-30059,washers,20632117-b,716000000,2026-10-08 00:15:01,2026-10-07 23:18:55,0,3366.0,-3366.0,,Available,website maps this code to Available
1,56dc9892-d22a-4aae-a1b7-f78bf365a7fb,2026-10-08T00:15:01.278+00:00,2026-10-08T00:15:01.451+00:00,21072-30059,washers,20632037-b,716000000,2026-10-08 00:15:01,2026-10-07 20:32:19,0,13362.0,-13362.0,,Available,website maps this code to Available
1,56dc9892-d22a-4aae-a1b7-f78bf365a7fb,2026-10-08T00:15:01.278+00:00,2026-10-08T00:15:01.451+00:00,21072-30059,washers,20632092-b,716000000,2026-10-08 00:15:01,2026-10-07 20:33:56,0,13265.0,-13265.0,,Available,website maps this code to Available
1,56dc9892-d22a-4aae-a1b7-f78bf365a7fb,2026-10-08T00:15:01.278+00:00,2026-10-08T00:15:01.451+00:00,21072-30059,washers,20632128-b,716000000,2026-10-08 00:15:01,2026-10-07 20:35:15,0,13186.0,-13186.0,,Available,website maps this code to Available
1,56dc9892-d22a-4aae-a1b7-f78bf365a7fb,2026-10-08T00:15:01.278+00:00,2026-10-08T00:15:01.451+00:00,21072-30059,washers,20632044-b,716000000,2026-10-08 00:15:01,2026-10-07 06:53:39,0,62482.0,-62482.0,,Available,website maps this code to Available
1,56dc9892-d22a-4aae-a1b7-f78bf365a7fb,2026-10-08T00:15:01.278+00:00,2026-10-08T00:15:01.451+00:00,21072-30059,washers,20632094-b,716000000,2026-10-08 00:15:01,2026-10-07 06:07:39,0,65242.0,-65242.0,,Available,website maps this code to Available
1,56dc9892-d22a-4aae-a1b7-f78bf365a7fb,2026-10-08T00:15:01.278+00:00,2026-10-08T00:15:01.451+00:00,21072-30059,washers,20632123-b,516000000,2026-10-08 00:15:01,2026-10-08 00:04:42,0,619.0,-619.0,,Finished,
1,56dc9892-d22a-4aae-a1b7-f78bf365a7fb,2026-10-08T00:15:01.278+00:00,2026-10-08T00:15:01.451+00:00,21072-30059,washers,20632098-b,616000040,2026-10-08 00:15:01,2026-10-07 04:12:05,0,72176.0,-72176.0,,Error,
1,56dc9892-d22a-4aae-a1b7-f78bf365a7fb,2026-10-08T00:15:01.278+00:00,2026-10-08T00:15:01.451+00:00,21072-30059,dryers,20632096-a,716000000,2026-10-08 00:15:01,2026-10-07 01:07:52,0,83229.0,-83229.0,,Available,website maps this code to Available
1,56dc9892-d22a-4aae-a1b7-f78bf365a7fb,2026-10-08T00:15:01.278+00:00,2026-10-08T00:15:01.451+00:00,21072-30059,dryers,20632096-b,716000000,2026-10-08 00:15:01,2026-10-07 21:41:35,0,9206.0,-9206.0,,Available,website maps this code to Available
1,56dc9892-d22a-4aae-a1b7-f78bf365a7fb,2026-10-08T00:15:01.278+00:00,2026-10-08T00:15:01.451+00:00,21072-30059,dryers,20632118-a,716000000,2026-10-08 00:15:01,2026-10-07 18:39:43,0,20118.0,-20118.0,,Available,website maps this code to Available
1,56dc9892-d22a-4aae-a1b7-f78bf365a7fb,2026-10-08T00:15:01.278+00:00,2026-10-08T00:15:01.451+00:00,21072-30059,dryers,20632035-a,716000000,2026-10-08 00:15:01,2026-10-07 02:49:50,0,77111.0,-77111.0,,Available,website maps this code to Available
1,56dc9892-d22a-4aae-a1b7-f78bf365a7fb,2026-10-08T00:15:01.278+00:00,2026-10-08T00:15:01.451+00:00,21072-30059,dryers,20632102-a,716000000,2026-10-08 00:15:01,2026-10-07 20:29:21,0,13540.0,-13540.0,,Available,website maps this code to Available
1,56dc9892-d22a-4aae-a1b7-f78bf365a7fb,2026-10-08T00:15:01.278+00:00,2026-10-08T00:15:01.451+00:00,21072-30059,dryers,20632060-a,716000000,2026-10-08 00:15:01,2026-10-07 03:04:43,0,76218.0,-76218.0,,Available,website maps this code to Available
1,56dc9892-d22a-4aae-a1b7-f78bf365a7fb,2026-10-08T00:15:01.278+00:00,2026-10-08T00:15:01.451+00:00,21072-30059,dryers,20632117-a,416000000,2026-10-08 00:15:01,2026-10-08 00:05:13,10,588.0,12.0,1,Running,
1,56dc9892-d22a-4aae-a1b7-f78bf365a7fb,2026-10-08T00:15:01.278+00:00,2026-10-08T00:15:01.451+00:00,21072-30059,dryers,20632037-a,716000000,2026-10-08 00:15:01,2026-10-07 22:05:01,0,7800.0,-7800.0,,Available,website maps this code to Available
1,56dc9892-d22a-4aae-a1b7-f78bf365a7fb,2026-10-08T00:15:01.278+00:00,2026-10-08T00:15:01.451+00:00,21072-30059,dryers,20632092-a,716000000,2026-10-08 00:15:01,2026-10-07 22:05:27,0,7774.0,-7774.0,,Available,website maps this code to Available
1,56dc9892-d22a-4aae-a1b7-f78bf365a7fb,2026-10-08T00:15:01.278+00:00,2026-10-08T00:15:01.451+00:00,21072-30059,dryers,20632128-a,716000000,2026-10-08 00:15:01,2026-10-07 22:06:02,0,7739.0,-7739.0,,Available,website maps this code to Available
1,56dc9892-d22a-4aae-a1b7-f78bf365a7fb,2026-10-08T00:15:01.278+00:00,2026-10-08T00:15:01.451+00:00,21072-30059,dryers,20632044-a,416000000,2026-10-08 00:15:01,2026-10-08 00:04:59,10,602.0,-2.0,,Available,website fallback: countdown expired
1,56dc9892-d22a-4aae-a1b7-f78bf365a7fb,2026-10-08T00:15:01.278+00:00,2026-10-08T00:15:01.451+00:00,21072-30059,dryers,20632094-a,716000000,2026-10-08 00:15:01,2026-10-07 07:58:50,0,58571.0,-58571.0,,Available,website maps this code to Available
1,56dc9892-d22a-4aae-a1b7-f78bf365a7fb,2026-10-08T00:15:01.278+00:00,2026-10-08T00:15:01.451+00:00,21072-30059,dryers,20632123-a,716000000,2026-10-08 00:15:01,2026-10-08 00:04:40,0,621.0,-621.0,,Available,website maps this code to Available
1,56dc9892-d22a-4aae-a1b7-f78bf365a7fb,2026-10-08T00:15:01.278+00:00,2026-10-08T00:15:01.451+00:00,21072-30059,dryers,20632098-a,616000040,2026-10-08 00:15:01,2026-10-07 04:11:00,0,72241.0,-72241.0,,Error,
1,04a7ca1f-774e-49f8-a324-bead74460b67,2026-10-08T00:16:01.245+00:00,2026-10-08T00:16:01.493+00:00,21072-30059,washers,20632118-b,716000000,2026-10-08 00:16:01,2026-10-07 20:53:09,0,12172.0,-12172.0,,Available,website maps this code to Available
1,04a7ca1f-774e-49f8-a324-bead74460b67,2026-10-08T00:16:01.245+00:00,2026-10-08T00:16:01.493+00:00,21072-30059,washers,20632035-b,716000000,2026-10-08 00:16:01,2026-10-07 04:03:57,0,72724.0,-72724.0,,Available,website maps this code to Available
1,04a7ca1f-774e-49f8-a324-bead74460b67,2026-10-08T00:16:01.245+00:00,2026-10-08T00:16:01.493+00:00,21072-30059,washers,20632102-b,716000000,2026-10-08 00:16:01,2026-10-07 23:34:21,0,2500.0,-2500.0,,Available,website maps this code to Available
1,04a7ca1f-774e-49f8-a324-bead74460b67,2026-10-08T00:16:01.245+00:00,2026-10-08T00:16:01.493+00:00,21072-30059,washers,20632060-b,716000000,2026-10-08 00:16:01,2026-10-07 23:19:28,0,3393.0,-3393.0,,Available,website maps this code to Available
1,04a7ca1f-774e-49f8-a324-bead74460b67,2026-10-08T00:16:01.245+00:00,2026-10-08T00:16:01.493+00:00,21072-30059,washers,20632117-b,716000000,2026-10-08 00:16:01,2026-10-07 23:18:55,0,3426.0,-3426.0,,Available,website maps this code to Available
1,04a7ca1f-774e-49f8-a324-bead74460b67,2026-10-08T00:16:01.245+00:00,2026-10-08T00:16:01.493+00:00,21072-30059,washers,20632037-b,716000000,2026-10-08 00:16:01,2026-10-07 20:32:19,0,13422.0,-13422.0,,Available,website maps this code to Available
1,04a7ca1f-774e-49f8-a324-bead74460b67,2026-10-08T00:16:01.245+00:00,2026-10-08T00:16:01.493+00:00,21072-30059,washers,20632092-b,716000000,2026-10-08 00:16:01,2026-10-07 20:33:56,0,13325.0,-13325.0,,Available,website maps this code to Available
1,04a7ca1f-774e-49f8-a324-bead74460b67,2026-10-08T00:16:01.245+00:00,2026-10-08T00:16:01.493+00:00,21072-30059,washers,20632128-b,716000000,2026-10-08 00:16:01,2026-10-07 20:35:15,0,13246.0,-13246.0,,Available,website maps this code to Available
1,04a7ca1f-774e-49f8-a324-bead74460b67,2026-10-08T00:16:01.245+00:00,2026-10-08T00:16:01.493+00:00,21072-30059,washers,20632044-b,716000000,2026-10-08 00:16:01,2026-10-07 06:53:39,0,62542.0,-62542.0,,Available,website maps this code to Available
1,04a7ca1f-774e-49f8-a324-bead74460b67,2026-10-08T00:16:01.245+00:00,2026-10-08T00:16:01.493+00:00,21072-30059,washers,20632094-b,716000000,2026-10-08 00:16:01,2026-10-07 06:07:39,0,65302.0,-65302.0,,Available,website maps this code to Available
1,04a7ca1f-774e-49f8-a324-bead74460b67,2026-10-08T00:16:01.245+00:00,2026-10-08T00:16:01.493+00:00,21072-30059,washers,20632123-b,516000000,2026-10-08 00:16:01,2026-10-08 00:04:42,0,679.0,-679.0,,Finished,
1,04a7ca1f-774e-49f8-a324-bead74460b67,2026-10-08T00:16:01.245+00:00,2026-10-08T00:16:01.493+00:00,21072-30059,washers,20632098-b,616000040,2026-10-08 00:16:01,2026-10-07 04:12:05,0,72236.0,-72236.0,,Error,
1,04a7ca1f-774e-49f8-a324-bead74460b67,2026-10-08T00:16:01.245+00:00,2026-10-08T00:16:01.493+00:00,21072-30059,dryers,20632096-a,716000000,2026-10-08 00:16:01,2026-10-07 01:07:52,0,83289.0,-83289.0,,Available,website maps this code to Available
1,04a7ca1f-774e-49f8-a324-bead74460b67,2026-10-08T00:16:01.245+00:00,2026-10-08T00:16:01.493+00:00,21072-30059,dryers,20632096-b,716000000,2026-10-08 00:16:01,2026-10-07 21:41:35,0,9266.0,-9266.0,,Available,website maps this code to Available
1,04a7ca1f-774e-49f8-a324-bead74460b67,2026-10-08T00:16:01.245+00:00,2026-10-08T00:16:01.493+00:00,21072-30059,dryers,20632118-a,716000000,2026-10-08 00:16:01,2026-10-07 18:39:43,0,20178.0,-20178.0,,Available,website maps this code to Available
1,04a7ca1f-774e-49f8-a324-bead74460b67,2026-10-08T00:16:01.245+00:00,2026-10-08T00:16:01.493+00:00,21072-30059,dryers,20632035-a,716000000,2026-10-08 00:16:01,2026-10-07 02:49:50,0,77171.0,-77171.0,,Available,website maps this code to Available
1,04a7ca1f-774e-49f8-a324-bead74460b67,2026-10-08T00:16:01.245+00:00,2026-10-08T00:16:01.493+00:00,21072-30059,dryers,20632102-a,716000000,2026-10-08 00:16:01,2026-10-07 20:29:21,0,13600.0,-13600.0,,Available,website maps this code to Available
1,04a7ca1f-774e-49f8-a324-bead74460b67,2026-10-08T00:16:01.245+00:00,2026-10-08T00:16:01.493+00:00,21072-30059,dryers,20632060-a,716000000,2026-10-08 00:16:01,2026-10-07 03:04:43,0,76278.0,-76278.0,,Available,website maps this code to Available
1,04a7ca1f-774e-49f8-a324-bead74460b67,2026-10-08T00:16:01.245+00:00,2026-10-08T00:16:01.493+00:00,21072-30059,dryers,20632117-a,416000000,2026-10-08 00:16:01,2026-10-08 00:15:31,10,30.0,570.0,10,Running,
1,04a7ca1f-774e-49f8-a324-bead74460b67,2026-10-08T00:16:01.245+00:00,2026-10-08T00:16:01.493+00:00,21072-30059,dryers,20632037-a,716000000,2026-10-08 00:16:01,2026-10-07 22:05:01,0,7860.0,-7860.0,,Available,website maps this code to Available
1,04a7ca1f-774e-49f8-a324-bead74460b67,2026-10-08T00:16:01.245+00:00,2026-10-08T00:16:01.493+00:00,21072-30059,dryers,20632092-a,716000000,2026-10-08 00:16:01,2026-10-07 22:05:27,0,7834.0,-7834.0,,Available,website maps this code to Available
1,04a7ca1f-774e-49f8-a324-bead74460b67,2026-10-08T00:16:01.245+00:00,2026-10-08T00:16:01.493+00:00,21072-30059,dryers,20632128-a,716000000,2026-10-08 00:16:01,2026-10-07 22:06:02,0,7799.0,-7799.0,,Available,website maps this code to Available
1,04a7ca1f-774e-49f8-a324-bead74460b67,2026-10-08T00:16:01.245+00:00,2026-10-08T00:16:01.493+00:00,21072-30059,dryers,20632044-a,416000000,2026-10-08 00:16:01,2026-10-08 00:15:10,10,51.0,549.0,10,Running,
1,04a7ca1f-774e-49f8-a324-bead74460b67,2026-10-08T00:16:01.245+00:00,2026-10-08T00:16:01.493+00:00,21072-30059,dryers,20632094-a,716000000,2026-10-08 00:16:01,2026-10-07 07:58:50,0,58631.0,-58631.0,,Available,website maps this code to Available
1,04a7ca1f-774e-49f8-a324-bead74460b67,2026-10-08T00:16:01.245+00:00,2026-10-08T00:16:01.493+00:00,21072-30059,dryers,20632123-a,716000000,2026-10-08 00:16:01,2026-10-08 00:04:40,0,681.0,-681.0,,Available,website maps this code to Available
1,04a7ca1f-774e-49f8-a324-bead74460b67,2026-10-08T00:16:01.245+00:00,2026-10-08T00:16:01.493+00:00,21072-30059,dryers,20632098-a,616000040,2026-10-08 00:16:01,2026-10-07 04:11:00,0,72301.0,-72301.0,,Error,
1,7100c6cc-3b9b-4525-b4dc-577bf571e718,2026-10-08T00:17:01.249+00:00,2026-10-08T00:17:01.419+00:00,21072-30059,washers,20632118-b,716000000,2026-10-08 00:17:01,2026-10-07 20:53:09,0,12232.0,-12232.0,,Available,website maps this code to Available
1,7100c6cc-3b9b-4525-b4dc-577bf571e718,2026-10-08T00:17:01.249+00:00,2026-10-08T00:17:01.419+00:00,21072-30059,washers,20632035-b,716000000,2026-10-08 00:17:01,2026-10-07 04:03:57,0,72784.0,-72784.0,,Available,website maps this code to Available
1,7100c6cc-3b9b-4525-b4dc-577bf571e718,2026-10-08T00:17:01.249+00:00,2026-10-08T00:17:01.419+00:00,21072-30059,washers,20632102-b,716000000,2026-10-08 00:17:01,2026-10-07 23:34:21,0,2560.0,-2560.0,,Available,website maps this code to Available
1,7100c6cc-3b9b-4525-b4dc-577bf571e718,2026-10-08T00:17:01.249+00:00,2026-10-08T00:17:01.419+00:00,21072-30059,washers,20632060-b,716000000,2026-10-08 00:17:01,2026-10-07 23:19:28,0,3453.0,-3453.0,,Available,website maps this code to Available
1,7100c6cc-3b9b-4525-b4dc-577bf571e718,2026-10-08T00:17:01.249+00:00,2026-10-08T00:17:01.419+00:00,21072-30059,washers,20632117-b,716000000,2026-10-08 00:17:01,2026-10-07 23:18:55,0,3486.0,-3486.0,,Available,website maps this code to Available
1,7100c6cc-3b9b-4525-b4dc-577bf571e718,2026-10-08T00:17:01.249+00:00,2026-10-08T00:17:01.419+00:00,21072-30059,washers,20632037-b,716000000,2026-10-08 00:17:01,2026-10-07 20:32:19,0,13482.0,-13482.0,,Available,website maps this code to Available
1,7100c6cc-3b9b-4525-b4dc-577bf571e718,2026-10-08T00:17:01.249+00:00,2026-10-08T00:17:01.419+00:00,21072-30059,washers,20632092-b,716000000,2026-10-08 00:17:01,2026-10-07 20:33:56,0,13385.0,-13385.0,,Available,website maps this code to Available
1,7100c6cc-3b9b-4525-b4dc-577bf571e718,2026-10-08T00:17:01.249+00:00,2026-10-08T00:17:01.419+00:00,21072-30059,washers,20632128-b,716000000,2026-10-08 00:17:01,2026-10-07 20:35:15,0,13306.0,-13306.0,,Available,website maps this code to Available
1,7100c6cc-3b9b-4525-b4dc-577bf571e718,2026-10-08T00:17:01.249+00:00,2026-10-08T00:17:01.419+00:00,21072-30059,washers,20632044-b,716000000,2026-10-08 00:17:01,2026-10-07 06:53:39,0,62602.0,-62602.0,,Available,website maps this code to Available
1,7100c6cc-3b9b-4525-b4dc-577bf571e718,2026-10-08T00:17:01.249+00:00,2026-10-08T00:17:01.419+00:00,21072-30059,washers,20632094-b,716000000,2026-10-08 00:17:01,2026-10-07 06:07:39,0,65362.0,-65362.0,,Available,website maps this code to Available
1,7100c6cc-3b9b-4525-b4dc-577bf571e718,2026-10-08T00:17:01.249+00:00,2026-10-08T00:17:01.419+00:00,21072-30059,washers,20632123-b,516000000,2026-10-08 00:17:01,2026-10-08 00:04:42,0,739.0,-739.0,,Finished,
1,7100c6cc-3b9b-4525-b4dc-577bf571e718,2026-10-08T00:17:01.249+00:00,2026-10-08T00:17:01.419+00:00,21072-30059,washers,20632098-b,616000040,2026-10-08 00:17:01,2026-10-07 04:12:05,0,72296.0,-72296.0,,Error,
1,7100c6cc-3b9b-4525-b4dc-577bf571e718,2026-10-08T00:17:01.249+00:00,2026-10-08T00:17:01.419+00:00,21072-30059,dryers,20632096-a,716000000,2026-10-08 00:17:01,2026-10-07 01:07:52,0,83349.0,-83349.0,,Available,website maps this code to Available
1,7100c6cc-3b9b-4525-b4dc-577bf571e718,2026-10-08T00:17:01.249+00:00,2026-10-08T00:17:01.419+00:00,21072-30059,dryers,20632096-b,716000000,2026-10-08 00:17:01,2026-10-07 21:41:35,0,9326.0,-9326.0,,Available,website maps this code to Available
1,7100c6cc-3b9b-4525-b4dc-577bf571e718,2026-10-08T00:17:01.249+00:00,2026-10-08T00:17:01.419+00:00,21072-30059,dryers,20632118-a,716000000,2026-10-08 00:17:01,2026-10-07 18:39:43,0,20238.0,-20238.0,,Available,website maps this code to Available
1,7100c6cc-3b9b-4525-b4dc-577bf571e718,2026-10-08T00:17:01.249+00:00,2026-10-08T00:17:01.419+00:00,21072-30059,dryers,20632035-a,716000000,2026-10-08 00:17:01,2026-10-07 02:49:50,0,77231.0,-77231.0,,Available,website maps this code to Available
1,7100c6cc-3b9b-4525-b4dc-577bf571e718,2026-10-08T00:17:01.249+00:00,2026-10-08T00:17:01.419+00:00,21072-30059,dryers,20632102-a,716000000,2026-10-08 00:17:01,2026-10-07 20:29:21,0,13660.0,-13660.0,,Available,website maps this code to Available
1,7100c6cc-3b9b-4525-b4dc-577bf571e718,2026-10-08T00:17:01.249+00:00,2026-10-08T00:17:01.419+00:00,21072-30059,dryers,20632060-a,716000000,2026-10-08 00:17:01,2026-10-07 03:04:43,0,76338.0,-76338.0,,Available,website maps this code to Available
1,7100c6cc-3b9b-4525-b4dc-577bf571e718,2026-10-08T00:17:01.249+00:00,2026-10-08T00:17:01.419+00:00,21072-30059,dryers,20632117-a,416000000,2026-10-08 00:17:01,2026-10-08 00:15:31,10,90.0,510.0,9,Running,
1,7100c6cc-3b9b-4525-b4dc-577bf571e718,2026-10-08T00:17:01.249+00:00,2026-10-08T00:17:01.419+00:00,21072-30059,dryers,20632037-a,716000000,2026-10-08 00:17:01,2026-10-07 22:05:01,0,7920.0,-7920.0,,Available,website maps this code to Available
1,7100c6cc-3b9b-4525-b4dc-577bf571e718,2026-10-08T00:17:01.249+00:00,2026-10-08T00:17:01.419+00:00,21072-30059,dryers,20632092-a,716000000,2026-10-08 00:17:01,2026-10-07 22:05:27,0,7894.0,-7894.0,,Available,website maps this code to Available
1,7100c6cc-3b9b-4525-b4dc-577bf571e718,2026-10-08T00:17:01.249+00:00,2026-10-08T00:17:01.419+00:00,21072-30059,dryers,20632128-a,716000000,2026-10-08 00:17:01,2026-10-07 22:06:02,0,7859.0,-7859.0,,Available,website maps this code to Available
1,7100c6cc-3b9b-4525-b4dc-577bf571e718,2026-10-08T00:17:01.249+00:00,2026-10-08T00:17:01.419+00:00,21072-30059,dryers,20632044-a,416000000,2026-10-08 00:17:01,2026-10-08 00:15:10,10,111.0,489.0,9,Running,
1,7100c6cc-3b9b-4525-b4dc-577bf571e718,2026-10-08T00:17:01.249+00:00,2026-10-08T00:17:01.419+00:00,21072-30059,dryers,20632094-a,716000000,2026-10-08 00:17:01,2026-10-07 07:58:50,0,58691.0,-58691.0,,Available,website maps this code to Available
1,7100c6cc-3b9b-4525-b4dc-577bf571e718,2026-10-08T00:17:01.249+00:00,2026-10-08T00:17:01.419+00:00,21072-30059,dryers,20632123-a,716000000,2026-10-08 00:17:01,2026-10-08 00:04:40,0,741.0,-741.0,,Available,website maps this code to Available
1,7100c6cc-3b9b-4525-b4dc-577bf571e718,2026-10-08T00:17:01.249+00:00,2026-10-08T00:17:01.419+00:00,21072-30059,dryers,20632098-a,616000040,2026-10-08 00:17:01,2026-10-07 04:11:00,0,72361.0,-72361.0,,Error,
1,b0cf08c0-ea71-411c-93d7-b2d5e5c3159a,2026-10-08T00:18:01.260+00:00,2026-10-08T00:18:01.427+00:00,21072-30059,washers,20632118-b,716000000,2026-10-08 00:18:01,2026-10-07 20:53:09,0,12292.0,-12292.0,,Available,website maps this code to Available
1,b0cf08c0-ea71-411c-93d7-b2d5e5c3159a,2026-10-08T00:18:01.260+00:00,2026-10-08T00:18:01.427+00:00,21072-30059,washers,20632035-b,716000000,2026-10-08 00:18:01,2026-10-07 04:03:57,0,72844.0,-72844.0,,Available,website maps this code to Available
1,b0cf08c0-ea71-411c-93d7-b2d5e5c3159a,2026-10-08T00:18:01.260+00:00,2026-10-08T00:18:01.427+00:00,21072-30059,washers,20632102-b,716000000,2026-10-08 00:18:01,2026-10-07 23:34:21,0,2620.0,-2620.0,,Available,website maps this code to Available
1,b0cf08c0-ea71-411c-93d7-b2d5e5c3159a,2026-10-08T00:18:01.260+00:00,2026-10-08T00:18:01.427+00:00,21072-30059,washers,20632060-b,716000000,2026-10-08 00:18:01,2026-10-07 23:19:28,0,3513.0,-3513.0,,Available,website maps this code to Available
1,b0cf08c0-ea71-411c-93d7-b2d5e5c3159a,2026-10-08T00:18:01.260+00:00,2026-10-08T00:18:01.427+00:00,21072-30059,washers,20632117-b,716000000,2026-10-08 00:18:01,2026-10-07 23:18:55,0,3546.0,-3546.0,,Available,website maps this code to Available
1,b0cf08c0-ea71-411c-93d7-b2d5e5c3159a,2026-10-08T00:18:01.260+00:00,2026-10-08T00:18:01.427+00:00,21072-30059,washers,20632037-b,716000000,2026-10-08 00:18:01,2026-10-07 20:32:19,0,13542.0,-13542.0,,Available,website maps this code to Available
1,b0cf08c0-ea71-411c-93d7-b2d5e5c3159a,2026-10-08T00:18:01.260+00:00,2026-10-08T00:18:01.427+00:00,21072-30059,washers,20632092-b,716000000,2026-10-08 00:18:01,2026-10-07 20:33:56,0,13445.0,-13445.0,,Available,website maps this code to Available
1,b0cf08c0-ea71-411c-93d7-b2d5e5c3159a,2026-10-08T00:18:01.260+00:00,2026-10-08T00:18:01.427+00:00,21072-30059,washers,20632128-b,716000000,2026-10-08 00:18:01,2026-10-07 20:35:15,0,13366.0,-13366.0,,Available,website maps this code to Available
1,b0cf08c0-ea71-411c-93d7-b2d5e5c3159a,2026-10-08T00:18:01.260+00:00,2026-10-08T00:18:01.427+00:00,21072-30059,washers,20632044-b,716000000,2026-10-08 00:18:01,2026-10-07 06:53:39,0,62662.0,-62662.0,,Available,website maps this code to Available
1,b0cf08c0-ea71-411c-93d7-b2d5e5c3159a,2026-10-08T00:18:01.260+00:00,2026-10-08T00:18:01.427+00:00,21072-30059,washers,20632094-b,716000000,2026-10-08 00:18:01,2026-10-07 06:07:39,0,65422.0,-65422.0,,Available,website maps this code to Available
1,b0cf08c0-ea71-411c-93d7-b2d5e5c3159a,2026-10-08T00:18:01.260+00:00,2026-10-08T00:18:01.427+00:00,21072-30059,washers,20632123-b,516000000,2026-10-08 00:18:01,2026-10-08 00:04:42,0,799.0,-799.0,,Finished,
1,b0cf08c0-ea71-411c-93d7-b2d5e5c3159a,2026-10-08T00:18:01.260+00:00,2026-10-08T00:18:01.427+00:00,21072-30059,washers,20632098-b,616000040,2026-10-08 00:18:01,2026-10-07 04:12:05,0,72356.0,-72356.0,,Error,
1,b0cf08c0-ea71-411c-93d7-b2d5e5c3159a,2026-10-08T00:18:01.260+00:00,2026-10-08T00:18:01.427+00:00,21072-30059,dryers,20632096-a,716000000,2026-10-08 00:18:01,2026-10-07 01:07:52,0,83409.0,-83409.0,,Available,website maps this code to Available
1,b0cf08c0-ea71-411c-93d7-b2d5e5c3159a,2026-10-08T00:18:01.260+00:00,2026-10-08T00:18:01.427+00:00,21072-30059,dryers,20632096-b,716000000,2026-10-08 00:18:01,2026-10-07 21:41:35,0,9386.0,-9386.0,,Available,website maps this code to Available
1,b0cf08c0-ea71-411c-93d7-b2d5e5c3159a,2026-10-08T00:18:01.260+00:00,2026-10-08T00:18:01.427+00:00,21072-30059,dryers,20632118-a,716000000,2026-10-08 00:18:01,2026-10-07 18:39:43,0,20298.0,-20298.0,,Available,website maps this code to Available
1,b0cf08c0-ea71-411c-93d7-b2d5e5c3159a,2026-10-08T00:18:01.260+00:00,2026-10-08T00:18:01.427+00:00,21072-30059,dryers,20632035-a,716000000,2026-10-08 00:18:01,2026-10-07 02:49:50,0,77291.0,-77291.0,,Available,website maps this code to Available
1,b0cf08c0-ea71-411c-93d7-b2d5e5c3159a,2026-10-08T00:18:01.260+00:00,2026-10-08T00:18:01.427+00:00,21072-30059,dryers,20632102-a,716000000,2026-10-08 00:18:01,2026-10-07 20:29:21,0,13720.0,-13720.0,,Available,website maps this code to Available
1,b0cf08c0-ea71-411c-93d7-b2d5e5c3159a,2026-10-08T00:18:01.260+00:00,2026-10-08T00:18:01.427+00:00,21072-30059,dryers,20632060-a,716000000,2026-10-08 00:18:01,2026-10-07 03:04:43,0,76398.0,-76398.0,,Available,website maps this code to Available
1,b0cf08c0-ea71-411c-93d7-b2d5e5c3159a,2026-10-08T00:18:01.260+00:00,2026-10-08T00:18:01.427+00:00,21072-30059,dryers,20632117-a,416000000,2026-10-08 00:18:01,2026-10-08 00:15:31,10,150.0,450.0,8,Running,
1,b0cf08c0-ea71-411c-93d7-b2d5e5c3159a,2026-10-08T00:18:01.260+00:00,2026-10-08T00:18:01.427+00:00,21072-30059,dryers,20632037-a,716000000,2026-10-08 00:18:01,2026-10-07 22:05:01,0,7980.0,-7980.0,,Available,website maps this code to Available
1,b0cf08c0-ea71-411c-93d7-b2d5e5c3159a,2026-10-08T00:18:01.260+00:00,2026-10-08T00:18:01.427+00:00,21072-30059,dryers,20632092-a,716000000,2026-10-08 00:18:01,2026-10-07 22:05:27,0,7954.0,-7954.0,,Available,website maps this code to Available
1,b0cf08c0-ea71-411c-93d7-b2d5e5c3159a,2026-10-08T00:18:01.260+00:00,2026-10-08T00:18:01.427+00:00,21072-30059,dryers,20632128-a,716000000,2026-10-08 00:18:01,2026-10-07 22:06:02,0,7919.0,-7919.0,,Available,website maps this code to Available
1,b0cf08c0-ea71-411c-93d7-b2d5e5c3159a,2026-10-08T00:18:01.260+00:00,2026-10-08T00:18:01.427+00:00,21072-30059,dryers,20632044-a,416000000,2026-10-08 00:18:01,2026-10-08 00:15:10,10,171.0,429.0,8,Running,
1,b0cf08c0-ea71-411c-93d7-b2d5e5c3159a,2026-10-08T00:18:01.260+00:00,2026-10-08T00:18:01.427+00:00,21072-30059,dryers,20632094-a,716000000,2026-10-08 00:18:01,2026-10-07 07:58:50,0,58751.0,-58751.0,,Available,website maps this code to Available
1,b0cf08c0-ea71-411c-93d7-b2d5e5c3159a,2026-10-08T00:18:01.260+00:00,2026-10-08T00:18:01.427+00:00,21072-30059,dryers,20632123-a,716000000,2026-10-08 00:18:01,2026-10-08 00:04:40,0,801.0,-801.0,,Available,website maps this code to Available
1,b0cf08c0-ea71-411c-93d7-b2d5e5c3159a,2026-10-08T00:18:01.260+00:00,2026-10-08T00:18:01.427+00:00,21072-30059,dryers,20632098-a,616000040,2026-10-08 00:18:01,2026-10-07 04:11:00,0,72421.0,-72421.0,,Error,
1,0eb2d5be-0336-425c-ad6d-baa46b5f065b,2026-10-08T00:19:01.246+00:00,2026-10-08T00:19:01.413+00:00,21072-30059,washers,20632118-b,716000000,2026-10-08 00:19:01,2026-10-07 20:53:09,0,12352.0,-12352.0,,Available,website maps this code to Available
1,0eb2d5be-0336-425c-ad6d-baa46b5f065b,2026-10-08T00:19:01.246+00:00,2026-10-08T00:19:01.413+00:00,21072-30059,washers,20632035-b,716000000,2026-10-08 00:19:01,2026-10-07 04:03:57,0,72904.0,-72904.0,,Available,website maps this code to Available
1,0eb2d5be-0336-425c-ad6d-baa46b5f065b,2026-10-08T00:19:01.246+00:00,2026-10-08T00:19:01.413+00:00,21072-30059,washers,20632102-b,716000000,2026-10-08 00:19:01,2026-10-07 23:34:21,0,2680.0,-2680.0,,Available,website maps this code to Available
1,0eb2d5be-0336-425c-ad6d-baa46b5f065b,2026-10-08T00:19:01.246+00:00,2026-10-08T00:19:01.413+00:00,21072-30059,washers,20632060-b,716000000,2026-10-08 00:19:01,2026-10-07 23:19:28,0,3573.0,-3573.0,,Available,website maps this code to Available
1,0eb2d5be-0336-425c-ad6d-baa46b5f065b,2026-10-08T00:19:01.246+00:00,2026-10-08T00:19:01.413+00:00,21072-30059,washers,20632117-b,716000000,2026-10-08 00:19:01,2026-10-07 23:18:55,0,3606.0,-3606.0,,Available,website maps this code to Available
1,0eb2d5be-0336-425c-ad6d-baa46b5f065b,2026-10-08T00:19:01.246+00:00,2026-10-08T00:19:01.413+00:00,21072-30059,washers,20632037-b,716000000,2026-10-08 00:19:01,2026-10-07 20:32:19,0,13602.0,-13602.0,,Available,website maps this code to Available
1,0eb2d5be-0336-425c-ad6d-baa46b5f065b,2026-10-08T00:19:01.246+00:00,2026-10-08T00:19:01.413+00:00,21072-30059,washers,20632092-b,716000000,2026-10-08 00:19:01,2026-10-07 20:33:56,0,13505.0,-13505.0,,Available,website maps this code to Available
1,0eb2d5be-0336-425c-ad6d-baa46b5f065b,2026-10-08T00:19:01.246+00:00,2026-10-08T00:19:01.413+00:00,21072-30059,washers,20632128-b,716000000,2026-10-08 00:19:01,2026-10-07 20:35:15,0,13426.0,-13426.0,,Available,website maps this code to Available
1,0eb2d5be-0336-425c-ad6d-baa46b5f065b,2026-10-08T00:19:01.246+00:00,2026-10-08T00:19:01.413+00:00,21072-30059,washers,20632044-b,716000000,2026-10-08 00:19:01,2026-10-07 06:53:39,0,62722.0,-62722.0,,Available,website maps this code to Available
1,0eb2d5be-0336-425c-ad6d-baa46b5f065b,2026-10-08T00:19:01.246+00:00,2026-10-08T00:19:01.413+00:00,21072-30059,washers,20632094-b,716000000,2026-10-08 00:19:01,2026-10-07 06:07:39,0,65482.0,-65482.0,,Available,website maps this code to Available
1,0eb2d5be-0336-425c-ad6d-baa46b5f065b,2026-10-08T00:19:01.246+00:00,2026-10-08T00:19:01.413+00:00,21072-30059,washers,20632123-b,516000000,2026-10-08 00:19:01,2026-10-08 00:04:42,0,859.0,-859.0,,Finished,
1,0eb2d5be-0336-425c-ad6d-baa46b5f065b,2026-10-08T00:19:01.246+00:00,2026-10-08T00:19:01.413+00:00,21072-30059,washers,20632098-b,616000040,2026-10-08 00:19:01,2026-10-07 04:12:05,0,72416.0,-72416.0,,Error,
1,0eb2d5be-0336-425c-ad6d-baa46b5f065b,2026-10-08T00:19:01.246+00:00,2026-10-08T00:19:01.413+00:00,21072-30059,dryers,20632096-a,716000000,2026-10-08 00:19:01,2026-10-07 01:07:52,0,83469.0,-83469.0,,Available,website maps this code to Available
1,0eb2d5be-0336-425c-ad6d-baa46b5f065b,2026-10-08T00:19:01.246+00:00,2026-10-08T00:19:01.413+00:00,21072-30059,dryers,20632096-b,716000000,2026-10-08 00:19:01,2026-10-07 21:41:35,0,9446.0,-9446.0,,Available,website maps this code to Available
1,0eb2d5be-0336-425c-ad6d-baa46b5f065b,2026-10-08T00:19:01.246+00:00,2026-10-08T00:19:01.413+00:00,21072-30059,dryers,20632118-a,716000000,2026-10-08 00:19:01,2026-10-07 18:39:43,0,20358.0,-20358.0,,Available,website maps this code to Available
1,0eb2d5be-0336-425c-ad6d-baa46b5f065b,2026-10-08T00:19:01.246+00:00,2026-10-08T00:19:01.413+00:00,21072-30059,dryers,20632035-a,716000000,2026-10-08 00:19:01,2026-10-07 02:49:50,0,77351.0,-77351.0,,Available,website maps this code to Available
1,0eb2d5be-0336-425c-ad6d-baa46b5f065b,2026-10-08T00:19:01.246+00:00,2026-10-08T00:19:01.413+00:00,21072-30059,dryers,20632102-a,716000000,2026-10-08 00:19:01,2026-10-07 20:29:21,0,13780.0,-13780.0,,Available,website maps this code to Available
1,0eb2d5be-0336-425c-ad6d-baa46b5f065b,2026-10-08T00:19:01.246+00:00,2026-10-08T00:19:01.413+00:00,21072-30059,dryers,20632060-a,716000000,2026-10-08 00:19:01,2026-10-07 03:04:43,0,76458.0,-76458.0,,Available,website maps this code to Available
1,0eb2d5be-0336-425c-ad6d-baa46b5f065b,2026-10-08T00:19:01.246+00:00,2026-10-08T00:19:01.413+00:00,21072-30059,dryers,20632117-a,416000000,2026-10-08 00:19:01,2026-10-08 00:15:31,10,210.0,390.0,7,Running,
1,0eb2d5be-0336-425c-ad6d-baa46b5f065b,2026-10-08T00:19:01.246+00:00,2026-10-08T00:19:01.413+00:00,21072-30059,dryers,20632037-a,716000000,2026-10-08 00:19:01,2026-10-07 22:05:01,0,8040.0,-8040.0,,Available,website maps this code to Available
1,0eb2d5be-0336-425c-ad6d-baa46b5f065b,2026-10-08T00:19:01.246+00:00,2026-10-08T00:19:01.413+00:00,21072-30059,dryers,20632092-a,716000000,2026-10-08 00:19:01,2026-10-07 22:05:27,0,8014.0,-8014.0,,Available,website maps this code to Available
1,0eb2d5be-0336-425c-ad6d-baa46b5f065b,2026-10-08T00:19:01.246+00:00,2026-10-08T00:19:01.413+00:00,21072-30059,dryers,20632128-a,716000000,2026-10-08 00:19:01,2026-10-07 22:06:02,0,7979.0,-7979.0,,Available,website maps this code to Available
1,0eb2d5be-0336-425c-ad6d-baa46b5f065b,2026-10-08T00:19:01.246+00:00,2026-10-08T00:19:01.413+00:00,21072-30059,dryers,20632044-a,416000000,2026-10-08 00:19:01,2026-10-08 00:15:10,10,231.0,369.0,7,Running,
1,0eb2d5be-0336-425c-ad6d-baa46b5f065b,2026-10-08T00:19:01.246+00:00,2026-10-08T00:19:01.413+00:00,21072-30059,dryers,20632094-a,716000000,2026-10-08 00:19:01,2026-10-07 07:58:50,0,58811.0,-58811.0,,Available,website maps this code to Available
1,0eb2d5be-0336-425c-ad6d-baa46b5f065b,2026-10-08T00:19:01.246+00:00,2026-10-08T00:19:01.413+00:00,21072-30059,dryers,20632123-a,716000000,2026-10-08 00:19:01,2026-10-08 00:04:40,0,861.0,-861.0,,Available,website maps this code to Available
1,0eb2d5be-0336-425c-ad6d-baa46b5f065b,2026-10-08T00:19:01.246+00:00,2026-10-08T00:19:01.413+00:00,21072-30059,dryers,20632098-a,616000040,2026-10-08 00:19:01,2026-10-07 04:11:00,0,72481.0,-72481.0,,Error,
1,07194f84-b39c-48c6-8e47-6dadfd13d4e8,2026-10-08T00:20:01.424+00:00,2026-10-08T00:20:01.616+00:00,21072-30059,washers,20632118-b,716000000,2026-10-08 00:20:01,2026-10-07 20:53:09,0,12412.0,-12412.0,,Available,website maps this code to Available
1,07194f84-b39c-48c6-8e47-6dadfd13d4e8,2026-10-08T00:20:01.424+00:00,2026-10-08T00:20:01.616+00:00,21072-30059,washers,20632035-b,716000000,2026-10-08 00:20:01,2026-10-07 04:03:57,0,72964.0,-72964.0,,Available,website maps this code to Available
1,07194f84-b39c-48c6-8e47-6dadfd13d4e8,2026-10-08T00:20:01.424+00:00,2026-10-08T00:20:01.616+00:00,21072-30059,washers,20632102-b,716000000,2026-10-08 00:20:01,2026-10-07 23:34:21,0,2740.0,-2740.0,,Available,website maps this code to Available
1,07194f84-b39c-48c6-8e47-6dadfd13d4e8,2026-10-08T00:20:01.424+00:00,2026-10-08T00:20:01.616+00:00,21072-30059,washers,20632060-b,716000000,2026-10-08 00:20:01,2026-10-07 23:19:28,0,3633.0,-3633.0,,Available,website maps this code to Available
1,07194f84-b39c-48c6-8e47-6dadfd13d4e8,2026-10-08T00:20:01.424+00:00,2026-10-08T00:20:01.616+00:00,21072-30059,washers,20632117-b,716000000,2026-10-08 00:20:01,2026-10-07 23:18:55,0,3666.0,-3666.0,,Available,website maps this code to Available
1,07194f84-b39c-48c6-8e47-6dadfd13d4e8,2026-10-08T00:20:01.424+00:00,2026-10-08T00:20:01.616+00:00,21072-30059,washers,20632037-b,716000000,2026-10-08 00:20:01,2026-10-07 20:32:19,0,13662.0,-13662.0,,Available,website maps this code to Available
1,07194f84-b39c-48c6-8e47-6dadfd13d4e8,2026-10-08T00:20:01.424+00:00,2026-10-08T00:20:01.616+00:00,21072-30059,washers,20632092-b,716000000,2026-10-08 00:20:01,2026-10-07 20:33:56,0,13565.0,-13565.0,,Available,website maps this code to Available
1,07194f84-b39c-48c6-8e47-6dadfd13d4e8,2026-10-08T00:20:01.424+00:00,2026-10-08T00:20:01.616+00:00,21072-30059,washers,20632128-b,716000000,2026-10-08 00:20:01,2026-10-07 20:35:15,0,13486.0,-13486.0,,Available,website maps this code to Available
1,07194f84-b39c-48c6-8e47-6dadfd13d4e8,2026-10-08T00:20:01.424+00:00,2026-10-08T00:20:01.616+00:00,21072-30059,washers,20632044-b,716000000,2026-10-08 00:20:01,2026-10-07 06:53:39,0,62782.0,-62782.0,,Available,website maps this code to Available
1,07194f84-b39c-48c6-8e47-6dadfd13d4e8,2026-10-08T00:20:01.424+00:00,2026-10-08T00:20:01.616+00:00,21072-30059,washers,20632094-b,716000000,2026-10-08 00:20:01,2026-10-07 06:07:39,0,65542.0,-65542.0,,Available,website maps this code to Available
1,07194f84-b39c-48c6-8e47-6dadfd13d4e8,2026-10-08T00:20:01.424+00:00,2026-10-08T00:20:01.616+00:00,21072-30059,washers,20632123-b,516000000,2026-10-08 00:20:01,2026-10-08 00:04:42,0,919.0,-919.0,,Finished,
1,07194f84-b39c-48c6-8e47-6dadfd13d4e8,2026-10-08T00:20:01.424+00:00,2026-10-08T00:20:01.616+00:00,21072-30059,washers,20632098-b,616000040,2026-10-08 00:20:01,2026-10-07 04:12:05,0,72476.0,-72476.0,,Error,
1,07194f84-b39c-48c6-8e47-6dadfd13d4e8,2026-10-08T00:20:01.424+00:00,2026-10-08T00:20:01.616+00:00,21072-30059,dryers,20632096-a,716000000,2026-10-08 00:20:01,2026-10-07 01:07:52,0,83529.0,-83529.0,,Available,website maps this code to Available
1,07194f84-b39c-48c6-8e47-6dadfd13d4e8,2026-10-08T00:20:01.424+00:00,2026-10-08T00:20:01.616+00:00,21072-30059,dryers,20632096-b,716000000,2026-10-08 00:20:01,2026-10-07 21:41:35,0,9506.0,-9506.0,,Available,website maps this code to Available
1,07194f84-b39c-48c6-8e47-6dadfd13d4e8,2026-10-08T00:20:01.424+00:00,2026-10-08T00:20:01.616+00:00,21072-30059,dryers,20632118-a,716000000,2026-10-08 00:20:01,2026-10-07 18:39:43,0,20418.0,-20418.0,,Available,website maps this code to Available
1,07194f84-b39c-48c6-8e47-6dadfd13d4e8,2026-10-08T00:20:01.424+00:00,2026-10-08T00:20:01.616+00:00,21072-30059,dryers,20632035-a,716000000,2026-10-08 00:20:01,2026-10-07 02:49:50,0,77411.0,-77411.0,,Available,website maps this code to Available
1,07194f84-b39c-48c6-8e47-6dadfd13d4e8,2026-10-08T00:20:01.424+00:00,2026-10-08T00:20:01.616+00:00,21072-30059,dryers,20632102-a,716000000,2026-10-08 00:20:01,2026-10-07 20:29:21,0,13840.0,-13840.0,,Available,website maps this code to Available
1,07194f84-b39c-48c6-8e47-6dadfd13d4e8,2026-10-08T00:20:01.424+00:00,2026-10-08T00:20:01.616+00:00,21072-30059,dryers,20632060-a,716000000,2026-10-08 00:20:01,2026-10-07 03:04:43,0,76518.0,-76518.0,,Available,website maps this code to Available
1,07194f84-b39c-48c6-8e47-6dadfd13d4e8,2026-10-08T00:20:01.424+00:00,2026-10-08T00:20:01.616+00:00,21072-30059,dryers,20632117-a,416000000,2026-10-08 00:20:01,2026-10-08 00:15:31,10,270.0,330.0,6,Running,
1,07194f84-b39c-48c6-8e47-6dadfd13d4e8,2026-10-08T00:20:01.424+00:00,2026-10-08T00:20:01.616+00:00,21072-30059,dryers,20632037-a,716000000,2026-10-08 00:20:01,2026-10-07 22:05:01,0,8100.0,-8100.0,,Available,website maps this code to Available
1,07194f84-b39c-48c6-8e47-6dadfd13d4e8,2026-10-08T00:20:01.424+00:00,2026-10-08T00:20:01.616+00:00,21072-30059,dryers,20632092-a,716000000,2026-10-08 00:20:01,2026-10-07 22:05:27,0,8074.0,-8074.0,,Available,website maps this code to Available
1,07194f84-b39c-48c6-8e47-6dadfd13d4e8,2026-10-08T00:20:01.424+00:00,2026-10-08T00:20:01.616+00:00,21072-30059,dryers,20632128-a,716000000,2026-10-08 00:20:01,2026-10-07 22:06:02,0,8039.0,-8039.0,,Available,website maps this code to Available
1,07194f84-b39c-48c6-8e47-6dadfd13d4e8,2026-10-08T00:20:01.424+00:00,2026-10-08T00:20:01.616+00:00,21072-30059,dryers,20632044-a,416000000,2026-10-08 00:20:01,2026-10-08 00:15:10,10,291.0,309.0,6,Running,
1,07194f84-b39c-48c6-8e47-6dadfd13d4e8,2026-10-08T00:20:01.424+00:00,2026-10-08T00:20:01.616+00:00,21072-30059,dryers,20632094-a,716000000,2026-10-08 00:20:01,2026-10-07 07:58:50,0,58871.0,-58871.0,,Available,website maps this code to Available
1,07194f84-b39c-48c6-8e47-6dadfd13d4e8,2026-10-08T00:20:01.424+00:00,2026-10-08T00:20:01.616+00:00,21072-30059,dryers,20632123-a,716000000,2026-10-08 00:20:01,2026-10-08 00:04:40,0,921.0,-921.0,,Available,website maps this code to Available
1,07194f84-b39c-48c6-8e47-6dadfd13d4e8,2026-10-08T00:20:01.424+00:00,2026-10-08T00:20:01.616+00:00,21072-30059,dryers,20632098-a,616000040,2026-10-08 00:20:01,2026-10-07 04:11:00,0,72541.0,-72541.0,,Error,
1,0fc64dfa-1e53-489a-badb-ed28a8dbda27,2026-10-08T00:21:01.274+00:00,2026-10-08T00:21:01.448+00:00,21072-30059,washers,20632118-b,716000000,2026-10-08 00:21:01,2026-10-07 20:53:09,0,12472.0,-12472.0,,Available,website maps this code to Available
1,0fc64dfa-1e53-489a-badb-ed28a8dbda27,2026-10-08T00:21:01.274+00:00,2026-10-08T00:21:01.448+00:00,21072-30059,washers,20632035-b,716000000,2026-10-08 00:21:01,2026-10-07 04:03:57,0,73024.0,-73024.0,,Available,website maps this code to Available
1,0fc64dfa-1e53-489a-badb-ed28a8dbda27,2026-10-08T00:21:01.274+00:00,2026-10-08T00:21:01.448+00:00,21072-30059,washers,20632102-b,716000000,2026-10-08 00:21:01,2026-10-07 23:34:21,0,2800.0,-2800.0,,Available,website maps this code to Available
1,0fc64dfa-1e53-489a-badb-ed28a8dbda27,2026-10-08T00:21:01.274+00:00,2026-10-08T00:21:01.448+00:00,21072-30059,washers,20632060-b,716000000,2026-10-08 00:21:01,2026-10-07 23:19:28,0,3693.0,-3693.0,,Available,website maps this code to Available
1,0fc64dfa-1e53-489a-badb-ed28a8dbda27,2026-10-08T00:21:01.274+00:00,2026-10-08T00:21:01.448+00:00,21072-30059,washers,20632117-b,716000000,2026-10-08 00:21:01,2026-10-07 23:18:55,0,3726.0,-3726.0,,Available,website maps this code to Available
1,0fc64dfa-1e53-489a-badb-ed28a8dbda27,2026-10-08T00:21:01.274+00:00,2026-10-08T00:21:01.448+00:00,21072-30059,washers,20632037-b,716000000,2026-10-08 00:21:01,2026-10-07 20:32:19,0,13722.0,-13722.0,,Available,website maps this code to Available
1,0fc64dfa-1e53-489a-badb-ed28a8dbda27,2026-10-08T00:21:01.274+00:00,2026-10-08T00:21:01.448+00:00,21072-30059,washers,20632092-b,716000000,2026-10-08 00:21:01,2026-10-07 20:33:56,0,13625.0,-13625.0,,Available,website maps this code to Available
1,0fc64dfa-1e53-489a-badb-ed28a8dbda27,2026-10-08T00:21:01.274+00:00,2026-10-08T00:21:01.448+00:00,21072-30059,washers,20632128-b,716000000,2026-10-08 00:21:01,2026-10-07 20:35:15,0,13546.0,-13546.0,,Available,website maps this code to Available
1,0fc64dfa-1e53-489a-badb-ed28a8dbda27,2026-10-08T00:21:01.274+00:00,2026-10-08T00:21:01.448+00:00,21072-30059,washers,20632044-b,716000000,2026-10-08 00:21:01,2026-10-07 06:53:39,0,62842.0,-62842.0,,Available,website maps this code to Available
1,0fc64dfa-1e53-489a-badb-ed28a8dbda27,2026-10-08T00:21:01.274+00:00,2026-10-08T00:21:01.448+00:00,21072-30059,washers,20632094-b,716000000,2026-10-08 00:21:01,2026-10-07 06:07:39,0,65602.0,-65602.0,,Available,website maps this code to Available
1,0fc64dfa-1e53-489a-badb-ed28a8dbda27,2026-10-08T00:21:01.274+00:00,2026-10-08T00:21:01.448+00:00,21072-30059,washers,20632123-b,516000000,2026-10-08 00:21:01,2026-10-08 00:04:42,0,979.0,-979.0,,Finished,
1,0fc64dfa-1e53-489a-badb-ed28a8dbda27,2026-10-08T00:21:01.274+00:00,2026-10-08T00:21:01.448+00:00,21072-30059,washers,20632098-b,616000040,2026-10-08 00:21:01,2026-10-07 04:12:05,0,72536.0,-72536.0,,Error,
1,0fc64dfa-1e53-489a-badb-ed28a8dbda27,2026-10-08T00:21:01.274+00:00,2026-10-08T00:21:01.448+00:00,21072-30059,dryers,20632096-a,716000000,2026-10-08 00:21:01,2026-10-07 01:07:52,0,83589.0,-83589.0,,Available,website maps this code to Available
1,0fc64dfa-1e53-489a-badb-ed28a8dbda27,2026-10-08T00:21:01.274+00:00,2026-10-08T00:21:01.448+00:00,21072-30059,dryers,20632096-b,716000000,2026-10-08 00:21:01,2026-10-07 21:41:35,0,9566.0,-9566.0,,Available,website maps this code to Available
1,0fc64dfa-1e53-489a-badb-ed28a8dbda27,2026-10-08T00:21:01.274+00:00,2026-10-08T00:21:01.448+00:00,21072-30059,dryers,20632118-a,716000000,2026-10-08 00:21:01,2026-10-07 18:39:43,0,20478.0,-20478.0,,Available,website maps this code to Available
1,0fc64dfa-1e53-489a-badb-ed28a8dbda27,2026-10-08T00:21:01.274+00:00,2026-10-08T00:21:01.448+00:00,21072-30059,dryers,20632035-a,716000000,2026-10-08 00:21:01,2026-10-07 02:49:50,0,77471.0,-77471.0,,Available,website maps this code to Available
1,0fc64dfa-1e53-489a-badb-ed28a8dbda27,2026-10-08T00:21:01.274+00:00,2026-10-08T00:21:01.448+00:00,21072-30059,dryers,20632102-a,716000000,2026-10-08 00:21:01,2026-10-07 20:29:21,0,13900.0,-13900.0,,Available,website maps this code to Available
1,0fc64dfa-1e53-489a-badb-ed28a8dbda27,2026-10-08T00:21:01.274+00:00,2026-10-08T00:21:01.448+00:00,21072-30059,dryers,20632060-a,716000000,2026-10-08 00:21:01,2026-10-07 03:04:43,0,76578.0,-76578.0,,Available,website maps this code to Available
1,0fc64dfa-1e53-489a-badb-ed28a8dbda27,2026-10-08T00:21:01.274+00:00,2026-10-08T00:21:01.448+00:00,21072-30059,dryers,20632117-a,416000000,2026-10-08 00:21:01,2026-10-08 00:15:31,10,330.0,270.0,5,Running,
1,0fc64dfa-1e53-489a-badb-ed28a8dbda27,2026-10-08T00:21:01.274+00:00,2026-10-08T00:21:01.448+00:00,21072-30059,dryers,20632037-a,716000000,2026-10-08 00:21:01,2026-10-07 22:05:01,0,8160.0,-8160.0,,Available,website maps this code to Available
1,0fc64dfa-1e53-489a-badb-ed28a8dbda27,2026-10-08T00:21:01.274+00:00,2026-10-08T00:21:01.448+00:00,21072-30059,dryers,20632092-a,716000000,2026-10-08 00:21:01,2026-10-07 22:05:27,0,8134.0,-8134.0,,Available,website maps this code to Available
1,0fc64dfa-1e53-489a-badb-ed28a8dbda27,2026-10-08T00:21:01.274+00:00,2026-10-08T00:21:01.448+00:00,21072-30059,dryers,20632128-a,716000000,2026-10-08 00:21:01,2026-10-07 22:06:02,0,8099.0,-8099.0,,Available,website maps this code to Available
1,0fc64dfa-1e53-489a-badb-ed28a8dbda27,2026-10-08T00:21:01.274+00:00,2026-10-08T00:21:01.448+00:00,21072-30059,dryers,20632044-a,416000000,2026-10-08 00:21:01,2026-10-08 00:15:10,10,351.0,249.0,5,Running,
1,0fc64dfa-1e53-489a-badb-ed28a8dbda27,2026-10-08T00:21:01.274+00:00,2026-10-08T00:21:01.448+00:00,21072-30059,dryers,20632094-a,716000000,2026-10-08 00:21:01,2026-10-07 07:58:50,0,58931.0,-58931.0,,Available,website maps this code to Available
1,0fc64dfa-1e53-489a-badb-ed28a8dbda27,2026-10-08T00:21:01.274+00:00,2026-10-08T00:21:01.448+00:00,21072-30059,dryers,20632123-a,716000000,2026-10-08 00:21:01,2026-10-08 00:04:40,0,981.0,-981.0,,Available,website maps this code to Available
1,0fc64dfa-1e53-489a-badb-ed28a8dbda27,2026-10-08T00:21:01.274+00:00,2026-10-08T00:21:01.448+00:00,21072-30059,dryers,20632098-a,616000040,2026-10-08 00:21:01,2026-10-07 04:11:00,0,72601.0,-72601.0,,Error,
1,648d8bf5-0cb6-4ad3-9bae-d1f39cfc5515,2026-10-08T00:22:01.275+00:00,2026-10-08T00:22:01.450+00:00,21072-30059,washers,20632118-b,716000000,2026-10-08 00:22:01,2026-10-07 20:53:09,0,12532.0,-12532.0,,Available,website maps this code to Available
1,648d8bf5-0cb6-4ad3-9bae-d1f39cfc5515,2026-10-08T00:22:01.275+00:00,2026-10-08T00:22:01.450+00:00,21072-30059,washers,20632035-b,716000000,2026-10-08 00:22:01,2026-10-07 04:03:57,0,73084.0,-73084.0,,Available,website maps this code to Available
1,648d8bf5-0cb6-4ad3-9bae-d1f39cfc5515,2026-10-08T00:22:01.275+00:00,2026-10-08T00:22:01.450+00:00,21072-30059,washers,20632102-b,716000000,2026-10-08 00:22:01,2026-10-07 23:34:21,0,2860.0,-2860.0,,Available,website maps this code to Available
1,648d8bf5-0cb6-4ad3-9bae-d1f39cfc5515,2026-10-08T00:22:01.275+00:00,2026-10-08T00:22:01.450+00:00,21072-30059,washers,20632060-b,716000000,2026-10-08 00:22:01,2026-10-07 23:19:28,0,3753.0,-3753.0,,Available,website maps this code to Available
1,648d8bf5-0cb6-4ad3-9bae-d1f39cfc5515,2026-10-08T00:22:01.275+00:00,2026-10-08T00:22:01.450+00:00,21072-30059,washers,20632117-b,716000000,2026-10-08 00:22:01,2026-10-07 23:18:55,0,3786.0,-3786.0,,Available,website maps this code to Available
1,648d8bf5-0cb6-4ad3-9bae-d1f39cfc5515,2026-10-08T00:22:01.275+00:00,2026-10-08T00:22:01.450+00:00,21072-30059,washers,20632037-b,716000000,2026-10-08 00:22:01,2026-10-07 20:32:19,0,13782.0,-13782.0,,Available,website maps this code to Available
1,648d8bf5-0cb6-4ad3-9bae-d1f39cfc5515,2026-10-08T00:22:01.275+00:00,2026-10-08T00:22:01.450+00:00,21072-30059,washers,20632092-b,716000000,2026-10-08 00:22:01,2026-10-07 20:33:56,0,13685.0,-13685.0,,Available,website maps this code to Available
1,648d8bf5-0cb6-4ad3-9bae-d1f39cfc5515,2026-10-08T00:22:01.275+00:00,2026-10-08T00:22:01.450+00:00,21072-30059,washers,20632128-b,716000000,2026-10-08 00:22:01,2026-10-07 20:35:15,0,13606.0,-13606.0,,Available,website maps this code to Available
1,648d8bf5-0cb6-4ad3-9bae-d1f39cfc5515,2026-10-08T00:22:01.275+00:00,2026-10-08T00:22:01.450+00:00,21072-30059,washers,20632044-b,716000000,2026-10-08 00:22:01,2026-10-07 06:53:39,0,62902.0,-62902.0,,Available,website maps this code to Available
1,648d8bf5-0cb6-4ad3-9bae-d1f39cfc5515,2026-10-08T00:22:01.275+00:00,2026-10-08T00:22:01.450+00:00,21072-30059,washers,20632094-b,716000000,2026-10-08 00:22:01,2026-10-07 06:07:39,0,65662.0,-65662.0,,Available,website maps this code to Available
1,648d8bf5-0cb6-4ad3-9bae-d1f39cfc5515,2026-10-08T00:22:01.275+00:00,2026-10-08T00:22:01.450+00:00,21072-30059,washers,20632123-b,516000000,2026-10-08 00:22:01,2026-10-08 00:04:42,0,1039.0,-1039.0,,Finished,
1,648d8bf5-0cb6-4ad3-9bae-d1f39cfc5515,2026-10-08T00:22:01.275+00:00,2026-10-08T00:22:01.450+00:00,21072-30059,washers,20632098-b,616000040,2026-10-08 00:22:01,2026-10-07 04:12:05,0,72596.0,-72596.0,,Error,
1,648d8bf5-0cb6-4ad3-9bae-d1f39cfc5515,2026-10-08T00:22:01.275+00:00,2026-10-08T00:22:01.450+00:00,21072-30059,dryers,20632096-a,716000000,2026-10-08 00:22:01,2026-10-07 01:07:52,0,83649.0,-83649.0,,Available,website maps this code to Available
1,648d8bf5-0cb6-4ad3-9bae-d1f39cfc5515,2026-10-08T00:22:01.275+00:00,2026-10-08T00:22:01.450+00:00,21072-30059,dryers,20632096-b,716000000,2026-10-08 00:22:01,2026-10-07 21:41:35,0,9626.0,-9626.0,,Available,website maps this code to Available
1,648d8bf5-0cb6-4ad3-9bae-d1f39cfc5515,2026-10-08T00:22:01.275+00:00,2026-10-08T00:22:01.450+00:00,21072-30059,dryers,20632118-a,716000000,2026-10-08 00:22:01,2026-10-07 18:39:43,0,20538.0,-20538.0,,Available,website maps this code to Available
1,648d8bf5-0cb6-4ad3-9bae-d1f39cfc5515,2026-10-08T00:22:01.275+00:00,2026-10-08T00:22:01.450+00:00,21072-30059,dryers,20632035-a,716000000,2026-10-08 00:22:01,2026-10-07 02:49:50,0,77531.0,-77531.0,,Available,website maps this code to Available
1,648d8bf5-0cb6-4ad3-9bae-d1f39cfc5515,2026-10-08T00:22:01.275+00:00,2026-10-08T00:22:01.450+00:00,21072-30059,dryers,20632102-a,716000000,2026-10-08 00:22:01,2026-10-07 20:29:21,0,13960.0,-13960.0,,Available,website maps this code to Available
1,648d8bf5-0cb6-4ad3-9bae-d1f39cfc5515,2026-10-08T00:22:01.275+00:00,2026-10-08T00:22:01.450+00:00,21072-30059,dryers,20632060-a,716000000,2026-10-08 00:22:01,2026-10-07 03:04:43,0,76638.0,-76638.0,,Available,website maps this code to Available
1,648d8bf5-0cb6-4ad3-9bae-d1f39cfc5515,2026-10-08T00:22:01.275+00:00,2026-10-08T00:22:01.450+00:00,21072-30059,dryers,20632117-a,416000000,2026-10-08 00:22:01,2026-10-08 00:15:31,10,390.0,210.0,4,Running,
1,648d8bf5-0cb6-4ad3-9bae-d1f39cfc5515,2026-10-08T00:22:01.275+00:00,2026-10-08T00:22:01.450+00:00,21072-30059,dryers,20632037-a,716000000,2026-10-08 00:22:01,2026-10-07 22:05:01,0,8220.0,-8220.0,,Available,website maps this code to Available
1,648d8bf5-0cb6-4ad3-9bae-d1f39cfc5515,2026-10-08T00:22:01.275+00:00,2026-10-08T00:22:01.450+00:00,21072-30059,dryers,20632092-a,716000000,2026-10-08 00:22:01,2026-10-07 22:05:27,0,8194.0,-8194.0,,Available,website maps this code to Available
1,648d8bf5-0cb6-4ad3-9bae-d1f39cfc5515,2026-10-08T00:22:01.275+00:00,2026-10-08T00:22:01.450+00:00,21072-30059,dryers,20632128-a,716000000,2026-10-08 00:22:01,2026-10-07 22:06:02,0,8159.0,-8159.0,,Available,website maps this code to Available
1,648d8bf5-0cb6-4ad3-9bae-d1f39cfc5515,2026-10-08T00:22:01.275+00:00,2026-10-08T00:22:01.450+00:00,21072-30059,dryers,20632044-a,416000000,2026-10-08 00:22:01,2026-10-08 00:15:10,10,411.0,189.0,4,Running,
1,648d8bf5-0cb6-4ad3-9bae-d1f39cfc5515,2026-10-08T00:22:01.275+00:00,2026-10-08T00:22:01.450+00:00,21072-30059,dryers,20632094-a,716000000,2026-10-08 00:22:01,2026-10-07 07:58:50,0,58991.0,-58991.0,,Available,website maps this code to Available
1,648d8bf5-0cb6-4ad3-9bae-d1f39cfc5515,2026-10-08T00:22:01.275+00:00,2026-10-08T00:22:01.450+00:00,21072-30059,dryers,20632123-a,716000000,2026-10-08 00:22:01,2026-10-08 00:04:40,0,1041.0,-1041.0,,Available,website maps this code to Available
1,648d8bf5-0cb6-4ad3-9bae-d1f39cfc5515,2026-10-08T00:22:01.275+00:00,2026-10-08T00:22:01.450+00:00,21072-30059,dryers,20632098-a,616000040,2026-10-08 00:22:01,2026-10-07 04:11:00,0,72661.0,-72661.0,,Error,
1,8e8b2382-5aec-4748-9d6a-c6c0a8325510,2026-10-08T00:23:01.242+00:00,2026-10-08T00:23:01.422+00:00,21072-30059,washers,20632118-b,716000000,2026-10-08 00:23:01,2026-10-07 20:53:09,0,12592.0,-12592.0,,Available,website maps this code to Available
1,8e8b2382-5aec-4748-9d6a-c6c0a8325510,2026-10-08T00:23:01.242+00:00,2026-10-08T00:23:01.422+00:00,21072-30059,washers,20632035-b,716000000,2026-10-08 00:23:01,2026-10-07 04:03:57,0,73144.0,-73144.0,,Available,website maps this code to Available
1,8e8b2382-5aec-4748-9d6a-c6c0a8325510,2026-10-08T00:23:01.242+00:00,2026-10-08T00:23:01.422+00:00,21072-30059,washers,20632102-b,716000000,2026-10-08 00:23:01,2026-10-07 23:34:21,0,2920.0,-2920.0,,Available,website maps this code to Available
1,8e8b2382-5aec-4748-9d6a-c6c0a8325510,2026-10-08T00:23:01.242+00:00,2026-10-08T00:23:01.422+00:00,21072-30059,washers,20632060-b,716000000,2026-10-08 00:23:01,2026-10-07 23:19:28,0,3813.0,-3813.0,,Available,website maps this code to Available
1,8e8b2382-5aec-4748-9d6a-c6c0a8325510,2026-10-08T00:23:01.242+00:00,2026-10-08T00:23:01.422+00:00,21072-30059,washers,20632117-b,716000000,2026-10-08 00:23:01,2026-10-07 23:18:55,0,3846.0,-3846.0,,Available,website maps this code to Available
1,8e8b2382-5aec-4748-9d6a-c6c0a8325510,2026-10-08T00:23:01.242+00:00,2026-10-08T00:23:01.422+00:00,21072-30059,washers,20632037-b,716000000,2026-10-08 00:23:01,2026-10-07 20:32:19,0,13842.0,-13842.0,,Available,website maps this code to Available
1,8e8b2382-5aec-4748-9d6a-c6c0a8325510,2026-10-08T00:23:01.242+00:00,2026-10-08T00:23:01.422+00:00,21072-30059,washers,20632092-b,716000000,2026-10-08 00:23:01,2026-10-07 20:33:56,0,13745.0,-13745.0,,Available,website maps this code to Available
1,8e8b2382-5aec-4748-9d6a-c6c0a8325510,2026-10-08T00:23:01.242+00:00,2026-10-08T00:23:01.422+00:00,21072-30059,washers,20632128-b,716000000,2026-10-08 00:23:01,2026-10-07 20:35:15,0,13666.0,-13666.0,,Available,website maps this code to Available
1,8e8b2382-5aec-4748-9d6a-c6c0a8325510,2026-10-08T00:23:01.242+00:00,2026-10-08T00:23:01.422+00:00,21072-30059,washers,20632044-b,716000000,2026-10-08 00:23:01,2026-10-07 06:53:39,0,62962.0,-62962.0,,Available,website maps this code to Available
1,8e8b2382-5aec-4748-9d6a-c6c0a8325510,2026-10-08T00:23:01.242+00:00,2026-10-08T00:23:01.422+00:00,21072-30059,washers,20632094-b,716000000,2026-10-08 00:23:01,2026-10-07 06:07:39,0,65722.0,-65722.0,,Available,website maps this code to Available
1,8e8b2382-5aec-4748-9d6a-c6c0a8325510,2026-10-08T00:23:01.242+00:00,2026-10-08T00:23:01.422+00:00,21072-30059,washers,20632123-b,516000000,2026-10-08 00:23:01,2026-10-08 00:04:42,0,1099.0,-1099.0,,Finished,
1,8e8b2382-5aec-4748-9d6a-c6c0a8325510,2026-10-08T00:23:01.242+00:00,2026-10-08T00:23:01.422+00:00,21072-30059,washers,20632098-b,616000040,2026-10-08 00:23:01,2026-10-07 04:12:05,0,72656.0,-72656.0,,Error,
1,8e8b2382-5aec-4748-9d6a-c6c0a8325510,2026-10-08T00:23:01.242+00:00,2026-10-08T00:23:01.422+00:00,21072-30059,dryers,20632096-a,716000000,2026-10-08 00:23:01,2026-10-07 01:07:52,0,83709.0,-83709.0,,Available,website maps this code to Available
1,8e8b2382-5aec-4748-9d6a-c6c0a8325510,2026-10-08T00:23:01.242+00:00,2026-10-08T00:23:01.422+00:00,21072-30059,dryers,20632096-b,716000000,2026-10-08 00:23:01,2026-10-07 21:41:35,0,9686.0,-9686.0,,Available,website maps this code to Available
1,8e8b2382-5aec-4748-9d6a-c6c0a8325510,2026-10-08T00:23:01.242+00:00,2026-10-08T00:23:01.422+00:00,21072-30059,dryers,20632118-a,716000000,2026-10-08 00:23:01,2026-10-07 18:39:43,0,20598.0,-20598.0,,Available,website maps this code to Available
1,8e8b2382-5aec-4748-9d6a-c6c0a8325510,2026-10-08T00:23:01.242+00:00,2026-10-08T00:23:01.422+00:00,21072-30059,dryers,20632035-a,716000000,2026-10-08 00:23:01,2026-10-07 02:49:50,0,77591.0,-77591.0,,Available,website maps this code to Available
1,8e8b2382-5aec-4748-9d6a-c6c0a8325510,2026-10-08T00:23:01.242+00:00,2026-10-08T00:23:01.422+00:00,21072-30059,dryers,20632102-a,716000000,2026-10-08 00:23:01,2026-10-07 20:29:21,0,14020.0,-14020.0,,Available,website maps this code to Available
1,8e8b2382-5aec-4748-9d6a-c6c0a8325510,2026-10-08T00:23:01.242+00:00,2026-10-08T00:23:01.422+00:00,21072-30059,dryers,20632060-a,716000000,2026-10-08 00:23:01,2026-10-07 03:04:43,0,76698.0,-76698.0,,Available,website maps this code to Available
1,8e8b2382-5aec-4748-9d6a-c6c0a8325510,2026-10-08T00:23:01.242+00:00,2026-10-08T00:23:01.422+00:00,21072-30059,dryers,20632117-a,416000000,2026-10-08 00:23:01,2026-10-08 00:15:31,10,450.0,150.0,3,Running,
1,8e8b2382-5aec-4748-9d6a-c6c0a8325510,2026-10-08T00:23:01.242+00:00,2026-10-08T00:23:01.422+00:00,21072-30059,dryers,20632037-a,716000000,2026-10-08 00:23:01,2026-10-07 22:05:01,0,8280.0,-8280.0,,Available,website maps this code to Available
1,8e8b2382-5aec-4748-9d6a-c6c0a8325510,2026-10-08T00:23:01.242+00:00,2026-10-08T00:23:01.422+00:00,21072-30059,dryers,20632092-a,716000000,2026-10-08 00:23:01,2026-10-07 22:05:27,0,8254.0,-8254.0,,Available,website maps this code to Available
1,8e8b2382-5aec-4748-9d6a-c6c0a8325510,2026-10-08T00:23:01.242+00:00,2026-10-08T00:23:01.422+00:00,21072-30059,dryers,20632128-a,716000000,2026-10-08 00:23:01,2026-10-07 22:06:02,0,8219.0,-8219.0,,Available,website maps this code to Available
1,8e8b2382-5aec-4748-9d6a-c6c0a8325510,2026-10-08T00:23:01.242+00:00,2026-10-08T00:23:01.422+00:00,21072-30059,dryers,20632044-a,416000000,2026-10-08 00:23:01,2026-10-08 00:15:10,10,471.0,129.0,3,Running,
1,8e8b2382-5aec-4748-9d6a-c6c0a8325510,2026-10-08T00:23:01.242+00:00,2026-10-08T00:23:01.422+00:00,21072-30059,dryers,20632094-a,716000000,2026-10-08 00:23:01,2026-10-07 07:58:50,0,59051.0,-59051.0,,Available,website maps this code to Available
1,8e8b2382-5aec-4748-9d6a-c6c0a8325510,2026-10-08T00:23:01.242+00:00,2026-10-08T00:23:01.422+00:00,21072-30059,dryers,20632123-a,716000000,2026-10-08 00:23:01,2026-10-08 00:04:40,0,1101.0,-1101.0,,Available,website maps this code to Available
1,8e8b2382-5aec-4748-9d6a-c6c0a8325510,2026-10-08T00:23:01.242+00:00,2026-10-08T00:23:01.422+00:00,21072-30059,dryers,20632098-a,616000040,2026-10-08 00:23:01,2026-10-07 04:11:00,0,72721.0,-72721.0,,Error,
1,2ca607a1-1969-4cb9-b028-2f55e9e54ab1,2026-10-08T00:24:01.306+00:00,2026-10-08T00:24:01.477+00:00,21072-30059,washers,20632118-b,716000000,2026-10-08 00:24:01,2026-10-07 20:53:09,0,12652.0,-12652.0,,Available,website maps this code to Available
1,2ca607a1-1969-4cb9-b028-2f55e9e54ab1,2026-10-08T00:24:01.306+00:00,2026-10-08T00:24:01.477+00:00,21072-30059,washers,20632035-b,716000000,2026-10-08 00:24:01,2026-10-07 04:03:57,0,73204.0,-73204.0,,Available,website maps this code to Available
1,2ca607a1-1969-4cb9-b028-2f55e9e54ab1,2026-10-08T00:24:01.306+00:00,2026-10-08T00:24:01.477+00:00,21072-30059,washers,20632102-b,716000000,2026-10-08 00:24:01,2026-10-07 23:34:21,0,2980.0,-2980.0,,Available,website maps this code to Available
1,2ca607a1-1969-4cb9-b028-2f55e9e54ab1,2026-10-08T00:24:01.306+00:00,2026-10-08T00:24:01.477+00:00,21072-30059,washers,20632060-b,716000000,2026-10-08 00:24:01,2026-10-07 23:19:28,0,3873.0,-3873.0,,Available,website maps this code to Available
1,2ca607a1-1969-4cb9-b028-2f55e9e54ab1,2026-10-08T00:24:01.306+00:00,2026-10-08T00:24:01.477+00:00,21072-30059,washers,20632117-b,716000000,2026-10-08 00:24:01,2026-10-07 23:18:55,0,3906.0,-3906.0,,Available,website maps this code to Available
1,2ca607a1-1969-4cb9-b028-2f55e9e54ab1,2026-10-08T00:24:01.306+00:00,2026-10-08T00:24:01.477+00:00,21072-30059,washers,20632037-b,716000000,2026-10-08 00:24:01,2026-10-07 20:32:19,0,13902.0,-13902.0,,Available,website maps this code to Available
1,2ca607a1-1969-4cb9-b028-2f55e9e54ab1,2026-10-08T00:24:01.306+00:00,2026-10-08T00:24:01.477+00:00,21072-30059,washers,20632092-b,716000000,2026-10-08 00:24:01,2026-10-07 20:33:56,0,13805.0,-13805.0,,Available,website maps this code to Available
1,2ca607a1-1969-4cb9-b028-2f55e9e54ab1,2026-10-08T00:24:01.306+00:00,2026-10-08T00:24:01.477+00:00,21072-30059,washers,20632128-b,716000000,2026-10-08 00:24:01,2026-10-07 20:35:15,0,13726.0,-13726.0,,Available,website maps this code to Available
1,2ca607a1-1969-4cb9-b028-2f55e9e54ab1,2026-10-08T00:24:01.306+00:00,2026-10-08T00:24:01.477+00:00,21072-30059,washers,20632044-b,716000000,2026-10-08 00:24:01,2026-10-07 06:53:39,0,63022.0,-63022.0,,Available,website maps this code to Available
1,2ca607a1-1969-4cb9-b028-2f55e9e54ab1,2026-10-08T00:24:01.306+00:00,2026-10-08T00:24:01.477+00:00,21072-30059,washers,20632094-b,716000000,2026-10-08 00:24:01,2026-10-07 06:07:39,0,65782.0,-65782.0,,Available,website maps this code to Available
1,2ca607a1-1969-4cb9-b028-2f55e9e54ab1,2026-10-08T00:24:01.306+00:00,2026-10-08T00:24:01.477+00:00,21072-30059,washers,20632123-b,516000000,2026-10-08 00:24:01,2026-10-08 00:04:42,0,1159.0,-1159.0,,Finished,
1,2ca607a1-1969-4cb9-b028-2f55e9e54ab1,2026-10-08T00:24:01.306+00:00,2026-10-08T00:24:01.477+00:00,21072-30059,washers,20632098-b,616000040,2026-10-08 00:24:01,2026-10-07 04:12:05,0,72716.0,-72716.0,,Error,
1,2ca607a1-1969-4cb9-b028-2f55e9e54ab1,2026-10-08T00:24:01.306+00:00,2026-10-08T00:24:01.477+00:00,21072-30059,dryers,20632096-a,716000000,2026-10-08 00:24:01,2026-10-07 01:07:52,0,83769.0,-83769.0,,Available,website maps this code to Available
1,2ca607a1-1969-4cb9-b028-2f55e9e54ab1,2026-10-08T00:24:01.306+00:00,2026-10-08T00:24:01.477+00:00,21072-30059,dryers,20632096-b,716000000,2026-10-08 00:24:01,2026-10-07 21:41:35,0,9746.0,-9746.0,,Available,website maps this code to Available
1,2ca607a1-1969-4cb9-b028-2f55e9e54ab1,2026-10-08T00:24:01.306+00:00,2026-10-08T00:24:01.477+00:00,21072-30059,dryers,20632118-a,716000000,2026-10-08 00:24:01,2026-10-07 18:39:43,0,20658.0,-20658.0,,Available,website maps this code to Available
1,2ca607a1-1969-4cb9-b028-2f55e9e54ab1,2026-10-08T00:24:01.306+00:00,2026-10-08T00:24:01.477+00:00,21072-30059,dryers,20632035-a,716000000,2026-10-08 00:24:01,2026-10-07 02:49:50,0,77651.0,-77651.0,,Available,website maps this code to Available
1,2ca607a1-1969-4cb9-b028-2f55e9e54ab1,2026-10-08T00:24:01.306+00:00,2026-10-08T00:24:01.477+00:00,21072-30059,dryers,20632102-a,716000000,2026-10-08 00:24:01,2026-10-07 20:29:21,0,14080.0,-14080.0,,Available,website maps this code to Available
1,2ca607a1-1969-4cb9-b028-2f55e9e54ab1,2026-10-08T00:24:01.306+00:00,2026-10-08T00:24:01.477+00:00,21072-30059,dryers,20632060-a,716000000,2026-10-08 00:24:01,2026-10-07 03:04:43,0,76758.0,-76758.0,,Available,website maps this code to Available
1,2ca607a1-1969-4cb9-b028-2f55e9e54ab1,2026-10-08T00:24:01.306+00:00,2026-10-08T00:24:01.477+00:00,21072-30059,dryers,20632117-a,416000000,2026-10-08 00:24:01,2026-10-08 00:15:31,10,510.0,90.0,2,Running,
1,2ca607a1-1969-4cb9-b028-2f55e9e54ab1,2026-10-08T00:24:01.306+00:00,2026-10-08T00:24:01.477+00:00,21072-30059,dryers,20632037-a,716000000,2026-10-08 00:24:01,2026-10-07 22:05:01,0,8340.0,-8340.0,,Available,website maps this code to Available
1,2ca607a1-1969-4cb9-b028-2f55e9e54ab1,2026-10-08T00:24:01.306+00:00,2026-10-08T00:24:01.477+00:00,21072-30059,dryers,20632092-a,716000000,2026-10-08 00:24:01,2026-10-07 22:05:27,0,8314.0,-8314.0,,Available,website maps this code to Available
1,2ca607a1-1969-4cb9-b028-2f55e9e54ab1,2026-10-08T00:24:01.306+00:00,2026-10-08T00:24:01.477+00:00,21072-30059,dryers,20632128-a,716000000,2026-10-08 00:24:01,2026-10-07 22:06:02,0,8279.0,-8279.0,,Available,website maps this code to Available
1,2ca607a1-1969-4cb9-b028-2f55e9e54ab1,2026-10-08T00:24:01.306+00:00,2026-10-08T00:24:01.477+00:00,21072-30059,dryers,20632044-a,416000000,2026-10-08 00:24:01,2026-10-08 00:15:10,10,531.0,69.0,2,Running,
1,2ca607a1-1969-4cb9-b028-2f55e9e54ab1,2026-10-08T00:24:01.306+00:00,2026-10-08T00:24:01.477+00:00,21072-30059,dryers,20632094-a,716000000,2026-10-08 00:24:01,2026-10-07 07:58:50,0,59111.0,-59111.0,,Available,website maps this code to Available
1,2ca607a1-1969-4cb9-b028-2f55e9e54ab1,2026-10-08T00:24:01.306+00:00,2026-10-08T00:24:01.477+00:00,21072-30059,dryers,20632123-a,716000000,2026-10-08 00:24:01,2026-10-08 00:04:40,0,1161.0,-1161.0,,Available,website maps this code to Available
1,2ca607a1-1969-4cb9-b028-2f55e9e54ab1,2026-10-08T00:24:01.306+00:00,2026-10-08T00:24:01.477+00:00,21072-30059,dryers,20632098-a,616000040,2026-10-08 00:24:01,2026-10-07 04:11:00,0,72781.0,-72781.0,,Error,
1,7eefd00a-db26-4ec1-800c-0ad9fde5359d,2026-10-08T00:25:01.272+00:00,2026-10-08T00:25:01.440+00:00,21072-30059,washers,20632118-b,716000000,2026-10-08 00:25:01,2026-10-07 20:53:09,0,12712.0,-12712.0,,Available,website maps this code to Available
1,7eefd00a-db26-4ec1-800c-0ad9fde5359d,2026-10-08T00:25:01.272+00:00,2026-10-08T00:25:01.440+00:00,21072-30059,washers,20632035-b,716000000,2026-10-08 00:25:01,2026-10-07 04:03:57,0,73264.0,-73264.0,,Available,website maps this code to Available
1,7eefd00a-db26-4ec1-800c-0ad9fde5359d,2026-10-08T00:25:01.272+00:00,2026-10-08T00:25:01.440+00:00,21072-30059,washers,20632102-b,716000000,2026-10-08 00:25:01,2026-10-07 23:34:21,0,3040.0,-3040.0,,Available,website maps this code to Available
1,7eefd00a-db26-4ec1-800c-0ad9fde5359d,2026-10-08T00:25:01.272+00:00,2026-10-08T00:25:01.440+00:00,21072-30059,washers,20632060-b,716000000,2026-10-08 00:25:01,2026-10-07 23:19:28,0,3933.0,-3933.0,,Available,website maps this code to Available
1,7eefd00a-db26-4ec1-800c-0ad9fde5359d,2026-10-08T00:25:01.272+00:00,2026-10-08T00:25:01.440+00:00,21072-30059,washers,20632117-b,716000000,2026-10-08 00:25:01,2026-10-07 23:18:55,0,3966.0,-3966.0,,Available,website maps this code to Available
1,7eefd00a-db26-4ec1-800c-0ad9fde5359d,2026-10-08T00:25:01.272+00:00,2026-10-08T00:25:01.440+00:00,21072-30059,washers,20632037-b,716000000,2026-10-08 00:25:01,2026-10-07 20:32:19,0,13962.0,-13962.0,,Available,website maps this code to Available
1,7eefd00a-db26-4ec1-800c-0ad9fde5359d,2026-10-08T00:25:01.272+00:00,2026-10-08T00:25:01.440+00:00,21072-30059,washers,20632092-b,716000000,2026-10-08 00:25:01,2026-10-07 20:33:56,0,13865.0,-13865.0,,Available,website maps this code to Available
1,7eefd00a-db26-4ec1-800c-0ad9fde5359d,2026-10-08T00:25:01.272+00:00,2026-10-08T00:25:01.440+00:00,21072-30059,washers,20632128-b,716000000,2026-10-08 00:25:01,2026-10-07 20:35:15,0,13786.0,-13786.0,,Available,website maps this code to Available
1,7eefd00a-db26-4ec1-800c-0ad9fde5359d,2026-10-08T00:25:01.272+00:00,2026-10-08T00:25:01.440+00:00,21072-30059,washers,20632044-b,716000000,2026-10-08 00:25:01,2026-10-07 06:53:39,0,63082.0,-63082.0,,Available,website maps this code to Available
1,7eefd00a-db26-4ec1-800c-0ad9fde5359d,2026-10-08T00:25:01.272+00:00,2026-10-08T00:25:01.440+00:00,21072-30059,washers,20632094-b,716000000,2026-10-08 00:25:01,2026-10-07 06:07:39,0,65842.0,-65842.0,,Available,website maps this code to Available
1,7eefd00a-db26-4ec1-800c-0ad9fde5359d,2026-10-08T00:25:01.272+00:00,2026-10-08T00:25:01.440+00:00,21072-30059,washers,20632123-b,516000000,2026-10-08 00:25:01,2026-10-08 00:04:42,0,1219.0,-1219.0,,Finished,
1,7eefd00a-db26-4ec1-800c-0ad9fde5359d,2026-10-08T00:25:01.272+00:00,2026-10-08T00:25:01.440+00:00,21072-30059,washers,20632098-b,616000040,2026-10-08 00:25:01,2026-10-07 04:12:05,0,72776.0,-72776.0,,Error,
1,7eefd00a-db26-4ec1-800c-0ad9fde5359d,2026-10-08T00:25:01.272+00:00,2026-10-08T00:25:01.440+00:00,21072-30059,dryers,20632096-a,716000000,2026-10-08 00:25:01,2026-10-07 01:07:52,0,83829.0,-83829.0,,Available,website maps this code to Available
1,7eefd00a-db26-4ec1-800c-0ad9fde5359d,2026-10-08T00:25:01.272+00:00,2026-10-08T00:25:01.440+00:00,21072-30059,dryers,20632096-b,716000000,2026-10-08 00:25:01,2026-10-07 21:41:35,0,9806.0,-9806.0,,Available,website maps this code to Available
1,7eefd00a-db26-4ec1-800c-0ad9fde5359d,2026-10-08T00:25:01.272+00:00,2026-10-08T00:25:01.440+00:00,21072-30059,dryers,20632118-a,716000000,2026-10-08 00:25:01,2026-10-07 18:39:43,0,20718.0,-20718.0,,Available,website maps this code to Available
1,7eefd00a-db26-4ec1-800c-0ad9fde5359d,2026-10-08T00:25:01.272+00:00,2026-10-08T00:25:01.440+00:00,21072-30059,dryers,20632035-a,716000000,2026-10-08 00:25:01,2026-10-07 02:49:50,0,77711.0,-77711.0,,Available,website maps this code to Available
1,7eefd00a-db26-4ec1-800c-0ad9fde5359d,2026-10-08T00:25:01.272+00:00,2026-10-08T00:25:01.440+00:00,21072-30059,dryers,20632102-a,716000000,2026-10-08 00:25:01,2026-10-07 20:29:21,0,14140.0,-14140.0,,Available,website maps this code to Available
1,7eefd00a-db26-4ec1-800c-0ad9fde5359d,2026-10-08T00:25:01.272+00:00,2026-10-08T00:25:01.440+00:00,21072-30059,dryers,20632060-a,716000000,2026-10-08 00:25:01,2026-10-07 03:04:43,0,76818.0,-76818.0,,Available,website maps this code to Available
1,7eefd00a-db26-4ec1-800c-0ad9fde5359d,2026-10-08T00:25:01.272+00:00,2026-10-08T00:25:01.440+00:00,21072-30059,dryers,20632117-a,416000000,2026-10-08 00:25:01,2026-10-08 00:15:31,10,570.0,30.0,1,Running,
1,7eefd00a-db26-4ec1-800c-0ad9fde5359d,2026-10-08T00:25:01.272+00:00,2026-10-08T00:25:01.440+00:00,21072-30059,dryers,20632037-a,716000000,2026-10-08 00:25:01,2026-10-07 22:05:01,0,8400.0,-8400.0,,Available,website maps this code to Available
1,7eefd00a-db26-4ec1-800c-0ad9fde5359d,2026-10-08T00:25:01.272+00:00,2026-10-08T00:25:01.440+00:00,21072-30059,dryers,20632092-a,716000000,2026-10-08 00:25:01,2026-10-07 22:05:27,0,8374.0,-8374.0,,Available,website maps this code to Available
1,7eefd00a-db26-4ec1-800c-0ad9fde5359d,2026-10-08T00:25:01.272+00:00,2026-10-08T00:25:01.440+00:00,21072-30059,dryers,20632128-a,716000000,2026-10-08 00:25:01,2026-10-07 22:06:02,0,8339.0,-8339.0,,Available,website maps this code to Available
1,7eefd00a-db26-4ec1-800c-0ad9fde5359d,2026-10-08T00:25:01.272+00:00,2026-10-08T00:25:01.440+00:00,21072-30059,dryers,20632044-a,416000000,2026-10-08 00:25:01,2026-10-08 00:15:10,10,591.0,9.0,1,Running,
1,7eefd00a-db26-4ec1-800c-0ad9fde5359d,2026-10-08T00:25:01.272+00:00,2026-10-08T00:25:01.440+00:00,21072-30059,dryers,20632094-a,716000000,2026-10-08 00:25:01,2026-10-07 07:58:50,0,59171.0,-59171.0,,Available,website maps this code to Available
1,7eefd00a-db26-4ec1-800c-0ad9fde5359d,2026-10-08T00:25:01.272+00:00,2026-10-08T00:25:01.440+00:00,21072-30059,dryers,20632123-a,716000000,2026-10-08 00:25:01,2026-10-08 00:04:40,0,1221.0,-1221.0,,Available,website maps this code to Available
1,7eefd00a-db26-4ec1-800c-0ad9fde5359d,2026-10-08T00:25:01.272+00:00,2026-10-08T00:25:01.440+00:00,21072-30059,dryers,20632098-a,616000040,2026-10-08 00:25:01,2026-10-07 04:11:00,0,72841.0,-72841.0,,Error,
1,fb68af54-adaa-4d1f-a0c9-e321c9912e1b,2026-10-08T00:26:01.320+00:00,2026-10-08T00:26:01.499+00:00,21072-30059,washers,20632118-b,716000000,2026-10-08 00:26:01,2026-10-07 20:53:09,0,12772.0,-12772.0,,Available,website maps this code to Available
1,fb68af54-adaa-4d1f-a0c9-e321c9912e1b,2026-10-08T00:26:01.320+00:00,2026-10-08T00:26:01.499+00:00,21072-30059,washers,20632035-b,716000000,2026-10-08 00:26:01,2026-10-07 04:03:57,0,73324.0,-73324.0,,Available,website maps this code to Available
1,fb68af54-adaa-4d1f-a0c9-e321c9912e1b,2026-10-08T00:26:01.320+00:00,2026-10-08T00:26:01.499+00:00,21072-30059,washers,20632102-b,716000000,2026-10-08 00:26:01,2026-10-07 23:34:21,0,3100.0,-3100.0,,Available,website maps this code to Available
1,fb68af54-adaa-4d1f-a0c9-e321c9912e1b,2026-10-08T00:26:01.320+00:00,2026-10-08T00:26:01.499+00:00,21072-30059,washers,20632060-b,716000000,2026-10-08 00:26:01,2026-10-07 23:19:28,0,3993.0,-3993.0,,Available,website maps this code to Available
1,fb68af54-adaa-4d1f-a0c9-e321c9912e1b,2026-10-08T00:26:01.320+00:00,2026-10-08T00:26:01.499+00:00,21072-30059,washers,20632117-b,716000000,2026-10-08 00:26:01,2026-10-07 23:18:55,0,4026.0,-4026.0,,Available,website maps this code to Available
1,fb68af54-adaa-4d1f-a0c9-e321c9912e1b,2026-10-08T00:26:01.320+00:00,2026-10-08T00:26:01.499+00:00,21072-30059,washers,20632037-b,716000000,2026-10-08 00:26:01,2026-10-07 20:32:19,0,14022.0,-14022.0,,Available,website maps this code to Available
1,fb68af54-adaa-4d1f-a0c9-e321c9912e1b,2026-10-08T00:26:01.320+00:00,2026-10-08T00:26:01.499+00:00,21072-30059,washers,20632092-b,716000000,2026-10-08 00:26:01,2026-10-07 20:33:56,0,13925.0,-13925.0,,Available,website maps this code to Available
1,fb68af54-adaa-4d1f-a0c9-e321c9912e1b,2026-10-08T00:26:01.320+00:00,2026-10-08T00:26:01.499+00:00,21072-30059,washers,20632128-b,716000000,2026-10-08 00:26:01,2026-10-07 20:35:15,0,13846.0,-13846.0,,Available,website maps this code to Available
1,fb68af54-adaa-4d1f-a0c9-e321c9912e1b,2026-10-08T00:26:01.320+00:00,2026-10-08T00:26:01.499+00:00,21072-30059,washers,20632044-b,716000000,2026-10-08 00:26:01,2026-10-07 06:53:39,0,63142.0,-63142.0,,Available,website maps this code to Available
1,fb68af54-adaa-4d1f-a0c9-e321c9912e1b,2026-10-08T00:26:01.320+00:00,2026-10-08T00:26:01.499+00:00,21072-30059,washers,20632094-b,716000000,2026-10-08 00:26:01,2026-10-07 06:07:39,0,65902.0,-65902.0,,Available,website maps this code to Available
1,fb68af54-adaa-4d1f-a0c9-e321c9912e1b,2026-10-08T00:26:01.320+00:00,2026-10-08T00:26:01.499+00:00,21072-30059,washers,20632123-b,516000000,2026-10-08 00:26:01,2026-10-08 00:04:42,0,1279.0,-1279.0,,Finished,
1,fb68af54-adaa-4d1f-a0c9-e321c9912e1b,2026-10-08T00:26:01.320+00:00,2026-10-08T00:26:01.499+00:00,21072-30059,washers,20632098-b,616000040,2026-10-08 00:26:01,2026-10-07 04:12:05,0,72836.0,-72836.0,,Error,
1,fb68af54-adaa-4d1f-a0c9-e321c9912e1b,2026-10-08T00:26:01.320+00:00,2026-10-08T00:26:01.499+00:00,21072-30059,dryers,20632096-a,716000000,2026-10-08 00:26:01,2026-10-07 01:07:52,0,83889.0,-83889.0,,Available,website maps this code to Available
1,fb68af54-adaa-4d1f-a0c9-e321c9912e1b,2026-10-08T00:26:01.320+00:00,2026-10-08T00:26:01.499+00:00,21072-30059,dryers,20632096-b,716000000,2026-10-08 00:26:01,2026-10-07 21:41:35,0,9866.0,-9866.0,,Available,website maps this code to Available
1,fb68af54-adaa-4d1f-a0c9-e321c9912e1b,2026-10-08T00:26:01.320+00:00,2026-10-08T00:26:01.499+00:00,21072-30059,dryers,20632118-a,716000000,2026-10-08 00:26:01,2026-10-07 18:39:43,0,20778.0,-20778.0,,Available,website maps this code to Available
1,fb68af54-adaa-4d1f-a0c9-e321c9912e1b,2026-10-08T00:26:01.320+00:00,2026-10-08T00:26:01.499+00:00,21072-30059,dryers,20632035-a,716000000,2026-10-08 00:26:01,2026-10-07 02:49:50,0,77771.0,-77771.0,,Available,website maps this code to Available
1,fb68af54-adaa-4d1f-a0c9-e321c9912e1b,2026-10-08T00:26:01.320+00:00,2026-10-08T00:26:01.499+00:00,21072-30059,dryers,20632102-a,716000000,2026-10-08 00:26:01,2026-10-07 20:29:21,0,14200.0,-14200.0,,Available,website maps this code to Available
1,fb68af54-adaa-4d1f-a0c9-e321c9912e1b,2026-10-08T00:26:01.320+00:00,2026-10-08T00:26:01.499+00:00,21072-30059,dryers,20632060-a,716000000,2026-10-08 00:26:01,2026-10-07 03:04:43,0,76878.0,-76878.0,,Available,website maps this code to Available
1,fb68af54-adaa-4d1f-a0c9-e321c9912e1b,2026-10-08T00:26:01.320+00:00,2026-10-08T00:26:01.499+00:00,21072-30059,dryers,20632117-a,416000000,2026-10-08 00:26:01,2026-10-08 00:25:44,10,17.0,583.0,10,Running,
1,fb68af54-adaa-4d1f-a0c9-e321c9912e1b,2026-10-08T00:26:01.320+00:00,2026-10-08T00:26:01.499+00:00,21072-30059,dryers,20632037-a,716000000,2026-10-08 00:26:01,2026-10-07 22:05:01,0,8460.0,-8460.0,,Available,website maps this code to Available
1,fb68af54-adaa-4d1f-a0c9-e321c9912e1b,2026-10-08T00:26:01.320+00:00,2026-10-08T00:26:01.499+00:00,21072-30059,dryers,20632092-a,716000000,2026-10-08 00:26:01,2026-10-07 22:05:27,0,8434.0,-8434.0,,Available,website maps this code to Available
1,fb68af54-adaa-4d1f-a0c9-e321c9912e1b,2026-10-08T00:26:01.320+00:00,2026-10-08T00:26:01.499+00:00,21072-30059,dryers,20632128-a,716000000,2026-10-08 00:26:01,2026-10-07 22:06:02,0,8399.0,-8399.0,,Available,website maps this code to Available
1,fb68af54-adaa-4d1f-a0c9-e321c9912e1b,2026-10-08T00:26:01.320+00:00,2026-10-08T00:26:01.499+00:00,21072-30059,dryers,20632044-a,416000000,2026-10-08 00:26:01,2026-10-08 00:25:11,10,50.0,550.0,10,Running,
1,fb68af54-adaa-4d1f-a0c9-e321c9912e1b,2026-10-08T00:26:01.320+00:00,2026-10-08T00:26:01.499+00:00,21072-30059,dryers,20632094-a,716000000,2026-10-08 00:26:01,2026-10-07 07:58:50,0,59231.0,-59231.0,,Available,website maps this code to Available
1,fb68af54-adaa-4d1f-a0c9-e321c9912e1b,2026-10-08T00:26:01.320+00:00,2026-10-08T00:26:01.499+00:00,21072-30059,dryers,20632123-a,716000000,2026-10-08 00:26:01,2026-10-08 00:04:40,0,1281.0,-1281.0,,Available,website maps this code to Available
1,fb68af54-adaa-4d1f-a0c9-e321c9912e1b,2026-10-08T00:26:01.320+00:00,2026-10-08T00:26:01.499+00:00,21072-30059,dryers,20632098-a,616000040,2026-10-08 00:26:01,2026-10-07 04:11:00,0,72901.0,-72901.0,,Error,
1,e2d30305-1f75-4224-8eef-8b6a213ee738,2026-10-08T00:27:01.276+00:00,2026-10-08T00:27:01.470+00:00,21072-30059,washers,20632118-b,716000000,2026-10-08 00:27:01,2026-10-07 20:53:09,0,12832.0,-12832.0,,Available,website maps this code to Available
1,e2d30305-1f75-4224-8eef-8b6a213ee738,2026-10-08T00:27:01.276+00:00,2026-10-08T00:27:01.470+00:00,21072-30059,washers,20632035-b,716000000,2026-10-08 00:27:01,2026-10-07 04:03:57,0,73384.0,-73384.0,,Available,website maps this code to Available
1,e2d30305-1f75-4224-8eef-8b6a213ee738,2026-10-08T00:27:01.276+00:00,2026-10-08T00:27:01.470+00:00,21072-30059,washers,20632102-b,716000000,2026-10-08 00:27:01,2026-10-07 23:34:21,0,3160.0,-3160.0,,Available,website maps this code to Available
1,e2d30305-1f75-4224-8eef-8b6a213ee738,2026-10-08T00:27:01.276+00:00,2026-10-08T00:27:01.470+00:00,21072-30059,washers,20632060-b,716000000,2026-10-08 00:27:01,2026-10-07 23:19:28,0,4053.0,-4053.0,,Available,website maps this code to Available
1,e2d30305-1f75-4224-8eef-8b6a213ee738,2026-10-08T00:27:01.276+00:00,2026-10-08T00:27:01.470+00:00,21072-30059,washers,20632117-b,716000000,2026-10-08 00:27:01,2026-10-07 23:18:55,0,4086.0,-4086.0,,Available,website maps this code to Available
1,e2d30305-1f75-4224-8eef-8b6a213ee738,2026-10-08T00:27:01.276+00:00,2026-10-08T00:27:01.470+00:00,21072-30059,washers,20632037-b,716000000,2026-10-08 00:27:01,2026-10-07 20:32:19,0,14082.0,-14082.0,,Available,website maps this code to Available
1,e2d30305-1f75-4224-8eef-8b6a213ee738,2026-10-08T00:27:01.276+00:00,2026-10-08T00:27:01.470+00:00,21072-30059,washers,20632092-b,716000000,2026-10-08 00:27:01,2026-10-07 20:33:56,0,13985.0,-13985.0,,Available,website maps this code to Available
1,e2d30305-1f75-4224-8eef-8b6a213ee738,2026-10-08T00:27:01.276+00:00,2026-10-08T00:27:01.470+00:00,21072-30059,washers,20632128-b,716000000,2026-10-08 00:27:01,2026-10-07 20:35:15,0,13906.0,-13906.0,,Available,website maps this code to Available
1,e2d30305-1f75-4224-8eef-8b6a213ee738,2026-10-08T00:27:01.276+00:00,2026-10-08T00:27:01.470+00:00,21072-30059,washers,20632044-b,716000000,2026-10-08 00:27:01,2026-10-07 06:53:39,0,63202.0,-63202.0,,Available,website maps this code to Available
1,e2d30305-1f75-4224-8eef-8b6a213ee738,2026-10-08T00:27:01.276+00:00,2026-10-08T00:27:01.470+00:00,21072-30059,washers,20632094-b,716000000,2026-10-08 00:27:01,2026-10-07 06:07:39,0,65962.0,-65962.0,,Available,website maps this code to Available
1,e2d30305-1f75-4224-8eef-8b6a213ee738,2026-10-08T00:27:01.276+00:00,2026-10-08T00:27:01.470+00:00,21072-30059,washers,20632123-b,516000000,2026-10-08 00:27:01,2026-10-08 00:04:42,0,1339.0,-1339.0,,Finished,
1,e2d30305-1f75-4224-8eef-8b6a213ee738,2026-10-08T00:27:01.276+00:00,2026-10-08T00:27:01.470+00:00,21072-30059,washers,20632098-b,616000040,2026-10-08 00:27:01,2026-10-07 04:12:05,0,72896.0,-72896.0,,Error,
1,e2d30305-1f75-4224-8eef-8b6a213ee738,2026-10-08T00:27:01.276+00:00,2026-10-08T00:27:01.470+00:00,21072-30059,dryers,20632096-a,716000000,2026-10-08 00:27:01,2026-10-07 01:07:52,0,83949.0,-83949.0,,Available,website maps this code to Available
1,e2d30305-1f75-4224-8eef-8b6a213ee738,2026-10-08T00:27:01.276+00:00,2026-10-08T00:27:01.470+00:00,21072-30059,dryers,20632096-b,716000000,2026-10-08 00:27:01,2026-10-07 21:41:35,0,9926.0,-9926.0,,Available,website maps this code to Available
1,e2d30305-1f75-4224-8eef-8b6a213ee738,2026-10-08T00:27:01.276+00:00,2026-10-08T00:27:01.470+00:00,21072-30059,dryers,20632118-a,716000000,2026-10-08 00:27:01,2026-10-07 18:39:43,0,20838.0,-20838.0,,Available,website maps this code to Available
1,e2d30305-1f75-4224-8eef-8b6a213ee738,2026-10-08T00:27:01.276+00:00,2026-10-08T00:27:01.470+00:00,21072-30059,dryers,20632035-a,716000000,2026-10-08 00:27:01,2026-10-07 02:49:50,0,77831.0,-77831.0,,Available,website maps this code to Available
1,e2d30305-1f75-4224-8eef-8b6a213ee738,2026-10-08T00:27:01.276+00:00,2026-10-08T00:27:01.470+00:00,21072-30059,dryers,20632102-a,716000000,2026-10-08 00:27:01,2026-10-07 20:29:21,0,14260.0,-14260.0,,Available,website maps this code to Available
1,e2d30305-1f75-4224-8eef-8b6a213ee738,2026-10-08T00:27:01.276+00:00,2026-10-08T00:27:01.470+00:00,21072-30059,dryers,20632060-a,716000000,2026-10-08 00:27:01,2026-10-07 03:04:43,0,76938.0,-76938.0,,Available,website maps this code to Available
1,e2d30305-1f75-4224-8eef-8b6a213ee738,2026-10-08T00:27:01.276+00:00,2026-10-08T00:27:01.470+00:00,21072-30059,dryers,20632117-a,416000000,2026-10-08 00:27:01,2026-10-08 00:25:44,10,77.0,523.0,9,Running,
1,e2d30305-1f75-4224-8eef-8b6a213ee738,2026-10-08T00:27:01.276+00:00,2026-10-08T00:27:01.470+00:00,21072-30059,dryers,20632037-a,716000000,2026-10-08 00:27:01,2026-10-07 22:05:01,0,8520.0,-8520.0,,Available,website maps this code to Available
1,e2d30305-1f75-4224-8eef-8b6a213ee738,2026-10-08T00:27:01.276+00:00,2026-10-08T00:27:01.470+00:00,21072-30059,dryers,20632092-a,716000000,2026-10-08 00:27:01,2026-10-07 22:05:27,0,8494.0,-8494.0,,Available,website maps this code to Available
1,e2d30305-1f75-4224-8eef-8b6a213ee738,2026-10-08T00:27:01.276+00:00,2026-10-08T00:27:01.470+00:00,21072-30059,dryers,20632128-a,716000000,2026-10-08 00:27:01,2026-10-07 22:06:02,0,8459.0,-8459.0,,Available,website maps this code to Available
1,e2d30305-1f75-4224-8eef-8b6a213ee738,2026-10-08T00:27:01.276+00:00,2026-10-08T00:27:01.470+00:00,21072-30059,dryers,20632044-a,416000000,2026-10-08 00:27:01,2026-10-08 00:25:11,10,110.0,490.0,9,Running,
1,e2d30305-1f75-4224-8eef-8b6a213ee738,2026-10-08T00:27:01.276+00:00,2026-10-08T00:27:01.470+00:00,21072-30059,dryers,20632094-a,716000000,2026-10-08 00:27:01,2026-10-07 07:58:50,0,59291.0,-59291.0,,Available,website maps this code to Available
1,e2d30305-1f75-4224-8eef-8b6a213ee738,2026-10-08T00:27:01.276+00:00,2026-10-08T00:27:01.470+00:00,21072-30059,dryers,20632123-a,716000000,2026-10-08 00:27:01,2026-10-08 00:04:40,0,1341.0,-1341.0,,Available,website maps this code to Available
1,e2d30305-1f75-4224-8eef-8b6a213ee738,2026-10-08T00:27:01.276+00:00,2026-10-08T00:27:01.470+00:00,21072-30059,dryers,20632098-a,616000040,2026-10-08 00:27:01,2026-10-07 04:11:00,0,72961.0,-72961.0,,Error,
1,0c2b57dd-866e-4c08-bea1-09f7d832b50d,2026-10-08T00:28:01.340+00:00,2026-10-08T00:28:01.816+00:00,21072-30059,washers,20632118-b,716000000,2026-10-08 00:28:01,2026-10-07 20:53:09,0,12892.0,-12892.0,,Available,website maps this code to Available
1,0c2b57dd-866e-4c08-bea1-09f7d832b50d,2026-10-08T00:28:01.340+00:00,2026-10-08T00:28:01.816+00:00,21072-30059,washers,20632035-b,716000000,2026-10-08 00:28:01,2026-10-07 04:03:57,0,73444.0,-73444.0,,Available,website maps this code to Available
1,0c2b57dd-866e-4c08-bea1-09f7d832b50d,2026-10-08T00:28:01.340+00:00,2026-10-08T00:28:01.816+00:00,21072-30059,washers,20632102-b,716000000,2026-10-08 00:28:01,2026-10-07 23:34:21,0,3220.0,-3220.0,,Available,website maps this code to Available
1,0c2b57dd-866e-4c08-bea1-09f7d832b50d,2026-10-08T00:28:01.340+00:00,2026-10-08T00:28:01.816+00:00,21072-30059,washers,20632060-b,716000000,2026-10-08 00:28:01,2026-10-07 23:19:28,0,4113.0,-4113.0,,Available,website maps this code to Available
1,0c2b57dd-866e-4c08-bea1-09f7d832b50d,2026-10-08T00:28:01.340+00:00,2026-10-08T00:28:01.816+00:00,21072-30059,washers,20632117-b,716000000,2026-10-08 00:28:01,2026-10-07 23:18:55,0,4146.0,-4146.0,,Available,website maps this code to Available
1,0c2b57dd-866e-4c08-bea1-09f7d832b50d,2026-10-08T00:28:01.340+00:00,2026-10-08T00:28:01.816+00:00,21072-30059,washers,20632037-b,716000000,2026-10-08 00:28:01,2026-10-07 20:32:19,0,14142.0,-14142.0,,Available,website maps this code to Available
1,0c2b57dd-866e-4c08-bea1-09f7d832b50d,2026-10-08T00:28:01.340+00:00,2026-10-08T00:28:01.816+00:00,21072-30059,washers,20632092-b,716000000,2026-10-08 00:28:01,2026-10-07 20:33:56,0,14045.0,-14045.0,,Available,website maps this code to Available
1,0c2b57dd-866e-4c08-bea1-09f7d832b50d,2026-10-08T00:28:01.340+00:00,2026-10-08T00:28:01.816+00:00,21072-30059,washers,20632128-b,716000000,2026-10-08 00:28:01,2026-10-07 20:35:15,0,13966.0,-13966.0,,Available,website maps this code to Available
1,0c2b57dd-866e-4c08-bea1-09f7d832b50d,2026-10-08T00:28:01.340+00:00,2026-10-08T00:28:01.816+00:00,21072-30059,washers,20632044-b,716000000,2026-10-08 00:28:01,2026-10-07 06:53:39,0,63262.0,-63262.0,,Available,website maps this code to Available
1,0c2b57dd-866e-4c08-bea1-09f7d832b50d,2026-10-08T00:28:01.340+00:00,2026-10-08T00:28:01.816+00:00,21072-30059,washers,20632094-b,716000000,2026-10-08 00:28:01,2026-10-07 06:07:39,0,66022.0,-66022.0,,Available,website maps this code to Available
1,0c2b57dd-866e-4c08-bea1-09f7d832b50d,2026-10-08T00:28:01.340+00:00,2026-10-08T00:28:01.816+00:00,21072-30059,washers,20632123-b,516000000,2026-10-08 00:28:01,2026-10-08 00:04:42,0,1399.0,-1399.0,,Finished,
1,0c2b57dd-866e-4c08-bea1-09f7d832b50d,2026-10-08T00:28:01.340+00:00,2026-10-08T00:28:01.816+00:00,21072-30059,washers,20632098-b,616000040,2026-10-08 00:28:01,2026-10-07 04:12:05,0,72956.0,-72956.0,,Error,
1,0c2b57dd-866e-4c08-bea1-09f7d832b50d,2026-10-08T00:28:01.340+00:00,2026-10-08T00:28:01.816+00:00,21072-30059,dryers,20632096-a,716000000,2026-10-08 00:28:01,2026-10-07 01:07:52,0,84009.0,-84009.0,,Available,website maps this code to Available
1,0c2b57dd-866e-4c08-bea1-09f7d832b50d,2026-10-08T00:28:01.340+00:00,2026-10-08T00:28:01.816+00:00,21072-30059,dryers,20632096-b,716000000,2026-10-08 00:28:01,2026-10-07 21:41:35,0,9986.0,-9986.0,,Available,website maps this code to Available
1,0c2b57dd-866e-4c08-bea1-09f7d832b50d,2026-10-08T00:28:01.340+00:00,2026-10-08T00:28:01.816+00:00,21072-30059,dryers,20632118-a,716000000,2026-10-08 00:28:01,2026-10-07 18:39:43,0,20898.0,-20898.0,,Available,website maps this code to Available
1,0c2b57dd-866e-4c08-bea1-09f7d832b50d,2026-10-08T00:28:01.340+00:00,2026-10-08T00:28:01.816+00:00,21072-30059,dryers,20632035-a,716000000,2026-10-08 00:28:01,2026-10-07 02:49:50,0,77891.0,-77891.0,,Available,website maps this code to Available
1,0c2b57dd-866e-4c08-bea1-09f7d832b50d,2026-10-08T00:28:01.340+00:00,2026-10-08T00:28:01.816+00:00,21072-30059,dryers,20632102-a,716000000,2026-10-08 00:28:01,2026-10-07 20:29:21,0,14320.0,-14320.0,,Available,website maps this code to Available
1,0c2b57dd-866e-4c08-bea1-09f7d832b50d,2026-10-08T00:28:01.340+00:00,2026-10-08T00:28:01.816+00:00,21072-30059,dryers,20632060-a,716000000,2026-10-08 00:28:01,2026-10-07 03:04:43,0,76998.0,-76998.0,,Available,website maps this code to Available
1,0c2b57dd-866e-4c08-bea1-09f7d832b50d,2026-10-08T00:28:01.340+00:00,2026-10-08T00:28:01.816+00:00,21072-30059,dryers,20632117-a,416000000,2026-10-08 00:28:01,2026-10-08 00:25:44,10,137.0,463.0,8,Running,
1,0c2b57dd-866e-4c08-bea1-09f7d832b50d,2026-10-08T00:28:01.340+00:00,2026-10-08T00:28:01.816+00:00,21072-30059,dryers,20632037-a,716000000,2026-10-08 00:28:01,2026-10-07 22:05:01,0,8580.0,-8580.0,,Available,website maps this code to Available
1,0c2b57dd-866e-4c08-bea1-09f7d832b50d,2026-10-08T00:28:01.340+00:00,2026-10-08T00:28:01.816+00:00,21072-30059,dryers,20632092-a,716000000,2026-10-08 00:28:01,2026-10-07 22:05:27,0,8554.0,-8554.0,,Available,website maps this code to Available
1,0c2b57dd-866e-4c08-bea1-09f7d832b50d,2026-10-08T00:28:01.340+00:00,2026-10-08T00:28:01.816+00:00,21072-30059,dryers,20632128-a,716000000,2026-10-08 00:28:01,2026-10-07 22:06:02,0,8519.0,-8519.0,,Available,website maps this code to Available
1,0c2b57dd-866e-4c08-bea1-09f7d832b50d,2026-10-08T00:28:01.340+00:00,2026-10-08T00:28:01.816+00:00,21072-30059,dryers,20632044-a,416000000,2026-10-08 00:28:01,2026-10-08 00:25:11,10,170.0,430.0,8,Running,
1,0c2b57dd-866e-4c08-bea1-09f7d832b50d,2026-10-08T00:28:01.340+00:00,2026-10-08T00:28:01.816+00:00,21072-30059,dryers,20632094-a,716000000,2026-10-08 00:28:01,2026-10-07 07:58:50,0,59351.0,-59351.0,,Available,website maps this code to Available
1,0c2b57dd-866e-4c08-bea1-09f7d832b50d,2026-10-08T00:28:01.340+00:00,2026-10-08T00:28:01.816+00:00,21072-30059,dryers,20632123-a,716000000,2026-10-08 00:28:01,2026-10-08 00:04:40,0,1401.0,-1401.0,,Available,website maps this code to Available
1,0c2b57dd-866e-4c08-bea1-09f7d832b50d,2026-10-08T00:28:01.340+00:00,2026-10-08T00:28:01.816+00:00,21072-30059,dryers,20632098-a,616000040,2026-10-08 00:28:01,2026-10-07 04:11:00,0,73021.0,-73021.0,,Error,
1,2eb84dcd-38a6-4649-8ae0-9ef23118c004,2026-10-08T00:29:01.264+00:00,2026-10-08T00:29:01.434+00:00,21072-30059,washers,20632118-b,716000000,2026-10-08 00:29:01,2026-10-07 20:53:09,0,12952.0,-12952.0,,Available,website maps this code to Available
1,2eb84dcd-38a6-4649-8ae0-9ef23118c004,2026-10-08T00:29:01.264+00:00,2026-10-08T00:29:01.434+00:00,21072-30059,washers,20632035-b,716000000,2026-10-08 00:29:01,2026-10-07 04:03:57,0,73504.0,-73504.0,,Available,website maps this code to Available
1,2eb84dcd-38a6-4649-8ae0-9ef23118c004,2026-10-08T00:29:01.264+00:00,2026-10-08T00:29:01.434+00:00,21072-30059,washers,20632102-b,716000000,2026-10-08 00:29:01,2026-10-07 23:34:21,0,3280.0,-3280.0,,Available,website maps this code to Available
1,2eb84dcd-38a6-4649-8ae0-9ef23118c004,2026-10-08T00:29:01.264+00:00,2026-10-08T00:29:01.434+00:00,21072-30059,washers,20632060-b,716000000,2026-10-08 00:29:01,2026-10-07 23:19:28,0,4173.0,-4173.0,,Available,website maps this code to Available
1,2eb84dcd-38a6-4649-8ae0-9ef23118c004,2026-10-08T00:29:01.264+00:00,2026-10-08T00:29:01.434+00:00,21072-30059,washers,20632117-b,716000000,2026-10-08 00:29:01,2026-10-07 23:18:55,0,4206.0,-4206.0,,Available,website maps this code to Available
1,2eb84dcd-38a6-4649-8ae0-9ef23118c004,2026-10-08T00:29:01.264+00:00,2026-10-08T00:29:01.434+00:00,21072-30059,washers,20632037-b,716000000,2026-10-08 00:29:01,2026-10-07 20:32:19,0,14202.0,-14202.0,,Available,website maps this code to Available
1,2eb84dcd-38a6-4649-8ae0-9ef23118c004,2026-10-08T00:29:01.264+00:00,2026-10-08T00:29:01.434+00:00,21072-30059,washers,20632092-b,716000000,2026-10-08 00:29:01,2026-10-07 20:33:56,0,14105.0,-14105.0,,Available,website maps this code to Available
1,2eb84dcd-38a6-4649-8ae0-9ef23118c004,2026-10-08T00:29:01.264+00:00,2026-10-08T00:29:01.434+00:00,21072-30059,washers,20632128-b,716000000,2026-10-08 00:29:01,2026-10-07 20:35:15,0,14026.0,-14026.0,,Available,website maps this code to Available
1,2eb84dcd-38a6-4649-8ae0-9ef23118c004,2026-10-08T00:29:01.264+00:00,2026-10-08T00:29:01.434+00:00,21072-30059,washers,20632044-b,716000000,2026-10-08 00:29:01,2026-10-07 06:53:39,0,63322.0,-63322.0,,Available,website maps this code to Available
1,2eb84dcd-38a6-4649-8ae0-9ef23118c004,2026-10-08T00:29:01.264+00:00,2026-10-08T00:29:01.434+00:00,21072-30059,washers,20632094-b,716000000,2026-10-08 00:29:01,2026-10-07 06:07:39,0,66082.0,-66082.0,,Available,website maps this code to Available
1,2eb84dcd-38a6-4649-8ae0-9ef23118c004,2026-10-08T00:29:01.264+00:00,2026-10-08T00:29:01.434+00:00,21072-30059,washers,20632123-b,516000000,2026-10-08 00:29:01,2026-10-08 00:04:42,0,1459.0,-1459.0,,Finished,
1,2eb84dcd-38a6-4649-8ae0-9ef23118c004,2026-10-08T00:29:01.264+00:00,2026-10-08T00:29:01.434+00:00,21072-30059,washers,20632098-b,616000040,2026-10-08 00:29:01,2026-10-07 04:12:05,0,73016.0,-73016.0,,Error,
1,2eb84dcd-38a6-4649-8ae0-9ef23118c004,2026-10-08T00:29:01.264+00:00,2026-10-08T00:29:01.434+00:00,21072-30059,dryers,20632096-a,716000000,2026-10-08 00:29:01,2026-10-07 01:07:52,0,84069.0,-84069.0,,Available,website maps this code to Available
1,2eb84dcd-38a6-4649-8ae0-9ef23118c004,2026-10-08T00:29:01.264+00:00,2026-10-08T00:29:01.434+00:00,21072-30059,dryers,20632096-b,716000000,2026-10-08 00:29:01,2026-10-07 21:41:35,0,10046.0,-10046.0,,Available,website maps this code to Available
1,2eb84dcd-38a6-4649-8ae0-9ef23118c004,2026-10-08T00:29:01.264+00:00,2026-10-08T00:29:01.434+00:00,21072-30059,dryers,20632118-a,716000000,2026-10-08 00:29:01,2026-10-07 18:39:43,0,20958.0,-20958.0,,Available,website maps this code to Available
1,2eb84dcd-38a6-4649-8ae0-9ef23118c004,2026-10-08T00:29:01.264+00:00,2026-10-08T00:29:01.434+00:00,21072-30059,dryers,20632035-a,716000000,2026-10-08 00:29:01,2026-10-07 02:49:50,0,77951.0,-77951.0,,Available,website maps this code to Available
1,2eb84dcd-38a6-4649-8ae0-9ef23118c004,2026-10-08T00:29:01.264+00:00,2026-10-08T00:29:01.434+00:00,21072-30059,dryers,20632102-a,716000000,2026-10-08 00:29:01,2026-10-07 20:29:21,0,14380.0,-14380.0,,Available,website maps this code to Available
1,2eb84dcd-38a6-4649-8ae0-9ef23118c004,2026-10-08T00:29:01.264+00:00,2026-10-08T00:29:01.434+00:00,21072-30059,dryers,20632060-a,716000000,2026-10-08 00:29:01,2026-10-07 03:04:43,0,77058.0,-77058.0,,Available,website maps this code to Available
1,2eb84dcd-38a6-4649-8ae0-9ef23118c004,2026-10-08T00:29:01.264+00:00,2026-10-08T00:29:01.434+00:00,21072-30059,dryers,20632117-a,416000000,2026-10-08 00:29:01,2026-10-08 00:25:44,10,197.0,403.0,7,Running,
1,2eb84dcd-38a6-4649-8ae0-9ef23118c004,2026-10-08T00:29:01.264+00:00,2026-10-08T00:29:01.434+00:00,21072-30059,dryers,20632037-a,716000000,2026-10-08 00:29:01,2026-10-07 22:05:01,0,8640.0,-8640.0,,Available,website maps this code to Available
1,2eb84dcd-38a6-4649-8ae0-9ef23118c004,2026-10-08T00:29:01.264+00:00,2026-10-08T00:29:01.434+00:00,21072-30059,dryers,20632092-a,716000000,2026-10-08 00:29:01,2026-10-07 22:05:27,0,8614.0,-8614.0,,Available,website maps this code to Available
1,2eb84dcd-38a6-4649-8ae0-9ef23118c004,2026-10-08T00:29:01.264+00:00,2026-10-08T00:29:01.434+00:00,21072-30059,dryers,20632128-a,716000000,2026-10-08 00:29:01,2026-10-07 22:06:02,0,8579.0,-8579.0,,Available,website maps this code to Available
1,2eb84dcd-38a6-4649-8ae0-9ef23118c004,2026-10-08T00:29:01.264+00:00,2026-10-08T00:29:01.434+00:00,21072-30059,dryers,20632044-a,416000000,2026-10-08 00:29:01,2026-10-08 00:25:11,10,230.0,370.0,7,Running,
1,2eb84dcd-38a6-4649-8ae0-9ef23118c004,2026-10-08T00:29:01.264+00:00,2026-10-08T00:29:01.434+00:00,21072-30059,dryers,20632094-a,716000000,2026-10-08 00:29:01,2026-10-07 07:58:50,0,59411.0,-59411.0,,Available,website maps this code to Available
1,2eb84dcd-38a6-4649-8ae0-9ef23118c004,2026-10-08T00:29:01.264+00:00,2026-10-08T00:29:01.434+00:00,21072-30059,dryers,20632123-a,716000000,2026-10-08 00:29:01,2026-10-08 00:04:40,0,1461.0,-1461.0,,Available,website maps this code to Available
1,2eb84dcd-38a6-4649-8ae0-9ef23118c004,2026-10-08T00:29:01.264+00:00,2026-10-08T00:29:01.434+00:00,21072-30059,dryers,20632098-a,616000040,2026-10-08 00:29:01,2026-10-07 04:11:00,0,73081.0,-73081.0,,Error,
1,d8cdd1b0-edaf-40e4-b612-5cdf7be8379d,2026-10-08T00:30:01.327+00:00,2026-10-08T00:30:01.504+00:00,21072-30059,washers,20632118-b,716000000,2026-10-08 00:30:01,2026-10-07 20:53:09,0,13012.0,-13012.0,,Available,website maps this code to Available
1,d8cdd1b0-edaf-40e4-b612-5cdf7be8379d,2026-10-08T00:30:01.327+00:00,2026-10-08T00:30:01.504+00:00,21072-30059,washers,20632035-b,716000000,2026-10-08 00:30:01,2026-10-07 04:03:57,0,73564.0,-73564.0,,Available,website maps this code to Available
1,d8cdd1b0-edaf-40e4-b612-5cdf7be8379d,2026-10-08T00:30:01.327+00:00,2026-10-08T00:30:01.504+00:00,21072-30059,washers,20632102-b,716000000,2026-10-08 00:30:01,2026-10-07 23:34:21,0,3340.0,-3340.0,,Available,website maps this code to Available
1,d8cdd1b0-edaf-40e4-b612-5cdf7be8379d,2026-10-08T00:30:01.327+00:00,2026-10-08T00:30:01.504+00:00,21072-30059,washers,20632060-b,716000000,2026-10-08 00:30:01,2026-10-07 23:19:28,0,4233.0,-4233.0,,Available,website maps this code to Available
1,d8cdd1b0-edaf-40e4-b612-5cdf7be8379d,2026-10-08T00:30:01.327+00:00,2026-10-08T00:30:01.504+00:00,21072-30059,washers,20632117-b,716000000,2026-10-08 00:30:01,2026-10-07 23:18:55,0,4266.0,-4266.0,,Available,website maps this code to Available
1,d8cdd1b0-edaf-40e4-b612-5cdf7be8379d,2026-10-08T00:30:01.327+00:00,2026-10-08T00:30:01.504+00:00,21072-30059,washers,20632037-b,716000000,2026-10-08 00:30:01,2026-10-07 20:32:19,0,14262.0,-14262.0,,Available,website maps this code to Available
1,d8cdd1b0-edaf-40e4-b612-5cdf7be8379d,2026-10-08T00:30:01.327+00:00,2026-10-08T00:30:01.504+00:00,21072-30059,washers,20632092-b,716000000,2026-10-08 00:30:01,2026-10-07 20:33:56,0,14165.0,-14165.0,,Available,website maps this code to Available
1,d8cdd1b0-edaf-40e4-b612-5cdf7be8379d,2026-10-08T00:30:01.327+00:00,2026-10-08T00:30:01.504+00:00,21072-30059,washers,20632128-b,716000000,2026-10-08 00:30:01,2026-10-07 20:35:15,0,14086.0,-14086.0,,Available,website maps this code to Available
1,d8cdd1b0-edaf-40e4-b612-5cdf7be8379d,2026-10-08T00:30:01.327+00:00,2026-10-08T00:30:01.504+00:00,21072-30059,washers,20632044-b,716000000,2026-10-08 00:30:01,2026-10-07 06:53:39,0,63382.0,-63382.0,,Available,website maps this code to Available
1,d8cdd1b0-edaf-40e4-b612-5cdf7be8379d,2026-10-08T00:30:01.327+00:00,2026-10-08T00:30:01.504+00:00,21072-30059,washers,20632094-b,716000000,2026-10-08 00:30:01,2026-10-07 06:07:39,0,66142.0,-66142.0,,Available,website maps this code to Available
1,d8cdd1b0-edaf-40e4-b612-5cdf7be8379d,2026-10-08T00:30:01.327+00:00,2026-10-08T00:30:01.504+00:00,21072-30059,washers,20632123-b,516000000,2026-10-08 00:30:01,2026-10-08 00:04:42,0,1519.0,-1519.0,,Finished,
1,d8cdd1b0-edaf-40e4-b612-5cdf7be8379d,2026-10-08T00:30:01.327+00:00,2026-10-08T00:30:01.504+00:00,21072-30059,washers,20632098-b,616000040,2026-10-08 00:30:01,2026-10-07 04:12:05,0,73076.0,-73076.0,,Error,
1,d8cdd1b0-edaf-40e4-b612-5cdf7be8379d,2026-10-08T00:30:01.327+00:00,2026-10-08T00:30:01.504+00:00,21072-30059,dryers,20632096-a,716000000,2026-10-08 00:30:01,2026-10-07 01:07:52,0,84129.0,-84129.0,,Available,website maps this code to Available
1,d8cdd1b0-edaf-40e4-b612-5cdf7be8379d,2026-10-08T00:30:01.327+00:00,2026-10-08T00:30:01.504+00:00,21072-30059,dryers,20632096-b,716000000,2026-10-08 00:30:01,2026-10-07 21:41:35,0,10106.0,-10106.0,,Available,website maps this code to Available
1,d8cdd1b0-edaf-40e4-b612-5cdf7be8379d,2026-10-08T00:30:01.327+00:00,2026-10-08T00:30:01.504+00:00,21072-30059,dryers,20632118-a,716000000,2026-10-08 00:30:01,2026-10-07 18:39:43,0,21018.0,-21018.0,,Available,website maps this code to Available
1,d8cdd1b0-edaf-40e4-b612-5cdf7be8379d,2026-10-08T00:30:01.327+00:00,2026-10-08T00:30:01.504+00:00,21072-30059,dryers,20632035-a,716000000,2026-10-08 00:30:01,2026-10-07 02:49:50,0,78011.0,-78011.0,,Available,website maps this code to Available
1,d8cdd1b0-edaf-40e4-b612-5cdf7be8379d,2026-10-08T00:30:01.327+00:00,2026-10-08T00:30:01.504+00:00,21072-30059,dryers,20632102-a,716000000,2026-10-08 00:30:01,2026-10-07 20:29:21,0,14440.0,-14440.0,,Available,website maps this code to Available
1,d8cdd1b0-edaf-40e4-b612-5cdf7be8379d,2026-10-08T00:30:01.327+00:00,2026-10-08T00:30:01.504+00:00,21072-30059,dryers,20632060-a,716000000,2026-10-08 00:30:01,2026-10-07 03:04:43,0,77118.0,-77118.0,,Available,website maps this code to Available
1,d8cdd1b0-edaf-40e4-b612-5cdf7be8379d,2026-10-08T00:30:01.327+00:00,2026-10-08T00:30:01.504+00:00,21072-30059,dryers,20632117-a,416000000,2026-10-08 00:30:01,2026-10-08 00:25:44,10,257.0,343.0,6,Running,
1,d8cdd1b0-edaf-40e4-b612-5cdf7be8379d,2026-10-08T00:30:01.327+00:00,2026-10-08T00:30:01.504+00:00,21072-30059,dryers,20632037-a,716000000,2026-10-08 00:30:01,2026-10-07 22:05:01,0,8700.0,-8700.0,,Available,website maps this code to Available
1,d8cdd1b0-edaf-40e4-b612-5cdf7be8379d,2026-10-08T00:30:01.327+00:00,2026-10-08T00:30:01.504+00:00,21072-30059,dryers,20632092-a,716000000,2026-10-08 00:30:01,2026-10-07 22:05:27,0,8674.0,-8674.0,,Available,website maps this code to Available
1,d8cdd1b0-edaf-40e4-b612-5cdf7be8379d,2026-10-08T00:30:01.327+00:00,2026-10-08T00:30:01.504+00:00,21072-30059,dryers,20632128-a,716000000,2026-10-08 00:30:01,2026-10-07 22:06:02,0,8639.0,-8639.0,,Available,website maps this code to Available
1,d8cdd1b0-edaf-40e4-b612-5cdf7be8379d,2026-10-08T00:30:01.327+00:00,2026-10-08T00:30:01.504+00:00,21072-30059,dryers,20632044-a,416000000,2026-10-08 00:30:01,2026-10-08 00:25:11,10,290.0,310.0,6,Running,
1,d8cdd1b0-edaf-40e4-b612-5cdf7be8379d,2026-10-08T00:30:01.327+00:00,2026-10-08T00:30:01.504+00:00,21072-30059,dryers,20632094-a,716000000,2026-10-08 00:30:01,2026-10-07 07:58:50,0,59471.0,-59471.0,,Available,website maps this code to Available
1,d8cdd1b0-edaf-40e4-b612-5cdf7be8379d,2026-10-08T00:30:01.327+00:00,2026-10-08T00:30:01.504+00:00,21072-30059,dryers,20632123-a,716000000,2026-10-08 00:30:01,2026-10-08 00:04:40,0,1521.0,-1521.0,,Available,website maps this code to Available
1,d8cdd1b0-edaf-40e4-b612-5cdf7be8379d,2026-10-08T00:30:01.327+00:00,2026-10-08T00:30:01.504+00:00,21072-30059,dryers,20632098-a,616000040,2026-10-08 00:30:01,2026-10-07 04:11:00,0,73141.0,-73141.0,,Error,
1,398c3301-8b76-4354-a1a0-37612789f676,2026-10-08T00:31:01.262+00:00,2026-10-08T00:31:01.432+00:00,21072-30059,washers,20632118-b,716000000,2026-10-08 00:31:01,2026-10-07 20:53:09,0,13072.0,-13072.0,,Available,website maps this code to Available
1,398c3301-8b76-4354-a1a0-37612789f676,2026-10-08T00:31:01.262+00:00,2026-10-08T00:31:01.432+00:00,21072-30059,washers,20632035-b,716000000,2026-10-08 00:31:01,2026-10-07 04:03:57,0,73624.0,-73624.0,,Available,website maps this code to Available
1,398c3301-8b76-4354-a1a0-37612789f676,2026-10-08T00:31:01.262+00:00,2026-10-08T00:31:01.432+00:00,21072-30059,washers,20632102-b,716000000,2026-10-08 00:31:01,2026-10-07 23:34:21,0,3400.0,-3400.0,,Available,website maps this code to Available
1,398c3301-8b76-4354-a1a0-37612789f676,2026-10-08T00:31:01.262+00:00,2026-10-08T00:31:01.432+00:00,21072-30059,washers,20632060-b,716000000,2026-10-08 00:31:01,2026-10-07 23:19:28,0,4293.0,-4293.0,,Available,website maps this code to Available
1,398c3301-8b76-4354-a1a0-37612789f676,2026-10-08T00:31:01.262+00:00,2026-10-08T00:31:01.432+00:00,21072-30059,washers,20632117-b,716000000,2026-10-08 00:31:01,2026-10-07 23:18:55,0,4326.0,-4326.0,,Available,website maps this code to Available
1,398c3301-8b76-4354-a1a0-37612789f676,2026-10-08T00:31:01.262+00:00,2026-10-08T00:31:01.432+00:00,21072-30059,washers,20632037-b,716000000,2026-10-08 00:31:01,2026-10-07 20:32:19,0,14322.0,-14322.0,,Available,website maps this code to Available
1,398c3301-8b76-4354-a1a0-37612789f676,2026-10-08T00:31:01.262+00:00,2026-10-08T00:31:01.432+00:00,21072-30059,washers,20632092-b,716000000,2026-10-08 00:31:01,2026-10-07 20:33:56,0,14225.0,-14225.0,,Available,website maps this code to Available
1,398c3301-8b76-4354-a1a0-37612789f676,2026-10-08T00:31:01.262+00:00,2026-10-08T00:31:01.432+00:00,21072-30059,washers,20632128-b,716000000,2026-10-08 00:31:01,2026-10-07 20:35:15,0,14146.0,-14146.0,,Available,website maps this code to Available
1,398c3301-8b76-4354-a1a0-37612789f676,2026-10-08T00:31:01.262+00:00,2026-10-08T00:31:01.432+00:00,21072-30059,washers,20632044-b,716000000,2026-10-08 00:31:01,2026-10-07 06:53:39,0,63442.0,-63442.0,,Available,website maps this code to Available
1,398c3301-8b76-4354-a1a0-37612789f676,2026-10-08T00:31:01.262+00:00,2026-10-08T00:31:01.432+00:00,21072-30059,washers,20632094-b,716000000,2026-10-08 00:31:01,2026-10-07 06:07:39,0,66202.0,-66202.0,,Available,website maps this code to Available
1,398c3301-8b76-4354-a1a0-37612789f676,2026-10-08T00:31:01.262+00:00,2026-10-08T00:31:01.432+00:00,21072-30059,washers,20632123-b,516000000,2026-10-08 00:31:01,2026-10-08 00:04:42,0,1579.0,-1579.0,,Finished,
1,398c3301-8b76-4354-a1a0-37612789f676,2026-10-08T00:31:01.262+00:00,2026-10-08T00:31:01.432+00:00,21072-30059,washers,20632098-b,616000040,2026-10-08 00:31:01,2026-10-07 04:12:05,0,73136.0,-73136.0,,Error,
1,398c3301-8b76-4354-a1a0-37612789f676,2026-10-08T00:31:01.262+00:00,2026-10-08T00:31:01.432+00:00,21072-30059,dryers,20632096-a,716000000,2026-10-08 00:31:01,2026-10-07 01:07:52,0,84189.0,-84189.0,,Available,website maps this code to Available
1,398c3301-8b76-4354-a1a0-37612789f676,2026-10-08T00:31:01.262+00:00,2026-10-08T00:31:01.432+00:00,21072-30059,dryers,20632096-b,716000000,2026-10-08 00:31:01,2026-10-07 21:41:35,0,10166.0,-10166.0,,Available,website maps this code to Available
1,398c3301-8b76-4354-a1a0-37612789f676,2026-10-08T00:31:01.262+00:00,2026-10-08T00:31:01.432+00:00,21072-30059,dryers,20632118-a,716000000,2026-10-08 00:31:01,2026-10-07 18:39:43,0,21078.0,-21078.0,,Available,website maps this code to Available
1,398c3301-8b76-4354-a1a0-37612789f676,2026-10-08T00:31:01.262+00:00,2026-10-08T00:31:01.432+00:00,21072-30059,dryers,20632035-a,716000000,2026-10-08 00:31:01,2026-10-07 02:49:50,0,78071.0,-78071.0,,Available,website maps this code to Available
1,398c3301-8b76-4354-a1a0-37612789f676,2026-10-08T00:31:01.262+00:00,2026-10-08T00:31:01.432+00:00,21072-30059,dryers,20632102-a,716000000,2026-10-08 00:31:01,2026-10-07 20:29:21,0,14500.0,-14500.0,,Available,website maps this code to Available
1,398c3301-8b76-4354-a1a0-37612789f676,2026-10-08T00:31:01.262+00:00,2026-10-08T00:31:01.432+00:00,21072-30059,dryers,20632060-a,716000000,2026-10-08 00:31:01,2026-10-07 03:04:43,0,77178.0,-77178.0,,Available,website maps this code to Available
1,398c3301-8b76-4354-a1a0-37612789f676,2026-10-08T00:31:01.262+00:00,2026-10-08T00:31:01.432+00:00,21072-30059,dryers,20632117-a,416000000,2026-10-08 00:31:01,2026-10-08 00:25:44,10,317.0,283.0,5,Running,
1,398c3301-8b76-4354-a1a0-37612789f676,2026-10-08T00:31:01.262+00:00,2026-10-08T00:31:01.432+00:00,21072-30059,dryers,20632037-a,716000000,2026-10-08 00:31:01,2026-10-07 22:05:01,0,8760.0,-8760.0,,Available,website maps this code to Available
1,398c3301-8b76-4354-a1a0-37612789f676,2026-10-08T00:31:01.262+00:00,2026-10-08T00:31:01.432+00:00,21072-30059,dryers,20632092-a,716000000,2026-10-08 00:31:01,2026-10-07 22:05:27,0,8734.0,-8734.0,,Available,website maps this code to Available
1,398c3301-8b76-4354-a1a0-37612789f676,2026-10-08T00:31:01.262+00:00,2026-10-08T00:31:01.432+00:00,21072-30059,dryers,20632128-a,716000000,2026-10-08 00:31:01,2026-10-07 22:06:02,0,8699.0,-8699.0,,Available,website maps this code to Available
1,398c3301-8b76-4354-a1a0-37612789f676,2026-10-08T00:31:01.262+00:00,2026-10-08T00:31:01.432+00:00,21072-30059,dryers,20632044-a,416000000,2026-10-08 00:31:01,2026-10-08 00:25:11,10,350.0,250.0,5,Running,
1,398c3301-8b76-4354-a1a0-37612789f676,2026-10-08T00:31:01.262+00:00,2026-10-08T00:31:01.432+00:00,21072-30059,dryers,20632094-a,716000000,2026-10-08 00:31:01,2026-10-07 07:58:50,0,59531.0,-59531.0,,Available,website maps this code to Available
1,398c3301-8b76-4354-a1a0-37612789f676,2026-10-08T00:31:01.262+00:00,2026-10-08T00:31:01.432+00:00,21072-30059,dryers,20632123-a,716000000,2026-10-08 00:31:01,2026-10-08 00:04:40,0,1581.0,-1581.0,,Available,website maps this code to Available
1,398c3301-8b76-4354-a1a0-37612789f676,2026-10-08T00:31:01.262+00:00,2026-10-08T00:31:01.432+00:00,21072-30059,dryers,20632098-a,616000040,2026-10-08 00:31:01,2026-10-07 04:11:00,0,73201.0,-73201.0,,Error,
1,63c22993-9a53-4c48-9bac-266614a6f99d,2026-10-08T00:32:01.248+00:00,2026-10-08T00:32:01.421+00:00,21072-30059,washers,20632118-b,716000000,2026-10-08 00:32:01,2026-10-07 20:53:09,0,13132.0,-13132.0,,Available,website maps this code to Available
1,63c22993-9a53-4c48-9bac-266614a6f99d,2026-10-08T00:32:01.248+00:00,2026-10-08T00:32:01.421+00:00,21072-30059,washers,20632035-b,716000000,2026-10-08 00:32:01,2026-10-07 04:03:57,0,73684.0,-73684.0,,Available,website maps this code to Available
1,63c22993-9a53-4c48-9bac-266614a6f99d,2026-10-08T00:32:01.248+00:00,2026-10-08T00:32:01.421+00:00,21072-30059,washers,20632102-b,716000000,2026-10-08 00:32:01,2026-10-07 23:34:21,0,3460.0,-3460.0,,Available,website maps this code to Available
1,63c22993-9a53-4c48-9bac-266614a6f99d,2026-10-08T00:32:01.248+00:00,2026-10-08T00:32:01.421+00:00,21072-30059,washers,20632060-b,716000000,2026-10-08 00:32:01,2026-10-07 23:19:28,0,4353.0,-4353.0,,Available,website maps this code to Available
1,63c22993-9a53-4c48-9bac-266614a6f99d,2026-10-08T00:32:01.248+00:00,2026-10-08T00:32:01.421+00:00,21072-30059,washers,20632117-b,716000000,2026-10-08 00:32:01,2026-10-07 23:18:55,0,4386.0,-4386.0,,Available,website maps this code to Available
1,63c22993-9a53-4c48-9bac-266614a6f99d,2026-10-08T00:32:01.248+00:00,2026-10-08T00:32:01.421+00:00,21072-30059,washers,20632037-b,716000000,2026-10-08 00:32:01,2026-10-07 20:32:19,0,14382.0,-14382.0,,Available,website maps this code to Available
1,63c22993-9a53-4c48-9bac-266614a6f99d,2026-10-08T00:32:01.248+00:00,2026-10-08T00:32:01.421+00:00,21072-30059,washers,20632092-b,716000000,2026-10-08 00:32:01,2026-10-07 20:33:56,0,14285.0,-14285.0,,Available,website maps this code to Available
1,63c22993-9a53-4c48-9bac-266614a6f99d,2026-10-08T00:32:01.248+00:00,2026-10-08T00:32:01.421+00:00,21072-30059,washers,20632128-b,716000000,2026-10-08 00:32:01,2026-10-07 20:35:15,0,14206.0,-14206.0,,Available,website maps this code to Available
1,63c22993-9a53-4c48-9bac-266614a6f99d,2026-10-08T00:32:01.248+00:00,2026-10-08T00:32:01.421+00:00,21072-30059,washers,20632044-b,716000000,2026-10-08 00:32:01,2026-10-07 06:53:39,0,63502.0,-63502.0,,Available,website maps this code to Available
1,63c22993-9a53-4c48-9bac-266614a6f99d,2026-10-08T00:32:01.248+00:00,2026-10-08T00:32:01.421+00:00,21072-30059,washers,20632094-b,716000000,2026-10-08 00:32:01,2026-10-07 06:07:39,0,66262.0,-66262.0,,Available,website maps this code to Available
1,63c22993-9a53-4c48-9bac-266614a6f99d,2026-10-08T00:32:01.248+00:00,2026-10-08T00:32:01.421+00:00,21072-30059,washers,20632123-b,516000000,2026-10-08 00:32:01,2026-10-08 00:04:42,0,1639.0,-1639.0,,Finished,
1,63c22993-9a53-4c48-9bac-266614a6f99d,2026-10-08T00:32:01.248+00:00,2026-10-08T00:32:01.421+00:00,21072-30059,washers,20632098-b,616000040,2026-10-08 00:32:01,2026-10-07 04:12:05,0,73196.0,-73196.0,,Error,
1,63c22993-9a53-4c48-9bac-266614a6f99d,2026-10-08T00:32:01.248+00:00,2026-10-08T00:32:01.421+00:00,21072-30059,dryers,20632096-a,716000000,2026-10-08 00:32:01,2026-10-07 01:07:52,0,84249.0,-84249.0,,Available,website maps this code to Available
1,63c22993-9a53-4c48-9bac-266614a6f99d,2026-10-08T00:32:01.248+00:00,2026-10-08T00:32:01.421+00:00,21072-30059,dryers,20632096-b,716000000,2026-10-08 00:32:01,2026-10-07 21:41:35,0,10226.0,-10226.0,,Available,website maps this code to Available
1,63c22993-9a53-4c48-9bac-266614a6f99d,2026-10-08T00:32:01.248+00:00,2026-10-08T00:32:01.421+00:00,21072-30059,dryers,20632118-a,716000000,2026-10-08 00:32:01,2026-10-07 18:39:43,0,21138.0,-21138.0,,Available,website maps this code to Available
1,63c22993-9a53-4c48-9bac-266614a6f99d,2026-10-08T00:32:01.248+00:00,2026-10-08T00:32:01.421+00:00,21072-30059,dryers,20632035-a,716000000,2026-10-08 00:32:01,2026-10-07 02:49:50,0,78131.0,-78131.0,,Available,website maps this code to Available
1,63c22993-9a53-4c48-9bac-266614a6f99d,2026-10-08T00:32:01.248+00:00,2026-10-08T00:32:01.421+00:00,21072-30059,dryers,20632102-a,716000000,2026-10-08 00:32:01,2026-10-07 20:29:21,0,14560.0,-14560.0,,Available,website maps this code to Available
1,63c22993-9a53-4c48-9bac-266614a6f99d,2026-10-08T00:32:01.248+00:00,2026-10-08T00:32:01.421+00:00,21072-30059,dryers,20632060-a,716000000,2026-10-08 00:32:01,2026-10-07 03:04:43,0,77238.0,-77238.0,,Available,website maps this code to Available
1,63c22993-9a53-4c48-9bac-266614a6f99d,2026-10-08T00:32:01.248+00:00,2026-10-08T00:32:01.421+00:00,21072-30059,dryers,20632117-a,416000000,2026-10-08 00:32:01,2026-10-08 00:25:44,10,377.0,223.0,4,Running,
1,63c22993-9a53-4c48-9bac-266614a6f99d,2026-10-08T00:32:01.248+00:00,2026-10-08T00:32:01.421+00:00,21072-30059,dryers,20632037-a,716000000,2026-10-08 00:32:01,2026-10-07 22:05:01,0,8820.0,-8820.0,,Available,website maps this code to Available
1,63c22993-9a53-4c48-9bac-266614a6f99d,2026-10-08T00:32:01.248+00:00,2026-10-08T00:32:01.421+00:00,21072-30059,dryers,20632092-a,716000000,2026-10-08 00:32:01,2026-10-07 22:05:27,0,8794.0,-8794.0,,Available,website maps this code to Available
1,63c22993-9a53-4c48-9bac-266614a6f99d,2026-10-08T00:32:01.248+00:00,2026-10-08T00:32:01.421+00:00,21072-30059,dryers,20632128-a,716000000,2026-10-08 00:32:01,2026-10-07 22:06:02,0,8759.0,-8759.0,,Available,website maps this code to Available
1,63c22993-9a53-4c48-9bac-266614a6f99d,2026-10-08T00:32:01.248+00:00,2026-10-08T00:32:01.421+00:00,21072-30059,dryers,20632044-a,416000000,2026-10-08 00:32:01,2026-10-08 00:25:11,10,410.0,190.0,4,Running,
1,63c22993-9a53-4c48-9bac-266614a6f99d,2026-10-08T00:32:01.248+00:00,2026-10-08T00:32:01.421+00:00,21072-30059,dryers,20632094-a,716000000,2026-10-08 00:32:01,2026-10-07 07:58:50,0,59591.0,-59591.0,,Available,website maps this code to Available
1,63c22993-9a53-4c48-9bac-266614a6f99d,2026-10-08T00:32:01.248+00:00,2026-10-08T00:32:01.421+00:00,21072-30059,dryers,20632123-a,716000000,2026-10-08 00:32:01,2026-10-08 00:04:40,0,1641.0,-1641.0,,Available,website maps this code to Available
1,63c22993-9a53-4c48-9bac-266614a6f99d,2026-10-08T00:32:01.248+00:00,2026-10-08T00:32:01.421+00:00,21072-30059,dryers,20632098-a,616000040,2026-10-08 00:32:01,2026-10-07 04:11:00,0,73261.0,-73261.0,,Error,
1,ee8f77ea-e472-4b42-bbe3-2d332fa4f3ae,2026-10-08T00:33:01.271+00:00,2026-10-08T00:33:01.466+00:00,21072-30059,washers,20632118-b,716000000,2026-10-08 00:33:01,2026-10-07 20:53:09,0,13192.0,-13192.0,,Available,website maps this code to Available
1,ee8f77ea-e472-4b42-bbe3-2d332fa4f3ae,2026-10-08T00:33:01.271+00:00,2026-10-08T00:33:01.466+00:00,21072-30059,washers,20632035-b,716000000,2026-10-08 00:33:01,2026-10-07 04:03:57,0,73744.0,-73744.0,,Available,website maps this code to Available
1,ee8f77ea-e472-4b42-bbe3-2d332fa4f3ae,2026-10-08T00:33:01.271+00:00,2026-10-08T00:33:01.466+00:00,21072-30059,washers,20632102-b,716000000,2026-10-08 00:33:01,2026-10-07 23:34:21,0,3520.0,-3520.0,,Available,website maps this code to Available
1,ee8f77ea-e472-4b42-bbe3-2d332fa4f3ae,2026-10-08T00:33:01.271+00:00,2026-10-08T00:33:01.466+00:00,21072-30059,washers,20632060-b,716000000,2026-10-08 00:33:01,2026-10-07 23:19:28,0,4413.0,-4413.0,,Available,website maps this code to Available
1,ee8f77ea-e472-4b42-bbe3-2d332fa4f3ae,2026-10-08T00:33:01.271+00:00,2026-10-08T00:33:01.466+00:00,21072-30059,washers,20632117-b,716000000,2026-10-08 00:33:01,2026-10-07 23:18:55,0,4446.0,-4446.0,,Available,website maps this code to Available
1,ee8f77ea-e472-4b42-bbe3-2d332fa4f3ae,2026-10-08T00:33:01.271+00:00,2026-10-08T00:33:01.466+00:00,21072-30059,washers,20632037-b,716000000,2026-10-08 00:33:01,2026-10-07 20:32:19,0,14442.0,-14442.0,,Available,website maps this code to Available
1,ee8f77ea-e472-4b42-bbe3-2d332fa4f3ae,2026-10-08T00:33:01.271+00:00,2026-10-08T00:33:01.466+00:00,21072-30059,washers,20632092-b,716000000,2026-10-08 00:33:01,2026-10-07 20:33:56,0,14345.0,-14345.0,,Available,website maps this code to Available
1,ee8f77ea-e472-4b42-bbe3-2d332fa4f3ae,2026-10-08T00:33:01.271+00:00,2026-10-08T00:33:01.466+00:00,21072-30059,washers,20632128-b,716000000,2026-10-08 00:33:01,2026-10-07 20:35:15,0,14266.0,-14266.0,,Available,website maps this code to Available
1,ee8f77ea-e472-4b42-bbe3-2d332fa4f3ae,2026-10-08T00:33:01.271+00:00,2026-10-08T00:33:01.466+00:00,21072-30059,washers,20632044-b,716000000,2026-10-08 00:33:01,2026-10-07 06:53:39,0,63562.0,-63562.0,,Available,website maps this code to Available
1,ee8f77ea-e472-4b42-bbe3-2d332fa4f3ae,2026-10-08T00:33:01.271+00:00,2026-10-08T00:33:01.466+00:00,21072-30059,washers,20632094-b,716000000,2026-10-08 00:33:01,2026-10-07 06:07:39,0,66322.0,-66322.0,,Available,website maps this code to Available
1,ee8f77ea-e472-4b42-bbe3-2d332fa4f3ae,2026-10-08T00:33:01.271+00:00,2026-10-08T00:33:01.466+00:00,21072-30059,washers,20632123-b,516000000,2026-10-08 00:33:01,2026-10-08 00:04:42,0,1699.0,-1699.0,,Finished,
1,ee8f77ea-e472-4b42-bbe3-2d332fa4f3ae,2026-10-08T00:33:01.271+00:00,2026-10-08T00:33:01.466+00:00,21072-30059,washers,20632098-b,616000040,2026-10-08 00:33:01,2026-10-07 04:12:05,0,73256.0,-73256.0,,Error,
1,ee8f77ea-e472-4b42-bbe3-2d332fa4f3ae,2026-10-08T00:33:01.271+00:00,2026-10-08T00:33:01.466+00:00,21072-30059,dryers,20632096-a,716000000,2026-10-08 00:33:01,2026-10-07 01:07:52,0,84309.0,-84309.0,,Available,website maps this code to Available
1,ee8f77ea-e472-4b42-bbe3-2d332fa4f3ae,2026-10-08T00:33:01.271+00:00,2026-10-08T00:33:01.466+00:00,21072-30059,dryers,20632096-b,716000000,2026-10-08 00:33:01,2026-10-07 21:41:35,0,10286.0,-10286.0,,Available,website maps this code to Available
1,ee8f77ea-e472-4b42-bbe3-2d332fa4f3ae,2026-10-08T00:33:01.271+00:00,2026-10-08T00:33:01.466+00:00,21072-30059,dryers,20632118-a,716000000,2026-10-08 00:33:01,2026-10-07 18:39:43,0,21198.0,-21198.0,,Available,website maps this code to Available
1,ee8f77ea-e472-4b42-bbe3-2d332fa4f3ae,2026-10-08T00:33:01.271+00:00,2026-10-08T00:33:01.466+00:00,21072-30059,dryers,20632035-a,716000000,2026-10-08 00:33:01,2026-10-07 02:49:50,0,78191.0,-78191.0,,Available,website maps this code to Available
1,ee8f77ea-e472-4b42-bbe3-2d332fa4f3ae,2026-10-08T00:33:01.271+00:00,2026-10-08T00:33:01.466+00:00,21072-30059,dryers,20632102-a,716000000,2026-10-08 00:33:01,2026-10-07 20:29:21,0,14620.0,-14620.0,,Available,website maps this code to Available
1,ee8f77ea-e472-4b42-bbe3-2d332fa4f3ae,2026-10-08T00:33:01.271+00:00,2026-10-08T00:33:01.466+00:00,21072-30059,dryers,20632060-a,716000000,2026-10-08 00:33:01,2026-10-07 03:04:43,0,77298.0,-77298.0,,Available,website maps this code to Available
1,ee8f77ea-e472-4b42-bbe3-2d332fa4f3ae,2026-10-08T00:33:01.271+00:00,2026-10-08T00:33:01.466+00:00,21072-30059,dryers,20632117-a,416000000,2026-10-08 00:33:01,2026-10-08 00:25:44,10,437.0,163.0,3,Running,
1,ee8f77ea-e472-4b42-bbe3-2d332fa4f3ae,2026-10-08T00:33:01.271+00:00,2026-10-08T00:33:01.466+00:00,21072-30059,dryers,20632037-a,416000000,2026-10-08 00:33:01,2026-10-08 00:32:50,45,11.0,2689.0,45,Running,
1,ee8f77ea-e472-4b42-bbe3-2d332fa4f3ae,2026-10-08T00:33:01.271+00:00,2026-10-08T00:33:01.466+00:00,21072-30059,dryers,20632092-a,716000000,2026-10-08 00:33:01,2026-10-07 22:05:27,0,8854.0,-8854.0,,Available,website maps this code to Available
1,ee8f77ea-e472-4b42-bbe3-2d332fa4f3ae,2026-10-08T00:33:01.271+00:00,2026-10-08T00:33:01.466+00:00,21072-30059,dryers,20632128-a,716000000,2026-10-08 00:33:01,2026-10-07 22:06:02,0,8819.0,-8819.0,,Available,website maps this code to Available
1,ee8f77ea-e472-4b42-bbe3-2d332fa4f3ae,2026-10-08T00:33:01.271+00:00,2026-10-08T00:33:01.466+00:00,21072-30059,dryers,20632044-a,416000000,2026-10-08 00:33:01,2026-10-08 00:25:11,10,470.0,130.0,3,Running,
1,ee8f77ea-e472-4b42-bbe3-2d332fa4f3ae,2026-10-08T00:33:01.271+00:00,2026-10-08T00:33:01.466+00:00,21072-30059,dryers,20632094-a,716000000,2026-10-08 00:33:01,2026-10-07 07:58:50,0,59651.0,-59651.0,,Available,website maps this code to Available
1,ee8f77ea-e472-4b42-bbe3-2d332fa4f3ae,2026-10-08T00:33:01.271+00:00,2026-10-08T00:33:01.466+00:00,21072-30059,dryers,20632123-a,716000000,2026-10-08 00:33:01,2026-10-08 00:04:40,0,1701.0,-1701.0,,Available,website maps this code to Available
1,ee8f77ea-e472-4b42-bbe3-2d332fa4f3ae,2026-10-08T00:33:01.271+00:00,2026-10-08T00:33:01.466+00:00,21072-30059,dryers,20632098-a,616000040,2026-10-08 00:33:01,2026-10-07 04:11:00,0,73321.0,-73321.0,,Error,
1,38b8c94c-e323-4ba1-91c6-46299fb591bf,2026-10-08T00:34:01.283+00:00,2026-10-08T00:34:01.451+00:00,21072-30059,washers,20632118-b,716000000,2026-10-08 00:34:01,2026-10-07 20:53:09,0,13252.0,-13252.0,,Available,website maps this code to Available
1,38b8c94c-e323-4ba1-91c6-46299fb591bf,2026-10-08T00:34:01.283+00:00,2026-10-08T00:34:01.451+00:00,21072-30059,washers,20632035-b,716000000,2026-10-08 00:34:01,2026-10-07 04:03:57,0,73804.0,-73804.0,,Available,website maps this code to Available
1,38b8c94c-e323-4ba1-91c6-46299fb591bf,2026-10-08T00:34:01.283+00:00,2026-10-08T00:34:01.451+00:00,21072-30059,washers,20632102-b,716000000,2026-10-08 00:34:01,2026-10-07 23:34:21,0,3580.0,-3580.0,,Available,website maps this code to Available
1,38b8c94c-e323-4ba1-91c6-46299fb591bf,2026-10-08T00:34:01.283+00:00,2026-10-08T00:34:01.451+00:00,21072-30059,washers,20632060-b,716000000,2026-10-08 00:34:01,2026-10-07 23:19:28,0,4473.0,-4473.0,,Available,website maps this code to Available
1,38b8c94c-e323-4ba1-91c6-46299fb591bf,2026-10-08T00:34:01.283+00:00,2026-10-08T00:34:01.451+00:00,21072-30059,washers,20632117-b,716000000,2026-10-08 00:34:01,2026-10-07 23:18:55,0,4506.0,-4506.0,,Available,website maps this code to Available
1,38b8c94c-e323-4ba1-91c6-46299fb591bf,2026-10-08T00:34:01.283+00:00,2026-10-08T00:34:01.451+00:00,21072-30059,washers,20632037-b,716000000,2026-10-08 00:34:01,2026-10-07 20:32:19,0,14502.0,-14502.0,,Available,website maps this code to Available
1,38b8c94c-e323-4ba1-91c6-46299fb591bf,2026-10-08T00:34:01.283+00:00,2026-10-08T00:34:01.451+00:00,21072-30059,washers,20632092-b,716000000,2026-10-08 00:34:01,2026-10-07 20:33:56,0,14405.0,-14405.0,,Available,website maps this code to Available
1,38b8c94c-e323-4ba1-91c6-46299fb591bf,2026-10-08T00:34:01.283+00:00,2026-10-08T00:34:01.451+00:00,21072-30059,washers,20632128-b,716000000,2026-10-08 00:34:01,2026-10-07 20:35:15,0,14326.0,-14326.0,,Available,website maps this code to Available
1,38b8c94c-e323-4ba1-91c6-46299fb591bf,2026-10-08T00:34:01.283+00:00,2026-10-08T00:34:01.451+00:00,21072-30059,washers,20632044-b,716000000,2026-10-08 00:34:01,2026-10-07 06:53:39,0,63622.0,-63622.0,,Available,website maps this code to Available
1,38b8c94c-e323-4ba1-91c6-46299fb591bf,2026-10-08T00:34:01.283+00:00,2026-10-08T00:34:01.451+00:00,21072-30059,washers,20632094-b,716000000,2026-10-08 00:34:01,2026-10-07 06:07:39,0,66382.0,-66382.0,,Available,website maps this code to Available
1,38b8c94c-e323-4ba1-91c6-46299fb591bf,2026-10-08T00:34:01.283+00:00,2026-10-08T00:34:01.451+00:00,21072-30059,washers,20632123-b,516000000,2026-10-08 00:34:01,2026-10-08 00:04:42,0,1759.0,-1759.0,,Finished,
1,38b8c94c-e323-4ba1-91c6-46299fb591bf,2026-10-08T00:34:01.283+00:00,2026-10-08T00:34:01.451+00:00,21072-30059,washers,20632098-b,616000040,2026-10-08 00:34:01,2026-10-07 04:12:05,0,73316.0,-73316.0,,Error,
1,38b8c94c-e323-4ba1-91c6-46299fb591bf,2026-10-08T00:34:01.283+00:00,2026-10-08T00:34:01.451+00:00,21072-30059,dryers,20632096-a,716000000,2026-10-08 00:34:01,2026-10-07 01:07:52,0,84369.0,-84369.0,,Available,website maps this code to Available
1,38b8c94c-e323-4ba1-91c6-46299fb591bf,2026-10-08T00:34:01.283+00:00,2026-10-08T00:34:01.451+00:00,21072-30059,dryers,20632096-b,716000000,2026-10-08 00:34:01,2026-10-07 21:41:35,0,10346.0,-10346.0,,Available,website maps this code to Available
1,38b8c94c-e323-4ba1-91c6-46299fb591bf,2026-10-08T00:34:01.283+00:00,2026-10-08T00:34:01.451+00:00,21072-30059,dryers,20632118-a,716000000,2026-10-08 00:34:01,2026-10-07 18:39:43,0,21258.0,-21258.0,,Available,website maps this code to Available
1,38b8c94c-e323-4ba1-91c6-46299fb591bf,2026-10-08T00:34:01.283+00:00,2026-10-08T00:34:01.451+00:00,21072-30059,dryers,20632035-a,716000000,2026-10-08 00:34:01,2026-10-07 02:49:50,0,78251.0,-78251.0,,Available,website maps this code to Available
1,38b8c94c-e323-4ba1-91c6-46299fb591bf,2026-10-08T00:34:01.283+00:00,2026-10-08T00:34:01.451+00:00,21072-30059,dryers,20632102-a,416000000,2026-10-08 00:34:01,2026-10-08 00:33:37,45,24.0,2676.0,45,Running,
1,38b8c94c-e323-4ba1-91c6-46299fb591bf,2026-10-08T00:34:01.283+00:00,2026-10-08T00:34:01.451+00:00,21072-30059,dryers,20632060-a,716000000,2026-10-08 00:34:01,2026-10-07 03:04:43,0,77358.0,-77358.0,,Available,website maps this code to Available
1,38b8c94c-e323-4ba1-91c6-46299fb591bf,2026-10-08T00:34:01.283+00:00,2026-10-08T00:34:01.451+00:00,21072-30059,dryers,20632117-a,416000000,2026-10-08 00:34:01,2026-10-08 00:33:18,38,43.0,2237.0,38,Running,
1,38b8c94c-e323-4ba1-91c6-46299fb591bf,2026-10-08T00:34:01.283+00:00,2026-10-08T00:34:01.451+00:00,21072-30059,dryers,20632037-a,416000000,2026-10-08 00:34:01,2026-10-08 00:32:50,45,71.0,2629.0,44,Running,
1,38b8c94c-e323-4ba1-91c6-46299fb591bf,2026-10-08T00:34:01.283+00:00,2026-10-08T00:34:01.451+00:00,21072-30059,dryers,20632092-a,716000000,2026-10-08 00:34:01,2026-10-07 22:05:27,0,8914.0,-8914.0,,Available,website maps this code to Available
1,38b8c94c-e323-4ba1-91c6-46299fb591bf,2026-10-08T00:34:01.283+00:00,2026-10-08T00:34:01.451+00:00,21072-30059,dryers,20632128-a,716000000,2026-10-08 00:34:01,2026-10-07 22:06:02,0,8879.0,-8879.0,,Available,website maps this code to Available
1,38b8c94c-e323-4ba1-91c6-46299fb591bf,2026-10-08T00:34:01.283+00:00,2026-10-08T00:34:01.451+00:00,21072-30059,dryers,20632044-a,416000000,2026-10-08 00:34:01,2026-10-08 00:25:11,10,530.0,70.0,2,Running,
1,38b8c94c-e323-4ba1-91c6-46299fb591bf,2026-10-08T00:34:01.283+00:00,2026-10-08T00:34:01.451+00:00,21072-30059,dryers,20632094-a,716000000,2026-10-08 00:34:01,2026-10-07 07:58:50,0,59711.0,-59711.0,,Available,website maps this code to Available
1,38b8c94c-e323-4ba1-91c6-46299fb591bf,2026-10-08T00:34:01.283+00:00,2026-10-08T00:34:01.451+00:00,21072-30059,dryers,20632123-a,716000000,2026-10-08 00:34:01,2026-10-08 00:04:40,0,1761.0,-1761.0,,Available,website maps this code to Available
1,38b8c94c-e323-4ba1-91c6-46299fb591bf,2026-10-08T00:34:01.283+00:00,2026-10-08T00:34:01.451+00:00,21072-30059,dryers,20632098-a,616000040,2026-10-08 00:34:01,2026-10-07 04:11:00,0,73381.0,-73381.0,,Error,
1,55e30024-3949-4c64-826c-0e48c77bce76,2026-10-08T00:35:01.278+00:00,2026-10-08T00:35:01.446+00:00,21072-30059,washers,20632118-b,716000000,2026-10-08 00:35:01,2026-10-07 20:53:09,0,13312.0,-13312.0,,Available,website maps this code to Available
1,55e30024-3949-4c64-826c-0e48c77bce76,2026-10-08T00:35:01.278+00:00,2026-10-08T00:35:01.446+00:00,21072-30059,washers,20632035-b,716000000,2026-10-08 00:35:01,2026-10-07 04:03:57,0,73864.0,-73864.0,,Available,website maps this code to Available
1,55e30024-3949-4c64-826c-0e48c77bce76,2026-10-08T00:35:01.278+00:00,2026-10-08T00:35:01.446+00:00,21072-30059,washers,20632102-b,716000000,2026-10-08 00:35:01,2026-10-07 23:34:21,0,3640.0,-3640.0,,Available,website maps this code to Available
1,55e30024-3949-4c64-826c-0e48c77bce76,2026-10-08T00:35:01.278+00:00,2026-10-08T00:35:01.446+00:00,21072-30059,washers,20632060-b,716000000,2026-10-08 00:35:01,2026-10-07 23:19:28,0,4533.0,-4533.0,,Available,website maps this code to Available
1,55e30024-3949-4c64-826c-0e48c77bce76,2026-10-08T00:35:01.278+00:00,2026-10-08T00:35:01.446+00:00,21072-30059,washers,20632117-b,716000000,2026-10-08 00:35:01,2026-10-07 23:18:55,0,4566.0,-4566.0,,Available,website maps this code to Available
1,55e30024-3949-4c64-826c-0e48c77bce76,2026-10-08T00:35:01.278+00:00,2026-10-08T00:35:01.446+00:00,21072-30059,washers,20632037-b,716000000,2026-10-08 00:35:01,2026-10-07 20:32:19,0,14562.0,-14562.0,,Available,website maps this code to Available
1,55e30024-3949-4c64-826c-0e48c77bce76,2026-10-08T00:35:01.278+00:00,2026-10-08T00:35:01.446+00:00,21072-30059,washers,20632092-b,716000000,2026-10-08 00:35:01,2026-10-07 20:33:56,0,14465.0,-14465.0,,Available,website maps this code to Available
1,55e30024-3949-4c64-826c-0e48c77bce76,2026-10-08T00:35:01.278+00:00,2026-10-08T00:35:01.446+00:00,21072-30059,washers,20632128-b,716000000,2026-10-08 00:35:01,2026-10-07 20:35:15,0,14386.0,-14386.0,,Available,website maps this code to Available
1,55e30024-3949-4c64-826c-0e48c77bce76,2026-10-08T00:35:01.278+00:00,2026-10-08T00:35:01.446+00:00,21072-30059,washers,20632044-b,716000000,2026-10-08 00:35:01,2026-10-07 06:53:39,0,63682.0,-63682.0,,Available,website maps this code to Available
1,55e30024-3949-4c64-826c-0e48c77bce76,2026-10-08T00:35:01.278+00:00,2026-10-08T00:35:01.446+00:00,21072-30059,washers,20632094-b,716000000,2026-10-08 00:35:01,2026-10-07 06:07:39,0,66442.0,-66442.0,,Available,website maps this code to Available
1,55e30024-3949-4c64-826c-0e48c77bce76,2026-10-08T00:35:01.278+00:00,2026-10-08T00:35:01.446+00:00,21072-30059,washers,20632123-b,516000000,2026-10-08 00:35:01,2026-10-08 00:04:42,0,1819.0,-1819.0,,Finished,
1,55e30024-3949-4c64-826c-0e48c77bce76,2026-10-08T00:35:01.278+00:00,2026-10-08T00:35:01.446+00:00,21072-30059,washers,20632098-b,616000040,2026-10-08 00:35:01,2026-10-07 04:12:05,0,73376.0,-73376.0,,Error,
1,55e30024-3949-4c64-826c-0e48c77bce76,2026-10-08T00:35:01.278+00:00,2026-10-08T00:35:01.446+00:00,21072-30059,dryers,20632096-a,716000000,2026-10-08 00:35:01,2026-10-07 01:07:52,0,84429.0,-84429.0,,Available,website maps this code to Available
1,55e30024-3949-4c64-826c-0e48c77bce76,2026-10-08T00:35:01.278+00:00,2026-10-08T00:35:01.446+00:00,21072-30059,dryers,20632096-b,716000000,2026-10-08 00:35:01,2026-10-07 21:41:35,0,10406.0,-10406.0,,Available,website maps this code to Available
1,55e30024-3949-4c64-826c-0e48c77bce76,2026-10-08T00:35:01.278+00:00,2026-10-08T00:35:01.446+00:00,21072-30059,dryers,20632118-a,716000000,2026-10-08 00:35:01,2026-10-07 18:39:43,0,21318.0,-21318.0,,Available,website maps this code to Available
1,55e30024-3949-4c64-826c-0e48c77bce76,2026-10-08T00:35:01.278+00:00,2026-10-08T00:35:01.446+00:00,21072-30059,dryers,20632035-a,716000000,2026-10-08 00:35:01,2026-10-07 02:49:50,0,78311.0,-78311.0,,Available,website maps this code to Available
1,55e30024-3949-4c64-826c-0e48c77bce76,2026-10-08T00:35:01.278+00:00,2026-10-08T00:35:01.446+00:00,21072-30059,dryers,20632102-a,416000000,2026-10-08 00:35:01,2026-10-08 00:33:37,45,84.0,2616.0,44,Running,
1,55e30024-3949-4c64-826c-0e48c77bce76,2026-10-08T00:35:01.278+00:00,2026-10-08T00:35:01.446+00:00,21072-30059,dryers,20632060-a,716000000,2026-10-08 00:35:01,2026-10-07 03:04:43,0,77418.0,-77418.0,,Available,website maps this code to Available
1,55e30024-3949-4c64-826c-0e48c77bce76,2026-10-08T00:35:01.278+00:00,2026-10-08T00:35:01.446+00:00,21072-30059,dryers,20632117-a,416000000,2026-10-08 00:35:01,2026-10-08 00:33:18,38,103.0,2177.0,37,Running,
1,55e30024-3949-4c64-826c-0e48c77bce76,2026-10-08T00:35:01.278+00:00,2026-10-08T00:35:01.446+00:00,21072-30059,dryers,20632037-a,416000000,2026-10-08 00:35:01,2026-10-08 00:32:50,45,131.0,2569.0,43,Running,
1,55e30024-3949-4c64-826c-0e48c77bce76,2026-10-08T00:35:01.278+00:00,2026-10-08T00:35:01.446+00:00,21072-30059,dryers,20632092-a,716000000,2026-10-08 00:35:01,2026-10-07 22:05:27,0,8974.0,-8974.0,,Available,website maps this code to Available
1,55e30024-3949-4c64-826c-0e48c77bce76,2026-10-08T00:35:01.278+00:00,2026-10-08T00:35:01.446+00:00,21072-30059,dryers,20632128-a,716000000,2026-10-08 00:35:01,2026-10-07 22:06:02,0,8939.0,-8939.0,,Available,website maps this code to Available
1,55e30024-3949-4c64-826c-0e48c77bce76,2026-10-08T00:35:01.278+00:00,2026-10-08T00:35:01.446+00:00,21072-30059,dryers,20632044-a,416000000,2026-10-08 00:35:01,2026-10-08 00:25:11,10,590.0,10.0,1,Running,
1,55e30024-3949-4c64-826c-0e48c77bce76,2026-10-08T00:35:01.278+00:00,2026-10-08T00:35:01.446+00:00,21072-30059,dryers,20632094-a,716000000,2026-10-08 00:35:01,2026-10-07 07:58:50,0,59771.0,-59771.0,,Available,website maps this code to Available
1,55e30024-3949-4c64-826c-0e48c77bce76,2026-10-08T00:35:01.278+00:00,2026-10-08T00:35:01.446+00:00,21072-30059,dryers,20632123-a,716000000,2026-10-08 00:35:01,2026-10-08 00:04:40,0,1821.0,-1821.0,,Available,website maps this code to Available
1,55e30024-3949-4c64-826c-0e48c77bce76,2026-10-08T00:35:01.278+00:00,2026-10-08T00:35:01.446+00:00,21072-30059,dryers,20632098-a,616000040,2026-10-08 00:35:01,2026-10-07 04:11:00,0,73441.0,-73441.0,,Error,
1,736d7422-e3c2-48cc-8565-c6e8e9e82e9d,2026-10-08T00:36:01.330+00:00,2026-10-08T00:36:01.495+00:00,21072-30059,washers,20632118-b,716000000,2026-10-08 00:36:01,2026-10-07 20:53:09,0,13372.0,-13372.0,,Available,website maps this code to Available
1,736d7422-e3c2-48cc-8565-c6e8e9e82e9d,2026-10-08T00:36:01.330+00:00,2026-10-08T00:36:01.495+00:00,21072-30059,washers,20632035-b,716000000,2026-10-08 00:36:01,2026-10-07 04:03:57,0,73924.0,-73924.0,,Available,website maps this code to Available
1,736d7422-e3c2-48cc-8565-c6e8e9e82e9d,2026-10-08T00:36:01.330+00:00,2026-10-08T00:36:01.495+00:00,21072-30059,washers,20632102-b,716000000,2026-10-08 00:36:01,2026-10-07 23:34:21,0,3700.0,-3700.0,,Available,website maps this code to Available
1,736d7422-e3c2-48cc-8565-c6e8e9e82e9d,2026-10-08T00:36:01.330+00:00,2026-10-08T00:36:01.495+00:00,21072-30059,washers,20632060-b,716000000,2026-10-08 00:36:01,2026-10-07 23:19:28,0,4593.0,-4593.0,,Available,website maps this code to Available
1,736d7422-e3c2-48cc-8565-c6e8e9e82e9d,2026-10-08T00:36:01.330+00:00,2026-10-08T00:36:01.495+00:00,21072-30059,washers,20632117-b,716000000,2026-10-08 00:36:01,2026-10-07 23:18:55,0,4626.0,-4626.0,,Available,website maps this code to Available
1,736d7422-e3c2-48cc-8565-c6e8e9e82e9d,2026-10-08T00:36:01.330+00:00,2026-10-08T00:36:01.495+00:00,21072-30059,washers,20632037-b,716000000,2026-10-08 00:36:01,2026-10-07 20:32:19,0,14622.0,-14622.0,,Available,website maps this code to Available
1,736d7422-e3c2-48cc-8565-c6e8e9e82e9d,2026-10-08T00:36:01.330+00:00,2026-10-08T00:36:01.495+00:00,21072-30059,washers,20632092-b,716000000,2026-10-08 00:36:01,2026-10-07 20:33:56,0,14525.0,-14525.0,,Available,website maps this code to Available
1,736d7422-e3c2-48cc-8565-c6e8e9e82e9d,2026-10-08T00:36:01.330+00:00,2026-10-08T00:36:01.495+00:00,21072-30059,washers,20632128-b,716000000,2026-10-08 00:36:01,2026-10-07 20:35:15,0,14446.0,-14446.0,,Available,website maps this code to Available
1,736d7422-e3c2-48cc-8565-c6e8e9e82e9d,2026-10-08T00:36:01.330+00:00,2026-10-08T00:36:01.495+00:00,21072-30059,washers,20632044-b,716000000,2026-10-08 00:36:01,2026-10-07 06:53:39,0,63742.0,-63742.0,,Available,website maps this code to Available
1,736d7422-e3c2-48cc-8565-c6e8e9e82e9d,2026-10-08T00:36:01.330+00:00,2026-10-08T00:36:01.495+00:00,21072-30059,washers,20632094-b,716000000,2026-10-08 00:36:01,2026-10-07 06:07:39,0,66502.0,-66502.0,,Available,website maps this code to Available
1,736d7422-e3c2-48cc-8565-c6e8e9e82e9d,2026-10-08T00:36:01.330+00:00,2026-10-08T00:36:01.495+00:00,21072-30059,washers,20632123-b,516000000,2026-10-08 00:36:01,2026-10-08 00:04:42,0,1879.0,-1879.0,,Finished,
1,736d7422-e3c2-48cc-8565-c6e8e9e82e9d,2026-10-08T00:36:01.330+00:00,2026-10-08T00:36:01.495+00:00,21072-30059,washers,20632098-b,616000040,2026-10-08 00:36:01,2026-10-07 04:12:05,0,73436.0,-73436.0,,Error,
1,736d7422-e3c2-48cc-8565-c6e8e9e82e9d,2026-10-08T00:36:01.330+00:00,2026-10-08T00:36:01.495+00:00,21072-30059,dryers,20632096-a,716000000,2026-10-08 00:36:01,2026-10-07 01:07:52,0,84489.0,-84489.0,,Available,website maps this code to Available
1,736d7422-e3c2-48cc-8565-c6e8e9e82e9d,2026-10-08T00:36:01.330+00:00,2026-10-08T00:36:01.495+00:00,21072-30059,dryers,20632096-b,716000000,2026-10-08 00:36:01,2026-10-07 21:41:35,0,10466.0,-10466.0,,Available,website maps this code to Available
1,736d7422-e3c2-48cc-8565-c6e8e9e82e9d,2026-10-08T00:36:01.330+00:00,2026-10-08T00:36:01.495+00:00,21072-30059,dryers,20632118-a,716000000,2026-10-08 00:36:01,2026-10-07 18:39:43,0,21378.0,-21378.0,,Available,website maps this code to Available
1,736d7422-e3c2-48cc-8565-c6e8e9e82e9d,2026-10-08T00:36:01.330+00:00,2026-10-08T00:36:01.495+00:00,21072-30059,dryers,20632035-a,716000000,2026-10-08 00:36:01,2026-10-07 02:49:50,0,78371.0,-78371.0,,Available,website maps this code to Available
1,736d7422-e3c2-48cc-8565-c6e8e9e82e9d,2026-10-08T00:36:01.330+00:00,2026-10-08T00:36:01.495+00:00,21072-30059,dryers,20632102-a,416000000,2026-10-08 00:36:01,2026-10-08 00:33:37,45,144.0,2556.0,43,Running,
1,736d7422-e3c2-48cc-8565-c6e8e9e82e9d,2026-10-08T00:36:01.330+00:00,2026-10-08T00:36:01.495+00:00,21072-30059,dryers,20632060-a,716000000,2026-10-08 00:36:01,2026-10-07 03:04:43,0,77478.0,-77478.0,,Available,website maps this code to Available
1,736d7422-e3c2-48cc-8565-c6e8e9e82e9d,2026-10-08T00:36:01.330+00:00,2026-10-08T00:36:01.495+00:00,21072-30059,dryers,20632117-a,416000000,2026-10-08 00:36:01,2026-10-08 00:33:18,38,163.0,2117.0,36,Running,
1,736d7422-e3c2-48cc-8565-c6e8e9e82e9d,2026-10-08T00:36:01.330+00:00,2026-10-08T00:36:01.495+00:00,21072-30059,dryers,20632037-a,416000000,2026-10-08 00:36:01,2026-10-08 00:32:50,45,191.0,2509.0,42,Running,
1,736d7422-e3c2-48cc-8565-c6e8e9e82e9d,2026-10-08T00:36:01.330+00:00,2026-10-08T00:36:01.495+00:00,21072-30059,dryers,20632092-a,716000000,2026-10-08 00:36:01,2026-10-07 22:05:27,0,9034.0,-9034.0,,Available,website maps this code to Available
1,736d7422-e3c2-48cc-8565-c6e8e9e82e9d,2026-10-08T00:36:01.330+00:00,2026-10-08T00:36:01.495+00:00,21072-30059,dryers,20632128-a,716000000,2026-10-08 00:36:01,2026-10-07 22:06:02,0,8999.0,-8999.0,,Available,website maps this code to Available
1,736d7422-e3c2-48cc-8565-c6e8e9e82e9d,2026-10-08T00:36:01.330+00:00,2026-10-08T00:36:01.495+00:00,21072-30059,dryers,20632044-a,416000000,2026-10-08 00:36:01,2026-10-08 00:35:37,10,24.0,576.0,10,Running,
1,736d7422-e3c2-48cc-8565-c6e8e9e82e9d,2026-10-08T00:36:01.330+00:00,2026-10-08T00:36:01.495+00:00,21072-30059,dryers,20632094-a,716000000,2026-10-08 00:36:01,2026-10-07 07:58:50,0,59831.0,-59831.0,,Available,website maps this code to Available
1,736d7422-e3c2-48cc-8565-c6e8e9e82e9d,2026-10-08T00:36:01.330+00:00,2026-10-08T00:36:01.495+00:00,21072-30059,dryers,20632123-a,716000000,2026-10-08 00:36:01,2026-10-08 00:04:40,0,1881.0,-1881.0,,Available,website maps this code to Available
1,736d7422-e3c2-48cc-8565-c6e8e9e82e9d,2026-10-08T00:36:01.330+00:00,2026-10-08T00:36:01.495+00:00,21072-30059,dryers,20632098-a,616000040,2026-10-08 00:36:01,2026-10-07 04:11:00,0,73501.0,-73501.0,,Error,
1,5b79ff60-4f12-446e-850a-437e67833050,2026-10-08T00:37:01.258+00:00,2026-10-08T00:37:01.440+00:00,21072-30059,washers,20632118-b,716000000,2026-10-08 00:37:01,2026-10-07 20:53:09,0,13432.0,-13432.0,,Available,website maps this code to Available
1,5b79ff60-4f12-446e-850a-437e67833050,2026-10-08T00:37:01.258+00:00,2026-10-08T00:37:01.440+00:00,21072-30059,washers,20632035-b,716000000,2026-10-08 00:37:01,2026-10-07 04:03:57,0,73984.0,-73984.0,,Available,website maps this code to Available
1,5b79ff60-4f12-446e-850a-437e67833050,2026-10-08T00:37:01.258+00:00,2026-10-08T00:37:01.440+00:00,21072-30059,washers,20632102-b,716000000,2026-10-08 00:37:01,2026-10-07 23:34:21,0,3760.0,-3760.0,,Available,website maps this code to Available
1,5b79ff60-4f12-446e-850a-437e67833050,2026-10-08T00:37:01.258+00:00,2026-10-08T00:37:01.440+00:00,21072-30059,washers,20632060-b,716000000,2026-10-08 00:37:01,2026-10-07 23:19:28,0,4653.0,-4653.0,,Available,website maps this code to Available
1,5b79ff60-4f12-446e-850a-437e67833050,2026-10-08T00:37:01.258+00:00,2026-10-08T00:37:01.440+00:00,21072-30059,washers,20632117-b,716000000,2026-10-08 00:37:01,2026-10-07 23:18:55,0,4686.0,-4686.0,,Available,website maps this code to Available
1,5b79ff60-4f12-446e-850a-437e67833050,2026-10-08T00:37:01.258+00:00,2026-10-08T00:37:01.440+00:00,21072-30059,washers,20632037-b,716000000,2026-10-08 00:37:01,2026-10-07 20:32:19,0,14682.0,-14682.0,,Available,website maps this code to Available
1,5b79ff60-4f12-446e-850a-437e67833050,2026-10-08T00:37:01.258+00:00,2026-10-08T00:37:01.440+00:00,21072-30059,washers,20632092-b,716000000,2026-10-08 00:37:01,2026-10-07 20:33:56,0,14585.0,-14585.0,,Available,website maps this code to Available
1,5b79ff60-4f12-446e-850a-437e67833050,2026-10-08T00:37:01.258+00:00,2026-10-08T00:37:01.440+00:00,21072-30059,washers,20632128-b,716000000,2026-10-08 00:37:01,2026-10-07 20:35:15,0,14506.0,-14506.0,,Available,website maps this code to Available
1,5b79ff60-4f12-446e-850a-437e67833050,2026-10-08T00:37:01.258+00:00,2026-10-08T00:37:01.440+00:00,21072-30059,washers,20632044-b,716000000,2026-10-08 00:37:01,2026-10-07 06:53:39,0,63802.0,-63802.0,,Available,website maps this code to Available
1,5b79ff60-4f12-446e-850a-437e67833050,2026-10-08T00:37:01.258+00:00,2026-10-08T00:37:01.440+00:00,21072-30059,washers,20632094-b,716000000,2026-10-08 00:37:01,2026-10-07 06:07:39,0,66562.0,-66562.0,,Available,website maps this code to Available
1,5b79ff60-4f12-446e-850a-437e67833050,2026-10-08T00:37:01.258+00:00,2026-10-08T00:37:01.440+00:00,21072-30059,washers,20632123-b,516000000,2026-10-08 00:37:01,2026-10-08 00:04:42,0,1939.0,-1939.0,,Finished,
1,5b79ff60-4f12-446e-850a-437e67833050,2026-10-08T00:37:01.258+00:00,2026-10-08T00:37:01.440+00:00,21072-30059,washers,20632098-b,616000040,2026-10-08 00:37:01,2026-10-07 04:12:05,0,73496.0,-73496.0,,Error,
1,5b79ff60-4f12-446e-850a-437e67833050,2026-10-08T00:37:01.258+00:00,2026-10-08T00:37:01.440+00:00,21072-30059,dryers,20632096-a,716000000,2026-10-08 00:37:01,2026-10-07 01:07:52,0,84549.0,-84549.0,,Available,website maps this code to Available
1,5b79ff60-4f12-446e-850a-437e67833050,2026-10-08T00:37:01.258+00:00,2026-10-08T00:37:01.440+00:00,21072-30059,dryers,20632096-b,716000000,2026-10-08 00:37:01,2026-10-07 21:41:35,0,10526.0,-10526.0,,Available,website maps this code to Available
1,5b79ff60-4f12-446e-850a-437e67833050,2026-10-08T00:37:01.258+00:00,2026-10-08T00:37:01.440+00:00,21072-30059,dryers,20632118-a,716000000,2026-10-08 00:37:01,2026-10-07 18:39:43,0,21438.0,-21438.0,,Available,website maps this code to Available
1,5b79ff60-4f12-446e-850a-437e67833050,2026-10-08T00:37:01.258+00:00,2026-10-08T00:37:01.440+00:00,21072-30059,dryers,20632035-a,716000000,2026-10-08 00:37:01,2026-10-07 02:49:50,0,78431.0,-78431.0,,Available,website maps this code to Available
1,5b79ff60-4f12-446e-850a-437e67833050,2026-10-08T00:37:01.258+00:00,2026-10-08T00:37:01.440+00:00,21072-30059,dryers,20632102-a,416000000,2026-10-08 00:37:01,2026-10-08 00:33:37,45,204.0,2496.0,42,Running,
1,5b79ff60-4f12-446e-850a-437e67833050,2026-10-08T00:37:01.258+00:00,2026-10-08T00:37:01.440+00:00,21072-30059,dryers,20632060-a,716000000,2026-10-08 00:37:01,2026-10-07 03:04:43,0,77538.0,-77538.0,,Available,website maps this code to Available
1,5b79ff60-4f12-446e-850a-437e67833050,2026-10-08T00:37:01.258+00:00,2026-10-08T00:37:01.440+00:00,21072-30059,dryers,20632117-a,416000000,2026-10-08 00:37:01,2026-10-08 00:33:18,38,223.0,2057.0,35,Running,
1,5b79ff60-4f12-446e-850a-437e67833050,2026-10-08T00:37:01.258+00:00,2026-10-08T00:37:01.440+00:00,21072-30059,dryers,20632037-a,416000000,2026-10-08 00:37:01,2026-10-08 00:32:50,45,251.0,2449.0,41,Running,
1,5b79ff60-4f12-446e-850a-437e67833050,2026-10-08T00:37:01.258+00:00,2026-10-08T00:37:01.440+00:00,21072-30059,dryers,20632092-a,716000000,2026-10-08 00:37:01,2026-10-07 22:05:27,0,9094.0,-9094.0,,Available,website maps this code to Available
1,5b79ff60-4f12-446e-850a-437e67833050,2026-10-08T00:37:01.258+00:00,2026-10-08T00:37:01.440+00:00,21072-30059,dryers,20632128-a,716000000,2026-10-08 00:37:01,2026-10-07 22:06:02,0,9059.0,-9059.0,,Available,website maps this code to Available
1,5b79ff60-4f12-446e-850a-437e67833050,2026-10-08T00:37:01.258+00:00,2026-10-08T00:37:01.440+00:00,21072-30059,dryers,20632044-a,416000000,2026-10-08 00:37:01,2026-10-08 00:35:37,10,84.0,516.0,9,Running,
1,5b79ff60-4f12-446e-850a-437e67833050,2026-10-08T00:37:01.258+00:00,2026-10-08T00:37:01.440+00:00,21072-30059,dryers,20632094-a,716000000,2026-10-08 00:37:01,2026-10-07 07:58:50,0,59891.0,-59891.0,,Available,website maps this code to Available
1,5b79ff60-4f12-446e-850a-437e67833050,2026-10-08T00:37:01.258+00:00,2026-10-08T00:37:01.440+00:00,21072-30059,dryers,20632123-a,716000000,2026-10-08 00:37:01,2026-10-08 00:04:40,0,1941.0,-1941.0,,Available,website maps this code to Available
1,5b79ff60-4f12-446e-850a-437e67833050,2026-10-08T00:37:01.258+00:00,2026-10-08T00:37:01.440+00:00,21072-30059,dryers,20632098-a,616000040,2026-10-08 00:37:01,2026-10-07 04:11:00,0,73561.0,-73561.0,,Error,
1,a1bb6082-2ab4-43d9-9bca-8371e58b58a0,2026-10-08T00:38:01.254+00:00,2026-10-08T00:38:01.475+00:00,21072-30059,washers,20632118-b,716000000,2026-10-08 00:38:01,2026-10-07 20:53:09,0,13492.0,-13492.0,,Available,website maps this code to Available
1,a1bb6082-2ab4-43d9-9bca-8371e58b58a0,2026-10-08T00:38:01.254+00:00,2026-10-08T00:38:01.475+00:00,21072-30059,washers,20632035-b,716000000,2026-10-08 00:38:01,2026-10-07 04:03:57,0,74044.0,-74044.0,,Available,website maps this code to Available
1,a1bb6082-2ab4-43d9-9bca-8371e58b58a0,2026-10-08T00:38:01.254+00:00,2026-10-08T00:38:01.475+00:00,21072-30059,washers,20632102-b,716000000,2026-10-08 00:38:01,2026-10-07 23:34:21,0,3820.0,-3820.0,,Available,website maps this code to Available
1,a1bb6082-2ab4-43d9-9bca-8371e58b58a0,2026-10-08T00:38:01.254+00:00,2026-10-08T00:38:01.475+00:00,21072-30059,washers,20632060-b,716000000,2026-10-08 00:38:01,2026-10-07 23:19:28,0,4713.0,-4713.0,,Available,website maps this code to Available
1,a1bb6082-2ab4-43d9-9bca-8371e58b58a0,2026-10-08T00:38:01.254+00:00,2026-10-08T00:38:01.475+00:00,21072-30059,washers,20632117-b,716000000,2026-10-08 00:38:01,2026-10-07 23:18:55,0,4746.0,-4746.0,,Available,website maps this code to Available
1,a1bb6082-2ab4-43d9-9bca-8371e58b58a0,2026-10-08T00:38:01.254+00:00,2026-10-08T00:38:01.475+00:00,21072-30059,washers,20632037-b,716000000,2026-10-08 00:38:01,2026-10-07 20:32:19,0,14742.0,-14742.0,,Available,website maps this code to Available
1,a1bb6082-2ab4-43d9-9bca-8371e58b58a0,2026-10-08T00:38:01.254+00:00,2026-10-08T00:38:01.475+00:00,21072-30059,washers,20632092-b,716000000,2026-10-08 00:38:01,2026-10-07 20:33:56,0,14645.0,-14645.0,,Available,website maps this code to Available
1,a1bb6082-2ab4-43d9-9bca-8371e58b58a0,2026-10-08T00:38:01.254+00:00,2026-10-08T00:38:01.475+00:00,21072-30059,washers,20632128-b,716000000,2026-10-08 00:38:01,2026-10-07 20:35:15,0,14566.0,-14566.0,,Available,website maps this code to Available
1,a1bb6082-2ab4-43d9-9bca-8371e58b58a0,2026-10-08T00:38:01.254+00:00,2026-10-08T00:38:01.475+00:00,21072-30059,washers,20632044-b,716000000,2026-10-08 00:38:01,2026-10-07 06:53:39,0,63862.0,-63862.0,,Available,website maps this code to Available
1,a1bb6082-2ab4-43d9-9bca-8371e58b58a0,2026-10-08T00:38:01.254+00:00,2026-10-08T00:38:01.475+00:00,21072-30059,washers,20632094-b,716000000,2026-10-08 00:38:01,2026-10-07 06:07:39,0,66622.0,-66622.0,,Available,website maps this code to Available
1,a1bb6082-2ab4-43d9-9bca-8371e58b58a0,2026-10-08T00:38:01.254+00:00,2026-10-08T00:38:01.475+00:00,21072-30059,washers,20632123-b,516000000,2026-10-08 00:38:01,2026-10-08 00:04:42,0,1999.0,-1999.0,,Finished,
1,a1bb6082-2ab4-43d9-9bca-8371e58b58a0,2026-10-08T00:38:01.254+00:00,2026-10-08T00:38:01.475+00:00,21072-30059,washers,20632098-b,616000040,2026-10-08 00:38:01,2026-10-07 04:12:05,0,73556.0,-73556.0,,Error,
1,a1bb6082-2ab4-43d9-9bca-8371e58b58a0,2026-10-08T00:38:01.254+00:00,2026-10-08T00:38:01.475+00:00,21072-30059,dryers,20632096-a,716000000,2026-10-08 00:38:01,2026-10-07 01:07:52,0,84609.0,-84609.0,,Available,website maps this code to Available
1,a1bb6082-2ab4-43d9-9bca-8371e58b58a0,2026-10-08T00:38:01.254+00:00,2026-10-08T00:38:01.475+00:00,21072-30059,dryers,20632096-b,716000000,2026-10-08 00:38:01,2026-10-07 21:41:35,0,10586.0,-10586.0,,Available,website maps this code to Available
1,a1bb6082-2ab4-43d9-9bca-8371e58b58a0,2026-10-08T00:38:01.254+00:00,2026-10-08T00:38:01.475+00:00,21072-30059,dryers,20632118-a,716000000,2026-10-08 00:38:01,2026-10-07 18:39:43,0,21498.0,-21498.0,,Available,website maps this code to Available
1,a1bb6082-2ab4-43d9-9bca-8371e58b58a0,2026-10-08T00:38:01.254+00:00,2026-10-08T00:38:01.475+00:00,21072-30059,dryers,20632035-a,716000000,2026-10-08 00:38:01,2026-10-07 02:49:50,0,78491.0,-78491.0,,Available,website maps this code to Available
1,a1bb6082-2ab4-43d9-9bca-8371e58b58a0,2026-10-08T00:38:01.254+00:00,2026-10-08T00:38:01.475+00:00,21072-30059,dryers,20632102-a,416000000,2026-10-08 00:38:01,2026-10-08 00:33:37,45,264.0,2436.0,41,Running,
1,a1bb6082-2ab4-43d9-9bca-8371e58b58a0,2026-10-08T00:38:01.254+00:00,2026-10-08T00:38:01.475+00:00,21072-30059,dryers,20632060-a,716000000,2026-10-08 00:38:01,2026-10-07 03:04:43,0,77598.0,-77598.0,,Available,website maps this code to Available
1,a1bb6082-2ab4-43d9-9bca-8371e58b58a0,2026-10-08T00:38:01.254+00:00,2026-10-08T00:38:01.475+00:00,21072-30059,dryers,20632117-a,416000000,2026-10-08 00:38:01,2026-10-08 00:33:18,38,283.0,1997.0,34,Running,
1,a1bb6082-2ab4-43d9-9bca-8371e58b58a0,2026-10-08T00:38:01.254+00:00,2026-10-08T00:38:01.475+00:00,21072-30059,dryers,20632037-a,416000000,2026-10-08 00:38:01,2026-10-08 00:32:50,45,311.0,2389.0,40,Running,
1,a1bb6082-2ab4-43d9-9bca-8371e58b58a0,2026-10-08T00:38:01.254+00:00,2026-10-08T00:38:01.475+00:00,21072-30059,dryers,20632092-a,716000000,2026-10-08 00:38:01,2026-10-07 22:05:27,0,9154.0,-9154.0,,Available,website maps this code to Available
1,a1bb6082-2ab4-43d9-9bca-8371e58b58a0,2026-10-08T00:38:01.254+00:00,2026-10-08T00:38:01.475+00:00,21072-30059,dryers,20632128-a,716000000,2026-10-08 00:38:01,2026-10-07 22:06:02,0,9119.0,-9119.0,,Available,website maps this code to Available
1,a1bb6082-2ab4-43d9-9bca-8371e58b58a0,2026-10-08T00:38:01.254+00:00,2026-10-08T00:38:01.475+00:00,21072-30059,dryers,20632044-a,416000000,2026-10-08 00:38:01,2026-10-08 00:35:37,10,144.0,456.0,8,Running,
1,a1bb6082-2ab4-43d9-9bca-8371e58b58a0,2026-10-08T00:38:01.254+00:00,2026-10-08T00:38:01.475+00:00,21072-30059,dryers,20632094-a,716000000,2026-10-08 00:38:01,2026-10-07 07:58:50,0,59951.0,-59951.0,,Available,website maps this code to Available
1,a1bb6082-2ab4-43d9-9bca-8371e58b58a0,2026-10-08T00:38:01.254+00:00,2026-10-08T00:38:01.475+00:00,21072-30059,dryers,20632123-a,716000000,2026-10-08 00:38:01,2026-10-08 00:04:40,0,2001.0,-2001.0,,Available,website maps this code to Available
1,a1bb6082-2ab4-43d9-9bca-8371e58b58a0,2026-10-08T00:38:01.254+00:00,2026-10-08T00:38:01.475+00:00,21072-30059,dryers,20632098-a,616000040,2026-10-08 00:38:01,2026-10-07 04:11:00,0,73621.0,-73621.0,,Error,
1,96fbf5df-6356-4f80-a784-111834fe4b87,2026-10-08T00:39:01.322+00:00,2026-10-08T00:39:01.491+00:00,21072-30059,washers,20632118-b,716000000,2026-10-08 00:39:01,2026-10-07 20:53:09,0,13552.0,-13552.0,,Available,website maps this code to Available
1,96fbf5df-6356-4f80-a784-111834fe4b87,2026-10-08T00:39:01.322+00:00,2026-10-08T00:39:01.491+00:00,21072-30059,washers,20632035-b,716000000,2026-10-08 00:39:01,2026-10-07 04:03:57,0,74104.0,-74104.0,,Available,website maps this code to Available
1,96fbf5df-6356-4f80-a784-111834fe4b87,2026-10-08T00:39:01.322+00:00,2026-10-08T00:39:01.491+00:00,21072-30059,washers,20632102-b,716000000,2026-10-08 00:39:01,2026-10-07 23:34:21,0,3880.0,-3880.0,,Available,website maps this code to Available
1,96fbf5df-6356-4f80-a784-111834fe4b87,2026-10-08T00:39:01.322+00:00,2026-10-08T00:39:01.491+00:00,21072-30059,washers,20632060-b,716000000,2026-10-08 00:39:01,2026-10-07 23:19:28,0,4773.0,-4773.0,,Available,website maps this code to Available
1,96fbf5df-6356-4f80-a784-111834fe4b87,2026-10-08T00:39:01.322+00:00,2026-10-08T00:39:01.491+00:00,21072-30059,washers,20632117-b,716000000,2026-10-08 00:39:01,2026-10-07 23:18:55,0,4806.0,-4806.0,,Available,website maps this code to Available
1,96fbf5df-6356-4f80-a784-111834fe4b87,2026-10-08T00:39:01.322+00:00,2026-10-08T00:39:01.491+00:00,21072-30059,washers,20632037-b,716000000,2026-10-08 00:39:01,2026-10-07 20:32:19,0,14802.0,-14802.0,,Available,website maps this code to Available
1,96fbf5df-6356-4f80-a784-111834fe4b87,2026-10-08T00:39:01.322+00:00,2026-10-08T00:39:01.491+00:00,21072-30059,washers,20632092-b,716000000,2026-10-08 00:39:01,2026-10-07 20:33:56,0,14705.0,-14705.0,,Available,website maps this code to Available
1,96fbf5df-6356-4f80-a784-111834fe4b87,2026-10-08T00:39:01.322+00:00,2026-10-08T00:39:01.491+00:00,21072-30059,washers,20632128-b,716000000,2026-10-08 00:39:01,2026-10-07 20:35:15,0,14626.0,-14626.0,,Available,website maps this code to Available
1,96fbf5df-6356-4f80-a784-111834fe4b87,2026-10-08T00:39:01.322+00:00,2026-10-08T00:39:01.491+00:00,21072-30059,washers,20632044-b,716000000,2026-10-08 00:39:01,2026-10-07 06:53:39,0,63922.0,-63922.0,,Available,website maps this code to Available
1,96fbf5df-6356-4f80-a784-111834fe4b87,2026-10-08T00:39:01.322+00:00,2026-10-08T00:39:01.491+00:00,21072-30059,washers,20632094-b,716000000,2026-10-08 00:39:01,2026-10-07 06:07:39,0,66682.0,-66682.0,,Available,website maps this code to Available
1,96fbf5df-6356-4f80-a784-111834fe4b87,2026-10-08T00:39:01.322+00:00,2026-10-08T00:39:01.491+00:00,21072-30059,washers,20632123-b,516000000,2026-10-08 00:39:01,2026-10-08 00:04:42,0,2059.0,-2059.0,,Finished,
1,96fbf5df-6356-4f80-a784-111834fe4b87,2026-10-08T00:39:01.322+00:00,2026-10-08T00:39:01.491+00:00,21072-30059,washers,20632098-b,616000040,2026-10-08 00:39:01,2026-10-07 04:12:05,0,73616.0,-73616.0,,Error,
1,96fbf5df-6356-4f80-a784-111834fe4b87,2026-10-08T00:39:01.322+00:00,2026-10-08T00:39:01.491+00:00,21072-30059,dryers,20632096-a,716000000,2026-10-08 00:39:01,2026-10-07 01:07:52,0,84669.0,-84669.0,,Available,website maps this code to Available
1,96fbf5df-6356-4f80-a784-111834fe4b87,2026-10-08T00:39:01.322+00:00,2026-10-08T00:39:01.491+00:00,21072-30059,dryers,20632096-b,716000000,2026-10-08 00:39:01,2026-10-07 21:41:35,0,10646.0,-10646.0,,Available,website maps this code to Available
1,96fbf5df-6356-4f80-a784-111834fe4b87,2026-10-08T00:39:01.322+00:00,2026-10-08T00:39:01.491+00:00,21072-30059,dryers,20632118-a,716000000,2026-10-08 00:39:01,2026-10-07 18:39:43,0,21558.0,-21558.0,,Available,website maps this code to Available
1,96fbf5df-6356-4f80-a784-111834fe4b87,2026-10-08T00:39:01.322+00:00,2026-10-08T00:39:01.491+00:00,21072-30059,dryers,20632035-a,716000000,2026-10-08 00:39:01,2026-10-07 02:49:50,0,78551.0,-78551.0,,Available,website maps this code to Available
1,96fbf5df-6356-4f80-a784-111834fe4b87,2026-10-08T00:39:01.322+00:00,2026-10-08T00:39:01.491+00:00,21072-30059,dryers,20632102-a,416000000,2026-10-08 00:39:01,2026-10-08 00:33:37,45,324.0,2376.0,40,Running,
1,96fbf5df-6356-4f80-a784-111834fe4b87,2026-10-08T00:39:01.322+00:00,2026-10-08T00:39:01.491+00:00,21072-30059,dryers,20632060-a,716000000,2026-10-08 00:39:01,2026-10-07 03:04:43,0,77658.0,-77658.0,,Available,website maps this code to Available
1,96fbf5df-6356-4f80-a784-111834fe4b87,2026-10-08T00:39:01.322+00:00,2026-10-08T00:39:01.491+00:00,21072-30059,dryers,20632117-a,416000000,2026-10-08 00:39:01,2026-10-08 00:33:18,38,343.0,1937.0,33,Running,
1,96fbf5df-6356-4f80-a784-111834fe4b87,2026-10-08T00:39:01.322+00:00,2026-10-08T00:39:01.491+00:00,21072-30059,dryers,20632037-a,416000000,2026-10-08 00:39:01,2026-10-08 00:32:50,45,371.0,2329.0,39,Running,
1,96fbf5df-6356-4f80-a784-111834fe4b87,2026-10-08T00:39:01.322+00:00,2026-10-08T00:39:01.491+00:00,21072-30059,dryers,20632092-a,716000000,2026-10-08 00:39:01,2026-10-07 22:05:27,0,9214.0,-9214.0,,Available,website maps this code to Available
1,96fbf5df-6356-4f80-a784-111834fe4b87,2026-10-08T00:39:01.322+00:00,2026-10-08T00:39:01.491+00:00,21072-30059,dryers,20632128-a,716000000,2026-10-08 00:39:01,2026-10-07 22:06:02,0,9179.0,-9179.0,,Available,website maps this code to Available
1,96fbf5df-6356-4f80-a784-111834fe4b87,2026-10-08T00:39:01.322+00:00,2026-10-08T00:39:01.491+00:00,21072-30059,dryers,20632044-a,416000000,2026-10-08 00:39:01,2026-10-08 00:35:37,10,204.0,396.0,7,Running,
1,96fbf5df-6356-4f80-a784-111834fe4b87,2026-10-08T00:39:01.322+00:00,2026-10-08T00:39:01.491+00:00,21072-30059,dryers,20632094-a,716000000,2026-10-08 00:39:01,2026-10-07 07:58:50,0,60011.0,-60011.0,,Available,website maps this code to Available
1,96fbf5df-6356-4f80-a784-111834fe4b87,2026-10-08T00:39:01.322+00:00,2026-10-08T00:39:01.491+00:00,21072-30059,dryers,20632123-a,716000000,2026-10-08 00:39:01,2026-10-08 00:04:40,0,2061.0,-2061.0,,Available,website maps this code to Available
1,96fbf5df-6356-4f80-a784-111834fe4b87,2026-10-08T00:39:01.322+00:00,2026-10-08T00:39:01.491+00:00,21072-30059,dryers,20632098-a,616000040,2026-10-08 00:39:01,2026-10-07 04:11:00,0,73681.0,-73681.0,,Error,
1,2f16c33e-2176-495c-b24b-b8c78ddd57a1,2026-10-08T00:40:01.359+00:00,2026-10-08T00:40:01.528+00:00,21072-30059,washers,20632118-b,716000000,2026-10-08 00:40:01,2026-10-07 20:53:09,0,13612.0,-13612.0,,Available,website maps this code to Available
1,2f16c33e-2176-495c-b24b-b8c78ddd57a1,2026-10-08T00:40:01.359+00:00,2026-10-08T00:40:01.528+00:00,21072-30059,washers,20632035-b,716000000,2026-10-08 00:40:01,2026-10-07 04:03:57,0,74164.0,-74164.0,,Available,website maps this code to Available
1,2f16c33e-2176-495c-b24b-b8c78ddd57a1,2026-10-08T00:40:01.359+00:00,2026-10-08T00:40:01.528+00:00,21072-30059,washers,20632102-b,716000000,2026-10-08 00:40:01,2026-10-07 23:34:21,0,3940.0,-3940.0,,Available,website maps this code to Available
1,2f16c33e-2176-495c-b24b-b8c78ddd57a1,2026-10-08T00:40:01.359+00:00,2026-10-08T00:40:01.528+00:00,21072-30059,washers,20632060-b,716000000,2026-10-08 00:40:01,2026-10-07 23:19:28,0,4833.0,-4833.0,,Available,website maps this code to Available
1,2f16c33e-2176-495c-b24b-b8c78ddd57a1,2026-10-08T00:40:01.359+00:00,2026-10-08T00:40:01.528+00:00,21072-30059,washers,20632117-b,716000000,2026-10-08 00:40:01,2026-10-07 23:18:55,0,4866.0,-4866.0,,Available,website maps this code to Available
1,2f16c33e-2176-495c-b24b-b8c78ddd57a1,2026-10-08T00:40:01.359+00:00,2026-10-08T00:40:01.528+00:00,21072-30059,washers,20632037-b,716000000,2026-10-08 00:40:01,2026-10-07 20:32:19,0,14862.0,-14862.0,,Available,website maps this code to Available
1,2f16c33e-2176-495c-b24b-b8c78ddd57a1,2026-10-08T00:40:01.359+00:00,2026-10-08T00:40:01.528+00:00,21072-30059,washers,20632092-b,716000000,2026-10-08 00:40:01,2026-10-07 20:33:56,0,14765.0,-14765.0,,Available,website maps this code to Available
1,2f16c33e-2176-495c-b24b-b8c78ddd57a1,2026-10-08T00:40:01.359+00:00,2026-10-08T00:40:01.528+00:00,21072-30059,washers,20632128-b,716000000,2026-10-08 00:40:01,2026-10-07 20:35:15,0,14686.0,-14686.0,,Available,website maps this code to Available
1,2f16c33e-2176-495c-b24b-b8c78ddd57a1,2026-10-08T00:40:01.359+00:00,2026-10-08T00:40:01.528+00:00,21072-30059,washers,20632044-b,716000000,2026-10-08 00:40:01,2026-10-07 06:53:39,0,63982.0,-63982.0,,Available,website maps this code to Available
1,2f16c33e-2176-495c-b24b-b8c78ddd57a1,2026-10-08T00:40:01.359+00:00,2026-10-08T00:40:01.528+00:00,21072-30059,washers,20632094-b,716000000,2026-10-08 00:40:01,2026-10-07 06:07:39,0,66742.0,-66742.0,,Available,website maps this code to Available
1,2f16c33e-2176-495c-b24b-b8c78ddd57a1,2026-10-08T00:40:01.359+00:00,2026-10-08T00:40:01.528+00:00,21072-30059,washers,20632123-b,516000000,2026-10-08 00:40:01,2026-10-08 00:04:42,0,2119.0,-2119.0,,Finished,
1,2f16c33e-2176-495c-b24b-b8c78ddd57a1,2026-10-08T00:40:01.359+00:00,2026-10-08T00:40:01.528+00:00,21072-30059,washers,20632098-b,616000040,2026-10-08 00:40:01,2026-10-07 04:12:05,0,73676.0,-73676.0,,Error,
1,2f16c33e-2176-495c-b24b-b8c78ddd57a1,2026-10-08T00:40:01.359+00:00,2026-10-08T00:40:01.528+00:00,21072-30059,dryers,20632096-a,716000000,2026-10-08 00:40:01,2026-10-07 01:07:52,0,84729.0,-84729.0,,Available,website maps this code to Available
1,2f16c33e-2176-495c-b24b-b8c78ddd57a1,2026-10-08T00:40:01.359+00:00,2026-10-08T00:40:01.528+00:00,21072-30059,dryers,20632096-b,716000000,2026-10-08 00:40:01,2026-10-07 21:41:35,0,10706.0,-10706.0,,Available,website maps this code to Available
1,2f16c33e-2176-495c-b24b-b8c78ddd57a1,2026-10-08T00:40:01.359+00:00,2026-10-08T00:40:01.528+00:00,21072-30059,dryers,20632118-a,716000000,2026-10-08 00:40:01,2026-10-07 18:39:43,0,21618.0,-21618.0,,Available,website maps this code to Available
1,2f16c33e-2176-495c-b24b-b8c78ddd57a1,2026-10-08T00:40:01.359+00:00,2026-10-08T00:40:01.528+00:00,21072-30059,dryers,20632035-a,716000000,2026-10-08 00:40:01,2026-10-07 02:49:50,0,78611.0,-78611.0,,Available,website maps this code to Available
1,2f16c33e-2176-495c-b24b-b8c78ddd57a1,2026-10-08T00:40:01.359+00:00,2026-10-08T00:40:01.528+00:00,21072-30059,dryers,20632102-a,416000000,2026-10-08 00:40:01,2026-10-08 00:33:37,45,384.0,2316.0,39,Running,
1,2f16c33e-2176-495c-b24b-b8c78ddd57a1,2026-10-08T00:40:01.359+00:00,2026-10-08T00:40:01.528+00:00,21072-30059,dryers,20632060-a,716000000,2026-10-08 00:40:01,2026-10-07 03:04:43,0,77718.0,-77718.0,,Available,website maps this code to Available
1,2f16c33e-2176-495c-b24b-b8c78ddd57a1,2026-10-08T00:40:01.359+00:00,2026-10-08T00:40:01.528+00:00,21072-30059,dryers,20632117-a,416000000,2026-10-08 00:40:01,2026-10-08 00:33:18,38,403.0,1877.0,32,Running,
1,2f16c33e-2176-495c-b24b-b8c78ddd57a1,2026-10-08T00:40:01.359+00:00,2026-10-08T00:40:01.528+00:00,21072-30059,dryers,20632037-a,416000000,2026-10-08 00:40:01,2026-10-08 00:32:50,45,431.0,2269.0,38,Running,
1,2f16c33e-2176-495c-b24b-b8c78ddd57a1,2026-10-08T00:40:01.359+00:00,2026-10-08T00:40:01.528+00:00,21072-30059,dryers,20632092-a,716000000,2026-10-08 00:40:01,2026-10-07 22:05:27,0,9274.0,-9274.0,,Available,website maps this code to Available
1,2f16c33e-2176-495c-b24b-b8c78ddd57a1,2026-10-08T00:40:01.359+00:00,2026-10-08T00:40:01.528+00:00,21072-30059,dryers,20632128-a,716000000,2026-10-08 00:40:01,2026-10-07 22:06:02,0,9239.0,-9239.0,,Available,website maps this code to Available
1,2f16c33e-2176-495c-b24b-b8c78ddd57a1,2026-10-08T00:40:01.359+00:00,2026-10-08T00:40:01.528+00:00,21072-30059,dryers,20632044-a,416000000,2026-10-08 00:40:01,2026-10-08 00:35:37,10,264.0,336.0,6,Running,
1,2f16c33e-2176-495c-b24b-b8c78ddd57a1,2026-10-08T00:40:01.359+00:00,2026-10-08T00:40:01.528+00:00,21072-30059,dryers,20632094-a,716000000,2026-10-08 00:40:01,2026-10-07 07:58:50,0,60071.0,-60071.0,,Available,website maps this code to Available
1,2f16c33e-2176-495c-b24b-b8c78ddd57a1,2026-10-08T00:40:01.359+00:00,2026-10-08T00:40:01.528+00:00,21072-30059,dryers,20632123-a,716000000,2026-10-08 00:40:01,2026-10-08 00:04:40,0,2121.0,-2121.0,,Available,website maps this code to Available
1,2f16c33e-2176-495c-b24b-b8c78ddd57a1,2026-10-08T00:40:01.359+00:00,2026-10-08T00:40:01.528+00:00,21072-30059,dryers,20632098-a,616000040,2026-10-08 00:40:01,2026-10-07 04:11:00,0,73741.0,-73741.0,,Error,
1,0e91f8be-1149-4e31-84c6-68192bdad32b,2026-10-08T00:41:01.249+00:00,2026-10-08T00:41:01.493+00:00,21072-30059,washers,20632118-b,716000000,2026-10-08 00:41:01,2026-10-07 20:53:09,0,13672.0,-13672.0,,Available,website maps this code to Available
1,0e91f8be-1149-4e31-84c6-68192bdad32b,2026-10-08T00:41:01.249+00:00,2026-10-08T00:41:01.493+00:00,21072-30059,washers,20632035-b,716000000,2026-10-08 00:41:01,2026-10-07 04:03:57,0,74224.0,-74224.0,,Available,website maps this code to Available
1,0e91f8be-1149-4e31-84c6-68192bdad32b,2026-10-08T00:41:01.249+00:00,2026-10-08T00:41:01.493+00:00,21072-30059,washers,20632102-b,716000000,2026-10-08 00:41:01,2026-10-07 23:34:21,0,4000.0,-4000.0,,Available,website maps this code to Available
1,0e91f8be-1149-4e31-84c6-68192bdad32b,2026-10-08T00:41:01.249+00:00,2026-10-08T00:41:01.493+00:00,21072-30059,washers,20632060-b,716000000,2026-10-08 00:41:01,2026-10-07 23:19:28,0,4893.0,-4893.0,,Available,website maps this code to Available
1,0e91f8be-1149-4e31-84c6-68192bdad32b,2026-10-08T00:41:01.249+00:00,2026-10-08T00:41:01.493+00:00,21072-30059,washers,20632117-b,716000000,2026-10-08 00:41:01,2026-10-07 23:18:55,0,4926.0,-4926.0,,Available,website maps this code to Available
1,0e91f8be-1149-4e31-84c6-68192bdad32b,2026-10-08T00:41:01.249+00:00,2026-10-08T00:41:01.493+00:00,21072-30059,washers,20632037-b,716000000,2026-10-08 00:41:01,2026-10-07 20:32:19,0,14922.0,-14922.0,,Available,website maps this code to Available
1,0e91f8be-1149-4e31-84c6-68192bdad32b,2026-10-08T00:41:01.249+00:00,2026-10-08T00:41:01.493+00:00,21072-30059,washers,20632092-b,716000000,2026-10-08 00:41:01,2026-10-07 20:33:56,0,14825.0,-14825.0,,Available,website maps this code to Available
1,0e91f8be-1149-4e31-84c6-68192bdad32b,2026-10-08T00:41:01.249+00:00,2026-10-08T00:41:01.493+00:00,21072-30059,washers,20632128-b,716000000,2026-10-08 00:41:01,2026-10-07 20:35:15,0,14746.0,-14746.0,,Available,website maps this code to Available
1,0e91f8be-1149-4e31-84c6-68192bdad32b,2026-10-08T00:41:01.249+00:00,2026-10-08T00:41:01.493+00:00,21072-30059,washers,20632044-b,716000000,2026-10-08 00:41:01,2026-10-07 06:53:39,0,64042.0,-64042.0,,Available,website maps this code to Available
1,0e91f8be-1149-4e31-84c6-68192bdad32b,2026-10-08T00:41:01.249+00:00,2026-10-08T00:41:01.493+00:00,21072-30059,washers,20632094-b,716000000,2026-10-08 00:41:01,2026-10-07 06:07:39,0,66802.0,-66802.0,,Available,website maps this code to Available
1,0e91f8be-1149-4e31-84c6-68192bdad32b,2026-10-08T00:41:01.249+00:00,2026-10-08T00:41:01.493+00:00,21072-30059,washers,20632123-b,516000000,2026-10-08 00:41:01,2026-10-08 00:04:42,0,2179.0,-2179.0,,Finished,
1,0e91f8be-1149-4e31-84c6-68192bdad32b,2026-10-08T00:41:01.249+00:00,2026-10-08T00:41:01.493+00:00,21072-30059,washers,20632098-b,616000040,2026-10-08 00:41:01,2026-10-07 04:12:05,0,73736.0,-73736.0,,Error,
1,0e91f8be-1149-4e31-84c6-68192bdad32b,2026-10-08T00:41:01.249+00:00,2026-10-08T00:41:01.493+00:00,21072-30059,dryers,20632096-a,716000000,2026-10-08 00:41:01,2026-10-07 01:07:52,0,84789.0,-84789.0,,Available,website maps this code to Available
1,0e91f8be-1149-4e31-84c6-68192bdad32b,2026-10-08T00:41:01.249+00:00,2026-10-08T00:41:01.493+00:00,21072-30059,dryers,20632096-b,716000000,2026-10-08 00:41:01,2026-10-07 21:41:35,0,10766.0,-10766.0,,Available,website maps this code to Available
1,0e91f8be-1149-4e31-84c6-68192bdad32b,2026-10-08T00:41:01.249+00:00,2026-10-08T00:41:01.493+00:00,21072-30059,dryers,20632118-a,716000000,2026-10-08 00:41:01,2026-10-07 18:39:43,0,21678.0,-21678.0,,Available,website maps this code to Available
1,0e91f8be-1149-4e31-84c6-68192bdad32b,2026-10-08T00:41:01.249+00:00,2026-10-08T00:41:01.493+00:00,21072-30059,dryers,20632035-a,716000000,2026-10-08 00:41:01,2026-10-07 02:49:50,0,78671.0,-78671.0,,Available,website maps this code to Available
1,0e91f8be-1149-4e31-84c6-68192bdad32b,2026-10-08T00:41:01.249+00:00,2026-10-08T00:41:01.493+00:00,21072-30059,dryers,20632102-a,416000000,2026-10-08 00:41:01,2026-10-08 00:33:37,45,444.0,2256.0,38,Running,
1,0e91f8be-1149-4e31-84c6-68192bdad32b,2026-10-08T00:41:01.249+00:00,2026-10-08T00:41:01.493+00:00,21072-30059,dryers,20632060-a,716000000,2026-10-08 00:41:01,2026-10-07 03:04:43,0,77778.0,-77778.0,,Available,website maps this code to Available
1,0e91f8be-1149-4e31-84c6-68192bdad32b,2026-10-08T00:41:01.249+00:00,2026-10-08T00:41:01.493+00:00,21072-30059,dryers,20632117-a,416000000,2026-10-08 00:41:01,2026-10-08 00:33:18,38,463.0,1817.0,31,Running,
1,0e91f8be-1149-4e31-84c6-68192bdad32b,2026-10-08T00:41:01.249+00:00,2026-10-08T00:41:01.493+00:00,21072-30059,dryers,20632037-a,416000000,2026-10-08 00:41:01,2026-10-08 00:32:50,45,491.0,2209.0,37,Running,
1,0e91f8be-1149-4e31-84c6-68192bdad32b,2026-10-08T00:41:01.249+00:00,2026-10-08T00:41:01.493+00:00,21072-30059,dryers,20632092-a,716000000,2026-10-08 00:41:01,2026-10-07 22:05:27,0,9334.0,-9334.0,,Available,website maps this code to Available
1,0e91f8be-1149-4e31-84c6-68192bdad32b,2026-10-08T00:41:01.249+00:00,2026-10-08T00:41:01.493+00:00,21072-30059,dryers,20632128-a,716000000,2026-10-08 00:41:01,2026-10-07 22:06:02,0,9299.0,-9299.0,,Available,website maps this code to Available
1,0e91f8be-1149-4e31-84c6-68192bdad32b,2026-10-08T00:41:01.249+00:00,2026-10-08T00:41:01.493+00:00,21072-30059,dryers,20632044-a,416000000,2026-10-08 00:41:01,2026-10-08 00:35:37,10,324.0,276.0,5,Running,
1,0e91f8be-1149-4e31-84c6-68192bdad32b,2026-10-08T00:41:01.249+00:00,2026-10-08T00:41:01.493+00:00,21072-30059,dryers,20632094-a,716000000,2026-10-08 00:41:01,2026-10-07 07:58:50,0,60131.0,-60131.0,,Available,website maps this code to Available
1,0e91f8be-1149-4e31-84c6-68192bdad32b,2026-10-08T00:41:01.249+00:00,2026-10-08T00:41:01.493+00:00,21072-30059,dryers,20632123-a,716000000,2026-10-08 00:41:01,2026-10-08 00:04:40,0,2181.0,-2181.0,,Available,website maps this code to Available
1,0e91f8be-1149-4e31-84c6-68192bdad32b,2026-10-08T00:41:01.249+00:00,2026-10-08T00:41:01.493+00:00,21072-30059,dryers,20632098-a,616000040,2026-10-08 00:41:01,2026-10-07 04:11:00,0,73801.0,-73801.0,,Error,
1,a4cbb107-8dc0-48c7-b76b-a28600be4cbc,2026-10-08T00:42:01.277+00:00,2026-10-08T00:42:01.445+00:00,21072-30059,washers,20632118-b,716000000,2026-10-08 00:42:01,2026-10-07 20:53:09,0,13732.0,-13732.0,,Available,website maps this code to Available
1,a4cbb107-8dc0-48c7-b76b-a28600be4cbc,2026-10-08T00:42:01.277+00:00,2026-10-08T00:42:01.445+00:00,21072-30059,washers,20632035-b,716000000,2026-10-08 00:42:01,2026-10-07 04:03:57,0,74284.0,-74284.0,,Available,website maps this code to Available
1,a4cbb107-8dc0-48c7-b76b-a28600be4cbc,2026-10-08T00:42:01.277+00:00,2026-10-08T00:42:01.445+00:00,21072-30059,washers,20632102-b,716000000,2026-10-08 00:42:01,2026-10-07 23:34:21,0,4060.0,-4060.0,,Available,website maps this code to Available
1,a4cbb107-8dc0-48c7-b76b-a28600be4cbc,2026-10-08T00:42:01.277+00:00,2026-10-08T00:42:01.445+00:00,21072-30059,washers,20632060-b,716000000,2026-10-08 00:42:01,2026-10-07 23:19:28,0,4953.0,-4953.0,,Available,website maps this code to Available
1,a4cbb107-8dc0-48c7-b76b-a28600be4cbc,2026-10-08T00:42:01.277+00:00,2026-10-08T00:42:01.445+00:00,21072-30059,washers,20632117-b,716000000,2026-10-08 00:42:01,2026-10-07 23:18:55,0,4986.0,-4986.0,,Available,website maps this code to Available
1,a4cbb107-8dc0-48c7-b76b-a28600be4cbc,2026-10-08T00:42:01.277+00:00,2026-10-08T00:42:01.445+00:00,21072-30059,washers,20632037-b,716000000,2026-10-08 00:42:01,2026-10-07 20:32:19,0,14982.0,-14982.0,,Available,website maps this code to Available
1,a4cbb107-8dc0-48c7-b76b-a28600be4cbc,2026-10-08T00:42:01.277+00:00,2026-10-08T00:42:01.445+00:00,21072-30059,washers,20632092-b,716000000,2026-10-08 00:42:01,2026-10-07 20:33:56,0,14885.0,-14885.0,,Available,website maps this code to Available
1,a4cbb107-8dc0-48c7-b76b-a28600be4cbc,2026-10-08T00:42:01.277+00:00,2026-10-08T00:42:01.445+00:00,21072-30059,washers,20632128-b,716000000,2026-10-08 00:42:01,2026-10-07 20:35:15,0,14806.0,-14806.0,,Available,website maps this code to Available
1,a4cbb107-8dc0-48c7-b76b-a28600be4cbc,2026-10-08T00:42:01.277+00:00,2026-10-08T00:42:01.445+00:00,21072-30059,washers,20632044-b,716000000,2026-10-08 00:42:01,2026-10-07 06:53:39,0,64102.0,-64102.0,,Available,website maps this code to Available
1,a4cbb107-8dc0-48c7-b76b-a28600be4cbc,2026-10-08T00:42:01.277+00:00,2026-10-08T00:42:01.445+00:00,21072-30059,washers,20632094-b,716000000,2026-10-08 00:42:01,2026-10-07 06:07:39,0,66862.0,-66862.0,,Available,website maps this code to Available
1,a4cbb107-8dc0-48c7-b76b-a28600be4cbc,2026-10-08T00:42:01.277+00:00,2026-10-08T00:42:01.445+00:00,21072-30059,washers,20632123-b,516000000,2026-10-08 00:42:01,2026-10-08 00:04:42,0,2239.0,-2239.0,,Finished,
1,a4cbb107-8dc0-48c7-b76b-a28600be4cbc,2026-10-08T00:42:01.277+00:00,2026-10-08T00:42:01.445+00:00,21072-30059,washers,20632098-b,616000040,2026-10-08 00:42:01,2026-10-07 04:12:05,0,73796.0,-73796.0,,Error,
1,a4cbb107-8dc0-48c7-b76b-a28600be4cbc,2026-10-08T00:42:01.277+00:00,2026-10-08T00:42:01.445+00:00,21072-30059,dryers,20632096-a,716000000,2026-10-08 00:42:01,2026-10-07 01:07:52,0,84849.0,-84849.0,,Available,website maps this code to Available
1,a4cbb107-8dc0-48c7-b76b-a28600be4cbc,2026-10-08T00:42:01.277+00:00,2026-10-08T00:42:01.445+00:00,21072-30059,dryers,20632096-b,716000000,2026-10-08 00:42:01,2026-10-07 21:41:35,0,10826.0,-10826.0,,Available,website maps this code to Available
1,a4cbb107-8dc0-48c7-b76b-a28600be4cbc,2026-10-08T00:42:01.277+00:00,2026-10-08T00:42:01.445+00:00,21072-30059,dryers,20632118-a,716000000,2026-10-08 00:42:01,2026-10-07 18:39:43,0,21738.0,-21738.0,,Available,website maps this code to Available
1,a4cbb107-8dc0-48c7-b76b-a28600be4cbc,2026-10-08T00:42:01.277+00:00,2026-10-08T00:42:01.445+00:00,21072-30059,dryers,20632035-a,716000000,2026-10-08 00:42:01,2026-10-07 02:49:50,0,78731.0,-78731.0,,Available,website maps this code to Available
1,a4cbb107-8dc0-48c7-b76b-a28600be4cbc,2026-10-08T00:42:01.277+00:00,2026-10-08T00:42:01.445+00:00,21072-30059,dryers,20632102-a,416000000,2026-10-08 00:42:01,2026-10-08 00:33:37,45,504.0,2196.0,37,Running,
1,a4cbb107-8dc0-48c7-b76b-a28600be4cbc,2026-10-08T00:42:01.277+00:00,2026-10-08T00:42:01.445+00:00,21072-30059,dryers,20632060-a,716000000,2026-10-08 00:42:01,2026-10-07 03:04:43,0,77838.0,-77838.0,,Available,website maps this code to Available
1,a4cbb107-8dc0-48c7-b76b-a28600be4cbc,2026-10-08T00:42:01.277+00:00,2026-10-08T00:42:01.445+00:00,21072-30059,dryers,20632117-a,416000000,2026-10-08 00:42:01,2026-10-08 00:33:18,38,523.0,1757.0,30,Running,
1,a4cbb107-8dc0-48c7-b76b-a28600be4cbc,2026-10-08T00:42:01.277+00:00,2026-10-08T00:42:01.445+00:00,21072-30059,dryers,20632037-a,416000000,2026-10-08 00:42:01,2026-10-08 00:32:50,45,551.0,2149.0,36,Running,
1,a4cbb107-8dc0-48c7-b76b-a28600be4cbc,2026-10-08T00:42:01.277+00:00,2026-10-08T00:42:01.445+00:00,21072-30059,dryers,20632092-a,716000000,2026-10-08 00:42:01,2026-10-07 22:05:27,0,9394.0,-9394.0,,Available,website maps this code to Available
1,a4cbb107-8dc0-48c7-b76b-a28600be4cbc,2026-10-08T00:42:01.277+00:00,2026-10-08T00:42:01.445+00:00,21072-30059,dryers,20632128-a,716000000,2026-10-08 00:42:01,2026-10-07 22:06:02,0,9359.0,-9359.0,,Available,website maps this code to Available
1,a4cbb107-8dc0-48c7-b76b-a28600be4cbc,2026-10-08T00:42:01.277+00:00,2026-10-08T00:42:01.445+00:00,21072-30059,dryers,20632044-a,416000000,2026-10-08 00:42:01,2026-10-08 00:35:37,10,384.0,216.0,4,Running,
1,a4cbb107-8dc0-48c7-b76b-a28600be4cbc,2026-10-08T00:42:01.277+00:00,2026-10-08T00:42:01.445+00:00,21072-30059,dryers,20632094-a,716000000,2026-10-08 00:42:01,2026-10-07 07:58:50,0,60191.0,-60191.0,,Available,website maps this code to Available
1,a4cbb107-8dc0-48c7-b76b-a28600be4cbc,2026-10-08T00:42:01.277+00:00,2026-10-08T00:42:01.445+00:00,21072-30059,dryers,20632123-a,716000000,2026-10-08 00:42:01,2026-10-08 00:04:40,0,2241.0,-2241.0,,Available,website maps this code to Available
1,a4cbb107-8dc0-48c7-b76b-a28600be4cbc,2026-10-08T00:42:01.277+00:00,2026-10-08T00:42:01.445+00:00,21072-30059,dryers,20632098-a,616000040,2026-10-08 00:42:01,2026-10-07 04:11:00,0,73861.0,-73861.0,,Error,
1,84189fbb-6c34-4df2-b3cc-32cb31f6e16f,2026-10-08T00:43:01.245+00:00,2026-10-08T00:43:01.422+00:00,21072-30059,washers,20632118-b,716000000,2026-10-08 00:43:01,2026-10-07 20:53:09,0,13792.0,-13792.0,,Available,website maps this code to Available
1,84189fbb-6c34-4df2-b3cc-32cb31f6e16f,2026-10-08T00:43:01.245+00:00,2026-10-08T00:43:01.422+00:00,21072-30059,washers,20632035-b,716000000,2026-10-08 00:43:01,2026-10-07 04:03:57,0,74344.0,-74344.0,,Available,website maps this code to Available
1,84189fbb-6c34-4df2-b3cc-32cb31f6e16f,2026-10-08T00:43:01.245+00:00,2026-10-08T00:43:01.422+00:00,21072-30059,washers,20632102-b,716000000,2026-10-08 00:43:01,2026-10-07 23:34:21,0,4120.0,-4120.0,,Available,website maps this code to Available
1,84189fbb-6c34-4df2-b3cc-32cb31f6e16f,2026-10-08T00:43:01.245+00:00,2026-10-08T00:43:01.422+00:00,21072-30059,washers,20632060-b,716000000,2026-10-08 00:43:01,2026-10-07 23:19:28,0,5013.0,-5013.0,,Available,website maps this code to Available
1,84189fbb-6c34-4df2-b3cc-32cb31f6e16f,2026-10-08T00:43:01.245+00:00,2026-10-08T00:43:01.422+00:00,21072-30059,washers,20632117-b,716000000,2026-10-08 00:43:01,2026-10-07 23:18:55,0,5046.0,-5046.0,,Available,website maps this code to Available
1,84189fbb-6c34-4df2-b3cc-32cb31f6e16f,2026-10-08T00:43:01.245+00:00,2026-10-08T00:43:01.422+00:00,21072-30059,washers,20632037-b,716000000,2026-10-08 00:43:01,2026-10-07 20:32:19,0,15042.0,-15042.0,,Available,website maps this code to Available
1,84189fbb-6c34-4df2-b3cc-32cb31f6e16f,2026-10-08T00:43:01.245+00:00,2026-10-08T00:43:01.422+00:00,21072-30059,washers,20632092-b,716000000,2026-10-08 00:43:01,2026-10-07 20:33:56,0,14945.0,-14945.0,,Available,website maps this code to Available
1,84189fbb-6c34-4df2-b3cc-32cb31f6e16f,2026-10-08T00:43:01.245+00:00,2026-10-08T00:43:01.422+00:00,21072-30059,washers,20632128-b,716000000,2026-10-08 00:43:01,2026-10-07 20:35:15,0,14866.0,-14866.0,,Available,website maps this code to Available
1,84189fbb-6c34-4df2-b3cc-32cb31f6e16f,2026-10-08T00:43:01.245+00:00,2026-10-08T00:43:01.422+00:00,21072-30059,washers,20632044-b,716000000,2026-10-08 00:43:01,2026-10-07 06:53:39,0,64162.0,-64162.0,,Available,website maps this code to Available
1,84189fbb-6c34-4df2-b3cc-32cb31f6e16f,2026-10-08T00:43:01.245+00:00,2026-10-08T00:43:01.422+00:00,21072-30059,washers,20632094-b,716000000,2026-10-08 00:43:01,2026-10-07 06:07:39,0,66922.0,-66922.0,,Available,website maps this code to Available
1,84189fbb-6c34-4df2-b3cc-32cb31f6e16f,2026-10-08T00:43:01.245+00:00,2026-10-08T00:43:01.422+00:00,21072-30059,washers,20632123-b,516000000,2026-10-08 00:43:01,2026-10-08 00:04:42,0,2299.0,-2299.0,,Finished,
1,84189fbb-6c34-4df2-b3cc-32cb31f6e16f,2026-10-08T00:43:01.245+00:00,2026-10-08T00:43:01.422+00:00,21072-30059,washers,20632098-b,616000040,2026-10-08 00:43:01,2026-10-07 04:12:05,0,73856.0,-73856.0,,Error,
1,84189fbb-6c34-4df2-b3cc-32cb31f6e16f,2026-10-08T00:43:01.245+00:00,2026-10-08T00:43:01.422+00:00,21072-30059,dryers,20632096-a,716000000,2026-10-08 00:43:01,2026-10-07 01:07:52,0,84909.0,-84909.0,,Available,website maps this code to Available
1,84189fbb-6c34-4df2-b3cc-32cb31f6e16f,2026-10-08T00:43:01.245+00:00,2026-10-08T00:43:01.422+00:00,21072-30059,dryers,20632096-b,716000000,2026-10-08 00:43:01,2026-10-07 21:41:35,0,10886.0,-10886.0,,Available,website maps this code to Available
1,84189fbb-6c34-4df2-b3cc-32cb31f6e16f,2026-10-08T00:43:01.245+00:00,2026-10-08T00:43:01.422+00:00,21072-30059,dryers,20632118-a,716000000,2026-10-08 00:43:01,2026-10-07 18:39:43,0,21798.0,-21798.0,,Available,website maps this code to Available
1,84189fbb-6c34-4df2-b3cc-32cb31f6e16f,2026-10-08T00:43:01.245+00:00,2026-10-08T00:43:01.422+00:00,21072-30059,dryers,20632035-a,716000000,2026-10-08 00:43:01,2026-10-07 02:49:50,0,78791.0,-78791.0,,Available,website maps this code to Available
1,84189fbb-6c34-4df2-b3cc-32cb31f6e16f,2026-10-08T00:43:01.245+00:00,2026-10-08T00:43:01.422+00:00,21072-30059,dryers,20632102-a,416000000,2026-10-08 00:43:01,2026-10-08 00:33:37,45,564.0,2136.0,36,Running,
1,84189fbb-6c34-4df2-b3cc-32cb31f6e16f,2026-10-08T00:43:01.245+00:00,2026-10-08T00:43:01.422+00:00,21072-30059,dryers,20632060-a,716000000,2026-10-08 00:43:01,2026-10-07 03:04:43,0,77898.0,-77898.0,,Available,website maps this code to Available
1,84189fbb-6c34-4df2-b3cc-32cb31f6e16f,2026-10-08T00:43:01.245+00:00,2026-10-08T00:43:01.422+00:00,21072-30059,dryers,20632117-a,416000000,2026-10-08 00:43:01,2026-10-08 00:33:18,38,583.0,1697.0,29,Running,
1,84189fbb-6c34-4df2-b3cc-32cb31f6e16f,2026-10-08T00:43:01.245+00:00,2026-10-08T00:43:01.422+00:00,21072-30059,dryers,20632037-a,416000000,2026-10-08 00:43:01,2026-10-08 00:32:50,45,611.0,2089.0,35,Running,
1,84189fbb-6c34-4df2-b3cc-32cb31f6e16f,2026-10-08T00:43:01.245+00:00,2026-10-08T00:43:01.422+00:00,21072-30059,dryers,20632092-a,716000000,2026-10-08 00:43:01,2026-10-07 22:05:27,0,9454.0,-9454.0,,Available,website maps this code to Available
1,84189fbb-6c34-4df2-b3cc-32cb31f6e16f,2026-10-08T00:43:01.245+00:00,2026-10-08T00:43:01.422+00:00,21072-30059,dryers,20632128-a,716000000,2026-10-08 00:43:01,2026-10-07 22:06:02,0,9419.0,-9419.0,,Available,website maps this code to Available
1,84189fbb-6c34-4df2-b3cc-32cb31f6e16f,2026-10-08T00:43:01.245+00:00,2026-10-08T00:43:01.422+00:00,21072-30059,dryers,20632044-a,416000000,2026-10-08 00:43:01,2026-10-08 00:35:37,10,444.0,156.0,3,Running,
1,84189fbb-6c34-4df2-b3cc-32cb31f6e16f,2026-10-08T00:43:01.245+00:00,2026-10-08T00:43:01.422+00:00,21072-30059,dryers,20632094-a,716000000,2026-10-08 00:43:01,2026-10-07 07:58:50,0,60251.0,-60251.0,,Available,website maps this code to Available
1,84189fbb-6c34-4df2-b3cc-32cb31f6e16f,2026-10-08T00:43:01.245+00:00,2026-10-08T00:43:01.422+00:00,21072-30059,dryers,20632123-a,716000000,2026-10-08 00:43:01,2026-10-08 00:04:40,0,2301.0,-2301.0,,Available,website maps this code to Available
1,84189fbb-6c34-4df2-b3cc-32cb31f6e16f,2026-10-08T00:43:01.245+00:00,2026-10-08T00:43:01.422+00:00,21072-30059,dryers,20632098-a,616000040,2026-10-08 00:43:01,2026-10-07 04:11:00,0,73921.0,-73921.0,,Error,
1,f1e3b57c-20b5-4ceb-aac1-181a476d8d45,2026-10-08T00:44:01.265+00:00,2026-10-08T00:44:01.450+00:00,21072-30059,washers,20632118-b,716000000,2026-10-08 00:44:01,2026-10-07 20:53:09,0,13852.0,-13852.0,,Available,website maps this code to Available
1,f1e3b57c-20b5-4ceb-aac1-181a476d8d45,2026-10-08T00:44:01.265+00:00,2026-10-08T00:44:01.450+00:00,21072-30059,washers,20632035-b,716000000,2026-10-08 00:44:01,2026-10-07 04:03:57,0,74404.0,-74404.0,,Available,website maps this code to Available
1,f1e3b57c-20b5-4ceb-aac1-181a476d8d45,2026-10-08T00:44:01.265+00:00,2026-10-08T00:44:01.450+00:00,21072-30059,washers,20632102-b,716000000,2026-10-08 00:44:01,2026-10-07 23:34:21,0,4180.0,-4180.0,,Available,website maps this code to Available
1,f1e3b57c-20b5-4ceb-aac1-181a476d8d45,2026-10-08T00:44:01.265+00:00,2026-10-08T00:44:01.450+00:00,21072-30059,washers,20632060-b,716000000,2026-10-08 00:44:01,2026-10-07 23:19:28,0,5073.0,-5073.0,,Available,website maps this code to Available
1,f1e3b57c-20b5-4ceb-aac1-181a476d8d45,2026-10-08T00:44:01.265+00:00,2026-10-08T00:44:01.450+00:00,21072-30059,washers,20632117-b,716000000,2026-10-08 00:44:01,2026-10-07 23:18:55,0,5106.0,-5106.0,,Available,website maps this code to Available
1,f1e3b57c-20b5-4ceb-aac1-181a476d8d45,2026-10-08T00:44:01.265+00:00,2026-10-08T00:44:01.450+00:00,21072-30059,washers,20632037-b,716000000,2026-10-08 00:44:01,2026-10-07 20:32:19,0,15102.0,-15102.0,,Available,website maps this code to Available
1,f1e3b57c-20b5-4ceb-aac1-181a476d8d45,2026-10-08T00:44:01.265+00:00,2026-10-08T00:44:01.450+00:00,21072-30059,washers,20632092-b,716000000,2026-10-08 00:44:01,2026-10-07 20:33:56,0,15005.0,-15005.0,,Available,website maps this code to Available
1,f1e3b57c-20b5-4ceb-aac1-181a476d8d45,2026-10-08T00:44:01.265+00:00,2026-10-08T00:44:01.450+00:00,21072-30059,washers,20632128-b,716000000,2026-10-08 00:44:01,2026-10-07 20:35:15,0,14926.0,-14926.0,,Available,website maps this code to Available
1,f1e3b57c-20b5-4ceb-aac1-181a476d8d45,2026-10-08T00:44:01.265+00:00,2026-10-08T00:44:01.450+00:00,21072-30059,washers,20632044-b,716000000,2026-10-08 00:44:01,2026-10-07 06:53:39,0,64222.0,-64222.0,,Available,website maps this code to Available
1,f1e3b57c-20b5-4ceb-aac1-181a476d8d45,2026-10-08T00:44:01.265+00:00,2026-10-08T00:44:01.450+00:00,21072-30059,washers,20632094-b,716000000,2026-10-08 00:44:01,2026-10-07 06:07:39,0,66982.0,-66982.0,,Available,website maps this code to Available
1,f1e3b57c-20b5-4ceb-aac1-181a476d8d45,2026-10-08T00:44:01.265+00:00,2026-10-08T00:44:01.450+00:00,21072-30059,washers,20632123-b,516000000,2026-10-08 00:44:01,2026-10-08 00:04:42,0,2359.0,-2359.0,,Finished,
1,f1e3b57c-20b5-4ceb-aac1-181a476d8d45,2026-10-08T00:44:01.265+00:00,2026-10-08T00:44:01.450+00:00,21072-30059,washers,20632098-b,616000040,2026-10-08 00:44:01,2026-10-07 04:12:05,0,73916.0,-73916.0,,Error,
1,f1e3b57c-20b5-4ceb-aac1-181a476d8d45,2026-10-08T00:44:01.265+00:00,2026-10-08T00:44:01.450+00:00,21072-30059,dryers,20632096-a,716000000,2026-10-08 00:44:01,2026-10-07 01:07:52,0,84969.0,-84969.0,,Available,website maps this code to Available
1,f1e3b57c-20b5-4ceb-aac1-181a476d8d45,2026-10-08T00:44:01.265+00:00,2026-10-08T00:44:01.450+00:00,21072-30059,dryers,20632096-b,716000000,2026-10-08 00:44:01,2026-10-07 21:41:35,0,10946.0,-10946.0,,Available,website maps this code to Available
1,f1e3b57c-20b5-4ceb-aac1-181a476d8d45,2026-10-08T00:44:01.265+00:00,2026-10-08T00:44:01.450+00:00,21072-30059,dryers,20632118-a,716000000,2026-10-08 00:44:01,2026-10-07 18:39:43,0,21858.0,-21858.0,,Available,website maps this code to Available
1,f1e3b57c-20b5-4ceb-aac1-181a476d8d45,2026-10-08T00:44:01.265+00:00,2026-10-08T00:44:01.450+00:00,21072-30059,dryers,20632035-a,716000000,2026-10-08 00:44:01,2026-10-07 02:49:50,0,78851.0,-78851.0,,Available,website maps this code to Available
1,f1e3b57c-20b5-4ceb-aac1-181a476d8d45,2026-10-08T00:44:01.265+00:00,2026-10-08T00:44:01.450+00:00,21072-30059,dryers,20632102-a,416000000,2026-10-08 00:44:01,2026-10-08 00:33:37,45,624.0,2076.0,35,Running,
1,f1e3b57c-20b5-4ceb-aac1-181a476d8d45,2026-10-08T00:44:01.265+00:00,2026-10-08T00:44:01.450+00:00,21072-30059,dryers,20632060-a,716000000,2026-10-08 00:44:01,2026-10-07 03:04:43,0,77958.0,-77958.0,,Available,website maps this code to Available
1,f1e3b57c-20b5-4ceb-aac1-181a476d8d45,2026-10-08T00:44:01.265+00:00,2026-10-08T00:44:01.450+00:00,21072-30059,dryers,20632117-a,416000000,2026-10-08 00:44:01,2026-10-08 00:33:18,38,643.0,1637.0,28,Running,
1,f1e3b57c-20b5-4ceb-aac1-181a476d8d45,2026-10-08T00:44:01.265+00:00,2026-10-08T00:44:01.450+00:00,21072-30059,dryers,20632037-a,416000000,2026-10-08 00:44:01,2026-10-08 00:32:50,45,671.0,2029.0,34,Running,
1,f1e3b57c-20b5-4ceb-aac1-181a476d8d45,2026-10-08T00:44:01.265+00:00,2026-10-08T00:44:01.450+00:00,21072-30059,dryers,20632092-a,716000000,2026-10-08 00:44:01,2026-10-07 22:05:27,0,9514.0,-9514.0,,Available,website maps this code to Available
1,f1e3b57c-20b5-4ceb-aac1-181a476d8d45,2026-10-08T00:44:01.265+00:00,2026-10-08T00:44:01.450+00:00,21072-30059,dryers,20632128-a,716000000,2026-10-08 00:44:01,2026-10-07 22:06:02,0,9479.0,-9479.0,,Available,website maps this code to Available
1,f1e3b57c-20b5-4ceb-aac1-181a476d8d45,2026-10-08T00:44:01.265+00:00,2026-10-08T00:44:01.450+00:00,21072-30059,dryers,20632044-a,416000000,2026-10-08 00:44:01,2026-10-08 00:35:37,10,504.0,96.0,2,Running,
1,f1e3b57c-20b5-4ceb-aac1-181a476d8d45,2026-10-08T00:44:01.265+00:00,2026-10-08T00:44:01.450+00:00,21072-30059,dryers,20632094-a,716000000,2026-10-08 00:44:01,2026-10-07 07:58:50,0,60311.0,-60311.0,,Available,website maps this code to Available
1,f1e3b57c-20b5-4ceb-aac1-181a476d8d45,2026-10-08T00:44:01.265+00:00,2026-10-08T00:44:01.450+00:00,21072-30059,dryers,20632123-a,716000000,2026-10-08 00:44:01,2026-10-08 00:04:40,0,2361.0,-2361.0,,Available,website maps this code to Available
1,f1e3b57c-20b5-4ceb-aac1-181a476d8d45,2026-10-08T00:44:01.265+00:00,2026-10-08T00:44:01.450+00:00,21072-30059,dryers,20632098-a,616000040,2026-10-08 00:44:01,2026-10-07 04:11:00,0,73981.0,-73981.0,,Error,
1,d35c1cb3-e748-4c82-8b88-a7cd2bae70d9,2026-10-08T00:45:01.283+00:00,2026-10-08T00:45:01.464+00:00,21072-30059,washers,20632118-b,716000000,2026-10-08 00:45:01,2026-10-07 20:53:09,0,13912.0,-13912.0,,Available,website maps this code to Available
1,d35c1cb3-e748-4c82-8b88-a7cd2bae70d9,2026-10-08T00:45:01.283+00:00,2026-10-08T00:45:01.464+00:00,21072-30059,washers,20632035-b,716000000,2026-10-08 00:45:01,2026-10-07 04:03:57,0,74464.0,-74464.0,,Available,website maps this code to Available
1,d35c1cb3-e748-4c82-8b88-a7cd2bae70d9,2026-10-08T00:45:01.283+00:00,2026-10-08T00:45:01.464+00:00,21072-30059,washers,20632102-b,716000000,2026-10-08 00:45:01,2026-10-07 23:34:21,0,4240.0,-4240.0,,Available,website maps this code to Available
1,d35c1cb3-e748-4c82-8b88-a7cd2bae70d9,2026-10-08T00:45:01.283+00:00,2026-10-08T00:45:01.464+00:00,21072-30059,washers,20632060-b,716000000,2026-10-08 00:45:01,2026-10-07 23:19:28,0,5133.0,-5133.0,,Available,website maps this code to Available
1,d35c1cb3-e748-4c82-8b88-a7cd2bae70d9,2026-10-08T00:45:01.283+00:00,2026-10-08T00:45:01.464+00:00,21072-30059,washers,20632117-b,716000000,2026-10-08 00:45:01,2026-10-07 23:18:55,0,5166.0,-5166.0,,Available,website maps this code to Available
1,d35c1cb3-e748-4c82-8b88-a7cd2bae70d9,2026-10-08T00:45:01.283+00:00,2026-10-08T00:45:01.464+00:00,21072-30059,washers,20632037-b,716000000,2026-10-08 00:45:01,2026-10-07 20:32:19,0,15162.0,-15162.0,,Available,website maps this code to Available
1,d35c1cb3-e748-4c82-8b88-a7cd2bae70d9,2026-10-08T00:45:01.283+00:00,2026-10-08T00:45:01.464+00:00,21072-30059,washers,20632092-b,716000000,2026-10-08 00:45:01,2026-10-07 20:33:56,0,15065.0,-15065.0,,Available,website maps this code to Available
1,d35c1cb3-e748-4c82-8b88-a7cd2bae70d9,2026-10-08T00:45:01.283+00:00,2026-10-08T00:45:01.464+00:00,21072-30059,washers,20632128-b,716000000,2026-10-08 00:45:01,2026-10-07 20:35:15,0,14986.0,-14986.0,,Available,website maps this code to Available
1,d35c1cb3-e748-4c82-8b88-a7cd2bae70d9,2026-10-08T00:45:01.283+00:00,2026-10-08T00:45:01.464+00:00,21072-30059,washers,20632044-b,716000000,2026-10-08 00:45:01,2026-10-07 06:53:39,0,64282.0,-64282.0,,Available,website maps this code to Available
1,d35c1cb3-e748-4c82-8b88-a7cd2bae70d9,2026-10-08T00:45:01.283+00:00,2026-10-08T00:45:01.464+00:00,21072-30059,washers,20632094-b,716000000,2026-10-08 00:45:01,2026-10-07 06:07:39,0,67042.0,-67042.0,,Available,website maps this code to Available
1,d35c1cb3-e748-4c82-8b88-a7cd2bae70d9,2026-10-08T00:45:01.283+00:00,2026-10-08T00:45:01.464+00:00,21072-30059,washers,20632123-b,516000000,2026-10-08 00:45:01,2026-10-08 00:04:42,0,2419.0,-2419.0,,Finished,
1,d35c1cb3-e748-4c82-8b88-a7cd2bae70d9,2026-10-08T00:45:01.283+00:00,2026-10-08T00:45:01.464+00:00,21072-30059,washers,20632098-b,616000040,2026-10-08 00:45:01,2026-10-07 04:12:05,0,73976.0,-73976.0,,Error,
1,d35c1cb3-e748-4c82-8b88-a7cd2bae70d9,2026-10-08T00:45:01.283+00:00,2026-10-08T00:45:01.464+00:00,21072-30059,dryers,20632096-a,716000000,2026-10-08 00:45:01,2026-10-07 01:07:52,0,85029.0,-85029.0,,Available,website maps this code to Available
1,d35c1cb3-e748-4c82-8b88-a7cd2bae70d9,2026-10-08T00:45:01.283+00:00,2026-10-08T00:45:01.464+00:00,21072-30059,dryers,20632096-b,716000000,2026-10-08 00:45:01,2026-10-07 21:41:35,0,11006.0,-11006.0,,Available,website maps this code to Available
1,d35c1cb3-e748-4c82-8b88-a7cd2bae70d9,2026-10-08T00:45:01.283+00:00,2026-10-08T00:45:01.464+00:00,21072-30059,dryers,20632118-a,716000000,2026-10-08 00:45:01,2026-10-07 18:39:43,0,21918.0,-21918.0,,Available,website maps this code to Available
1,d35c1cb3-e748-4c82-8b88-a7cd2bae70d9,2026-10-08T00:45:01.283+00:00,2026-10-08T00:45:01.464+00:00,21072-30059,dryers,20632035-a,716000000,2026-10-08 00:45:01,2026-10-07 02:49:50,0,78911.0,-78911.0,,Available,website maps this code to Available
1,d35c1cb3-e748-4c82-8b88-a7cd2bae70d9,2026-10-08T00:45:01.283+00:00,2026-10-08T00:45:01.464+00:00,21072-30059,dryers,20632102-a,416000000,2026-10-08 00:45:01,2026-10-08 00:33:37,45,684.0,2016.0,34,Running,
1,d35c1cb3-e748-4c82-8b88-a7cd2bae70d9,2026-10-08T00:45:01.283+00:00,2026-10-08T00:45:01.464+00:00,21072-30059,dryers,20632060-a,716000000,2026-10-08 00:45:01,2026-10-07 03:04:43,0,78018.0,-78018.0,,Available,website maps this code to Available
1,d35c1cb3-e748-4c82-8b88-a7cd2bae70d9,2026-10-08T00:45:01.283+00:00,2026-10-08T00:45:01.464+00:00,21072-30059,dryers,20632117-a,416000000,2026-10-08 00:45:01,2026-10-08 00:33:18,38,703.0,1577.0,27,Running,
1,d35c1cb3-e748-4c82-8b88-a7cd2bae70d9,2026-10-08T00:45:01.283+00:00,2026-10-08T00:45:01.464+00:00,21072-30059,dryers,20632037-a,416000000,2026-10-08 00:45:01,2026-10-08 00:32:50,45,731.0,1969.0,33,Running,
1,d35c1cb3-e748-4c82-8b88-a7cd2bae70d9,2026-10-08T00:45:01.283+00:00,2026-10-08T00:45:01.464+00:00,21072-30059,dryers,20632092-a,716000000,2026-10-08 00:45:01,2026-10-07 22:05:27,0,9574.0,-9574.0,,Available,website maps this code to Available
1,d35c1cb3-e748-4c82-8b88-a7cd2bae70d9,2026-10-08T00:45:01.283+00:00,2026-10-08T00:45:01.464+00:00,21072-30059,dryers,20632128-a,716000000,2026-10-08 00:45:01,2026-10-07 22:06:02,0,9539.0,-9539.0,,Available,website maps this code to Available
1,d35c1cb3-e748-4c82-8b88-a7cd2bae70d9,2026-10-08T00:45:01.283+00:00,2026-10-08T00:45:01.464+00:00,21072-30059,dryers,20632044-a,416000000,2026-10-08 00:45:01,2026-10-08 00:35:37,10,564.0,36.0,1,Running,
1,d35c1cb3-e748-4c82-8b88-a7cd2bae70d9,2026-10-08T00:45:01.283+00:00,2026-10-08T00:45:01.464+00:00,21072-30059,dryers,20632094-a,716000000,2026-10-08 00:45:01,2026-10-07 07:58:50,0,60371.0,-60371.0,,Available,website maps this code to Available
1,d35c1cb3-e748-4c82-8b88-a7cd2bae70d9,2026-10-08T00:45:01.283+00:00,2026-10-08T00:45:01.464+00:00,21072-30059,dryers,20632123-a,716000000,2026-10-08 00:45:01,2026-10-08 00:04:40,0,2421.0,-2421.0,,Available,website maps this code to Available
1,d35c1cb3-e748-4c82-8b88-a7cd2bae70d9,2026-10-08T00:45:01.283+00:00,2026-10-08T00:45:01.464+00:00,21072-30059,dryers,20632098-a,616000040,2026-10-08 00:45:01,2026-10-07 04:11:00,0,74041.0,-74041.0,,Error,
1,7b653ef6-ed47-467c-b462-156c3d9b4919,2026-10-08T00:46:01.307+00:00,2026-10-08T00:46:01.480+00:00,21072-30059,washers,20632118-b,716000000,2026-10-08 00:46:01,2026-10-07 20:53:09,0,13972.0,-13972.0,,Available,website maps this code to Available
1,7b653ef6-ed47-467c-b462-156c3d9b4919,2026-10-08T00:46:01.307+00:00,2026-10-08T00:46:01.480+00:00,21072-30059,washers,20632035-b,716000000,2026-10-08 00:46:01,2026-10-07 04:03:57,0,74524.0,-74524.0,,Available,website maps this code to Available
1,7b653ef6-ed47-467c-b462-156c3d9b4919,2026-10-08T00:46:01.307+00:00,2026-10-08T00:46:01.480+00:00,21072-30059,washers,20632102-b,716000000,2026-10-08 00:46:01,2026-10-07 23:34:21,0,4300.0,-4300.0,,Available,website maps this code to Available
1,7b653ef6-ed47-467c-b462-156c3d9b4919,2026-10-08T00:46:01.307+00:00,2026-10-08T00:46:01.480+00:00,21072-30059,washers,20632060-b,716000000,2026-10-08 00:46:01,2026-10-07 23:19:28,0,5193.0,-5193.0,,Available,website maps this code to Available
1,7b653ef6-ed47-467c-b462-156c3d9b4919,2026-10-08T00:46:01.307+00:00,2026-10-08T00:46:01.480+00:00,21072-30059,washers,20632117-b,716000000,2026-10-08 00:46:01,2026-10-07 23:18:55,0,5226.0,-5226.0,,Available,website maps this code to Available
1,7b653ef6-ed47-467c-b462-156c3d9b4919,2026-10-08T00:46:01.307+00:00,2026-10-08T00:46:01.480+00:00,21072-30059,washers,20632037-b,716000000,2026-10-08 00:46:01,2026-10-07 20:32:19,0,15222.0,-15222.0,,Available,website maps this code to Available
1,7b653ef6-ed47-467c-b462-156c3d9b4919,2026-10-08T00:46:01.307+00:00,2026-10-08T00:46:01.480+00:00,21072-30059,washers,20632092-b,716000000,2026-10-08 00:46:01,2026-10-07 20:33:56,0,15125.0,-15125.0,,Available,website maps this code to Available
1,7b653ef6-ed47-467c-b462-156c3d9b4919,2026-10-08T00:46:01.307+00:00,2026-10-08T00:46:01.480+00:00,21072-30059,washers,20632128-b,716000000,2026-10-08 00:46:01,2026-10-07 20:35:15,0,15046.0,-15046.0,,Available,website maps this code to Available
1,7b653ef6-ed47-467c-b462-156c3d9b4919,2026-10-08T00:46:01.307+00:00,2026-10-08T00:46:01.480+00:00,21072-30059,washers,20632044-b,716000000,2026-10-08 00:46:01,2026-10-07 06:53:39,0,64342.0,-64342.0,,Available,website maps this code to Available
1,7b653ef6-ed47-467c-b462-156c3d9b4919,2026-10-08T00:46:01.307+00:00,2026-10-08T00:46:01.480+00:00,21072-30059,washers,20632094-b,716000000,2026-10-08 00:46:01,2026-10-07 06:07:39,0,67102.0,-67102.0,,Available,website maps this code to Available
1,7b653ef6-ed47-467c-b462-156c3d9b4919,2026-10-08T00:46:01.307+00:00,2026-10-08T00:46:01.480+00:00,21072-30059,washers,20632123-b,516000000,2026-10-08 00:46:01,2026-10-08 00:04:42,0,2479.0,-2479.0,,Finished,
1,7b653ef6-ed47-467c-b462-156c3d9b4919,2026-10-08T00:46:01.307+00:00,2026-10-08T00:46:01.480+00:00,21072-30059,washers,20632098-b,616000040,2026-10-08 00:46:01,2026-10-07 04:12:05,0,74036.0,-74036.0,,Error,
1,7b653ef6-ed47-467c-b462-156c3d9b4919,2026-10-08T00:46:01.307+00:00,2026-10-08T00:46:01.480+00:00,21072-30059,dryers,20632096-a,716000000,2026-10-08 00:46:01,2026-10-07 01:07:52,0,85089.0,-85089.0,,Available,website maps this code to Available
1,7b653ef6-ed47-467c-b462-156c3d9b4919,2026-10-08T00:46:01.307+00:00,2026-10-08T00:46:01.480+00:00,21072-30059,dryers,20632096-b,716000000,2026-10-08 00:46:01,2026-10-07 21:41:35,0,11066.0,-11066.0,,Available,website maps this code to Available
1,7b653ef6-ed47-467c-b462-156c3d9b4919,2026-10-08T00:46:01.307+00:00,2026-10-08T00:46:01.480+00:00,21072-30059,dryers,20632118-a,716000000,2026-10-08 00:46:01,2026-10-07 18:39:43,0,21978.0,-21978.0,,Available,website maps this code to Available
1,7b653ef6-ed47-467c-b462-156c3d9b4919,2026-10-08T00:46:01.307+00:00,2026-10-08T00:46:01.480+00:00,21072-30059,dryers,20632035-a,716000000,2026-10-08 00:46:01,2026-10-07 02:49:50,0,78971.0,-78971.0,,Available,website maps this code to Available
1,7b653ef6-ed47-467c-b462-156c3d9b4919,2026-10-08T00:46:01.307+00:00,2026-10-08T00:46:01.480+00:00,21072-30059,dryers,20632102-a,416000000,2026-10-08 00:46:01,2026-10-08 00:33:37,45,744.0,1956.0,33,Running,
1,7b653ef6-ed47-467c-b462-156c3d9b4919,2026-10-08T00:46:01.307+00:00,2026-10-08T00:46:01.480+00:00,21072-30059,dryers,20632060-a,716000000,2026-10-08 00:46:01,2026-10-07 03:04:43,0,78078.0,-78078.0,,Available,website maps this code to Available
1,7b653ef6-ed47-467c-b462-156c3d9b4919,2026-10-08T00:46:01.307+00:00,2026-10-08T00:46:01.480+00:00,21072-30059,dryers,20632117-a,416000000,2026-10-08 00:46:01,2026-10-08 00:33:18,38,763.0,1517.0,26,Running,
1,7b653ef6-ed47-467c-b462-156c3d9b4919,2026-10-08T00:46:01.307+00:00,2026-10-08T00:46:01.480+00:00,21072-30059,dryers,20632037-a,416000000,2026-10-08 00:46:01,2026-10-08 00:32:50,45,791.0,1909.0,32,Running,
1,7b653ef6-ed47-467c-b462-156c3d9b4919,2026-10-08T00:46:01.307+00:00,2026-10-08T00:46:01.480+00:00,21072-30059,dryers,20632092-a,716000000,2026-10-08 00:46:01,2026-10-07 22:05:27,0,9634.0,-9634.0,,Available,website maps this code to Available
1,7b653ef6-ed47-467c-b462-156c3d9b4919,2026-10-08T00:46:01.307+00:00,2026-10-08T00:46:01.480+00:00,21072-30059,dryers,20632128-a,716000000,2026-10-08 00:46:01,2026-10-07 22:06:02,0,9599.0,-9599.0,,Available,website maps this code to Available
1,7b653ef6-ed47-467c-b462-156c3d9b4919,2026-10-08T00:46:01.307+00:00,2026-10-08T00:46:01.480+00:00,21072-30059,dryers,20632044-a,416000000,2026-10-08 00:46:01,2026-10-08 00:45:51,10,10.0,590.0,10,Running,
1,7b653ef6-ed47-467c-b462-156c3d9b4919,2026-10-08T00:46:01.307+00:00,2026-10-08T00:46:01.480+00:00,21072-30059,dryers,20632094-a,716000000,2026-10-08 00:46:01,2026-10-07 07:58:50,0,60431.0,-60431.0,,Available,website maps this code to Available
1,7b653ef6-ed47-467c-b462-156c3d9b4919,2026-10-08T00:46:01.307+00:00,2026-10-08T00:46:01.480+00:00,21072-30059,dryers,20632123-a,716000000,2026-10-08 00:46:01,2026-10-08 00:04:40,0,2481.0,-2481.0,,Available,website maps this code to Available
1,7b653ef6-ed47-467c-b462-156c3d9b4919,2026-10-08T00:46:01.307+00:00,2026-10-08T00:46:01.480+00:00,21072-30059,dryers,20632098-a,616000040,2026-10-08 00:46:01,2026-10-07 04:11:00,0,74101.0,-74101.0,,Error,
1,bb29b47f-cdd5-41f2-9f3c-fd61366288c6,2026-10-08T00:47:01.317+00:00,2026-10-08T00:47:01.525+00:00,21072-30059,washers,20632118-b,716000000,2026-10-08 00:47:01,2026-10-07 20:53:09,0,14032.0,-14032.0,,Available,website maps this code to Available
1,bb29b47f-cdd5-41f2-9f3c-fd61366288c6,2026-10-08T00:47:01.317+00:00,2026-10-08T00:47:01.525+00:00,21072-30059,washers,20632035-b,716000000,2026-10-08 00:47:01,2026-10-07 04:03:57,0,74584.0,-74584.0,,Available,website maps this code to Available
1,bb29b47f-cdd5-41f2-9f3c-fd61366288c6,2026-10-08T00:47:01.317+00:00,2026-10-08T00:47:01.525+00:00,21072-30059,washers,20632102-b,716000000,2026-10-08 00:47:01,2026-10-07 23:34:21,0,4360.0,-4360.0,,Available,website maps this code to Available
1,bb29b47f-cdd5-41f2-9f3c-fd61366288c6,2026-10-08T00:47:01.317+00:00,2026-10-08T00:47:01.525+00:00,21072-30059,washers,20632060-b,716000000,2026-10-08 00:47:01,2026-10-07 23:19:28,0,5253.0,-5253.0,,Available,website maps this code to Available
1,bb29b47f-cdd5-41f2-9f3c-fd61366288c6,2026-10-08T00:47:01.317+00:00,2026-10-08T00:47:01.525+00:00,21072-30059,washers,20632117-b,716000000,2026-10-08 00:47:01,2026-10-07 23:18:55,0,5286.0,-5286.0,,Available,website maps this code to Available
1,bb29b47f-cdd5-41f2-9f3c-fd61366288c6,2026-10-08T00:47:01.317+00:00,2026-10-08T00:47:01.525+00:00,21072-30059,washers,20632037-b,716000000,2026-10-08 00:47:01,2026-10-07 20:32:19,0,15282.0,-15282.0,,Available,website maps this code to Available
1,bb29b47f-cdd5-41f2-9f3c-fd61366288c6,2026-10-08T00:47:01.317+00:00,2026-10-08T00:47:01.525+00:00,21072-30059,washers,20632092-b,716000000,2026-10-08 00:47:01,2026-10-07 20:33:56,0,15185.0,-15185.0,,Available,website maps this code to Available
1,bb29b47f-cdd5-41f2-9f3c-fd61366288c6,2026-10-08T00:47:01.317+00:00,2026-10-08T00:47:01.525+00:00,21072-30059,washers,20632128-b,716000000,2026-10-08 00:47:01,2026-10-07 20:35:15,0,15106.0,-15106.0,,Available,website maps this code to Available
1,bb29b47f-cdd5-41f2-9f3c-fd61366288c6,2026-10-08T00:47:01.317+00:00,2026-10-08T00:47:01.525+00:00,21072-30059,washers,20632044-b,716000000,2026-10-08 00:47:01,2026-10-07 06:53:39,0,64402.0,-64402.0,,Available,website maps this code to Available
1,bb29b47f-cdd5-41f2-9f3c-fd61366288c6,2026-10-08T00:47:01.317+00:00,2026-10-08T00:47:01.525+00:00,21072-30059,washers,20632094-b,716000000,2026-10-08 00:47:01,2026-10-07 06:07:39,0,67162.0,-67162.0,,Available,website maps this code to Available
1,bb29b47f-cdd5-41f2-9f3c-fd61366288c6,2026-10-08T00:47:01.317+00:00,2026-10-08T00:47:01.525+00:00,21072-30059,washers,20632123-b,516000000,2026-10-08 00:47:01,2026-10-08 00:04:42,0,2539.0,-2539.0,,Finished,
1,bb29b47f-cdd5-41f2-9f3c-fd61366288c6,2026-10-08T00:47:01.317+00:00,2026-10-08T00:47:01.525+00:00,21072-30059,washers,20632098-b,616000040,2026-10-08 00:47:01,2026-10-07 04:12:05,0,74096.0,-74096.0,,Error,
1,bb29b47f-cdd5-41f2-9f3c-fd61366288c6,2026-10-08T00:47:01.317+00:00,2026-10-08T00:47:01.525+00:00,21072-30059,dryers,20632096-a,716000000,2026-10-08 00:47:01,2026-10-07 01:07:52,0,85149.0,-85149.0,,Available,website maps this code to Available
1,bb29b47f-cdd5-41f2-9f3c-fd61366288c6,2026-10-08T00:47:01.317+00:00,2026-10-08T00:47:01.525+00:00,21072-30059,dryers,20632096-b,716000000,2026-10-08 00:47:01,2026-10-07 21:41:35,0,11126.0,-11126.0,,Available,website maps this code to Available
1,bb29b47f-cdd5-41f2-9f3c-fd61366288c6,2026-10-08T00:47:01.317+00:00,2026-10-08T00:47:01.525+00:00,21072-30059,dryers,20632118-a,716000000,2026-10-08 00:47:01,2026-10-07 18:39:43,0,22038.0,-22038.0,,Available,website maps this code to Available
1,bb29b47f-cdd5-41f2-9f3c-fd61366288c6,2026-10-08T00:47:01.317+00:00,2026-10-08T00:47:01.525+00:00,21072-30059,dryers,20632035-a,716000000,2026-10-08 00:47:01,2026-10-07 02:49:50,0,79031.0,-79031.0,,Available,website maps this code to Available
1,bb29b47f-cdd5-41f2-9f3c-fd61366288c6,2026-10-08T00:47:01.317+00:00,2026-10-08T00:47:01.525+00:00,21072-30059,dryers,20632102-a,416000000,2026-10-08 00:47:01,2026-10-08 00:33:37,45,804.0,1896.0,32,Running,
1,bb29b47f-cdd5-41f2-9f3c-fd61366288c6,2026-10-08T00:47:01.317+00:00,2026-10-08T00:47:01.525+00:00,21072-30059,dryers,20632060-a,716000000,2026-10-08 00:47:01,2026-10-07 03:04:43,0,78138.0,-78138.0,,Available,website maps this code to Available
1,bb29b47f-cdd5-41f2-9f3c-fd61366288c6,2026-10-08T00:47:01.317+00:00,2026-10-08T00:47:01.525+00:00,21072-30059,dryers,20632117-a,416000000,2026-10-08 00:47:01,2026-10-08 00:33:18,38,823.0,1457.0,25,Running,
1,bb29b47f-cdd5-41f2-9f3c-fd61366288c6,2026-10-08T00:47:01.317+00:00,2026-10-08T00:47:01.525+00:00,21072-30059,dryers,20632037-a,416000000,2026-10-08 00:47:01,2026-10-08 00:32:50,45,851.0,1849.0,31,Running,
1,bb29b47f-cdd5-41f2-9f3c-fd61366288c6,2026-10-08T00:47:01.317+00:00,2026-10-08T00:47:01.525+00:00,21072-30059,dryers,20632092-a,716000000,2026-10-08 00:47:01,2026-10-07 22:05:27,0,9694.0,-9694.0,,Available,website maps this code to Available
1,bb29b47f-cdd5-41f2-9f3c-fd61366288c6,2026-10-08T00:47:01.317+00:00,2026-10-08T00:47:01.525+00:00,21072-30059,dryers,20632128-a,716000000,2026-10-08 00:47:01,2026-10-07 22:06:02,0,9659.0,-9659.0,,Available,website maps this code to Available
1,bb29b47f-cdd5-41f2-9f3c-fd61366288c6,2026-10-08T00:47:01.317+00:00,2026-10-08T00:47:01.525+00:00,21072-30059,dryers,20632044-a,416000000,2026-10-08 00:47:01,2026-10-08 00:45:51,10,70.0,530.0,9,Running,
1,bb29b47f-cdd5-41f2-9f3c-fd61366288c6,2026-10-08T00:47:01.317+00:00,2026-10-08T00:47:01.525+00:00,21072-30059,dryers,20632094-a,716000000,2026-10-08 00:47:01,2026-10-07 07:58:50,0,60491.0,-60491.0,,Available,website maps this code to Available
1,bb29b47f-cdd5-41f2-9f3c-fd61366288c6,2026-10-08T00:47:01.317+00:00,2026-10-08T00:47:01.525+00:00,21072-30059,dryers,20632123-a,716000000,2026-10-08 00:47:01,2026-10-08 00:04:40,0,2541.0,-2541.0,,Available,website maps this code to Available
1,bb29b47f-cdd5-41f2-9f3c-fd61366288c6,2026-10-08T00:47:01.317+00:00,2026-10-08T00:47:01.525+00:00,21072-30059,dryers,20632098-a,616000040,2026-10-08 00:47:01,2026-10-07 04:11:00,0,74161.0,-74161.0,,Error,
1,10d9f627-d60f-4dc8-b4d1-6a19936732af,2026-10-08T00:48:01.328+00:00,2026-10-08T00:48:01.506+00:00,21072-30059,washers,20632118-b,716000000,2026-10-08 00:48:01,2026-10-07 20:53:09,0,14092.0,-14092.0,,Available,website maps this code to Available
1,10d9f627-d60f-4dc8-b4d1-6a19936732af,2026-10-08T00:48:01.328+00:00,2026-10-08T00:48:01.506+00:00,21072-30059,washers,20632035-b,716000000,2026-10-08 00:48:01,2026-10-07 04:03:57,0,74644.0,-74644.0,,Available,website maps this code to Available
1,10d9f627-d60f-4dc8-b4d1-6a19936732af,2026-10-08T00:48:01.328+00:00,2026-10-08T00:48:01.506+00:00,21072-30059,washers,20632102-b,716000000,2026-10-08 00:48:01,2026-10-07 23:34:21,0,4420.0,-4420.0,,Available,website maps this code to Available
1,10d9f627-d60f-4dc8-b4d1-6a19936732af,2026-10-08T00:48:01.328+00:00,2026-10-08T00:48:01.506+00:00,21072-30059,washers,20632060-b,716000000,2026-10-08 00:48:01,2026-10-07 23:19:28,0,5313.0,-5313.0,,Available,website maps this code to Available
1,10d9f627-d60f-4dc8-b4d1-6a19936732af,2026-10-08T00:48:01.328+00:00,2026-10-08T00:48:01.506+00:00,21072-30059,washers,20632117-b,716000000,2026-10-08 00:48:01,2026-10-07 23:18:55,0,5346.0,-5346.0,,Available,website maps this code to Available
1,10d9f627-d60f-4dc8-b4d1-6a19936732af,2026-10-08T00:48:01.328+00:00,2026-10-08T00:48:01.506+00:00,21072-30059,washers,20632037-b,716000000,2026-10-08 00:48:01,2026-10-07 20:32:19,0,15342.0,-15342.0,,Available,website maps this code to Available
1,10d9f627-d60f-4dc8-b4d1-6a19936732af,2026-10-08T00:48:01.328+00:00,2026-10-08T00:48:01.506+00:00,21072-30059,washers,20632092-b,716000000,2026-10-08 00:48:01,2026-10-07 20:33:56,0,15245.0,-15245.0,,Available,website maps this code to Available
1,10d9f627-d60f-4dc8-b4d1-6a19936732af,2026-10-08T00:48:01.328+00:00,2026-10-08T00:48:01.506+00:00,21072-30059,washers,20632128-b,716000000,2026-10-08 00:48:01,2026-10-07 20:35:15,0,15166.0,-15166.0,,Available,website maps this code to Available
1,10d9f627-d60f-4dc8-b4d1-6a19936732af,2026-10-08T00:48:01.328+00:00,2026-10-08T00:48:01.506+00:00,21072-30059,washers,20632044-b,716000000,2026-10-08 00:48:01,2026-10-07 06:53:39,0,64462.0,-64462.0,,Available,website maps this code to Available
1,10d9f627-d60f-4dc8-b4d1-6a19936732af,2026-10-08T00:48:01.328+00:00,2026-10-08T00:48:01.506+00:00,21072-30059,washers,20632094-b,716000000,2026-10-08 00:48:01,2026-10-07 06:07:39,0,67222.0,-67222.0,,Available,website maps this code to Available
1,10d9f627-d60f-4dc8-b4d1-6a19936732af,2026-10-08T00:48:01.328+00:00,2026-10-08T00:48:01.506+00:00,21072-30059,washers,20632123-b,516000000,2026-10-08 00:48:01,2026-10-08 00:04:42,0,2599.0,-2599.0,,Finished,
1,10d9f627-d60f-4dc8-b4d1-6a19936732af,2026-10-08T00:48:01.328+00:00,2026-10-08T00:48:01.506+00:00,21072-30059,washers,20632098-b,616000040,2026-10-08 00:48:01,2026-10-07 04:12:05,0,74156.0,-74156.0,,Error,
1,10d9f627-d60f-4dc8-b4d1-6a19936732af,2026-10-08T00:48:01.328+00:00,2026-10-08T00:48:01.506+00:00,21072-30059,dryers,20632096-a,716000000,2026-10-08 00:48:01,2026-10-07 01:07:52,0,85209.0,-85209.0,,Available,website maps this code to Available
1,10d9f627-d60f-4dc8-b4d1-6a19936732af,2026-10-08T00:48:01.328+00:00,2026-10-08T00:48:01.506+00:00,21072-30059,dryers,20632096-b,716000000,2026-10-08 00:48:01,2026-10-07 21:41:35,0,11186.0,-11186.0,,Available,website maps this code to Available
1,10d9f627-d60f-4dc8-b4d1-6a19936732af,2026-10-08T00:48:01.328+00:00,2026-10-08T00:48:01.506+00:00,21072-30059,dryers,20632118-a,716000000,2026-10-08 00:48:01,2026-10-07 18:39:43,0,22098.0,-22098.0,,Available,website maps this code to Available
1,10d9f627-d60f-4dc8-b4d1-6a19936732af,2026-10-08T00:48:01.328+00:00,2026-10-08T00:48:01.506+00:00,21072-30059,dryers,20632035-a,716000000,2026-10-08 00:48:01,2026-10-07 02:49:50,0,79091.0,-79091.0,,Available,website maps this code to Available
1,10d9f627-d60f-4dc8-b4d1-6a19936732af,2026-10-08T00:48:01.328+00:00,2026-10-08T00:48:01.506+00:00,21072-30059,dryers,20632102-a,416000000,2026-10-08 00:48:01,2026-10-08 00:33:37,45,864.0,1836.0,31,Running,
1,10d9f627-d60f-4dc8-b4d1-6a19936732af,2026-10-08T00:48:01.328+00:00,2026-10-08T00:48:01.506+00:00,21072-30059,dryers,20632060-a,716000000,2026-10-08 00:48:01,2026-10-07 03:04:43,0,78198.0,-78198.0,,Available,website maps this code to Available
1,10d9f627-d60f-4dc8-b4d1-6a19936732af,2026-10-08T00:48:01.328+00:00,2026-10-08T00:48:01.506+00:00,21072-30059,dryers,20632117-a,416000000,2026-10-08 00:48:01,2026-10-08 00:47:08,10,53.0,547.0,10,Running,
1,10d9f627-d60f-4dc8-b4d1-6a19936732af,2026-10-08T00:48:01.328+00:00,2026-10-08T00:48:01.506+00:00,21072-30059,dryers,20632037-a,416000000,2026-10-08 00:48:01,2026-10-08 00:32:50,45,911.0,1789.0,30,Running,
1,10d9f627-d60f-4dc8-b4d1-6a19936732af,2026-10-08T00:48:01.328+00:00,2026-10-08T00:48:01.506+00:00,21072-30059,dryers,20632092-a,716000000,2026-10-08 00:48:01,2026-10-07 22:05:27,0,9754.0,-9754.0,,Available,website maps this code to Available
1,10d9f627-d60f-4dc8-b4d1-6a19936732af,2026-10-08T00:48:01.328+00:00,2026-10-08T00:48:01.506+00:00,21072-30059,dryers,20632128-a,716000000,2026-10-08 00:48:01,2026-10-07 22:06:02,0,9719.0,-9719.0,,Available,website maps this code to Available
1,10d9f627-d60f-4dc8-b4d1-6a19936732af,2026-10-08T00:48:01.328+00:00,2026-10-08T00:48:01.506+00:00,21072-30059,dryers,20632044-a,416000000,2026-10-08 00:48:01,2026-10-08 00:45:51,10,130.0,470.0,8,Running,
1,10d9f627-d60f-4dc8-b4d1-6a19936732af,2026-10-08T00:48:01.328+00:00,2026-10-08T00:48:01.506+00:00,21072-30059,dryers,20632094-a,716000000,2026-10-08 00:48:01,2026-10-07 07:58:50,0,60551.0,-60551.0,,Available,website maps this code to Available
1,10d9f627-d60f-4dc8-b4d1-6a19936732af,2026-10-08T00:48:01.328+00:00,2026-10-08T00:48:01.506+00:00,21072-30059,dryers,20632123-a,716000000,2026-10-08 00:48:01,2026-10-08 00:04:40,0,2601.0,-2601.0,,Available,website maps this code to Available
1,10d9f627-d60f-4dc8-b4d1-6a19936732af,2026-10-08T00:48:01.328+00:00,2026-10-08T00:48:01.506+00:00,21072-30059,dryers,20632098-a,616000040,2026-10-08 00:48:01,2026-10-07 04:11:00,0,74221.0,-74221.0,,Error,
1,4dbef392-8049-46a5-a6aa-0484f3c8ddcd,2026-10-08T00:49:00.819+00:00,2026-10-08T00:49:00.984+00:00,21072-30059,washers,20632118-b,716000000,2026-10-08 00:49:00,2026-10-07 20:53:09,0,14151.0,-14151.0,,Available,website maps this code to Available
1,4dbef392-8049-46a5-a6aa-0484f3c8ddcd,2026-10-08T00:49:00.819+00:00,2026-10-08T00:49:00.984+00:00,21072-30059,washers,20632035-b,716000000,2026-10-08 00:49:00,2026-10-07 04:03:57,0,74703.0,-74703.0,,Available,website maps this code to Available
1,4dbef392-8049-46a5-a6aa-0484f3c8ddcd,2026-10-08T00:49:00.819+00:00,2026-10-08T00:49:00.984+00:00,21072-30059,washers,20632102-b,716000000,2026-10-08 00:49:00,2026-10-07 23:34:21,0,4479.0,-4479.0,,Available,website maps this code to Available
1,4dbef392-8049-46a5-a6aa-0484f3c8ddcd,2026-10-08T00:49:00.819+00:00,2026-10-08T00:49:00.984+00:00,21072-30059,washers,20632060-b,716000000,2026-10-08 00:49:00,2026-10-07 23:19:28,0,5372.0,-5372.0,,Available,website maps this code to Available
1,4dbef392-8049-46a5-a6aa-0484f3c8ddcd,2026-10-08T00:49:00.819+00:00,2026-10-08T00:49:00.984+00:00,21072-30059,washers,20632117-b,716000000,2026-10-08 00:49:00,2026-10-07 23:18:55,0,5405.0,-5405.0,,Available,website maps this code to Available
1,4dbef392-8049-46a5-a6aa-0484f3c8ddcd,2026-10-08T00:49:00.819+00:00,2026-10-08T00:49:00.984+00:00,21072-30059,washers,20632037-b,716000000,2026-10-08 00:49:00,2026-10-07 20:32:19,0,15401.0,-15401.0,,Available,website maps this code to Available
1,4dbef392-8049-46a5-a6aa-0484f3c8ddcd,2026-10-08T00:49:00.819+00:00,2026-10-08T00:49:00.984+00:00,21072-30059,washers,20632092-b,716000000,2026-10-08 00:49:00,2026-10-07 20:33:56,0,15304.0,-15304.0,,Available,website maps this code to Available
1,4dbef392-8049-46a5-a6aa-0484f3c8ddcd,2026-10-08T00:49:00.819+00:00,2026-10-08T00:49:00.984+00:00,21072-30059,washers,20632128-b,716000000,2026-10-08 00:49:00,2026-10-07 20:35:15,0,15225.0,-15225.0,,Available,website maps this code to Available
1,4dbef392-8049-46a5-a6aa-0484f3c8ddcd,2026-10-08T00:49:00.819+00:00,2026-10-08T00:49:00.984+00:00,21072-30059,washers,20632044-b,716000000,2026-10-08 00:49:00,2026-10-07 06:53:39,0,64521.0,-64521.0,,Available,website maps this code to Available
1,4dbef392-8049-46a5-a6aa-0484f3c8ddcd,2026-10-08T00:49:00.819+00:00,2026-10-08T00:49:00.984+00:00,21072-30059,washers,20632094-b,716000000,2026-10-08 00:49:00,2026-10-07 06:07:39,0,67281.0,-67281.0,,Available,website maps this code to Available
1,4dbef392-8049-46a5-a6aa-0484f3c8ddcd,2026-10-08T00:49:00.819+00:00,2026-10-08T00:49:00.984+00:00,21072-30059,washers,20632123-b,516000000,2026-10-08 00:49:00,2026-10-08 00:04:42,0,2658.0,-2658.0,,Finished,
1,4dbef392-8049-46a5-a6aa-0484f3c8ddcd,2026-10-08T00:49:00.819+00:00,2026-10-08T00:49:00.984+00:00,21072-30059,washers,20632098-b,616000040,2026-10-08 00:49:00,2026-10-07 04:12:05,0,74215.0,-74215.0,,Error,
1,4dbef392-8049-46a5-a6aa-0484f3c8ddcd,2026-10-08T00:49:00.819+00:00,2026-10-08T00:49:00.984+00:00,21072-30059,dryers,20632096-a,716000000,2026-10-08 00:49:00,2026-10-07 01:07:52,0,85268.0,-85268.0,,Available,website maps this code to Available
1,4dbef392-8049-46a5-a6aa-0484f3c8ddcd,2026-10-08T00:49:00.819+00:00,2026-10-08T00:49:00.984+00:00,21072-30059,dryers,20632096-b,716000000,2026-10-08 00:49:00,2026-10-07 21:41:35,0,11245.0,-11245.0,,Available,website maps this code to Available
1,4dbef392-8049-46a5-a6aa-0484f3c8ddcd,2026-10-08T00:49:00.819+00:00,2026-10-08T00:49:00.984+00:00,21072-30059,dryers,20632118-a,716000000,2026-10-08 00:49:00,2026-10-07 18:39:43,0,22157.0,-22157.0,,Available,website maps this code to Available
1,4dbef392-8049-46a5-a6aa-0484f3c8ddcd,2026-10-08T00:49:00.819+00:00,2026-10-08T00:49:00.984+00:00,21072-30059,dryers,20632035-a,716000000,2026-10-08 00:49:00,2026-10-07 02:49:50,0,79150.0,-79150.0,,Available,website maps this code to Available
1,4dbef392-8049-46a5-a6aa-0484f3c8ddcd,2026-10-08T00:49:00.819+00:00,2026-10-08T00:49:00.984+00:00,21072-30059,dryers,20632102-a,416000000,2026-10-08 00:49:00,2026-10-08 00:33:37,45,923.0,1777.0,30,Running,
1,4dbef392-8049-46a5-a6aa-0484f3c8ddcd,2026-10-08T00:49:00.819+00:00,2026-10-08T00:49:00.984+00:00,21072-30059,dryers,20632060-a,716000000,2026-10-08 00:49:00,2026-10-07 03:04:43,0,78257.0,-78257.0,,Available,website maps this code to Available
1,4dbef392-8049-46a5-a6aa-0484f3c8ddcd,2026-10-08T00:49:00.819+00:00,2026-10-08T00:49:00.984+00:00,21072-30059,dryers,20632117-a,416000000,2026-10-08 00:49:00,2026-10-08 00:47:08,10,112.0,488.0,9,Running,
1,4dbef392-8049-46a5-a6aa-0484f3c8ddcd,2026-10-08T00:49:00.819+00:00,2026-10-08T00:49:00.984+00:00,21072-30059,dryers,20632037-a,416000000,2026-10-08 00:49:00,2026-10-08 00:32:50,45,970.0,1730.0,29,Running,
1,4dbef392-8049-46a5-a6aa-0484f3c8ddcd,2026-10-08T00:49:00.819+00:00,2026-10-08T00:49:00.984+00:00,21072-30059,dryers,20632092-a,716000000,2026-10-08 00:49:00,2026-10-07 22:05:27,0,9813.0,-9813.0,,Available,website maps this code to Available
1,4dbef392-8049-46a5-a6aa-0484f3c8ddcd,2026-10-08T00:49:00.819+00:00,2026-10-08T00:49:00.984+00:00,21072-30059,dryers,20632128-a,716000000,2026-10-08 00:49:00,2026-10-07 22:06:02,0,9778.0,-9778.0,,Available,website maps this code to Available
1,4dbef392-8049-46a5-a6aa-0484f3c8ddcd,2026-10-08T00:49:00.819+00:00,2026-10-08T00:49:00.984+00:00,21072-30059,dryers,20632044-a,416000000,2026-10-08 00:49:00,2026-10-08 00:45:51,10,189.0,411.0,7,Running,
1,4dbef392-8049-46a5-a6aa-0484f3c8ddcd,2026-10-08T00:49:00.819+00:00,2026-10-08T00:49:00.984+00:00,21072-30059,dryers,20632094-a,716000000,2026-10-08 00:49:00,2026-10-07 07:58:50,0,60610.0,-60610.0,,Available,website maps this code to Available
1,4dbef392-8049-46a5-a6aa-0484f3c8ddcd,2026-10-08T00:49:00.819+00:00,2026-10-08T00:49:00.984+00:00,21072-30059,dryers,20632123-a,716000000,2026-10-08 00:49:00,2026-10-08 00:04:40,0,2660.0,-2660.0,,Available,website maps this code to Available
1,4dbef392-8049-46a5-a6aa-0484f3c8ddcd,2026-10-08T00:49:00.819+00:00,2026-10-08T00:49:00.984+00:00,21072-30059,dryers,20632098-a,616000040,2026-10-08 00:49:00,2026-10-07 04:11:00,0,74280.0,-74280.0,,Error,
1,00821485-0a9e-4e12-9735-f21c6d46f3bf,2026-10-08T00:50:01.326+00:00,2026-10-08T00:50:01.502+00:00,21072-30059,washers,20632118-b,716000000,2026-10-08 00:50:01,2026-10-07 20:53:09,0,14212.0,-14212.0,,Available,website maps this code to Available
1,00821485-0a9e-4e12-9735-f21c6d46f3bf,2026-10-08T00:50:01.326+00:00,2026-10-08T00:50:01.502+00:00,21072-30059,washers,20632035-b,716000000,2026-10-08 00:50:01,2026-10-07 04:03:57,0,74764.0,-74764.0,,Available,website maps this code to Available
1,00821485-0a9e-4e12-9735-f21c6d46f3bf,2026-10-08T00:50:01.326+00:00,2026-10-08T00:50:01.502+00:00,21072-30059,washers,20632102-b,716000000,2026-10-08 00:50:01,2026-10-07 23:34:21,0,4540.0,-4540.0,,Available,website maps this code to Available
1,00821485-0a9e-4e12-9735-f21c6d46f3bf,2026-10-08T00:50:01.326+00:00,2026-10-08T00:50:01.502+00:00,21072-30059,washers,20632060-b,716000000,2026-10-08 00:50:01,2026-10-07 23:19:28,0,5433.0,-5433.0,,Available,website maps this code to Available
1,00821485-0a9e-4e12-9735-f21c6d46f3bf,2026-10-08T00:50:01.326+00:00,2026-10-08T00:50:01.502+00:00,21072-30059,washers,20632117-b,716000000,2026-10-08 00:50:01,2026-10-07 23:18:55,0,5466.0,-5466.0,,Available,website maps this code to Available
1,00821485-0a9e-4e12-9735-f21c6d46f3bf,2026-10-08T00:50:01.326+00:00,2026-10-08T00:50:01.502+00:00,21072-30059,washers,20632037-b,716000000,2026-10-08 00:50:01,2026-10-07 20:32:19,0,15462.0,-15462.0,,Available,website maps this code to Available
1,00821485-0a9e-4e12-9735-f21c6d46f3bf,2026-10-08T00:50:01.326+00:00,2026-10-08T00:50:01.502+00:00,21072-30059,washers,20632092-b,716000000,2026-10-08 00:50:01,2026-10-07 20:33:56,0,15365.0,-15365.0,,Available,website maps this code to Available
1,00821485-0a9e-4e12-9735-f21c6d46f3bf,2026-10-08T00:50:01.326+00:00,2026-10-08T00:50:01.502+00:00,21072-30059,washers,20632128-b,716000000,2026-10-08 00:50:01,2026-10-07 20:35:15,0,15286.0,-15286.0,,Available,website maps this code to Available
1,00821485-0a9e-4e12-9735-f21c6d46f3bf,2026-10-08T00:50:01.326+00:00,2026-10-08T00:50:01.502+00:00,21072-30059,washers,20632044-b,716000000,2026-10-08 00:50:01,2026-10-07 06:53:39,0,64582.0,-64582.0,,Available,website maps this code to Available
1,00821485-0a9e-4e12-9735-f21c6d46f3bf,2026-10-08T00:50:01.326+00:00,2026-10-08T00:50:01.502+00:00,21072-30059,washers,20632094-b,716000000,2026-10-08 00:50:01,2026-10-07 06:07:39,0,67342.0,-67342.0,,Available,website maps this code to Available
1,00821485-0a9e-4e12-9735-f21c6d46f3bf,2026-10-08T00:50:01.326+00:00,2026-10-08T00:50:01.502+00:00,21072-30059,washers,20632123-b,516000000,2026-10-08 00:50:01,2026-10-08 00:04:42,0,2719.0,-2719.0,,Finished,
1,00821485-0a9e-4e12-9735-f21c6d46f3bf,2026-10-08T00:50:01.326+00:00,2026-10-08T00:50:01.502+00:00,21072-30059,washers,20632098-b,616000040,2026-10-08 00:50:01,2026-10-07 04:12:05,0,74276.0,-74276.0,,Error,
1,00821485-0a9e-4e12-9735-f21c6d46f3bf,2026-10-08T00:50:01.326+00:00,2026-10-08T00:50:01.502+00:00,21072-30059,dryers,20632096-a,716000000,2026-10-08 00:50:01,2026-10-07 01:07:52,0,85329.0,-85329.0,,Available,website maps this code to Available
1,00821485-0a9e-4e12-9735-f21c6d46f3bf,2026-10-08T00:50:01.326+00:00,2026-10-08T00:50:01.502+00:00,21072-30059,dryers,20632096-b,716000000,2026-10-08 00:50:01,2026-10-07 21:41:35,0,11306.0,-11306.0,,Available,website maps this code to Available
1,00821485-0a9e-4e12-9735-f21c6d46f3bf,2026-10-08T00:50:01.326+00:00,2026-10-08T00:50:01.502+00:00,21072-30059,dryers,20632118-a,716000000,2026-10-08 00:50:01,2026-10-07 18:39:43,0,22218.0,-22218.0,,Available,website maps this code to Available
1,00821485-0a9e-4e12-9735-f21c6d46f3bf,2026-10-08T00:50:01.326+00:00,2026-10-08T00:50:01.502+00:00,21072-30059,dryers,20632035-a,716000000,2026-10-08 00:50:01,2026-10-07 02:49:50,0,79211.0,-79211.0,,Available,website maps this code to Available
1,00821485-0a9e-4e12-9735-f21c6d46f3bf,2026-10-08T00:50:01.326+00:00,2026-10-08T00:50:01.502+00:00,21072-30059,dryers,20632102-a,416000000,2026-10-08 00:50:01,2026-10-08 00:33:37,45,984.0,1716.0,29,Running,
1,00821485-0a9e-4e12-9735-f21c6d46f3bf,2026-10-08T00:50:01.326+00:00,2026-10-08T00:50:01.502+00:00,21072-30059,dryers,20632060-a,716000000,2026-10-08 00:50:01,2026-10-07 03:04:43,0,78318.0,-78318.0,,Available,website maps this code to Available
1,00821485-0a9e-4e12-9735-f21c6d46f3bf,2026-10-08T00:50:01.326+00:00,2026-10-08T00:50:01.502+00:00,21072-30059,dryers,20632117-a,416000000,2026-10-08 00:50:01,2026-10-08 00:47:08,10,173.0,427.0,8,Running,
1,00821485-0a9e-4e12-9735-f21c6d46f3bf,2026-10-08T00:50:01.326+00:00,2026-10-08T00:50:01.502+00:00,21072-30059,dryers,20632037-a,416000000,2026-10-08 00:50:01,2026-10-08 00:32:50,45,1031.0,1669.0,28,Running,
1,00821485-0a9e-4e12-9735-f21c6d46f3bf,2026-10-08T00:50:01.326+00:00,2026-10-08T00:50:01.502+00:00,21072-30059,dryers,20632092-a,716000000,2026-10-08 00:50:01,2026-10-07 22:05:27,0,9874.0,-9874.0,,Available,website maps this code to Available
1,00821485-0a9e-4e12-9735-f21c6d46f3bf,2026-10-08T00:50:01.326+00:00,2026-10-08T00:50:01.502+00:00,21072-30059,dryers,20632128-a,716000000,2026-10-08 00:50:01,2026-10-07 22:06:02,0,9839.0,-9839.0,,Available,website maps this code to Available
1,00821485-0a9e-4e12-9735-f21c6d46f3bf,2026-10-08T00:50:01.326+00:00,2026-10-08T00:50:01.502+00:00,21072-30059,dryers,20632044-a,416000000,2026-10-08 00:50:01,2026-10-08 00:45:51,10,250.0,350.0,6,Running,
1,00821485-0a9e-4e12-9735-f21c6d46f3bf,2026-10-08T00:50:01.326+00:00,2026-10-08T00:50:01.502+00:00,21072-30059,dryers,20632094-a,716000000,2026-10-08 00:50:01,2026-10-07 07:58:50,0,60671.0,-60671.0,,Available,website maps this code to Available
1,00821485-0a9e-4e12-9735-f21c6d46f3bf,2026-10-08T00:50:01.326+00:00,2026-10-08T00:50:01.502+00:00,21072-30059,dryers,20632123-a,716000000,2026-10-08 00:50:01,2026-10-08 00:04:40,0,2721.0,-2721.0,,Available,website maps this code to Available
1,00821485-0a9e-4e12-9735-f21c6d46f3bf,2026-10-08T00:50:01.326+00:00,2026-10-08T00:50:01.502+00:00,21072-30059,dryers,20632098-a,616000040,2026-10-08 00:50:01,2026-10-07 04:11:00,0,74341.0,-74341.0,,Error,
1,b11e6bd6-a754-4103-a9c2-9a54c739d1d0,2026-10-08T00:52:01.282+00:00,2026-10-08T00:52:01.463+00:00,21072-30059,washers,20632118-b,716000000,2026-10-08 00:52:01,2026-10-07 20:53:09,0,14332.0,-14332.0,,Available,website maps this code to Available
1,b11e6bd6-a754-4103-a9c2-9a54c739d1d0,2026-10-08T00:52:01.282+00:00,2026-10-08T00:52:01.463+00:00,21072-30059,washers,20632035-b,716000000,2026-10-08 00:52:01,2026-10-07 04:03:57,0,74884.0,-74884.0,,Available,website maps this code to Available
1,b11e6bd6-a754-4103-a9c2-9a54c739d1d0,2026-10-08T00:52:01.282+00:00,2026-10-08T00:52:01.463+00:00,21072-30059,washers,20632102-b,716000000,2026-10-08 00:52:01,2026-10-07 23:34:21,0,4660.0,-4660.0,,Available,website maps this code to Available
1,b11e6bd6-a754-4103-a9c2-9a54c739d1d0,2026-10-08T00:52:01.282+00:00,2026-10-08T00:52:01.463+00:00,21072-30059,washers,20632060-b,716000000,2026-10-08 00:52:01,2026-10-07 23:19:28,0,5553.0,-5553.0,,Available,website maps this code to Available
1,b11e6bd6-a754-4103-a9c2-9a54c739d1d0,2026-10-08T00:52:01.282+00:00,2026-10-08T00:52:01.463+00:00,21072-30059,washers,20632117-b,716000000,2026-10-08 00:52:01,2026-10-07 23:18:55,0,5586.0,-5586.0,,Available,website maps this code to Available
1,b11e6bd6-a754-4103-a9c2-9a54c739d1d0,2026-10-08T00:52:01.282+00:00,2026-10-08T00:52:01.463+00:00,21072-30059,washers,20632037-b,716000000,2026-10-08 00:52:01,2026-10-07 20:32:19,0,15582.0,-15582.0,,Available,website maps this code to Available
1,b11e6bd6-a754-4103-a9c2-9a54c739d1d0,2026-10-08T00:52:01.282+00:00,2026-10-08T00:52:01.463+00:00,21072-30059,washers,20632092-b,716000000,2026-10-08 00:52:01,2026-10-07 20:33:56,0,15485.0,-15485.0,,Available,website maps this code to Available
1,b11e6bd6-a754-4103-a9c2-9a54c739d1d0,2026-10-08T00:52:01.282+00:00,2026-10-08T00:52:01.463+00:00,21072-30059,washers,20632128-b,716000000,2026-10-08 00:52:01,2026-10-07 20:35:15,0,15406.0,-15406.0,,Available,website maps this code to Available
1,b11e6bd6-a754-4103-a9c2-9a54c739d1d0,2026-10-08T00:52:01.282+00:00,2026-10-08T00:52:01.463+00:00,21072-30059,washers,20632044-b,716000000,2026-10-08 00:52:01,2026-10-07 06:53:39,0,64702.0,-64702.0,,Available,website maps this code to Available
1,b11e6bd6-a754-4103-a9c2-9a54c739d1d0,2026-10-08T00:52:01.282+00:00,2026-10-08T00:52:01.463+00:00,21072-30059,washers,20632094-b,716000000,2026-10-08 00:52:01,2026-10-07 06:07:39,0,67462.0,-67462.0,,Available,website maps this code to Available
1,b11e6bd6-a754-4103-a9c2-9a54c739d1d0,2026-10-08T00:52:01.282+00:00,2026-10-08T00:52:01.463+00:00,21072-30059,washers,20632123-b,516000000,2026-10-08 00:52:01,2026-10-08 00:04:42,0,2839.0,-2839.0,,Finished,
1,b11e6bd6-a754-4103-a9c2-9a54c739d1d0,2026-10-08T00:52:01.282+00:00,2026-10-08T00:52:01.463+00:00,21072-30059,washers,20632098-b,616000040,2026-10-08 00:52:01,2026-10-08 00:50:44,0,77.0,-77.0,,Error,
1,b11e6bd6-a754-4103-a9c2-9a54c739d1d0,2026-10-08T00:52:01.282+00:00,2026-10-08T00:52:01.463+00:00,21072-30059,dryers,20632096-a,716000000,2026-10-08 00:52:01,2026-10-08 00:51:10,0,51.0,-51.0,,Available,website maps this code to Available
1,b11e6bd6-a754-4103-a9c2-9a54c739d1d0,2026-10-08T00:52:01.282+00:00,2026-10-08T00:52:01.463+00:00,21072-30059,dryers,20632096-b,716000000,2026-10-08 00:52:01,2026-10-08 00:51:12,0,49.0,-49.0,,Available,website maps this code to Available
1,b11e6bd6-a754-4103-a9c2-9a54c739d1d0,2026-10-08T00:52:01.282+00:00,2026-10-08T00:52:01.463+00:00,21072-30059,dryers,20632118-a,716000000,2026-10-08 00:52:01,2026-10-07 18:39:43,0,22338.0,-22338.0,,Available,website maps this code to Available
1,b11e6bd6-a754-4103-a9c2-9a54c739d1d0,2026-10-08T00:52:01.282+00:00,2026-10-08T00:52:01.463+00:00,21072-30059,dryers,20632035-a,716000000,2026-10-08 00:52:01,2026-10-07 02:49:50,0,79331.0,-79331.0,,Available,website maps this code to Available
1,b11e6bd6-a754-4103-a9c2-9a54c739d1d0,2026-10-08T00:52:01.282+00:00,2026-10-08T00:52:01.463+00:00,21072-30059,dryers,20632102-a,416000000,2026-10-08 00:52:01,2026-10-08 00:33:37,45,1104.0,1596.0,27,Running,
1,b11e6bd6-a754-4103-a9c2-9a54c739d1d0,2026-10-08T00:52:01.282+00:00,2026-10-08T00:52:01.463+00:00,21072-30059,dryers,20632060-a,716000000,2026-10-08 00:52:01,2026-10-07 03:04:43,0,78438.0,-78438.0,,Available,website maps this code to Available
1,b11e6bd6-a754-4103-a9c2-9a54c739d1d0,2026-10-08T00:52:01.282+00:00,2026-10-08T00:52:01.463+00:00,21072-30059,dryers,20632117-a,416000000,2026-10-08 00:52:01,2026-10-08 00:47:08,10,293.0,307.0,6,Running,
1,b11e6bd6-a754-4103-a9c2-9a54c739d1d0,2026-10-08T00:52:01.282+00:00,2026-10-08T00:52:01.463+00:00,21072-30059,dryers,20632037-a,416000000,2026-10-08 00:52:01,2026-10-08 00:32:50,45,1151.0,1549.0,26,Running,
1,b11e6bd6-a754-4103-a9c2-9a54c739d1d0,2026-10-08T00:52:01.282+00:00,2026-10-08T00:52:01.463+00:00,21072-30059,dryers,20632092-a,716000000,2026-10-08 00:52:01,2026-10-07 22:05:27,0,9994.0,-9994.0,,Available,website maps this code to Available
1,b11e6bd6-a754-4103-a9c2-9a54c739d1d0,2026-10-08T00:52:01.282+00:00,2026-10-08T00:52:01.463+00:00,21072-30059,dryers,20632128-a,716000000,2026-10-08 00:52:01,2026-10-07 22:06:02,0,9959.0,-9959.0,,Available,website maps this code to Available
1,b11e6bd6-a754-4103-a9c2-9a54c739d1d0,2026-10-08T00:52:01.282+00:00,2026-10-08T00:52:01.463+00:00,21072-30059,dryers,20632044-a,416000000,2026-10-08 00:52:01,2026-10-08 00:45:51,10,370.0,230.0,4,Running,
1,b11e6bd6-a754-4103-a9c2-9a54c739d1d0,2026-10-08T00:52:01.282+00:00,2026-10-08T00:52:01.463+00:00,21072-30059,dryers,20632094-a,716000000,2026-10-08 00:52:01,2026-10-07 07:58:50,0,60791.0,-60791.0,,Available,website maps this code to Available
1,b11e6bd6-a754-4103-a9c2-9a54c739d1d0,2026-10-08T00:52:01.282+00:00,2026-10-08T00:52:01.463+00:00,21072-30059,dryers,20632123-a,716000000,2026-10-08 00:52:01,2026-10-08 00:04:40,0,2841.0,-2841.0,,Available,website maps this code to Available
1,b11e6bd6-a754-4103-a9c2-9a54c739d1d0,2026-10-08T00:52:01.282+00:00,2026-10-08T00:52:01.463+00:00,21072-30059,dryers,20632098-a,616000040,2026-10-08 00:52:01,2026-10-08 00:50:42,0,79.0,-79.0,,Error,
1,60ae366c-8faf-46c8-8421-8a6d81006588,2026-10-08T00:53:01.255+00:00,2026-10-08T00:53:01.437+00:00,21072-30059,washers,20632118-b,716000000,2026-10-08 00:53:01,2026-10-07 20:53:09,0,14392.0,-14392.0,,Available,website maps this code to Available
1,60ae366c-8faf-46c8-8421-8a6d81006588,2026-10-08T00:53:01.255+00:00,2026-10-08T00:53:01.437+00:00,21072-30059,washers,20632035-b,716000000,2026-10-08 00:53:01,2026-10-07 04:03:57,0,74944.0,-74944.0,,Available,website maps this code to Available
1,60ae366c-8faf-46c8-8421-8a6d81006588,2026-10-08T00:53:01.255+00:00,2026-10-08T00:53:01.437+00:00,21072-30059,washers,20632102-b,716000000,2026-10-08 00:53:01,2026-10-07 23:34:21,0,4720.0,-4720.0,,Available,website maps this code to Available
1,60ae366c-8faf-46c8-8421-8a6d81006588,2026-10-08T00:53:01.255+00:00,2026-10-08T00:53:01.437+00:00,21072-30059,washers,20632060-b,716000000,2026-10-08 00:53:01,2026-10-07 23:19:28,0,5613.0,-5613.0,,Available,website maps this code to Available
1,60ae366c-8faf-46c8-8421-8a6d81006588,2026-10-08T00:53:01.255+00:00,2026-10-08T00:53:01.437+00:00,21072-30059,washers,20632117-b,716000000,2026-10-08 00:53:01,2026-10-07 23:18:55,0,5646.0,-5646.0,,Available,website maps this code to Available
1,60ae366c-8faf-46c8-8421-8a6d81006588,2026-10-08T00:53:01.255+00:00,2026-10-08T00:53:01.437+00:00,21072-30059,washers,20632037-b,716000000,2026-10-08 00:53:01,2026-10-07 20:32:19,0,15642.0,-15642.0,,Available,website maps this code to Available
1,60ae366c-8faf-46c8-8421-8a6d81006588,2026-10-08T00:53:01.255+00:00,2026-10-08T00:53:01.437+00:00,21072-30059,washers,20632092-b,716000000,2026-10-08 00:53:01,2026-10-07 20:33:56,0,15545.0,-15545.0,,Available,website maps this code to Available
1,60ae366c-8faf-46c8-8421-8a6d81006588,2026-10-08T00:53:01.255+00:00,2026-10-08T00:53:01.437+00:00,21072-30059,washers,20632128-b,716000000,2026-10-08 00:53:01,2026-10-07 20:35:15,0,15466.0,-15466.0,,Available,website maps this code to Available
1,60ae366c-8faf-46c8-8421-8a6d81006588,2026-10-08T00:53:01.255+00:00,2026-10-08T00:53:01.437+00:00,21072-30059,washers,20632044-b,716000000,2026-10-08 00:53:01,2026-10-07 06:53:39,0,64762.0,-64762.0,,Available,website maps this code to Available
1,60ae366c-8faf-46c8-8421-8a6d81006588,2026-10-08T00:53:01.255+00:00,2026-10-08T00:53:01.437+00:00,21072-30059,washers,20632094-b,716000000,2026-10-08 00:53:01,2026-10-07 06:07:39,0,67522.0,-67522.0,,Available,website maps this code to Available
1,60ae366c-8faf-46c8-8421-8a6d81006588,2026-10-08T00:53:01.255+00:00,2026-10-08T00:53:01.437+00:00,21072-30059,washers,20632123-b,516000000,2026-10-08 00:53:01,2026-10-08 00:04:42,0,2899.0,-2899.0,,Finished,
1,60ae366c-8faf-46c8-8421-8a6d81006588,2026-10-08T00:53:01.255+00:00,2026-10-08T00:53:01.437+00:00,21072-30059,washers,20632098-b,616000040,2026-10-08 00:53:01,2026-10-08 00:50:44,0,137.0,-137.0,,Error,
1,60ae366c-8faf-46c8-8421-8a6d81006588,2026-10-08T00:53:01.255+00:00,2026-10-08T00:53:01.437+00:00,21072-30059,dryers,20632096-a,716000000,2026-10-08 00:53:01,2026-10-08 00:51:10,0,111.0,-111.0,,Available,website maps this code to Available
1,60ae366c-8faf-46c8-8421-8a6d81006588,2026-10-08T00:53:01.255+00:00,2026-10-08T00:53:01.437+00:00,21072-30059,dryers,20632096-b,716000000,2026-10-08 00:53:01,2026-10-08 00:51:12,0,109.0,-109.0,,Available,website maps this code to Available
1,60ae366c-8faf-46c8-8421-8a6d81006588,2026-10-08T00:53:01.255+00:00,2026-10-08T00:53:01.437+00:00,21072-30059,dryers,20632118-a,716000000,2026-10-08 00:53:01,2026-10-07 18:39:43,0,22398.0,-22398.0,,Available,website maps this code to Available
1,60ae366c-8faf-46c8-8421-8a6d81006588,2026-10-08T00:53:01.255+00:00,2026-10-08T00:53:01.437+00:00,21072-30059,dryers,20632035-a,716000000,2026-10-08 00:53:01,2026-10-07 02:49:50,0,79391.0,-79391.0,,Available,website maps this code to Available
1,60ae366c-8faf-46c8-8421-8a6d81006588,2026-10-08T00:53:01.255+00:00,2026-10-08T00:53:01.437+00:00,21072-30059,dryers,20632102-a,416000000,2026-10-08 00:53:01,2026-10-08 00:33:37,45,1164.0,1536.0,26,Running,
1,60ae366c-8faf-46c8-8421-8a6d81006588,2026-10-08T00:53:01.255+00:00,2026-10-08T00:53:01.437+00:00,21072-30059,dryers,20632060-a,716000000,2026-10-08 00:53:01,2026-10-07 03:04:43,0,78498.0,-78498.0,,Available,website maps this code to Available
1,60ae366c-8faf-46c8-8421-8a6d81006588,2026-10-08T00:53:01.255+00:00,2026-10-08T00:53:01.437+00:00,21072-30059,dryers,20632117-a,416000000,2026-10-08 00:53:01,2026-10-08 00:52:31,26,30.0,1530.0,26,Running,
1,60ae366c-8faf-46c8-8421-8a6d81006588,2026-10-08T00:53:01.255+00:00,2026-10-08T00:53:01.437+00:00,21072-30059,dryers,20632037-a,416000000,2026-10-08 00:53:01,2026-10-08 00:32:50,45,1211.0,1489.0,25,Running,
1,60ae366c-8faf-46c8-8421-8a6d81006588,2026-10-08T00:53:01.255+00:00,2026-10-08T00:53:01.437+00:00,21072-30059,dryers,20632092-a,716000000,2026-10-08 00:53:01,2026-10-07 22:05:27,0,10054.0,-10054.0,,Available,website maps this code to Available
1,60ae366c-8faf-46c8-8421-8a6d81006588,2026-10-08T00:53:01.255+00:00,2026-10-08T00:53:01.437+00:00,21072-30059,dryers,20632128-a,716000000,2026-10-08 00:53:01,2026-10-07 22:06:02,0,10019.0,-10019.0,,Available,website maps this code to Available
1,60ae366c-8faf-46c8-8421-8a6d81006588,2026-10-08T00:53:01.255+00:00,2026-10-08T00:53:01.437+00:00,21072-30059,dryers,20632044-a,416000000,2026-10-08 00:53:01,2026-10-08 00:45:51,10,430.0,170.0,3,Running,
1,60ae366c-8faf-46c8-8421-8a6d81006588,2026-10-08T00:53:01.255+00:00,2026-10-08T00:53:01.437+00:00,21072-30059,dryers,20632094-a,716000000,2026-10-08 00:53:01,2026-10-07 07:58:50,0,60851.0,-60851.0,,Available,website maps this code to Available
1,60ae366c-8faf-46c8-8421-8a6d81006588,2026-10-08T00:53:01.255+00:00,2026-10-08T00:53:01.437+00:00,21072-30059,dryers,20632123-a,716000000,2026-10-08 00:53:01,2026-10-08 00:04:40,0,2901.0,-2901.0,,Available,website maps this code to Available
1,60ae366c-8faf-46c8-8421-8a6d81006588,2026-10-08T00:53:01.255+00:00,2026-10-08T00:53:01.437+00:00,21072-30059,dryers,20632098-a,616000040,2026-10-08 00:53:01,2026-10-08 00:50:42,0,139.0,-139.0,,Error,
1,dc4c755a-b0d8-4b3f-ad0a-c9f54919f597,2026-10-08T00:54:00.835+00:00,2026-10-08T00:54:01.004+00:00,21072-30059,washers,20632118-b,716000000,2026-10-08 00:54:00,2026-10-07 20:53:09,0,14451.0,-14451.0,,Available,website maps this code to Available
1,dc4c755a-b0d8-4b3f-ad0a-c9f54919f597,2026-10-08T00:54:00.835+00:00,2026-10-08T00:54:01.004+00:00,21072-30059,washers,20632035-b,716000000,2026-10-08 00:54:00,2026-10-07 04:03:57,0,75003.0,-75003.0,,Available,website maps this code to Available
1,dc4c755a-b0d8-4b3f-ad0a-c9f54919f597,2026-10-08T00:54:00.835+00:00,2026-10-08T00:54:01.004+00:00,21072-30059,washers,20632102-b,716000000,2026-10-08 00:54:00,2026-10-07 23:34:21,0,4779.0,-4779.0,,Available,website maps this code to Available
1,dc4c755a-b0d8-4b3f-ad0a-c9f54919f597,2026-10-08T00:54:00.835+00:00,2026-10-08T00:54:01.004+00:00,21072-30059,washers,20632060-b,716000000,2026-10-08 00:54:00,2026-10-07 23:19:28,0,5672.0,-5672.0,,Available,website maps this code to Available
1,dc4c755a-b0d8-4b3f-ad0a-c9f54919f597,2026-10-08T00:54:00.835+00:00,2026-10-08T00:54:01.004+00:00,21072-30059,washers,20632117-b,716000000,2026-10-08 00:54:00,2026-10-07 23:18:55,0,5705.0,-5705.0,,Available,website maps this code to Available
1,dc4c755a-b0d8-4b3f-ad0a-c9f54919f597,2026-10-08T00:54:00.835+00:00,2026-10-08T00:54:01.004+00:00,21072-30059,washers,20632037-b,716000000,2026-10-08 00:54:00,2026-10-07 20:32:19,0,15701.0,-15701.0,,Available,website maps this code to Available
1,dc4c755a-b0d8-4b3f-ad0a-c9f54919f597,2026-10-08T00:54:00.835+00:00,2026-10-08T00:54:01.004+00:00,21072-30059,washers,20632092-b,716000000,2026-10-08 00:54:00,2026-10-07 20:33:56,0,15604.0,-15604.0,,Available,website maps this code to Available
1,dc4c755a-b0d8-4b3f-ad0a-c9f54919f597,2026-10-08T00:54:00.835+00:00,2026-10-08T00:54:01.004+00:00,21072-30059,washers,20632128-b,716000000,2026-10-08 00:54:00,2026-10-07 20:35:15,0,15525.0,-15525.0,,Available,website maps this code to Available
1,dc4c755a-b0d8-4b3f-ad0a-c9f54919f597,2026-10-08T00:54:00.835+00:00,2026-10-08T00:54:01.004+00:00,21072-30059,washers,20632044-b,716000000,2026-10-08 00:54:00,2026-10-07 06:53:39,0,64821.0,-64821.0,,Available,website maps this code to Available
1,dc4c755a-b0d8-4b3f-ad0a-c9f54919f597,2026-10-08T00:54:00.835+00:00,2026-10-08T00:54:01.004+00:00,21072-30059,washers,20632094-b,716000000,2026-10-08 00:54:00,2026-10-07 06:07:39,0,67581.0,-67581.0,,Available,website maps this code to Available
1,dc4c755a-b0d8-4b3f-ad0a-c9f54919f597,2026-10-08T00:54:00.835+00:00,2026-10-08T00:54:01.004+00:00,21072-30059,washers,20632123-b,516000000,2026-10-08 00:54:00,2026-10-08 00:04:42,0,2958.0,-2958.0,,Finished,
1,dc4c755a-b0d8-4b3f-ad0a-c9f54919f597,2026-10-08T00:54:00.835+00:00,2026-10-08T00:54:01.004+00:00,21072-30059,washers,20632098-b,616000040,2026-10-08 00:54:00,2026-10-08 00:50:44,0,196.0,-196.0,,Error,
1,dc4c755a-b0d8-4b3f-ad0a-c9f54919f597,2026-10-08T00:54:00.835+00:00,2026-10-08T00:54:01.004+00:00,21072-30059,dryers,20632096-a,716000000,2026-10-08 00:54:00,2026-10-08 00:51:10,0,170.0,-170.0,,Available,website maps this code to Available
1,dc4c755a-b0d8-4b3f-ad0a-c9f54919f597,2026-10-08T00:54:00.835+00:00,2026-10-08T00:54:01.004+00:00,21072-30059,dryers,20632096-b,716000000,2026-10-08 00:54:00,2026-10-08 00:51:12,0,168.0,-168.0,,Available,website maps this code to Available
1,dc4c755a-b0d8-4b3f-ad0a-c9f54919f597,2026-10-08T00:54:00.835+00:00,2026-10-08T00:54:01.004+00:00,21072-30059,dryers,20632118-a,716000000,2026-10-08 00:54:00,2026-10-07 18:39:43,0,22457.0,-22457.0,,Available,website maps this code to Available
1,dc4c755a-b0d8-4b3f-ad0a-c9f54919f597,2026-10-08T00:54:00.835+00:00,2026-10-08T00:54:01.004+00:00,21072-30059,dryers,20632035-a,716000000,2026-10-08 00:54:00,2026-10-07 02:49:50,0,79450.0,-79450.0,,Available,website maps this code to Available
1,dc4c755a-b0d8-4b3f-ad0a-c9f54919f597,2026-10-08T00:54:00.835+00:00,2026-10-08T00:54:01.004+00:00,21072-30059,dryers,20632102-a,416000000,2026-10-08 00:54:00,2026-10-08 00:33:37,45,1223.0,1477.0,25,Running,
1,dc4c755a-b0d8-4b3f-ad0a-c9f54919f597,2026-10-08T00:54:00.835+00:00,2026-10-08T00:54:01.004+00:00,21072-30059,dryers,20632060-a,716000000,2026-10-08 00:54:00,2026-10-07 03:04:43,0,78557.0,-78557.0,,Available,website maps this code to Available
1,dc4c755a-b0d8-4b3f-ad0a-c9f54919f597,2026-10-08T00:54:00.835+00:00,2026-10-08T00:54:01.004+00:00,21072-30059,dryers,20632117-a,416000000,2026-10-08 00:54:00,2026-10-08 00:52:31,26,89.0,1471.0,25,Running,
1,dc4c755a-b0d8-4b3f-ad0a-c9f54919f597,2026-10-08T00:54:00.835+00:00,2026-10-08T00:54:01.004+00:00,21072-30059,dryers,20632037-a,416000000,2026-10-08 00:54:00,2026-10-08 00:32:50,45,1270.0,1430.0,24,Running,
1,dc4c755a-b0d8-4b3f-ad0a-c9f54919f597,2026-10-08T00:54:00.835+00:00,2026-10-08T00:54:01.004+00:00,21072-30059,dryers,20632092-a,716000000,2026-10-08 00:54:00,2026-10-07 22:05:27,0,10113.0,-10113.0,,Available,website maps this code to Available
1,dc4c755a-b0d8-4b3f-ad0a-c9f54919f597,2026-10-08T00:54:00.835+00:00,2026-10-08T00:54:01.004+00:00,21072-30059,dryers,20632128-a,716000000,2026-10-08 00:54:00,2026-10-07 22:06:02,0,10078.0,-10078.0,,Available,website maps this code to Available
1,dc4c755a-b0d8-4b3f-ad0a-c9f54919f597,2026-10-08T00:54:00.835+00:00,2026-10-08T00:54:01.004+00:00,21072-30059,dryers,20632044-a,416000000,2026-10-08 00:54:00,2026-10-08 00:45:51,10,489.0,111.0,2,Running,
1,dc4c755a-b0d8-4b3f-ad0a-c9f54919f597,2026-10-08T00:54:00.835+00:00,2026-10-08T00:54:01.004+00:00,21072-30059,dryers,20632094-a,716000000,2026-10-08 00:54:00,2026-10-07 07:58:50,0,60910.0,-60910.0,,Available,website maps this code to Available
1,dc4c755a-b0d8-4b3f-ad0a-c9f54919f597,2026-10-08T00:54:00.835+00:00,2026-10-08T00:54:01.004+00:00,21072-30059,dryers,20632123-a,716000000,2026-10-08 00:54:00,2026-10-08 00:04:40,0,2960.0,-2960.0,,Available,website maps this code to Available
1,dc4c755a-b0d8-4b3f-ad0a-c9f54919f597,2026-10-08T00:54:00.835+00:00,2026-10-08T00:54:01.004+00:00,21072-30059,dryers,20632098-a,616000040,2026-10-08 00:54:00,2026-10-08 00:50:42,0,198.0,-198.0,,Error,
1,3c078e4a-363d-4a4c-a51c-4b4c7f6715b3,2026-10-08T00:55:01.304+00:00,2026-10-08T00:55:01.495+00:00,21072-30059,washers,20632118-b,716000000,2026-10-08 00:55:01,2026-10-07 20:53:09,0,14512.0,-14512.0,,Available,website maps this code to Available
1,3c078e4a-363d-4a4c-a51c-4b4c7f6715b3,2026-10-08T00:55:01.304+00:00,2026-10-08T00:55:01.495+00:00,21072-30059,washers,20632035-b,716000000,2026-10-08 00:55:01,2026-10-07 04:03:57,0,75064.0,-75064.0,,Available,website maps this code to Available
1,3c078e4a-363d-4a4c-a51c-4b4c7f6715b3,2026-10-08T00:55:01.304+00:00,2026-10-08T00:55:01.495+00:00,21072-30059,washers,20632102-b,716000000,2026-10-08 00:55:01,2026-10-07 23:34:21,0,4840.0,-4840.0,,Available,website maps this code to Available
1,3c078e4a-363d-4a4c-a51c-4b4c7f6715b3,2026-10-08T00:55:01.304+00:00,2026-10-08T00:55:01.495+00:00,21072-30059,washers,20632060-b,716000000,2026-10-08 00:55:01,2026-10-07 23:19:28,0,5733.0,-5733.0,,Available,website maps this code to Available
1,3c078e4a-363d-4a4c-a51c-4b4c7f6715b3,2026-10-08T00:55:01.304+00:00,2026-10-08T00:55:01.495+00:00,21072-30059,washers,20632117-b,716000000,2026-10-08 00:55:01,2026-10-07 23:18:55,0,5766.0,-5766.0,,Available,website maps this code to Available
1,3c078e4a-363d-4a4c-a51c-4b4c7f6715b3,2026-10-08T00:55:01.304+00:00,2026-10-08T00:55:01.495+00:00,21072-30059,washers,20632037-b,716000000,2026-10-08 00:55:01,2026-10-07 20:32:19,0,15762.0,-15762.0,,Available,website maps this code to Available
1,3c078e4a-363d-4a4c-a51c-4b4c7f6715b3,2026-10-08T00:55:01.304+00:00,2026-10-08T00:55:01.495+00:00,21072-30059,washers,20632092-b,716000000,2026-10-08 00:55:01,2026-10-07 20:33:56,0,15665.0,-15665.0,,Available,website maps this code to Available
1,3c078e4a-363d-4a4c-a51c-4b4c7f6715b3,2026-10-08T00:55:01.304+00:00,2026-10-08T00:55:01.495+00:00,21072-30059,washers,20632128-b,716000000,2026-10-08 00:55:01,2026-10-07 20:35:15,0,15586.0,-15586.0,,Available,website maps this code to Available
1,3c078e4a-363d-4a4c-a51c-4b4c7f6715b3,2026-10-08T00:55:01.304+00:00,2026-10-08T00:55:01.495+00:00,21072-30059,washers,20632044-b,716000000,2026-10-08 00:55:01,2026-10-07 06:53:39,0,64882.0,-64882.0,,Available,website maps this code to Available
1,3c078e4a-363d-4a4c-a51c-4b4c7f6715b3,2026-10-08T00:55:01.304+00:00,2026-10-08T00:55:01.495+00:00,21072-30059,washers,20632094-b,716000000,2026-10-08 00:55:01,2026-10-07 06:07:39,0,67642.0,-67642.0,,Available,website maps this code to Available
1,3c078e4a-363d-4a4c-a51c-4b4c7f6715b3,2026-10-08T00:55:01.304+00:00,2026-10-08T00:55:01.495+00:00,21072-30059,washers,20632123-b,516000000,2026-10-08 00:55:01,2026-10-08 00:04:42,0,3019.0,-3019.0,,Finished,
1,3c078e4a-363d-4a4c-a51c-4b4c7f6715b3,2026-10-08T00:55:01.304+00:00,2026-10-08T00:55:01.495+00:00,21072-30059,washers,20632098-b,616000040,2026-10-08 00:55:01,2026-10-08 00:50:44,0,257.0,-257.0,,Error,
1,3c078e4a-363d-4a4c-a51c-4b4c7f6715b3,2026-10-08T00:55:01.304+00:00,2026-10-08T00:55:01.495+00:00,21072-30059,dryers,20632096-a,716000000,2026-10-08 00:55:01,2026-10-08 00:51:10,0,231.0,-231.0,,Available,website maps this code to Available
1,3c078e4a-363d-4a4c-a51c-4b4c7f6715b3,2026-10-08T00:55:01.304+00:00,2026-10-08T00:55:01.495+00:00,21072-30059,dryers,20632096-b,716000000,2026-10-08 00:55:01,2026-10-08 00:51:12,0,229.0,-229.0,,Available,website maps this code to Available
1,3c078e4a-363d-4a4c-a51c-4b4c7f6715b3,2026-10-08T00:55:01.304+00:00,2026-10-08T00:55:01.495+00:00,21072-30059,dryers,20632118-a,716000000,2026-10-08 00:55:01,2026-10-07 18:39:43,0,22518.0,-22518.0,,Available,website maps this code to Available
1,3c078e4a-363d-4a4c-a51c-4b4c7f6715b3,2026-10-08T00:55:01.304+00:00,2026-10-08T00:55:01.495+00:00,21072-30059,dryers,20632035-a,716000000,2026-10-08 00:55:01,2026-10-07 02:49:50,0,79511.0,-79511.0,,Available,website maps this code to Available
1,3c078e4a-363d-4a4c-a51c-4b4c7f6715b3,2026-10-08T00:55:01.304+00:00,2026-10-08T00:55:01.495+00:00,21072-30059,dryers,20632102-a,416000000,2026-10-08 00:55:01,2026-10-08 00:33:37,45,1284.0,1416.0,24,Running,
1,3c078e4a-363d-4a4c-a51c-4b4c7f6715b3,2026-10-08T00:55:01.304+00:00,2026-10-08T00:55:01.495+00:00,21072-30059,dryers,20632060-a,716000000,2026-10-08 00:55:01,2026-10-07 03:04:43,0,78618.0,-78618.0,,Available,website maps this code to Available
1,3c078e4a-363d-4a4c-a51c-4b4c7f6715b3,2026-10-08T00:55:01.304+00:00,2026-10-08T00:55:01.495+00:00,21072-30059,dryers,20632117-a,416000000,2026-10-08 00:55:01,2026-10-08 00:52:31,26,150.0,1410.0,24,Running,
1,3c078e4a-363d-4a4c-a51c-4b4c7f6715b3,2026-10-08T00:55:01.304+00:00,2026-10-08T00:55:01.495+00:00,21072-30059,dryers,20632037-a,416000000,2026-10-08 00:55:01,2026-10-08 00:32:50,45,1331.0,1369.0,23,Running,
1,3c078e4a-363d-4a4c-a51c-4b4c7f6715b3,2026-10-08T00:55:01.304+00:00,2026-10-08T00:55:01.495+00:00,21072-30059,dryers,20632092-a,716000000,2026-10-08 00:55:01,2026-10-07 22:05:27,0,10174.0,-10174.0,,Available,website maps this code to Available
1,3c078e4a-363d-4a4c-a51c-4b4c7f6715b3,2026-10-08T00:55:01.304+00:00,2026-10-08T00:55:01.495+00:00,21072-30059,dryers,20632128-a,716000000,2026-10-08 00:55:01,2026-10-07 22:06:02,0,10139.0,-10139.0,,Available,website maps this code to Available
1,3c078e4a-363d-4a4c-a51c-4b4c7f6715b3,2026-10-08T00:55:01.304+00:00,2026-10-08T00:55:01.495+00:00,21072-30059,dryers,20632044-a,416000000,2026-10-08 00:55:01,2026-10-08 00:45:51,10,550.0,50.0,1,Running,
1,3c078e4a-363d-4a4c-a51c-4b4c7f6715b3,2026-10-08T00:55:01.304+00:00,2026-10-08T00:55:01.495+00:00,21072-30059,dryers,20632094-a,716000000,2026-10-08 00:55:01,2026-10-07 07:58:50,0,60971.0,-60971.0,,Available,website maps this code to Available
1,3c078e4a-363d-4a4c-a51c-4b4c7f6715b3,2026-10-08T00:55:01.304+00:00,2026-10-08T00:55:01.495+00:00,21072-30059,dryers,20632123-a,716000000,2026-10-08 00:55:01,2026-10-08 00:04:40,0,3021.0,-3021.0,,Available,website maps this code to Available
1,3c078e4a-363d-4a4c-a51c-4b4c7f6715b3,2026-10-08T00:55:01.304+00:00,2026-10-08T00:55:01.495+00:00,21072-30059,dryers,20632098-a,616000040,2026-10-08 00:55:01,2026-10-08 00:50:42,0,259.0,-259.0,,Error,
1,79b7ebce-ba1d-43bc-ab0b-db282bc948c7,2026-10-08T00:56:01.300+00:00,2026-10-08T00:56:01.506+00:00,21072-30059,washers,20632118-b,716000000,2026-10-08 00:56:01,2026-10-07 20:53:09,0,14572.0,-14572.0,,Available,website maps this code to Available
1,79b7ebce-ba1d-43bc-ab0b-db282bc948c7,2026-10-08T00:56:01.300+00:00,2026-10-08T00:56:01.506+00:00,21072-30059,washers,20632035-b,716000000,2026-10-08 00:56:01,2026-10-07 04:03:57,0,75124.0,-75124.0,,Available,website maps this code to Available
1,79b7ebce-ba1d-43bc-ab0b-db282bc948c7,2026-10-08T00:56:01.300+00:00,2026-10-08T00:56:01.506+00:00,21072-30059,washers,20632102-b,716000000,2026-10-08 00:56:01,2026-10-07 23:34:21,0,4900.0,-4900.0,,Available,website maps this code to Available
1,79b7ebce-ba1d-43bc-ab0b-db282bc948c7,2026-10-08T00:56:01.300+00:00,2026-10-08T00:56:01.506+00:00,21072-30059,washers,20632060-b,716000000,2026-10-08 00:56:01,2026-10-07 23:19:28,0,5793.0,-5793.0,,Available,website maps this code to Available
1,79b7ebce-ba1d-43bc-ab0b-db282bc948c7,2026-10-08T00:56:01.300+00:00,2026-10-08T00:56:01.506+00:00,21072-30059,washers,20632117-b,716000000,2026-10-08 00:56:01,2026-10-07 23:18:55,0,5826.0,-5826.0,,Available,website maps this code to Available
1,79b7ebce-ba1d-43bc-ab0b-db282bc948c7,2026-10-08T00:56:01.300+00:00,2026-10-08T00:56:01.506+00:00,21072-30059,washers,20632037-b,716000000,2026-10-08 00:56:01,2026-10-07 20:32:19,0,15822.0,-15822.0,,Available,website maps this code to Available
1,79b7ebce-ba1d-43bc-ab0b-db282bc948c7,2026-10-08T00:56:01.300+00:00,2026-10-08T00:56:01.506+00:00,21072-30059,washers,20632092-b,716000000,2026-10-08 00:56:01,2026-10-07 20:33:56,0,15725.0,-15725.0,,Available,website maps this code to Available
1,79b7ebce-ba1d-43bc-ab0b-db282bc948c7,2026-10-08T00:56:01.300+00:00,2026-10-08T00:56:01.506+00:00,21072-30059,washers,20632128-b,716000000,2026-10-08 00:56:01,2026-10-07 20:35:15,0,15646.0,-15646.0,,Available,website maps this code to Available
1,79b7ebce-ba1d-43bc-ab0b-db282bc948c7,2026-10-08T00:56:01.300+00:00,2026-10-08T00:56:01.506+00:00,21072-30059,washers,20632044-b,716000000,2026-10-08 00:56:01,2026-10-07 06:53:39,0,64942.0,-64942.0,,Available,website maps this code to Available
1,79b7ebce-ba1d-43bc-ab0b-db282bc948c7,2026-10-08T00:56:01.300+00:00,2026-10-08T00:56:01.506+00:00,21072-30059,washers,20632094-b,716000000,2026-10-08 00:56:01,2026-10-07 06:07:39,0,67702.0,-67702.0,,Available,website maps this code to Available
1,79b7ebce-ba1d-43bc-ab0b-db282bc948c7,2026-10-08T00:56:01.300+00:00,2026-10-08T00:56:01.506+00:00,21072-30059,washers,20632123-b,516000000,2026-10-08 00:56:01,2026-10-08 00:04:42,0,3079.0,-3079.0,,Finished,
1,79b7ebce-ba1d-43bc-ab0b-db282bc948c7,2026-10-08T00:56:01.300+00:00,2026-10-08T00:56:01.506+00:00,21072-30059,washers,20632098-b,616000040,2026-10-08 00:56:01,2026-10-08 00:50:44,0,317.0,-317.0,,Error,
1,79b7ebce-ba1d-43bc-ab0b-db282bc948c7,2026-10-08T00:56:01.300+00:00,2026-10-08T00:56:01.506+00:00,21072-30059,dryers,20632096-a,716000000,2026-10-08 00:56:01,2026-10-08 00:51:10,0,291.0,-291.0,,Available,website maps this code to Available
1,79b7ebce-ba1d-43bc-ab0b-db282bc948c7,2026-10-08T00:56:01.300+00:00,2026-10-08T00:56:01.506+00:00,21072-30059,dryers,20632096-b,716000000,2026-10-08 00:56:01,2026-10-08 00:51:12,0,289.0,-289.0,,Available,website maps this code to Available
1,79b7ebce-ba1d-43bc-ab0b-db282bc948c7,2026-10-08T00:56:01.300+00:00,2026-10-08T00:56:01.506+00:00,21072-30059,dryers,20632118-a,716000000,2026-10-08 00:56:01,2026-10-07 18:39:43,0,22578.0,-22578.0,,Available,website maps this code to Available
1,79b7ebce-ba1d-43bc-ab0b-db282bc948c7,2026-10-08T00:56:01.300+00:00,2026-10-08T00:56:01.506+00:00,21072-30059,dryers,20632035-a,716000000,2026-10-08 00:56:01,2026-10-07 02:49:50,0,79571.0,-79571.0,,Available,website maps this code to Available
1,79b7ebce-ba1d-43bc-ab0b-db282bc948c7,2026-10-08T00:56:01.300+00:00,2026-10-08T00:56:01.506+00:00,21072-30059,dryers,20632102-a,416000000,2026-10-08 00:56:01,2026-10-08 00:33:37,45,1344.0,1356.0,23,Running,
1,79b7ebce-ba1d-43bc-ab0b-db282bc948c7,2026-10-08T00:56:01.300+00:00,2026-10-08T00:56:01.506+00:00,21072-30059,dryers,20632060-a,716000000,2026-10-08 00:56:01,2026-10-07 03:04:43,0,78678.0,-78678.0,,Available,website maps this code to Available
1,79b7ebce-ba1d-43bc-ab0b-db282bc948c7,2026-10-08T00:56:01.300+00:00,2026-10-08T00:56:01.506+00:00,21072-30059,dryers,20632117-a,416000000,2026-10-08 00:56:01,2026-10-08 00:52:31,26,210.0,1350.0,23,Running,
1,79b7ebce-ba1d-43bc-ab0b-db282bc948c7,2026-10-08T00:56:01.300+00:00,2026-10-08T00:56:01.506+00:00,21072-30059,dryers,20632037-a,416000000,2026-10-08 00:56:01,2026-10-08 00:32:50,45,1391.0,1309.0,22,Running,
1,79b7ebce-ba1d-43bc-ab0b-db282bc948c7,2026-10-08T00:56:01.300+00:00,2026-10-08T00:56:01.506+00:00,21072-30059,dryers,20632092-a,716000000,2026-10-08 00:56:01,2026-10-07 22:05:27,0,10234.0,-10234.0,,Available,website maps this code to Available
1,79b7ebce-ba1d-43bc-ab0b-db282bc948c7,2026-10-08T00:56:01.300+00:00,2026-10-08T00:56:01.506+00:00,21072-30059,dryers,20632128-a,716000000,2026-10-08 00:56:01,2026-10-07 22:06:02,0,10199.0,-10199.0,,Available,website maps this code to Available
1,79b7ebce-ba1d-43bc-ab0b-db282bc948c7,2026-10-08T00:56:01.300+00:00,2026-10-08T00:56:01.506+00:00,21072-30059,dryers,20632044-a,416000000,2026-10-08 00:56:01,2026-10-08 00:45:51,10,610.0,-10.0,,Available,website fallback: countdown expired
1,79b7ebce-ba1d-43bc-ab0b-db282bc948c7,2026-10-08T00:56:01.300+00:00,2026-10-08T00:56:01.506+00:00,21072-30059,dryers,20632094-a,716000000,2026-10-08 00:56:01,2026-10-07 07:58:50,0,61031.0,-61031.0,,Available,website maps this code to Available
1,79b7ebce-ba1d-43bc-ab0b-db282bc948c7,2026-10-08T00:56:01.300+00:00,2026-10-08T00:56:01.506+00:00,21072-30059,dryers,20632123-a,716000000,2026-10-08 00:56:01,2026-10-08 00:04:40,0,3081.0,-3081.0,,Available,website maps this code to Available
1,79b7ebce-ba1d-43bc-ab0b-db282bc948c7,2026-10-08T00:56:01.300+00:00,2026-10-08T00:56:01.506+00:00,21072-30059,dryers,20632098-a,616000040,2026-10-08 00:56:01,2026-10-08 00:50:42,0,319.0,-319.0,,Error,
1,3622d65e-cb9a-40d4-b8e2-ff2b2740dcfb,2026-10-08T00:57:01.302+00:00,2026-10-08T00:57:01.472+00:00,21072-30059,washers,20632118-b,716000000,2026-10-08 00:57:01,2026-10-07 20:53:09,0,14632.0,-14632.0,,Available,website maps this code to Available
1,3622d65e-cb9a-40d4-b8e2-ff2b2740dcfb,2026-10-08T00:57:01.302+00:00,2026-10-08T00:57:01.472+00:00,21072-30059,washers,20632035-b,716000000,2026-10-08 00:57:01,2026-10-07 04:03:57,0,75184.0,-75184.0,,Available,website maps this code to Available
1,3622d65e-cb9a-40d4-b8e2-ff2b2740dcfb,2026-10-08T00:57:01.302+00:00,2026-10-08T00:57:01.472+00:00,21072-30059,washers,20632102-b,716000000,2026-10-08 00:57:01,2026-10-07 23:34:21,0,4960.0,-4960.0,,Available,website maps this code to Available
1,3622d65e-cb9a-40d4-b8e2-ff2b2740dcfb,2026-10-08T00:57:01.302+00:00,2026-10-08T00:57:01.472+00:00,21072-30059,washers,20632060-b,716000000,2026-10-08 00:57:01,2026-10-07 23:19:28,0,5853.0,-5853.0,,Available,website maps this code to Available
1,3622d65e-cb9a-40d4-b8e2-ff2b2740dcfb,2026-10-08T00:57:01.302+00:00,2026-10-08T00:57:01.472+00:00,21072-30059,washers,20632117-b,716000000,2026-10-08 00:57:01,2026-10-07 23:18:55,0,5886.0,-5886.0,,Available,website maps this code to Available
1,3622d65e-cb9a-40d4-b8e2-ff2b2740dcfb,2026-10-08T00:57:01.302+00:00,2026-10-08T00:57:01.472+00:00,21072-30059,washers,20632037-b,716000000,2026-10-08 00:57:01,2026-10-07 20:32:19,0,15882.0,-15882.0,,Available,website maps this code to Available
1,3622d65e-cb9a-40d4-b8e2-ff2b2740dcfb,2026-10-08T00:57:01.302+00:00,2026-10-08T00:57:01.472+00:00,21072-30059,washers,20632092-b,716000000,2026-10-08 00:57:01,2026-10-07 20:33:56,0,15785.0,-15785.0,,Available,website maps this code to Available
1,3622d65e-cb9a-40d4-b8e2-ff2b2740dcfb,2026-10-08T00:57:01.302+00:00,2026-10-08T00:57:01.472+00:00,21072-30059,washers,20632128-b,716000000,2026-10-08 00:57:01,2026-10-07 20:35:15,0,15706.0,-15706.0,,Available,website maps this code to Available
1,3622d65e-cb9a-40d4-b8e2-ff2b2740dcfb,2026-10-08T00:57:01.302+00:00,2026-10-08T00:57:01.472+00:00,21072-30059,washers,20632044-b,716000000,2026-10-08 00:57:01,2026-10-07 06:53:39,0,65002.0,-65002.0,,Available,website maps this code to Available
1,3622d65e-cb9a-40d4-b8e2-ff2b2740dcfb,2026-10-08T00:57:01.302+00:00,2026-10-08T00:57:01.472+00:00,21072-30059,washers,20632094-b,716000000,2026-10-08 00:57:01,2026-10-07 06:07:39,0,67762.0,-67762.0,,Available,website maps this code to Available
1,3622d65e-cb9a-40d4-b8e2-ff2b2740dcfb,2026-10-08T00:57:01.302+00:00,2026-10-08T00:57:01.472+00:00,21072-30059,washers,20632123-b,516000000,2026-10-08 00:57:01,2026-10-08 00:04:42,0,3139.0,-3139.0,,Finished,
1,3622d65e-cb9a-40d4-b8e2-ff2b2740dcfb,2026-10-08T00:57:01.302+00:00,2026-10-08T00:57:01.472+00:00,21072-30059,washers,20632098-b,616000040,2026-10-08 00:57:01,2026-10-08 00:50:44,0,377.0,-377.0,,Error,
1,3622d65e-cb9a-40d4-b8e2-ff2b2740dcfb,2026-10-08T00:57:01.302+00:00,2026-10-08T00:57:01.472+00:00,21072-30059,dryers,20632096-a,716000000,2026-10-08 00:57:01,2026-10-08 00:51:10,0,351.0,-351.0,,Available,website maps this code to Available
1,3622d65e-cb9a-40d4-b8e2-ff2b2740dcfb,2026-10-08T00:57:01.302+00:00,2026-10-08T00:57:01.472+00:00,21072-30059,dryers,20632096-b,716000000,2026-10-08 00:57:01,2026-10-08 00:51:12,0,349.0,-349.0,,Available,website maps this code to Available
1,3622d65e-cb9a-40d4-b8e2-ff2b2740dcfb,2026-10-08T00:57:01.302+00:00,2026-10-08T00:57:01.472+00:00,21072-30059,dryers,20632118-a,716000000,2026-10-08 00:57:01,2026-10-07 18:39:43,0,22638.0,-22638.0,,Available,website maps this code to Available
1,3622d65e-cb9a-40d4-b8e2-ff2b2740dcfb,2026-10-08T00:57:01.302+00:00,2026-10-08T00:57:01.472+00:00,21072-30059,dryers,20632035-a,716000000,2026-10-08 00:57:01,2026-10-07 02:49:50,0,79631.0,-79631.0,,Available,website maps this code to Available
1,3622d65e-cb9a-40d4-b8e2-ff2b2740dcfb,2026-10-08T00:57:01.302+00:00,2026-10-08T00:57:01.472+00:00,21072-30059,dryers,20632102-a,416000000,2026-10-08 00:57:01,2026-10-08 00:33:37,45,1404.0,1296.0,22,Running,
1,3622d65e-cb9a-40d4-b8e2-ff2b2740dcfb,2026-10-08T00:57:01.302+00:00,2026-10-08T00:57:01.472+00:00,21072-30059,dryers,20632060-a,716000000,2026-10-08 00:57:01,2026-10-07 03:04:43,0,78738.0,-78738.0,,Available,website maps this code to Available
1,3622d65e-cb9a-40d4-b8e2-ff2b2740dcfb,2026-10-08T00:57:01.302+00:00,2026-10-08T00:57:01.472+00:00,21072-30059,dryers,20632117-a,416000000,2026-10-08 00:57:01,2026-10-08 00:52:31,26,270.0,1290.0,22,Running,
1,3622d65e-cb9a-40d4-b8e2-ff2b2740dcfb,2026-10-08T00:57:01.302+00:00,2026-10-08T00:57:01.472+00:00,21072-30059,dryers,20632037-a,416000000,2026-10-08 00:57:01,2026-10-08 00:32:50,45,1451.0,1249.0,21,Running,
1,3622d65e-cb9a-40d4-b8e2-ff2b2740dcfb,2026-10-08T00:57:01.302+00:00,2026-10-08T00:57:01.472+00:00,21072-30059,dryers,20632092-a,716000000,2026-10-08 00:57:01,2026-10-07 22:05:27,0,10294.0,-10294.0,,Available,website maps this code to Available
1,3622d65e-cb9a-40d4-b8e2-ff2b2740dcfb,2026-10-08T00:57:01.302+00:00,2026-10-08T00:57:01.472+00:00,21072-30059,dryers,20632128-a,716000000,2026-10-08 00:57:01,2026-10-07 22:06:02,0,10259.0,-10259.0,,Available,website maps this code to Available
1,3622d65e-cb9a-40d4-b8e2-ff2b2740dcfb,2026-10-08T00:57:01.302+00:00,2026-10-08T00:57:01.472+00:00,21072-30059,dryers,20632044-a,416000000,2026-10-08 00:57:01,2026-10-08 00:56:05,10,56.0,544.0,10,Running,
1,3622d65e-cb9a-40d4-b8e2-ff2b2740dcfb,2026-10-08T00:57:01.302+00:00,2026-10-08T00:57:01.472+00:00,21072-30059,dryers,20632094-a,716000000,2026-10-08 00:57:01,2026-10-07 07:58:50,0,61091.0,-61091.0,,Available,website maps this code to Available
1,3622d65e-cb9a-40d4-b8e2-ff2b2740dcfb,2026-10-08T00:57:01.302+00:00,2026-10-08T00:57:01.472+00:00,21072-30059,dryers,20632123-a,716000000,2026-10-08 00:57:01,2026-10-08 00:04:40,0,3141.0,-3141.0,,Available,website maps this code to Available
1,3622d65e-cb9a-40d4-b8e2-ff2b2740dcfb,2026-10-08T00:57:01.302+00:00,2026-10-08T00:57:01.472+00:00,21072-30059,dryers,20632098-a,616000040,2026-10-08 00:57:01,2026-10-08 00:50:42,0,379.0,-379.0,,Error,
1,bfc7ede1-7744-45fc-9af9-74bac2bfb903,2026-10-08T00:58:01.294+00:00,2026-10-08T00:58:01.473+00:00,21072-30059,washers,20632118-b,716000000,2026-10-08 00:58:01,2026-10-07 20:53:09,0,14692.0,-14692.0,,Available,website maps this code to Available
1,bfc7ede1-7744-45fc-9af9-74bac2bfb903,2026-10-08T00:58:01.294+00:00,2026-10-08T00:58:01.473+00:00,21072-30059,washers,20632035-b,716000000,2026-10-08 00:58:01,2026-10-07 04:03:57,0,75244.0,-75244.0,,Available,website maps this code to Available
1,bfc7ede1-7744-45fc-9af9-74bac2bfb903,2026-10-08T00:58:01.294+00:00,2026-10-08T00:58:01.473+00:00,21072-30059,washers,20632102-b,716000000,2026-10-08 00:58:01,2026-10-07 23:34:21,0,5020.0,-5020.0,,Available,website maps this code to Available
1,bfc7ede1-7744-45fc-9af9-74bac2bfb903,2026-10-08T00:58:01.294+00:00,2026-10-08T00:58:01.473+00:00,21072-30059,washers,20632060-b,716000000,2026-10-08 00:58:01,2026-10-07 23:19:28,0,5913.0,-5913.0,,Available,website maps this code to Available
1,bfc7ede1-7744-45fc-9af9-74bac2bfb903,2026-10-08T00:58:01.294+00:00,2026-10-08T00:58:01.473+00:00,21072-30059,washers,20632117-b,716000000,2026-10-08 00:58:01,2026-10-07 23:18:55,0,5946.0,-5946.0,,Available,website maps this code to Available
1,bfc7ede1-7744-45fc-9af9-74bac2bfb903,2026-10-08T00:58:01.294+00:00,2026-10-08T00:58:01.473+00:00,21072-30059,washers,20632037-b,716000000,2026-10-08 00:58:01,2026-10-07 20:32:19,0,15942.0,-15942.0,,Available,website maps this code to Available
1,bfc7ede1-7744-45fc-9af9-74bac2bfb903,2026-10-08T00:58:01.294+00:00,2026-10-08T00:58:01.473+00:00,21072-30059,washers,20632092-b,716000000,2026-10-08 00:58:01,2026-10-07 20:33:56,0,15845.0,-15845.0,,Available,website maps this code to Available
1,bfc7ede1-7744-45fc-9af9-74bac2bfb903,2026-10-08T00:58:01.294+00:00,2026-10-08T00:58:01.473+00:00,21072-30059,washers,20632128-b,716000000,2026-10-08 00:58:01,2026-10-07 20:35:15,0,15766.0,-15766.0,,Available,website maps this code to Available
1,bfc7ede1-7744-45fc-9af9-74bac2bfb903,2026-10-08T00:58:01.294+00:00,2026-10-08T00:58:01.473+00:00,21072-30059,washers,20632044-b,716000000,2026-10-08 00:58:01,2026-10-07 06:53:39,0,65062.0,-65062.0,,Available,website maps this code to Available
1,bfc7ede1-7744-45fc-9af9-74bac2bfb903,2026-10-08T00:58:01.294+00:00,2026-10-08T00:58:01.473+00:00,21072-30059,washers,20632094-b,716000000,2026-10-08 00:58:01,2026-10-07 06:07:39,0,67822.0,-67822.0,,Available,website maps this code to Available
1,bfc7ede1-7744-45fc-9af9-74bac2bfb903,2026-10-08T00:58:01.294+00:00,2026-10-08T00:58:01.473+00:00,21072-30059,washers,20632123-b,516000000,2026-10-08 00:58:01,2026-10-08 00:04:42,0,3199.0,-3199.0,,Finished,
1,bfc7ede1-7744-45fc-9af9-74bac2bfb903,2026-10-08T00:58:01.294+00:00,2026-10-08T00:58:01.473+00:00,21072-30059,washers,20632098-b,616000040,2026-10-08 00:58:01,2026-10-08 00:50:44,0,437.0,-437.0,,Error,
1,bfc7ede1-7744-45fc-9af9-74bac2bfb903,2026-10-08T00:58:01.294+00:00,2026-10-08T00:58:01.473+00:00,21072-30059,dryers,20632096-a,716000000,2026-10-08 00:58:01,2026-10-08 00:51:10,0,411.0,-411.0,,Available,website maps this code to Available
1,bfc7ede1-7744-45fc-9af9-74bac2bfb903,2026-10-08T00:58:01.294+00:00,2026-10-08T00:58:01.473+00:00,21072-30059,dryers,20632096-b,716000000,2026-10-08 00:58:01,2026-10-08 00:51:12,0,409.0,-409.0,,Available,website maps this code to Available
1,bfc7ede1-7744-45fc-9af9-74bac2bfb903,2026-10-08T00:58:01.294+00:00,2026-10-08T00:58:01.473+00:00,21072-30059,dryers,20632118-a,716000000,2026-10-08 00:58:01,2026-10-07 18:39:43,0,22698.0,-22698.0,,Available,website maps this code to Available
1,bfc7ede1-7744-45fc-9af9-74bac2bfb903,2026-10-08T00:58:01.294+00:00,2026-10-08T00:58:01.473+00:00,21072-30059,dryers,20632035-a,716000000,2026-10-08 00:58:01,2026-10-07 02:49:50,0,79691.0,-79691.0,,Available,website maps this code to Available
1,bfc7ede1-7744-45fc-9af9-74bac2bfb903,2026-10-08T00:58:01.294+00:00,2026-10-08T00:58:01.473+00:00,21072-30059,dryers,20632102-a,416000000,2026-10-08 00:58:01,2026-10-08 00:33:37,45,1464.0,1236.0,21,Running,
1,bfc7ede1-7744-45fc-9af9-74bac2bfb903,2026-10-08T00:58:01.294+00:00,2026-10-08T00:58:01.473+00:00,21072-30059,dryers,20632060-a,716000000,2026-10-08 00:58:01,2026-10-07 03:04:43,0,78798.0,-78798.0,,Available,website maps this code to Available
1,bfc7ede1-7744-45fc-9af9-74bac2bfb903,2026-10-08T00:58:01.294+00:00,2026-10-08T00:58:01.473+00:00,21072-30059,dryers,20632117-a,416000000,2026-10-08 00:58:01,2026-10-08 00:52:31,26,330.0,1230.0,21,Running,
1,bfc7ede1-7744-45fc-9af9-74bac2bfb903,2026-10-08T00:58:01.294+00:00,2026-10-08T00:58:01.473+00:00,21072-30059,dryers,20632037-a,416000000,2026-10-08 00:58:01,2026-10-08 00:32:50,45,1511.0,1189.0,20,Running,
1,bfc7ede1-7744-45fc-9af9-74bac2bfb903,2026-10-08T00:58:01.294+00:00,2026-10-08T00:58:01.473+00:00,21072-30059,dryers,20632092-a,716000000,2026-10-08 00:58:01,2026-10-07 22:05:27,0,10354.0,-10354.0,,Available,website maps this code to Available
1,bfc7ede1-7744-45fc-9af9-74bac2bfb903,2026-10-08T00:58:01.294+00:00,2026-10-08T00:58:01.473+00:00,21072-30059,dryers,20632128-a,716000000,2026-10-08 00:58:01,2026-10-07 22:06:02,0,10319.0,-10319.0,,Available,website maps this code to Available
1,bfc7ede1-7744-45fc-9af9-74bac2bfb903,2026-10-08T00:58:01.294+00:00,2026-10-08T00:58:01.473+00:00,21072-30059,dryers,20632044-a,416000000,2026-10-08 00:58:01,2026-10-08 00:56:05,10,116.0,484.0,9,Running,
1,bfc7ede1-7744-45fc-9af9-74bac2bfb903,2026-10-08T00:58:01.294+00:00,2026-10-08T00:58:01.473+00:00,21072-30059,dryers,20632094-a,716000000,2026-10-08 00:58:01,2026-10-07 07:58:50,0,61151.0,-61151.0,,Available,website maps this code to Available
1,bfc7ede1-7744-45fc-9af9-74bac2bfb903,2026-10-08T00:58:01.294+00:00,2026-10-08T00:58:01.473+00:00,21072-30059,dryers,20632123-a,716000000,2026-10-08 00:58:01,2026-10-08 00:04:40,0,3201.0,-3201.0,,Available,website maps this code to Available
1,bfc7ede1-7744-45fc-9af9-74bac2bfb903,2026-10-08T00:58:01.294+00:00,2026-10-08T00:58:01.473+00:00,21072-30059,dryers,20632098-a,616000040,2026-10-08 00:58:01,2026-10-08 00:50:42,0,439.0,-439.0,,Error,
1,a5e40032-29c7-4111-834c-fd9b8494f57e,2026-10-08T00:59:01.243+00:00,2026-10-08T00:59:01.412+00:00,21072-30059,washers,20632118-b,716000000,2026-10-08 00:59:01,2026-10-07 20:53:09,0,14752.0,-14752.0,,Available,website maps this code to Available
1,a5e40032-29c7-4111-834c-fd9b8494f57e,2026-10-08T00:59:01.243+00:00,2026-10-08T00:59:01.412+00:00,21072-30059,washers,20632035-b,716000000,2026-10-08 00:59:01,2026-10-07 04:03:57,0,75304.0,-75304.0,,Available,website maps this code to Available
1,a5e40032-29c7-4111-834c-fd9b8494f57e,2026-10-08T00:59:01.243+00:00,2026-10-08T00:59:01.412+00:00,21072-30059,washers,20632102-b,716000000,2026-10-08 00:59:01,2026-10-07 23:34:21,0,5080.0,-5080.0,,Available,website maps this code to Available
1,a5e40032-29c7-4111-834c-fd9b8494f57e,2026-10-08T00:59:01.243+00:00,2026-10-08T00:59:01.412+00:00,21072-30059,washers,20632060-b,716000000,2026-10-08 00:59:01,2026-10-07 23:19:28,0,5973.0,-5973.0,,Available,website maps this code to Available
1,a5e40032-29c7-4111-834c-fd9b8494f57e,2026-10-08T00:59:01.243+00:00,2026-10-08T00:59:01.412+00:00,21072-30059,washers,20632117-b,716000000,2026-10-08 00:59:01,2026-10-07 23:18:55,0,6006.0,-6006.0,,Available,website maps this code to Available
1,a5e40032-29c7-4111-834c-fd9b8494f57e,2026-10-08T00:59:01.243+00:00,2026-10-08T00:59:01.412+00:00,21072-30059,washers,20632037-b,716000000,2026-10-08 00:59:01,2026-10-07 20:32:19,0,16002.0,-16002.0,,Available,website maps this code to Available
1,a5e40032-29c7-4111-834c-fd9b8494f57e,2026-10-08T00:59:01.243+00:00,2026-10-08T00:59:01.412+00:00,21072-30059,washers,20632092-b,716000000,2026-10-08 00:59:01,2026-10-07 20:33:56,0,15905.0,-15905.0,,Available,website maps this code to Available
1,a5e40032-29c7-4111-834c-fd9b8494f57e,2026-10-08T00:59:01.243+00:00,2026-10-08T00:59:01.412+00:00,21072-30059,washers,20632128-b,716000000,2026-10-08 00:59:01,2026-10-07 20:35:15,0,15826.0,-15826.0,,Available,website maps this code to Available
1,a5e40032-29c7-4111-834c-fd9b8494f57e,2026-10-08T00:59:01.243+00:00,2026-10-08T00:59:01.412+00:00,21072-30059,washers,20632044-b,716000000,2026-10-08 00:59:01,2026-10-07 06:53:39,0,65122.0,-65122.0,,Available,website maps this code to Available
1,a5e40032-29c7-4111-834c-fd9b8494f57e,2026-10-08T00:59:01.243+00:00,2026-10-08T00:59:01.412+00:00,21072-30059,washers,20632094-b,716000000,2026-10-08 00:59:01,2026-10-07 06:07:39,0,67882.0,-67882.0,,Available,website maps this code to Available
1,a5e40032-29c7-4111-834c-fd9b8494f57e,2026-10-08T00:59:01.243+00:00,2026-10-08T00:59:01.412+00:00,21072-30059,washers,20632123-b,516000000,2026-10-08 00:59:01,2026-10-08 00:04:42,0,3259.0,-3259.0,,Finished,
1,a5e40032-29c7-4111-834c-fd9b8494f57e,2026-10-08T00:59:01.243+00:00,2026-10-08T00:59:01.412+00:00,21072-30059,washers,20632098-b,616000040,2026-10-08 00:59:01,2026-10-08 00:50:44,0,497.0,-497.0,,Error,
1,a5e40032-29c7-4111-834c-fd9b8494f57e,2026-10-08T00:59:01.243+00:00,2026-10-08T00:59:01.412+00:00,21072-30059,dryers,20632096-a,716000000,2026-10-08 00:59:01,2026-10-08 00:51:10,0,471.0,-471.0,,Available,website maps this code to Available
1,a5e40032-29c7-4111-834c-fd9b8494f57e,2026-10-08T00:59:01.243+00:00,2026-10-08T00:59:01.412+00:00,21072-30059,dryers,20632096-b,716000000,2026-10-08 00:59:01,2026-10-08 00:51:12,0,469.0,-469.0,,Available,website maps this code to Available
1,a5e40032-29c7-4111-834c-fd9b8494f57e,2026-10-08T00:59:01.243+00:00,2026-10-08T00:59:01.412+00:00,21072-30059,dryers,20632118-a,716000000,2026-10-08 00:59:01,2026-10-07 18:39:43,0,22758.0,-22758.0,,Available,website maps this code to Available
1,a5e40032-29c7-4111-834c-fd9b8494f57e,2026-10-08T00:59:01.243+00:00,2026-10-08T00:59:01.412+00:00,21072-30059,dryers,20632035-a,716000000,2026-10-08 00:59:01,2026-10-07 02:49:50,0,79751.0,-79751.0,,Available,website maps this code to Available
1,a5e40032-29c7-4111-834c-fd9b8494f57e,2026-10-08T00:59:01.243+00:00,2026-10-08T00:59:01.412+00:00,21072-30059,dryers,20632102-a,416000000,2026-10-08 00:59:01,2026-10-08 00:33:37,45,1524.0,1176.0,20,Running,
1,a5e40032-29c7-4111-834c-fd9b8494f57e,2026-10-08T00:59:01.243+00:00,2026-10-08T00:59:01.412+00:00,21072-30059,dryers,20632060-a,716000000,2026-10-08 00:59:01,2026-10-07 03:04:43,0,78858.0,-78858.0,,Available,website maps this code to Available
1,a5e40032-29c7-4111-834c-fd9b8494f57e,2026-10-08T00:59:01.243+00:00,2026-10-08T00:59:01.412+00:00,21072-30059,dryers,20632117-a,416000000,2026-10-08 00:59:01,2026-10-08 00:52:31,26,390.0,1170.0,20,Running,
1,a5e40032-29c7-4111-834c-fd9b8494f57e,2026-10-08T00:59:01.243+00:00,2026-10-08T00:59:01.412+00:00,21072-30059,dryers,20632037-a,416000000,2026-10-08 00:59:01,2026-10-08 00:32:50,45,1571.0,1129.0,19,Running,
1,a5e40032-29c7-4111-834c-fd9b8494f57e,2026-10-08T00:59:01.243+00:00,2026-10-08T00:59:01.412+00:00,21072-30059,dryers,20632092-a,716000000,2026-10-08 00:59:01,2026-10-07 22:05:27,0,10414.0,-10414.0,,Available,website maps this code to Available
1,a5e40032-29c7-4111-834c-fd9b8494f57e,2026-10-08T00:59:01.243+00:00,2026-10-08T00:59:01.412+00:00,21072-30059,dryers,20632128-a,716000000,2026-10-08 00:59:01,2026-10-07 22:06:02,0,10379.0,-10379.0,,Available,website maps this code to Available
1,a5e40032-29c7-4111-834c-fd9b8494f57e,2026-10-08T00:59:01.243+00:00,2026-10-08T00:59:01.412+00:00,21072-30059,dryers,20632044-a,416000000,2026-10-08 00:59:01,2026-10-08 00:56:05,10,176.0,424.0,8,Running,
1,a5e40032-29c7-4111-834c-fd9b8494f57e,2026-10-08T00:59:01.243+00:00,2026-10-08T00:59:01.412+00:00,21072-30059,dryers,20632094-a,716000000,2026-10-08 00:59:01,2026-10-07 07:58:50,0,61211.0,-61211.0,,Available,website maps this code to Available
1,a5e40032-29c7-4111-834c-fd9b8494f57e,2026-10-08T00:59:01.243+00:00,2026-10-08T00:59:01.412+00:00,21072-30059,dryers,20632123-a,716000000,2026-10-08 00:59:01,2026-10-08 00:04:40,0,3261.0,-3261.0,,Available,website maps this code to Available
1,a5e40032-29c7-4111-834c-fd9b8494f57e,2026-10-08T00:59:01.243+00:00,2026-10-08T00:59:01.412+00:00,21072-30059,dryers,20632098-a,616000040,2026-10-08 00:59:01,2026-10-08 00:50:42,0,499.0,-499.0,,Error,
1,699a9656-16c5-4e53-8f22-5468fd977931,2026-10-08T01:00:01.338+00:00,2026-10-08T01:00:01.610+00:00,21072-30059,washers,20632118-b,716000000,2026-10-08 01:00:01,2026-10-07 20:53:09,0,14812.0,-14812.0,,Available,website maps this code to Available
1,699a9656-16c5-4e53-8f22-5468fd977931,2026-10-08T01:00:01.338+00:00,2026-10-08T01:00:01.610+00:00,21072-30059,washers,20632035-b,716000000,2026-10-08 01:00:01,2026-10-07 04:03:57,0,75364.0,-75364.0,,Available,website maps this code to Available
1,699a9656-16c5-4e53-8f22-5468fd977931,2026-10-08T01:00:01.338+00:00,2026-10-08T01:00:01.610+00:00,21072-30059,washers,20632102-b,716000000,2026-10-08 01:00:01,2026-10-07 23:34:21,0,5140.0,-5140.0,,Available,website maps this code to Available
1,699a9656-16c5-4e53-8f22-5468fd977931,2026-10-08T01:00:01.338+00:00,2026-10-08T01:00:01.610+00:00,21072-30059,washers,20632060-b,716000000,2026-10-08 01:00:01,2026-10-07 23:19:28,0,6033.0,-6033.0,,Available,website maps this code to Available
1,699a9656-16c5-4e53-8f22-5468fd977931,2026-10-08T01:00:01.338+00:00,2026-10-08T01:00:01.610+00:00,21072-30059,washers,20632117-b,716000000,2026-10-08 01:00:01,2026-10-07 23:18:55,0,6066.0,-6066.0,,Available,website maps this code to Available
1,699a9656-16c5-4e53-8f22-5468fd977931,2026-10-08T01:00:01.338+00:00,2026-10-08T01:00:01.610+00:00,21072-30059,washers,20632037-b,716000000,2026-10-08 01:00:01,2026-10-07 20:32:19,0,16062.0,-16062.0,,Available,website maps this code to Available
1,699a9656-16c5-4e53-8f22-5468fd977931,2026-10-08T01:00:01.338+00:00,2026-10-08T01:00:01.610+00:00,21072-30059,washers,20632092-b,716000000,2026-10-08 01:00:01,2026-10-07 20:33:56,0,15965.0,-15965.0,,Available,website maps this code to Available
1,699a9656-16c5-4e53-8f22-5468fd977931,2026-10-08T01:00:01.338+00:00,2026-10-08T01:00:01.610+00:00,21072-30059,washers,20632128-b,716000000,2026-10-08 01:00:01,2026-10-07 20:35:15,0,15886.0,-15886.0,,Available,website maps this code to Available
1,699a9656-16c5-4e53-8f22-5468fd977931,2026-10-08T01:00:01.338+00:00,2026-10-08T01:00:01.610+00:00,21072-30059,washers,20632044-b,716000000,2026-10-08 01:00:01,2026-10-07 06:53:39,0,65182.0,-65182.0,,Available,website maps this code to Available
1,699a9656-16c5-4e53-8f22-5468fd977931,2026-10-08T01:00:01.338+00:00,2026-10-08T01:00:01.610+00:00,21072-30059,washers,20632094-b,716000000,2026-10-08 01:00:01,2026-10-07 06:07:39,0,67942.0,-67942.0,,Available,website maps this code to Available
1,699a9656-16c5-4e53-8f22-5468fd977931,2026-10-08T01:00:01.338+00:00,2026-10-08T01:00:01.610+00:00,21072-30059,washers,20632123-b,516000000,2026-10-08 01:00:01,2026-10-08 00:04:42,0,3319.0,-3319.0,,Finished,
1,699a9656-16c5-4e53-8f22-5468fd977931,2026-10-08T01:00:01.338+00:00,2026-10-08T01:00:01.610+00:00,21072-30059,washers,20632098-b,616000040,2026-10-08 01:00:01,2026-10-08 00:50:44,0,557.0,-557.0,,Error,
1,699a9656-16c5-4e53-8f22-5468fd977931,2026-10-08T01:00:01.338+00:00,2026-10-08T01:00:01.610+00:00,21072-30059,dryers,20632096-a,716000000,2026-10-08 01:00:01,2026-10-08 00:51:10,0,531.0,-531.0,,Available,website maps this code to Available
1,699a9656-16c5-4e53-8f22-5468fd977931,2026-10-08T01:00:01.338+00:00,2026-10-08T01:00:01.610+00:00,21072-30059,dryers,20632096-b,716000000,2026-10-08 01:00:01,2026-10-08 00:51:12,0,529.0,-529.0,,Available,website maps this code to Available
1,699a9656-16c5-4e53-8f22-5468fd977931,2026-10-08T01:00:01.338+00:00,2026-10-08T01:00:01.610+00:00,21072-30059,dryers,20632118-a,716000000,2026-10-08 01:00:01,2026-10-07 18:39:43,0,22818.0,-22818.0,,Available,website maps this code to Available
1,699a9656-16c5-4e53-8f22-5468fd977931,2026-10-08T01:00:01.338+00:00,2026-10-08T01:00:01.610+00:00,21072-30059,dryers,20632035-a,716000000,2026-10-08 01:00:01,2026-10-07 02:49:50,0,79811.0,-79811.0,,Available,website maps this code to Available
1,699a9656-16c5-4e53-8f22-5468fd977931,2026-10-08T01:00:01.338+00:00,2026-10-08T01:00:01.610+00:00,21072-30059,dryers,20632102-a,416000000,2026-10-08 01:00:01,2026-10-08 00:33:37,45,1584.0,1116.0,19,Running,
1,699a9656-16c5-4e53-8f22-5468fd977931,2026-10-08T01:00:01.338+00:00,2026-10-08T01:00:01.610+00:00,21072-30059,dryers,20632060-a,716000000,2026-10-08 01:00:01,2026-10-07 03:04:43,0,78918.0,-78918.0,,Available,website maps this code to Available
1,699a9656-16c5-4e53-8f22-5468fd977931,2026-10-08T01:00:01.338+00:00,2026-10-08T01:00:01.610+00:00,21072-30059,dryers,20632117-a,416000000,2026-10-08 01:00:01,2026-10-08 00:52:31,26,450.0,1110.0,19,Running,
1,699a9656-16c5-4e53-8f22-5468fd977931,2026-10-08T01:00:01.338+00:00,2026-10-08T01:00:01.610+00:00,21072-30059,dryers,20632037-a,416000000,2026-10-08 01:00:01,2026-10-08 00:32:50,45,1631.0,1069.0,18,Running,
1,699a9656-16c5-4e53-8f22-5468fd977931,2026-10-08T01:00:01.338+00:00,2026-10-08T01:00:01.610+00:00,21072-30059,dryers,20632092-a,716000000,2026-10-08 01:00:01,2026-10-07 22:05:27,0,10474.0,-10474.0,,Available,website maps this code to Available
1,699a9656-16c5-4e53-8f22-5468fd977931,2026-10-08T01:00:01.338+00:00,2026-10-08T01:00:01.610+00:00,21072-30059,dryers,20632128-a,716000000,2026-10-08 01:00:01,2026-10-07 22:06:02,0,10439.0,-10439.0,,Available,website maps this code to Available
1,699a9656-16c5-4e53-8f22-5468fd977931,2026-10-08T01:00:01.338+00:00,2026-10-08T01:00:01.610+00:00,21072-30059,dryers,20632044-a,416000000,2026-10-08 01:00:01,2026-10-08 00:56:05,10,236.0,364.0,7,Running,
1,699a9656-16c5-4e53-8f22-5468fd977931,2026-10-08T01:00:01.338+00:00,2026-10-08T01:00:01.610+00:00,21072-30059,dryers,20632094-a,716000000,2026-10-08 01:00:01,2026-10-07 07:58:50,0,61271.0,-61271.0,,Available,website maps this code to Available
1,699a9656-16c5-4e53-8f22-5468fd977931,2026-10-08T01:00:01.338+00:00,2026-10-08T01:00:01.610+00:00,21072-30059,dryers,20632123-a,716000000,2026-10-08 01:00:01,2026-10-08 00:04:40,0,3321.0,-3321.0,,Available,website maps this code to Available
1,699a9656-16c5-4e53-8f22-5468fd977931,2026-10-08T01:00:01.338+00:00,2026-10-08T01:00:01.610+00:00,21072-30059,dryers,20632098-a,616000040,2026-10-08 01:00:01,2026-10-08 00:50:42,0,559.0,-559.0,,Error,
1,593476d0-76d6-4ce9-9e72-bb81a9768800,2026-10-08T01:01:01.263+00:00,2026-10-08T01:01:01.429+00:00,21072-30059,washers,20632118-b,716000000,2026-10-08 01:01:01,2026-10-07 20:53:09,0,14872.0,-14872.0,,Available,website maps this code to Available
1,593476d0-76d6-4ce9-9e72-bb81a9768800,2026-10-08T01:01:01.263+00:00,2026-10-08T01:01:01.429+00:00,21072-30059,washers,20632035-b,716000000,2026-10-08 01:01:01,2026-10-07 04:03:57,0,75424.0,-75424.0,,Available,website maps this code to Available
1,593476d0-76d6-4ce9-9e72-bb81a9768800,2026-10-08T01:01:01.263+00:00,2026-10-08T01:01:01.429+00:00,21072-30059,washers,20632102-b,716000000,2026-10-08 01:01:01,2026-10-07 23:34:21,0,5200.0,-5200.0,,Available,website maps this code to Available
1,593476d0-76d6-4ce9-9e72-bb81a9768800,2026-10-08T01:01:01.263+00:00,2026-10-08T01:01:01.429+00:00,21072-30059,washers,20632060-b,716000000,2026-10-08 01:01:01,2026-10-07 23:19:28,0,6093.0,-6093.0,,Available,website maps this code to Available
1,593476d0-76d6-4ce9-9e72-bb81a9768800,2026-10-08T01:01:01.263+00:00,2026-10-08T01:01:01.429+00:00,21072-30059,washers,20632117-b,716000000,2026-10-08 01:01:01,2026-10-07 23:18:55,0,6126.0,-6126.0,,Available,website maps this code to Available
1,593476d0-76d6-4ce9-9e72-bb81a9768800,2026-10-08T01:01:01.263+00:00,2026-10-08T01:01:01.429+00:00,21072-30059,washers,20632037-b,716000000,2026-10-08 01:01:01,2026-10-07 20:32:19,0,16122.0,-16122.0,,Available,website maps this code to Available
1,593476d0-76d6-4ce9-9e72-bb81a9768800,2026-10-08T01:01:01.263+00:00,2026-10-08T01:01:01.429+00:00,21072-30059,washers,20632092-b,716000000,2026-10-08 01:01:01,2026-10-07 20:33:56,0,16025.0,-16025.0,,Available,website maps this code to Available
1,593476d0-76d6-4ce9-9e72-bb81a9768800,2026-10-08T01:01:01.263+00:00,2026-10-08T01:01:01.429+00:00,21072-30059,washers,20632128-b,716000000,2026-10-08 01:01:01,2026-10-07 20:35:15,0,15946.0,-15946.0,,Available,website maps this code to Available
1,593476d0-76d6-4ce9-9e72-bb81a9768800,2026-10-08T01:01:01.263+00:00,2026-10-08T01:01:01.429+00:00,21072-30059,washers,20632044-b,716000000,2026-10-08 01:01:01,2026-10-07 06:53:39,0,65242.0,-65242.0,,Available,website maps this code to Available
1,593476d0-76d6-4ce9-9e72-bb81a9768800,2026-10-08T01:01:01.263+00:00,2026-10-08T01:01:01.429+00:00,21072-30059,washers,20632094-b,716000000,2026-10-08 01:01:01,2026-10-07 06:07:39,0,68002.0,-68002.0,,Available,website maps this code to Available
1,593476d0-76d6-4ce9-9e72-bb81a9768800,2026-10-08T01:01:01.263+00:00,2026-10-08T01:01:01.429+00:00,21072-30059,washers,20632123-b,516000000,2026-10-08 01:01:01,2026-10-08 00:04:42,0,3379.0,-3379.0,,Finished,
1,593476d0-76d6-4ce9-9e72-bb81a9768800,2026-10-08T01:01:01.263+00:00,2026-10-08T01:01:01.429+00:00,21072-30059,washers,20632098-b,616000040,2026-10-08 01:01:01,2026-10-08 00:50:44,0,617.0,-617.0,,Error,
1,593476d0-76d6-4ce9-9e72-bb81a9768800,2026-10-08T01:01:01.263+00:00,2026-10-08T01:01:01.429+00:00,21072-30059,dryers,20632096-a,716000000,2026-10-08 01:01:01,2026-10-08 00:51:10,0,591.0,-591.0,,Available,website maps this code to Available
1,593476d0-76d6-4ce9-9e72-bb81a9768800,2026-10-08T01:01:01.263+00:00,2026-10-08T01:01:01.429+00:00,21072-30059,dryers,20632096-b,716000000,2026-10-08 01:01:01,2026-10-08 00:51:12,0,589.0,-589.0,,Available,website maps this code to Available
1,593476d0-76d6-4ce9-9e72-bb81a9768800,2026-10-08T01:01:01.263+00:00,2026-10-08T01:01:01.429+00:00,21072-30059,dryers,20632118-a,716000000,2026-10-08 01:01:01,2026-10-07 18:39:43,0,22878.0,-22878.0,,Available,website maps this code to Available
1,593476d0-76d6-4ce9-9e72-bb81a9768800,2026-10-08T01:01:01.263+00:00,2026-10-08T01:01:01.429+00:00,21072-30059,dryers,20632035-a,716000000,2026-10-08 01:01:01,2026-10-07 02:49:50,0,79871.0,-79871.0,,Available,website maps this code to Available
1,593476d0-76d6-4ce9-9e72-bb81a9768800,2026-10-08T01:01:01.263+00:00,2026-10-08T01:01:01.429+00:00,21072-30059,dryers,20632102-a,416000000,2026-10-08 01:01:01,2026-10-08 00:33:37,45,1644.0,1056.0,18,Running,
1,593476d0-76d6-4ce9-9e72-bb81a9768800,2026-10-08T01:01:01.263+00:00,2026-10-08T01:01:01.429+00:00,21072-30059,dryers,20632060-a,716000000,2026-10-08 01:01:01,2026-10-07 03:04:43,0,78978.0,-78978.0,,Available,website maps this code to Available
1,593476d0-76d6-4ce9-9e72-bb81a9768800,2026-10-08T01:01:01.263+00:00,2026-10-08T01:01:01.429+00:00,21072-30059,dryers,20632117-a,416000000,2026-10-08 01:01:01,2026-10-08 01:00:38,10,23.0,577.0,10,Running,
1,593476d0-76d6-4ce9-9e72-bb81a9768800,2026-10-08T01:01:01.263+00:00,2026-10-08T01:01:01.429+00:00,21072-30059,dryers,20632037-a,416000000,2026-10-08 01:01:01,2026-10-08 00:32:50,45,1691.0,1009.0,17,Running,
1,593476d0-76d6-4ce9-9e72-bb81a9768800,2026-10-08T01:01:01.263+00:00,2026-10-08T01:01:01.429+00:00,21072-30059,dryers,20632092-a,716000000,2026-10-08 01:01:01,2026-10-07 22:05:27,0,10534.0,-10534.0,,Available,website maps this code to Available
1,593476d0-76d6-4ce9-9e72-bb81a9768800,2026-10-08T01:01:01.263+00:00,2026-10-08T01:01:01.429+00:00,21072-30059,dryers,20632128-a,716000000,2026-10-08 01:01:01,2026-10-07 22:06:02,0,10499.0,-10499.0,,Available,website maps this code to Available
1,593476d0-76d6-4ce9-9e72-bb81a9768800,2026-10-08T01:01:01.263+00:00,2026-10-08T01:01:01.429+00:00,21072-30059,dryers,20632044-a,416000000,2026-10-08 01:01:01,2026-10-08 00:56:05,10,296.0,304.0,6,Running,
1,593476d0-76d6-4ce9-9e72-bb81a9768800,2026-10-08T01:01:01.263+00:00,2026-10-08T01:01:01.429+00:00,21072-30059,dryers,20632094-a,716000000,2026-10-08 01:01:01,2026-10-07 07:58:50,0,61331.0,-61331.0,,Available,website maps this code to Available
1,593476d0-76d6-4ce9-9e72-bb81a9768800,2026-10-08T01:01:01.263+00:00,2026-10-08T01:01:01.429+00:00,21072-30059,dryers,20632123-a,716000000,2026-10-08 01:01:01,2026-10-08 00:04:40,0,3381.0,-3381.0,,Available,website maps this code to Available
1,593476d0-76d6-4ce9-9e72-bb81a9768800,2026-10-08T01:01:01.263+00:00,2026-10-08T01:01:01.429+00:00,21072-30059,dryers,20632098-a,616000040,2026-10-08 01:01:01,2026-10-08 00:50:42,0,619.0,-619.0,,Error,
1,b66f297e-7dbd-4084-ac2e-e97c28b016ea,2026-10-08T01:02:01.566+00:00,2026-10-08T01:02:01.739+00:00,21072-30059,washers,20632118-b,716000000,2026-10-08 01:02:01,2026-10-07 20:53:09,0,14932.0,-14932.0,,Available,website maps this code to Available
1,b66f297e-7dbd-4084-ac2e-e97c28b016ea,2026-10-08T01:02:01.566+00:00,2026-10-08T01:02:01.739+00:00,21072-30059,washers,20632035-b,716000000,2026-10-08 01:02:01,2026-10-07 04:03:57,0,75484.0,-75484.0,,Available,website maps this code to Available
1,b66f297e-7dbd-4084-ac2e-e97c28b016ea,2026-10-08T01:02:01.566+00:00,2026-10-08T01:02:01.739+00:00,21072-30059,washers,20632102-b,716000000,2026-10-08 01:02:01,2026-10-07 23:34:21,0,5260.0,-5260.0,,Available,website maps this code to Available
1,b66f297e-7dbd-4084-ac2e-e97c28b016ea,2026-10-08T01:02:01.566+00:00,2026-10-08T01:02:01.739+00:00,21072-30059,washers,20632060-b,716000000,2026-10-08 01:02:01,2026-10-07 23:19:28,0,6153.0,-6153.0,,Available,website maps this code to Available
1,b66f297e-7dbd-4084-ac2e-e97c28b016ea,2026-10-08T01:02:01.566+00:00,2026-10-08T01:02:01.739+00:00,21072-30059,washers,20632117-b,716000000,2026-10-08 01:02:01,2026-10-07 23:18:55,0,6186.0,-6186.0,,Available,website maps this code to Available
1,b66f297e-7dbd-4084-ac2e-e97c28b016ea,2026-10-08T01:02:01.566+00:00,2026-10-08T01:02:01.739+00:00,21072-30059,washers,20632037-b,716000000,2026-10-08 01:02:01,2026-10-07 20:32:19,0,16182.0,-16182.0,,Available,website maps this code to Available
1,b66f297e-7dbd-4084-ac2e-e97c28b016ea,2026-10-08T01:02:01.566+00:00,2026-10-08T01:02:01.739+00:00,21072-30059,washers,20632092-b,716000000,2026-10-08 01:02:01,2026-10-07 20:33:56,0,16085.0,-16085.0,,Available,website maps this code to Available
1,b66f297e-7dbd-4084-ac2e-e97c28b016ea,2026-10-08T01:02:01.566+00:00,2026-10-08T01:02:01.739+00:00,21072-30059,washers,20632128-b,716000000,2026-10-08 01:02:01,2026-10-07 20:35:15,0,16006.0,-16006.0,,Available,website maps this code to Available
1,b66f297e-7dbd-4084-ac2e-e97c28b016ea,2026-10-08T01:02:01.566+00:00,2026-10-08T01:02:01.739+00:00,21072-30059,washers,20632044-b,716000000,2026-10-08 01:02:01,2026-10-07 06:53:39,0,65302.0,-65302.0,,Available,website maps this code to Available
1,b66f297e-7dbd-4084-ac2e-e97c28b016ea,2026-10-08T01:02:01.566+00:00,2026-10-08T01:02:01.739+00:00,21072-30059,washers,20632094-b,716000000,2026-10-08 01:02:01,2026-10-07 06:07:39,0,68062.0,-68062.0,,Available,website maps this code to Available
1,b66f297e-7dbd-4084-ac2e-e97c28b016ea,2026-10-08T01:02:01.566+00:00,2026-10-08T01:02:01.739+00:00,21072-30059,washers,20632123-b,516000000,2026-10-08 01:02:01,2026-10-08 00:04:42,0,3439.0,-3439.0,,Finished,
1,b66f297e-7dbd-4084-ac2e-e97c28b016ea,2026-10-08T01:02:01.566+00:00,2026-10-08T01:02:01.739+00:00,21072-30059,washers,20632098-b,616000040,2026-10-08 01:02:01,2026-10-08 00:50:44,0,677.0,-677.0,,Error,
1,b66f297e-7dbd-4084-ac2e-e97c28b016ea,2026-10-08T01:02:01.566+00:00,2026-10-08T01:02:01.739+00:00,21072-30059,dryers,20632096-a,716000000,2026-10-08 01:02:01,2026-10-08 00:51:10,0,651.0,-651.0,,Available,website maps this code to Available
1,b66f297e-7dbd-4084-ac2e-e97c28b016ea,2026-10-08T01:02:01.566+00:00,2026-10-08T01:02:01.739+00:00,21072-30059,dryers,20632096-b,716000000,2026-10-08 01:02:01,2026-10-08 00:51:12,0,649.0,-649.0,,Available,website maps this code to Available
1,b66f297e-7dbd-4084-ac2e-e97c28b016ea,2026-10-08T01:02:01.566+00:00,2026-10-08T01:02:01.739+00:00,21072-30059,dryers,20632118-a,716000000,2026-10-08 01:02:01,2026-10-07 18:39:43,0,22938.0,-22938.0,,Available,website maps this code to Available
1,b66f297e-7dbd-4084-ac2e-e97c28b016ea,2026-10-08T01:02:01.566+00:00,2026-10-08T01:02:01.739+00:00,21072-30059,dryers,20632035-a,716000000,2026-10-08 01:02:01,2026-10-07 02:49:50,0,79931.0,-79931.0,,Available,website maps this code to Available
1,b66f297e-7dbd-4084-ac2e-e97c28b016ea,2026-10-08T01:02:01.566+00:00,2026-10-08T01:02:01.739+00:00,21072-30059,dryers,20632102-a,416000000,2026-10-08 01:02:01,2026-10-08 00:33:37,45,1704.0,996.0,17,Running,
1,b66f297e-7dbd-4084-ac2e-e97c28b016ea,2026-10-08T01:02:01.566+00:00,2026-10-08T01:02:01.739+00:00,21072-30059,dryers,20632060-a,716000000,2026-10-08 01:02:01,2026-10-07 03:04:43,0,79038.0,-79038.0,,Available,website maps this code to Available
1,b66f297e-7dbd-4084-ac2e-e97c28b016ea,2026-10-08T01:02:01.566+00:00,2026-10-08T01:02:01.739+00:00,21072-30059,dryers,20632117-a,416000000,2026-10-08 01:02:01,2026-10-08 01:00:38,10,83.0,517.0,9,Running,
1,b66f297e-7dbd-4084-ac2e-e97c28b016ea,2026-10-08T01:02:01.566+00:00,2026-10-08T01:02:01.739+00:00,21072-30059,dryers,20632037-a,416000000,2026-10-08 01:02:01,2026-10-08 00:32:50,45,1751.0,949.0,16,Running,
1,b66f297e-7dbd-4084-ac2e-e97c28b016ea,2026-10-08T01:02:01.566+00:00,2026-10-08T01:02:01.739+00:00,21072-30059,dryers,20632092-a,716000000,2026-10-08 01:02:01,2026-10-07 22:05:27,0,10594.0,-10594.0,,Available,website maps this code to Available
1,b66f297e-7dbd-4084-ac2e-e97c28b016ea,2026-10-08T01:02:01.566+00:00,2026-10-08T01:02:01.739+00:00,21072-30059,dryers,20632128-a,716000000,2026-10-08 01:02:01,2026-10-07 22:06:02,0,10559.0,-10559.0,,Available,website maps this code to Available
1,b66f297e-7dbd-4084-ac2e-e97c28b016ea,2026-10-08T01:02:01.566+00:00,2026-10-08T01:02:01.739+00:00,21072-30059,dryers,20632044-a,416000000,2026-10-08 01:02:01,2026-10-08 00:56:05,10,356.0,244.0,5,Running,
1,b66f297e-7dbd-4084-ac2e-e97c28b016ea,2026-10-08T01:02:01.566+00:00,2026-10-08T01:02:01.739+00:00,21072-30059,dryers,20632094-a,716000000,2026-10-08 01:02:01,2026-10-07 07:58:50,0,61391.0,-61391.0,,Available,website maps this code to Available
1,b66f297e-7dbd-4084-ac2e-e97c28b016ea,2026-10-08T01:02:01.566+00:00,2026-10-08T01:02:01.739+00:00,21072-30059,dryers,20632123-a,716000000,2026-10-08 01:02:01,2026-10-08 00:04:40,0,3441.0,-3441.0,,Available,website maps this code to Available
1,b66f297e-7dbd-4084-ac2e-e97c28b016ea,2026-10-08T01:02:01.566+00:00,2026-10-08T01:02:01.739+00:00,21072-30059,dryers,20632098-a,616000040,2026-10-08 01:02:01,2026-10-08 00:50:42,0,679.0,-679.0,,Error,
1,e2b75d95-f702-48a3-a289-65a4de91b2ce,2026-10-08T01:03:01.363+00:00,2026-10-08T01:03:01.537+00:00,21072-30059,washers,20632118-b,716000000,2026-10-08 01:03:01,2026-10-07 20:53:09,0,14992.0,-14992.0,,Available,website maps this code to Available
1,e2b75d95-f702-48a3-a289-65a4de91b2ce,2026-10-08T01:03:01.363+00:00,2026-10-08T01:03:01.537+00:00,21072-30059,washers,20632035-b,716000000,2026-10-08 01:03:01,2026-10-07 04:03:57,0,75544.0,-75544.0,,Available,website maps this code to Available
1,e2b75d95-f702-48a3-a289-65a4de91b2ce,2026-10-08T01:03:01.363+00:00,2026-10-08T01:03:01.537+00:00,21072-30059,washers,20632102-b,716000000,2026-10-08 01:03:01,2026-10-07 23:34:21,0,5320.0,-5320.0,,Available,website maps this code to Available
1,e2b75d95-f702-48a3-a289-65a4de91b2ce,2026-10-08T01:03:01.363+00:00,2026-10-08T01:03:01.537+00:00,21072-30059,washers,20632060-b,716000000,2026-10-08 01:03:01,2026-10-07 23:19:28,0,6213.0,-6213.0,,Available,website maps this code to Available
1,e2b75d95-f702-48a3-a289-65a4de91b2ce,2026-10-08T01:03:01.363+00:00,2026-10-08T01:03:01.537+00:00,21072-30059,washers,20632117-b,716000000,2026-10-08 01:03:01,2026-10-07 23:18:55,0,6246.0,-6246.0,,Available,website maps this code to Available
1,e2b75d95-f702-48a3-a289-65a4de91b2ce,2026-10-08T01:03:01.363+00:00,2026-10-08T01:03:01.537+00:00,21072-30059,washers,20632037-b,716000000,2026-10-08 01:03:01,2026-10-07 20:32:19,0,16242.0,-16242.0,,Available,website maps this code to Available
1,e2b75d95-f702-48a3-a289-65a4de91b2ce,2026-10-08T01:03:01.363+00:00,2026-10-08T01:03:01.537+00:00,21072-30059,washers,20632092-b,716000000,2026-10-08 01:03:01,2026-10-07 20:33:56,0,16145.0,-16145.0,,Available,website maps this code to Available
1,e2b75d95-f702-48a3-a289-65a4de91b2ce,2026-10-08T01:03:01.363+00:00,2026-10-08T01:03:01.537+00:00,21072-30059,washers,20632128-b,716000000,2026-10-08 01:03:01,2026-10-07 20:35:15,0,16066.0,-16066.0,,Available,website maps this code to Available
1,e2b75d95-f702-48a3-a289-65a4de91b2ce,2026-10-08T01:03:01.363+00:00,2026-10-08T01:03:01.537+00:00,21072-30059,washers,20632044-b,716000000,2026-10-08 01:03:01,2026-10-07 06:53:39,0,65362.0,-65362.0,,Available,website maps this code to Available
1,e2b75d95-f702-48a3-a289-65a4de91b2ce,2026-10-08T01:03:01.363+00:00,2026-10-08T01:03:01.537+00:00,21072-30059,washers,20632094-b,716000000,2026-10-08 01:03:01,2026-10-07 06:07:39,0,68122.0,-68122.0,,Available,website maps this code to Available
1,e2b75d95-f702-48a3-a289-65a4de91b2ce,2026-10-08T01:03:01.363+00:00,2026-10-08T01:03:01.537+00:00,21072-30059,washers,20632123-b,516000000,2026-10-08 01:03:01,2026-10-08 00:04:42,0,3499.0,-3499.0,,Finished,
1,e2b75d95-f702-48a3-a289-65a4de91b2ce,2026-10-08T01:03:01.363+00:00,2026-10-08T01:03:01.537+00:00,21072-30059,washers,20632098-b,616000040,2026-10-08 01:03:01,2026-10-08 00:50:44,0,737.0,-737.0,,Error,
1,e2b75d95-f702-48a3-a289-65a4de91b2ce,2026-10-08T01:03:01.363+00:00,2026-10-08T01:03:01.537+00:00,21072-30059,dryers,20632096-a,716000000,2026-10-08 01:03:01,2026-10-08 00:51:10,0,711.0,-711.0,,Available,website maps this code to Available
1,e2b75d95-f702-48a3-a289-65a4de91b2ce,2026-10-08T01:03:01.363+00:00,2026-10-08T01:03:01.537+00:00,21072-30059,dryers,20632096-b,716000000,2026-10-08 01:03:01,2026-10-08 00:51:12,0,709.0,-709.0,,Available,website maps this code to Available
1,e2b75d95-f702-48a3-a289-65a4de91b2ce,2026-10-08T01:03:01.363+00:00,2026-10-08T01:03:01.537+00:00,21072-30059,dryers,20632118-a,716000000,2026-10-08 01:03:01,2026-10-07 18:39:43,0,22998.0,-22998.0,,Available,website maps this code to Available
1,e2b75d95-f702-48a3-a289-65a4de91b2ce,2026-10-08T01:03:01.363+00:00,2026-10-08T01:03:01.537+00:00,21072-30059,dryers,20632035-a,716000000,2026-10-08 01:03:01,2026-10-07 02:49:50,0,79991.0,-79991.0,,Available,website maps this code to Available
1,e2b75d95-f702-48a3-a289-65a4de91b2ce,2026-10-08T01:03:01.363+00:00,2026-10-08T01:03:01.537+00:00,21072-30059,dryers,20632102-a,416000000,2026-10-08 01:03:01,2026-10-08 00:33:37,45,1764.0,936.0,16,Running,
1,e2b75d95-f702-48a3-a289-65a4de91b2ce,2026-10-08T01:03:01.363+00:00,2026-10-08T01:03:01.537+00:00,21072-30059,dryers,20632060-a,716000000,2026-10-08 01:03:01,2026-10-07 03:04:43,0,79098.0,-79098.0,,Available,website maps this code to Available
1,e2b75d95-f702-48a3-a289-65a4de91b2ce,2026-10-08T01:03:01.363+00:00,2026-10-08T01:03:01.537+00:00,21072-30059,dryers,20632117-a,416000000,2026-10-08 01:03:01,2026-10-08 01:00:38,10,143.0,457.0,8,Running,
1,e2b75d95-f702-48a3-a289-65a4de91b2ce,2026-10-08T01:03:01.363+00:00,2026-10-08T01:03:01.537+00:00,21072-30059,dryers,20632037-a,416000000,2026-10-08 01:03:01,2026-10-08 00:32:50,45,1811.0,889.0,15,Running,
1,e2b75d95-f702-48a3-a289-65a4de91b2ce,2026-10-08T01:03:01.363+00:00,2026-10-08T01:03:01.537+00:00,21072-30059,dryers,20632092-a,716000000,2026-10-08 01:03:01,2026-10-07 22:05:27,0,10654.0,-10654.0,,Available,website maps this code to Available
1,e2b75d95-f702-48a3-a289-65a4de91b2ce,2026-10-08T01:03:01.363+00:00,2026-10-08T01:03:01.537+00:00,21072-30059,dryers,20632128-a,716000000,2026-10-08 01:03:01,2026-10-07 22:06:02,0,10619.0,-10619.0,,Available,website maps this code to Available
1,e2b75d95-f702-48a3-a289-65a4de91b2ce,2026-10-08T01:03:01.363+00:00,2026-10-08T01:03:01.537+00:00,21072-30059,dryers,20632044-a,416000000,2026-10-08 01:03:01,2026-10-08 00:56:05,10,416.0,184.0,4,Running,
1,e2b75d95-f702-48a3-a289-65a4de91b2ce,2026-10-08T01:03:01.363+00:00,2026-10-08T01:03:01.537+00:00,21072-30059,dryers,20632094-a,716000000,2026-10-08 01:03:01,2026-10-07 07:58:50,0,61451.0,-61451.0,,Available,website maps this code to Available
1,e2b75d95-f702-48a3-a289-65a4de91b2ce,2026-10-08T01:03:01.363+00:00,2026-10-08T01:03:01.537+00:00,21072-30059,dryers,20632123-a,716000000,2026-10-08 01:03:01,2026-10-08 00:04:40,0,3501.0,-3501.0,,Available,website maps this code to Available
1,e2b75d95-f702-48a3-a289-65a4de91b2ce,2026-10-08T01:03:01.363+00:00,2026-10-08T01:03:01.537+00:00,21072-30059,dryers,20632098-a,616000040,2026-10-08 01:03:01,2026-10-08 00:50:42,0,739.0,-739.0,,Error,
1,36dfbae6-e3db-4509-9cb5-565a13b41225,2026-10-08T01:04:00.701+00:00,2026-10-08T01:04:00.899+00:00,21072-30059,washers,20632118-b,716000000,2026-10-08 01:04:00,2026-10-07 20:53:09,0,15051.0,-15051.0,,Available,website maps this code to Available
1,36dfbae6-e3db-4509-9cb5-565a13b41225,2026-10-08T01:04:00.701+00:00,2026-10-08T01:04:00.899+00:00,21072-30059,washers,20632035-b,716000000,2026-10-08 01:04:00,2026-10-07 04:03:57,0,75603.0,-75603.0,,Available,website maps this code to Available
1,36dfbae6-e3db-4509-9cb5-565a13b41225,2026-10-08T01:04:00.701+00:00,2026-10-08T01:04:00.899+00:00,21072-30059,washers,20632102-b,716000000,2026-10-08 01:04:00,2026-10-07 23:34:21,0,5379.0,-5379.0,,Available,website maps this code to Available
1,36dfbae6-e3db-4509-9cb5-565a13b41225,2026-10-08T01:04:00.701+00:00,2026-10-08T01:04:00.899+00:00,21072-30059,washers,20632060-b,716000000,2026-10-08 01:04:00,2026-10-07 23:19:28,0,6272.0,-6272.0,,Available,website maps this code to Available
1,36dfbae6-e3db-4509-9cb5-565a13b41225,2026-10-08T01:04:00.701+00:00,2026-10-08T01:04:00.899+00:00,21072-30059,washers,20632117-b,716000000,2026-10-08 01:04:00,2026-10-07 23:18:55,0,6305.0,-6305.0,,Available,website maps this code to Available
1,36dfbae6-e3db-4509-9cb5-565a13b41225,2026-10-08T01:04:00.701+00:00,2026-10-08T01:04:00.899+00:00,21072-30059,washers,20632037-b,716000000,2026-10-08 01:04:00,2026-10-07 20:32:19,0,16301.0,-16301.0,,Available,website maps this code to Available
1,36dfbae6-e3db-4509-9cb5-565a13b41225,2026-10-08T01:04:00.701+00:00,2026-10-08T01:04:00.899+00:00,21072-30059,washers,20632092-b,716000000,2026-10-08 01:04:00,2026-10-07 20:33:56,0,16204.0,-16204.0,,Available,website maps this code to Available
1,36dfbae6-e3db-4509-9cb5-565a13b41225,2026-10-08T01:04:00.701+00:00,2026-10-08T01:04:00.899+00:00,21072-30059,washers,20632128-b,716000000,2026-10-08 01:04:00,2026-10-07 20:35:15,0,16125.0,-16125.0,,Available,website maps this code to Available
1,36dfbae6-e3db-4509-9cb5-565a13b41225,2026-10-08T01:04:00.701+00:00,2026-10-08T01:04:00.899+00:00,21072-30059,washers,20632044-b,716000000,2026-10-08 01:04:00,2026-10-07 06:53:39,0,65421.0,-65421.0,,Available,website maps this code to Available
1,36dfbae6-e3db-4509-9cb5-565a13b41225,2026-10-08T01:04:00.701+00:00,2026-10-08T01:04:00.899+00:00,21072-30059,washers,20632094-b,716000000,2026-10-08 01:04:00,2026-10-07 06:07:39,0,68181.0,-68181.0,,Available,website maps this code to Available
1,36dfbae6-e3db-4509-9cb5-565a13b41225,2026-10-08T01:04:00.701+00:00,2026-10-08T01:04:00.899+00:00,21072-30059,washers,20632123-b,516000000,2026-10-08 01:04:00,2026-10-08 00:04:42,0,3558.0,-3558.0,,Finished,
1,36dfbae6-e3db-4509-9cb5-565a13b41225,2026-10-08T01:04:00.701+00:00,2026-10-08T01:04:00.899+00:00,21072-30059,washers,20632098-b,616000040,2026-10-08 01:04:00,2026-10-08 00:50:44,0,796.0,-796.0,,Error,
1,36dfbae6-e3db-4509-9cb5-565a13b41225,2026-10-08T01:04:00.701+00:00,2026-10-08T01:04:00.899+00:00,21072-30059,dryers,20632096-a,716000000,2026-10-08 01:04:00,2026-10-08 00:51:10,0,770.0,-770.0,,Available,website maps this code to Available
1,36dfbae6-e3db-4509-9cb5-565a13b41225,2026-10-08T01:04:00.701+00:00,2026-10-08T01:04:00.899+00:00,21072-30059,dryers,20632096-b,716000000,2026-10-08 01:04:00,2026-10-08 00:51:12,0,768.0,-768.0,,Available,website maps this code to Available
1,36dfbae6-e3db-4509-9cb5-565a13b41225,2026-10-08T01:04:00.701+00:00,2026-10-08T01:04:00.899+00:00,21072-30059,dryers,20632118-a,716000000,2026-10-08 01:04:00,2026-10-07 18:39:43,0,23057.0,-23057.0,,Available,website maps this code to Available
1,36dfbae6-e3db-4509-9cb5-565a13b41225,2026-10-08T01:04:00.701+00:00,2026-10-08T01:04:00.899+00:00,21072-30059,dryers,20632035-a,716000000,2026-10-08 01:04:00,2026-10-07 02:49:50,0,80050.0,-80050.0,,Available,website maps this code to Available
1,36dfbae6-e3db-4509-9cb5-565a13b41225,2026-10-08T01:04:00.701+00:00,2026-10-08T01:04:00.899+00:00,21072-30059,dryers,20632102-a,416000000,2026-10-08 01:04:00,2026-10-08 00:33:37,45,1823.0,877.0,15,Running,
1,36dfbae6-e3db-4509-9cb5-565a13b41225,2026-10-08T01:04:00.701+00:00,2026-10-08T01:04:00.899+00:00,21072-30059,dryers,20632060-a,716000000,2026-10-08 01:04:00,2026-10-07 03:04:43,0,79157.0,-79157.0,,Available,website maps this code to Available
1,36dfbae6-e3db-4509-9cb5-565a13b41225,2026-10-08T01:04:00.701+00:00,2026-10-08T01:04:00.899+00:00,21072-30059,dryers,20632117-a,416000000,2026-10-08 01:04:00,2026-10-08 01:00:38,10,202.0,398.0,7,Running,
1,36dfbae6-e3db-4509-9cb5-565a13b41225,2026-10-08T01:04:00.701+00:00,2026-10-08T01:04:00.899+00:00,21072-30059,dryers,20632037-a,416000000,2026-10-08 01:04:00,2026-10-08 00:32:50,45,1870.0,830.0,14,Running,
1,36dfbae6-e3db-4509-9cb5-565a13b41225,2026-10-08T01:04:00.701+00:00,2026-10-08T01:04:00.899+00:00,21072-30059,dryers,20632092-a,716000000,2026-10-08 01:04:00,2026-10-07 22:05:27,0,10713.0,-10713.0,,Available,website maps this code to Available
1,36dfbae6-e3db-4509-9cb5-565a13b41225,2026-10-08T01:04:00.701+00:00,2026-10-08T01:04:00.899+00:00,21072-30059,dryers,20632128-a,716000000,2026-10-08 01:04:00,2026-10-07 22:06:02,0,10678.0,-10678.0,,Available,website maps this code to Available
1,36dfbae6-e3db-4509-9cb5-565a13b41225,2026-10-08T01:04:00.701+00:00,2026-10-08T01:04:00.899+00:00,21072-30059,dryers,20632044-a,416000000,2026-10-08 01:04:00,2026-10-08 00:56:05,10,475.0,125.0,3,Running,
1,36dfbae6-e3db-4509-9cb5-565a13b41225,2026-10-08T01:04:00.701+00:00,2026-10-08T01:04:00.899+00:00,21072-30059,dryers,20632094-a,716000000,2026-10-08 01:04:00,2026-10-07 07:58:50,0,61510.0,-61510.0,,Available,website maps this code to Available
1,36dfbae6-e3db-4509-9cb5-565a13b41225,2026-10-08T01:04:00.701+00:00,2026-10-08T01:04:00.899+00:00,21072-30059,dryers,20632123-a,716000000,2026-10-08 01:04:00,2026-10-08 00:04:40,0,3560.0,-3560.0,,Available,website maps this code to Available
1,36dfbae6-e3db-4509-9cb5-565a13b41225,2026-10-08T01:04:00.701+00:00,2026-10-08T01:04:00.899+00:00,21072-30059,dryers,20632098-a,616000040,2026-10-08 01:04:00,2026-10-08 00:50:42,0,798.0,-798.0,,Error,
1,3bd221d3-78fd-44ae-966d-10a1fcec3130,2026-10-08T01:05:01.297+00:00,2026-10-08T01:05:01.466+00:00,21072-30059,washers,20632118-b,716000000,2026-10-08 01:05:01,2026-10-07 20:53:09,0,15112.0,-15112.0,,Available,website maps this code to Available
1,3bd221d3-78fd-44ae-966d-10a1fcec3130,2026-10-08T01:05:01.297+00:00,2026-10-08T01:05:01.466+00:00,21072-30059,washers,20632035-b,716000000,2026-10-08 01:05:01,2026-10-07 04:03:57,0,75664.0,-75664.0,,Available,website maps this code to Available
1,3bd221d3-78fd-44ae-966d-10a1fcec3130,2026-10-08T01:05:01.297+00:00,2026-10-08T01:05:01.466+00:00,21072-30059,washers,20632102-b,716000000,2026-10-08 01:05:01,2026-10-07 23:34:21,0,5440.0,-5440.0,,Available,website maps this code to Available
1,3bd221d3-78fd-44ae-966d-10a1fcec3130,2026-10-08T01:05:01.297+00:00,2026-10-08T01:05:01.466+00:00,21072-30059,washers,20632060-b,716000000,2026-10-08 01:05:01,2026-10-07 23:19:28,0,6333.0,-6333.0,,Available,website maps this code to Available
1,3bd221d3-78fd-44ae-966d-10a1fcec3130,2026-10-08T01:05:01.297+00:00,2026-10-08T01:05:01.466+00:00,21072-30059,washers,20632117-b,716000000,2026-10-08 01:05:01,2026-10-07 23:18:55,0,6366.0,-6366.0,,Available,website maps this code to Available
1,3bd221d3-78fd-44ae-966d-10a1fcec3130,2026-10-08T01:05:01.297+00:00,2026-10-08T01:05:01.466+00:00,21072-30059,washers,20632037-b,716000000,2026-10-08 01:05:01,2026-10-07 20:32:19,0,16362.0,-16362.0,,Available,website maps this code to Available
1,3bd221d3-78fd-44ae-966d-10a1fcec3130,2026-10-08T01:05:01.297+00:00,2026-10-08T01:05:01.466+00:00,21072-30059,washers,20632092-b,716000000,2026-10-08 01:05:01,2026-10-07 20:33:56,0,16265.0,-16265.0,,Available,website maps this code to Available
1,3bd221d3-78fd-44ae-966d-10a1fcec3130,2026-10-08T01:05:01.297+00:00,2026-10-08T01:05:01.466+00:00,21072-30059,washers,20632128-b,716000000,2026-10-08 01:05:01,2026-10-07 20:35:15,0,16186.0,-16186.0,,Available,website maps this code to Available
1,3bd221d3-78fd-44ae-966d-10a1fcec3130,2026-10-08T01:05:01.297+00:00,2026-10-08T01:05:01.466+00:00,21072-30059,washers,20632044-b,716000000,2026-10-08 01:05:01,2026-10-07 06:53:39,0,65482.0,-65482.0,,Available,website maps this code to Available
1,3bd221d3-78fd-44ae-966d-10a1fcec3130,2026-10-08T01:05:01.297+00:00,2026-10-08T01:05:01.466+00:00,21072-30059,washers,20632094-b,716000000,2026-10-08 01:05:01,2026-10-07 06:07:39,0,68242.0,-68242.0,,Available,website maps this code to Available
1,3bd221d3-78fd-44ae-966d-10a1fcec3130,2026-10-08T01:05:01.297+00:00,2026-10-08T01:05:01.466+00:00,21072-30059,washers,20632123-b,516000000,2026-10-08 01:05:01,2026-10-08 00:04:42,0,3619.0,-3619.0,,Available,website fallback: report over 1 hour old
1,3bd221d3-78fd-44ae-966d-10a1fcec3130,2026-10-08T01:05:01.297+00:00,2026-10-08T01:05:01.466+00:00,21072-30059,washers,20632098-b,616000040,2026-10-08 01:05:01,2026-10-08 00:50:44,0,857.0,-857.0,,Error,
1,3bd221d3-78fd-44ae-966d-10a1fcec3130,2026-10-08T01:05:01.297+00:00,2026-10-08T01:05:01.466+00:00,21072-30059,dryers,20632096-a,716000000,2026-10-08 01:05:01,2026-10-08 00:51:10,0,831.0,-831.0,,Available,website maps this code to Available
1,3bd221d3-78fd-44ae-966d-10a1fcec3130,2026-10-08T01:05:01.297+00:00,2026-10-08T01:05:01.466+00:00,21072-30059,dryers,20632096-b,716000000,2026-10-08 01:05:01,2026-10-08 00:51:12,0,829.0,-829.0,,Available,website maps this code to Available
1,3bd221d3-78fd-44ae-966d-10a1fcec3130,2026-10-08T01:05:01.297+00:00,2026-10-08T01:05:01.466+00:00,21072-30059,dryers,20632118-a,716000000,2026-10-08 01:05:01,2026-10-07 18:39:43,0,23118.0,-23118.0,,Available,website maps this code to Available
1,3bd221d3-78fd-44ae-966d-10a1fcec3130,2026-10-08T01:05:01.297+00:00,2026-10-08T01:05:01.466+00:00,21072-30059,dryers,20632035-a,716000000,2026-10-08 01:05:01,2026-10-07 02:49:50,0,80111.0,-80111.0,,Available,website maps this code to Available
1,3bd221d3-78fd-44ae-966d-10a1fcec3130,2026-10-08T01:05:01.297+00:00,2026-10-08T01:05:01.466+00:00,21072-30059,dryers,20632102-a,416000000,2026-10-08 01:05:01,2026-10-08 00:33:37,45,1884.0,816.0,14,Running,
1,3bd221d3-78fd-44ae-966d-10a1fcec3130,2026-10-08T01:05:01.297+00:00,2026-10-08T01:05:01.466+00:00,21072-30059,dryers,20632060-a,716000000,2026-10-08 01:05:01,2026-10-07 03:04:43,0,79218.0,-79218.0,,Available,website maps this code to Available
1,3bd221d3-78fd-44ae-966d-10a1fcec3130,2026-10-08T01:05:01.297+00:00,2026-10-08T01:05:01.466+00:00,21072-30059,dryers,20632117-a,416000000,2026-10-08 01:05:01,2026-10-08 01:00:38,10,263.0,337.0,6,Running,
1,3bd221d3-78fd-44ae-966d-10a1fcec3130,2026-10-08T01:05:01.297+00:00,2026-10-08T01:05:01.466+00:00,21072-30059,dryers,20632037-a,416000000,2026-10-08 01:05:01,2026-10-08 00:32:50,45,1931.0,769.0,13,Running,
1,3bd221d3-78fd-44ae-966d-10a1fcec3130,2026-10-08T01:05:01.297+00:00,2026-10-08T01:05:01.466+00:00,21072-30059,dryers,20632092-a,716000000,2026-10-08 01:05:01,2026-10-07 22:05:27,0,10774.0,-10774.0,,Available,website maps this code to Available
1,3bd221d3-78fd-44ae-966d-10a1fcec3130,2026-10-08T01:05:01.297+00:00,2026-10-08T01:05:01.466+00:00,21072-30059,dryers,20632128-a,716000000,2026-10-08 01:05:01,2026-10-07 22:06:02,0,10739.0,-10739.0,,Available,website maps this code to Available
1,3bd221d3-78fd-44ae-966d-10a1fcec3130,2026-10-08T01:05:01.297+00:00,2026-10-08T01:05:01.466+00:00,21072-30059,dryers,20632044-a,416000000,2026-10-08 01:05:01,2026-10-08 00:56:05,10,536.0,64.0,2,Running,
1,3bd221d3-78fd-44ae-966d-10a1fcec3130,2026-10-08T01:05:01.297+00:00,2026-10-08T01:05:01.466+00:00,21072-30059,dryers,20632094-a,716000000,2026-10-08 01:05:01,2026-10-07 07:58:50,0,61571.0,-61571.0,,Available,website maps this code to Available
1,3bd221d3-78fd-44ae-966d-10a1fcec3130,2026-10-08T01:05:01.297+00:00,2026-10-08T01:05:01.466+00:00,21072-30059,dryers,20632123-a,716000000,2026-10-08 01:05:01,2026-10-08 00:04:40,0,3621.0,-3621.0,,Available,website maps this code to Available
1,3bd221d3-78fd-44ae-966d-10a1fcec3130,2026-10-08T01:05:01.297+00:00,2026-10-08T01:05:01.466+00:00,21072-30059,dryers,20632098-a,616000040,2026-10-08 01:05:01,2026-10-08 00:50:42,0,859.0,-859.0,,Error,
1,5e20e804-d878-4822-ad07-de10d1d16293,2026-10-08T01:06:01.264+00:00,2026-10-08T01:06:01.435+00:00,21072-30059,washers,20632118-b,716000000,2026-10-08 01:06:01,2026-10-07 20:53:09,0,15172.0,-15172.0,,Available,website maps this code to Available
1,5e20e804-d878-4822-ad07-de10d1d16293,2026-10-08T01:06:01.264+00:00,2026-10-08T01:06:01.435+00:00,21072-30059,washers,20632035-b,716000000,2026-10-08 01:06:01,2026-10-07 04:03:57,0,75724.0,-75724.0,,Available,website maps this code to Available
1,5e20e804-d878-4822-ad07-de10d1d16293,2026-10-08T01:06:01.264+00:00,2026-10-08T01:06:01.435+00:00,21072-30059,washers,20632102-b,716000000,2026-10-08 01:06:01,2026-10-07 23:34:21,0,5500.0,-5500.0,,Available,website maps this code to Available
1,5e20e804-d878-4822-ad07-de10d1d16293,2026-10-08T01:06:01.264+00:00,2026-10-08T01:06:01.435+00:00,21072-30059,washers,20632060-b,716000000,2026-10-08 01:06:01,2026-10-07 23:19:28,0,6393.0,-6393.0,,Available,website maps this code to Available
1,5e20e804-d878-4822-ad07-de10d1d16293,2026-10-08T01:06:01.264+00:00,2026-10-08T01:06:01.435+00:00,21072-30059,washers,20632117-b,716000000,2026-10-08 01:06:01,2026-10-07 23:18:55,0,6426.0,-6426.0,,Available,website maps this code to Available
1,5e20e804-d878-4822-ad07-de10d1d16293,2026-10-08T01:06:01.264+00:00,2026-10-08T01:06:01.435+00:00,21072-30059,washers,20632037-b,716000000,2026-10-08 01:06:01,2026-10-07 20:32:19,0,16422.0,-16422.0,,Available,website maps this code to Available
1,5e20e804-d878-4822-ad07-de10d1d16293,2026-10-08T01:06:01.264+00:00,2026-10-08T01:06:01.435+00:00,21072-30059,washers,20632092-b,716000000,2026-10-08 01:06:01,2026-10-07 20:33:56,0,16325.0,-16325.0,,Available,website maps this code to Available
1,5e20e804-d878-4822-ad07-de10d1d16293,2026-10-08T01:06:01.264+00:00,2026-10-08T01:06:01.435+00:00,21072-30059,washers,20632128-b,716000000,2026-10-08 01:06:01,2026-10-07 20:35:15,0,16246.0,-16246.0,,Available,website maps this code to Available
1,5e20e804-d878-4822-ad07-de10d1d16293,2026-10-08T01:06:01.264+00:00,2026-10-08T01:06:01.435+00:00,21072-30059,washers,20632044-b,716000000,2026-10-08 01:06:01,2026-10-07 06:53:39,0,65542.0,-65542.0,,Available,website maps this code to Available
1,5e20e804-d878-4822-ad07-de10d1d16293,2026-10-08T01:06:01.264+00:00,2026-10-08T01:06:01.435+00:00,21072-30059,washers,20632094-b,716000000,2026-10-08 01:06:01,2026-10-07 06:07:39,0,68302.0,-68302.0,,Available,website maps this code to Available
1,5e20e804-d878-4822-ad07-de10d1d16293,2026-10-08T01:06:01.264+00:00,2026-10-08T01:06:01.435+00:00,21072-30059,washers,20632123-b,516000000,2026-10-08 01:06:01,2026-10-08 00:04:42,0,3679.0,-3679.0,,Available,website fallback: report over 1 hour old
1,5e20e804-d878-4822-ad07-de10d1d16293,2026-10-08T01:06:01.264+00:00,2026-10-08T01:06:01.435+00:00,21072-30059,washers,20632098-b,616000040,2026-10-08 01:06:01,2026-10-08 00:50:44,0,917.0,-917.0,,Error,
1,5e20e804-d878-4822-ad07-de10d1d16293,2026-10-08T01:06:01.264+00:00,2026-10-08T01:06:01.435+00:00,21072-30059,dryers,20632096-a,716000000,2026-10-08 01:06:01,2026-10-08 00:51:10,0,891.0,-891.0,,Available,website maps this code to Available
1,5e20e804-d878-4822-ad07-de10d1d16293,2026-10-08T01:06:01.264+00:00,2026-10-08T01:06:01.435+00:00,21072-30059,dryers,20632096-b,716000000,2026-10-08 01:06:01,2026-10-08 00:51:12,0,889.0,-889.0,,Available,website maps this code to Available
1,5e20e804-d878-4822-ad07-de10d1d16293,2026-10-08T01:06:01.264+00:00,2026-10-08T01:06:01.435+00:00,21072-30059,dryers,20632118-a,716000000,2026-10-08 01:06:01,2026-10-07 18:39:43,0,23178.0,-23178.0,,Available,website maps this code to Available
1,5e20e804-d878-4822-ad07-de10d1d16293,2026-10-08T01:06:01.264+00:00,2026-10-08T01:06:01.435+00:00,21072-30059,dryers,20632035-a,716000000,2026-10-08 01:06:01,2026-10-07 02:49:50,0,80171.0,-80171.0,,Available,website maps this code to Available
1,5e20e804-d878-4822-ad07-de10d1d16293,2026-10-08T01:06:01.264+00:00,2026-10-08T01:06:01.435+00:00,21072-30059,dryers,20632102-a,416000000,2026-10-08 01:06:01,2026-10-08 00:33:37,45,1944.0,756.0,13,Running,
1,5e20e804-d878-4822-ad07-de10d1d16293,2026-10-08T01:06:01.264+00:00,2026-10-08T01:06:01.435+00:00,21072-30059,dryers,20632060-a,716000000,2026-10-08 01:06:01,2026-10-07 03:04:43,0,79278.0,-79278.0,,Available,website maps this code to Available
1,5e20e804-d878-4822-ad07-de10d1d16293,2026-10-08T01:06:01.264+00:00,2026-10-08T01:06:01.435+00:00,21072-30059,dryers,20632117-a,416000000,2026-10-08 01:06:01,2026-10-08 01:06:00,13,1.0,779.0,13,Running,
1,5e20e804-d878-4822-ad07-de10d1d16293,2026-10-08T01:06:01.264+00:00,2026-10-08T01:06:01.435+00:00,21072-30059,dryers,20632037-a,416000000,2026-10-08 01:06:01,2026-10-08 00:32:50,45,1991.0,709.0,12,Running,
1,5e20e804-d878-4822-ad07-de10d1d16293,2026-10-08T01:06:01.264+00:00,2026-10-08T01:06:01.435+00:00,21072-30059,dryers,20632092-a,716000000,2026-10-08 01:06:01,2026-10-07 22:05:27,0,10834.0,-10834.0,,Available,website maps this code to Available
1,5e20e804-d878-4822-ad07-de10d1d16293,2026-10-08T01:06:01.264+00:00,2026-10-08T01:06:01.435+00:00,21072-30059,dryers,20632128-a,716000000,2026-10-08 01:06:01,2026-10-07 22:06:02,0,10799.0,-10799.0,,Available,website maps this code to Available
1,5e20e804-d878-4822-ad07-de10d1d16293,2026-10-08T01:06:01.264+00:00,2026-10-08T01:06:01.435+00:00,21072-30059,dryers,20632044-a,416000000,2026-10-08 01:06:01,2026-10-08 00:56:05,10,596.0,4.0,1,Running,
1,5e20e804-d878-4822-ad07-de10d1d16293,2026-10-08T01:06:01.264+00:00,2026-10-08T01:06:01.435+00:00,21072-30059,dryers,20632094-a,716000000,2026-10-08 01:06:01,2026-10-07 07:58:50,0,61631.0,-61631.0,,Available,website maps this code to Available
1,5e20e804-d878-4822-ad07-de10d1d16293,2026-10-08T01:06:01.264+00:00,2026-10-08T01:06:01.435+00:00,21072-30059,dryers,20632123-a,716000000,2026-10-08 01:06:01,2026-10-08 00:04:40,0,3681.0,-3681.0,,Available,website maps this code to Available
1,5e20e804-d878-4822-ad07-de10d1d16293,2026-10-08T01:06:01.264+00:00,2026-10-08T01:06:01.435+00:00,21072-30059,dryers,20632098-a,616000040,2026-10-08 01:06:01,2026-10-08 00:50:42,0,919.0,-919.0,,Error,
1,c155f885-870e-47f9-bc59-68ba13e8bf83,2026-10-08T01:07:01.264+00:00,2026-10-08T01:07:01.450+00:00,21072-30059,washers,20632118-b,716000000,2026-10-08 01:07:01,2026-10-07 20:53:09,0,15232.0,-15232.0,,Available,website maps this code to Available
1,c155f885-870e-47f9-bc59-68ba13e8bf83,2026-10-08T01:07:01.264+00:00,2026-10-08T01:07:01.450+00:00,21072-30059,washers,20632035-b,716000000,2026-10-08 01:07:01,2026-10-07 04:03:57,0,75784.0,-75784.0,,Available,website maps this code to Available
1,c155f885-870e-47f9-bc59-68ba13e8bf83,2026-10-08T01:07:01.264+00:00,2026-10-08T01:07:01.450+00:00,21072-30059,washers,20632102-b,716000000,2026-10-08 01:07:01,2026-10-07 23:34:21,0,5560.0,-5560.0,,Available,website maps this code to Available
1,c155f885-870e-47f9-bc59-68ba13e8bf83,2026-10-08T01:07:01.264+00:00,2026-10-08T01:07:01.450+00:00,21072-30059,washers,20632060-b,716000000,2026-10-08 01:07:01,2026-10-07 23:19:28,0,6453.0,-6453.0,,Available,website maps this code to Available
1,c155f885-870e-47f9-bc59-68ba13e8bf83,2026-10-08T01:07:01.264+00:00,2026-10-08T01:07:01.450+00:00,21072-30059,washers,20632117-b,716000000,2026-10-08 01:07:01,2026-10-07 23:18:55,0,6486.0,-6486.0,,Available,website maps this code to Available
1,c155f885-870e-47f9-bc59-68ba13e8bf83,2026-10-08T01:07:01.264+00:00,2026-10-08T01:07:01.450+00:00,21072-30059,washers,20632037-b,716000000,2026-10-08 01:07:01,2026-10-07 20:32:19,0,16482.0,-16482.0,,Available,website maps this code to Available
1,c155f885-870e-47f9-bc59-68ba13e8bf83,2026-10-08T01:07:01.264+00:00,2026-10-08T01:07:01.450+00:00,21072-30059,washers,20632092-b,716000000,2026-10-08 01:07:01,2026-10-07 20:33:56,0,16385.0,-16385.0,,Available,website maps this code to Available
1,c155f885-870e-47f9-bc59-68ba13e8bf83,2026-10-08T01:07:01.264+00:00,2026-10-08T01:07:01.450+00:00,21072-30059,washers,20632128-b,716000000,2026-10-08 01:07:01,2026-10-07 20:35:15,0,16306.0,-16306.0,,Available,website maps this code to Available
1,c155f885-870e-47f9-bc59-68ba13e8bf83,2026-10-08T01:07:01.264+00:00,2026-10-08T01:07:01.450+00:00,21072-30059,washers,20632044-b,716000000,2026-10-08 01:07:01,2026-10-07 06:53:39,0,65602.0,-65602.0,,Available,website maps this code to Available
1,c155f885-870e-47f9-bc59-68ba13e8bf83,2026-10-08T01:07:01.264+00:00,2026-10-08T01:07:01.450+00:00,21072-30059,washers,20632094-b,716000000,2026-10-08 01:07:01,2026-10-07 06:07:39,0,68362.0,-68362.0,,Available,website maps this code to Available
1,c155f885-870e-47f9-bc59-68ba13e8bf83,2026-10-08T01:07:01.264+00:00,2026-10-08T01:07:01.450+00:00,21072-30059,washers,20632123-b,516000000,2026-10-08 01:07:01,2026-10-08 00:04:42,0,3739.0,-3739.0,,Available,website fallback: report over 1 hour old
1,c155f885-870e-47f9-bc59-68ba13e8bf83,2026-10-08T01:07:01.264+00:00,2026-10-08T01:07:01.450+00:00,21072-30059,washers,20632098-b,616000040,2026-10-08 01:07:01,2026-10-08 00:50:44,0,977.0,-977.0,,Error,
1,c155f885-870e-47f9-bc59-68ba13e8bf83,2026-10-08T01:07:01.264+00:00,2026-10-08T01:07:01.450+00:00,21072-30059,dryers,20632096-a,716000000,2026-10-08 01:07:01,2026-10-08 00:51:10,0,951.0,-951.0,,Available,website maps this code to Available
1,c155f885-870e-47f9-bc59-68ba13e8bf83,2026-10-08T01:07:01.264+00:00,2026-10-08T01:07:01.450+00:00,21072-30059,dryers,20632096-b,716000000,2026-10-08 01:07:01,2026-10-08 00:51:12,0,949.0,-949.0,,Available,website maps this code to Available
1,c155f885-870e-47f9-bc59-68ba13e8bf83,2026-10-08T01:07:01.264+00:00,2026-10-08T01:07:01.450+00:00,21072-30059,dryers,20632118-a,716000000,2026-10-08 01:07:01,2026-10-07 18:39:43,0,23238.0,-23238.0,,Available,website maps this code to Available
1,c155f885-870e-47f9-bc59-68ba13e8bf83,2026-10-08T01:07:01.264+00:00,2026-10-08T01:07:01.450+00:00,21072-30059,dryers,20632035-a,716000000,2026-10-08 01:07:01,2026-10-07 02:49:50,0,80231.0,-80231.0,,Available,website maps this code to Available
1,c155f885-870e-47f9-bc59-68ba13e8bf83,2026-10-08T01:07:01.264+00:00,2026-10-08T01:07:01.450+00:00,21072-30059,dryers,20632102-a,416000000,2026-10-08 01:07:01,2026-10-08 00:33:37,45,2004.0,696.0,12,Running,
1,c155f885-870e-47f9-bc59-68ba13e8bf83,2026-10-08T01:07:01.264+00:00,2026-10-08T01:07:01.450+00:00,21072-30059,dryers,20632060-a,716000000,2026-10-08 01:07:01,2026-10-07 03:04:43,0,79338.0,-79338.0,,Available,website maps this code to Available
1,c155f885-870e-47f9-bc59-68ba13e8bf83,2026-10-08T01:07:01.264+00:00,2026-10-08T01:07:01.450+00:00,21072-30059,dryers,20632117-a,416000000,2026-10-08 01:07:01,2026-10-08 01:06:00,13,61.0,719.0,12,Running,
1,c155f885-870e-47f9-bc59-68ba13e8bf83,2026-10-08T01:07:01.264+00:00,2026-10-08T01:07:01.450+00:00,21072-30059,dryers,20632037-a,416000000,2026-10-08 01:07:01,2026-10-08 00:32:50,45,2051.0,649.0,11,Running,
1,c155f885-870e-47f9-bc59-68ba13e8bf83,2026-10-08T01:07:01.264+00:00,2026-10-08T01:07:01.450+00:00,21072-30059,dryers,20632092-a,716000000,2026-10-08 01:07:01,2026-10-07 22:05:27,0,10894.0,-10894.0,,Available,website maps this code to Available
1,c155f885-870e-47f9-bc59-68ba13e8bf83,2026-10-08T01:07:01.264+00:00,2026-10-08T01:07:01.450+00:00,21072-30059,dryers,20632128-a,716000000,2026-10-08 01:07:01,2026-10-07 22:06:02,0,10859.0,-10859.0,,Available,website maps this code to Available
1,c155f885-870e-47f9-bc59-68ba13e8bf83,2026-10-08T01:07:01.264+00:00,2026-10-08T01:07:01.450+00:00,21072-30059,dryers,20632044-a,416000000,2026-10-08 01:07:01,2026-10-08 01:06:19,10,42.0,558.0,10,Running,
1,c155f885-870e-47f9-bc59-68ba13e8bf83,2026-10-08T01:07:01.264+00:00,2026-10-08T01:07:01.450+00:00,21072-30059,dryers,20632094-a,716000000,2026-10-08 01:07:01,2026-10-07 07:58:50,0,61691.0,-61691.0,,Available,website maps this code to Available
1,c155f885-870e-47f9-bc59-68ba13e8bf83,2026-10-08T01:07:01.264+00:00,2026-10-08T01:07:01.450+00:00,21072-30059,dryers,20632123-a,716000000,2026-10-08 01:07:01,2026-10-08 00:04:40,0,3741.0,-3741.0,,Available,website maps this code to Available
1,c155f885-870e-47f9-bc59-68ba13e8bf83,2026-10-08T01:07:01.264+00:00,2026-10-08T01:07:01.450+00:00,21072-30059,dryers,20632098-a,616000040,2026-10-08 01:07:01,2026-10-08 00:50:42,0,979.0,-979.0,,Error,
1,4076cd74-19c6-454e-9e09-647009280476,2026-10-08T01:08:01.391+00:00,2026-10-08T01:08:01.556+00:00,21072-30059,washers,20632118-b,716000000,2026-10-08 01:08:01,2026-10-07 20:53:09,0,15292.0,-15292.0,,Available,website maps this code to Available
1,4076cd74-19c6-454e-9e09-647009280476,2026-10-08T01:08:01.391+00:00,2026-10-08T01:08:01.556+00:00,21072-30059,washers,20632035-b,716000000,2026-10-08 01:08:01,2026-10-07 04:03:57,0,75844.0,-75844.0,,Available,website maps this code to Available
1,4076cd74-19c6-454e-9e09-647009280476,2026-10-08T01:08:01.391+00:00,2026-10-08T01:08:01.556+00:00,21072-30059,washers,20632102-b,716000000,2026-10-08 01:08:01,2026-10-07 23:34:21,0,5620.0,-5620.0,,Available,website maps this code to Available
1,4076cd74-19c6-454e-9e09-647009280476,2026-10-08T01:08:01.391+00:00,2026-10-08T01:08:01.556+00:00,21072-30059,washers,20632060-b,716000000,2026-10-08 01:08:01,2026-10-07 23:19:28,0,6513.0,-6513.0,,Available,website maps this code to Available
1,4076cd74-19c6-454e-9e09-647009280476,2026-10-08T01:08:01.391+00:00,2026-10-08T01:08:01.556+00:00,21072-30059,washers,20632117-b,716000000,2026-10-08 01:08:01,2026-10-07 23:18:55,0,6546.0,-6546.0,,Available,website maps this code to Available
1,4076cd74-19c6-454e-9e09-647009280476,2026-10-08T01:08:01.391+00:00,2026-10-08T01:08:01.556+00:00,21072-30059,washers,20632037-b,716000000,2026-10-08 01:08:01,2026-10-07 20:32:19,0,16542.0,-16542.0,,Available,website maps this code to Available
1,4076cd74-19c6-454e-9e09-647009280476,2026-10-08T01:08:01.391+00:00,2026-10-08T01:08:01.556+00:00,21072-30059,washers,20632092-b,716000000,2026-10-08 01:08:01,2026-10-07 20:33:56,0,16445.0,-16445.0,,Available,website maps this code to Available
1,4076cd74-19c6-454e-9e09-647009280476,2026-10-08T01:08:01.391+00:00,2026-10-08T01:08:01.556+00:00,21072-30059,washers,20632128-b,716000000,2026-10-08 01:08:01,2026-10-07 20:35:15,0,16366.0,-16366.0,,Available,website maps this code to Available
1,4076cd74-19c6-454e-9e09-647009280476,2026-10-08T01:08:01.391+00:00,2026-10-08T01:08:01.556+00:00,21072-30059,washers,20632044-b,716000000,2026-10-08 01:08:01,2026-10-07 06:53:39,0,65662.0,-65662.0,,Available,website maps this code to Available
1,4076cd74-19c6-454e-9e09-647009280476,2026-10-08T01:08:01.391+00:00,2026-10-08T01:08:01.556+00:00,21072-30059,washers,20632094-b,716000000,2026-10-08 01:08:01,2026-10-07 06:07:39,0,68422.0,-68422.0,,Available,website maps this code to Available
1,4076cd74-19c6-454e-9e09-647009280476,2026-10-08T01:08:01.391+00:00,2026-10-08T01:08:01.556+00:00,21072-30059,washers,20632123-b,516000000,2026-10-08 01:08:01,2026-10-08 00:04:42,0,3799.0,-3799.0,,Available,website fallback: report over 1 hour old
1,4076cd74-19c6-454e-9e09-647009280476,2026-10-08T01:08:01.391+00:00,2026-10-08T01:08:01.556+00:00,21072-30059,washers,20632098-b,616000040,2026-10-08 01:08:01,2026-10-08 00:50:44,0,1037.0,-1037.0,,Error,
1,4076cd74-19c6-454e-9e09-647009280476,2026-10-08T01:08:01.391+00:00,2026-10-08T01:08:01.556+00:00,21072-30059,dryers,20632096-a,716000000,2026-10-08 01:08:01,2026-10-08 00:51:10,0,1011.0,-1011.0,,Available,website maps this code to Available
1,4076cd74-19c6-454e-9e09-647009280476,2026-10-08T01:08:01.391+00:00,2026-10-08T01:08:01.556+00:00,21072-30059,dryers,20632096-b,716000000,2026-10-08 01:08:01,2026-10-08 00:51:12,0,1009.0,-1009.0,,Available,website maps this code to Available
1,4076cd74-19c6-454e-9e09-647009280476,2026-10-08T01:08:01.391+00:00,2026-10-08T01:08:01.556+00:00,21072-30059,dryers,20632118-a,716000000,2026-10-08 01:08:01,2026-10-07 18:39:43,0,23298.0,-23298.0,,Available,website maps this code to Available
1,4076cd74-19c6-454e-9e09-647009280476,2026-10-08T01:08:01.391+00:00,2026-10-08T01:08:01.556+00:00,21072-30059,dryers,20632035-a,716000000,2026-10-08 01:08:01,2026-10-07 02:49:50,0,80291.0,-80291.0,,Available,website maps this code to Available
1,4076cd74-19c6-454e-9e09-647009280476,2026-10-08T01:08:01.391+00:00,2026-10-08T01:08:01.556+00:00,21072-30059,dryers,20632102-a,416000000,2026-10-08 01:08:01,2026-10-08 00:33:37,45,2064.0,636.0,11,Running,
1,4076cd74-19c6-454e-9e09-647009280476,2026-10-08T01:08:01.391+00:00,2026-10-08T01:08:01.556+00:00,21072-30059,dryers,20632060-a,716000000,2026-10-08 01:08:01,2026-10-07 03:04:43,0,79398.0,-79398.0,,Available,website maps this code to Available
1,4076cd74-19c6-454e-9e09-647009280476,2026-10-08T01:08:01.391+00:00,2026-10-08T01:08:01.556+00:00,21072-30059,dryers,20632117-a,416000000,2026-10-08 01:08:01,2026-10-08 01:07:37,10,24.0,576.0,10,Running,
1,4076cd74-19c6-454e-9e09-647009280476,2026-10-08T01:08:01.391+00:00,2026-10-08T01:08:01.556+00:00,21072-30059,dryers,20632037-a,416000000,2026-10-08 01:08:01,2026-10-08 01:07:48,10,13.0,587.0,10,Running,
1,4076cd74-19c6-454e-9e09-647009280476,2026-10-08T01:08:01.391+00:00,2026-10-08T01:08:01.556+00:00,21072-30059,dryers,20632092-a,716000000,2026-10-08 01:08:01,2026-10-07 22:05:27,0,10954.0,-10954.0,,Available,website maps this code to Available
1,4076cd74-19c6-454e-9e09-647009280476,2026-10-08T01:08:01.391+00:00,2026-10-08T01:08:01.556+00:00,21072-30059,dryers,20632128-a,716000000,2026-10-08 01:08:01,2026-10-07 22:06:02,0,10919.0,-10919.0,,Available,website maps this code to Available
1,4076cd74-19c6-454e-9e09-647009280476,2026-10-08T01:08:01.391+00:00,2026-10-08T01:08:01.556+00:00,21072-30059,dryers,20632044-a,416000000,2026-10-08 01:08:01,2026-10-08 01:06:19,10,102.0,498.0,9,Running,
1,4076cd74-19c6-454e-9e09-647009280476,2026-10-08T01:08:01.391+00:00,2026-10-08T01:08:01.556+00:00,21072-30059,dryers,20632094-a,716000000,2026-10-08 01:08:01,2026-10-07 07:58:50,0,61751.0,-61751.0,,Available,website maps this code to Available
1,4076cd74-19c6-454e-9e09-647009280476,2026-10-08T01:08:01.391+00:00,2026-10-08T01:08:01.556+00:00,21072-30059,dryers,20632123-a,716000000,2026-10-08 01:08:01,2026-10-08 00:04:40,0,3801.0,-3801.0,,Available,website maps this code to Available
1,4076cd74-19c6-454e-9e09-647009280476,2026-10-08T01:08:01.391+00:00,2026-10-08T01:08:01.556+00:00,21072-30059,dryers,20632098-a,616000040,2026-10-08 01:08:01,2026-10-08 00:50:42,0,1039.0,-1039.0,,Error,
1,48e160c0-b265-46c2-8de3-a74dc227eaa9,2026-10-08T01:09:01.260+00:00,2026-10-08T01:09:01.431+00:00,21072-30059,washers,20632118-b,716000000,2026-10-08 01:09:01,2026-10-07 20:53:09,0,15352.0,-15352.0,,Available,website maps this code to Available
1,48e160c0-b265-46c2-8de3-a74dc227eaa9,2026-10-08T01:09:01.260+00:00,2026-10-08T01:09:01.431+00:00,21072-30059,washers,20632035-b,716000000,2026-10-08 01:09:01,2026-10-07 04:03:57,0,75904.0,-75904.0,,Available,website maps this code to Available
1,48e160c0-b265-46c2-8de3-a74dc227eaa9,2026-10-08T01:09:01.260+00:00,2026-10-08T01:09:01.431+00:00,21072-30059,washers,20632102-b,716000000,2026-10-08 01:09:01,2026-10-07 23:34:21,0,5680.0,-5680.0,,Available,website maps this code to Available
1,48e160c0-b265-46c2-8de3-a74dc227eaa9,2026-10-08T01:09:01.260+00:00,2026-10-08T01:09:01.431+00:00,21072-30059,washers,20632060-b,716000000,2026-10-08 01:09:01,2026-10-07 23:19:28,0,6573.0,-6573.0,,Available,website maps this code to Available
1,48e160c0-b265-46c2-8de3-a74dc227eaa9,2026-10-08T01:09:01.260+00:00,2026-10-08T01:09:01.431+00:00,21072-30059,washers,20632117-b,716000000,2026-10-08 01:09:01,2026-10-07 23:18:55,0,6606.0,-6606.0,,Available,website maps this code to Available
1,48e160c0-b265-46c2-8de3-a74dc227eaa9,2026-10-08T01:09:01.260+00:00,2026-10-08T01:09:01.431+00:00,21072-30059,washers,20632037-b,716000000,2026-10-08 01:09:01,2026-10-07 20:32:19,0,16602.0,-16602.0,,Available,website maps this code to Available
1,48e160c0-b265-46c2-8de3-a74dc227eaa9,2026-10-08T01:09:01.260+00:00,2026-10-08T01:09:01.431+00:00,21072-30059,washers,20632092-b,716000000,2026-10-08 01:09:01,2026-10-07 20:33:56,0,16505.0,-16505.0,,Available,website maps this code to Available
1,48e160c0-b265-46c2-8de3-a74dc227eaa9,2026-10-08T01:09:01.260+00:00,2026-10-08T01:09:01.431+00:00,21072-30059,washers,20632128-b,716000000,2026-10-08 01:09:01,2026-10-07 20:35:15,0,16426.0,-16426.0,,Available,website maps this code to Available
1,48e160c0-b265-46c2-8de3-a74dc227eaa9,2026-10-08T01:09:01.260+00:00,2026-10-08T01:09:01.431+00:00,21072-30059,washers,20632044-b,716000000,2026-10-08 01:09:01,2026-10-07 06:53:39,0,65722.0,-65722.0,,Available,website maps this code to Available
1,48e160c0-b265-46c2-8de3-a74dc227eaa9,2026-10-08T01:09:01.260+00:00,2026-10-08T01:09:01.431+00:00,21072-30059,washers,20632094-b,716000000,2026-10-08 01:09:01,2026-10-07 06:07:39,0,68482.0,-68482.0,,Available,website maps this code to Available
1,48e160c0-b265-46c2-8de3-a74dc227eaa9,2026-10-08T01:09:01.260+00:00,2026-10-08T01:09:01.431+00:00,21072-30059,washers,20632123-b,516000000,2026-10-08 01:09:01,2026-10-08 00:04:42,0,3859.0,-3859.0,,Available,website fallback: report over 1 hour old
1,48e160c0-b265-46c2-8de3-a74dc227eaa9,2026-10-08T01:09:01.260+00:00,2026-10-08T01:09:01.431+00:00,21072-30059,washers,20632098-b,616000040,2026-10-08 01:09:01,2026-10-08 00:50:44,0,1097.0,-1097.0,,Error,
1,48e160c0-b265-46c2-8de3-a74dc227eaa9,2026-10-08T01:09:01.260+00:00,2026-10-08T01:09:01.431+00:00,21072-30059,dryers,20632096-a,716000000,2026-10-08 01:09:01,2026-10-08 00:51:10,0,1071.0,-1071.0,,Available,website maps this code to Available
1,48e160c0-b265-46c2-8de3-a74dc227eaa9,2026-10-08T01:09:01.260+00:00,2026-10-08T01:09:01.431+00:00,21072-30059,dryers,20632096-b,716000000,2026-10-08 01:09:01,2026-10-08 00:51:12,0,1069.0,-1069.0,,Available,website maps this code to Available
1,48e160c0-b265-46c2-8de3-a74dc227eaa9,2026-10-08T01:09:01.260+00:00,2026-10-08T01:09:01.431+00:00,21072-30059,dryers,20632118-a,716000000,2026-10-08 01:09:01,2026-10-07 18:39:43,0,23358.0,-23358.0,,Available,website maps this code to Available
1,48e160c0-b265-46c2-8de3-a74dc227eaa9,2026-10-08T01:09:01.260+00:00,2026-10-08T01:09:01.431+00:00,21072-30059,dryers,20632035-a,716000000,2026-10-08 01:09:01,2026-10-07 02:49:50,0,80351.0,-80351.0,,Available,website maps this code to Available
1,48e160c0-b265-46c2-8de3-a74dc227eaa9,2026-10-08T01:09:01.260+00:00,2026-10-08T01:09:01.431+00:00,21072-30059,dryers,20632102-a,416000000,2026-10-08 01:09:01,2026-10-08 01:08:27,10,34.0,566.0,10,Running,
1,48e160c0-b265-46c2-8de3-a74dc227eaa9,2026-10-08T01:09:01.260+00:00,2026-10-08T01:09:01.431+00:00,21072-30059,dryers,20632060-a,716000000,2026-10-08 01:09:01,2026-10-07 03:04:43,0,79458.0,-79458.0,,Available,website maps this code to Available
1,48e160c0-b265-46c2-8de3-a74dc227eaa9,2026-10-08T01:09:01.260+00:00,2026-10-08T01:09:01.431+00:00,21072-30059,dryers,20632117-a,416000000,2026-10-08 01:09:01,2026-10-08 01:07:37,10,84.0,516.0,9,Running,
1,48e160c0-b265-46c2-8de3-a74dc227eaa9,2026-10-08T01:09:01.260+00:00,2026-10-08T01:09:01.431+00:00,21072-30059,dryers,20632037-a,416000000,2026-10-08 01:09:01,2026-10-08 01:07:48,10,73.0,527.0,9,Running,
1,48e160c0-b265-46c2-8de3-a74dc227eaa9,2026-10-08T01:09:01.260+00:00,2026-10-08T01:09:01.431+00:00,21072-30059,dryers,20632092-a,716000000,2026-10-08 01:09:01,2026-10-07 22:05:27,0,11014.0,-11014.0,,Available,website maps this code to Available
1,48e160c0-b265-46c2-8de3-a74dc227eaa9,2026-10-08T01:09:01.260+00:00,2026-10-08T01:09:01.431+00:00,21072-30059,dryers,20632128-a,716000000,2026-10-08 01:09:01,2026-10-07 22:06:02,0,10979.0,-10979.0,,Available,website maps this code to Available
1,48e160c0-b265-46c2-8de3-a74dc227eaa9,2026-10-08T01:09:01.260+00:00,2026-10-08T01:09:01.431+00:00,21072-30059,dryers,20632044-a,416000000,2026-10-08 01:09:01,2026-10-08 01:06:19,10,162.0,438.0,8,Running,
1,48e160c0-b265-46c2-8de3-a74dc227eaa9,2026-10-08T01:09:01.260+00:00,2026-10-08T01:09:01.431+00:00,21072-30059,dryers,20632094-a,716000000,2026-10-08 01:09:01,2026-10-07 07:58:50,0,61811.0,-61811.0,,Available,website maps this code to Available
1,48e160c0-b265-46c2-8de3-a74dc227eaa9,2026-10-08T01:09:01.260+00:00,2026-10-08T01:09:01.431+00:00,21072-30059,dryers,20632123-a,716000000,2026-10-08 01:09:01,2026-10-08 00:04:40,0,3861.0,-3861.0,,Available,website maps this code to Available
1,48e160c0-b265-46c2-8de3-a74dc227eaa9,2026-10-08T01:09:01.260+00:00,2026-10-08T01:09:01.431+00:00,21072-30059,dryers,20632098-a,616000040,2026-10-08 01:09:01,2026-10-08 00:50:42,0,1099.0,-1099.0,,Error,
1,7304083a-5c69-4da2-9a1b-ef2eed82d887,2026-10-08T01:10:01.338+00:00,2026-10-08T01:10:01.502+00:00,21072-30059,washers,20632118-b,716000000,2026-10-08 01:10:01,2026-10-07 20:53:09,0,15412.0,-15412.0,,Available,website maps this code to Available
1,7304083a-5c69-4da2-9a1b-ef2eed82d887,2026-10-08T01:10:01.338+00:00,2026-10-08T01:10:01.502+00:00,21072-30059,washers,20632035-b,716000000,2026-10-08 01:10:01,2026-10-07 04:03:57,0,75964.0,-75964.0,,Available,website maps this code to Available
1,7304083a-5c69-4da2-9a1b-ef2eed82d887,2026-10-08T01:10:01.338+00:00,2026-10-08T01:10:01.502+00:00,21072-30059,washers,20632102-b,716000000,2026-10-08 01:10:01,2026-10-07 23:34:21,0,5740.0,-5740.0,,Available,website maps this code to Available
1,7304083a-5c69-4da2-9a1b-ef2eed82d887,2026-10-08T01:10:01.338+00:00,2026-10-08T01:10:01.502+00:00,21072-30059,washers,20632060-b,716000000,2026-10-08 01:10:01,2026-10-07 23:19:28,0,6633.0,-6633.0,,Available,website maps this code to Available
1,7304083a-5c69-4da2-9a1b-ef2eed82d887,2026-10-08T01:10:01.338+00:00,2026-10-08T01:10:01.502+00:00,21072-30059,washers,20632117-b,716000000,2026-10-08 01:10:01,2026-10-07 23:18:55,0,6666.0,-6666.0,,Available,website maps this code to Available
1,7304083a-5c69-4da2-9a1b-ef2eed82d887,2026-10-08T01:10:01.338+00:00,2026-10-08T01:10:01.502+00:00,21072-30059,washers,20632037-b,716000000,2026-10-08 01:10:01,2026-10-07 20:32:19,0,16662.0,-16662.0,,Available,website maps this code to Available
1,7304083a-5c69-4da2-9a1b-ef2eed82d887,2026-10-08T01:10:01.338+00:00,2026-10-08T01:10:01.502+00:00,21072-30059,washers,20632092-b,716000000,2026-10-08 01:10:01,2026-10-07 20:33:56,0,16565.0,-16565.0,,Available,website maps this code to Available
1,7304083a-5c69-4da2-9a1b-ef2eed82d887,2026-10-08T01:10:01.338+00:00,2026-10-08T01:10:01.502+00:00,21072-30059,washers,20632128-b,716000000,2026-10-08 01:10:01,2026-10-07 20:35:15,0,16486.0,-16486.0,,Available,website maps this code to Available
1,7304083a-5c69-4da2-9a1b-ef2eed82d887,2026-10-08T01:10:01.338+00:00,2026-10-08T01:10:01.502+00:00,21072-30059,washers,20632044-b,716000000,2026-10-08 01:10:01,2026-10-07 06:53:39,0,65782.0,-65782.0,,Available,website maps this code to Available
1,7304083a-5c69-4da2-9a1b-ef2eed82d887,2026-10-08T01:10:01.338+00:00,2026-10-08T01:10:01.502+00:00,21072-30059,washers,20632094-b,716000000,2026-10-08 01:10:01,2026-10-07 06:07:39,0,68542.0,-68542.0,,Available,website maps this code to Available
1,7304083a-5c69-4da2-9a1b-ef2eed82d887,2026-10-08T01:10:01.338+00:00,2026-10-08T01:10:01.502+00:00,21072-30059,washers,20632123-b,516000000,2026-10-08 01:10:01,2026-10-08 00:04:42,0,3919.0,-3919.0,,Available,website fallback: report over 1 hour old
1,7304083a-5c69-4da2-9a1b-ef2eed82d887,2026-10-08T01:10:01.338+00:00,2026-10-08T01:10:01.502+00:00,21072-30059,washers,20632098-b,616000040,2026-10-08 01:10:01,2026-10-08 00:50:44,0,1157.0,-1157.0,,Error,
1,7304083a-5c69-4da2-9a1b-ef2eed82d887,2026-10-08T01:10:01.338+00:00,2026-10-08T01:10:01.502+00:00,21072-30059,dryers,20632096-a,716000000,2026-10-08 01:10:01,2026-10-08 00:51:10,0,1131.0,-1131.0,,Available,website maps this code to Available
1,7304083a-5c69-4da2-9a1b-ef2eed82d887,2026-10-08T01:10:01.338+00:00,2026-10-08T01:10:01.502+00:00,21072-30059,dryers,20632096-b,716000000,2026-10-08 01:10:01,2026-10-08 00:51:12,0,1129.0,-1129.0,,Available,website maps this code to Available
1,7304083a-5c69-4da2-9a1b-ef2eed82d887,2026-10-08T01:10:01.338+00:00,2026-10-08T01:10:01.502+00:00,21072-30059,dryers,20632118-a,716000000,2026-10-08 01:10:01,2026-10-07 18:39:43,0,23418.0,-23418.0,,Available,website maps this code to Available
1,7304083a-5c69-4da2-9a1b-ef2eed82d887,2026-10-08T01:10:01.338+00:00,2026-10-08T01:10:01.502+00:00,21072-30059,dryers,20632035-a,716000000,2026-10-08 01:10:01,2026-10-07 02:49:50,0,80411.0,-80411.0,,Available,website maps this code to Available
1,7304083a-5c69-4da2-9a1b-ef2eed82d887,2026-10-08T01:10:01.338+00:00,2026-10-08T01:10:01.502+00:00,21072-30059,dryers,20632102-a,416000000,2026-10-08 01:10:01,2026-10-08 01:08:27,10,94.0,506.0,9,Running,
1,7304083a-5c69-4da2-9a1b-ef2eed82d887,2026-10-08T01:10:01.338+00:00,2026-10-08T01:10:01.502+00:00,21072-30059,dryers,20632060-a,716000000,2026-10-08 01:10:01,2026-10-07 03:04:43,0,79518.0,-79518.0,,Available,website maps this code to Available
1,7304083a-5c69-4da2-9a1b-ef2eed82d887,2026-10-08T01:10:01.338+00:00,2026-10-08T01:10:01.502+00:00,21072-30059,dryers,20632117-a,416000000,2026-10-08 01:10:01,2026-10-08 01:07:37,10,144.0,456.0,8,Running,
1,7304083a-5c69-4da2-9a1b-ef2eed82d887,2026-10-08T01:10:01.338+00:00,2026-10-08T01:10:01.502+00:00,21072-30059,dryers,20632037-a,416000000,2026-10-08 01:10:01,2026-10-08 01:07:48,10,133.0,467.0,8,Running,
1,7304083a-5c69-4da2-9a1b-ef2eed82d887,2026-10-08T01:10:01.338+00:00,2026-10-08T01:10:01.502+00:00,21072-30059,dryers,20632092-a,716000000,2026-10-08 01:10:01,2026-10-07 22:05:27,0,11074.0,-11074.0,,Available,website maps this code to Available
1,7304083a-5c69-4da2-9a1b-ef2eed82d887,2026-10-08T01:10:01.338+00:00,2026-10-08T01:10:01.502+00:00,21072-30059,dryers,20632128-a,716000000,2026-10-08 01:10:01,2026-10-07 22:06:02,0,11039.0,-11039.0,,Available,website maps this code to Available
1,7304083a-5c69-4da2-9a1b-ef2eed82d887,2026-10-08T01:10:01.338+00:00,2026-10-08T01:10:01.502+00:00,21072-30059,dryers,20632044-a,416000000,2026-10-08 01:10:01,2026-10-08 01:06:19,10,222.0,378.0,7,Running,
1,7304083a-5c69-4da2-9a1b-ef2eed82d887,2026-10-08T01:10:01.338+00:00,2026-10-08T01:10:01.502+00:00,21072-30059,dryers,20632094-a,716000000,2026-10-08 01:10:01,2026-10-07 07:58:50,0,61871.0,-61871.0,,Available,website maps this code to Available
1,7304083a-5c69-4da2-9a1b-ef2eed82d887,2026-10-08T01:10:01.338+00:00,2026-10-08T01:10:01.502+00:00,21072-30059,dryers,20632123-a,716000000,2026-10-08 01:10:01,2026-10-08 00:04:40,0,3921.0,-3921.0,,Available,website maps this code to Available
1,7304083a-5c69-4da2-9a1b-ef2eed82d887,2026-10-08T01:10:01.338+00:00,2026-10-08T01:10:01.502+00:00,21072-30059,dryers,20632098-a,616000040,2026-10-08 01:10:01,2026-10-08 00:50:42,0,1159.0,-1159.0,,Error,
1,3198ce36-4152-473e-a34c-8ae4e3ab12c8,2026-10-08T01:11:01.324+00:00,2026-10-08T01:11:01.501+00:00,21072-30059,washers,20632118-b,716000000,2026-10-08 01:11:01,2026-10-07 20:53:09,0,15472.0,-15472.0,,Available,website maps this code to Available
1,3198ce36-4152-473e-a34c-8ae4e3ab12c8,2026-10-08T01:11:01.324+00:00,2026-10-08T01:11:01.501+00:00,21072-30059,washers,20632035-b,716000000,2026-10-08 01:11:01,2026-10-07 04:03:57,0,76024.0,-76024.0,,Available,website maps this code to Available
1,3198ce36-4152-473e-a34c-8ae4e3ab12c8,2026-10-08T01:11:01.324+00:00,2026-10-08T01:11:01.501+00:00,21072-30059,washers,20632102-b,716000000,2026-10-08 01:11:01,2026-10-07 23:34:21,0,5800.0,-5800.0,,Available,website maps this code to Available
1,3198ce36-4152-473e-a34c-8ae4e3ab12c8,2026-10-08T01:11:01.324+00:00,2026-10-08T01:11:01.501+00:00,21072-30059,washers,20632060-b,716000000,2026-10-08 01:11:01,2026-10-07 23:19:28,0,6693.0,-6693.0,,Available,website maps this code to Available
1,3198ce36-4152-473e-a34c-8ae4e3ab12c8,2026-10-08T01:11:01.324+00:00,2026-10-08T01:11:01.501+00:00,21072-30059,washers,20632117-b,716000000,2026-10-08 01:11:01,2026-10-07 23:18:55,0,6726.0,-6726.0,,Available,website maps this code to Available
1,3198ce36-4152-473e-a34c-8ae4e3ab12c8,2026-10-08T01:11:01.324+00:00,2026-10-08T01:11:01.501+00:00,21072-30059,washers,20632037-b,716000000,2026-10-08 01:11:01,2026-10-07 20:32:19,0,16722.0,-16722.0,,Available,website maps this code to Available
1,3198ce36-4152-473e-a34c-8ae4e3ab12c8,2026-10-08T01:11:01.324+00:00,2026-10-08T01:11:01.501+00:00,21072-30059,washers,20632092-b,716000000,2026-10-08 01:11:01,2026-10-07 20:33:56,0,16625.0,-16625.0,,Available,website maps this code to Available
1,3198ce36-4152-473e-a34c-8ae4e3ab12c8,2026-10-08T01:11:01.324+00:00,2026-10-08T01:11:01.501+00:00,21072-30059,washers,20632128-b,716000000,2026-10-08 01:11:01,2026-10-07 20:35:15,0,16546.0,-16546.0,,Available,website maps this code to Available
1,3198ce36-4152-473e-a34c-8ae4e3ab12c8,2026-10-08T01:11:01.324+00:00,2026-10-08T01:11:01.501+00:00,21072-30059,washers,20632044-b,716000000,2026-10-08 01:11:01,2026-10-07 06:53:39,0,65842.0,-65842.0,,Available,website maps this code to Available
1,3198ce36-4152-473e-a34c-8ae4e3ab12c8,2026-10-08T01:11:01.324+00:00,2026-10-08T01:11:01.501+00:00,21072-30059,washers,20632094-b,716000000,2026-10-08 01:11:01,2026-10-07 06:07:39,0,68602.0,-68602.0,,Available,website maps this code to Available
1,3198ce36-4152-473e-a34c-8ae4e3ab12c8,2026-10-08T01:11:01.324+00:00,2026-10-08T01:11:01.501+00:00,21072-30059,washers,20632123-b,516000000,2026-10-08 01:11:01,2026-10-08 00:04:42,0,3979.0,-3979.0,,Available,website fallback: report over 1 hour old
1,3198ce36-4152-473e-a34c-8ae4e3ab12c8,2026-10-08T01:11:01.324+00:00,2026-10-08T01:11:01.501+00:00,21072-30059,washers,20632098-b,616000040,2026-10-08 01:11:01,2026-10-08 00:50:44,0,1217.0,-1217.0,,Error,
1,3198ce36-4152-473e-a34c-8ae4e3ab12c8,2026-10-08T01:11:01.324+00:00,2026-10-08T01:11:01.501+00:00,21072-30059,dryers,20632096-a,716000000,2026-10-08 01:11:01,2026-10-08 00:51:10,0,1191.0,-1191.0,,Available,website maps this code to Available
1,3198ce36-4152-473e-a34c-8ae4e3ab12c8,2026-10-08T01:11:01.324+00:00,2026-10-08T01:11:01.501+00:00,21072-30059,dryers,20632096-b,716000000,2026-10-08 01:11:01,2026-10-08 00:51:12,0,1189.0,-1189.0,,Available,website maps this code to Available
1,3198ce36-4152-473e-a34c-8ae4e3ab12c8,2026-10-08T01:11:01.324+00:00,2026-10-08T01:11:01.501+00:00,21072-30059,dryers,20632118-a,716000000,2026-10-08 01:11:01,2026-10-07 18:39:43,0,23478.0,-23478.0,,Available,website maps this code to Available
1,3198ce36-4152-473e-a34c-8ae4e3ab12c8,2026-10-08T01:11:01.324+00:00,2026-10-08T01:11:01.501+00:00,21072-30059,dryers,20632035-a,716000000,2026-10-08 01:11:01,2026-10-07 02:49:50,0,80471.0,-80471.0,,Available,website maps this code to Available
1,3198ce36-4152-473e-a34c-8ae4e3ab12c8,2026-10-08T01:11:01.324+00:00,2026-10-08T01:11:01.501+00:00,21072-30059,dryers,20632102-a,416000000,2026-10-08 01:11:01,2026-10-08 01:08:27,10,154.0,446.0,8,Running,
1,3198ce36-4152-473e-a34c-8ae4e3ab12c8,2026-10-08T01:11:01.324+00:00,2026-10-08T01:11:01.501+00:00,21072-30059,dryers,20632060-a,716000000,2026-10-08 01:11:01,2026-10-07 03:04:43,0,79578.0,-79578.0,,Available,website maps this code to Available
1,3198ce36-4152-473e-a34c-8ae4e3ab12c8,2026-10-08T01:11:01.324+00:00,2026-10-08T01:11:01.501+00:00,21072-30059,dryers,20632117-a,416000000,2026-10-08 01:11:01,2026-10-08 01:07:37,10,204.0,396.0,7,Running,
1,3198ce36-4152-473e-a34c-8ae4e3ab12c8,2026-10-08T01:11:01.324+00:00,2026-10-08T01:11:01.501+00:00,21072-30059,dryers,20632037-a,416000000,2026-10-08 01:11:01,2026-10-08 01:07:48,10,193.0,407.0,7,Running,
1,3198ce36-4152-473e-a34c-8ae4e3ab12c8,2026-10-08T01:11:01.324+00:00,2026-10-08T01:11:01.501+00:00,21072-30059,dryers,20632092-a,716000000,2026-10-08 01:11:01,2026-10-07 22:05:27,0,11134.0,-11134.0,,Available,website maps this code to Available
1,3198ce36-4152-473e-a34c-8ae4e3ab12c8,2026-10-08T01:11:01.324+00:00,2026-10-08T01:11:01.501+00:00,21072-30059,dryers,20632128-a,716000000,2026-10-08 01:11:01,2026-10-07 22:06:02,0,11099.0,-11099.0,,Available,website maps this code to Available
1,3198ce36-4152-473e-a34c-8ae4e3ab12c8,2026-10-08T01:11:01.324+00:00,2026-10-08T01:11:01.501+00:00,21072-30059,dryers,20632044-a,416000000,2026-10-08 01:11:01,2026-10-08 01:06:19,10,282.0,318.0,6,Running,
1,3198ce36-4152-473e-a34c-8ae4e3ab12c8,2026-10-08T01:11:01.324+00:00,2026-10-08T01:11:01.501+00:00,21072-30059,dryers,20632094-a,716000000,2026-10-08 01:11:01,2026-10-07 07:58:50,0,61931.0,-61931.0,,Available,website maps this code to Available
1,3198ce36-4152-473e-a34c-8ae4e3ab12c8,2026-10-08T01:11:01.324+00:00,2026-10-08T01:11:01.501+00:00,21072-30059,dryers,20632123-a,716000000,2026-10-08 01:11:01,2026-10-08 00:04:40,0,3981.0,-3981.0,,Available,website maps this code to Available
1,3198ce36-4152-473e-a34c-8ae4e3ab12c8,2026-10-08T01:11:01.324+00:00,2026-10-08T01:11:01.501+00:00,21072-30059,dryers,20632098-a,616000040,2026-10-08 01:11:01,2026-10-08 00:50:42,0,1219.0,-1219.0,,Error,
1,679449aa-2782-4f20-ad71-96a2d26fb3a6,2026-10-08T01:12:01.244+00:00,2026-10-08T01:12:01.411+00:00,21072-30059,washers,20632118-b,716000000,2026-10-08 01:12:01,2026-10-07 20:53:09,0,15532.0,-15532.0,,Available,website maps this code to Available
1,679449aa-2782-4f20-ad71-96a2d26fb3a6,2026-10-08T01:12:01.244+00:00,2026-10-08T01:12:01.411+00:00,21072-30059,washers,20632035-b,716000000,2026-10-08 01:12:01,2026-10-07 04:03:57,0,76084.0,-76084.0,,Available,website maps this code to Available
1,679449aa-2782-4f20-ad71-96a2d26fb3a6,2026-10-08T01:12:01.244+00:00,2026-10-08T01:12:01.411+00:00,21072-30059,washers,20632102-b,716000000,2026-10-08 01:12:01,2026-10-07 23:34:21,0,5860.0,-5860.0,,Available,website maps this code to Available
1,679449aa-2782-4f20-ad71-96a2d26fb3a6,2026-10-08T01:12:01.244+00:00,2026-10-08T01:12:01.411+00:00,21072-30059,washers,20632060-b,716000000,2026-10-08 01:12:01,2026-10-07 23:19:28,0,6753.0,-6753.0,,Available,website maps this code to Available
1,679449aa-2782-4f20-ad71-96a2d26fb3a6,2026-10-08T01:12:01.244+00:00,2026-10-08T01:12:01.411+00:00,21072-30059,washers,20632117-b,716000000,2026-10-08 01:12:01,2026-10-07 23:18:55,0,6786.0,-6786.0,,Available,website maps this code to Available
1,679449aa-2782-4f20-ad71-96a2d26fb3a6,2026-10-08T01:12:01.244+00:00,2026-10-08T01:12:01.411+00:00,21072-30059,washers,20632037-b,716000000,2026-10-08 01:12:01,2026-10-07 20:32:19,0,16782.0,-16782.0,,Available,website maps this code to Available
1,679449aa-2782-4f20-ad71-96a2d26fb3a6,2026-10-08T01:12:01.244+00:00,2026-10-08T01:12:01.411+00:00,21072-30059,washers,20632092-b,716000000,2026-10-08 01:12:01,2026-10-07 20:33:56,0,16685.0,-16685.0,,Available,website maps this code to Available
1,679449aa-2782-4f20-ad71-96a2d26fb3a6,2026-10-08T01:12:01.244+00:00,2026-10-08T01:12:01.411+00:00,21072-30059,washers,20632128-b,716000000,2026-10-08 01:12:01,2026-10-07 20:35:15,0,16606.0,-16606.0,,Available,website maps this code to Available
1,679449aa-2782-4f20-ad71-96a2d26fb3a6,2026-10-08T01:12:01.244+00:00,2026-10-08T01:12:01.411+00:00,21072-30059,washers,20632044-b,716000000,2026-10-08 01:12:01,2026-10-07 06:53:39,0,65902.0,-65902.0,,Available,website maps this code to Available
1,679449aa-2782-4f20-ad71-96a2d26fb3a6,2026-10-08T01:12:01.244+00:00,2026-10-08T01:12:01.411+00:00,21072-30059,washers,20632094-b,716000000,2026-10-08 01:12:01,2026-10-07 06:07:39,0,68662.0,-68662.0,,Available,website maps this code to Available
1,679449aa-2782-4f20-ad71-96a2d26fb3a6,2026-10-08T01:12:01.244+00:00,2026-10-08T01:12:01.411+00:00,21072-30059,washers,20632123-b,516000000,2026-10-08 01:12:01,2026-10-08 00:04:42,0,4039.0,-4039.0,,Available,website fallback: report over 1 hour old
1,679449aa-2782-4f20-ad71-96a2d26fb3a6,2026-10-08T01:12:01.244+00:00,2026-10-08T01:12:01.411+00:00,21072-30059,washers,20632098-b,616000040,2026-10-08 01:12:01,2026-10-08 00:50:44,0,1277.0,-1277.0,,Error,
1,679449aa-2782-4f20-ad71-96a2d26fb3a6,2026-10-08T01:12:01.244+00:00,2026-10-08T01:12:01.411+00:00,21072-30059,dryers,20632096-a,716000000,2026-10-08 01:12:01,2026-10-08 00:51:10,0,1251.0,-1251.0,,Available,website maps this code to Available
1,679449aa-2782-4f20-ad71-96a2d26fb3a6,2026-10-08T01:12:01.244+00:00,2026-10-08T01:12:01.411+00:00,21072-30059,dryers,20632096-b,716000000,2026-10-08 01:12:01,2026-10-08 00:51:12,0,1249.0,-1249.0,,Available,website maps this code to Available
1,679449aa-2782-4f20-ad71-96a2d26fb3a6,2026-10-08T01:12:01.244+00:00,2026-10-08T01:12:01.411+00:00,21072-30059,dryers,20632118-a,716000000,2026-10-08 01:12:01,2026-10-07 18:39:43,0,23538.0,-23538.0,,Available,website maps this code to Available
1,679449aa-2782-4f20-ad71-96a2d26fb3a6,2026-10-08T01:12:01.244+00:00,2026-10-08T01:12:01.411+00:00,21072-30059,dryers,20632035-a,716000000,2026-10-08 01:12:01,2026-10-07 02:49:50,0,80531.0,-80531.0,,Available,website maps this code to Available
1,679449aa-2782-4f20-ad71-96a2d26fb3a6,2026-10-08T01:12:01.244+00:00,2026-10-08T01:12:01.411+00:00,21072-30059,dryers,20632102-a,416000000,2026-10-08 01:12:01,2026-10-08 01:08:27,10,214.0,386.0,7,Running,
1,679449aa-2782-4f20-ad71-96a2d26fb3a6,2026-10-08T01:12:01.244+00:00,2026-10-08T01:12:01.411+00:00,21072-30059,dryers,20632060-a,716000000,2026-10-08 01:12:01,2026-10-07 03:04:43,0,79638.0,-79638.0,,Available,website maps this code to Available
1,679449aa-2782-4f20-ad71-96a2d26fb3a6,2026-10-08T01:12:01.244+00:00,2026-10-08T01:12:01.411+00:00,21072-30059,dryers,20632117-a,416000000,2026-10-08 01:12:01,2026-10-08 01:07:37,10,264.0,336.0,6,Running,
1,679449aa-2782-4f20-ad71-96a2d26fb3a6,2026-10-08T01:12:01.244+00:00,2026-10-08T01:12:01.411+00:00,21072-30059,dryers,20632037-a,416000000,2026-10-08 01:12:01,2026-10-08 01:07:48,10,253.0,347.0,6,Running,
1,679449aa-2782-4f20-ad71-96a2d26fb3a6,2026-10-08T01:12:01.244+00:00,2026-10-08T01:12:01.411+00:00,21072-30059,dryers,20632092-a,716000000,2026-10-08 01:12:01,2026-10-07 22:05:27,0,11194.0,-11194.0,,Available,website maps this code to Available
1,679449aa-2782-4f20-ad71-96a2d26fb3a6,2026-10-08T01:12:01.244+00:00,2026-10-08T01:12:01.411+00:00,21072-30059,dryers,20632128-a,716000000,2026-10-08 01:12:01,2026-10-07 22:06:02,0,11159.0,-11159.0,,Available,website maps this code to Available
1,679449aa-2782-4f20-ad71-96a2d26fb3a6,2026-10-08T01:12:01.244+00:00,2026-10-08T01:12:01.411+00:00,21072-30059,dryers,20632044-a,416000000,2026-10-08 01:12:01,2026-10-08 01:06:19,10,342.0,258.0,5,Running,
1,679449aa-2782-4f20-ad71-96a2d26fb3a6,2026-10-08T01:12:01.244+00:00,2026-10-08T01:12:01.411+00:00,21072-30059,dryers,20632094-a,716000000,2026-10-08 01:12:01,2026-10-07 07:58:50,0,61991.0,-61991.0,,Available,website maps this code to Available
1,679449aa-2782-4f20-ad71-96a2d26fb3a6,2026-10-08T01:12:01.244+00:00,2026-10-08T01:12:01.411+00:00,21072-30059,dryers,20632123-a,716000000,2026-10-08 01:12:01,2026-10-08 00:04:40,0,4041.0,-4041.0,,Available,website maps this code to Available
1,679449aa-2782-4f20-ad71-96a2d26fb3a6,2026-10-08T01:12:01.244+00:00,2026-10-08T01:12:01.411+00:00,21072-30059,dryers,20632098-a,616000040,2026-10-08 01:12:01,2026-10-08 00:50:42,0,1279.0,-1279.0,,Error,
1,e16d8a78-3cab-4e27-b1b0-0b8d222a2a90,2026-10-08T01:13:01.312+00:00,2026-10-08T01:13:01.499+00:00,21072-30059,washers,20632118-b,716000000,2026-10-08 01:13:01,2026-10-07 20:53:09,0,15592.0,-15592.0,,Available,website maps this code to Available
1,e16d8a78-3cab-4e27-b1b0-0b8d222a2a90,2026-10-08T01:13:01.312+00:00,2026-10-08T01:13:01.499+00:00,21072-30059,washers,20632035-b,716000000,2026-10-08 01:13:01,2026-10-07 04:03:57,0,76144.0,-76144.0,,Available,website maps this code to Available
1,e16d8a78-3cab-4e27-b1b0-0b8d222a2a90,2026-10-08T01:13:01.312+00:00,2026-10-08T01:13:01.499+00:00,21072-30059,washers,20632102-b,716000000,2026-10-08 01:13:01,2026-10-07 23:34:21,0,5920.0,-5920.0,,Available,website maps this code to Available
1,e16d8a78-3cab-4e27-b1b0-0b8d222a2a90,2026-10-08T01:13:01.312+00:00,2026-10-08T01:13:01.499+00:00,21072-30059,washers,20632060-b,716000000,2026-10-08 01:13:01,2026-10-07 23:19:28,0,6813.0,-6813.0,,Available,website maps this code to Available
1,e16d8a78-3cab-4e27-b1b0-0b8d222a2a90,2026-10-08T01:13:01.312+00:00,2026-10-08T01:13:01.499+00:00,21072-30059,washers,20632117-b,716000000,2026-10-08 01:13:01,2026-10-07 23:18:55,0,6846.0,-6846.0,,Available,website maps this code to Available
1,e16d8a78-3cab-4e27-b1b0-0b8d222a2a90,2026-10-08T01:13:01.312+00:00,2026-10-08T01:13:01.499+00:00,21072-30059,washers,20632037-b,716000000,2026-10-08 01:13:01,2026-10-07 20:32:19,0,16842.0,-16842.0,,Available,website maps this code to Available
1,e16d8a78-3cab-4e27-b1b0-0b8d222a2a90,2026-10-08T01:13:01.312+00:00,2026-10-08T01:13:01.499+00:00,21072-30059,washers,20632092-b,716000000,2026-10-08 01:13:01,2026-10-07 20:33:56,0,16745.0,-16745.0,,Available,website maps this code to Available
1,e16d8a78-3cab-4e27-b1b0-0b8d222a2a90,2026-10-08T01:13:01.312+00:00,2026-10-08T01:13:01.499+00:00,21072-30059,washers,20632128-b,716000000,2026-10-08 01:13:01,2026-10-07 20:35:15,0,16666.0,-16666.0,,Available,website maps this code to Available
1,e16d8a78-3cab-4e27-b1b0-0b8d222a2a90,2026-10-08T01:13:01.312+00:00,2026-10-08T01:13:01.499+00:00,21072-30059,washers,20632044-b,716000000,2026-10-08 01:13:01,2026-10-07 06:53:39,0,65962.0,-65962.0,,Available,website maps this code to Available
1,e16d8a78-3cab-4e27-b1b0-0b8d222a2a90,2026-10-08T01:13:01.312+00:00,2026-10-08T01:13:01.499+00:00,21072-30059,washers,20632094-b,716000000,2026-10-08 01:13:01,2026-10-07 06:07:39,0,68722.0,-68722.0,,Available,website maps this code to Available
1,e16d8a78-3cab-4e27-b1b0-0b8d222a2a90,2026-10-08T01:13:01.312+00:00,2026-10-08T01:13:01.499+00:00,21072-30059,washers,20632123-b,516000000,2026-10-08 01:13:01,2026-10-08 00:04:42,0,4099.0,-4099.0,,Available,website fallback: report over 1 hour old
1,e16d8a78-3cab-4e27-b1b0-0b8d222a2a90,2026-10-08T01:13:01.312+00:00,2026-10-08T01:13:01.499+00:00,21072-30059,washers,20632098-b,616000040,2026-10-08 01:13:01,2026-10-08 00:50:44,0,1337.0,-1337.0,,Error,
1,e16d8a78-3cab-4e27-b1b0-0b8d222a2a90,2026-10-08T01:13:01.312+00:00,2026-10-08T01:13:01.499+00:00,21072-30059,dryers,20632096-a,716000000,2026-10-08 01:13:01,2026-10-08 00:51:10,0,1311.0,-1311.0,,Available,website maps this code to Available
1,e16d8a78-3cab-4e27-b1b0-0b8d222a2a90,2026-10-08T01:13:01.312+00:00,2026-10-08T01:13:01.499+00:00,21072-30059,dryers,20632096-b,716000000,2026-10-08 01:13:01,2026-10-08 00:51:12,0,1309.0,-1309.0,,Available,website maps this code to Available
1,e16d8a78-3cab-4e27-b1b0-0b8d222a2a90,2026-10-08T01:13:01.312+00:00,2026-10-08T01:13:01.499+00:00,21072-30059,dryers,20632118-a,716000000,2026-10-08 01:13:01,2026-10-07 18:39:43,0,23598.0,-23598.0,,Available,website maps this code to Available
1,e16d8a78-3cab-4e27-b1b0-0b8d222a2a90,2026-10-08T01:13:01.312+00:00,2026-10-08T01:13:01.499+00:00,21072-30059,dryers,20632035-a,716000000,2026-10-08 01:13:01,2026-10-07 02:49:50,0,80591.0,-80591.0,,Available,website maps this code to Available
1,e16d8a78-3cab-4e27-b1b0-0b8d222a2a90,2026-10-08T01:13:01.312+00:00,2026-10-08T01:13:01.499+00:00,21072-30059,dryers,20632102-a,416000000,2026-10-08 01:13:01,2026-10-08 01:08:27,10,274.0,326.0,6,Running,
1,e16d8a78-3cab-4e27-b1b0-0b8d222a2a90,2026-10-08T01:13:01.312+00:00,2026-10-08T01:13:01.499+00:00,21072-30059,dryers,20632060-a,716000000,2026-10-08 01:13:01,2026-10-07 03:04:43,0,79698.0,-79698.0,,Available,website maps this code to Available
1,e16d8a78-3cab-4e27-b1b0-0b8d222a2a90,2026-10-08T01:13:01.312+00:00,2026-10-08T01:13:01.499+00:00,21072-30059,dryers,20632117-a,416000000,2026-10-08 01:13:01,2026-10-08 01:12:28,6,33.0,327.0,6,Running,
1,e16d8a78-3cab-4e27-b1b0-0b8d222a2a90,2026-10-08T01:13:01.312+00:00,2026-10-08T01:13:01.499+00:00,21072-30059,dryers,20632037-a,416000000,2026-10-08 01:13:01,2026-10-08 01:07:48,10,313.0,287.0,5,Running,
1,e16d8a78-3cab-4e27-b1b0-0b8d222a2a90,2026-10-08T01:13:01.312+00:00,2026-10-08T01:13:01.499+00:00,21072-30059,dryers,20632092-a,716000000,2026-10-08 01:13:01,2026-10-07 22:05:27,0,11254.0,-11254.0,,Available,website maps this code to Available
1,e16d8a78-3cab-4e27-b1b0-0b8d222a2a90,2026-10-08T01:13:01.312+00:00,2026-10-08T01:13:01.499+00:00,21072-30059,dryers,20632128-a,716000000,2026-10-08 01:13:01,2026-10-07 22:06:02,0,11219.0,-11219.0,,Available,website maps this code to Available
1,e16d8a78-3cab-4e27-b1b0-0b8d222a2a90,2026-10-08T01:13:01.312+00:00,2026-10-08T01:13:01.499+00:00,21072-30059,dryers,20632044-a,416000000,2026-10-08 01:13:01,2026-10-08 01:06:19,10,402.0,198.0,4,Running,
1,e16d8a78-3cab-4e27-b1b0-0b8d222a2a90,2026-10-08T01:13:01.312+00:00,2026-10-08T01:13:01.499+00:00,21072-30059,dryers,20632094-a,716000000,2026-10-08 01:13:01,2026-10-07 07:58:50,0,62051.0,-62051.0,,Available,website maps this code to Available
1,e16d8a78-3cab-4e27-b1b0-0b8d222a2a90,2026-10-08T01:13:01.312+00:00,2026-10-08T01:13:01.499+00:00,21072-30059,dryers,20632123-a,716000000,2026-10-08 01:13:01,2026-10-08 00:04:40,0,4101.0,-4101.0,,Available,website maps this code to Available
1,e16d8a78-3cab-4e27-b1b0-0b8d222a2a90,2026-10-08T01:13:01.312+00:00,2026-10-08T01:13:01.499+00:00,21072-30059,dryers,20632098-a,616000040,2026-10-08 01:13:01,2026-10-08 00:50:42,0,1339.0,-1339.0,,Error,
1,74643eef-aa4a-4fd5-8c70-04d4f74a2e96,2026-10-08T01:14:01.326+00:00,2026-10-08T01:14:01.503+00:00,21072-30059,washers,20632118-b,716000000,2026-10-08 01:14:01,2026-10-07 20:53:09,0,15652.0,-15652.0,,Available,website maps this code to Available
1,74643eef-aa4a-4fd5-8c70-04d4f74a2e96,2026-10-08T01:14:01.326+00:00,2026-10-08T01:14:01.503+00:00,21072-30059,washers,20632035-b,716000000,2026-10-08 01:14:01,2026-10-07 04:03:57,0,76204.0,-76204.0,,Available,website maps this code to Available
1,74643eef-aa4a-4fd5-8c70-04d4f74a2e96,2026-10-08T01:14:01.326+00:00,2026-10-08T01:14:01.503+00:00,21072-30059,washers,20632102-b,716000000,2026-10-08 01:14:01,2026-10-07 23:34:21,0,5980.0,-5980.0,,Available,website maps this code to Available
1,74643eef-aa4a-4fd5-8c70-04d4f74a2e96,2026-10-08T01:14:01.326+00:00,2026-10-08T01:14:01.503+00:00,21072-30059,washers,20632060-b,716000000,2026-10-08 01:14:01,2026-10-07 23:19:28,0,6873.0,-6873.0,,Available,website maps this code to Available
1,74643eef-aa4a-4fd5-8c70-04d4f74a2e96,2026-10-08T01:14:01.326+00:00,2026-10-08T01:14:01.503+00:00,21072-30059,washers,20632117-b,716000000,2026-10-08 01:14:01,2026-10-07 23:18:55,0,6906.0,-6906.0,,Available,website maps this code to Available
1,74643eef-aa4a-4fd5-8c70-04d4f74a2e96,2026-10-08T01:14:01.326+00:00,2026-10-08T01:14:01.503+00:00,21072-30059,washers,20632037-b,716000000,2026-10-08 01:14:01,2026-10-07 20:32:19,0,16902.0,-16902.0,,Available,website maps this code to Available
1,74643eef-aa4a-4fd5-8c70-04d4f74a2e96,2026-10-08T01:14:01.326+00:00,2026-10-08T01:14:01.503+00:00,21072-30059,washers,20632092-b,716000000,2026-10-08 01:14:01,2026-10-07 20:33:56,0,16805.0,-16805.0,,Available,website maps this code to Available
1,74643eef-aa4a-4fd5-8c70-04d4f74a2e96,2026-10-08T01:14:01.326+00:00,2026-10-08T01:14:01.503+00:00,21072-30059,washers,20632128-b,716000000,2026-10-08 01:14:01,2026-10-07 20:35:15,0,16726.0,-16726.0,,Available,website maps this code to Available
1,74643eef-aa4a-4fd5-8c70-04d4f74a2e96,2026-10-08T01:14:01.326+00:00,2026-10-08T01:14:01.503+00:00,21072-30059,washers,20632044-b,716000000,2026-10-08 01:14:01,2026-10-07 06:53:39,0,66022.0,-66022.0,,Available,website maps this code to Available
1,74643eef-aa4a-4fd5-8c70-04d4f74a2e96,2026-10-08T01:14:01.326+00:00,2026-10-08T01:14:01.503+00:00,21072-30059,washers,20632094-b,716000000,2026-10-08 01:14:01,2026-10-07 06:07:39,0,68782.0,-68782.0,,Available,website maps this code to Available
1,74643eef-aa4a-4fd5-8c70-04d4f74a2e96,2026-10-08T01:14:01.326+00:00,2026-10-08T01:14:01.503+00:00,21072-30059,washers,20632123-b,516000000,2026-10-08 01:14:01,2026-10-08 00:04:42,0,4159.0,-4159.0,,Available,website fallback: report over 1 hour old
1,74643eef-aa4a-4fd5-8c70-04d4f74a2e96,2026-10-08T01:14:01.326+00:00,2026-10-08T01:14:01.503+00:00,21072-30059,washers,20632098-b,616000040,2026-10-08 01:14:01,2026-10-08 00:50:44,0,1397.0,-1397.0,,Error,
1,74643eef-aa4a-4fd5-8c70-04d4f74a2e96,2026-10-08T01:14:01.326+00:00,2026-10-08T01:14:01.503+00:00,21072-30059,dryers,20632096-a,716000000,2026-10-08 01:14:01,2026-10-08 00:51:10,0,1371.0,-1371.0,,Available,website maps this code to Available
1,74643eef-aa4a-4fd5-8c70-04d4f74a2e96,2026-10-08T01:14:01.326+00:00,2026-10-08T01:14:01.503+00:00,21072-30059,dryers,20632096-b,716000000,2026-10-08 01:14:01,2026-10-08 00:51:12,0,1369.0,-1369.0,,Available,website maps this code to Available
1,74643eef-aa4a-4fd5-8c70-04d4f74a2e96,2026-10-08T01:14:01.326+00:00,2026-10-08T01:14:01.503+00:00,21072-30059,dryers,20632118-a,716000000,2026-10-08 01:14:01,2026-10-07 18:39:43,0,23658.0,-23658.0,,Available,website maps this code to Available
1,74643eef-aa4a-4fd5-8c70-04d4f74a2e96,2026-10-08T01:14:01.326+00:00,2026-10-08T01:14:01.503+00:00,21072-30059,dryers,20632035-a,716000000,2026-10-08 01:14:01,2026-10-07 02:49:50,0,80651.0,-80651.0,,Available,website maps this code to Available
1,74643eef-aa4a-4fd5-8c70-04d4f74a2e96,2026-10-08T01:14:01.326+00:00,2026-10-08T01:14:01.503+00:00,21072-30059,dryers,20632102-a,416000000,2026-10-08 01:14:01,2026-10-08 01:08:27,10,334.0,266.0,5,Running,
1,74643eef-aa4a-4fd5-8c70-04d4f74a2e96,2026-10-08T01:14:01.326+00:00,2026-10-08T01:14:01.503+00:00,21072-30059,dryers,20632060-a,716000000,2026-10-08 01:14:01,2026-10-07 03:04:43,0,79758.0,-79758.0,,Available,website maps this code to Available
1,74643eef-aa4a-4fd5-8c70-04d4f74a2e96,2026-10-08T01:14:01.326+00:00,2026-10-08T01:14:01.503+00:00,21072-30059,dryers,20632117-a,416000000,2026-10-08 01:14:01,2026-10-08 01:12:28,6,93.0,267.0,5,Running,
1,74643eef-aa4a-4fd5-8c70-04d4f74a2e96,2026-10-08T01:14:01.326+00:00,2026-10-08T01:14:01.503+00:00,21072-30059,dryers,20632037-a,416000000,2026-10-08 01:14:01,2026-10-08 01:07:48,10,373.0,227.0,4,Running,
1,74643eef-aa4a-4fd5-8c70-04d4f74a2e96,2026-10-08T01:14:01.326+00:00,2026-10-08T01:14:01.503+00:00,21072-30059,dryers,20632092-a,716000000,2026-10-08 01:14:01,2026-10-07 22:05:27,0,11314.0,-11314.0,,Available,website maps this code to Available
1,74643eef-aa4a-4fd5-8c70-04d4f74a2e96,2026-10-08T01:14:01.326+00:00,2026-10-08T01:14:01.503+00:00,21072-30059,dryers,20632128-a,716000000,2026-10-08 01:14:01,2026-10-07 22:06:02,0,11279.0,-11279.0,,Available,website maps this code to Available
1,74643eef-aa4a-4fd5-8c70-04d4f74a2e96,2026-10-08T01:14:01.326+00:00,2026-10-08T01:14:01.503+00:00,21072-30059,dryers,20632044-a,416000000,2026-10-08 01:14:01,2026-10-08 01:06:19,10,462.0,138.0,3,Running,
1,74643eef-aa4a-4fd5-8c70-04d4f74a2e96,2026-10-08T01:14:01.326+00:00,2026-10-08T01:14:01.503+00:00,21072-30059,dryers,20632094-a,716000000,2026-10-08 01:14:01,2026-10-07 07:58:50,0,62111.0,-62111.0,,Available,website maps this code to Available
1,74643eef-aa4a-4fd5-8c70-04d4f74a2e96,2026-10-08T01:14:01.326+00:00,2026-10-08T01:14:01.503+00:00,21072-30059,dryers,20632123-a,716000000,2026-10-08 01:14:01,2026-10-08 00:04:40,0,4161.0,-4161.0,,Available,website maps this code to Available
1,74643eef-aa4a-4fd5-8c70-04d4f74a2e96,2026-10-08T01:14:01.326+00:00,2026-10-08T01:14:01.503+00:00,21072-30059,dryers,20632098-a,616000040,2026-10-08 01:14:01,2026-10-08 00:50:42,0,1399.0,-1399.0,,Error,
1,fc4ccfb7-5446-4466-b75d-d771395b1391,2026-10-08T01:15:01.257+00:00,2026-10-08T01:15:01.464+00:00,21072-30059,washers,20632118-b,716000000,2026-10-08 01:15:01,2026-10-07 20:53:09,0,15712.0,-15712.0,,Available,website maps this code to Available
1,fc4ccfb7-5446-4466-b75d-d771395b1391,2026-10-08T01:15:01.257+00:00,2026-10-08T01:15:01.464+00:00,21072-30059,washers,20632035-b,716000000,2026-10-08 01:15:01,2026-10-07 04:03:57,0,76264.0,-76264.0,,Available,website maps this code to Available
1,fc4ccfb7-5446-4466-b75d-d771395b1391,2026-10-08T01:15:01.257+00:00,2026-10-08T01:15:01.464+00:00,21072-30059,washers,20632102-b,716000000,2026-10-08 01:15:01,2026-10-07 23:34:21,0,6040.0,-6040.0,,Available,website maps this code to Available
1,fc4ccfb7-5446-4466-b75d-d771395b1391,2026-10-08T01:15:01.257+00:00,2026-10-08T01:15:01.464+00:00,21072-30059,washers,20632060-b,716000000,2026-10-08 01:15:01,2026-10-07 23:19:28,0,6933.0,-6933.0,,Available,website maps this code to Available
1,fc4ccfb7-5446-4466-b75d-d771395b1391,2026-10-08T01:15:01.257+00:00,2026-10-08T01:15:01.464+00:00,21072-30059,washers,20632117-b,716000000,2026-10-08 01:15:01,2026-10-07 23:18:55,0,6966.0,-6966.0,,Available,website maps this code to Available
1,fc4ccfb7-5446-4466-b75d-d771395b1391,2026-10-08T01:15:01.257+00:00,2026-10-08T01:15:01.464+00:00,21072-30059,washers,20632037-b,716000000,2026-10-08 01:15:01,2026-10-07 20:32:19,0,16962.0,-16962.0,,Available,website maps this code to Available
1,fc4ccfb7-5446-4466-b75d-d771395b1391,2026-10-08T01:15:01.257+00:00,2026-10-08T01:15:01.464+00:00,21072-30059,washers,20632092-b,716000000,2026-10-08 01:15:01,2026-10-07 20:33:56,0,16865.0,-16865.0,,Available,website maps this code to Available
1,fc4ccfb7-5446-4466-b75d-d771395b1391,2026-10-08T01:15:01.257+00:00,2026-10-08T01:15:01.464+00:00,21072-30059,washers,20632128-b,716000000,2026-10-08 01:15:01,2026-10-07 20:35:15,0,16786.0,-16786.0,,Available,website maps this code to Available
1,fc4ccfb7-5446-4466-b75d-d771395b1391,2026-10-08T01:15:01.257+00:00,2026-10-08T01:15:01.464+00:00,21072-30059,washers,20632044-b,716000000,2026-10-08 01:15:01,2026-10-07 06:53:39,0,66082.0,-66082.0,,Available,website maps this code to Available
1,fc4ccfb7-5446-4466-b75d-d771395b1391,2026-10-08T01:15:01.257+00:00,2026-10-08T01:15:01.464+00:00,21072-30059,washers,20632094-b,716000000,2026-10-08 01:15:01,2026-10-07 06:07:39,0,68842.0,-68842.0,,Available,website maps this code to Available
1,fc4ccfb7-5446-4466-b75d-d771395b1391,2026-10-08T01:15:01.257+00:00,2026-10-08T01:15:01.464+00:00,21072-30059,washers,20632123-b,516000000,2026-10-08 01:15:01,2026-10-08 00:04:42,0,4219.0,-4219.0,,Available,website fallback: report over 1 hour old
1,fc4ccfb7-5446-4466-b75d-d771395b1391,2026-10-08T01:15:01.257+00:00,2026-10-08T01:15:01.464+00:00,21072-30059,washers,20632098-b,616000040,2026-10-08 01:15:01,2026-10-08 00:50:44,0,1457.0,-1457.0,,Error,
1,fc4ccfb7-5446-4466-b75d-d771395b1391,2026-10-08T01:15:01.257+00:00,2026-10-08T01:15:01.464+00:00,21072-30059,dryers,20632096-a,716000000,2026-10-08 01:15:01,2026-10-08 00:51:10,0,1431.0,-1431.0,,Available,website maps this code to Available
1,fc4ccfb7-5446-4466-b75d-d771395b1391,2026-10-08T01:15:01.257+00:00,2026-10-08T01:15:01.464+00:00,21072-30059,dryers,20632096-b,716000000,2026-10-08 01:15:01,2026-10-08 00:51:12,0,1429.0,-1429.0,,Available,website maps this code to Available
1,fc4ccfb7-5446-4466-b75d-d771395b1391,2026-10-08T01:15:01.257+00:00,2026-10-08T01:15:01.464+00:00,21072-30059,dryers,20632118-a,716000000,2026-10-08 01:15:01,2026-10-07 18:39:43,0,23718.0,-23718.0,,Available,website maps this code to Available
1,fc4ccfb7-5446-4466-b75d-d771395b1391,2026-10-08T01:15:01.257+00:00,2026-10-08T01:15:01.464+00:00,21072-30059,dryers,20632035-a,716000000,2026-10-08 01:15:01,2026-10-07 02:49:50,0,80711.0,-80711.0,,Available,website maps this code to Available
1,fc4ccfb7-5446-4466-b75d-d771395b1391,2026-10-08T01:15:01.257+00:00,2026-10-08T01:15:01.464+00:00,21072-30059,dryers,20632102-a,416000000,2026-10-08 01:15:01,2026-10-08 01:08:27,10,394.0,206.0,4,Running,
1,fc4ccfb7-5446-4466-b75d-d771395b1391,2026-10-08T01:15:01.257+00:00,2026-10-08T01:15:01.464+00:00,21072-30059,dryers,20632060-a,716000000,2026-10-08 01:15:01,2026-10-07 03:04:43,0,79818.0,-79818.0,,Available,website maps this code to Available
1,fc4ccfb7-5446-4466-b75d-d771395b1391,2026-10-08T01:15:01.257+00:00,2026-10-08T01:15:01.464+00:00,21072-30059,dryers,20632117-a,416000000,2026-10-08 01:15:01,2026-10-08 01:12:28,6,153.0,207.0,4,Running,
1,fc4ccfb7-5446-4466-b75d-d771395b1391,2026-10-08T01:15:01.257+00:00,2026-10-08T01:15:01.464+00:00,21072-30059,dryers,20632037-a,416000000,2026-10-08 01:15:01,2026-10-08 01:07:48,10,433.0,167.0,3,Running,
1,fc4ccfb7-5446-4466-b75d-d771395b1391,2026-10-08T01:15:01.257+00:00,2026-10-08T01:15:01.464+00:00,21072-30059,dryers,20632092-a,716000000,2026-10-08 01:15:01,2026-10-07 22:05:27,0,11374.0,-11374.0,,Available,website maps this code to Available
1,fc4ccfb7-5446-4466-b75d-d771395b1391,2026-10-08T01:15:01.257+00:00,2026-10-08T01:15:01.464+00:00,21072-30059,dryers,20632128-a,716000000,2026-10-08 01:15:01,2026-10-07 22:06:02,0,11339.0,-11339.0,,Available,website maps this code to Available
1,fc4ccfb7-5446-4466-b75d-d771395b1391,2026-10-08T01:15:01.257+00:00,2026-10-08T01:15:01.464+00:00,21072-30059,dryers,20632044-a,416000000,2026-10-08 01:15:01,2026-10-08 01:06:19,10,522.0,78.0,2,Running,
1,fc4ccfb7-5446-4466-b75d-d771395b1391,2026-10-08T01:15:01.257+00:00,2026-10-08T01:15:01.464+00:00,21072-30059,dryers,20632094-a,716000000,2026-10-08 01:15:01,2026-10-07 07:58:50,0,62171.0,-62171.0,,Available,website maps this code to Available
1,fc4ccfb7-5446-4466-b75d-d771395b1391,2026-10-08T01:15:01.257+00:00,2026-10-08T01:15:01.464+00:00,21072-30059,dryers,20632123-a,716000000,2026-10-08 01:15:01,2026-10-08 00:04:40,0,4221.0,-4221.0,,Available,website maps this code to Available
1,fc4ccfb7-5446-4466-b75d-d771395b1391,2026-10-08T01:15:01.257+00:00,2026-10-08T01:15:01.464+00:00,21072-30059,dryers,20632098-a,616000040,2026-10-08 01:15:01,2026-10-08 00:50:42,0,1459.0,-1459.0,,Error,
1,4db2da88-ceee-4a5e-ac3e-9dc92f0a7394,2026-10-08T01:16:01.267+00:00,2026-10-08T01:16:01.512+00:00,21072-30059,washers,20632118-b,716000000,2026-10-08 01:16:01,2026-10-07 20:53:09,0,15772.0,-15772.0,,Available,website maps this code to Available
1,4db2da88-ceee-4a5e-ac3e-9dc92f0a7394,2026-10-08T01:16:01.267+00:00,2026-10-08T01:16:01.512+00:00,21072-30059,washers,20632035-b,716000000,2026-10-08 01:16:01,2026-10-07 04:03:57,0,76324.0,-76324.0,,Available,website maps this code to Available
1,4db2da88-ceee-4a5e-ac3e-9dc92f0a7394,2026-10-08T01:16:01.267+00:00,2026-10-08T01:16:01.512+00:00,21072-30059,washers,20632102-b,716000000,2026-10-08 01:16:01,2026-10-07 23:34:21,0,6100.0,-6100.0,,Available,website maps this code to Available
1,4db2da88-ceee-4a5e-ac3e-9dc92f0a7394,2026-10-08T01:16:01.267+00:00,2026-10-08T01:16:01.512+00:00,21072-30059,washers,20632060-b,716000000,2026-10-08 01:16:01,2026-10-07 23:19:28,0,6993.0,-6993.0,,Available,website maps this code to Available
1,4db2da88-ceee-4a5e-ac3e-9dc92f0a7394,2026-10-08T01:16:01.267+00:00,2026-10-08T01:16:01.512+00:00,21072-30059,washers,20632117-b,716000000,2026-10-08 01:16:01,2026-10-07 23:18:55,0,7026.0,-7026.0,,Available,website maps this code to Available
1,4db2da88-ceee-4a5e-ac3e-9dc92f0a7394,2026-10-08T01:16:01.267+00:00,2026-10-08T01:16:01.512+00:00,21072-30059,washers,20632037-b,716000000,2026-10-08 01:16:01,2026-10-07 20:32:19,0,17022.0,-17022.0,,Available,website maps this code to Available
1,4db2da88-ceee-4a5e-ac3e-9dc92f0a7394,2026-10-08T01:16:01.267+00:00,2026-10-08T01:16:01.512+00:00,21072-30059,washers,20632092-b,716000000,2026-10-08 01:16:01,2026-10-07 20:33:56,0,16925.0,-16925.0,,Available,website maps this code to Available
1,4db2da88-ceee-4a5e-ac3e-9dc92f0a7394,2026-10-08T01:16:01.267+00:00,2026-10-08T01:16:01.512+00:00,21072-30059,washers,20632128-b,716000000,2026-10-08 01:16:01,2026-10-07 20:35:15,0,16846.0,-16846.0,,Available,website maps this code to Available
1,4db2da88-ceee-4a5e-ac3e-9dc92f0a7394,2026-10-08T01:16:01.267+00:00,2026-10-08T01:16:01.512+00:00,21072-30059,washers,20632044-b,716000000,2026-10-08 01:16:01,2026-10-07 06:53:39,0,66142.0,-66142.0,,Available,website maps this code to Available
1,4db2da88-ceee-4a5e-ac3e-9dc92f0a7394,2026-10-08T01:16:01.267+00:00,2026-10-08T01:16:01.512+00:00,21072-30059,washers,20632094-b,716000000,2026-10-08 01:16:01,2026-10-07 06:07:39,0,68902.0,-68902.0,,Available,website maps this code to Available
1,4db2da88-ceee-4a5e-ac3e-9dc92f0a7394,2026-10-08T01:16:01.267+00:00,2026-10-08T01:16:01.512+00:00,21072-30059,washers,20632123-b,516000000,2026-10-08 01:16:01,2026-10-08 00:04:42,0,4279.0,-4279.0,,Available,website fallback: report over 1 hour old
1,4db2da88-ceee-4a5e-ac3e-9dc92f0a7394,2026-10-08T01:16:01.267+00:00,2026-10-08T01:16:01.512+00:00,21072-30059,washers,20632098-b,616000040,2026-10-08 01:16:01,2026-10-08 00:50:44,0,1517.0,-1517.0,,Error,
1,4db2da88-ceee-4a5e-ac3e-9dc92f0a7394,2026-10-08T01:16:01.267+00:00,2026-10-08T01:16:01.512+00:00,21072-30059,dryers,20632096-a,716000000,2026-10-08 01:16:01,2026-10-08 00:51:10,0,1491.0,-1491.0,,Available,website maps this code to Available
1,4db2da88-ceee-4a5e-ac3e-9dc92f0a7394,2026-10-08T01:16:01.267+00:00,2026-10-08T01:16:01.512+00:00,21072-30059,dryers,20632096-b,716000000,2026-10-08 01:16:01,2026-10-08 00:51:12,0,1489.0,-1489.0,,Available,website maps this code to Available
1,4db2da88-ceee-4a5e-ac3e-9dc92f0a7394,2026-10-08T01:16:01.267+00:00,2026-10-08T01:16:01.512+00:00,21072-30059,dryers,20632118-a,716000000,2026-10-08 01:16:01,2026-10-07 18:39:43,0,23778.0,-23778.0,,Available,website maps this code to Available
1,4db2da88-ceee-4a5e-ac3e-9dc92f0a7394,2026-10-08T01:16:01.267+00:00,2026-10-08T01:16:01.512+00:00,21072-30059,dryers,20632035-a,716000000,2026-10-08 01:16:01,2026-10-07 02:49:50,0,80771.0,-80771.0,,Available,website maps this code to Available
1,4db2da88-ceee-4a5e-ac3e-9dc92f0a7394,2026-10-08T01:16:01.267+00:00,2026-10-08T01:16:01.512+00:00,21072-30059,dryers,20632102-a,416000000,2026-10-08 01:16:01,2026-10-08 01:08:27,10,454.0,146.0,3,Running,
1,4db2da88-ceee-4a5e-ac3e-9dc92f0a7394,2026-10-08T01:16:01.267+00:00,2026-10-08T01:16:01.512+00:00,21072-30059,dryers,20632060-a,716000000,2026-10-08 01:16:01,2026-10-07 03:04:43,0,79878.0,-79878.0,,Available,website maps this code to Available
1,4db2da88-ceee-4a5e-ac3e-9dc92f0a7394,2026-10-08T01:16:01.267+00:00,2026-10-08T01:16:01.512+00:00,21072-30059,dryers,20632117-a,416000000,2026-10-08 01:16:01,2026-10-08 01:15:40,3,21.0,159.0,3,Running,
1,4db2da88-ceee-4a5e-ac3e-9dc92f0a7394,2026-10-08T01:16:01.267+00:00,2026-10-08T01:16:01.512+00:00,21072-30059,dryers,20632037-a,416000000,2026-10-08 01:16:01,2026-10-08 01:07:48,10,493.0,107.0,2,Running,
1,4db2da88-ceee-4a5e-ac3e-9dc92f0a7394,2026-10-08T01:16:01.267+00:00,2026-10-08T01:16:01.512+00:00,21072-30059,dryers,20632092-a,716000000,2026-10-08 01:16:01,2026-10-07 22:05:27,0,11434.0,-11434.0,,Available,website maps this code to Available
1,4db2da88-ceee-4a5e-ac3e-9dc92f0a7394,2026-10-08T01:16:01.267+00:00,2026-10-08T01:16:01.512+00:00,21072-30059,dryers,20632128-a,716000000,2026-10-08 01:16:01,2026-10-07 22:06:02,0,11399.0,-11399.0,,Available,website maps this code to Available
1,4db2da88-ceee-4a5e-ac3e-9dc92f0a7394,2026-10-08T01:16:01.267+00:00,2026-10-08T01:16:01.512+00:00,21072-30059,dryers,20632044-a,416000000,2026-10-08 01:16:01,2026-10-08 01:06:19,10,582.0,18.0,1,Running,
1,4db2da88-ceee-4a5e-ac3e-9dc92f0a7394,2026-10-08T01:16:01.267+00:00,2026-10-08T01:16:01.512+00:00,21072-30059,dryers,20632094-a,716000000,2026-10-08 01:16:01,2026-10-07 07:58:50,0,62231.0,-62231.0,,Available,website maps this code to Available
1,4db2da88-ceee-4a5e-ac3e-9dc92f0a7394,2026-10-08T01:16:01.267+00:00,2026-10-08T01:16:01.512+00:00,21072-30059,dryers,20632123-a,716000000,2026-10-08 01:16:01,2026-10-08 00:04:40,0,4281.0,-4281.0,,Available,website maps this code to Available
1,4db2da88-ceee-4a5e-ac3e-9dc92f0a7394,2026-10-08T01:16:01.267+00:00,2026-10-08T01:16:01.512+00:00,21072-30059,dryers,20632098-a,616000040,2026-10-08 01:16:01,2026-10-08 00:50:42,0,1519.0,-1519.0,,Error,
1,cd88303a-93e0-4682-bc0b-529542cb13ab,2026-10-08T01:17:01.255+00:00,2026-10-08T01:17:01.423+00:00,21072-30059,washers,20632118-b,716000000,2026-10-08 01:17:01,2026-10-07 20:53:09,0,15832.0,-15832.0,,Available,website maps this code to Available
1,cd88303a-93e0-4682-bc0b-529542cb13ab,2026-10-08T01:17:01.255+00:00,2026-10-08T01:17:01.423+00:00,21072-30059,washers,20632035-b,716000000,2026-10-08 01:17:01,2026-10-07 04:03:57,0,76384.0,-76384.0,,Available,website maps this code to Available
1,cd88303a-93e0-4682-bc0b-529542cb13ab,2026-10-08T01:17:01.255+00:00,2026-10-08T01:17:01.423+00:00,21072-30059,washers,20632102-b,716000000,2026-10-08 01:17:01,2026-10-07 23:34:21,0,6160.0,-6160.0,,Available,website maps this code to Available
1,cd88303a-93e0-4682-bc0b-529542cb13ab,2026-10-08T01:17:01.255+00:00,2026-10-08T01:17:01.423+00:00,21072-30059,washers,20632060-b,716000000,2026-10-08 01:17:01,2026-10-07 23:19:28,0,7053.0,-7053.0,,Available,website maps this code to Available
1,cd88303a-93e0-4682-bc0b-529542cb13ab,2026-10-08T01:17:01.255+00:00,2026-10-08T01:17:01.423+00:00,21072-30059,washers,20632117-b,716000000,2026-10-08 01:17:01,2026-10-07 23:18:55,0,7086.0,-7086.0,,Available,website maps this code to Available
1,cd88303a-93e0-4682-bc0b-529542cb13ab,2026-10-08T01:17:01.255+00:00,2026-10-08T01:17:01.423+00:00,21072-30059,washers,20632037-b,716000000,2026-10-08 01:17:01,2026-10-07 20:32:19,0,17082.0,-17082.0,,Available,website maps this code to Available
1,cd88303a-93e0-4682-bc0b-529542cb13ab,2026-10-08T01:17:01.255+00:00,2026-10-08T01:17:01.423+00:00,21072-30059,washers,20632092-b,716000000,2026-10-08 01:17:01,2026-10-07 20:33:56,0,16985.0,-16985.0,,Available,website maps this code to Available
1,cd88303a-93e0-4682-bc0b-529542cb13ab,2026-10-08T01:17:01.255+00:00,2026-10-08T01:17:01.423+00:00,21072-30059,washers,20632128-b,716000000,2026-10-08 01:17:01,2026-10-07 20:35:15,0,16906.0,-16906.0,,Available,website maps this code to Available
1,cd88303a-93e0-4682-bc0b-529542cb13ab,2026-10-08T01:17:01.255+00:00,2026-10-08T01:17:01.423+00:00,21072-30059,washers,20632044-b,716000000,2026-10-08 01:17:01,2026-10-07 06:53:39,0,66202.0,-66202.0,,Available,website maps this code to Available
1,cd88303a-93e0-4682-bc0b-529542cb13ab,2026-10-08T01:17:01.255+00:00,2026-10-08T01:17:01.423+00:00,21072-30059,washers,20632094-b,716000000,2026-10-08 01:17:01,2026-10-07 06:07:39,0,68962.0,-68962.0,,Available,website maps this code to Available
1,cd88303a-93e0-4682-bc0b-529542cb13ab,2026-10-08T01:17:01.255+00:00,2026-10-08T01:17:01.423+00:00,21072-30059,washers,20632123-b,516000000,2026-10-08 01:17:01,2026-10-08 00:04:42,0,4339.0,-4339.0,,Available,website fallback: report over 1 hour old
1,cd88303a-93e0-4682-bc0b-529542cb13ab,2026-10-08T01:17:01.255+00:00,2026-10-08T01:17:01.423+00:00,21072-30059,washers,20632098-b,616000040,2026-10-08 01:17:01,2026-10-08 00:50:44,0,1577.0,-1577.0,,Error,
1,cd88303a-93e0-4682-bc0b-529542cb13ab,2026-10-08T01:17:01.255+00:00,2026-10-08T01:17:01.423+00:00,21072-30059,dryers,20632096-a,716000000,2026-10-08 01:17:01,2026-10-08 00:51:10,0,1551.0,-1551.0,,Available,website maps this code to Available
1,cd88303a-93e0-4682-bc0b-529542cb13ab,2026-10-08T01:17:01.255+00:00,2026-10-08T01:17:01.423+00:00,21072-30059,dryers,20632096-b,716000000,2026-10-08 01:17:01,2026-10-08 00:51:12,0,1549.0,-1549.0,,Available,website maps this code to Available
1,cd88303a-93e0-4682-bc0b-529542cb13ab,2026-10-08T01:17:01.255+00:00,2026-10-08T01:17:01.423+00:00,21072-30059,dryers,20632118-a,716000000,2026-10-08 01:17:01,2026-10-07 18:39:43,0,23838.0,-23838.0,,Available,website maps this code to Available
1,cd88303a-93e0-4682-bc0b-529542cb13ab,2026-10-08T01:17:01.255+00:00,2026-10-08T01:17:01.423+00:00,21072-30059,dryers,20632035-a,716000000,2026-10-08 01:17:01,2026-10-07 02:49:50,0,80831.0,-80831.0,,Available,website maps this code to Available
1,cd88303a-93e0-4682-bc0b-529542cb13ab,2026-10-08T01:17:01.255+00:00,2026-10-08T01:17:01.423+00:00,21072-30059,dryers,20632102-a,416000000,2026-10-08 01:17:01,2026-10-08 01:08:27,10,514.0,86.0,2,Running,
1,cd88303a-93e0-4682-bc0b-529542cb13ab,2026-10-08T01:17:01.255+00:00,2026-10-08T01:17:01.423+00:00,21072-30059,dryers,20632060-a,716000000,2026-10-08 01:17:01,2026-10-07 03:04:43,0,79938.0,-79938.0,,Available,website maps this code to Available
1,cd88303a-93e0-4682-bc0b-529542cb13ab,2026-10-08T01:17:01.255+00:00,2026-10-08T01:17:01.423+00:00,21072-30059,dryers,20632117-a,416000000,2026-10-08 01:17:01,2026-10-08 01:15:40,3,81.0,99.0,2,Running,
1,cd88303a-93e0-4682-bc0b-529542cb13ab,2026-10-08T01:17:01.255+00:00,2026-10-08T01:17:01.423+00:00,21072-30059,dryers,20632037-a,416000000,2026-10-08 01:17:01,2026-10-08 01:07:48,10,553.0,47.0,1,Running,
1,cd88303a-93e0-4682-bc0b-529542cb13ab,2026-10-08T01:17:01.255+00:00,2026-10-08T01:17:01.423+00:00,21072-30059,dryers,20632092-a,716000000,2026-10-08 01:17:01,2026-10-07 22:05:27,0,11494.0,-11494.0,,Available,website maps this code to Available
1,cd88303a-93e0-4682-bc0b-529542cb13ab,2026-10-08T01:17:01.255+00:00,2026-10-08T01:17:01.423+00:00,21072-30059,dryers,20632128-a,716000000,2026-10-08 01:17:01,2026-10-07 22:06:02,0,11459.0,-11459.0,,Available,website maps this code to Available
1,cd88303a-93e0-4682-bc0b-529542cb13ab,2026-10-08T01:17:01.255+00:00,2026-10-08T01:17:01.423+00:00,21072-30059,dryers,20632044-a,416000000,2026-10-08 01:17:01,2026-10-08 01:16:35,10,26.0,574.0,10,Running,
1,cd88303a-93e0-4682-bc0b-529542cb13ab,2026-10-08T01:17:01.255+00:00,2026-10-08T01:17:01.423+00:00,21072-30059,dryers,20632094-a,716000000,2026-10-08 01:17:01,2026-10-07 07:58:50,0,62291.0,-62291.0,,Available,website maps this code to Available
1,cd88303a-93e0-4682-bc0b-529542cb13ab,2026-10-08T01:17:01.255+00:00,2026-10-08T01:17:01.423+00:00,21072-30059,dryers,20632123-a,716000000,2026-10-08 01:17:01,2026-10-08 00:04:40,0,4341.0,-4341.0,,Available,website maps this code to Available
1,cd88303a-93e0-4682-bc0b-529542cb13ab,2026-10-08T01:17:01.255+00:00,2026-10-08T01:17:01.423+00:00,21072-30059,dryers,20632098-a,616000040,2026-10-08 01:17:01,2026-10-08 00:50:42,0,1579.0,-1579.0,,Error,
1,d4169dec-0e84-4296-a3fe-017913e1164b,2026-10-08T01:18:01.249+00:00,2026-10-08T01:18:01.417+00:00,21072-30059,washers,20632118-b,716000000,2026-10-08 01:18:01,2026-10-07 20:53:09,0,15892.0,-15892.0,,Available,website maps this code to Available
1,d4169dec-0e84-4296-a3fe-017913e1164b,2026-10-08T01:18:01.249+00:00,2026-10-08T01:18:01.417+00:00,21072-30059,washers,20632035-b,716000000,2026-10-08 01:18:01,2026-10-07 04:03:57,0,76444.0,-76444.0,,Available,website maps this code to Available
1,d4169dec-0e84-4296-a3fe-017913e1164b,2026-10-08T01:18:01.249+00:00,2026-10-08T01:18:01.417+00:00,21072-30059,washers,20632102-b,716000000,2026-10-08 01:18:01,2026-10-07 23:34:21,0,6220.0,-6220.0,,Available,website maps this code to Available
1,d4169dec-0e84-4296-a3fe-017913e1164b,2026-10-08T01:18:01.249+00:00,2026-10-08T01:18:01.417+00:00,21072-30059,washers,20632060-b,716000000,2026-10-08 01:18:01,2026-10-07 23:19:28,0,7113.0,-7113.0,,Available,website maps this code to Available
1,d4169dec-0e84-4296-a3fe-017913e1164b,2026-10-08T01:18:01.249+00:00,2026-10-08T01:18:01.417+00:00,21072-30059,washers,20632117-b,716000000,2026-10-08 01:18:01,2026-10-07 23:18:55,0,7146.0,-7146.0,,Available,website maps this code to Available
1,d4169dec-0e84-4296-a3fe-017913e1164b,2026-10-08T01:18:01.249+00:00,2026-10-08T01:18:01.417+00:00,21072-30059,washers,20632037-b,716000000,2026-10-08 01:18:01,2026-10-07 20:32:19,0,17142.0,-17142.0,,Available,website maps this code to Available
1,d4169dec-0e84-4296-a3fe-017913e1164b,2026-10-08T01:18:01.249+00:00,2026-10-08T01:18:01.417+00:00,21072-30059,washers,20632092-b,716000000,2026-10-08 01:18:01,2026-10-07 20:33:56,0,17045.0,-17045.0,,Available,website maps this code to Available
1,d4169dec-0e84-4296-a3fe-017913e1164b,2026-10-08T01:18:01.249+00:00,2026-10-08T01:18:01.417+00:00,21072-30059,washers,20632128-b,716000000,2026-10-08 01:18:01,2026-10-07 20:35:15,0,16966.0,-16966.0,,Available,website maps this code to Available
1,d4169dec-0e84-4296-a3fe-017913e1164b,2026-10-08T01:18:01.249+00:00,2026-10-08T01:18:01.417+00:00,21072-30059,washers,20632044-b,716000000,2026-10-08 01:18:01,2026-10-07 06:53:39,0,66262.0,-66262.0,,Available,website maps this code to Available
1,d4169dec-0e84-4296-a3fe-017913e1164b,2026-10-08T01:18:01.249+00:00,2026-10-08T01:18:01.417+00:00,21072-30059,washers,20632094-b,716000000,2026-10-08 01:18:01,2026-10-07 06:07:39,0,69022.0,-69022.0,,Available,website maps this code to Available
1,d4169dec-0e84-4296-a3fe-017913e1164b,2026-10-08T01:18:01.249+00:00,2026-10-08T01:18:01.417+00:00,21072-30059,washers,20632123-b,516000000,2026-10-08 01:18:01,2026-10-08 00:04:42,0,4399.0,-4399.0,,Available,website fallback: report over 1 hour old
1,d4169dec-0e84-4296-a3fe-017913e1164b,2026-10-08T01:18:01.249+00:00,2026-10-08T01:18:01.417+00:00,21072-30059,washers,20632098-b,616000040,2026-10-08 01:18:01,2026-10-08 00:50:44,0,1637.0,-1637.0,,Error,
1,d4169dec-0e84-4296-a3fe-017913e1164b,2026-10-08T01:18:01.249+00:00,2026-10-08T01:18:01.417+00:00,21072-30059,dryers,20632096-a,716000000,2026-10-08 01:18:01,2026-10-08 00:51:10,0,1611.0,-1611.0,,Available,website maps this code to Available
1,d4169dec-0e84-4296-a3fe-017913e1164b,2026-10-08T01:18:01.249+00:00,2026-10-08T01:18:01.417+00:00,21072-30059,dryers,20632096-b,716000000,2026-10-08 01:18:01,2026-10-08 00:51:12,0,1609.0,-1609.0,,Available,website maps this code to Available
1,d4169dec-0e84-4296-a3fe-017913e1164b,2026-10-08T01:18:01.249+00:00,2026-10-08T01:18:01.417+00:00,21072-30059,dryers,20632118-a,716000000,2026-10-08 01:18:01,2026-10-07 18:39:43,0,23898.0,-23898.0,,Available,website maps this code to Available
1,d4169dec-0e84-4296-a3fe-017913e1164b,2026-10-08T01:18:01.249+00:00,2026-10-08T01:18:01.417+00:00,21072-30059,dryers,20632035-a,716000000,2026-10-08 01:18:01,2026-10-07 02:49:50,0,80891.0,-80891.0,,Available,website maps this code to Available
1,d4169dec-0e84-4296-a3fe-017913e1164b,2026-10-08T01:18:01.249+00:00,2026-10-08T01:18:01.417+00:00,21072-30059,dryers,20632102-a,416000000,2026-10-08 01:18:01,2026-10-08 01:08:27,10,574.0,26.0,1,Running,
1,d4169dec-0e84-4296-a3fe-017913e1164b,2026-10-08T01:18:01.249+00:00,2026-10-08T01:18:01.417+00:00,21072-30059,dryers,20632060-a,716000000,2026-10-08 01:18:01,2026-10-07 03:04:43,0,79998.0,-79998.0,,Available,website maps this code to Available
1,d4169dec-0e84-4296-a3fe-017913e1164b,2026-10-08T01:18:01.249+00:00,2026-10-08T01:18:01.417+00:00,21072-30059,dryers,20632117-a,416000000,2026-10-08 01:18:01,2026-10-08 01:15:40,3,141.0,39.0,1,Running,
1,d4169dec-0e84-4296-a3fe-017913e1164b,2026-10-08T01:18:01.249+00:00,2026-10-08T01:18:01.417+00:00,21072-30059,dryers,20632037-a,416000000,2026-10-08 01:18:01,2026-10-08 01:07:48,10,613.0,-13.0,,Available,website fallback: countdown expired
1,d4169dec-0e84-4296-a3fe-017913e1164b,2026-10-08T01:18:01.249+00:00,2026-10-08T01:18:01.417+00:00,21072-30059,dryers,20632092-a,716000000,2026-10-08 01:18:01,2026-10-07 22:05:27,0,11554.0,-11554.0,,Available,website maps this code to Available
1,d4169dec-0e84-4296-a3fe-017913e1164b,2026-10-08T01:18:01.249+00:00,2026-10-08T01:18:01.417+00:00,21072-30059,dryers,20632128-a,716000000,2026-10-08 01:18:01,2026-10-07 22:06:02,0,11519.0,-11519.0,,Available,website maps this code to Available
1,d4169dec-0e84-4296-a3fe-017913e1164b,2026-10-08T01:18:01.249+00:00,2026-10-08T01:18:01.417+00:00,21072-30059,dryers,20632044-a,416000000,2026-10-08 01:18:01,2026-10-08 01:16:35,10,86.0,514.0,9,Running,
1,d4169dec-0e84-4296-a3fe-017913e1164b,2026-10-08T01:18:01.249+00:00,2026-10-08T01:18:01.417+00:00,21072-30059,dryers,20632094-a,716000000,2026-10-08 01:18:01,2026-10-07 07:58:50,0,62351.0,-62351.0,,Available,website maps this code to Available
1,d4169dec-0e84-4296-a3fe-017913e1164b,2026-10-08T01:18:01.249+00:00,2026-10-08T01:18:01.417+00:00,21072-30059,dryers,20632123-a,716000000,2026-10-08 01:18:01,2026-10-08 00:04:40,0,4401.0,-4401.0,,Available,website maps this code to Available
1,d4169dec-0e84-4296-a3fe-017913e1164b,2026-10-08T01:18:01.249+00:00,2026-10-08T01:18:01.417+00:00,21072-30059,dryers,20632098-a,616000040,2026-10-08 01:18:01,2026-10-08 00:50:42,0,1639.0,-1639.0,,Error,
1,49041c36-c533-4fa1-9fb9-0eb20aa334e6,2026-10-08T01:19:01.275+00:00,2026-10-08T01:19:01.449+00:00,21072-30059,washers,20632118-b,716000000,2026-10-08 01:19:01,2026-10-07 20:53:09,0,15952.0,-15952.0,,Available,website maps this code to Available
1,49041c36-c533-4fa1-9fb9-0eb20aa334e6,2026-10-08T01:19:01.275+00:00,2026-10-08T01:19:01.449+00:00,21072-30059,washers,20632035-b,716000000,2026-10-08 01:19:01,2026-10-07 04:03:57,0,76504.0,-76504.0,,Available,website maps this code to Available
1,49041c36-c533-4fa1-9fb9-0eb20aa334e6,2026-10-08T01:19:01.275+00:00,2026-10-08T01:19:01.449+00:00,21072-30059,washers,20632102-b,716000000,2026-10-08 01:19:01,2026-10-07 23:34:21,0,6280.0,-6280.0,,Available,website maps this code to Available
1,49041c36-c533-4fa1-9fb9-0eb20aa334e6,2026-10-08T01:19:01.275+00:00,2026-10-08T01:19:01.449+00:00,21072-30059,washers,20632060-b,716000000,2026-10-08 01:19:01,2026-10-07 23:19:28,0,7173.0,-7173.0,,Available,website maps this code to Available
1,49041c36-c533-4fa1-9fb9-0eb20aa334e6,2026-10-08T01:19:01.275+00:00,2026-10-08T01:19:01.449+00:00,21072-30059,washers,20632117-b,716000000,2026-10-08 01:19:01,2026-10-07 23:18:55,0,7206.0,-7206.0,,Available,website maps this code to Available
1,49041c36-c533-4fa1-9fb9-0eb20aa334e6,2026-10-08T01:19:01.275+00:00,2026-10-08T01:19:01.449+00:00,21072-30059,washers,20632037-b,716000000,2026-10-08 01:19:01,2026-10-07 20:32:19,0,17202.0,-17202.0,,Available,website maps this code to Available
1,49041c36-c533-4fa1-9fb9-0eb20aa334e6,2026-10-08T01:19:01.275+00:00,2026-10-08T01:19:01.449+00:00,21072-30059,washers,20632092-b,716000000,2026-10-08 01:19:01,2026-10-07 20:33:56,0,17105.0,-17105.0,,Available,website maps this code to Available
1,49041c36-c533-4fa1-9fb9-0eb20aa334e6,2026-10-08T01:19:01.275+00:00,2026-10-08T01:19:01.449+00:00,21072-30059,washers,20632128-b,716000000,2026-10-08 01:19:01,2026-10-07 20:35:15,0,17026.0,-17026.0,,Available,website maps this code to Available
1,49041c36-c533-4fa1-9fb9-0eb20aa334e6,2026-10-08T01:19:01.275+00:00,2026-10-08T01:19:01.449+00:00,21072-30059,washers,20632044-b,716000000,2026-10-08 01:19:01,2026-10-07 06:53:39,0,66322.0,-66322.0,,Available,website maps this code to Available
1,49041c36-c533-4fa1-9fb9-0eb20aa334e6,2026-10-08T01:19:01.275+00:00,2026-10-08T01:19:01.449+00:00,21072-30059,washers,20632094-b,716000000,2026-10-08 01:19:01,2026-10-07 06:07:39,0,69082.0,-69082.0,,Available,website maps this code to Available
1,49041c36-c533-4fa1-9fb9-0eb20aa334e6,2026-10-08T01:19:01.275+00:00,2026-10-08T01:19:01.449+00:00,21072-30059,washers,20632123-b,516000000,2026-10-08 01:19:01,2026-10-08 00:04:42,0,4459.0,-4459.0,,Available,website fallback: report over 1 hour old
1,49041c36-c533-4fa1-9fb9-0eb20aa334e6,2026-10-08T01:19:01.275+00:00,2026-10-08T01:19:01.449+00:00,21072-30059,washers,20632098-b,616000040,2026-10-08 01:19:01,2026-10-08 00:50:44,0,1697.0,-1697.0,,Error,
1,49041c36-c533-4fa1-9fb9-0eb20aa334e6,2026-10-08T01:19:01.275+00:00,2026-10-08T01:19:01.449+00:00,21072-30059,dryers,20632096-a,716000000,2026-10-08 01:19:01,2026-10-08 00:51:10,0,1671.0,-1671.0,,Available,website maps this code to Available
1,49041c36-c533-4fa1-9fb9-0eb20aa334e6,2026-10-08T01:19:01.275+00:00,2026-10-08T01:19:01.449+00:00,21072-30059,dryers,20632096-b,716000000,2026-10-08 01:19:01,2026-10-08 00:51:12,0,1669.0,-1669.0,,Available,website maps this code to Available
1,49041c36-c533-4fa1-9fb9-0eb20aa334e6,2026-10-08T01:19:01.275+00:00,2026-10-08T01:19:01.449+00:00,21072-30059,dryers,20632118-a,716000000,2026-10-08 01:19:01,2026-10-07 18:39:43,0,23958.0,-23958.0,,Available,website maps this code to Available
1,49041c36-c533-4fa1-9fb9-0eb20aa334e6,2026-10-08T01:19:01.275+00:00,2026-10-08T01:19:01.449+00:00,21072-30059,dryers,20632035-a,716000000,2026-10-08 01:19:01,2026-10-07 02:49:50,0,80951.0,-80951.0,,Available,website maps this code to Available
1,49041c36-c533-4fa1-9fb9-0eb20aa334e6,2026-10-08T01:19:01.275+00:00,2026-10-08T01:19:01.449+00:00,21072-30059,dryers,20632102-a,716000000,2026-10-08 01:19:01,2026-10-08 01:18:46,0,15.0,-15.0,,Available,website maps this code to Available
1,49041c36-c533-4fa1-9fb9-0eb20aa334e6,2026-10-08T01:19:01.275+00:00,2026-10-08T01:19:01.449+00:00,21072-30059,dryers,20632060-a,716000000,2026-10-08 01:19:01,2026-10-07 03:04:43,0,80058.0,-80058.0,,Available,website maps this code to Available
1,49041c36-c533-4fa1-9fb9-0eb20aa334e6,2026-10-08T01:19:01.275+00:00,2026-10-08T01:19:01.449+00:00,21072-30059,dryers,20632117-a,716000000,2026-10-08 01:19:01,2026-10-08 01:18:25,0,36.0,-36.0,,Available,website maps this code to Available
1,49041c36-c533-4fa1-9fb9-0eb20aa334e6,2026-10-08T01:19:01.275+00:00,2026-10-08T01:19:01.449+00:00,21072-30059,dryers,20632037-a,716000000,2026-10-08 01:19:01,2026-10-08 01:18:06,0,55.0,-55.0,,Available,website maps this code to Available
1,49041c36-c533-4fa1-9fb9-0eb20aa334e6,2026-10-08T01:19:01.275+00:00,2026-10-08T01:19:01.449+00:00,21072-30059,dryers,20632092-a,716000000,2026-10-08 01:19:01,2026-10-07 22:05:27,0,11614.0,-11614.0,,Available,website maps this code to Available
1,49041c36-c533-4fa1-9fb9-0eb20aa334e6,2026-10-08T01:19:01.275+00:00,2026-10-08T01:19:01.449+00:00,21072-30059,dryers,20632128-a,716000000,2026-10-08 01:19:01,2026-10-07 22:06:02,0,11579.0,-11579.0,,Available,website maps this code to Available
1,49041c36-c533-4fa1-9fb9-0eb20aa334e6,2026-10-08T01:19:01.275+00:00,2026-10-08T01:19:01.449+00:00,21072-30059,dryers,20632044-a,416000000,2026-10-08 01:19:01,2026-10-08 01:16:35,10,146.0,454.0,8,Running,
1,49041c36-c533-4fa1-9fb9-0eb20aa334e6,2026-10-08T01:19:01.275+00:00,2026-10-08T01:19:01.449+00:00,21072-30059,dryers,20632094-a,716000000,2026-10-08 01:19:01,2026-10-07 07:58:50,0,62411.0,-62411.0,,Available,website maps this code to Available
1,49041c36-c533-4fa1-9fb9-0eb20aa334e6,2026-10-08T01:19:01.275+00:00,2026-10-08T01:19:01.449+00:00,21072-30059,dryers,20632123-a,716000000,2026-10-08 01:19:01,2026-10-08 00:04:40,0,4461.0,-4461.0,,Available,website maps this code to Available
1,49041c36-c533-4fa1-9fb9-0eb20aa334e6,2026-10-08T01:19:01.275+00:00,2026-10-08T01:19:01.449+00:00,21072-30059,dryers,20632098-a,616000040,2026-10-08 01:19:01,2026-10-08 00:50:42,0,1699.0,-1699.0,,Error,
1,2932513a-c415-46c9-b8a4-a075e704fef0,2026-10-08T01:21:01.260+00:00,2026-10-08T01:21:01.442+00:00,21072-30059,washers,20632118-b,716000000,2026-10-08 01:21:01,2026-10-07 20:53:09,0,16072.0,-16072.0,,Available,website maps this code to Available
1,2932513a-c415-46c9-b8a4-a075e704fef0,2026-10-08T01:21:01.260+00:00,2026-10-08T01:21:01.442+00:00,21072-30059,washers,20632035-b,716000000,2026-10-08 01:21:01,2026-10-07 04:03:57,0,76624.0,-76624.0,,Available,website maps this code to Available
1,2932513a-c415-46c9-b8a4-a075e704fef0,2026-10-08T01:21:01.260+00:00,2026-10-08T01:21:01.442+00:00,21072-30059,washers,20632102-b,516000000,2026-10-08 01:21:01,2026-10-08 01:20:23,0,38.0,-38.0,,Finished,
1,2932513a-c415-46c9-b8a4-a075e704fef0,2026-10-08T01:21:01.260+00:00,2026-10-08T01:21:01.442+00:00,21072-30059,washers,20632060-b,716000000,2026-10-08 01:21:01,2026-10-07 23:19:28,0,7293.0,-7293.0,,Available,website maps this code to Available
1,2932513a-c415-46c9-b8a4-a075e704fef0,2026-10-08T01:21:01.260+00:00,2026-10-08T01:21:01.442+00:00,21072-30059,washers,20632117-b,716000000,2026-10-08 01:21:01,2026-10-07 23:18:55,0,7326.0,-7326.0,,Available,website maps this code to Available
1,2932513a-c415-46c9-b8a4-a075e704fef0,2026-10-08T01:21:01.260+00:00,2026-10-08T01:21:01.442+00:00,21072-30059,washers,20632037-b,716000000,2026-10-08 01:21:01,2026-10-07 20:32:19,0,17322.0,-17322.0,,Available,website maps this code to Available
1,2932513a-c415-46c9-b8a4-a075e704fef0,2026-10-08T01:21:01.260+00:00,2026-10-08T01:21:01.442+00:00,21072-30059,washers,20632092-b,716000000,2026-10-08 01:21:01,2026-10-07 20:33:56,0,17225.0,-17225.0,,Available,website maps this code to Available
1,2932513a-c415-46c9-b8a4-a075e704fef0,2026-10-08T01:21:01.260+00:00,2026-10-08T01:21:01.442+00:00,21072-30059,washers,20632128-b,716000000,2026-10-08 01:21:01,2026-10-07 20:35:15,0,17146.0,-17146.0,,Available,website maps this code to Available
1,2932513a-c415-46c9-b8a4-a075e704fef0,2026-10-08T01:21:01.260+00:00,2026-10-08T01:21:01.442+00:00,21072-30059,washers,20632044-b,716000000,2026-10-08 01:21:01,2026-10-07 06:53:39,0,66442.0,-66442.0,,Available,website maps this code to Available
1,2932513a-c415-46c9-b8a4-a075e704fef0,2026-10-08T01:21:01.260+00:00,2026-10-08T01:21:01.442+00:00,21072-30059,washers,20632094-b,716000000,2026-10-08 01:21:01,2026-10-07 06:07:39,0,69202.0,-69202.0,,Available,website maps this code to Available
1,2932513a-c415-46c9-b8a4-a075e704fef0,2026-10-08T01:21:01.260+00:00,2026-10-08T01:21:01.442+00:00,21072-30059,washers,20632123-b,516000000,2026-10-08 01:21:01,2026-10-08 00:04:42,0,4579.0,-4579.0,,Available,website fallback: report over 1 hour old
1,2932513a-c415-46c9-b8a4-a075e704fef0,2026-10-08T01:21:01.260+00:00,2026-10-08T01:21:01.442+00:00,21072-30059,washers,20632098-b,616000040,2026-10-08 01:21:01,2026-10-08 00:50:44,0,1817.0,-1817.0,,Error,
1,2932513a-c415-46c9-b8a4-a075e704fef0,2026-10-08T01:21:01.260+00:00,2026-10-08T01:21:01.442+00:00,21072-30059,dryers,20632096-a,716000000,2026-10-08 01:21:01,2026-10-08 00:51:10,0,1791.0,-1791.0,,Available,website maps this code to Available
1,2932513a-c415-46c9-b8a4-a075e704fef0,2026-10-08T01:21:01.260+00:00,2026-10-08T01:21:01.442+00:00,21072-30059,dryers,20632096-b,716000000,2026-10-08 01:21:01,2026-10-08 00:51:12,0,1789.0,-1789.0,,Available,website maps this code to Available
1,2932513a-c415-46c9-b8a4-a075e704fef0,2026-10-08T01:21:01.260+00:00,2026-10-08T01:21:01.442+00:00,21072-30059,dryers,20632118-a,716000000,2026-10-08 01:21:01,2026-10-07 18:39:43,0,24078.0,-24078.0,,Available,website maps this code to Available
1,2932513a-c415-46c9-b8a4-a075e704fef0,2026-10-08T01:21:01.260+00:00,2026-10-08T01:21:01.442+00:00,21072-30059,dryers,20632035-a,716000000,2026-10-08 01:21:01,2026-10-07 02:49:50,0,81071.0,-81071.0,,Available,website maps this code to Available
1,2932513a-c415-46c9-b8a4-a075e704fef0,2026-10-08T01:21:01.260+00:00,2026-10-08T01:21:01.442+00:00,21072-30059,dryers,20632102-a,716000000,2026-10-08 01:21:01,2026-10-08 01:20:22,0,39.0,-39.0,,Available,website maps this code to Available
1,2932513a-c415-46c9-b8a4-a075e704fef0,2026-10-08T01:21:01.260+00:00,2026-10-08T01:21:01.442+00:00,21072-30059,dryers,20632060-a,716000000,2026-10-08 01:21:01,2026-10-07 03:04:43,0,80178.0,-80178.0,,Available,website maps this code to Available
1,2932513a-c415-46c9-b8a4-a075e704fef0,2026-10-08T01:21:01.260+00:00,2026-10-08T01:21:01.442+00:00,21072-30059,dryers,20632117-a,716000000,2026-10-08 01:21:01,2026-10-08 01:18:25,0,156.0,-156.0,,Available,website maps this code to Available
1,2932513a-c415-46c9-b8a4-a075e704fef0,2026-10-08T01:21:01.260+00:00,2026-10-08T01:21:01.442+00:00,21072-30059,dryers,20632037-a,716000000,2026-10-08 01:21:01,2026-10-08 01:18:06,0,175.0,-175.0,,Available,website maps this code to Available
1,2932513a-c415-46c9-b8a4-a075e704fef0,2026-10-08T01:21:01.260+00:00,2026-10-08T01:21:01.442+00:00,21072-30059,dryers,20632092-a,716000000,2026-10-08 01:21:01,2026-10-07 22:05:27,0,11734.0,-11734.0,,Available,website maps this code to Available
1,2932513a-c415-46c9-b8a4-a075e704fef0,2026-10-08T01:21:01.260+00:00,2026-10-08T01:21:01.442+00:00,21072-30059,dryers,20632128-a,716000000,2026-10-08 01:21:01,2026-10-07 22:06:02,0,11699.0,-11699.0,,Available,website maps this code to Available
1,2932513a-c415-46c9-b8a4-a075e704fef0,2026-10-08T01:21:01.260+00:00,2026-10-08T01:21:01.442+00:00,21072-30059,dryers,20632044-a,416000000,2026-10-08 01:21:01,2026-10-08 01:16:35,10,266.0,334.0,6,Running,
1,2932513a-c415-46c9-b8a4-a075e704fef0,2026-10-08T01:21:01.260+00:00,2026-10-08T01:21:01.442+00:00,21072-30059,dryers,20632094-a,716000000,2026-10-08 01:21:01,2026-10-07 07:58:50,0,62531.0,-62531.0,,Available,website maps this code to Available
1,2932513a-c415-46c9-b8a4-a075e704fef0,2026-10-08T01:21:01.260+00:00,2026-10-08T01:21:01.442+00:00,21072-30059,dryers,20632123-a,716000000,2026-10-08 01:21:01,2026-10-08 00:04:40,0,4581.0,-4581.0,,Available,website maps this code to Available
1,2932513a-c415-46c9-b8a4-a075e704fef0,2026-10-08T01:21:01.260+00:00,2026-10-08T01:21:01.442+00:00,21072-30059,dryers,20632098-a,616000040,2026-10-08 01:21:01,2026-10-08 00:50:42,0,1819.0,-1819.0,,Error,
1,71bedba7-5835-46d9-8e0c-3ad425cfb82d,2026-10-08T01:22:01.254+00:00,2026-10-08T01:22:01.420+00:00,21072-30059,washers,20632118-b,716000000,2026-10-08 01:22:01,2026-10-07 20:53:09,0,16132.0,-16132.0,,Available,website maps this code to Available
1,71bedba7-5835-46d9-8e0c-3ad425cfb82d,2026-10-08T01:22:01.254+00:00,2026-10-08T01:22:01.420+00:00,21072-30059,washers,20632035-b,716000000,2026-10-08 01:22:01,2026-10-07 04:03:57,0,76684.0,-76684.0,,Available,website maps this code to Available
1,71bedba7-5835-46d9-8e0c-3ad425cfb82d,2026-10-08T01:22:01.254+00:00,2026-10-08T01:22:01.420+00:00,21072-30059,washers,20632102-b,516000000,2026-10-08 01:22:01,2026-10-08 01:20:23,0,98.0,-98.0,,Finished,
1,71bedba7-5835-46d9-8e0c-3ad425cfb82d,2026-10-08T01:22:01.254+00:00,2026-10-08T01:22:01.420+00:00,21072-30059,washers,20632060-b,716000000,2026-10-08 01:22:01,2026-10-07 23:19:28,0,7353.0,-7353.0,,Available,website maps this code to Available
1,71bedba7-5835-46d9-8e0c-3ad425cfb82d,2026-10-08T01:22:01.254+00:00,2026-10-08T01:22:01.420+00:00,21072-30059,washers,20632117-b,716000000,2026-10-08 01:22:01,2026-10-07 23:18:55,0,7386.0,-7386.0,,Available,website maps this code to Available
1,71bedba7-5835-46d9-8e0c-3ad425cfb82d,2026-10-08T01:22:01.254+00:00,2026-10-08T01:22:01.420+00:00,21072-30059,washers,20632037-b,716000000,2026-10-08 01:22:01,2026-10-07 20:32:19,0,17382.0,-17382.0,,Available,website maps this code to Available
1,71bedba7-5835-46d9-8e0c-3ad425cfb82d,2026-10-08T01:22:01.254+00:00,2026-10-08T01:22:01.420+00:00,21072-30059,washers,20632092-b,716000000,2026-10-08 01:22:01,2026-10-07 20:33:56,0,17285.0,-17285.0,,Available,website maps this code to Available
1,71bedba7-5835-46d9-8e0c-3ad425cfb82d,2026-10-08T01:22:01.254+00:00,2026-10-08T01:22:01.420+00:00,21072-30059,washers,20632128-b,716000000,2026-10-08 01:22:01,2026-10-07 20:35:15,0,17206.0,-17206.0,,Available,website maps this code to Available
1,71bedba7-5835-46d9-8e0c-3ad425cfb82d,2026-10-08T01:22:01.254+00:00,2026-10-08T01:22:01.420+00:00,21072-30059,washers,20632044-b,716000000,2026-10-08 01:22:01,2026-10-07 06:53:39,0,66502.0,-66502.0,,Available,website maps this code to Available
1,71bedba7-5835-46d9-8e0c-3ad425cfb82d,2026-10-08T01:22:01.254+00:00,2026-10-08T01:22:01.420+00:00,21072-30059,washers,20632094-b,716000000,2026-10-08 01:22:01,2026-10-07 06:07:39,0,69262.0,-69262.0,,Available,website maps this code to Available
1,71bedba7-5835-46d9-8e0c-3ad425cfb82d,2026-10-08T01:22:01.254+00:00,2026-10-08T01:22:01.420+00:00,21072-30059,washers,20632123-b,516000000,2026-10-08 01:22:01,2026-10-08 00:04:42,0,4639.0,-4639.0,,Available,website fallback: report over 1 hour old
1,71bedba7-5835-46d9-8e0c-3ad425cfb82d,2026-10-08T01:22:01.254+00:00,2026-10-08T01:22:01.420+00:00,21072-30059,washers,20632098-b,616000040,2026-10-08 01:22:01,2026-10-08 00:50:44,0,1877.0,-1877.0,,Error,
1,71bedba7-5835-46d9-8e0c-3ad425cfb82d,2026-10-08T01:22:01.254+00:00,2026-10-08T01:22:01.420+00:00,21072-30059,dryers,20632096-a,716000000,2026-10-08 01:22:01,2026-10-08 00:51:10,0,1851.0,-1851.0,,Available,website maps this code to Available
1,71bedba7-5835-46d9-8e0c-3ad425cfb82d,2026-10-08T01:22:01.254+00:00,2026-10-08T01:22:01.420+00:00,21072-30059,dryers,20632096-b,716000000,2026-10-08 01:22:01,2026-10-08 00:51:12,0,1849.0,-1849.0,,Available,website maps this code to Available
1,71bedba7-5835-46d9-8e0c-3ad425cfb82d,2026-10-08T01:22:01.254+00:00,2026-10-08T01:22:01.420+00:00,21072-30059,dryers,20632118-a,716000000,2026-10-08 01:22:01,2026-10-07 18:39:43,0,24138.0,-24138.0,,Available,website maps this code to Available
1,71bedba7-5835-46d9-8e0c-3ad425cfb82d,2026-10-08T01:22:01.254+00:00,2026-10-08T01:22:01.420+00:00,21072-30059,dryers,20632035-a,716000000,2026-10-08 01:22:01,2026-10-07 02:49:50,0,81131.0,-81131.0,,Available,website maps this code to Available
1,71bedba7-5835-46d9-8e0c-3ad425cfb82d,2026-10-08T01:22:01.254+00:00,2026-10-08T01:22:01.420+00:00,21072-30059,dryers,20632102-a,716000000,2026-10-08 01:22:01,2026-10-08 01:20:22,0,99.0,-99.0,,Available,website maps this code to Available
1,71bedba7-5835-46d9-8e0c-3ad425cfb82d,2026-10-08T01:22:01.254+00:00,2026-10-08T01:22:01.420+00:00,21072-30059,dryers,20632060-a,716000000,2026-10-08 01:22:01,2026-10-07 03:04:43,0,80238.0,-80238.0,,Available,website maps this code to Available
1,71bedba7-5835-46d9-8e0c-3ad425cfb82d,2026-10-08T01:22:01.254+00:00,2026-10-08T01:22:01.420+00:00,21072-30059,dryers,20632117-a,716000000,2026-10-08 01:22:01,2026-10-08 01:18:25,0,216.0,-216.0,,Available,website maps this code to Available
1,71bedba7-5835-46d9-8e0c-3ad425cfb82d,2026-10-08T01:22:01.254+00:00,2026-10-08T01:22:01.420+00:00,21072-30059,dryers,20632037-a,716000000,2026-10-08 01:22:01,2026-10-08 01:18:06,0,235.0,-235.0,,Available,website maps this code to Available
1,71bedba7-5835-46d9-8e0c-3ad425cfb82d,2026-10-08T01:22:01.254+00:00,2026-10-08T01:22:01.420+00:00,21072-30059,dryers,20632092-a,716000000,2026-10-08 01:22:01,2026-10-07 22:05:27,0,11794.0,-11794.0,,Available,website maps this code to Available
1,71bedba7-5835-46d9-8e0c-3ad425cfb82d,2026-10-08T01:22:01.254+00:00,2026-10-08T01:22:01.420+00:00,21072-30059,dryers,20632128-a,716000000,2026-10-08 01:22:01,2026-10-07 22:06:02,0,11759.0,-11759.0,,Available,website maps this code to Available
1,71bedba7-5835-46d9-8e0c-3ad425cfb82d,2026-10-08T01:22:01.254+00:00,2026-10-08T01:22:01.420+00:00,21072-30059,dryers,20632044-a,416000000,2026-10-08 01:22:01,2026-10-08 01:16:35,10,326.0,274.0,5,Running,
1,71bedba7-5835-46d9-8e0c-3ad425cfb82d,2026-10-08T01:22:01.254+00:00,2026-10-08T01:22:01.420+00:00,21072-30059,dryers,20632094-a,716000000,2026-10-08 01:22:01,2026-10-07 07:58:50,0,62591.0,-62591.0,,Available,website maps this code to Available
1,71bedba7-5835-46d9-8e0c-3ad425cfb82d,2026-10-08T01:22:01.254+00:00,2026-10-08T01:22:01.420+00:00,21072-30059,dryers,20632123-a,716000000,2026-10-08 01:22:01,2026-10-08 00:04:40,0,4641.0,-4641.0,,Available,website maps this code to Available
1,71bedba7-5835-46d9-8e0c-3ad425cfb82d,2026-10-08T01:22:01.254+00:00,2026-10-08T01:22:01.420+00:00,21072-30059,dryers,20632098-a,616000040,2026-10-08 01:22:01,2026-10-08 00:50:42,0,1879.0,-1879.0,,Error,
1,5007496c-a03f-4cf3-ad79-fd409378ebad,2026-10-08T01:23:01.263+00:00,2026-10-08T01:23:01.443+00:00,21072-30059,washers,20632118-b,716000000,2026-10-08 01:23:01,2026-10-07 20:53:09,0,16192.0,-16192.0,,Available,website maps this code to Available
1,5007496c-a03f-4cf3-ad79-fd409378ebad,2026-10-08T01:23:01.263+00:00,2026-10-08T01:23:01.443+00:00,21072-30059,washers,20632035-b,716000000,2026-10-08 01:23:01,2026-10-07 04:03:57,0,76744.0,-76744.0,,Available,website maps this code to Available
1,5007496c-a03f-4cf3-ad79-fd409378ebad,2026-10-08T01:23:01.263+00:00,2026-10-08T01:23:01.443+00:00,21072-30059,washers,20632102-b,516000000,2026-10-08 01:23:01,2026-10-08 01:20:23,0,158.0,-158.0,,Finished,
1,5007496c-a03f-4cf3-ad79-fd409378ebad,2026-10-08T01:23:01.263+00:00,2026-10-08T01:23:01.443+00:00,21072-30059,washers,20632060-b,716000000,2026-10-08 01:23:01,2026-10-07 23:19:28,0,7413.0,-7413.0,,Available,website maps this code to Available
1,5007496c-a03f-4cf3-ad79-fd409378ebad,2026-10-08T01:23:01.263+00:00,2026-10-08T01:23:01.443+00:00,21072-30059,washers,20632117-b,716000000,2026-10-08 01:23:01,2026-10-07 23:18:55,0,7446.0,-7446.0,,Available,website maps this code to Available
1,5007496c-a03f-4cf3-ad79-fd409378ebad,2026-10-08T01:23:01.263+00:00,2026-10-08T01:23:01.443+00:00,21072-30059,washers,20632037-b,716000000,2026-10-08 01:23:01,2026-10-07 20:32:19,0,17442.0,-17442.0,,Available,website maps this code to Available
1,5007496c-a03f-4cf3-ad79-fd409378ebad,2026-10-08T01:23:01.263+00:00,2026-10-08T01:23:01.443+00:00,21072-30059,washers,20632092-b,716000000,2026-10-08 01:23:01,2026-10-07 20:33:56,0,17345.0,-17345.0,,Available,website maps this code to Available
1,5007496c-a03f-4cf3-ad79-fd409378ebad,2026-10-08T01:23:01.263+00:00,2026-10-08T01:23:01.443+00:00,21072-30059,washers,20632128-b,716000000,2026-10-08 01:23:01,2026-10-07 20:35:15,0,17266.0,-17266.0,,Available,website maps this code to Available
1,5007496c-a03f-4cf3-ad79-fd409378ebad,2026-10-08T01:23:01.263+00:00,2026-10-08T01:23:01.443+00:00,21072-30059,washers,20632044-b,716000000,2026-10-08 01:23:01,2026-10-07 06:53:39,0,66562.0,-66562.0,,Available,website maps this code to Available
1,5007496c-a03f-4cf3-ad79-fd409378ebad,2026-10-08T01:23:01.263+00:00,2026-10-08T01:23:01.443+00:00,21072-30059,washers,20632094-b,716000000,2026-10-08 01:23:01,2026-10-07 06:07:39,0,69322.0,-69322.0,,Available,website maps this code to Available
1,5007496c-a03f-4cf3-ad79-fd409378ebad,2026-10-08T01:23:01.263+00:00,2026-10-08T01:23:01.443+00:00,21072-30059,washers,20632123-b,516000000,2026-10-08 01:23:01,2026-10-08 00:04:42,0,4699.0,-4699.0,,Available,website fallback: report over 1 hour old
1,5007496c-a03f-4cf3-ad79-fd409378ebad,2026-10-08T01:23:01.263+00:00,2026-10-08T01:23:01.443+00:00,21072-30059,washers,20632098-b,616000040,2026-10-08 01:23:01,2026-10-08 00:50:44,0,1937.0,-1937.0,,Error,
1,5007496c-a03f-4cf3-ad79-fd409378ebad,2026-10-08T01:23:01.263+00:00,2026-10-08T01:23:01.443+00:00,21072-30059,dryers,20632096-a,716000000,2026-10-08 01:23:01,2026-10-08 00:51:10,0,1911.0,-1911.0,,Available,website maps this code to Available
1,5007496c-a03f-4cf3-ad79-fd409378ebad,2026-10-08T01:23:01.263+00:00,2026-10-08T01:23:01.443+00:00,21072-30059,dryers,20632096-b,716000000,2026-10-08 01:23:01,2026-10-08 00:51:12,0,1909.0,-1909.0,,Available,website maps this code to Available
1,5007496c-a03f-4cf3-ad79-fd409378ebad,2026-10-08T01:23:01.263+00:00,2026-10-08T01:23:01.443+00:00,21072-30059,dryers,20632118-a,716000000,2026-10-08 01:23:01,2026-10-07 18:39:43,0,24198.0,-24198.0,,Available,website maps this code to Available
1,5007496c-a03f-4cf3-ad79-fd409378ebad,2026-10-08T01:23:01.263+00:00,2026-10-08T01:23:01.443+00:00,21072-30059,dryers,20632035-a,716000000,2026-10-08 01:23:01,2026-10-07 02:49:50,0,81191.0,-81191.0,,Available,website maps this code to Available
1,5007496c-a03f-4cf3-ad79-fd409378ebad,2026-10-08T01:23:01.263+00:00,2026-10-08T01:23:01.443+00:00,21072-30059,dryers,20632102-a,716000000,2026-10-08 01:23:01,2026-10-08 01:20:22,0,159.0,-159.0,,Available,website maps this code to Available
1,5007496c-a03f-4cf3-ad79-fd409378ebad,2026-10-08T01:23:01.263+00:00,2026-10-08T01:23:01.443+00:00,21072-30059,dryers,20632060-a,716000000,2026-10-08 01:23:01,2026-10-07 03:04:43,0,80298.0,-80298.0,,Available,website maps this code to Available
1,5007496c-a03f-4cf3-ad79-fd409378ebad,2026-10-08T01:23:01.263+00:00,2026-10-08T01:23:01.443+00:00,21072-30059,dryers,20632117-a,716000000,2026-10-08 01:23:01,2026-10-08 01:18:25,0,276.0,-276.0,,Available,website maps this code to Available
1,5007496c-a03f-4cf3-ad79-fd409378ebad,2026-10-08T01:23:01.263+00:00,2026-10-08T01:23:01.443+00:00,21072-30059,dryers,20632037-a,716000000,2026-10-08 01:23:01,2026-10-08 01:18:06,0,295.0,-295.0,,Available,website maps this code to Available
1,5007496c-a03f-4cf3-ad79-fd409378ebad,2026-10-08T01:23:01.263+00:00,2026-10-08T01:23:01.443+00:00,21072-30059,dryers,20632092-a,716000000,2026-10-08 01:23:01,2026-10-07 22:05:27,0,11854.0,-11854.0,,Available,website maps this code to Available
1,5007496c-a03f-4cf3-ad79-fd409378ebad,2026-10-08T01:23:01.263+00:00,2026-10-08T01:23:01.443+00:00,21072-30059,dryers,20632128-a,716000000,2026-10-08 01:23:01,2026-10-07 22:06:02,0,11819.0,-11819.0,,Available,website maps this code to Available
1,5007496c-a03f-4cf3-ad79-fd409378ebad,2026-10-08T01:23:01.263+00:00,2026-10-08T01:23:01.443+00:00,21072-30059,dryers,20632044-a,416000000,2026-10-08 01:23:01,2026-10-08 01:16:35,10,386.0,214.0,4,Running,
1,5007496c-a03f-4cf3-ad79-fd409378ebad,2026-10-08T01:23:01.263+00:00,2026-10-08T01:23:01.443+00:00,21072-30059,dryers,20632094-a,716000000,2026-10-08 01:23:01,2026-10-07 07:58:50,0,62651.0,-62651.0,,Available,website maps this code to Available
1,5007496c-a03f-4cf3-ad79-fd409378ebad,2026-10-08T01:23:01.263+00:00,2026-10-08T01:23:01.443+00:00,21072-30059,dryers,20632123-a,716000000,2026-10-08 01:23:01,2026-10-08 00:04:40,0,4701.0,-4701.0,,Available,website maps this code to Available
1,5007496c-a03f-4cf3-ad79-fd409378ebad,2026-10-08T01:23:01.263+00:00,2026-10-08T01:23:01.443+00:00,21072-30059,dryers,20632098-a,616000040,2026-10-08 01:23:01,2026-10-08 00:50:42,0,1939.0,-1939.0,,Error,
1,6093b23e-9a6a-490c-beee-1e3161329cdb,2026-10-08T01:24:01.267+00:00,2026-10-08T01:24:01.446+00:00,21072-30059,washers,20632118-b,716000000,2026-10-08 01:24:01,2026-10-07 20:53:09,0,16252.0,-16252.0,,Available,website maps this code to Available
1,6093b23e-9a6a-490c-beee-1e3161329cdb,2026-10-08T01:24:01.267+00:00,2026-10-08T01:24:01.446+00:00,21072-30059,washers,20632035-b,716000000,2026-10-08 01:24:01,2026-10-07 04:03:57,0,76804.0,-76804.0,,Available,website maps this code to Available
1,6093b23e-9a6a-490c-beee-1e3161329cdb,2026-10-08T01:24:01.267+00:00,2026-10-08T01:24:01.446+00:00,21072-30059,washers,20632102-b,516000000,2026-10-08 01:24:01,2026-10-08 01:20:23,0,218.0,-218.0,,Finished,
1,6093b23e-9a6a-490c-beee-1e3161329cdb,2026-10-08T01:24:01.267+00:00,2026-10-08T01:24:01.446+00:00,21072-30059,washers,20632060-b,716000000,2026-10-08 01:24:01,2026-10-07 23:19:28,0,7473.0,-7473.0,,Available,website maps this code to Available
1,6093b23e-9a6a-490c-beee-1e3161329cdb,2026-10-08T01:24:01.267+00:00,2026-10-08T01:24:01.446+00:00,21072-30059,washers,20632117-b,716000000,2026-10-08 01:24:01,2026-10-07 23:18:55,0,7506.0,-7506.0,,Available,website maps this code to Available
1,6093b23e-9a6a-490c-beee-1e3161329cdb,2026-10-08T01:24:01.267+00:00,2026-10-08T01:24:01.446+00:00,21072-30059,washers,20632037-b,716000000,2026-10-08 01:24:01,2026-10-07 20:32:19,0,17502.0,-17502.0,,Available,website maps this code to Available
1,6093b23e-9a6a-490c-beee-1e3161329cdb,2026-10-08T01:24:01.267+00:00,2026-10-08T01:24:01.446+00:00,21072-30059,washers,20632092-b,716000000,2026-10-08 01:24:01,2026-10-07 20:33:56,0,17405.0,-17405.0,,Available,website maps this code to Available
1,6093b23e-9a6a-490c-beee-1e3161329cdb,2026-10-08T01:24:01.267+00:00,2026-10-08T01:24:01.446+00:00,21072-30059,washers,20632128-b,716000000,2026-10-08 01:24:01,2026-10-07 20:35:15,0,17326.0,-17326.0,,Available,website maps this code to Available
1,6093b23e-9a6a-490c-beee-1e3161329cdb,2026-10-08T01:24:01.267+00:00,2026-10-08T01:24:01.446+00:00,21072-30059,washers,20632044-b,716000000,2026-10-08 01:24:01,2026-10-07 06:53:39,0,66622.0,-66622.0,,Available,website maps this code to Available
1,6093b23e-9a6a-490c-beee-1e3161329cdb,2026-10-08T01:24:01.267+00:00,2026-10-08T01:24:01.446+00:00,21072-30059,washers,20632094-b,716000000,2026-10-08 01:24:01,2026-10-07 06:07:39,0,69382.0,-69382.0,,Available,website maps this code to Available
1,6093b23e-9a6a-490c-beee-1e3161329cdb,2026-10-08T01:24:01.267+00:00,2026-10-08T01:24:01.446+00:00,21072-30059,washers,20632123-b,516000000,2026-10-08 01:24:01,2026-10-08 00:04:42,0,4759.0,-4759.0,,Available,website fallback: report over 1 hour old
1,6093b23e-9a6a-490c-beee-1e3161329cdb,2026-10-08T01:24:01.267+00:00,2026-10-08T01:24:01.446+00:00,21072-30059,washers,20632098-b,616000040,2026-10-08 01:24:01,2026-10-08 00:50:44,0,1997.0,-1997.0,,Error,
1,6093b23e-9a6a-490c-beee-1e3161329cdb,2026-10-08T01:24:01.267+00:00,2026-10-08T01:24:01.446+00:00,21072-30059,dryers,20632096-a,716000000,2026-10-08 01:24:01,2026-10-08 00:51:10,0,1971.0,-1971.0,,Available,website maps this code to Available
1,6093b23e-9a6a-490c-beee-1e3161329cdb,2026-10-08T01:24:01.267+00:00,2026-10-08T01:24:01.446+00:00,21072-30059,dryers,20632096-b,716000000,2026-10-08 01:24:01,2026-10-08 00:51:12,0,1969.0,-1969.0,,Available,website maps this code to Available
1,6093b23e-9a6a-490c-beee-1e3161329cdb,2026-10-08T01:24:01.267+00:00,2026-10-08T01:24:01.446+00:00,21072-30059,dryers,20632118-a,716000000,2026-10-08 01:24:01,2026-10-07 18:39:43,0,24258.0,-24258.0,,Available,website maps this code to Available
1,6093b23e-9a6a-490c-beee-1e3161329cdb,2026-10-08T01:24:01.267+00:00,2026-10-08T01:24:01.446+00:00,21072-30059,dryers,20632035-a,716000000,2026-10-08 01:24:01,2026-10-07 02:49:50,0,81251.0,-81251.0,,Available,website maps this code to Available
1,6093b23e-9a6a-490c-beee-1e3161329cdb,2026-10-08T01:24:01.267+00:00,2026-10-08T01:24:01.446+00:00,21072-30059,dryers,20632102-a,716000000,2026-10-08 01:24:01,2026-10-08 01:20:22,0,219.0,-219.0,,Available,website maps this code to Available
1,6093b23e-9a6a-490c-beee-1e3161329cdb,2026-10-08T01:24:01.267+00:00,2026-10-08T01:24:01.446+00:00,21072-30059,dryers,20632060-a,716000000,2026-10-08 01:24:01,2026-10-07 03:04:43,0,80358.0,-80358.0,,Available,website maps this code to Available
1,6093b23e-9a6a-490c-beee-1e3161329cdb,2026-10-08T01:24:01.267+00:00,2026-10-08T01:24:01.446+00:00,21072-30059,dryers,20632117-a,716000000,2026-10-08 01:24:01,2026-10-08 01:18:25,0,336.0,-336.0,,Available,website maps this code to Available
1,6093b23e-9a6a-490c-beee-1e3161329cdb,2026-10-08T01:24:01.267+00:00,2026-10-08T01:24:01.446+00:00,21072-30059,dryers,20632037-a,716000000,2026-10-08 01:24:01,2026-10-08 01:18:06,0,355.0,-355.0,,Available,website maps this code to Available
1,6093b23e-9a6a-490c-beee-1e3161329cdb,2026-10-08T01:24:01.267+00:00,2026-10-08T01:24:01.446+00:00,21072-30059,dryers,20632092-a,716000000,2026-10-08 01:24:01,2026-10-07 22:05:27,0,11914.0,-11914.0,,Available,website maps this code to Available
1,6093b23e-9a6a-490c-beee-1e3161329cdb,2026-10-08T01:24:01.267+00:00,2026-10-08T01:24:01.446+00:00,21072-30059,dryers,20632128-a,716000000,2026-10-08 01:24:01,2026-10-07 22:06:02,0,11879.0,-11879.0,,Available,website maps this code to Available
1,6093b23e-9a6a-490c-beee-1e3161329cdb,2026-10-08T01:24:01.267+00:00,2026-10-08T01:24:01.446+00:00,21072-30059,dryers,20632044-a,416000000,2026-10-08 01:24:01,2026-10-08 01:16:35,10,446.0,154.0,3,Running,
1,6093b23e-9a6a-490c-beee-1e3161329cdb,2026-10-08T01:24:01.267+00:00,2026-10-08T01:24:01.446+00:00,21072-30059,dryers,20632094-a,716000000,2026-10-08 01:24:01,2026-10-07 07:58:50,0,62711.0,-62711.0,,Available,website maps this code to Available
1,6093b23e-9a6a-490c-beee-1e3161329cdb,2026-10-08T01:24:01.267+00:00,2026-10-08T01:24:01.446+00:00,21072-30059,dryers,20632123-a,716000000,2026-10-08 01:24:01,2026-10-08 00:04:40,0,4761.0,-4761.0,,Available,website maps this code to Available
1,6093b23e-9a6a-490c-beee-1e3161329cdb,2026-10-08T01:24:01.267+00:00,2026-10-08T01:24:01.446+00:00,21072-30059,dryers,20632098-a,616000040,2026-10-08 01:24:01,2026-10-08 00:50:42,0,1999.0,-1999.0,,Error,
1,cf4907bd-1f98-47fa-b2a4-c277b1703355,2026-10-08T01:25:01.256+00:00,2026-10-08T01:25:01.434+00:00,21072-30059,washers,20632118-b,716000000,2026-10-08 01:25:01,2026-10-07 20:53:09,0,16312.0,-16312.0,,Available,website maps this code to Available
1,cf4907bd-1f98-47fa-b2a4-c277b1703355,2026-10-08T01:25:01.256+00:00,2026-10-08T01:25:01.434+00:00,21072-30059,washers,20632035-b,716000000,2026-10-08 01:25:01,2026-10-07 04:03:57,0,76864.0,-76864.0,,Available,website maps this code to Available
1,cf4907bd-1f98-47fa-b2a4-c277b1703355,2026-10-08T01:25:01.256+00:00,2026-10-08T01:25:01.434+00:00,21072-30059,washers,20632102-b,516000000,2026-10-08 01:25:01,2026-10-08 01:20:23,0,278.0,-278.0,,Finished,
1,cf4907bd-1f98-47fa-b2a4-c277b1703355,2026-10-08T01:25:01.256+00:00,2026-10-08T01:25:01.434+00:00,21072-30059,washers,20632060-b,716000000,2026-10-08 01:25:01,2026-10-07 23:19:28,0,7533.0,-7533.0,,Available,website maps this code to Available
1,cf4907bd-1f98-47fa-b2a4-c277b1703355,2026-10-08T01:25:01.256+00:00,2026-10-08T01:25:01.434+00:00,21072-30059,washers,20632117-b,716000000,2026-10-08 01:25:01,2026-10-07 23:18:55,0,7566.0,-7566.0,,Available,website maps this code to Available
1,cf4907bd-1f98-47fa-b2a4-c277b1703355,2026-10-08T01:25:01.256+00:00,2026-10-08T01:25:01.434+00:00,21072-30059,washers,20632037-b,716000000,2026-10-08 01:25:01,2026-10-07 20:32:19,0,17562.0,-17562.0,,Available,website maps this code to Available
1,cf4907bd-1f98-47fa-b2a4-c277b1703355,2026-10-08T01:25:01.256+00:00,2026-10-08T01:25:01.434+00:00,21072-30059,washers,20632092-b,716000000,2026-10-08 01:25:01,2026-10-07 20:33:56,0,17465.0,-17465.0,,Available,website maps this code to Available
1,cf4907bd-1f98-47fa-b2a4-c277b1703355,2026-10-08T01:25:01.256+00:00,2026-10-08T01:25:01.434+00:00,21072-30059,washers,20632128-b,716000000,2026-10-08 01:25:01,2026-10-07 20:35:15,0,17386.0,-17386.0,,Available,website maps this code to Available
1,cf4907bd-1f98-47fa-b2a4-c277b1703355,2026-10-08T01:25:01.256+00:00,2026-10-08T01:25:01.434+00:00,21072-30059,washers,20632044-b,716000000,2026-10-08 01:25:01,2026-10-07 06:53:39,0,66682.0,-66682.0,,Available,website maps this code to Available
1,cf4907bd-1f98-47fa-b2a4-c277b1703355,2026-10-08T01:25:01.256+00:00,2026-10-08T01:25:01.434+00:00,21072-30059,washers,20632094-b,716000000,2026-10-08 01:25:01,2026-10-07 06:07:39,0,69442.0,-69442.0,,Available,website maps this code to Available
1,cf4907bd-1f98-47fa-b2a4-c277b1703355,2026-10-08T01:25:01.256+00:00,2026-10-08T01:25:01.434+00:00,21072-30059,washers,20632123-b,516000000,2026-10-08 01:25:01,2026-10-08 00:04:42,0,4819.0,-4819.0,,Available,website fallback: report over 1 hour old
1,cf4907bd-1f98-47fa-b2a4-c277b1703355,2026-10-08T01:25:01.256+00:00,2026-10-08T01:25:01.434+00:00,21072-30059,washers,20632098-b,616000040,2026-10-08 01:25:01,2026-10-08 00:50:44,0,2057.0,-2057.0,,Error,
1,cf4907bd-1f98-47fa-b2a4-c277b1703355,2026-10-08T01:25:01.256+00:00,2026-10-08T01:25:01.434+00:00,21072-30059,dryers,20632096-a,716000000,2026-10-08 01:25:01,2026-10-08 00:51:10,0,2031.0,-2031.0,,Available,website maps this code to Available
1,cf4907bd-1f98-47fa-b2a4-c277b1703355,2026-10-08T01:25:01.256+00:00,2026-10-08T01:25:01.434+00:00,21072-30059,dryers,20632096-b,716000000,2026-10-08 01:25:01,2026-10-08 00:51:12,0,2029.0,-2029.0,,Available,website maps this code to Available
1,cf4907bd-1f98-47fa-b2a4-c277b1703355,2026-10-08T01:25:01.256+00:00,2026-10-08T01:25:01.434+00:00,21072-30059,dryers,20632118-a,716000000,2026-10-08 01:25:01,2026-10-07 18:39:43,0,24318.0,-24318.0,,Available,website maps this code to Available
1,cf4907bd-1f98-47fa-b2a4-c277b1703355,2026-10-08T01:25:01.256+00:00,2026-10-08T01:25:01.434+00:00,21072-30059,dryers,20632035-a,716000000,2026-10-08 01:25:01,2026-10-07 02:49:50,0,81311.0,-81311.0,,Available,website maps this code to Available
1,cf4907bd-1f98-47fa-b2a4-c277b1703355,2026-10-08T01:25:01.256+00:00,2026-10-08T01:25:01.434+00:00,21072-30059,dryers,20632102-a,716000000,2026-10-08 01:25:01,2026-10-08 01:20:22,0,279.0,-279.0,,Available,website maps this code to Available
1,cf4907bd-1f98-47fa-b2a4-c277b1703355,2026-10-08T01:25:01.256+00:00,2026-10-08T01:25:01.434+00:00,21072-30059,dryers,20632060-a,716000000,2026-10-08 01:25:01,2026-10-07 03:04:43,0,80418.0,-80418.0,,Available,website maps this code to Available
1,cf4907bd-1f98-47fa-b2a4-c277b1703355,2026-10-08T01:25:01.256+00:00,2026-10-08T01:25:01.434+00:00,21072-30059,dryers,20632117-a,716000000,2026-10-08 01:25:01,2026-10-08 01:18:25,0,396.0,-396.0,,Available,website maps this code to Available
1,cf4907bd-1f98-47fa-b2a4-c277b1703355,2026-10-08T01:25:01.256+00:00,2026-10-08T01:25:01.434+00:00,21072-30059,dryers,20632037-a,716000000,2026-10-08 01:25:01,2026-10-08 01:18:06,0,415.0,-415.0,,Available,website maps this code to Available
1,cf4907bd-1f98-47fa-b2a4-c277b1703355,2026-10-08T01:25:01.256+00:00,2026-10-08T01:25:01.434+00:00,21072-30059,dryers,20632092-a,716000000,2026-10-08 01:25:01,2026-10-07 22:05:27,0,11974.0,-11974.0,,Available,website maps this code to Available
1,cf4907bd-1f98-47fa-b2a4-c277b1703355,2026-10-08T01:25:01.256+00:00,2026-10-08T01:25:01.434+00:00,21072-30059,dryers,20632128-a,716000000,2026-10-08 01:25:01,2026-10-07 22:06:02,0,11939.0,-11939.0,,Available,website maps this code to Available
1,cf4907bd-1f98-47fa-b2a4-c277b1703355,2026-10-08T01:25:01.256+00:00,2026-10-08T01:25:01.434+00:00,21072-30059,dryers,20632044-a,416000000,2026-10-08 01:25:01,2026-10-08 01:16:35,10,506.0,94.0,2,Running,
1,cf4907bd-1f98-47fa-b2a4-c277b1703355,2026-10-08T01:25:01.256+00:00,2026-10-08T01:25:01.434+00:00,21072-30059,dryers,20632094-a,716000000,2026-10-08 01:25:01,2026-10-07 07:58:50,0,62771.0,-62771.0,,Available,website maps this code to Available
1,cf4907bd-1f98-47fa-b2a4-c277b1703355,2026-10-08T01:25:01.256+00:00,2026-10-08T01:25:01.434+00:00,21072-30059,dryers,20632123-a,716000000,2026-10-08 01:25:01,2026-10-08 00:04:40,0,4821.0,-4821.0,,Available,website maps this code to Available
1,cf4907bd-1f98-47fa-b2a4-c277b1703355,2026-10-08T01:25:01.256+00:00,2026-10-08T01:25:01.434+00:00,21072-30059,dryers,20632098-a,616000040,2026-10-08 01:25:01,2026-10-08 00:50:42,0,2059.0,-2059.0,,Error,
1,c2f9fdd3-955b-4c15-ba67-2a993c4018e9,2026-10-08T01:26:01.262+00:00,2026-10-08T01:26:01.454+00:00,21072-30059,washers,20632118-b,716000000,2026-10-08 01:26:01,2026-10-07 20:53:09,0,16372.0,-16372.0,,Available,website maps this code to Available
1,c2f9fdd3-955b-4c15-ba67-2a993c4018e9,2026-10-08T01:26:01.262+00:00,2026-10-08T01:26:01.454+00:00,21072-30059,washers,20632035-b,716000000,2026-10-08 01:26:01,2026-10-07 04:03:57,0,76924.0,-76924.0,,Available,website maps this code to Available
1,c2f9fdd3-955b-4c15-ba67-2a993c4018e9,2026-10-08T01:26:01.262+00:00,2026-10-08T01:26:01.454+00:00,21072-30059,washers,20632102-b,516000000,2026-10-08 01:26:01,2026-10-08 01:20:23,0,338.0,-338.0,,Finished,
1,c2f9fdd3-955b-4c15-ba67-2a993c4018e9,2026-10-08T01:26:01.262+00:00,2026-10-08T01:26:01.454+00:00,21072-30059,washers,20632060-b,716000000,2026-10-08 01:26:01,2026-10-07 23:19:28,0,7593.0,-7593.0,,Available,website maps this code to Available
1,c2f9fdd3-955b-4c15-ba67-2a993c4018e9,2026-10-08T01:26:01.262+00:00,2026-10-08T01:26:01.454+00:00,21072-30059,washers,20632117-b,716000000,2026-10-08 01:26:01,2026-10-07 23:18:55,0,7626.0,-7626.0,,Available,website maps this code to Available
1,c2f9fdd3-955b-4c15-ba67-2a993c4018e9,2026-10-08T01:26:01.262+00:00,2026-10-08T01:26:01.454+00:00,21072-30059,washers,20632037-b,716000000,2026-10-08 01:26:01,2026-10-07 20:32:19,0,17622.0,-17622.0,,Available,website maps this code to Available
1,c2f9fdd3-955b-4c15-ba67-2a993c4018e9,2026-10-08T01:26:01.262+00:00,2026-10-08T01:26:01.454+00:00,21072-30059,washers,20632092-b,716000000,2026-10-08 01:26:01,2026-10-07 20:33:56,0,17525.0,-17525.0,,Available,website maps this code to Available
1,c2f9fdd3-955b-4c15-ba67-2a993c4018e9,2026-10-08T01:26:01.262+00:00,2026-10-08T01:26:01.454+00:00,21072-30059,washers,20632128-b,716000000,2026-10-08 01:26:01,2026-10-07 20:35:15,0,17446.0,-17446.0,,Available,website maps this code to Available
1,c2f9fdd3-955b-4c15-ba67-2a993c4018e9,2026-10-08T01:26:01.262+00:00,2026-10-08T01:26:01.454+00:00,21072-30059,washers,20632044-b,716000000,2026-10-08 01:26:01,2026-10-07 06:53:39,0,66742.0,-66742.0,,Available,website maps this code to Available
1,c2f9fdd3-955b-4c15-ba67-2a993c4018e9,2026-10-08T01:26:01.262+00:00,2026-10-08T01:26:01.454+00:00,21072-30059,washers,20632094-b,716000000,2026-10-08 01:26:01,2026-10-07 06:07:39,0,69502.0,-69502.0,,Available,website maps this code to Available
1,c2f9fdd3-955b-4c15-ba67-2a993c4018e9,2026-10-08T01:26:01.262+00:00,2026-10-08T01:26:01.454+00:00,21072-30059,washers,20632123-b,516000000,2026-10-08 01:26:01,2026-10-08 00:04:42,0,4879.0,-4879.0,,Available,website fallback: report over 1 hour old
1,c2f9fdd3-955b-4c15-ba67-2a993c4018e9,2026-10-08T01:26:01.262+00:00,2026-10-08T01:26:01.454+00:00,21072-30059,washers,20632098-b,616000040,2026-10-08 01:26:01,2026-10-08 00:50:44,0,2117.0,-2117.0,,Error,
1,c2f9fdd3-955b-4c15-ba67-2a993c4018e9,2026-10-08T01:26:01.262+00:00,2026-10-08T01:26:01.454+00:00,21072-30059,dryers,20632096-a,716000000,2026-10-08 01:26:01,2026-10-08 00:51:10,0,2091.0,-2091.0,,Available,website maps this code to Available
1,c2f9fdd3-955b-4c15-ba67-2a993c4018e9,2026-10-08T01:26:01.262+00:00,2026-10-08T01:26:01.454+00:00,21072-30059,dryers,20632096-b,716000000,2026-10-08 01:26:01,2026-10-08 00:51:12,0,2089.0,-2089.0,,Available,website maps this code to Available
1,c2f9fdd3-955b-4c15-ba67-2a993c4018e9,2026-10-08T01:26:01.262+00:00,2026-10-08T01:26:01.454+00:00,21072-30059,dryers,20632118-a,716000000,2026-10-08 01:26:01,2026-10-07 18:39:43,0,24378.0,-24378.0,,Available,website maps this code to Available
1,c2f9fdd3-955b-4c15-ba67-2a993c4018e9,2026-10-08T01:26:01.262+00:00,2026-10-08T01:26:01.454+00:00,21072-30059,dryers,20632035-a,716000000,2026-10-08 01:26:01,2026-10-07 02:49:50,0,81371.0,-81371.0,,Available,website maps this code to Available
1,c2f9fdd3-955b-4c15-ba67-2a993c4018e9,2026-10-08T01:26:01.262+00:00,2026-10-08T01:26:01.454+00:00,21072-30059,dryers,20632102-a,716000000,2026-10-08 01:26:01,2026-10-08 01:20:22,0,339.0,-339.0,,Available,website maps this code to Available
1,c2f9fdd3-955b-4c15-ba67-2a993c4018e9,2026-10-08T01:26:01.262+00:00,2026-10-08T01:26:01.454+00:00,21072-30059,dryers,20632060-a,716000000,2026-10-08 01:26:01,2026-10-07 03:04:43,0,80478.0,-80478.0,,Available,website maps this code to Available
1,c2f9fdd3-955b-4c15-ba67-2a993c4018e9,2026-10-08T01:26:01.262+00:00,2026-10-08T01:26:01.454+00:00,21072-30059,dryers,20632117-a,716000000,2026-10-08 01:26:01,2026-10-08 01:18:25,0,456.0,-456.0,,Available,website maps this code to Available
1,c2f9fdd3-955b-4c15-ba67-2a993c4018e9,2026-10-08T01:26:01.262+00:00,2026-10-08T01:26:01.454+00:00,21072-30059,dryers,20632037-a,716000000,2026-10-08 01:26:01,2026-10-08 01:18:06,0,475.0,-475.0,,Available,website maps this code to Available
1,c2f9fdd3-955b-4c15-ba67-2a993c4018e9,2026-10-08T01:26:01.262+00:00,2026-10-08T01:26:01.454+00:00,21072-30059,dryers,20632092-a,716000000,2026-10-08 01:26:01,2026-10-07 22:05:27,0,12034.0,-12034.0,,Available,website maps this code to Available
1,c2f9fdd3-955b-4c15-ba67-2a993c4018e9,2026-10-08T01:26:01.262+00:00,2026-10-08T01:26:01.454+00:00,21072-30059,dryers,20632128-a,716000000,2026-10-08 01:26:01,2026-10-07 22:06:02,0,11999.0,-11999.0,,Available,website maps this code to Available
1,c2f9fdd3-955b-4c15-ba67-2a993c4018e9,2026-10-08T01:26:01.262+00:00,2026-10-08T01:26:01.454+00:00,21072-30059,dryers,20632044-a,416000000,2026-10-08 01:26:01,2026-10-08 01:16:35,10,566.0,34.0,1,Running,
1,c2f9fdd3-955b-4c15-ba67-2a993c4018e9,2026-10-08T01:26:01.262+00:00,2026-10-08T01:26:01.454+00:00,21072-30059,dryers,20632094-a,716000000,2026-10-08 01:26:01,2026-10-07 07:58:50,0,62831.0,-62831.0,,Available,website maps this code to Available
1,c2f9fdd3-955b-4c15-ba67-2a993c4018e9,2026-10-08T01:26:01.262+00:00,2026-10-08T01:26:01.454+00:00,21072-30059,dryers,20632123-a,716000000,2026-10-08 01:26:01,2026-10-08 00:04:40,0,4881.0,-4881.0,,Available,website maps this code to Available
1,c2f9fdd3-955b-4c15-ba67-2a993c4018e9,2026-10-08T01:26:01.262+00:00,2026-10-08T01:26:01.454+00:00,21072-30059,dryers,20632098-a,616000040,2026-10-08 01:26:01,2026-10-08 00:50:42,0,2119.0,-2119.0,,Error,
1,ab083d9c-1482-4720-8265-aa8a13ed5bb4,2026-10-08T01:27:01.242+00:00,2026-10-08T01:27:01.407+00:00,21072-30059,washers,20632118-b,716000000,2026-10-08 01:27:01,2026-10-07 20:53:09,0,16432.0,-16432.0,,Available,website maps this code to Available
1,ab083d9c-1482-4720-8265-aa8a13ed5bb4,2026-10-08T01:27:01.242+00:00,2026-10-08T01:27:01.407+00:00,21072-30059,washers,20632035-b,716000000,2026-10-08 01:27:01,2026-10-07 04:03:57,0,76984.0,-76984.0,,Available,website maps this code to Available
1,ab083d9c-1482-4720-8265-aa8a13ed5bb4,2026-10-08T01:27:01.242+00:00,2026-10-08T01:27:01.407+00:00,21072-30059,washers,20632102-b,516000000,2026-10-08 01:27:01,2026-10-08 01:20:23,0,398.0,-398.0,,Finished,
1,ab083d9c-1482-4720-8265-aa8a13ed5bb4,2026-10-08T01:27:01.242+00:00,2026-10-08T01:27:01.407+00:00,21072-30059,washers,20632060-b,716000000,2026-10-08 01:27:01,2026-10-07 23:19:28,0,7653.0,-7653.0,,Available,website maps this code to Available
1,ab083d9c-1482-4720-8265-aa8a13ed5bb4,2026-10-08T01:27:01.242+00:00,2026-10-08T01:27:01.407+00:00,21072-30059,washers,20632117-b,716000000,2026-10-08 01:27:01,2026-10-07 23:18:55,0,7686.0,-7686.0,,Available,website maps this code to Available
1,ab083d9c-1482-4720-8265-aa8a13ed5bb4,2026-10-08T01:27:01.242+00:00,2026-10-08T01:27:01.407+00:00,21072-30059,washers,20632037-b,716000000,2026-10-08 01:27:01,2026-10-07 20:32:19,0,17682.0,-17682.0,,Available,website maps this code to Available
1,ab083d9c-1482-4720-8265-aa8a13ed5bb4,2026-10-08T01:27:01.242+00:00,2026-10-08T01:27:01.407+00:00,21072-30059,washers,20632092-b,716000000,2026-10-08 01:27:01,2026-10-07 20:33:56,0,17585.0,-17585.0,,Available,website maps this code to Available
1,ab083d9c-1482-4720-8265-aa8a13ed5bb4,2026-10-08T01:27:01.242+00:00,2026-10-08T01:27:01.407+00:00,21072-30059,washers,20632128-b,716000000,2026-10-08 01:27:01,2026-10-07 20:35:15,0,17506.0,-17506.0,,Available,website maps this code to Available
1,ab083d9c-1482-4720-8265-aa8a13ed5bb4,2026-10-08T01:27:01.242+00:00,2026-10-08T01:27:01.407+00:00,21072-30059,washers,20632044-b,716000000,2026-10-08 01:27:01,2026-10-07 06:53:39,0,66802.0,-66802.0,,Available,website maps this code to Available
1,ab083d9c-1482-4720-8265-aa8a13ed5bb4,2026-10-08T01:27:01.242+00:00,2026-10-08T01:27:01.407+00:00,21072-30059,washers,20632094-b,716000000,2026-10-08 01:27:01,2026-10-07 06:07:39,0,69562.0,-69562.0,,Available,website maps this code to Available
1,ab083d9c-1482-4720-8265-aa8a13ed5bb4,2026-10-08T01:27:01.242+00:00,2026-10-08T01:27:01.407+00:00,21072-30059,washers,20632123-b,516000000,2026-10-08 01:27:01,2026-10-08 00:04:42,0,4939.0,-4939.0,,Available,website fallback: report over 1 hour old
1,ab083d9c-1482-4720-8265-aa8a13ed5bb4,2026-10-08T01:27:01.242+00:00,2026-10-08T01:27:01.407+00:00,21072-30059,washers,20632098-b,616000040,2026-10-08 01:27:01,2026-10-08 00:50:44,0,2177.0,-2177.0,,Error,
1,ab083d9c-1482-4720-8265-aa8a13ed5bb4,2026-10-08T01:27:01.242+00:00,2026-10-08T01:27:01.407+00:00,21072-30059,dryers,20632096-a,716000000,2026-10-08 01:27:01,2026-10-08 00:51:10,0,2151.0,-2151.0,,Available,website maps this code to Available
1,ab083d9c-1482-4720-8265-aa8a13ed5bb4,2026-10-08T01:27:01.242+00:00,2026-10-08T01:27:01.407+00:00,21072-30059,dryers,20632096-b,716000000,2026-10-08 01:27:01,2026-10-08 00:51:12,0,2149.0,-2149.0,,Available,website maps this code to Available
1,ab083d9c-1482-4720-8265-aa8a13ed5bb4,2026-10-08T01:27:01.242+00:00,2026-10-08T01:27:01.407+00:00,21072-30059,dryers,20632118-a,716000000,2026-10-08 01:27:01,2026-10-07 18:39:43,0,24438.0,-24438.0,,Available,website maps this code to Available
1,ab083d9c-1482-4720-8265-aa8a13ed5bb4,2026-10-08T01:27:01.242+00:00,2026-10-08T01:27:01.407+00:00,21072-30059,dryers,20632035-a,716000000,2026-10-08 01:27:01,2026-10-07 02:49:50,0,81431.0,-81431.0,,Available,website maps this code to Available
1,ab083d9c-1482-4720-8265-aa8a13ed5bb4,2026-10-08T01:27:01.242+00:00,2026-10-08T01:27:01.407+00:00,21072-30059,dryers,20632102-a,716000000,2026-10-08 01:27:01,2026-10-08 01:20:22,0,399.0,-399.0,,Available,website maps this code to Available
1,ab083d9c-1482-4720-8265-aa8a13ed5bb4,2026-10-08T01:27:01.242+00:00,2026-10-08T01:27:01.407+00:00,21072-30059,dryers,20632060-a,716000000,2026-10-08 01:27:01,2026-10-07 03:04:43,0,80538.0,-80538.0,,Available,website maps this code to Available
1,ab083d9c-1482-4720-8265-aa8a13ed5bb4,2026-10-08T01:27:01.242+00:00,2026-10-08T01:27:01.407+00:00,21072-30059,dryers,20632117-a,716000000,2026-10-08 01:27:01,2026-10-08 01:18:25,0,516.0,-516.0,,Available,website maps this code to Available
1,ab083d9c-1482-4720-8265-aa8a13ed5bb4,2026-10-08T01:27:01.242+00:00,2026-10-08T01:27:01.407+00:00,21072-30059,dryers,20632037-a,716000000,2026-10-08 01:27:01,2026-10-08 01:18:06,0,535.0,-535.0,,Available,website maps this code to Available
1,ab083d9c-1482-4720-8265-aa8a13ed5bb4,2026-10-08T01:27:01.242+00:00,2026-10-08T01:27:01.407+00:00,21072-30059,dryers,20632092-a,716000000,2026-10-08 01:27:01,2026-10-07 22:05:27,0,12094.0,-12094.0,,Available,website maps this code to Available
1,ab083d9c-1482-4720-8265-aa8a13ed5bb4,2026-10-08T01:27:01.242+00:00,2026-10-08T01:27:01.407+00:00,21072-30059,dryers,20632128-a,716000000,2026-10-08 01:27:01,2026-10-07 22:06:02,0,12059.0,-12059.0,,Available,website maps this code to Available
1,ab083d9c-1482-4720-8265-aa8a13ed5bb4,2026-10-08T01:27:01.242+00:00,2026-10-08T01:27:01.407+00:00,21072-30059,dryers,20632044-a,416000000,2026-10-08 01:27:01,2026-10-08 01:26:49,10,12.0,588.0,10,Running,
1,ab083d9c-1482-4720-8265-aa8a13ed5bb4,2026-10-08T01:27:01.242+00:00,2026-10-08T01:27:01.407+00:00,21072-30059,dryers,20632094-a,716000000,2026-10-08 01:27:01,2026-10-07 07:58:50,0,62891.0,-62891.0,,Available,website maps this code to Available
1,ab083d9c-1482-4720-8265-aa8a13ed5bb4,2026-10-08T01:27:01.242+00:00,2026-10-08T01:27:01.407+00:00,21072-30059,dryers,20632123-a,716000000,2026-10-08 01:27:01,2026-10-08 00:04:40,0,4941.0,-4941.0,,Available,website maps this code to Available
1,ab083d9c-1482-4720-8265-aa8a13ed5bb4,2026-10-08T01:27:01.242+00:00,2026-10-08T01:27:01.407+00:00,21072-30059,dryers,20632098-a,616000040,2026-10-08 01:27:01,2026-10-08 00:50:42,0,2179.0,-2179.0,,Error,
1,a311a05a-4cb2-4b0b-a09a-b06f1b035c0a,2026-10-08T01:28:01.292+00:00,2026-10-08T01:28:01.484+00:00,21072-30059,washers,20632118-b,716000000,2026-10-08 01:28:01,2026-10-07 20:53:09,0,16492.0,-16492.0,,Available,website maps this code to Available
1,a311a05a-4cb2-4b0b-a09a-b06f1b035c0a,2026-10-08T01:28:01.292+00:00,2026-10-08T01:28:01.484+00:00,21072-30059,washers,20632035-b,716000000,2026-10-08 01:28:01,2026-10-07 04:03:57,0,77044.0,-77044.0,,Available,website maps this code to Available
1,a311a05a-4cb2-4b0b-a09a-b06f1b035c0a,2026-10-08T01:28:01.292+00:00,2026-10-08T01:28:01.484+00:00,21072-30059,washers,20632102-b,516000000,2026-10-08 01:28:01,2026-10-08 01:20:23,0,458.0,-458.0,,Finished,
1,a311a05a-4cb2-4b0b-a09a-b06f1b035c0a,2026-10-08T01:28:01.292+00:00,2026-10-08T01:28:01.484+00:00,21072-30059,washers,20632060-b,716000000,2026-10-08 01:28:01,2026-10-07 23:19:28,0,7713.0,-7713.0,,Available,website maps this code to Available
1,a311a05a-4cb2-4b0b-a09a-b06f1b035c0a,2026-10-08T01:28:01.292+00:00,2026-10-08T01:28:01.484+00:00,21072-30059,washers,20632117-b,716000000,2026-10-08 01:28:01,2026-10-07 23:18:55,0,7746.0,-7746.0,,Available,website maps this code to Available
1,a311a05a-4cb2-4b0b-a09a-b06f1b035c0a,2026-10-08T01:28:01.292+00:00,2026-10-08T01:28:01.484+00:00,21072-30059,washers,20632037-b,716000000,2026-10-08 01:28:01,2026-10-07 20:32:19,0,17742.0,-17742.0,,Available,website maps this code to Available
1,a311a05a-4cb2-4b0b-a09a-b06f1b035c0a,2026-10-08T01:28:01.292+00:00,2026-10-08T01:28:01.484+00:00,21072-30059,washers,20632092-b,716000000,2026-10-08 01:28:01,2026-10-07 20:33:56,0,17645.0,-17645.0,,Available,website maps this code to Available
1,a311a05a-4cb2-4b0b-a09a-b06f1b035c0a,2026-10-08T01:28:01.292+00:00,2026-10-08T01:28:01.484+00:00,21072-30059,washers,20632128-b,716000000,2026-10-08 01:28:01,2026-10-07 20:35:15,0,17566.0,-17566.0,,Available,website maps this code to Available
1,a311a05a-4cb2-4b0b-a09a-b06f1b035c0a,2026-10-08T01:28:01.292+00:00,2026-10-08T01:28:01.484+00:00,21072-30059,washers,20632044-b,716000000,2026-10-08 01:28:01,2026-10-07 06:53:39,0,66862.0,-66862.0,,Available,website maps this code to Available
1,a311a05a-4cb2-4b0b-a09a-b06f1b035c0a,2026-10-08T01:28:01.292+00:00,2026-10-08T01:28:01.484+00:00,21072-30059,washers,20632094-b,716000000,2026-10-08 01:28:01,2026-10-07 06:07:39,0,69622.0,-69622.0,,Available,website maps this code to Available
1,a311a05a-4cb2-4b0b-a09a-b06f1b035c0a,2026-10-08T01:28:01.292+00:00,2026-10-08T01:28:01.484+00:00,21072-30059,washers,20632123-b,516000000,2026-10-08 01:28:01,2026-10-08 00:04:42,0,4999.0,-4999.0,,Available,website fallback: report over 1 hour old
1,a311a05a-4cb2-4b0b-a09a-b06f1b035c0a,2026-10-08T01:28:01.292+00:00,2026-10-08T01:28:01.484+00:00,21072-30059,washers,20632098-b,616000040,2026-10-08 01:28:01,2026-10-08 00:50:44,0,2237.0,-2237.0,,Error,
1,a311a05a-4cb2-4b0b-a09a-b06f1b035c0a,2026-10-08T01:28:01.292+00:00,2026-10-08T01:28:01.484+00:00,21072-30059,dryers,20632096-a,716000000,2026-10-08 01:28:01,2026-10-08 00:51:10,0,2211.0,-2211.0,,Available,website maps this code to Available
1,a311a05a-4cb2-4b0b-a09a-b06f1b035c0a,2026-10-08T01:28:01.292+00:00,2026-10-08T01:28:01.484+00:00,21072-30059,dryers,20632096-b,716000000,2026-10-08 01:28:01,2026-10-08 00:51:12,0,2209.0,-2209.0,,Available,website maps this code to Available
1,a311a05a-4cb2-4b0b-a09a-b06f1b035c0a,2026-10-08T01:28:01.292+00:00,2026-10-08T01:28:01.484+00:00,21072-30059,dryers,20632118-a,716000000,2026-10-08 01:28:01,2026-10-07 18:39:43,0,24498.0,-24498.0,,Available,website maps this code to Available
1,a311a05a-4cb2-4b0b-a09a-b06f1b035c0a,2026-10-08T01:28:01.292+00:00,2026-10-08T01:28:01.484+00:00,21072-30059,dryers,20632035-a,716000000,2026-10-08 01:28:01,2026-10-07 02:49:50,0,81491.0,-81491.0,,Available,website maps this code to Available
1,a311a05a-4cb2-4b0b-a09a-b06f1b035c0a,2026-10-08T01:28:01.292+00:00,2026-10-08T01:28:01.484+00:00,21072-30059,dryers,20632102-a,716000000,2026-10-08 01:28:01,2026-10-08 01:20:22,0,459.0,-459.0,,Available,website maps this code to Available
1,a311a05a-4cb2-4b0b-a09a-b06f1b035c0a,2026-10-08T01:28:01.292+00:00,2026-10-08T01:28:01.484+00:00,21072-30059,dryers,20632060-a,716000000,2026-10-08 01:28:01,2026-10-07 03:04:43,0,80598.0,-80598.0,,Available,website maps this code to Available
1,a311a05a-4cb2-4b0b-a09a-b06f1b035c0a,2026-10-08T01:28:01.292+00:00,2026-10-08T01:28:01.484+00:00,21072-30059,dryers,20632117-a,716000000,2026-10-08 01:28:01,2026-10-08 01:18:25,0,576.0,-576.0,,Available,website maps this code to Available
1,a311a05a-4cb2-4b0b-a09a-b06f1b035c0a,2026-10-08T01:28:01.292+00:00,2026-10-08T01:28:01.484+00:00,21072-30059,dryers,20632037-a,716000000,2026-10-08 01:28:01,2026-10-08 01:18:06,0,595.0,-595.0,,Available,website maps this code to Available
1,a311a05a-4cb2-4b0b-a09a-b06f1b035c0a,2026-10-08T01:28:01.292+00:00,2026-10-08T01:28:01.484+00:00,21072-30059,dryers,20632092-a,716000000,2026-10-08 01:28:01,2026-10-07 22:05:27,0,12154.0,-12154.0,,Available,website maps this code to Available
1,a311a05a-4cb2-4b0b-a09a-b06f1b035c0a,2026-10-08T01:28:01.292+00:00,2026-10-08T01:28:01.484+00:00,21072-30059,dryers,20632128-a,716000000,2026-10-08 01:28:01,2026-10-07 22:06:02,0,12119.0,-12119.0,,Available,website maps this code to Available
1,a311a05a-4cb2-4b0b-a09a-b06f1b035c0a,2026-10-08T01:28:01.292+00:00,2026-10-08T01:28:01.484+00:00,21072-30059,dryers,20632044-a,416000000,2026-10-08 01:28:01,2026-10-08 01:26:49,10,72.0,528.0,9,Running,
1,a311a05a-4cb2-4b0b-a09a-b06f1b035c0a,2026-10-08T01:28:01.292+00:00,2026-10-08T01:28:01.484+00:00,21072-30059,dryers,20632094-a,716000000,2026-10-08 01:28:01,2026-10-07 07:58:50,0,62951.0,-62951.0,,Available,website maps this code to Available
1,a311a05a-4cb2-4b0b-a09a-b06f1b035c0a,2026-10-08T01:28:01.292+00:00,2026-10-08T01:28:01.484+00:00,21072-30059,dryers,20632123-a,716000000,2026-10-08 01:28:01,2026-10-08 00:04:40,0,5001.0,-5001.0,,Available,website maps this code to Available
1,a311a05a-4cb2-4b0b-a09a-b06f1b035c0a,2026-10-08T01:28:01.292+00:00,2026-10-08T01:28:01.484+00:00,21072-30059,dryers,20632098-a,616000040,2026-10-08 01:28:01,2026-10-08 00:50:42,0,2239.0,-2239.0,,Error,
1,84adfc63-32a5-4433-9436-05a0c972e835,2026-10-08T01:29:01.371+00:00,2026-10-08T01:29:01.610+00:00,21072-30059,washers,20632118-b,716000000,2026-10-08 01:29:01,2026-10-07 20:53:09,0,16552.0,-16552.0,,Available,website maps this code to Available
1,84adfc63-32a5-4433-9436-05a0c972e835,2026-10-08T01:29:01.371+00:00,2026-10-08T01:29:01.610+00:00,21072-30059,washers,20632035-b,716000000,2026-10-08 01:29:01,2026-10-07 04:03:57,0,77104.0,-77104.0,,Available,website maps this code to Available
1,84adfc63-32a5-4433-9436-05a0c972e835,2026-10-08T01:29:01.371+00:00,2026-10-08T01:29:01.610+00:00,21072-30059,washers,20632102-b,516000000,2026-10-08 01:29:01,2026-10-08 01:20:23,0,518.0,-518.0,,Finished,
1,84adfc63-32a5-4433-9436-05a0c972e835,2026-10-08T01:29:01.371+00:00,2026-10-08T01:29:01.610+00:00,21072-30059,washers,20632060-b,716000000,2026-10-08 01:29:01,2026-10-07 23:19:28,0,7773.0,-7773.0,,Available,website maps this code to Available
1,84adfc63-32a5-4433-9436-05a0c972e835,2026-10-08T01:29:01.371+00:00,2026-10-08T01:29:01.610+00:00,21072-30059,washers,20632117-b,716000000,2026-10-08 01:29:01,2026-10-07 23:18:55,0,7806.0,-7806.0,,Available,website maps this code to Available
1,84adfc63-32a5-4433-9436-05a0c972e835,2026-10-08T01:29:01.371+00:00,2026-10-08T01:29:01.610+00:00,21072-30059,washers,20632037-b,716000000,2026-10-08 01:29:01,2026-10-07 20:32:19,0,17802.0,-17802.0,,Available,website maps this code to Available
1,84adfc63-32a5-4433-9436-05a0c972e835,2026-10-08T01:29:01.371+00:00,2026-10-08T01:29:01.610+00:00,21072-30059,washers,20632092-b,716000000,2026-10-08 01:29:01,2026-10-07 20:33:56,0,17705.0,-17705.0,,Available,website maps this code to Available
1,84adfc63-32a5-4433-9436-05a0c972e835,2026-10-08T01:29:01.371+00:00,2026-10-08T01:29:01.610+00:00,21072-30059,washers,20632128-b,716000000,2026-10-08 01:29:01,2026-10-07 20:35:15,0,17626.0,-17626.0,,Available,website maps this code to Available
1,84adfc63-32a5-4433-9436-05a0c972e835,2026-10-08T01:29:01.371+00:00,2026-10-08T01:29:01.610+00:00,21072-30059,washers,20632044-b,716000000,2026-10-08 01:29:01,2026-10-07 06:53:39,0,66922.0,-66922.0,,Available,website maps this code to Available
1,84adfc63-32a5-4433-9436-05a0c972e835,2026-10-08T01:29:01.371+00:00,2026-10-08T01:29:01.610+00:00,21072-30059,washers,20632094-b,716000000,2026-10-08 01:29:01,2026-10-07 06:07:39,0,69682.0,-69682.0,,Available,website maps this code to Available
1,84adfc63-32a5-4433-9436-05a0c972e835,2026-10-08T01:29:01.371+00:00,2026-10-08T01:29:01.610+00:00,21072-30059,washers,20632123-b,516000000,2026-10-08 01:29:01,2026-10-08 00:04:42,0,5059.0,-5059.0,,Available,website fallback: report over 1 hour old
1,84adfc63-32a5-4433-9436-05a0c972e835,2026-10-08T01:29:01.371+00:00,2026-10-08T01:29:01.610+00:00,21072-30059,washers,20632098-b,616000040,2026-10-08 01:29:01,2026-10-08 00:50:44,0,2297.0,-2297.0,,Error,
1,84adfc63-32a5-4433-9436-05a0c972e835,2026-10-08T01:29:01.371+00:00,2026-10-08T01:29:01.610+00:00,21072-30059,dryers,20632096-a,716000000,2026-10-08 01:29:01,2026-10-08 00:51:10,0,2271.0,-2271.0,,Available,website maps this code to Available
1,84adfc63-32a5-4433-9436-05a0c972e835,2026-10-08T01:29:01.371+00:00,2026-10-08T01:29:01.610+00:00,21072-30059,dryers,20632096-b,716000000,2026-10-08 01:29:01,2026-10-08 00:51:12,0,2269.0,-2269.0,,Available,website maps this code to Available
1,84adfc63-32a5-4433-9436-05a0c972e835,2026-10-08T01:29:01.371+00:00,2026-10-08T01:29:01.610+00:00,21072-30059,dryers,20632118-a,716000000,2026-10-08 01:29:01,2026-10-07 18:39:43,0,24558.0,-24558.0,,Available,website maps this code to Available
1,84adfc63-32a5-4433-9436-05a0c972e835,2026-10-08T01:29:01.371+00:00,2026-10-08T01:29:01.610+00:00,21072-30059,dryers,20632035-a,716000000,2026-10-08 01:29:01,2026-10-07 02:49:50,0,81551.0,-81551.0,,Available,website maps this code to Available
1,84adfc63-32a5-4433-9436-05a0c972e835,2026-10-08T01:29:01.371+00:00,2026-10-08T01:29:01.610+00:00,21072-30059,dryers,20632102-a,716000000,2026-10-08 01:29:01,2026-10-08 01:20:22,0,519.0,-519.0,,Available,website maps this code to Available
1,84adfc63-32a5-4433-9436-05a0c972e835,2026-10-08T01:29:01.371+00:00,2026-10-08T01:29:01.610+00:00,21072-30059,dryers,20632060-a,716000000,2026-10-08 01:29:01,2026-10-07 03:04:43,0,80658.0,-80658.0,,Available,website maps this code to Available
1,84adfc63-32a5-4433-9436-05a0c972e835,2026-10-08T01:29:01.371+00:00,2026-10-08T01:29:01.610+00:00,21072-30059,dryers,20632117-a,716000000,2026-10-08 01:29:01,2026-10-08 01:18:25,0,636.0,-636.0,,Available,website maps this code to Available
1,84adfc63-32a5-4433-9436-05a0c972e835,2026-10-08T01:29:01.371+00:00,2026-10-08T01:29:01.610+00:00,21072-30059,dryers,20632037-a,716000000,2026-10-08 01:29:01,2026-10-08 01:18:06,0,655.0,-655.0,,Available,website maps this code to Available
1,84adfc63-32a5-4433-9436-05a0c972e835,2026-10-08T01:29:01.371+00:00,2026-10-08T01:29:01.610+00:00,21072-30059,dryers,20632092-a,716000000,2026-10-08 01:29:01,2026-10-07 22:05:27,0,12214.0,-12214.0,,Available,website maps this code to Available
1,84adfc63-32a5-4433-9436-05a0c972e835,2026-10-08T01:29:01.371+00:00,2026-10-08T01:29:01.610+00:00,21072-30059,dryers,20632128-a,716000000,2026-10-08 01:29:01,2026-10-07 22:06:02,0,12179.0,-12179.0,,Available,website maps this code to Available
1,84adfc63-32a5-4433-9436-05a0c972e835,2026-10-08T01:29:01.371+00:00,2026-10-08T01:29:01.610+00:00,21072-30059,dryers,20632044-a,416000000,2026-10-08 01:29:01,2026-10-08 01:26:49,10,132.0,468.0,8,Running,
1,84adfc63-32a5-4433-9436-05a0c972e835,2026-10-08T01:29:01.371+00:00,2026-10-08T01:29:01.610+00:00,21072-30059,dryers,20632094-a,716000000,2026-10-08 01:29:01,2026-10-07 07:58:50,0,63011.0,-63011.0,,Available,website maps this code to Available
1,84adfc63-32a5-4433-9436-05a0c972e835,2026-10-08T01:29:01.371+00:00,2026-10-08T01:29:01.610+00:00,21072-30059,dryers,20632123-a,716000000,2026-10-08 01:29:01,2026-10-08 00:04:40,0,5061.0,-5061.0,,Available,website maps this code to Available
1,84adfc63-32a5-4433-9436-05a0c972e835,2026-10-08T01:29:01.371+00:00,2026-10-08T01:29:01.610+00:00,21072-30059,dryers,20632098-a,616000040,2026-10-08 01:29:01,2026-10-08 00:50:42,0,2299.0,-2299.0,,Error,
1,69716e2d-9171-4a12-aae7-4ad73b456400,2026-10-08T01:30:01.395+00:00,2026-10-08T01:30:01.581+00:00,21072-30059,washers,20632118-b,716000000,2026-10-08 01:30:01,2026-10-07 20:53:09,0,16612.0,-16612.0,,Available,website maps this code to Available
1,69716e2d-9171-4a12-aae7-4ad73b456400,2026-10-08T01:30:01.395+00:00,2026-10-08T01:30:01.581+00:00,21072-30059,washers,20632035-b,716000000,2026-10-08 01:30:01,2026-10-07 04:03:57,0,77164.0,-77164.0,,Available,website maps this code to Available
1,69716e2d-9171-4a12-aae7-4ad73b456400,2026-10-08T01:30:01.395+00:00,2026-10-08T01:30:01.581+00:00,21072-30059,washers,20632102-b,516000000,2026-10-08 01:30:01,2026-10-08 01:20:23,0,578.0,-578.0,,Finished,
1,69716e2d-9171-4a12-aae7-4ad73b456400,2026-10-08T01:30:01.395+00:00,2026-10-08T01:30:01.581+00:00,21072-30059,washers,20632060-b,716000000,2026-10-08 01:30:01,2026-10-07 23:19:28,0,7833.0,-7833.0,,Available,website maps this code to Available
1,69716e2d-9171-4a12-aae7-4ad73b456400,2026-10-08T01:30:01.395+00:00,2026-10-08T01:30:01.581+00:00,21072-30059,washers,20632117-b,716000000,2026-10-08 01:30:01,2026-10-07 23:18:55,0,7866.0,-7866.0,,Available,website maps this code to Available
1,69716e2d-9171-4a12-aae7-4ad73b456400,2026-10-08T01:30:01.395+00:00,2026-10-08T01:30:01.581+00:00,21072-30059,washers,20632037-b,716000000,2026-10-08 01:30:01,2026-10-07 20:32:19,0,17862.0,-17862.0,,Available,website maps this code to Available
1,69716e2d-9171-4a12-aae7-4ad73b456400,2026-10-08T01:30:01.395+00:00,2026-10-08T01:30:01.581+00:00,21072-30059,washers,20632092-b,716000000,2026-10-08 01:30:01,2026-10-07 20:33:56,0,17765.0,-17765.0,,Available,website maps this code to Available
1,69716e2d-9171-4a12-aae7-4ad73b456400,2026-10-08T01:30:01.395+00:00,2026-10-08T01:30:01.581+00:00,21072-30059,washers,20632128-b,716000000,2026-10-08 01:30:01,2026-10-07 20:35:15,0,17686.0,-17686.0,,Available,website maps this code to Available
1,69716e2d-9171-4a12-aae7-4ad73b456400,2026-10-08T01:30:01.395+00:00,2026-10-08T01:30:01.581+00:00,21072-30059,washers,20632044-b,716000000,2026-10-08 01:30:01,2026-10-07 06:53:39,0,66982.0,-66982.0,,Available,website maps this code to Available
1,69716e2d-9171-4a12-aae7-4ad73b456400,2026-10-08T01:30:01.395+00:00,2026-10-08T01:30:01.581+00:00,21072-30059,washers,20632094-b,716000000,2026-10-08 01:30:01,2026-10-07 06:07:39,0,69742.0,-69742.0,,Available,website maps this code to Available
1,69716e2d-9171-4a12-aae7-4ad73b456400,2026-10-08T01:30:01.395+00:00,2026-10-08T01:30:01.581+00:00,21072-30059,washers,20632123-b,516000000,2026-10-08 01:30:01,2026-10-08 00:04:42,0,5119.0,-5119.0,,Available,website fallback: report over 1 hour old
1,69716e2d-9171-4a12-aae7-4ad73b456400,2026-10-08T01:30:01.395+00:00,2026-10-08T01:30:01.581+00:00,21072-30059,washers,20632098-b,616000040,2026-10-08 01:30:01,2026-10-08 00:50:44,0,2357.0,-2357.0,,Error,
1,69716e2d-9171-4a12-aae7-4ad73b456400,2026-10-08T01:30:01.395+00:00,2026-10-08T01:30:01.581+00:00,21072-30059,dryers,20632096-a,716000000,2026-10-08 01:30:01,2026-10-08 00:51:10,0,2331.0,-2331.0,,Available,website maps this code to Available
1,69716e2d-9171-4a12-aae7-4ad73b456400,2026-10-08T01:30:01.395+00:00,2026-10-08T01:30:01.581+00:00,21072-30059,dryers,20632096-b,716000000,2026-10-08 01:30:01,2026-10-08 00:51:12,0,2329.0,-2329.0,,Available,website maps this code to Available
1,69716e2d-9171-4a12-aae7-4ad73b456400,2026-10-08T01:30:01.395+00:00,2026-10-08T01:30:01.581+00:00,21072-30059,dryers,20632118-a,716000000,2026-10-08 01:30:01,2026-10-07 18:39:43,0,24618.0,-24618.0,,Available,website maps this code to Available
1,69716e2d-9171-4a12-aae7-4ad73b456400,2026-10-08T01:30:01.395+00:00,2026-10-08T01:30:01.581+00:00,21072-30059,dryers,20632035-a,716000000,2026-10-08 01:30:01,2026-10-07 02:49:50,0,81611.0,-81611.0,,Available,website maps this code to Available
1,69716e2d-9171-4a12-aae7-4ad73b456400,2026-10-08T01:30:01.395+00:00,2026-10-08T01:30:01.581+00:00,21072-30059,dryers,20632102-a,716000000,2026-10-08 01:30:01,2026-10-08 01:20:22,0,579.0,-579.0,,Available,website maps this code to Available
1,69716e2d-9171-4a12-aae7-4ad73b456400,2026-10-08T01:30:01.395+00:00,2026-10-08T01:30:01.581+00:00,21072-30059,dryers,20632060-a,716000000,2026-10-08 01:30:01,2026-10-07 03:04:43,0,80718.0,-80718.0,,Available,website maps this code to Available
1,69716e2d-9171-4a12-aae7-4ad73b456400,2026-10-08T01:30:01.395+00:00,2026-10-08T01:30:01.581+00:00,21072-30059,dryers,20632117-a,716000000,2026-10-08 01:30:01,2026-10-08 01:18:25,0,696.0,-696.0,,Available,website maps this code to Available
1,69716e2d-9171-4a12-aae7-4ad73b456400,2026-10-08T01:30:01.395+00:00,2026-10-08T01:30:01.581+00:00,21072-30059,dryers,20632037-a,716000000,2026-10-08 01:30:01,2026-10-08 01:18:06,0,715.0,-715.0,,Available,website maps this code to Available
1,69716e2d-9171-4a12-aae7-4ad73b456400,2026-10-08T01:30:01.395+00:00,2026-10-08T01:30:01.581+00:00,21072-30059,dryers,20632092-a,716000000,2026-10-08 01:30:01,2026-10-07 22:05:27,0,12274.0,-12274.0,,Available,website maps this code to Available
1,69716e2d-9171-4a12-aae7-4ad73b456400,2026-10-08T01:30:01.395+00:00,2026-10-08T01:30:01.581+00:00,21072-30059,dryers,20632128-a,716000000,2026-10-08 01:30:01,2026-10-07 22:06:02,0,12239.0,-12239.0,,Available,website maps this code to Available
1,69716e2d-9171-4a12-aae7-4ad73b456400,2026-10-08T01:30:01.395+00:00,2026-10-08T01:30:01.581+00:00,21072-30059,dryers,20632044-a,416000000,2026-10-08 01:30:01,2026-10-08 01:26:49,10,192.0,408.0,7,Running,
1,69716e2d-9171-4a12-aae7-4ad73b456400,2026-10-08T01:30:01.395+00:00,2026-10-08T01:30:01.581+00:00,21072-30059,dryers,20632094-a,716000000,2026-10-08 01:30:01,2026-10-07 07:58:50,0,63071.0,-63071.0,,Available,website maps this code to Available
1,69716e2d-9171-4a12-aae7-4ad73b456400,2026-10-08T01:30:01.395+00:00,2026-10-08T01:30:01.581+00:00,21072-30059,dryers,20632123-a,716000000,2026-10-08 01:30:01,2026-10-08 00:04:40,0,5121.0,-5121.0,,Available,website maps this code to Available
1,69716e2d-9171-4a12-aae7-4ad73b456400,2026-10-08T01:30:01.395+00:00,2026-10-08T01:30:01.581+00:00,21072-30059,dryers,20632098-a,616000040,2026-10-08 01:30:01,2026-10-08 00:50:42,0,2359.0,-2359.0,,Error,
1,5808c15a-329b-420d-bca1-31ba20b7ce38,2026-10-08T01:31:01.259+00:00,2026-10-08T01:31:01.426+00:00,21072-30059,washers,20632118-b,716000000,2026-10-08 01:31:01,2026-10-07 20:53:09,0,16672.0,-16672.0,,Available,website maps this code to Available
1,5808c15a-329b-420d-bca1-31ba20b7ce38,2026-10-08T01:31:01.259+00:00,2026-10-08T01:31:01.426+00:00,21072-30059,washers,20632035-b,716000000,2026-10-08 01:31:01,2026-10-07 04:03:57,0,77224.0,-77224.0,,Available,website maps this code to Available
1,5808c15a-329b-420d-bca1-31ba20b7ce38,2026-10-08T01:31:01.259+00:00,2026-10-08T01:31:01.426+00:00,21072-30059,washers,20632102-b,516000000,2026-10-08 01:31:01,2026-10-08 01:20:23,0,638.0,-638.0,,Finished,
1,5808c15a-329b-420d-bca1-31ba20b7ce38,2026-10-08T01:31:01.259+00:00,2026-10-08T01:31:01.426+00:00,21072-30059,washers,20632060-b,716000000,2026-10-08 01:31:01,2026-10-07 23:19:28,0,7893.0,-7893.0,,Available,website maps this code to Available
1,5808c15a-329b-420d-bca1-31ba20b7ce38,2026-10-08T01:31:01.259+00:00,2026-10-08T01:31:01.426+00:00,21072-30059,washers,20632117-b,716000000,2026-10-08 01:31:01,2026-10-07 23:18:55,0,7926.0,-7926.0,,Available,website maps this code to Available
1,5808c15a-329b-420d-bca1-31ba20b7ce38,2026-10-08T01:31:01.259+00:00,2026-10-08T01:31:01.426+00:00,21072-30059,washers,20632037-b,716000000,2026-10-08 01:31:01,2026-10-07 20:32:19,0,17922.0,-17922.0,,Available,website maps this code to Available
1,5808c15a-329b-420d-bca1-31ba20b7ce38,2026-10-08T01:31:01.259+00:00,2026-10-08T01:31:01.426+00:00,21072-30059,washers,20632092-b,716000000,2026-10-08 01:31:01,2026-10-07 20:33:56,0,17825.0,-17825.0,,Available,website maps this code to Available
1,5808c15a-329b-420d-bca1-31ba20b7ce38,2026-10-08T01:31:01.259+00:00,2026-10-08T01:31:01.426+00:00,21072-30059,washers,20632128-b,716000000,2026-10-08 01:31:01,2026-10-07 20:35:15,0,17746.0,-17746.0,,Available,website maps this code to Available
1,5808c15a-329b-420d-bca1-31ba20b7ce38,2026-10-08T01:31:01.259+00:00,2026-10-08T01:31:01.426+00:00,21072-30059,washers,20632044-b,716000000,2026-10-08 01:31:01,2026-10-07 06:53:39,0,67042.0,-67042.0,,Available,website maps this code to Available
1,5808c15a-329b-420d-bca1-31ba20b7ce38,2026-10-08T01:31:01.259+00:00,2026-10-08T01:31:01.426+00:00,21072-30059,washers,20632094-b,716000000,2026-10-08 01:31:01,2026-10-07 06:07:39,0,69802.0,-69802.0,,Available,website maps this code to Available
1,5808c15a-329b-420d-bca1-31ba20b7ce38,2026-10-08T01:31:01.259+00:00,2026-10-08T01:31:01.426+00:00,21072-30059,washers,20632123-b,516000000,2026-10-08 01:31:01,2026-10-08 00:04:42,0,5179.0,-5179.0,,Available,website fallback: report over 1 hour old
1,5808c15a-329b-420d-bca1-31ba20b7ce38,2026-10-08T01:31:01.259+00:00,2026-10-08T01:31:01.426+00:00,21072-30059,washers,20632098-b,616000040,2026-10-08 01:31:01,2026-10-08 00:50:44,0,2417.0,-2417.0,,Error,
1,5808c15a-329b-420d-bca1-31ba20b7ce38,2026-10-08T01:31:01.259+00:00,2026-10-08T01:31:01.426+00:00,21072-30059,dryers,20632096-a,716000000,2026-10-08 01:31:01,2026-10-08 00:51:10,0,2391.0,-2391.0,,Available,website maps this code to Available
1,5808c15a-329b-420d-bca1-31ba20b7ce38,2026-10-08T01:31:01.259+00:00,2026-10-08T01:31:01.426+00:00,21072-30059,dryers,20632096-b,716000000,2026-10-08 01:31:01,2026-10-08 00:51:12,0,2389.0,-2389.0,,Available,website maps this code to Available
1,5808c15a-329b-420d-bca1-31ba20b7ce38,2026-10-08T01:31:01.259+00:00,2026-10-08T01:31:01.426+00:00,21072-30059,dryers,20632118-a,716000000,2026-10-08 01:31:01,2026-10-07 18:39:43,0,24678.0,-24678.0,,Available,website maps this code to Available
1,5808c15a-329b-420d-bca1-31ba20b7ce38,2026-10-08T01:31:01.259+00:00,2026-10-08T01:31:01.426+00:00,21072-30059,dryers,20632035-a,716000000,2026-10-08 01:31:01,2026-10-07 02:49:50,0,81671.0,-81671.0,,Available,website maps this code to Available
1,5808c15a-329b-420d-bca1-31ba20b7ce38,2026-10-08T01:31:01.259+00:00,2026-10-08T01:31:01.426+00:00,21072-30059,dryers,20632102-a,716000000,2026-10-08 01:31:01,2026-10-08 01:20:22,0,639.0,-639.0,,Available,website maps this code to Available
1,5808c15a-329b-420d-bca1-31ba20b7ce38,2026-10-08T01:31:01.259+00:00,2026-10-08T01:31:01.426+00:00,21072-30059,dryers,20632060-a,716000000,2026-10-08 01:31:01,2026-10-07 03:04:43,0,80778.0,-80778.0,,Available,website maps this code to Available
1,5808c15a-329b-420d-bca1-31ba20b7ce38,2026-10-08T01:31:01.259+00:00,2026-10-08T01:31:01.426+00:00,21072-30059,dryers,20632117-a,716000000,2026-10-08 01:31:01,2026-10-08 01:18:25,0,756.0,-756.0,,Available,website maps this code to Available
1,5808c15a-329b-420d-bca1-31ba20b7ce38,2026-10-08T01:31:01.259+00:00,2026-10-08T01:31:01.426+00:00,21072-30059,dryers,20632037-a,716000000,2026-10-08 01:31:01,2026-10-08 01:18:06,0,775.0,-775.0,,Available,website maps this code to Available
1,5808c15a-329b-420d-bca1-31ba20b7ce38,2026-10-08T01:31:01.259+00:00,2026-10-08T01:31:01.426+00:00,21072-30059,dryers,20632092-a,716000000,2026-10-08 01:31:01,2026-10-07 22:05:27,0,12334.0,-12334.0,,Available,website maps this code to Available
1,5808c15a-329b-420d-bca1-31ba20b7ce38,2026-10-08T01:31:01.259+00:00,2026-10-08T01:31:01.426+00:00,21072-30059,dryers,20632128-a,716000000,2026-10-08 01:31:01,2026-10-07 22:06:02,0,12299.0,-12299.0,,Available,website maps this code to Available
1,5808c15a-329b-420d-bca1-31ba20b7ce38,2026-10-08T01:31:01.259+00:00,2026-10-08T01:31:01.426+00:00,21072-30059,dryers,20632044-a,416000000,2026-10-08 01:31:01,2026-10-08 01:26:49,10,252.0,348.0,6,Running,
1,5808c15a-329b-420d-bca1-31ba20b7ce38,2026-10-08T01:31:01.259+00:00,2026-10-08T01:31:01.426+00:00,21072-30059,dryers,20632094-a,716000000,2026-10-08 01:31:01,2026-10-07 07:58:50,0,63131.0,-63131.0,,Available,website maps this code to Available
1,5808c15a-329b-420d-bca1-31ba20b7ce38,2026-10-08T01:31:01.259+00:00,2026-10-08T01:31:01.426+00:00,21072-30059,dryers,20632123-a,716000000,2026-10-08 01:31:01,2026-10-08 00:04:40,0,5181.0,-5181.0,,Available,website maps this code to Available
1,5808c15a-329b-420d-bca1-31ba20b7ce38,2026-10-08T01:31:01.259+00:00,2026-10-08T01:31:01.426+00:00,21072-30059,dryers,20632098-a,616000040,2026-10-08 01:31:01,2026-10-08 00:50:42,0,2419.0,-2419.0,,Error,
1,fdc6f04b-43dd-4021-b32e-9b6db5e2ffb9,2026-10-08T01:32:01.315+00:00,2026-10-08T01:32:01.513+00:00,21072-30059,washers,20632118-b,716000000,2026-10-08 01:32:01,2026-10-07 20:53:09,0,16732.0,-16732.0,,Available,website maps this code to Available
1,fdc6f04b-43dd-4021-b32e-9b6db5e2ffb9,2026-10-08T01:32:01.315+00:00,2026-10-08T01:32:01.513+00:00,21072-30059,washers,20632035-b,716000000,2026-10-08 01:32:01,2026-10-07 04:03:57,0,77284.0,-77284.0,,Available,website maps this code to Available
1,fdc6f04b-43dd-4021-b32e-9b6db5e2ffb9,2026-10-08T01:32:01.315+00:00,2026-10-08T01:32:01.513+00:00,21072-30059,washers,20632102-b,516000000,2026-10-08 01:32:01,2026-10-08 01:20:23,0,698.0,-698.0,,Finished,
1,fdc6f04b-43dd-4021-b32e-9b6db5e2ffb9,2026-10-08T01:32:01.315+00:00,2026-10-08T01:32:01.513+00:00,21072-30059,washers,20632060-b,716000000,2026-10-08 01:32:01,2026-10-07 23:19:28,0,7953.0,-7953.0,,Available,website maps this code to Available
1,fdc6f04b-43dd-4021-b32e-9b6db5e2ffb9,2026-10-08T01:32:01.315+00:00,2026-10-08T01:32:01.513+00:00,21072-30059,washers,20632117-b,716000000,2026-10-08 01:32:01,2026-10-07 23:18:55,0,7986.0,-7986.0,,Available,website maps this code to Available
1,fdc6f04b-43dd-4021-b32e-9b6db5e2ffb9,2026-10-08T01:32:01.315+00:00,2026-10-08T01:32:01.513+00:00,21072-30059,washers,20632037-b,716000000,2026-10-08 01:32:01,2026-10-07 20:32:19,0,17982.0,-17982.0,,Available,website maps this code to Available
1,fdc6f04b-43dd-4021-b32e-9b6db5e2ffb9,2026-10-08T01:32:01.315+00:00,2026-10-08T01:32:01.513+00:00,21072-30059,washers,20632092-b,716000000,2026-10-08 01:32:01,2026-10-07 20:33:56,0,17885.0,-17885.0,,Available,website maps this code to Available
1,fdc6f04b-43dd-4021-b32e-9b6db5e2ffb9,2026-10-08T01:32:01.315+00:00,2026-10-08T01:32:01.513+00:00,21072-30059,washers,20632128-b,716000000,2026-10-08 01:32:01,2026-10-07 20:35:15,0,17806.0,-17806.0,,Available,website maps this code to Available
1,fdc6f04b-43dd-4021-b32e-9b6db5e2ffb9,2026-10-08T01:32:01.315+00:00,2026-10-08T01:32:01.513+00:00,21072-30059,washers,20632044-b,716000000,2026-10-08 01:32:01,2026-10-07 06:53:39,0,67102.0,-67102.0,,Available,website maps this code to Available
1,fdc6f04b-43dd-4021-b32e-9b6db5e2ffb9,2026-10-08T01:32:01.315+00:00,2026-10-08T01:32:01.513+00:00,21072-30059,washers,20632094-b,716000000,2026-10-08 01:32:01,2026-10-07 06:07:39,0,69862.0,-69862.0,,Available,website maps this code to Available
1,fdc6f04b-43dd-4021-b32e-9b6db5e2ffb9,2026-10-08T01:32:01.315+00:00,2026-10-08T01:32:01.513+00:00,21072-30059,washers,20632123-b,516000000,2026-10-08 01:32:01,2026-10-08 00:04:42,0,5239.0,-5239.0,,Available,website fallback: report over 1 hour old
1,fdc6f04b-43dd-4021-b32e-9b6db5e2ffb9,2026-10-08T01:32:01.315+00:00,2026-10-08T01:32:01.513+00:00,21072-30059,washers,20632098-b,616000040,2026-10-08 01:32:01,2026-10-08 00:50:44,0,2477.0,-2477.0,,Error,
1,fdc6f04b-43dd-4021-b32e-9b6db5e2ffb9,2026-10-08T01:32:01.315+00:00,2026-10-08T01:32:01.513+00:00,21072-30059,dryers,20632096-a,716000000,2026-10-08 01:32:01,2026-10-08 00:51:10,0,2451.0,-2451.0,,Available,website maps this code to Available
1,fdc6f04b-43dd-4021-b32e-9b6db5e2ffb9,2026-10-08T01:32:01.315+00:00,2026-10-08T01:32:01.513+00:00,21072-30059,dryers,20632096-b,716000000,2026-10-08 01:32:01,2026-10-08 00:51:12,0,2449.0,-2449.0,,Available,website maps this code to Available
1,fdc6f04b-43dd-4021-b32e-9b6db5e2ffb9,2026-10-08T01:32:01.315+00:00,2026-10-08T01:32:01.513+00:00,21072-30059,dryers,20632118-a,716000000,2026-10-08 01:32:01,2026-10-07 18:39:43,0,24738.0,-24738.0,,Available,website maps this code to Available
1,fdc6f04b-43dd-4021-b32e-9b6db5e2ffb9,2026-10-08T01:32:01.315+00:00,2026-10-08T01:32:01.513+00:00,21072-30059,dryers,20632035-a,716000000,2026-10-08 01:32:01,2026-10-07 02:49:50,0,81731.0,-81731.0,,Available,website maps this code to Available
1,fdc6f04b-43dd-4021-b32e-9b6db5e2ffb9,2026-10-08T01:32:01.315+00:00,2026-10-08T01:32:01.513+00:00,21072-30059,dryers,20632102-a,716000000,2026-10-08 01:32:01,2026-10-08 01:20:22,0,699.0,-699.0,,Available,website maps this code to Available
1,fdc6f04b-43dd-4021-b32e-9b6db5e2ffb9,2026-10-08T01:32:01.315+00:00,2026-10-08T01:32:01.513+00:00,21072-30059,dryers,20632060-a,716000000,2026-10-08 01:32:01,2026-10-07 03:04:43,0,80838.0,-80838.0,,Available,website maps this code to Available
1,fdc6f04b-43dd-4021-b32e-9b6db5e2ffb9,2026-10-08T01:32:01.315+00:00,2026-10-08T01:32:01.513+00:00,21072-30059,dryers,20632117-a,716000000,2026-10-08 01:32:01,2026-10-08 01:18:25,0,816.0,-816.0,,Available,website maps this code to Available
1,fdc6f04b-43dd-4021-b32e-9b6db5e2ffb9,2026-10-08T01:32:01.315+00:00,2026-10-08T01:32:01.513+00:00,21072-30059,dryers,20632037-a,716000000,2026-10-08 01:32:01,2026-10-08 01:18:06,0,835.0,-835.0,,Available,website maps this code to Available
1,fdc6f04b-43dd-4021-b32e-9b6db5e2ffb9,2026-10-08T01:32:01.315+00:00,2026-10-08T01:32:01.513+00:00,21072-30059,dryers,20632092-a,716000000,2026-10-08 01:32:01,2026-10-07 22:05:27,0,12394.0,-12394.0,,Available,website maps this code to Available
1,fdc6f04b-43dd-4021-b32e-9b6db5e2ffb9,2026-10-08T01:32:01.315+00:00,2026-10-08T01:32:01.513+00:00,21072-30059,dryers,20632128-a,716000000,2026-10-08 01:32:01,2026-10-07 22:06:02,0,12359.0,-12359.0,,Available,website maps this code to Available
1,fdc6f04b-43dd-4021-b32e-9b6db5e2ffb9,2026-10-08T01:32:01.315+00:00,2026-10-08T01:32:01.513+00:00,21072-30059,dryers,20632044-a,416000000,2026-10-08 01:32:01,2026-10-08 01:26:49,10,312.0,288.0,5,Running,
1,fdc6f04b-43dd-4021-b32e-9b6db5e2ffb9,2026-10-08T01:32:01.315+00:00,2026-10-08T01:32:01.513+00:00,21072-30059,dryers,20632094-a,716000000,2026-10-08 01:32:01,2026-10-07 07:58:50,0,63191.0,-63191.0,,Available,website maps this code to Available
1,fdc6f04b-43dd-4021-b32e-9b6db5e2ffb9,2026-10-08T01:32:01.315+00:00,2026-10-08T01:32:01.513+00:00,21072-30059,dryers,20632123-a,716000000,2026-10-08 01:32:01,2026-10-08 00:04:40,0,5241.0,-5241.0,,Available,website maps this code to Available
1,fdc6f04b-43dd-4021-b32e-9b6db5e2ffb9,2026-10-08T01:32:01.315+00:00,2026-10-08T01:32:01.513+00:00,21072-30059,dryers,20632098-a,616000040,2026-10-08 01:32:01,2026-10-08 00:50:42,0,2479.0,-2479.0,,Error,
1,cc607371-d13c-41f9-87e2-faf9a1c43def,2026-10-08T01:33:01.258+00:00,2026-10-08T01:33:01.429+00:00,21072-30059,washers,20632118-b,716000000,2026-10-08 01:33:01,2026-10-07 20:53:09,0,16792.0,-16792.0,,Available,website maps this code to Available
1,cc607371-d13c-41f9-87e2-faf9a1c43def,2026-10-08T01:33:01.258+00:00,2026-10-08T01:33:01.429+00:00,21072-30059,washers,20632035-b,716000000,2026-10-08 01:33:01,2026-10-07 04:03:57,0,77344.0,-77344.0,,Available,website maps this code to Available
1,cc607371-d13c-41f9-87e2-faf9a1c43def,2026-10-08T01:33:01.258+00:00,2026-10-08T01:33:01.429+00:00,21072-30059,washers,20632102-b,516000000,2026-10-08 01:33:01,2026-10-08 01:20:23,0,758.0,-758.0,,Finished,
1,cc607371-d13c-41f9-87e2-faf9a1c43def,2026-10-08T01:33:01.258+00:00,2026-10-08T01:33:01.429+00:00,21072-30059,washers,20632060-b,716000000,2026-10-08 01:33:01,2026-10-07 23:19:28,0,8013.0,-8013.0,,Available,website maps this code to Available
1,cc607371-d13c-41f9-87e2-faf9a1c43def,2026-10-08T01:33:01.258+00:00,2026-10-08T01:33:01.429+00:00,21072-30059,washers,20632117-b,716000000,2026-10-08 01:33:01,2026-10-07 23:18:55,0,8046.0,-8046.0,,Available,website maps this code to Available
1,cc607371-d13c-41f9-87e2-faf9a1c43def,2026-10-08T01:33:01.258+00:00,2026-10-08T01:33:01.429+00:00,21072-30059,washers,20632037-b,716000000,2026-10-08 01:33:01,2026-10-07 20:32:19,0,18042.0,-18042.0,,Available,website maps this code to Available
1,cc607371-d13c-41f9-87e2-faf9a1c43def,2026-10-08T01:33:01.258+00:00,2026-10-08T01:33:01.429+00:00,21072-30059,washers,20632092-b,716000000,2026-10-08 01:33:01,2026-10-07 20:33:56,0,17945.0,-17945.0,,Available,website maps this code to Available
1,cc607371-d13c-41f9-87e2-faf9a1c43def,2026-10-08T01:33:01.258+00:00,2026-10-08T01:33:01.429+00:00,21072-30059,washers,20632128-b,716000000,2026-10-08 01:33:01,2026-10-07 20:35:15,0,17866.0,-17866.0,,Available,website maps this code to Available
1,cc607371-d13c-41f9-87e2-faf9a1c43def,2026-10-08T01:33:01.258+00:00,2026-10-08T01:33:01.429+00:00,21072-30059,washers,20632044-b,716000000,2026-10-08 01:33:01,2026-10-07 06:53:39,0,67162.0,-67162.0,,Available,website maps this code to Available
1,cc607371-d13c-41f9-87e2-faf9a1c43def,2026-10-08T01:33:01.258+00:00,2026-10-08T01:33:01.429+00:00,21072-30059,washers,20632094-b,716000000,2026-10-08 01:33:01,2026-10-07 06:07:39,0,69922.0,-69922.0,,Available,website maps this code to Available
1,cc607371-d13c-41f9-87e2-faf9a1c43def,2026-10-08T01:33:01.258+00:00,2026-10-08T01:33:01.429+00:00,21072-30059,washers,20632123-b,516000000,2026-10-08 01:33:01,2026-10-08 00:04:42,0,5299.0,-5299.0,,Available,website fallback: report over 1 hour old
1,cc607371-d13c-41f9-87e2-faf9a1c43def,2026-10-08T01:33:01.258+00:00,2026-10-08T01:33:01.429+00:00,21072-30059,washers,20632098-b,616000040,2026-10-08 01:33:01,2026-10-08 00:50:44,0,2537.0,-2537.0,,Error,
1,cc607371-d13c-41f9-87e2-faf9a1c43def,2026-10-08T01:33:01.258+00:00,2026-10-08T01:33:01.429+00:00,21072-30059,dryers,20632096-a,716000000,2026-10-08 01:33:01,2026-10-08 00:51:10,0,2511.0,-2511.0,,Available,website maps this code to Available
1,cc607371-d13c-41f9-87e2-faf9a1c43def,2026-10-08T01:33:01.258+00:00,2026-10-08T01:33:01.429+00:00,21072-30059,dryers,20632096-b,716000000,2026-10-08 01:33:01,2026-10-08 00:51:12,0,2509.0,-2509.0,,Available,website maps this code to Available
1,cc607371-d13c-41f9-87e2-faf9a1c43def,2026-10-08T01:33:01.258+00:00,2026-10-08T01:33:01.429+00:00,21072-30059,dryers,20632118-a,716000000,2026-10-08 01:33:01,2026-10-07 18:39:43,0,24798.0,-24798.0,,Available,website maps this code to Available
1,cc607371-d13c-41f9-87e2-faf9a1c43def,2026-10-08T01:33:01.258+00:00,2026-10-08T01:33:01.429+00:00,21072-30059,dryers,20632035-a,716000000,2026-10-08 01:33:01,2026-10-07 02:49:50,0,81791.0,-81791.0,,Available,website maps this code to Available
1,cc607371-d13c-41f9-87e2-faf9a1c43def,2026-10-08T01:33:01.258+00:00,2026-10-08T01:33:01.429+00:00,21072-30059,dryers,20632102-a,716000000,2026-10-08 01:33:01,2026-10-08 01:20:22,0,759.0,-759.0,,Available,website maps this code to Available
1,cc607371-d13c-41f9-87e2-faf9a1c43def,2026-10-08T01:33:01.258+00:00,2026-10-08T01:33:01.429+00:00,21072-30059,dryers,20632060-a,716000000,2026-10-08 01:33:01,2026-10-07 03:04:43,0,80898.0,-80898.0,,Available,website maps this code to Available
1,cc607371-d13c-41f9-87e2-faf9a1c43def,2026-10-08T01:33:01.258+00:00,2026-10-08T01:33:01.429+00:00,21072-30059,dryers,20632117-a,716000000,2026-10-08 01:33:01,2026-10-08 01:18:25,0,876.0,-876.0,,Available,website maps this code to Available
1,cc607371-d13c-41f9-87e2-faf9a1c43def,2026-10-08T01:33:01.258+00:00,2026-10-08T01:33:01.429+00:00,21072-30059,dryers,20632037-a,716000000,2026-10-08 01:33:01,2026-10-08 01:18:06,0,895.0,-895.0,,Available,website maps this code to Available
1,cc607371-d13c-41f9-87e2-faf9a1c43def,2026-10-08T01:33:01.258+00:00,2026-10-08T01:33:01.429+00:00,21072-30059,dryers,20632092-a,716000000,2026-10-08 01:33:01,2026-10-07 22:05:27,0,12454.0,-12454.0,,Available,website maps this code to Available
1,cc607371-d13c-41f9-87e2-faf9a1c43def,2026-10-08T01:33:01.258+00:00,2026-10-08T01:33:01.429+00:00,21072-30059,dryers,20632128-a,716000000,2026-10-08 01:33:01,2026-10-07 22:06:02,0,12419.0,-12419.0,,Available,website maps this code to Available
1,cc607371-d13c-41f9-87e2-faf9a1c43def,2026-10-08T01:33:01.258+00:00,2026-10-08T01:33:01.429+00:00,21072-30059,dryers,20632044-a,416000000,2026-10-08 01:33:01,2026-10-08 01:26:49,10,372.0,228.0,4,Running,
1,cc607371-d13c-41f9-87e2-faf9a1c43def,2026-10-08T01:33:01.258+00:00,2026-10-08T01:33:01.429+00:00,21072-30059,dryers,20632094-a,716000000,2026-10-08 01:33:01,2026-10-07 07:58:50,0,63251.0,-63251.0,,Available,website maps this code to Available
1,cc607371-d13c-41f9-87e2-faf9a1c43def,2026-10-08T01:33:01.258+00:00,2026-10-08T01:33:01.429+00:00,21072-30059,dryers,20632123-a,716000000,2026-10-08 01:33:01,2026-10-08 00:04:40,0,5301.0,-5301.0,,Available,website maps this code to Available
1,cc607371-d13c-41f9-87e2-faf9a1c43def,2026-10-08T01:33:01.258+00:00,2026-10-08T01:33:01.429+00:00,21072-30059,dryers,20632098-a,616000040,2026-10-08 01:33:01,2026-10-08 00:50:42,0,2539.0,-2539.0,,Error,
1,a132cb53-122d-4122-994b-d29f2bd7fc6a,2026-10-08T01:34:01.273+00:00,2026-10-08T01:34:01.457+00:00,21072-30059,washers,20632118-b,716000000,2026-10-08 01:34:01,2026-10-07 20:53:09,0,16852.0,-16852.0,,Available,website maps this code to Available
1,a132cb53-122d-4122-994b-d29f2bd7fc6a,2026-10-08T01:34:01.273+00:00,2026-10-08T01:34:01.457+00:00,21072-30059,washers,20632035-b,716000000,2026-10-08 01:34:01,2026-10-07 04:03:57,0,77404.0,-77404.0,,Available,website maps this code to Available
1,a132cb53-122d-4122-994b-d29f2bd7fc6a,2026-10-08T01:34:01.273+00:00,2026-10-08T01:34:01.457+00:00,21072-30059,washers,20632102-b,516000000,2026-10-08 01:34:01,2026-10-08 01:20:23,0,818.0,-818.0,,Finished,
1,a132cb53-122d-4122-994b-d29f2bd7fc6a,2026-10-08T01:34:01.273+00:00,2026-10-08T01:34:01.457+00:00,21072-30059,washers,20632060-b,716000000,2026-10-08 01:34:01,2026-10-07 23:19:28,0,8073.0,-8073.0,,Available,website maps this code to Available
1,a132cb53-122d-4122-994b-d29f2bd7fc6a,2026-10-08T01:34:01.273+00:00,2026-10-08T01:34:01.457+00:00,21072-30059,washers,20632117-b,716000000,2026-10-08 01:34:01,2026-10-07 23:18:55,0,8106.0,-8106.0,,Available,website maps this code to Available
1,a132cb53-122d-4122-994b-d29f2bd7fc6a,2026-10-08T01:34:01.273+00:00,2026-10-08T01:34:01.457+00:00,21072-30059,washers,20632037-b,716000000,2026-10-08 01:34:01,2026-10-07 20:32:19,0,18102.0,-18102.0,,Available,website maps this code to Available
1,a132cb53-122d-4122-994b-d29f2bd7fc6a,2026-10-08T01:34:01.273+00:00,2026-10-08T01:34:01.457+00:00,21072-30059,washers,20632092-b,716000000,2026-10-08 01:34:01,2026-10-07 20:33:56,0,18005.0,-18005.0,,Available,website maps this code to Available
1,a132cb53-122d-4122-994b-d29f2bd7fc6a,2026-10-08T01:34:01.273+00:00,2026-10-08T01:34:01.457+00:00,21072-30059,washers,20632128-b,716000000,2026-10-08 01:34:01,2026-10-07 20:35:15,0,17926.0,-17926.0,,Available,website maps this code to Available
1,a132cb53-122d-4122-994b-d29f2bd7fc6a,2026-10-08T01:34:01.273+00:00,2026-10-08T01:34:01.457+00:00,21072-30059,washers,20632044-b,716000000,2026-10-08 01:34:01,2026-10-07 06:53:39,0,67222.0,-67222.0,,Available,website maps this code to Available
1,a132cb53-122d-4122-994b-d29f2bd7fc6a,2026-10-08T01:34:01.273+00:00,2026-10-08T01:34:01.457+00:00,21072-30059,washers,20632094-b,716000000,2026-10-08 01:34:01,2026-10-07 06:07:39,0,69982.0,-69982.0,,Available,website maps this code to Available
1,a132cb53-122d-4122-994b-d29f2bd7fc6a,2026-10-08T01:34:01.273+00:00,2026-10-08T01:34:01.457+00:00,21072-30059,washers,20632123-b,516000000,2026-10-08 01:34:01,2026-10-08 00:04:42,0,5359.0,-5359.0,,Available,website fallback: report over 1 hour old
1,a132cb53-122d-4122-994b-d29f2bd7fc6a,2026-10-08T01:34:01.273+00:00,2026-10-08T01:34:01.457+00:00,21072-30059,washers,20632098-b,616000040,2026-10-08 01:34:01,2026-10-08 00:50:44,0,2597.0,-2597.0,,Error,
1,a132cb53-122d-4122-994b-d29f2bd7fc6a,2026-10-08T01:34:01.273+00:00,2026-10-08T01:34:01.457+00:00,21072-30059,dryers,20632096-a,716000000,2026-10-08 01:34:01,2026-10-08 00:51:10,0,2571.0,-2571.0,,Available,website maps this code to Available
1,a132cb53-122d-4122-994b-d29f2bd7fc6a,2026-10-08T01:34:01.273+00:00,2026-10-08T01:34:01.457+00:00,21072-30059,dryers,20632096-b,716000000,2026-10-08 01:34:01,2026-10-08 00:51:12,0,2569.0,-2569.0,,Available,website maps this code to Available
1,a132cb53-122d-4122-994b-d29f2bd7fc6a,2026-10-08T01:34:01.273+00:00,2026-10-08T01:34:01.457+00:00,21072-30059,dryers,20632118-a,716000000,2026-10-08 01:34:01,2026-10-07 18:39:43,0,24858.0,-24858.0,,Available,website maps this code to Available
1,a132cb53-122d-4122-994b-d29f2bd7fc6a,2026-10-08T01:34:01.273+00:00,2026-10-08T01:34:01.457+00:00,21072-30059,dryers,20632035-a,716000000,2026-10-08 01:34:01,2026-10-07 02:49:50,0,81851.0,-81851.0,,Available,website maps this code to Available
1,a132cb53-122d-4122-994b-d29f2bd7fc6a,2026-10-08T01:34:01.273+00:00,2026-10-08T01:34:01.457+00:00,21072-30059,dryers,20632102-a,716000000,2026-10-08 01:34:01,2026-10-08 01:20:22,0,819.0,-819.0,,Available,website maps this code to Available
1,a132cb53-122d-4122-994b-d29f2bd7fc6a,2026-10-08T01:34:01.273+00:00,2026-10-08T01:34:01.457+00:00,21072-30059,dryers,20632060-a,716000000,2026-10-08 01:34:01,2026-10-07 03:04:43,0,80958.0,-80958.0,,Available,website maps this code to Available
1,a132cb53-122d-4122-994b-d29f2bd7fc6a,2026-10-08T01:34:01.273+00:00,2026-10-08T01:34:01.457+00:00,21072-30059,dryers,20632117-a,716000000,2026-10-08 01:34:01,2026-10-08 01:18:25,0,936.0,-936.0,,Available,website maps this code to Available
1,a132cb53-122d-4122-994b-d29f2bd7fc6a,2026-10-08T01:34:01.273+00:00,2026-10-08T01:34:01.457+00:00,21072-30059,dryers,20632037-a,716000000,2026-10-08 01:34:01,2026-10-08 01:18:06,0,955.0,-955.0,,Available,website maps this code to Available
1,a132cb53-122d-4122-994b-d29f2bd7fc6a,2026-10-08T01:34:01.273+00:00,2026-10-08T01:34:01.457+00:00,21072-30059,dryers,20632092-a,716000000,2026-10-08 01:34:01,2026-10-07 22:05:27,0,12514.0,-12514.0,,Available,website maps this code to Available
1,a132cb53-122d-4122-994b-d29f2bd7fc6a,2026-10-08T01:34:01.273+00:00,2026-10-08T01:34:01.457+00:00,21072-30059,dryers,20632128-a,716000000,2026-10-08 01:34:01,2026-10-07 22:06:02,0,12479.0,-12479.0,,Available,website maps this code to Available
1,a132cb53-122d-4122-994b-d29f2bd7fc6a,2026-10-08T01:34:01.273+00:00,2026-10-08T01:34:01.457+00:00,21072-30059,dryers,20632044-a,416000000,2026-10-08 01:34:01,2026-10-08 01:26:49,10,432.0,168.0,3,Running,
1,a132cb53-122d-4122-994b-d29f2bd7fc6a,2026-10-08T01:34:01.273+00:00,2026-10-08T01:34:01.457+00:00,21072-30059,dryers,20632094-a,716000000,2026-10-08 01:34:01,2026-10-07 07:58:50,0,63311.0,-63311.0,,Available,website maps this code to Available
1,a132cb53-122d-4122-994b-d29f2bd7fc6a,2026-10-08T01:34:01.273+00:00,2026-10-08T01:34:01.457+00:00,21072-30059,dryers,20632123-a,716000000,2026-10-08 01:34:01,2026-10-08 00:04:40,0,5361.0,-5361.0,,Available,website maps this code to Available
1,a132cb53-122d-4122-994b-d29f2bd7fc6a,2026-10-08T01:34:01.273+00:00,2026-10-08T01:34:01.457+00:00,21072-30059,dryers,20632098-a,616000040,2026-10-08 01:34:01,2026-10-08 00:50:42,0,2599.0,-2599.0,,Error,
1,af9ef136-29a8-4340-8371-53a77d086c4c,2026-10-08T01:35:01.272+00:00,2026-10-08T01:35:01.438+00:00,21072-30059,washers,20632118-b,716000000,2026-10-08 01:35:01,2026-10-07 20:53:09,0,16912.0,-16912.0,,Available,website maps this code to Available
1,af9ef136-29a8-4340-8371-53a77d086c4c,2026-10-08T01:35:01.272+00:00,2026-10-08T01:35:01.438+00:00,21072-30059,washers,20632035-b,716000000,2026-10-08 01:35:01,2026-10-07 04:03:57,0,77464.0,-77464.0,,Available,website maps this code to Available
1,af9ef136-29a8-4340-8371-53a77d086c4c,2026-10-08T01:35:01.272+00:00,2026-10-08T01:35:01.438+00:00,21072-30059,washers,20632102-b,516000000,2026-10-08 01:35:01,2026-10-08 01:20:23,0,878.0,-878.0,,Finished,
1,af9ef136-29a8-4340-8371-53a77d086c4c,2026-10-08T01:35:01.272+00:00,2026-10-08T01:35:01.438+00:00,21072-30059,washers,20632060-b,716000000,2026-10-08 01:35:01,2026-10-07 23:19:28,0,8133.0,-8133.0,,Available,website maps this code to Available
1,af9ef136-29a8-4340-8371-53a77d086c4c,2026-10-08T01:35:01.272+00:00,2026-10-08T01:35:01.438+00:00,21072-30059,washers,20632117-b,716000000,2026-10-08 01:35:01,2026-10-07 23:18:55,0,8166.0,-8166.0,,Available,website maps this code to Available
1,af9ef136-29a8-4340-8371-53a77d086c4c,2026-10-08T01:35:01.272+00:00,2026-10-08T01:35:01.438+00:00,21072-30059,washers,20632037-b,716000000,2026-10-08 01:35:01,2026-10-07 20:32:19,0,18162.0,-18162.0,,Available,website maps this code to Available
1,af9ef136-29a8-4340-8371-53a77d086c4c,2026-10-08T01:35:01.272+00:00,2026-10-08T01:35:01.438+00:00,21072-30059,washers,20632092-b,716000000,2026-10-08 01:35:01,2026-10-07 20:33:56,0,18065.0,-18065.0,,Available,website maps this code to Available
1,af9ef136-29a8-4340-8371-53a77d086c4c,2026-10-08T01:35:01.272+00:00,2026-10-08T01:35:01.438+00:00,21072-30059,washers,20632128-b,716000000,2026-10-08 01:35:01,2026-10-07 20:35:15,0,17986.0,-17986.0,,Available,website maps this code to Available
1,af9ef136-29a8-4340-8371-53a77d086c4c,2026-10-08T01:35:01.272+00:00,2026-10-08T01:35:01.438+00:00,21072-30059,washers,20632044-b,716000000,2026-10-08 01:35:01,2026-10-07 06:53:39,0,67282.0,-67282.0,,Available,website maps this code to Available
1,af9ef136-29a8-4340-8371-53a77d086c4c,2026-10-08T01:35:01.272+00:00,2026-10-08T01:35:01.438+00:00,21072-30059,washers,20632094-b,716000000,2026-10-08 01:35:01,2026-10-07 06:07:39,0,70042.0,-70042.0,,Available,website maps this code to Available
1,af9ef136-29a8-4340-8371-53a77d086c4c,2026-10-08T01:35:01.272+00:00,2026-10-08T01:35:01.438+00:00,21072-30059,washers,20632123-b,516000000,2026-10-08 01:35:01,2026-10-08 00:04:42,0,5419.0,-5419.0,,Available,website fallback: report over 1 hour old
1,af9ef136-29a8-4340-8371-53a77d086c4c,2026-10-08T01:35:01.272+00:00,2026-10-08T01:35:01.438+00:00,21072-30059,washers,20632098-b,616000040,2026-10-08 01:35:01,2026-10-08 00:50:44,0,2657.0,-2657.0,,Error,
1,af9ef136-29a8-4340-8371-53a77d086c4c,2026-10-08T01:35:01.272+00:00,2026-10-08T01:35:01.438+00:00,21072-30059,dryers,20632096-a,716000000,2026-10-08 01:35:01,2026-10-08 00:51:10,0,2631.0,-2631.0,,Available,website maps this code to Available
1,af9ef136-29a8-4340-8371-53a77d086c4c,2026-10-08T01:35:01.272+00:00,2026-10-08T01:35:01.438+00:00,21072-30059,dryers,20632096-b,716000000,2026-10-08 01:35:01,2026-10-08 00:51:12,0,2629.0,-2629.0,,Available,website maps this code to Available
1,af9ef136-29a8-4340-8371-53a77d086c4c,2026-10-08T01:35:01.272+00:00,2026-10-08T01:35:01.438+00:00,21072-30059,dryers,20632118-a,716000000,2026-10-08 01:35:01,2026-10-07 18:39:43,0,24918.0,-24918.0,,Available,website maps this code to Available
1,af9ef136-29a8-4340-8371-53a77d086c4c,2026-10-08T01:35:01.272+00:00,2026-10-08T01:35:01.438+00:00,21072-30059,dryers,20632035-a,716000000,2026-10-08 01:35:01,2026-10-07 02:49:50,0,81911.0,-81911.0,,Available,website maps this code to Available
1,af9ef136-29a8-4340-8371-53a77d086c4c,2026-10-08T01:35:01.272+00:00,2026-10-08T01:35:01.438+00:00,21072-30059,dryers,20632102-a,716000000,2026-10-08 01:35:01,2026-10-08 01:20:22,0,879.0,-879.0,,Available,website maps this code to Available
1,af9ef136-29a8-4340-8371-53a77d086c4c,2026-10-08T01:35:01.272+00:00,2026-10-08T01:35:01.438+00:00,21072-30059,dryers,20632060-a,716000000,2026-10-08 01:35:01,2026-10-07 03:04:43,0,81018.0,-81018.0,,Available,website maps this code to Available
1,af9ef136-29a8-4340-8371-53a77d086c4c,2026-10-08T01:35:01.272+00:00,2026-10-08T01:35:01.438+00:00,21072-30059,dryers,20632117-a,716000000,2026-10-08 01:35:01,2026-10-08 01:18:25,0,996.0,-996.0,,Available,website maps this code to Available
1,af9ef136-29a8-4340-8371-53a77d086c4c,2026-10-08T01:35:01.272+00:00,2026-10-08T01:35:01.438+00:00,21072-30059,dryers,20632037-a,716000000,2026-10-08 01:35:01,2026-10-08 01:18:06,0,1015.0,-1015.0,,Available,website maps this code to Available
1,af9ef136-29a8-4340-8371-53a77d086c4c,2026-10-08T01:35:01.272+00:00,2026-10-08T01:35:01.438+00:00,21072-30059,dryers,20632092-a,716000000,2026-10-08 01:35:01,2026-10-07 22:05:27,0,12574.0,-12574.0,,Available,website maps this code to Available
1,af9ef136-29a8-4340-8371-53a77d086c4c,2026-10-08T01:35:01.272+00:00,2026-10-08T01:35:01.438+00:00,21072-30059,dryers,20632128-a,716000000,2026-10-08 01:35:01,2026-10-07 22:06:02,0,12539.0,-12539.0,,Available,website maps this code to Available
1,af9ef136-29a8-4340-8371-53a77d086c4c,2026-10-08T01:35:01.272+00:00,2026-10-08T01:35:01.438+00:00,21072-30059,dryers,20632044-a,416000000,2026-10-08 01:35:01,2026-10-08 01:26:49,10,492.0,108.0,2,Running,
1,af9ef136-29a8-4340-8371-53a77d086c4c,2026-10-08T01:35:01.272+00:00,2026-10-08T01:35:01.438+00:00,21072-30059,dryers,20632094-a,716000000,2026-10-08 01:35:01,2026-10-07 07:58:50,0,63371.0,-63371.0,,Available,website maps this code to Available
1,af9ef136-29a8-4340-8371-53a77d086c4c,2026-10-08T01:35:01.272+00:00,2026-10-08T01:35:01.438+00:00,21072-30059,dryers,20632123-a,716000000,2026-10-08 01:35:01,2026-10-08 00:04:40,0,5421.0,-5421.0,,Available,website maps this code to Available
1,af9ef136-29a8-4340-8371-53a77d086c4c,2026-10-08T01:35:01.272+00:00,2026-10-08T01:35:01.438+00:00,21072-30059,dryers,20632098-a,616000040,2026-10-08 01:35:01,2026-10-08 00:50:42,0,2659.0,-2659.0,,Error,
1,5b30b087-3771-4351-86f3-055d9bb6c061,2026-10-08T01:36:00.921+00:00,2026-10-08T01:36:01.099+00:00,21072-30059,washers,20632118-b,716000000,2026-10-08 01:36:01,2026-10-07 20:53:09,0,16972.0,-16972.0,,Available,website maps this code to Available
1,5b30b087-3771-4351-86f3-055d9bb6c061,2026-10-08T01:36:00.921+00:00,2026-10-08T01:36:01.099+00:00,21072-30059,washers,20632035-b,716000000,2026-10-08 01:36:01,2026-10-07 04:03:57,0,77524.0,-77524.0,,Available,website maps this code to Available
1,5b30b087-3771-4351-86f3-055d9bb6c061,2026-10-08T01:36:00.921+00:00,2026-10-08T01:36:01.099+00:00,21072-30059,washers,20632102-b,516000000,2026-10-08 01:36:01,2026-10-08 01:20:23,0,938.0,-938.0,,Finished,
1,5b30b087-3771-4351-86f3-055d9bb6c061,2026-10-08T01:36:00.921+00:00,2026-10-08T01:36:01.099+00:00,21072-30059,washers,20632060-b,716000000,2026-10-08 01:36:01,2026-10-07 23:19:28,0,8193.0,-8193.0,,Available,website maps this code to Available
1,5b30b087-3771-4351-86f3-055d9bb6c061,2026-10-08T01:36:00.921+00:00,2026-10-08T01:36:01.099+00:00,21072-30059,washers,20632117-b,716000000,2026-10-08 01:36:01,2026-10-07 23:18:55,0,8226.0,-8226.0,,Available,website maps this code to Available
1,5b30b087-3771-4351-86f3-055d9bb6c061,2026-10-08T01:36:00.921+00:00,2026-10-08T01:36:01.099+00:00,21072-30059,washers,20632037-b,716000000,2026-10-08 01:36:01,2026-10-07 20:32:19,0,18222.0,-18222.0,,Available,website maps this code to Available
1,5b30b087-3771-4351-86f3-055d9bb6c061,2026-10-08T01:36:00.921+00:00,2026-10-08T01:36:01.099+00:00,21072-30059,washers,20632092-b,716000000,2026-10-08 01:36:01,2026-10-07 20:33:56,0,18125.0,-18125.0,,Available,website maps this code to Available
1,5b30b087-3771-4351-86f3-055d9bb6c061,2026-10-08T01:36:00.921+00:00,2026-10-08T01:36:01.099+00:00,21072-30059,washers,20632128-b,716000000,2026-10-08 01:36:01,2026-10-07 20:35:15,0,18046.0,-18046.0,,Available,website maps this code to Available
1,5b30b087-3771-4351-86f3-055d9bb6c061,2026-10-08T01:36:00.921+00:00,2026-10-08T01:36:01.099+00:00,21072-30059,washers,20632044-b,716000000,2026-10-08 01:36:01,2026-10-07 06:53:39,0,67342.0,-67342.0,,Available,website maps this code to Available
1,5b30b087-3771-4351-86f3-055d9bb6c061,2026-10-08T01:36:00.921+00:00,2026-10-08T01:36:01.099+00:00,21072-30059,washers,20632094-b,716000000,2026-10-08 01:36:01,2026-10-07 06:07:39,0,70102.0,-70102.0,,Available,website maps this code to Available
1,5b30b087-3771-4351-86f3-055d9bb6c061,2026-10-08T01:36:00.921+00:00,2026-10-08T01:36:01.099+00:00,21072-30059,washers,20632123-b,516000000,2026-10-08 01:36:01,2026-10-08 00:04:42,0,5479.0,-5479.0,,Available,website fallback: report over 1 hour old
1,5b30b087-3771-4351-86f3-055d9bb6c061,2026-10-08T01:36:00.921+00:00,2026-10-08T01:36:01.099+00:00,21072-30059,washers,20632098-b,616000040,2026-10-08 01:36:01,2026-10-08 00:50:44,0,2717.0,-2717.0,,Error,
1,5b30b087-3771-4351-86f3-055d9bb6c061,2026-10-08T01:36:00.921+00:00,2026-10-08T01:36:01.099+00:00,21072-30059,dryers,20632096-a,716000000,2026-10-08 01:36:01,2026-10-08 00:51:10,0,2691.0,-2691.0,,Available,website maps this code to Available
1,5b30b087-3771-4351-86f3-055d9bb6c061,2026-10-08T01:36:00.921+00:00,2026-10-08T01:36:01.099+00:00,21072-30059,dryers,20632096-b,716000000,2026-10-08 01:36:01,2026-10-08 00:51:12,0,2689.0,-2689.0,,Available,website maps this code to Available
1,5b30b087-3771-4351-86f3-055d9bb6c061,2026-10-08T01:36:00.921+00:00,2026-10-08T01:36:01.099+00:00,21072-30059,dryers,20632118-a,716000000,2026-10-08 01:36:01,2026-10-07 18:39:43,0,24978.0,-24978.0,,Available,website maps this code to Available
1,5b30b087-3771-4351-86f3-055d9bb6c061,2026-10-08T01:36:00.921+00:00,2026-10-08T01:36:01.099+00:00,21072-30059,dryers,20632035-a,716000000,2026-10-08 01:36:01,2026-10-07 02:49:50,0,81971.0,-81971.0,,Available,website maps this code to Available
1,5b30b087-3771-4351-86f3-055d9bb6c061,2026-10-08T01:36:00.921+00:00,2026-10-08T01:36:01.099+00:00,21072-30059,dryers,20632102-a,716000000,2026-10-08 01:36:01,2026-10-08 01:20:22,0,939.0,-939.0,,Available,website maps this code to Available
1,5b30b087-3771-4351-86f3-055d9bb6c061,2026-10-08T01:36:00.921+00:00,2026-10-08T01:36:01.099+00:00,21072-30059,dryers,20632060-a,716000000,2026-10-08 01:36:01,2026-10-07 03:04:43,0,81078.0,-81078.0,,Available,website maps this code to Available
1,5b30b087-3771-4351-86f3-055d9bb6c061,2026-10-08T01:36:00.921+00:00,2026-10-08T01:36:01.099+00:00,21072-30059,dryers,20632117-a,716000000,2026-10-08 01:36:01,2026-10-08 01:18:25,0,1056.0,-1056.0,,Available,website maps this code to Available
1,5b30b087-3771-4351-86f3-055d9bb6c061,2026-10-08T01:36:00.921+00:00,2026-10-08T01:36:01.099+00:00,21072-30059,dryers,20632037-a,716000000,2026-10-08 01:36:01,2026-10-08 01:18:06,0,1075.0,-1075.0,,Available,website maps this code to Available
1,5b30b087-3771-4351-86f3-055d9bb6c061,2026-10-08T01:36:00.921+00:00,2026-10-08T01:36:01.099+00:00,21072-30059,dryers,20632092-a,716000000,2026-10-08 01:36:01,2026-10-07 22:05:27,0,12634.0,-12634.0,,Available,website maps this code to Available
1,5b30b087-3771-4351-86f3-055d9bb6c061,2026-10-08T01:36:00.921+00:00,2026-10-08T01:36:01.099+00:00,21072-30059,dryers,20632128-a,716000000,2026-10-08 01:36:01,2026-10-07 22:06:02,0,12599.0,-12599.0,,Available,website maps this code to Available
1,5b30b087-3771-4351-86f3-055d9bb6c061,2026-10-08T01:36:00.921+00:00,2026-10-08T01:36:01.099+00:00,21072-30059,dryers,20632044-a,416000000,2026-10-08 01:36:01,2026-10-08 01:26:49,10,552.0,48.0,1,Running,
1,5b30b087-3771-4351-86f3-055d9bb6c061,2026-10-08T01:36:00.921+00:00,2026-10-08T01:36:01.099+00:00,21072-30059,dryers,20632094-a,716000000,2026-10-08 01:36:01,2026-10-07 07:58:50,0,63431.0,-63431.0,,Available,website maps this code to Available
1,5b30b087-3771-4351-86f3-055d9bb6c061,2026-10-08T01:36:00.921+00:00,2026-10-08T01:36:01.099+00:00,21072-30059,dryers,20632123-a,716000000,2026-10-08 01:36:01,2026-10-08 00:04:40,0,5481.0,-5481.0,,Available,website maps this code to Available
1,5b30b087-3771-4351-86f3-055d9bb6c061,2026-10-08T01:36:00.921+00:00,2026-10-08T01:36:01.099+00:00,21072-30059,dryers,20632098-a,616000040,2026-10-08 01:36:01,2026-10-08 00:50:42,0,2719.0,-2719.0,,Error,
1,f68810c2-4c09-4c07-b7b8-3f84a21daf52,2026-10-08T01:37:01.260+00:00,2026-10-08T01:37:01.463+00:00,21072-30059,washers,20632118-b,716000000,2026-10-08 01:37:01,2026-10-07 20:53:09,0,17032.0,-17032.0,,Available,website maps this code to Available
1,f68810c2-4c09-4c07-b7b8-3f84a21daf52,2026-10-08T01:37:01.260+00:00,2026-10-08T01:37:01.463+00:00,21072-30059,washers,20632035-b,716000000,2026-10-08 01:37:01,2026-10-07 04:03:57,0,77584.0,-77584.0,,Available,website maps this code to Available
1,f68810c2-4c09-4c07-b7b8-3f84a21daf52,2026-10-08T01:37:01.260+00:00,2026-10-08T01:37:01.463+00:00,21072-30059,washers,20632102-b,516000000,2026-10-08 01:37:01,2026-10-08 01:20:23,0,998.0,-998.0,,Finished,
1,f68810c2-4c09-4c07-b7b8-3f84a21daf52,2026-10-08T01:37:01.260+00:00,2026-10-08T01:37:01.463+00:00,21072-30059,washers,20632060-b,716000000,2026-10-08 01:37:01,2026-10-07 23:19:28,0,8253.0,-8253.0,,Available,website maps this code to Available
1,f68810c2-4c09-4c07-b7b8-3f84a21daf52,2026-10-08T01:37:01.260+00:00,2026-10-08T01:37:01.463+00:00,21072-30059,washers,20632117-b,716000000,2026-10-08 01:37:01,2026-10-07 23:18:55,0,8286.0,-8286.0,,Available,website maps this code to Available
1,f68810c2-4c09-4c07-b7b8-3f84a21daf52,2026-10-08T01:37:01.260+00:00,2026-10-08T01:37:01.463+00:00,21072-30059,washers,20632037-b,716000000,2026-10-08 01:37:01,2026-10-07 20:32:19,0,18282.0,-18282.0,,Available,website maps this code to Available
1,f68810c2-4c09-4c07-b7b8-3f84a21daf52,2026-10-08T01:37:01.260+00:00,2026-10-08T01:37:01.463+00:00,21072-30059,washers,20632092-b,716000000,2026-10-08 01:37:01,2026-10-07 20:33:56,0,18185.0,-18185.0,,Available,website maps this code to Available
1,f68810c2-4c09-4c07-b7b8-3f84a21daf52,2026-10-08T01:37:01.260+00:00,2026-10-08T01:37:01.463+00:00,21072-30059,washers,20632128-b,716000000,2026-10-08 01:37:01,2026-10-07 20:35:15,0,18106.0,-18106.0,,Available,website maps this code to Available
1,f68810c2-4c09-4c07-b7b8-3f84a21daf52,2026-10-08T01:37:01.260+00:00,2026-10-08T01:37:01.463+00:00,21072-30059,washers,20632044-b,716000000,2026-10-08 01:37:01,2026-10-07 06:53:39,0,67402.0,-67402.0,,Available,website maps this code to Available
1,f68810c2-4c09-4c07-b7b8-3f84a21daf52,2026-10-08T01:37:01.260+00:00,2026-10-08T01:37:01.463+00:00,21072-30059,washers,20632094-b,716000000,2026-10-08 01:37:01,2026-10-07 06:07:39,0,70162.0,-70162.0,,Available,website maps this code to Available
1,f68810c2-4c09-4c07-b7b8-3f84a21daf52,2026-10-08T01:37:01.260+00:00,2026-10-08T01:37:01.463+00:00,21072-30059,washers,20632123-b,516000000,2026-10-08 01:37:01,2026-10-08 00:04:42,0,5539.0,-5539.0,,Available,website fallback: report over 1 hour old
1,f68810c2-4c09-4c07-b7b8-3f84a21daf52,2026-10-08T01:37:01.260+00:00,2026-10-08T01:37:01.463+00:00,21072-30059,washers,20632098-b,616000040,2026-10-08 01:37:01,2026-10-08 00:50:44,0,2777.0,-2777.0,,Error,
1,f68810c2-4c09-4c07-b7b8-3f84a21daf52,2026-10-08T01:37:01.260+00:00,2026-10-08T01:37:01.463+00:00,21072-30059,dryers,20632096-a,716000000,2026-10-08 01:37:01,2026-10-08 00:51:10,0,2751.0,-2751.0,,Available,website maps this code to Available
1,f68810c2-4c09-4c07-b7b8-3f84a21daf52,2026-10-08T01:37:01.260+00:00,2026-10-08T01:37:01.463+00:00,21072-30059,dryers,20632096-b,716000000,2026-10-08 01:37:01,2026-10-08 00:51:12,0,2749.0,-2749.0,,Available,website maps this code to Available
1,f68810c2-4c09-4c07-b7b8-3f84a21daf52,2026-10-08T01:37:01.260+00:00,2026-10-08T01:37:01.463+00:00,21072-30059,dryers,20632118-a,716000000,2026-10-08 01:37:01,2026-10-07 18:39:43,0,25038.0,-25038.0,,Available,website maps this code to Available
1,f68810c2-4c09-4c07-b7b8-3f84a21daf52,2026-10-08T01:37:01.260+00:00,2026-10-08T01:37:01.463+00:00,21072-30059,dryers,20632035-a,716000000,2026-10-08 01:37:01,2026-10-07 02:49:50,0,82031.0,-82031.0,,Available,website maps this code to Available
1,f68810c2-4c09-4c07-b7b8-3f84a21daf52,2026-10-08T01:37:01.260+00:00,2026-10-08T01:37:01.463+00:00,21072-30059,dryers,20632102-a,716000000,2026-10-08 01:37:01,2026-10-08 01:20:22,0,999.0,-999.0,,Available,website maps this code to Available
1,f68810c2-4c09-4c07-b7b8-3f84a21daf52,2026-10-08T01:37:01.260+00:00,2026-10-08T01:37:01.463+00:00,21072-30059,dryers,20632060-a,716000000,2026-10-08 01:37:01,2026-10-07 03:04:43,0,81138.0,-81138.0,,Available,website maps this code to Available
1,f68810c2-4c09-4c07-b7b8-3f84a21daf52,2026-10-08T01:37:01.260+00:00,2026-10-08T01:37:01.463+00:00,21072-30059,dryers,20632117-a,716000000,2026-10-08 01:37:01,2026-10-08 01:18:25,0,1116.0,-1116.0,,Available,website maps this code to Available
1,f68810c2-4c09-4c07-b7b8-3f84a21daf52,2026-10-08T01:37:01.260+00:00,2026-10-08T01:37:01.463+00:00,21072-30059,dryers,20632037-a,716000000,2026-10-08 01:37:01,2026-10-08 01:18:06,0,1135.0,-1135.0,,Available,website maps this code to Available
1,f68810c2-4c09-4c07-b7b8-3f84a21daf52,2026-10-08T01:37:01.260+00:00,2026-10-08T01:37:01.463+00:00,21072-30059,dryers,20632092-a,716000000,2026-10-08 01:37:01,2026-10-07 22:05:27,0,12694.0,-12694.0,,Available,website maps this code to Available
1,f68810c2-4c09-4c07-b7b8-3f84a21daf52,2026-10-08T01:37:01.260+00:00,2026-10-08T01:37:01.463+00:00,21072-30059,dryers,20632128-a,716000000,2026-10-08 01:37:01,2026-10-07 22:06:02,0,12659.0,-12659.0,,Available,website maps this code to Available
1,f68810c2-4c09-4c07-b7b8-3f84a21daf52,2026-10-08T01:37:01.260+00:00,2026-10-08T01:37:01.463+00:00,21072-30059,dryers,20632044-a,416000000,2026-10-08 01:37:01,2026-10-08 01:26:49,10,612.0,-12.0,,Available,website fallback: countdown expired
1,f68810c2-4c09-4c07-b7b8-3f84a21daf52,2026-10-08T01:37:01.260+00:00,2026-10-08T01:37:01.463+00:00,21072-30059,dryers,20632094-a,716000000,2026-10-08 01:37:01,2026-10-07 07:58:50,0,63491.0,-63491.0,,Available,website maps this code to Available
1,f68810c2-4c09-4c07-b7b8-3f84a21daf52,2026-10-08T01:37:01.260+00:00,2026-10-08T01:37:01.463+00:00,21072-30059,dryers,20632123-a,716000000,2026-10-08 01:37:01,2026-10-08 00:04:40,0,5541.0,-5541.0,,Available,website maps this code to Available
1,f68810c2-4c09-4c07-b7b8-3f84a21daf52,2026-10-08T01:37:01.260+00:00,2026-10-08T01:37:01.463+00:00,21072-30059,dryers,20632098-a,616000040,2026-10-08 01:37:01,2026-10-08 00:50:42,0,2779.0,-2779.0,,Error,
1,f41d0596-0937-4c9a-b829-0493ad705219,2026-10-08T01:38:01.264+00:00,2026-10-08T01:38:01.456+00:00,21072-30059,washers,20632118-b,716000000,2026-10-08 01:38:01,2026-10-07 20:53:09,0,17092.0,-17092.0,,Available,website maps this code to Available
1,f41d0596-0937-4c9a-b829-0493ad705219,2026-10-08T01:38:01.264+00:00,2026-10-08T01:38:01.456+00:00,21072-30059,washers,20632035-b,716000000,2026-10-08 01:38:01,2026-10-07 04:03:57,0,77644.0,-77644.0,,Available,website maps this code to Available
1,f41d0596-0937-4c9a-b829-0493ad705219,2026-10-08T01:38:01.264+00:00,2026-10-08T01:38:01.456+00:00,21072-30059,washers,20632102-b,516000000,2026-10-08 01:38:01,2026-10-08 01:20:23,0,1058.0,-1058.0,,Finished,
1,f41d0596-0937-4c9a-b829-0493ad705219,2026-10-08T01:38:01.264+00:00,2026-10-08T01:38:01.456+00:00,21072-30059,washers,20632060-b,716000000,2026-10-08 01:38:01,2026-10-07 23:19:28,0,8313.0,-8313.0,,Available,website maps this code to Available
1,f41d0596-0937-4c9a-b829-0493ad705219,2026-10-08T01:38:01.264+00:00,2026-10-08T01:38:01.456+00:00,21072-30059,washers,20632117-b,716000000,2026-10-08 01:38:01,2026-10-07 23:18:55,0,8346.0,-8346.0,,Available,website maps this code to Available
1,f41d0596-0937-4c9a-b829-0493ad705219,2026-10-08T01:38:01.264+00:00,2026-10-08T01:38:01.456+00:00,21072-30059,washers,20632037-b,716000000,2026-10-08 01:38:01,2026-10-07 20:32:19,0,18342.0,-18342.0,,Available,website maps this code to Available
1,f41d0596-0937-4c9a-b829-0493ad705219,2026-10-08T01:38:01.264+00:00,2026-10-08T01:38:01.456+00:00,21072-30059,washers,20632092-b,716000000,2026-10-08 01:38:01,2026-10-07 20:33:56,0,18245.0,-18245.0,,Available,website maps this code to Available
1,f41d0596-0937-4c9a-b829-0493ad705219,2026-10-08T01:38:01.264+00:00,2026-10-08T01:38:01.456+00:00,21072-30059,washers,20632128-b,716000000,2026-10-08 01:38:01,2026-10-07 20:35:15,0,18166.0,-18166.0,,Available,website maps this code to Available
1,f41d0596-0937-4c9a-b829-0493ad705219,2026-10-08T01:38:01.264+00:00,2026-10-08T01:38:01.456+00:00,21072-30059,washers,20632044-b,716000000,2026-10-08 01:38:01,2026-10-07 06:53:39,0,67462.0,-67462.0,,Available,website maps this code to Available
1,f41d0596-0937-4c9a-b829-0493ad705219,2026-10-08T01:38:01.264+00:00,2026-10-08T01:38:01.456+00:00,21072-30059,washers,20632094-b,716000000,2026-10-08 01:38:01,2026-10-07 06:07:39,0,70222.0,-70222.0,,Available,website maps this code to Available
1,f41d0596-0937-4c9a-b829-0493ad705219,2026-10-08T01:38:01.264+00:00,2026-10-08T01:38:01.456+00:00,21072-30059,washers,20632123-b,516000000,2026-10-08 01:38:01,2026-10-08 00:04:42,0,5599.0,-5599.0,,Available,website fallback: report over 1 hour old
1,f41d0596-0937-4c9a-b829-0493ad705219,2026-10-08T01:38:01.264+00:00,2026-10-08T01:38:01.456+00:00,21072-30059,washers,20632098-b,616000040,2026-10-08 01:38:01,2026-10-08 00:50:44,0,2837.0,-2837.0,,Error,
1,f41d0596-0937-4c9a-b829-0493ad705219,2026-10-08T01:38:01.264+00:00,2026-10-08T01:38:01.456+00:00,21072-30059,dryers,20632096-a,716000000,2026-10-08 01:38:01,2026-10-08 00:51:10,0,2811.0,-2811.0,,Available,website maps this code to Available
1,f41d0596-0937-4c9a-b829-0493ad705219,2026-10-08T01:38:01.264+00:00,2026-10-08T01:38:01.456+00:00,21072-30059,dryers,20632096-b,716000000,2026-10-08 01:38:01,2026-10-08 00:51:12,0,2809.0,-2809.0,,Available,website maps this code to Available
1,f41d0596-0937-4c9a-b829-0493ad705219,2026-10-08T01:38:01.264+00:00,2026-10-08T01:38:01.456+00:00,21072-30059,dryers,20632118-a,716000000,2026-10-08 01:38:01,2026-10-07 18:39:43,0,25098.0,-25098.0,,Available,website maps this code to Available
1,f41d0596-0937-4c9a-b829-0493ad705219,2026-10-08T01:38:01.264+00:00,2026-10-08T01:38:01.456+00:00,21072-30059,dryers,20632035-a,716000000,2026-10-08 01:38:01,2026-10-07 02:49:50,0,82091.0,-82091.0,,Available,website maps this code to Available
1,f41d0596-0937-4c9a-b829-0493ad705219,2026-10-08T01:38:01.264+00:00,2026-10-08T01:38:01.456+00:00,21072-30059,dryers,20632102-a,716000000,2026-10-08 01:38:01,2026-10-08 01:20:22,0,1059.0,-1059.0,,Available,website maps this code to Available
1,f41d0596-0937-4c9a-b829-0493ad705219,2026-10-08T01:38:01.264+00:00,2026-10-08T01:38:01.456+00:00,21072-30059,dryers,20632060-a,716000000,2026-10-08 01:38:01,2026-10-07 03:04:43,0,81198.0,-81198.0,,Available,website maps this code to Available
1,f41d0596-0937-4c9a-b829-0493ad705219,2026-10-08T01:38:01.264+00:00,2026-10-08T01:38:01.456+00:00,21072-30059,dryers,20632117-a,716000000,2026-10-08 01:38:01,2026-10-08 01:18:25,0,1176.0,-1176.0,,Available,website maps this code to Available
1,f41d0596-0937-4c9a-b829-0493ad705219,2026-10-08T01:38:01.264+00:00,2026-10-08T01:38:01.456+00:00,21072-30059,dryers,20632037-a,716000000,2026-10-08 01:38:01,2026-10-08 01:18:06,0,1195.0,-1195.0,,Available,website maps this code to Available
1,f41d0596-0937-4c9a-b829-0493ad705219,2026-10-08T01:38:01.264+00:00,2026-10-08T01:38:01.456+00:00,21072-30059,dryers,20632092-a,716000000,2026-10-08 01:38:01,2026-10-07 22:05:27,0,12754.0,-12754.0,,Available,website maps this code to Available
1,f41d0596-0937-4c9a-b829-0493ad705219,2026-10-08T01:38:01.264+00:00,2026-10-08T01:38:01.456+00:00,21072-30059,dryers,20632128-a,716000000,2026-10-08 01:38:01,2026-10-07 22:06:02,0,12719.0,-12719.0,,Available,website maps this code to Available
1,f41d0596-0937-4c9a-b829-0493ad705219,2026-10-08T01:38:01.264+00:00,2026-10-08T01:38:01.456+00:00,21072-30059,dryers,20632044-a,416000000,2026-10-08 01:38:01,2026-10-08 01:37:05,10,56.0,544.0,10,Running,
1,f41d0596-0937-4c9a-b829-0493ad705219,2026-10-08T01:38:01.264+00:00,2026-10-08T01:38:01.456+00:00,21072-30059,dryers,20632094-a,716000000,2026-10-08 01:38:01,2026-10-07 07:58:50,0,63551.0,-63551.0,,Available,website maps this code to Available
1,f41d0596-0937-4c9a-b829-0493ad705219,2026-10-08T01:38:01.264+00:00,2026-10-08T01:38:01.456+00:00,21072-30059,dryers,20632123-a,716000000,2026-10-08 01:38:01,2026-10-08 00:04:40,0,5601.0,-5601.0,,Available,website maps this code to Available
1,f41d0596-0937-4c9a-b829-0493ad705219,2026-10-08T01:38:01.264+00:00,2026-10-08T01:38:01.456+00:00,21072-30059,dryers,20632098-a,616000040,2026-10-08 01:38:01,2026-10-08 00:50:42,0,2839.0,-2839.0,,Error,
1,fa1e619e-8005-41b4-9cf4-9d975114cb2e,2026-10-08T01:39:01.262+00:00,2026-10-08T01:39:01.429+00:00,21072-30059,washers,20632118-b,716000000,2026-10-08 01:39:01,2026-10-07 20:53:09,0,17152.0,-17152.0,,Available,website maps this code to Available
1,fa1e619e-8005-41b4-9cf4-9d975114cb2e,2026-10-08T01:39:01.262+00:00,2026-10-08T01:39:01.429+00:00,21072-30059,washers,20632035-b,716000000,2026-10-08 01:39:01,2026-10-07 04:03:57,0,77704.0,-77704.0,,Available,website maps this code to Available
1,fa1e619e-8005-41b4-9cf4-9d975114cb2e,2026-10-08T01:39:01.262+00:00,2026-10-08T01:39:01.429+00:00,21072-30059,washers,20632102-b,516000000,2026-10-08 01:39:01,2026-10-08 01:20:23,0,1118.0,-1118.0,,Finished,
1,fa1e619e-8005-41b4-9cf4-9d975114cb2e,2026-10-08T01:39:01.262+00:00,2026-10-08T01:39:01.429+00:00,21072-30059,washers,20632060-b,716000000,2026-10-08 01:39:01,2026-10-07 23:19:28,0,8373.0,-8373.0,,Available,website maps this code to Available
1,fa1e619e-8005-41b4-9cf4-9d975114cb2e,2026-10-08T01:39:01.262+00:00,2026-10-08T01:39:01.429+00:00,21072-30059,washers,20632117-b,716000000,2026-10-08 01:39:01,2026-10-07 23:18:55,0,8406.0,-8406.0,,Available,website maps this code to Available
1,fa1e619e-8005-41b4-9cf4-9d975114cb2e,2026-10-08T01:39:01.262+00:00,2026-10-08T01:39:01.429+00:00,21072-30059,washers,20632037-b,716000000,2026-10-08 01:39:01,2026-10-07 20:32:19,0,18402.0,-18402.0,,Available,website maps this code to Available
1,fa1e619e-8005-41b4-9cf4-9d975114cb2e,2026-10-08T01:39:01.262+00:00,2026-10-08T01:39:01.429+00:00,21072-30059,washers,20632092-b,716000000,2026-10-08 01:39:01,2026-10-07 20:33:56,0,18305.0,-18305.0,,Available,website maps this code to Available
1,fa1e619e-8005-41b4-9cf4-9d975114cb2e,2026-10-08T01:39:01.262+00:00,2026-10-08T01:39:01.429+00:00,21072-30059,washers,20632128-b,716000000,2026-10-08 01:39:01,2026-10-07 20:35:15,0,18226.0,-18226.0,,Available,website maps this code to Available
1,fa1e619e-8005-41b4-9cf4-9d975114cb2e,2026-10-08T01:39:01.262+00:00,2026-10-08T01:39:01.429+00:00,21072-30059,washers,20632044-b,716000000,2026-10-08 01:39:01,2026-10-07 06:53:39,0,67522.0,-67522.0,,Available,website maps this code to Available
1,fa1e619e-8005-41b4-9cf4-9d975114cb2e,2026-10-08T01:39:01.262+00:00,2026-10-08T01:39:01.429+00:00,21072-30059,washers,20632094-b,716000000,2026-10-08 01:39:01,2026-10-07 06:07:39,0,70282.0,-70282.0,,Available,website maps this code to Available
1,fa1e619e-8005-41b4-9cf4-9d975114cb2e,2026-10-08T01:39:01.262+00:00,2026-10-08T01:39:01.429+00:00,21072-30059,washers,20632123-b,516000000,2026-10-08 01:39:01,2026-10-08 00:04:42,0,5659.0,-5659.0,,Available,website fallback: report over 1 hour old
1,fa1e619e-8005-41b4-9cf4-9d975114cb2e,2026-10-08T01:39:01.262+00:00,2026-10-08T01:39:01.429+00:00,21072-30059,washers,20632098-b,616000040,2026-10-08 01:39:01,2026-10-08 00:50:44,0,2897.0,-2897.0,,Error,
1,fa1e619e-8005-41b4-9cf4-9d975114cb2e,2026-10-08T01:39:01.262+00:00,2026-10-08T01:39:01.429+00:00,21072-30059,dryers,20632096-a,716000000,2026-10-08 01:39:01,2026-10-08 00:51:10,0,2871.0,-2871.0,,Available,website maps this code to Available
1,fa1e619e-8005-41b4-9cf4-9d975114cb2e,2026-10-08T01:39:01.262+00:00,2026-10-08T01:39:01.429+00:00,21072-30059,dryers,20632096-b,716000000,2026-10-08 01:39:01,2026-10-08 00:51:12,0,2869.0,-2869.0,,Available,website maps this code to Available
1,fa1e619e-8005-41b4-9cf4-9d975114cb2e,2026-10-08T01:39:01.262+00:00,2026-10-08T01:39:01.429+00:00,21072-30059,dryers,20632118-a,716000000,2026-10-08 01:39:01,2026-10-07 18:39:43,0,25158.0,-25158.0,,Available,website maps this code to Available
1,fa1e619e-8005-41b4-9cf4-9d975114cb2e,2026-10-08T01:39:01.262+00:00,2026-10-08T01:39:01.429+00:00,21072-30059,dryers,20632035-a,716000000,2026-10-08 01:39:01,2026-10-07 02:49:50,0,82151.0,-82151.0,,Available,website maps this code to Available
1,fa1e619e-8005-41b4-9cf4-9d975114cb2e,2026-10-08T01:39:01.262+00:00,2026-10-08T01:39:01.429+00:00,21072-30059,dryers,20632102-a,716000000,2026-10-08 01:39:01,2026-10-08 01:20:22,0,1119.0,-1119.0,,Available,website maps this code to Available
1,fa1e619e-8005-41b4-9cf4-9d975114cb2e,2026-10-08T01:39:01.262+00:00,2026-10-08T01:39:01.429+00:00,21072-30059,dryers,20632060-a,716000000,2026-10-08 01:39:01,2026-10-07 03:04:43,0,81258.0,-81258.0,,Available,website maps this code to Available
1,fa1e619e-8005-41b4-9cf4-9d975114cb2e,2026-10-08T01:39:01.262+00:00,2026-10-08T01:39:01.429+00:00,21072-30059,dryers,20632117-a,716000000,2026-10-08 01:39:01,2026-10-08 01:18:25,0,1236.0,-1236.0,,Available,website maps this code to Available
1,fa1e619e-8005-41b4-9cf4-9d975114cb2e,2026-10-08T01:39:01.262+00:00,2026-10-08T01:39:01.429+00:00,21072-30059,dryers,20632037-a,716000000,2026-10-08 01:39:01,2026-10-08 01:18:06,0,1255.0,-1255.0,,Available,website maps this code to Available
1,fa1e619e-8005-41b4-9cf4-9d975114cb2e,2026-10-08T01:39:01.262+00:00,2026-10-08T01:39:01.429+00:00,21072-30059,dryers,20632092-a,716000000,2026-10-08 01:39:01,2026-10-07 22:05:27,0,12814.0,-12814.0,,Available,website maps this code to Available
1,fa1e619e-8005-41b4-9cf4-9d975114cb2e,2026-10-08T01:39:01.262+00:00,2026-10-08T01:39:01.429+00:00,21072-30059,dryers,20632128-a,716000000,2026-10-08 01:39:01,2026-10-07 22:06:02,0,12779.0,-12779.0,,Available,website maps this code to Available
1,fa1e619e-8005-41b4-9cf4-9d975114cb2e,2026-10-08T01:39:01.262+00:00,2026-10-08T01:39:01.429+00:00,21072-30059,dryers,20632044-a,416000000,2026-10-08 01:39:01,2026-10-08 01:37:05,10,116.0,484.0,9,Running,
1,fa1e619e-8005-41b4-9cf4-9d975114cb2e,2026-10-08T01:39:01.262+00:00,2026-10-08T01:39:01.429+00:00,21072-30059,dryers,20632094-a,716000000,2026-10-08 01:39:01,2026-10-07 07:58:50,0,63611.0,-63611.0,,Available,website maps this code to Available
1,fa1e619e-8005-41b4-9cf4-9d975114cb2e,2026-10-08T01:39:01.262+00:00,2026-10-08T01:39:01.429+00:00,21072-30059,dryers,20632123-a,716000000,2026-10-08 01:39:01,2026-10-08 00:04:40,0,5661.0,-5661.0,,Available,website maps this code to Available
1,fa1e619e-8005-41b4-9cf4-9d975114cb2e,2026-10-08T01:39:01.262+00:00,2026-10-08T01:39:01.429+00:00,21072-30059,dryers,20632098-a,616000040,2026-10-08 01:39:01,2026-10-08 00:50:42,0,2899.0,-2899.0,,Error,
1,d900ae31-620a-42c8-b056-cb57238b49e7,2026-10-08T01:40:01.514+00:00,2026-10-08T01:40:01.706+00:00,21072-30059,washers,20632118-b,716000000,2026-10-08 01:40:01,2026-10-07 20:53:09,0,17212.0,-17212.0,,Available,website maps this code to Available
1,d900ae31-620a-42c8-b056-cb57238b49e7,2026-10-08T01:40:01.514+00:00,2026-10-08T01:40:01.706+00:00,21072-30059,washers,20632035-b,716000000,2026-10-08 01:40:01,2026-10-07 04:03:57,0,77764.0,-77764.0,,Available,website maps this code to Available
1,d900ae31-620a-42c8-b056-cb57238b49e7,2026-10-08T01:40:01.514+00:00,2026-10-08T01:40:01.706+00:00,21072-30059,washers,20632102-b,516000000,2026-10-08 01:40:01,2026-10-08 01:20:23,0,1178.0,-1178.0,,Finished,
1,d900ae31-620a-42c8-b056-cb57238b49e7,2026-10-08T01:40:01.514+00:00,2026-10-08T01:40:01.706+00:00,21072-30059,washers,20632060-b,716000000,2026-10-08 01:40:01,2026-10-07 23:19:28,0,8433.0,-8433.0,,Available,website maps this code to Available
1,d900ae31-620a-42c8-b056-cb57238b49e7,2026-10-08T01:40:01.514+00:00,2026-10-08T01:40:01.706+00:00,21072-30059,washers,20632117-b,716000000,2026-10-08 01:40:01,2026-10-07 23:18:55,0,8466.0,-8466.0,,Available,website maps this code to Available
1,d900ae31-620a-42c8-b056-cb57238b49e7,2026-10-08T01:40:01.514+00:00,2026-10-08T01:40:01.706+00:00,21072-30059,washers,20632037-b,716000000,2026-10-08 01:40:01,2026-10-07 20:32:19,0,18462.0,-18462.0,,Available,website maps this code to Available
1,d900ae31-620a-42c8-b056-cb57238b49e7,2026-10-08T01:40:01.514+00:00,2026-10-08T01:40:01.706+00:00,21072-30059,washers,20632092-b,716000000,2026-10-08 01:40:01,2026-10-07 20:33:56,0,18365.0,-18365.0,,Available,website maps this code to Available
1,d900ae31-620a-42c8-b056-cb57238b49e7,2026-10-08T01:40:01.514+00:00,2026-10-08T01:40:01.706+00:00,21072-30059,washers,20632128-b,716000000,2026-10-08 01:40:01,2026-10-07 20:35:15,0,18286.0,-18286.0,,Available,website maps this code to Available
1,d900ae31-620a-42c8-b056-cb57238b49e7,2026-10-08T01:40:01.514+00:00,2026-10-08T01:40:01.706+00:00,21072-30059,washers,20632044-b,716000000,2026-10-08 01:40:01,2026-10-07 06:53:39,0,67582.0,-67582.0,,Available,website maps this code to Available
1,d900ae31-620a-42c8-b056-cb57238b49e7,2026-10-08T01:40:01.514+00:00,2026-10-08T01:40:01.706+00:00,21072-30059,washers,20632094-b,716000000,2026-10-08 01:40:01,2026-10-07 06:07:39,0,70342.0,-70342.0,,Available,website maps this code to Available
1,d900ae31-620a-42c8-b056-cb57238b49e7,2026-10-08T01:40:01.514+00:00,2026-10-08T01:40:01.706+00:00,21072-30059,washers,20632123-b,516000000,2026-10-08 01:40:01,2026-10-08 00:04:42,0,5719.0,-5719.0,,Available,website fallback: report over 1 hour old
1,d900ae31-620a-42c8-b056-cb57238b49e7,2026-10-08T01:40:01.514+00:00,2026-10-08T01:40:01.706+00:00,21072-30059,washers,20632098-b,616000040,2026-10-08 01:40:01,2026-10-08 00:50:44,0,2957.0,-2957.0,,Error,
1,d900ae31-620a-42c8-b056-cb57238b49e7,2026-10-08T01:40:01.514+00:00,2026-10-08T01:40:01.706+00:00,21072-30059,dryers,20632096-a,716000000,2026-10-08 01:40:01,2026-10-08 00:51:10,0,2931.0,-2931.0,,Available,website maps this code to Available
1,d900ae31-620a-42c8-b056-cb57238b49e7,2026-10-08T01:40:01.514+00:00,2026-10-08T01:40:01.706+00:00,21072-30059,dryers,20632096-b,716000000,2026-10-08 01:40:01,2026-10-08 00:51:12,0,2929.0,-2929.0,,Available,website maps this code to Available
1,d900ae31-620a-42c8-b056-cb57238b49e7,2026-10-08T01:40:01.514+00:00,2026-10-08T01:40:01.706+00:00,21072-30059,dryers,20632118-a,716000000,2026-10-08 01:40:01,2026-10-07 18:39:43,0,25218.0,-25218.0,,Available,website maps this code to Available
1,d900ae31-620a-42c8-b056-cb57238b49e7,2026-10-08T01:40:01.514+00:00,2026-10-08T01:40:01.706+00:00,21072-30059,dryers,20632035-a,716000000,2026-10-08 01:40:01,2026-10-07 02:49:50,0,82211.0,-82211.0,,Available,website maps this code to Available
1,d900ae31-620a-42c8-b056-cb57238b49e7,2026-10-08T01:40:01.514+00:00,2026-10-08T01:40:01.706+00:00,21072-30059,dryers,20632102-a,716000000,2026-10-08 01:40:01,2026-10-08 01:20:22,0,1179.0,-1179.0,,Available,website maps this code to Available
1,d900ae31-620a-42c8-b056-cb57238b49e7,2026-10-08T01:40:01.514+00:00,2026-10-08T01:40:01.706+00:00,21072-30059,dryers,20632060-a,716000000,2026-10-08 01:40:01,2026-10-07 03:04:43,0,81318.0,-81318.0,,Available,website maps this code to Available
1,d900ae31-620a-42c8-b056-cb57238b49e7,2026-10-08T01:40:01.514+00:00,2026-10-08T01:40:01.706+00:00,21072-30059,dryers,20632117-a,716000000,2026-10-08 01:40:01,2026-10-08 01:18:25,0,1296.0,-1296.0,,Available,website maps this code to Available
1,d900ae31-620a-42c8-b056-cb57238b49e7,2026-10-08T01:40:01.514+00:00,2026-10-08T01:40:01.706+00:00,21072-30059,dryers,20632037-a,716000000,2026-10-08 01:40:01,2026-10-08 01:18:06,0,1315.0,-1315.0,,Available,website maps this code to Available
1,d900ae31-620a-42c8-b056-cb57238b49e7,2026-10-08T01:40:01.514+00:00,2026-10-08T01:40:01.706+00:00,21072-30059,dryers,20632092-a,716000000,2026-10-08 01:40:01,2026-10-07 22:05:27,0,12874.0,-12874.0,,Available,website maps this code to Available
1,d900ae31-620a-42c8-b056-cb57238b49e7,2026-10-08T01:40:01.514+00:00,2026-10-08T01:40:01.706+00:00,21072-30059,dryers,20632128-a,716000000,2026-10-08 01:40:01,2026-10-07 22:06:02,0,12839.0,-12839.0,,Available,website maps this code to Available
1,d900ae31-620a-42c8-b056-cb57238b49e7,2026-10-08T01:40:01.514+00:00,2026-10-08T01:40:01.706+00:00,21072-30059,dryers,20632044-a,416000000,2026-10-08 01:40:01,2026-10-08 01:37:05,10,176.0,424.0,8,Running,
1,d900ae31-620a-42c8-b056-cb57238b49e7,2026-10-08T01:40:01.514+00:00,2026-10-08T01:40:01.706+00:00,21072-30059,dryers,20632094-a,716000000,2026-10-08 01:40:01,2026-10-07 07:58:50,0,63671.0,-63671.0,,Available,website maps this code to Available
1,d900ae31-620a-42c8-b056-cb57238b49e7,2026-10-08T01:40:01.514+00:00,2026-10-08T01:40:01.706+00:00,21072-30059,dryers,20632123-a,716000000,2026-10-08 01:40:01,2026-10-08 00:04:40,0,5721.0,-5721.0,,Available,website maps this code to Available
1,d900ae31-620a-42c8-b056-cb57238b49e7,2026-10-08T01:40:01.514+00:00,2026-10-08T01:40:01.706+00:00,21072-30059,dryers,20632098-a,616000040,2026-10-08 01:40:01,2026-10-08 00:50:42,0,2959.0,-2959.0,,Error,
1,2528063f-db8f-42f0-8472-570df48ad413,2026-10-08T01:41:01.267+00:00,2026-10-08T01:41:01.455+00:00,21072-30059,washers,20632118-b,716000000,2026-10-08 01:41:01,2026-10-07 20:53:09,0,17272.0,-17272.0,,Available,website maps this code to Available
1,2528063f-db8f-42f0-8472-570df48ad413,2026-10-08T01:41:01.267+00:00,2026-10-08T01:41:01.455+00:00,21072-30059,washers,20632035-b,716000000,2026-10-08 01:41:01,2026-10-07 04:03:57,0,77824.0,-77824.0,,Available,website maps this code to Available
1,2528063f-db8f-42f0-8472-570df48ad413,2026-10-08T01:41:01.267+00:00,2026-10-08T01:41:01.455+00:00,21072-30059,washers,20632102-b,516000000,2026-10-08 01:41:01,2026-10-08 01:20:23,0,1238.0,-1238.0,,Finished,
1,2528063f-db8f-42f0-8472-570df48ad413,2026-10-08T01:41:01.267+00:00,2026-10-08T01:41:01.455+00:00,21072-30059,washers,20632060-b,716000000,2026-10-08 01:41:01,2026-10-07 23:19:28,0,8493.0,-8493.0,,Available,website maps this code to Available
1,2528063f-db8f-42f0-8472-570df48ad413,2026-10-08T01:41:01.267+00:00,2026-10-08T01:41:01.455+00:00,21072-30059,washers,20632117-b,716000000,2026-10-08 01:41:01,2026-10-07 23:18:55,0,8526.0,-8526.0,,Available,website maps this code to Available
1,2528063f-db8f-42f0-8472-570df48ad413,2026-10-08T01:41:01.267+00:00,2026-10-08T01:41:01.455+00:00,21072-30059,washers,20632037-b,716000000,2026-10-08 01:41:01,2026-10-07 20:32:19,0,18522.0,-18522.0,,Available,website maps this code to Available
1,2528063f-db8f-42f0-8472-570df48ad413,2026-10-08T01:41:01.267+00:00,2026-10-08T01:41:01.455+00:00,21072-30059,washers,20632092-b,716000000,2026-10-08 01:41:01,2026-10-07 20:33:56,0,18425.0,-18425.0,,Available,website maps this code to Available
1,2528063f-db8f-42f0-8472-570df48ad413,2026-10-08T01:41:01.267+00:00,2026-10-08T01:41:01.455+00:00,21072-30059,washers,20632128-b,716000000,2026-10-08 01:41:01,2026-10-07 20:35:15,0,18346.0,-18346.0,,Available,website maps this code to Available
1,2528063f-db8f-42f0-8472-570df48ad413,2026-10-08T01:41:01.267+00:00,2026-10-08T01:41:01.455+00:00,21072-30059,washers,20632044-b,716000000,2026-10-08 01:41:01,2026-10-07 06:53:39,0,67642.0,-67642.0,,Available,website maps this code to Available
1,2528063f-db8f-42f0-8472-570df48ad413,2026-10-08T01:41:01.267+00:00,2026-10-08T01:41:01.455+00:00,21072-30059,washers,20632094-b,716000000,2026-10-08 01:41:01,2026-10-07 06:07:39,0,70402.0,-70402.0,,Available,website maps this code to Available
1,2528063f-db8f-42f0-8472-570df48ad413,2026-10-08T01:41:01.267+00:00,2026-10-08T01:41:01.455+00:00,21072-30059,washers,20632123-b,516000000,2026-10-08 01:41:01,2026-10-08 00:04:42,0,5779.0,-5779.0,,Available,website fallback: report over 1 hour old
1,2528063f-db8f-42f0-8472-570df48ad413,2026-10-08T01:41:01.267+00:00,2026-10-08T01:41:01.455+00:00,21072-30059,washers,20632098-b,616000040,2026-10-08 01:41:01,2026-10-08 00:50:44,0,3017.0,-3017.0,,Error,
1,2528063f-db8f-42f0-8472-570df48ad413,2026-10-08T01:41:01.267+00:00,2026-10-08T01:41:01.455+00:00,21072-30059,dryers,20632096-a,716000000,2026-10-08 01:41:01,2026-10-08 00:51:10,0,2991.0,-2991.0,,Available,website maps this code to Available
1,2528063f-db8f-42f0-8472-570df48ad413,2026-10-08T01:41:01.267+00:00,2026-10-08T01:41:01.455+00:00,21072-30059,dryers,20632096-b,716000000,2026-10-08 01:41:01,2026-10-08 00:51:12,0,2989.0,-2989.0,,Available,website maps this code to Available
1,2528063f-db8f-42f0-8472-570df48ad413,2026-10-08T01:41:01.267+00:00,2026-10-08T01:41:01.455+00:00,21072-30059,dryers,20632118-a,716000000,2026-10-08 01:41:01,2026-10-07 18:39:43,0,25278.0,-25278.0,,Available,website maps this code to Available
1,2528063f-db8f-42f0-8472-570df48ad413,2026-10-08T01:41:01.267+00:00,2026-10-08T01:41:01.455+00:00,21072-30059,dryers,20632035-a,716000000,2026-10-08 01:41:01,2026-10-07 02:49:50,0,82271.0,-82271.0,,Available,website maps this code to Available
1,2528063f-db8f-42f0-8472-570df48ad413,2026-10-08T01:41:01.267+00:00,2026-10-08T01:41:01.455+00:00,21072-30059,dryers,20632102-a,716000000,2026-10-08 01:41:01,2026-10-08 01:20:22,0,1239.0,-1239.0,,Available,website maps this code to Available
1,2528063f-db8f-42f0-8472-570df48ad413,2026-10-08T01:41:01.267+00:00,2026-10-08T01:41:01.455+00:00,21072-30059,dryers,20632060-a,716000000,2026-10-08 01:41:01,2026-10-07 03:04:43,0,81378.0,-81378.0,,Available,website maps this code to Available
1,2528063f-db8f-42f0-8472-570df48ad413,2026-10-08T01:41:01.267+00:00,2026-10-08T01:41:01.455+00:00,21072-30059,dryers,20632117-a,716000000,2026-10-08 01:41:01,2026-10-08 01:18:25,0,1356.0,-1356.0,,Available,website maps this code to Available
1,2528063f-db8f-42f0-8472-570df48ad413,2026-10-08T01:41:01.267+00:00,2026-10-08T01:41:01.455+00:00,21072-30059,dryers,20632037-a,716000000,2026-10-08 01:41:01,2026-10-08 01:18:06,0,1375.0,-1375.0,,Available,website maps this code to Available
1,2528063f-db8f-42f0-8472-570df48ad413,2026-10-08T01:41:01.267+00:00,2026-10-08T01:41:01.455+00:00,21072-30059,dryers,20632092-a,716000000,2026-10-08 01:41:01,2026-10-07 22:05:27,0,12934.0,-12934.0,,Available,website maps this code to Available
1,2528063f-db8f-42f0-8472-570df48ad413,2026-10-08T01:41:01.267+00:00,2026-10-08T01:41:01.455+00:00,21072-30059,dryers,20632128-a,716000000,2026-10-08 01:41:01,2026-10-07 22:06:02,0,12899.0,-12899.0,,Available,website maps this code to Available
1,2528063f-db8f-42f0-8472-570df48ad413,2026-10-08T01:41:01.267+00:00,2026-10-08T01:41:01.455+00:00,21072-30059,dryers,20632044-a,416000000,2026-10-08 01:41:01,2026-10-08 01:37:05,10,236.0,364.0,7,Running,
1,2528063f-db8f-42f0-8472-570df48ad413,2026-10-08T01:41:01.267+00:00,2026-10-08T01:41:01.455+00:00,21072-30059,dryers,20632094-a,716000000,2026-10-08 01:41:01,2026-10-07 07:58:50,0,63731.0,-63731.0,,Available,website maps this code to Available
1,2528063f-db8f-42f0-8472-570df48ad413,2026-10-08T01:41:01.267+00:00,2026-10-08T01:41:01.455+00:00,21072-30059,dryers,20632123-a,716000000,2026-10-08 01:41:01,2026-10-08 00:04:40,0,5781.0,-5781.0,,Available,website maps this code to Available
1,2528063f-db8f-42f0-8472-570df48ad413,2026-10-08T01:41:01.267+00:00,2026-10-08T01:41:01.455+00:00,21072-30059,dryers,20632098-a,616000040,2026-10-08 01:41:01,2026-10-08 00:50:42,0,3019.0,-3019.0,,Error,
1,822c6a77-f54a-4949-9b3b-cebde4b64b0e,2026-10-08T01:42:01.245+00:00,2026-10-08T01:42:01.436+00:00,21072-30059,washers,20632118-b,716000000,2026-10-08 01:42:01,2026-10-07 20:53:09,0,17332.0,-17332.0,,Available,website maps this code to Available
1,822c6a77-f54a-4949-9b3b-cebde4b64b0e,2026-10-08T01:42:01.245+00:00,2026-10-08T01:42:01.436+00:00,21072-30059,washers,20632035-b,716000000,2026-10-08 01:42:01,2026-10-07 04:03:57,0,77884.0,-77884.0,,Available,website maps this code to Available
1,822c6a77-f54a-4949-9b3b-cebde4b64b0e,2026-10-08T01:42:01.245+00:00,2026-10-08T01:42:01.436+00:00,21072-30059,washers,20632102-b,516000000,2026-10-08 01:42:01,2026-10-08 01:20:23,0,1298.0,-1298.0,,Finished,
1,822c6a77-f54a-4949-9b3b-cebde4b64b0e,2026-10-08T01:42:01.245+00:00,2026-10-08T01:42:01.436+00:00,21072-30059,washers,20632060-b,716000000,2026-10-08 01:42:01,2026-10-07 23:19:28,0,8553.0,-8553.0,,Available,website maps this code to Available
1,822c6a77-f54a-4949-9b3b-cebde4b64b0e,2026-10-08T01:42:01.245+00:00,2026-10-08T01:42:01.436+00:00,21072-30059,washers,20632117-b,716000000,2026-10-08 01:42:01,2026-10-07 23:18:55,0,8586.0,-8586.0,,Available,website maps this code to Available
1,822c6a77-f54a-4949-9b3b-cebde4b64b0e,2026-10-08T01:42:01.245+00:00,2026-10-08T01:42:01.436+00:00,21072-30059,washers,20632037-b,716000000,2026-10-08 01:42:01,2026-10-07 20:32:19,0,18582.0,-18582.0,,Available,website maps this code to Available
1,822c6a77-f54a-4949-9b3b-cebde4b64b0e,2026-10-08T01:42:01.245+00:00,2026-10-08T01:42:01.436+00:00,21072-30059,washers,20632092-b,716000000,2026-10-08 01:42:01,2026-10-07 20:33:56,0,18485.0,-18485.0,,Available,website maps this code to Available
1,822c6a77-f54a-4949-9b3b-cebde4b64b0e,2026-10-08T01:42:01.245+00:00,2026-10-08T01:42:01.436+00:00,21072-30059,washers,20632128-b,716000000,2026-10-08 01:42:01,2026-10-07 20:35:15,0,18406.0,-18406.0,,Available,website maps this code to Available
1,822c6a77-f54a-4949-9b3b-cebde4b64b0e,2026-10-08T01:42:01.245+00:00,2026-10-08T01:42:01.436+00:00,21072-30059,washers,20632044-b,716000000,2026-10-08 01:42:01,2026-10-07 06:53:39,0,67702.0,-67702.0,,Available,website maps this code to Available
1,822c6a77-f54a-4949-9b3b-cebde4b64b0e,2026-10-08T01:42:01.245+00:00,2026-10-08T01:42:01.436+00:00,21072-30059,washers,20632094-b,716000000,2026-10-08 01:42:01,2026-10-07 06:07:39,0,70462.0,-70462.0,,Available,website maps this code to Available
1,822c6a77-f54a-4949-9b3b-cebde4b64b0e,2026-10-08T01:42:01.245+00:00,2026-10-08T01:42:01.436+00:00,21072-30059,washers,20632123-b,516000000,2026-10-08 01:42:01,2026-10-08 00:04:42,0,5839.0,-5839.0,,Available,website fallback: report over 1 hour old
1,822c6a77-f54a-4949-9b3b-cebde4b64b0e,2026-10-08T01:42:01.245+00:00,2026-10-08T01:42:01.436+00:00,21072-30059,washers,20632098-b,616000040,2026-10-08 01:42:01,2026-10-08 00:50:44,0,3077.0,-3077.0,,Error,
1,822c6a77-f54a-4949-9b3b-cebde4b64b0e,2026-10-08T01:42:01.245+00:00,2026-10-08T01:42:01.436+00:00,21072-30059,dryers,20632096-a,716000000,2026-10-08 01:42:01,2026-10-08 00:51:10,0,3051.0,-3051.0,,Available,website maps this code to Available
1,822c6a77-f54a-4949-9b3b-cebde4b64b0e,2026-10-08T01:42:01.245+00:00,2026-10-08T01:42:01.436+00:00,21072-30059,dryers,20632096-b,716000000,2026-10-08 01:42:01,2026-10-08 00:51:12,0,3049.0,-3049.0,,Available,website maps this code to Available
1,822c6a77-f54a-4949-9b3b-cebde4b64b0e,2026-10-08T01:42:01.245+00:00,2026-10-08T01:42:01.436+00:00,21072-30059,dryers,20632118-a,716000000,2026-10-08 01:42:01,2026-10-07 18:39:43,0,25338.0,-25338.0,,Available,website maps this code to Available
1,822c6a77-f54a-4949-9b3b-cebde4b64b0e,2026-10-08T01:42:01.245+00:00,2026-10-08T01:42:01.436+00:00,21072-30059,dryers,20632035-a,716000000,2026-10-08 01:42:01,2026-10-07 02:49:50,0,82331.0,-82331.0,,Available,website maps this code to Available
1,822c6a77-f54a-4949-9b3b-cebde4b64b0e,2026-10-08T01:42:01.245+00:00,2026-10-08T01:42:01.436+00:00,21072-30059,dryers,20632102-a,716000000,2026-10-08 01:42:01,2026-10-08 01:20:22,0,1299.0,-1299.0,,Available,website maps this code to Available
1,822c6a77-f54a-4949-9b3b-cebde4b64b0e,2026-10-08T01:42:01.245+00:00,2026-10-08T01:42:01.436+00:00,21072-30059,dryers,20632060-a,716000000,2026-10-08 01:42:01,2026-10-07 03:04:43,0,81438.0,-81438.0,,Available,website maps this code to Available
1,822c6a77-f54a-4949-9b3b-cebde4b64b0e,2026-10-08T01:42:01.245+00:00,2026-10-08T01:42:01.436+00:00,21072-30059,dryers,20632117-a,716000000,2026-10-08 01:42:01,2026-10-08 01:18:25,0,1416.0,-1416.0,,Available,website maps this code to Available
1,822c6a77-f54a-4949-9b3b-cebde4b64b0e,2026-10-08T01:42:01.245+00:00,2026-10-08T01:42:01.436+00:00,21072-30059,dryers,20632037-a,716000000,2026-10-08 01:42:01,2026-10-08 01:18:06,0,1435.0,-1435.0,,Available,website maps this code to Available
1,822c6a77-f54a-4949-9b3b-cebde4b64b0e,2026-10-08T01:42:01.245+00:00,2026-10-08T01:42:01.436+00:00,21072-30059,dryers,20632092-a,716000000,2026-10-08 01:42:01,2026-10-07 22:05:27,0,12994.0,-12994.0,,Available,website maps this code to Available
1,822c6a77-f54a-4949-9b3b-cebde4b64b0e,2026-10-08T01:42:01.245+00:00,2026-10-08T01:42:01.436+00:00,21072-30059,dryers,20632128-a,716000000,2026-10-08 01:42:01,2026-10-07 22:06:02,0,12959.0,-12959.0,,Available,website maps this code to Available
1,822c6a77-f54a-4949-9b3b-cebde4b64b0e,2026-10-08T01:42:01.245+00:00,2026-10-08T01:42:01.436+00:00,21072-30059,dryers,20632044-a,416000000,2026-10-08 01:42:01,2026-10-08 01:37:05,10,296.0,304.0,6,Running,
1,822c6a77-f54a-4949-9b3b-cebde4b64b0e,2026-10-08T01:42:01.245+00:00,2026-10-08T01:42:01.436+00:00,21072-30059,dryers,20632094-a,716000000,2026-10-08 01:42:01,2026-10-07 07:58:50,0,63791.0,-63791.0,,Available,website maps this code to Available
1,822c6a77-f54a-4949-9b3b-cebde4b64b0e,2026-10-08T01:42:01.245+00:00,2026-10-08T01:42:01.436+00:00,21072-30059,dryers,20632123-a,716000000,2026-10-08 01:42:01,2026-10-08 00:04:40,0,5841.0,-5841.0,,Available,website maps this code to Available
1,822c6a77-f54a-4949-9b3b-cebde4b64b0e,2026-10-08T01:42:01.245+00:00,2026-10-08T01:42:01.436+00:00,21072-30059,dryers,20632098-a,616000040,2026-10-08 01:42:01,2026-10-08 00:50:42,0,3079.0,-3079.0,,Error,
1,17794bc2-605a-404c-963b-5a457e824e98,2026-10-08T01:43:01.258+00:00,2026-10-08T01:43:01.449+00:00,21072-30059,washers,20632118-b,716000000,2026-10-08 01:43:01,2026-10-07 20:53:09,0,17392.0,-17392.0,,Available,website maps this code to Available
1,17794bc2-605a-404c-963b-5a457e824e98,2026-10-08T01:43:01.258+00:00,2026-10-08T01:43:01.449+00:00,21072-30059,washers,20632035-b,716000000,2026-10-08 01:43:01,2026-10-07 04:03:57,0,77944.0,-77944.0,,Available,website maps this code to Available
1,17794bc2-605a-404c-963b-5a457e824e98,2026-10-08T01:43:01.258+00:00,2026-10-08T01:43:01.449+00:00,21072-30059,washers,20632102-b,516000000,2026-10-08 01:43:01,2026-10-08 01:20:23,0,1358.0,-1358.0,,Finished,
1,17794bc2-605a-404c-963b-5a457e824e98,2026-10-08T01:43:01.258+00:00,2026-10-08T01:43:01.449+00:00,21072-30059,washers,20632060-b,716000000,2026-10-08 01:43:01,2026-10-07 23:19:28,0,8613.0,-8613.0,,Available,website maps this code to Available
1,17794bc2-605a-404c-963b-5a457e824e98,2026-10-08T01:43:01.258+00:00,2026-10-08T01:43:01.449+00:00,21072-30059,washers,20632117-b,716000000,2026-10-08 01:43:01,2026-10-07 23:18:55,0,8646.0,-8646.0,,Available,website maps this code to Available
1,17794bc2-605a-404c-963b-5a457e824e98,2026-10-08T01:43:01.258+00:00,2026-10-08T01:43:01.449+00:00,21072-30059,washers,20632037-b,716000000,2026-10-08 01:43:01,2026-10-07 20:32:19,0,18642.0,-18642.0,,Available,website maps this code to Available
1,17794bc2-605a-404c-963b-5a457e824e98,2026-10-08T01:43:01.258+00:00,2026-10-08T01:43:01.449+00:00,21072-30059,washers,20632092-b,716000000,2026-10-08 01:43:01,2026-10-07 20:33:56,0,18545.0,-18545.0,,Available,website maps this code to Available
1,17794bc2-605a-404c-963b-5a457e824e98,2026-10-08T01:43:01.258+00:00,2026-10-08T01:43:01.449+00:00,21072-30059,washers,20632128-b,716000000,2026-10-08 01:43:01,2026-10-07 20:35:15,0,18466.0,-18466.0,,Available,website maps this code to Available
1,17794bc2-605a-404c-963b-5a457e824e98,2026-10-08T01:43:01.258+00:00,2026-10-08T01:43:01.449+00:00,21072-30059,washers,20632044-b,716000000,2026-10-08 01:43:01,2026-10-07 06:53:39,0,67762.0,-67762.0,,Available,website maps this code to Available
1,17794bc2-605a-404c-963b-5a457e824e98,2026-10-08T01:43:01.258+00:00,2026-10-08T01:43:01.449+00:00,21072-30059,washers,20632094-b,716000000,2026-10-08 01:43:01,2026-10-07 06:07:39,0,70522.0,-70522.0,,Available,website maps this code to Available
1,17794bc2-605a-404c-963b-5a457e824e98,2026-10-08T01:43:01.258+00:00,2026-10-08T01:43:01.449+00:00,21072-30059,washers,20632123-b,516000000,2026-10-08 01:43:01,2026-10-08 00:04:42,0,5899.0,-5899.0,,Available,website fallback: report over 1 hour old
1,17794bc2-605a-404c-963b-5a457e824e98,2026-10-08T01:43:01.258+00:00,2026-10-08T01:43:01.449+00:00,21072-30059,washers,20632098-b,616000040,2026-10-08 01:43:01,2026-10-08 00:50:44,0,3137.0,-3137.0,,Error,
1,17794bc2-605a-404c-963b-5a457e824e98,2026-10-08T01:43:01.258+00:00,2026-10-08T01:43:01.449+00:00,21072-30059,dryers,20632096-a,716000000,2026-10-08 01:43:01,2026-10-08 00:51:10,0,3111.0,-3111.0,,Available,website maps this code to Available
1,17794bc2-605a-404c-963b-5a457e824e98,2026-10-08T01:43:01.258+00:00,2026-10-08T01:43:01.449+00:00,21072-30059,dryers,20632096-b,716000000,2026-10-08 01:43:01,2026-10-08 00:51:12,0,3109.0,-3109.0,,Available,website maps this code to Available
1,17794bc2-605a-404c-963b-5a457e824e98,2026-10-08T01:43:01.258+00:00,2026-10-08T01:43:01.449+00:00,21072-30059,dryers,20632118-a,716000000,2026-10-08 01:43:01,2026-10-07 18:39:43,0,25398.0,-25398.0,,Available,website maps this code to Available
1,17794bc2-605a-404c-963b-5a457e824e98,2026-10-08T01:43:01.258+00:00,2026-10-08T01:43:01.449+00:00,21072-30059,dryers,20632035-a,716000000,2026-10-08 01:43:01,2026-10-07 02:49:50,0,82391.0,-82391.0,,Available,website maps this code to Available
1,17794bc2-605a-404c-963b-5a457e824e98,2026-10-08T01:43:01.258+00:00,2026-10-08T01:43:01.449+00:00,21072-30059,dryers,20632102-a,716000000,2026-10-08 01:43:01,2026-10-08 01:20:22,0,1359.0,-1359.0,,Available,website maps this code to Available
1,17794bc2-605a-404c-963b-5a457e824e98,2026-10-08T01:43:01.258+00:00,2026-10-08T01:43:01.449+00:00,21072-30059,dryers,20632060-a,716000000,2026-10-08 01:43:01,2026-10-07 03:04:43,0,81498.0,-81498.0,,Available,website maps this code to Available
1,17794bc2-605a-404c-963b-5a457e824e98,2026-10-08T01:43:01.258+00:00,2026-10-08T01:43:01.449+00:00,21072-30059,dryers,20632117-a,716000000,2026-10-08 01:43:01,2026-10-08 01:18:25,0,1476.0,-1476.0,,Available,website maps this code to Available
1,17794bc2-605a-404c-963b-5a457e824e98,2026-10-08T01:43:01.258+00:00,2026-10-08T01:43:01.449+00:00,21072-30059,dryers,20632037-a,716000000,2026-10-08 01:43:01,2026-10-08 01:18:06,0,1495.0,-1495.0,,Available,website maps this code to Available
1,17794bc2-605a-404c-963b-5a457e824e98,2026-10-08T01:43:01.258+00:00,2026-10-08T01:43:01.449+00:00,21072-30059,dryers,20632092-a,716000000,2026-10-08 01:43:01,2026-10-07 22:05:27,0,13054.0,-13054.0,,Available,website maps this code to Available
1,17794bc2-605a-404c-963b-5a457e824e98,2026-10-08T01:43:01.258+00:00,2026-10-08T01:43:01.449+00:00,21072-30059,dryers,20632128-a,716000000,2026-10-08 01:43:01,2026-10-07 22:06:02,0,13019.0,-13019.0,,Available,website maps this code to Available
1,17794bc2-605a-404c-963b-5a457e824e98,2026-10-08T01:43:01.258+00:00,2026-10-08T01:43:01.449+00:00,21072-30059,dryers,20632044-a,416000000,2026-10-08 01:43:01,2026-10-08 01:37:05,10,356.0,244.0,5,Running,
1,17794bc2-605a-404c-963b-5a457e824e98,2026-10-08T01:43:01.258+00:00,2026-10-08T01:43:01.449+00:00,21072-30059,dryers,20632094-a,716000000,2026-10-08 01:43:01,2026-10-07 07:58:50,0,63851.0,-63851.0,,Available,website maps this code to Available
1,17794bc2-605a-404c-963b-5a457e824e98,2026-10-08T01:43:01.258+00:00,2026-10-08T01:43:01.449+00:00,21072-30059,dryers,20632123-a,716000000,2026-10-08 01:43:01,2026-10-08 00:04:40,0,5901.0,-5901.0,,Available,website maps this code to Available
1,17794bc2-605a-404c-963b-5a457e824e98,2026-10-08T01:43:01.258+00:00,2026-10-08T01:43:01.449+00:00,21072-30059,dryers,20632098-a,616000040,2026-10-08 01:43:01,2026-10-08 00:50:42,0,3139.0,-3139.0,,Error,
1,de44abab-f812-4f34-9107-d71c92f00a51,2026-10-08T01:44:01.374+00:00,2026-10-08T01:44:01.615+00:00,21072-30059,washers,20632118-b,716000000,2026-10-08 01:44:01,2026-10-07 20:53:09,0,17452.0,-17452.0,,Available,website maps this code to Available
1,de44abab-f812-4f34-9107-d71c92f00a51,2026-10-08T01:44:01.374+00:00,2026-10-08T01:44:01.615+00:00,21072-30059,washers,20632035-b,716000000,2026-10-08 01:44:01,2026-10-07 04:03:57,0,78004.0,-78004.0,,Available,website maps this code to Available
1,de44abab-f812-4f34-9107-d71c92f00a51,2026-10-08T01:44:01.374+00:00,2026-10-08T01:44:01.615+00:00,21072-30059,washers,20632102-b,516000000,2026-10-08 01:44:01,2026-10-08 01:20:23,0,1418.0,-1418.0,,Finished,
1,de44abab-f812-4f34-9107-d71c92f00a51,2026-10-08T01:44:01.374+00:00,2026-10-08T01:44:01.615+00:00,21072-30059,washers,20632060-b,716000000,2026-10-08 01:44:01,2026-10-07 23:19:28,0,8673.0,-8673.0,,Available,website maps this code to Available
1,de44abab-f812-4f34-9107-d71c92f00a51,2026-10-08T01:44:01.374+00:00,2026-10-08T01:44:01.615+00:00,21072-30059,washers,20632117-b,716000000,2026-10-08 01:44:01,2026-10-07 23:18:55,0,8706.0,-8706.0,,Available,website maps this code to Available
1,de44abab-f812-4f34-9107-d71c92f00a51,2026-10-08T01:44:01.374+00:00,2026-10-08T01:44:01.615+00:00,21072-30059,washers,20632037-b,716000000,2026-10-08 01:44:01,2026-10-07 20:32:19,0,18702.0,-18702.0,,Available,website maps this code to Available
1,de44abab-f812-4f34-9107-d71c92f00a51,2026-10-08T01:44:01.374+00:00,2026-10-08T01:44:01.615+00:00,21072-30059,washers,20632092-b,716000000,2026-10-08 01:44:01,2026-10-07 20:33:56,0,18605.0,-18605.0,,Available,website maps this code to Available
1,de44abab-f812-4f34-9107-d71c92f00a51,2026-10-08T01:44:01.374+00:00,2026-10-08T01:44:01.615+00:00,21072-30059,washers,20632128-b,716000000,2026-10-08 01:44:01,2026-10-07 20:35:15,0,18526.0,-18526.0,,Available,website maps this code to Available
1,de44abab-f812-4f34-9107-d71c92f00a51,2026-10-08T01:44:01.374+00:00,2026-10-08T01:44:01.615+00:00,21072-30059,washers,20632044-b,716000000,2026-10-08 01:44:01,2026-10-07 06:53:39,0,67822.0,-67822.0,,Available,website maps this code to Available
1,de44abab-f812-4f34-9107-d71c92f00a51,2026-10-08T01:44:01.374+00:00,2026-10-08T01:44:01.615+00:00,21072-30059,washers,20632094-b,716000000,2026-10-08 01:44:01,2026-10-07 06:07:39,0,70582.0,-70582.0,,Available,website maps this code to Available
1,de44abab-f812-4f34-9107-d71c92f00a51,2026-10-08T01:44:01.374+00:00,2026-10-08T01:44:01.615+00:00,21072-30059,washers,20632123-b,516000000,2026-10-08 01:44:01,2026-10-08 00:04:42,0,5959.0,-5959.0,,Available,website fallback: report over 1 hour old
1,de44abab-f812-4f34-9107-d71c92f00a51,2026-10-08T01:44:01.374+00:00,2026-10-08T01:44:01.615+00:00,21072-30059,washers,20632098-b,616000040,2026-10-08 01:44:01,2026-10-08 00:50:44,0,3197.0,-3197.0,,Error,
1,de44abab-f812-4f34-9107-d71c92f00a51,2026-10-08T01:44:01.374+00:00,2026-10-08T01:44:01.615+00:00,21072-30059,dryers,20632096-a,716000000,2026-10-08 01:44:01,2026-10-08 00:51:10,0,3171.0,-3171.0,,Available,website maps this code to Available
1,de44abab-f812-4f34-9107-d71c92f00a51,2026-10-08T01:44:01.374+00:00,2026-10-08T01:44:01.615+00:00,21072-30059,dryers,20632096-b,716000000,2026-10-08 01:44:01,2026-10-08 00:51:12,0,3169.0,-3169.0,,Available,website maps this code to Available
1,de44abab-f812-4f34-9107-d71c92f00a51,2026-10-08T01:44:01.374+00:00,2026-10-08T01:44:01.615+00:00,21072-30059,dryers,20632118-a,716000000,2026-10-08 01:44:01,2026-10-07 18:39:43,0,25458.0,-25458.0,,Available,website maps this code to Available
1,de44abab-f812-4f34-9107-d71c92f00a51,2026-10-08T01:44:01.374+00:00,2026-10-08T01:44:01.615+00:00,21072-30059,dryers,20632035-a,716000000,2026-10-08 01:44:01,2026-10-07 02:49:50,0,82451.0,-82451.0,,Available,website maps this code to Available
1,de44abab-f812-4f34-9107-d71c92f00a51,2026-10-08T01:44:01.374+00:00,2026-10-08T01:44:01.615+00:00,21072-30059,dryers,20632102-a,716000000,2026-10-08 01:44:01,2026-10-08 01:20:22,0,1419.0,-1419.0,,Available,website maps this code to Available
1,de44abab-f812-4f34-9107-d71c92f00a51,2026-10-08T01:44:01.374+00:00,2026-10-08T01:44:01.615+00:00,21072-30059,dryers,20632060-a,716000000,2026-10-08 01:44:01,2026-10-07 03:04:43,0,81558.0,-81558.0,,Available,website maps this code to Available
1,de44abab-f812-4f34-9107-d71c92f00a51,2026-10-08T01:44:01.374+00:00,2026-10-08T01:44:01.615+00:00,21072-30059,dryers,20632117-a,716000000,2026-10-08 01:44:01,2026-10-08 01:18:25,0,1536.0,-1536.0,,Available,website maps this code to Available
1,de44abab-f812-4f34-9107-d71c92f00a51,2026-10-08T01:44:01.374+00:00,2026-10-08T01:44:01.615+00:00,21072-30059,dryers,20632037-a,716000000,2026-10-08 01:44:01,2026-10-08 01:18:06,0,1555.0,-1555.0,,Available,website maps this code to Available
1,de44abab-f812-4f34-9107-d71c92f00a51,2026-10-08T01:44:01.374+00:00,2026-10-08T01:44:01.615+00:00,21072-30059,dryers,20632092-a,716000000,2026-10-08 01:44:01,2026-10-07 22:05:27,0,13114.0,-13114.0,,Available,website maps this code to Available
1,de44abab-f812-4f34-9107-d71c92f00a51,2026-10-08T01:44:01.374+00:00,2026-10-08T01:44:01.615+00:00,21072-30059,dryers,20632128-a,716000000,2026-10-08 01:44:01,2026-10-07 22:06:02,0,13079.0,-13079.0,,Available,website maps this code to Available
1,de44abab-f812-4f34-9107-d71c92f00a51,2026-10-08T01:44:01.374+00:00,2026-10-08T01:44:01.615+00:00,21072-30059,dryers,20632044-a,416000000,2026-10-08 01:44:01,2026-10-08 01:37:05,10,416.0,184.0,4,Running,
1,de44abab-f812-4f34-9107-d71c92f00a51,2026-10-08T01:44:01.374+00:00,2026-10-08T01:44:01.615+00:00,21072-30059,dryers,20632094-a,716000000,2026-10-08 01:44:01,2026-10-07 07:58:50,0,63911.0,-63911.0,,Available,website maps this code to Available
1,de44abab-f812-4f34-9107-d71c92f00a51,2026-10-08T01:44:01.374+00:00,2026-10-08T01:44:01.615+00:00,21072-30059,dryers,20632123-a,716000000,2026-10-08 01:44:01,2026-10-08 00:04:40,0,5961.0,-5961.0,,Available,website maps this code to Available
1,de44abab-f812-4f34-9107-d71c92f00a51,2026-10-08T01:44:01.374+00:00,2026-10-08T01:44:01.615+00:00,21072-30059,dryers,20632098-a,616000040,2026-10-08 01:44:01,2026-10-08 00:50:42,0,3199.0,-3199.0,,Error,
1,fa638186-d02f-490a-bc1d-b7130e74eb78,2026-10-08T01:45:00.926+00:00,2026-10-08T01:45:01.093+00:00,21072-30059,washers,20632118-b,716000000,2026-10-08 01:45:01,2026-10-07 20:53:09,0,17512.0,-17512.0,,Available,website maps this code to Available
1,fa638186-d02f-490a-bc1d-b7130e74eb78,2026-10-08T01:45:00.926+00:00,2026-10-08T01:45:01.093+00:00,21072-30059,washers,20632035-b,716000000,2026-10-08 01:45:01,2026-10-07 04:03:57,0,78064.0,-78064.0,,Available,website maps this code to Available
1,fa638186-d02f-490a-bc1d-b7130e74eb78,2026-10-08T01:45:00.926+00:00,2026-10-08T01:45:01.093+00:00,21072-30059,washers,20632102-b,516000000,2026-10-08 01:45:01,2026-10-08 01:20:23,0,1478.0,-1478.0,,Finished,
1,fa638186-d02f-490a-bc1d-b7130e74eb78,2026-10-08T01:45:00.926+00:00,2026-10-08T01:45:01.093+00:00,21072-30059,washers,20632060-b,716000000,2026-10-08 01:45:01,2026-10-07 23:19:28,0,8733.0,-8733.0,,Available,website maps this code to Available
1,fa638186-d02f-490a-bc1d-b7130e74eb78,2026-10-08T01:45:00.926+00:00,2026-10-08T01:45:01.093+00:00,21072-30059,washers,20632117-b,716000000,2026-10-08 01:45:01,2026-10-07 23:18:55,0,8766.0,-8766.0,,Available,website maps this code to Available
1,fa638186-d02f-490a-bc1d-b7130e74eb78,2026-10-08T01:45:00.926+00:00,2026-10-08T01:45:01.093+00:00,21072-30059,washers,20632037-b,716000000,2026-10-08 01:45:01,2026-10-07 20:32:19,0,18762.0,-18762.0,,Available,website maps this code to Available
1,fa638186-d02f-490a-bc1d-b7130e74eb78,2026-10-08T01:45:00.926+00:00,2026-10-08T01:45:01.093+00:00,21072-30059,washers,20632092-b,716000000,2026-10-08 01:45:01,2026-10-07 20:33:56,0,18665.0,-18665.0,,Available,website maps this code to Available
1,fa638186-d02f-490a-bc1d-b7130e74eb78,2026-10-08T01:45:00.926+00:00,2026-10-08T01:45:01.093+00:00,21072-30059,washers,20632128-b,716000000,2026-10-08 01:45:01,2026-10-07 20:35:15,0,18586.0,-18586.0,,Available,website maps this code to Available
1,fa638186-d02f-490a-bc1d-b7130e74eb78,2026-10-08T01:45:00.926+00:00,2026-10-08T01:45:01.093+00:00,21072-30059,washers,20632044-b,716000000,2026-10-08 01:45:01,2026-10-07 06:53:39,0,67882.0,-67882.0,,Available,website maps this code to Available
1,fa638186-d02f-490a-bc1d-b7130e74eb78,2026-10-08T01:45:00.926+00:00,2026-10-08T01:45:01.093+00:00,21072-30059,washers,20632094-b,716000000,2026-10-08 01:45:01,2026-10-07 06:07:39,0,70642.0,-70642.0,,Available,website maps this code to Available
1,fa638186-d02f-490a-bc1d-b7130e74eb78,2026-10-08T01:45:00.926+00:00,2026-10-08T01:45:01.093+00:00,21072-30059,washers,20632123-b,516000000,2026-10-08 01:45:01,2026-10-08 00:04:42,0,6019.0,-6019.0,,Available,website fallback: report over 1 hour old
1,fa638186-d02f-490a-bc1d-b7130e74eb78,2026-10-08T01:45:00.926+00:00,2026-10-08T01:45:01.093+00:00,21072-30059,washers,20632098-b,616000040,2026-10-08 01:45:01,2026-10-08 00:50:44,0,3257.0,-3257.0,,Error,
1,fa638186-d02f-490a-bc1d-b7130e74eb78,2026-10-08T01:45:00.926+00:00,2026-10-08T01:45:01.093+00:00,21072-30059,dryers,20632096-a,716000000,2026-10-08 01:45:01,2026-10-08 00:51:10,0,3231.0,-3231.0,,Available,website maps this code to Available
1,fa638186-d02f-490a-bc1d-b7130e74eb78,2026-10-08T01:45:00.926+00:00,2026-10-08T01:45:01.093+00:00,21072-30059,dryers,20632096-b,716000000,2026-10-08 01:45:01,2026-10-08 00:51:12,0,3229.0,-3229.0,,Available,website maps this code to Available
1,fa638186-d02f-490a-bc1d-b7130e74eb78,2026-10-08T01:45:00.926+00:00,2026-10-08T01:45:01.093+00:00,21072-30059,dryers,20632118-a,716000000,2026-10-08 01:45:01,2026-10-07 18:39:43,0,25518.0,-25518.0,,Available,website maps this code to Available
1,fa638186-d02f-490a-bc1d-b7130e74eb78,2026-10-08T01:45:00.926+00:00,2026-10-08T01:45:01.093+00:00,21072-30059,dryers,20632035-a,716000000,2026-10-08 01:45:01,2026-10-07 02:49:50,0,82511.0,-82511.0,,Available,website maps this code to Available
1,fa638186-d02f-490a-bc1d-b7130e74eb78,2026-10-08T01:45:00.926+00:00,2026-10-08T01:45:01.093+00:00,21072-30059,dryers,20632102-a,716000000,2026-10-08 01:45:01,2026-10-08 01:20:22,0,1479.0,-1479.0,,Available,website maps this code to Available
1,fa638186-d02f-490a-bc1d-b7130e74eb78,2026-10-08T01:45:00.926+00:00,2026-10-08T01:45:01.093+00:00,21072-30059,dryers,20632060-a,716000000,2026-10-08 01:45:01,2026-10-07 03:04:43,0,81618.0,-81618.0,,Available,website maps this code to Available
1,fa638186-d02f-490a-bc1d-b7130e74eb78,2026-10-08T01:45:00.926+00:00,2026-10-08T01:45:01.093+00:00,21072-30059,dryers,20632117-a,716000000,2026-10-08 01:45:01,2026-10-08 01:18:25,0,1596.0,-1596.0,,Available,website maps this code to Available
1,fa638186-d02f-490a-bc1d-b7130e74eb78,2026-10-08T01:45:00.926+00:00,2026-10-08T01:45:01.093+00:00,21072-30059,dryers,20632037-a,716000000,2026-10-08 01:45:01,2026-10-08 01:18:06,0,1615.0,-1615.0,,Available,website maps this code to Available
1,fa638186-d02f-490a-bc1d-b7130e74eb78,2026-10-08T01:45:00.926+00:00,2026-10-08T01:45:01.093+00:00,21072-30059,dryers,20632092-a,716000000,2026-10-08 01:45:01,2026-10-07 22:05:27,0,13174.0,-13174.0,,Available,website maps this code to Available
1,fa638186-d02f-490a-bc1d-b7130e74eb78,2026-10-08T01:45:00.926+00:00,2026-10-08T01:45:01.093+00:00,21072-30059,dryers,20632128-a,716000000,2026-10-08 01:45:01,2026-10-07 22:06:02,0,13139.0,-13139.0,,Available,website maps this code to Available
1,fa638186-d02f-490a-bc1d-b7130e74eb78,2026-10-08T01:45:00.926+00:00,2026-10-08T01:45:01.093+00:00,21072-30059,dryers,20632044-a,416000000,2026-10-08 01:45:01,2026-10-08 01:37:05,10,476.0,124.0,3,Running,
1,fa638186-d02f-490a-bc1d-b7130e74eb78,2026-10-08T01:45:00.926+00:00,2026-10-08T01:45:01.093+00:00,21072-30059,dryers,20632094-a,716000000,2026-10-08 01:45:01,2026-10-07 07:58:50,0,63971.0,-63971.0,,Available,website maps this code to Available
1,fa638186-d02f-490a-bc1d-b7130e74eb78,2026-10-08T01:45:00.926+00:00,2026-10-08T01:45:01.093+00:00,21072-30059,dryers,20632123-a,716000000,2026-10-08 01:45:01,2026-10-08 00:04:40,0,6021.0,-6021.0,,Available,website maps this code to Available
1,fa638186-d02f-490a-bc1d-b7130e74eb78,2026-10-08T01:45:00.926+00:00,2026-10-08T01:45:01.093+00:00,21072-30059,dryers,20632098-a,616000040,2026-10-08 01:45:01,2026-10-08 00:50:42,0,3259.0,-3259.0,,Error,
1,c183626c-45a9-4574-a993-26be792b07a0,2026-10-08T01:46:01.293+00:00,2026-10-08T01:46:01.480+00:00,21072-30059,washers,20632118-b,716000000,2026-10-08 01:46:01,2026-10-07 20:53:09,0,17572.0,-17572.0,,Available,website maps this code to Available
1,c183626c-45a9-4574-a993-26be792b07a0,2026-10-08T01:46:01.293+00:00,2026-10-08T01:46:01.480+00:00,21072-30059,washers,20632035-b,716000000,2026-10-08 01:46:01,2026-10-07 04:03:57,0,78124.0,-78124.0,,Available,website maps this code to Available
1,c183626c-45a9-4574-a993-26be792b07a0,2026-10-08T01:46:01.293+00:00,2026-10-08T01:46:01.480+00:00,21072-30059,washers,20632102-b,516000000,2026-10-08 01:46:01,2026-10-08 01:20:23,0,1538.0,-1538.0,,Finished,
1,c183626c-45a9-4574-a993-26be792b07a0,2026-10-08T01:46:01.293+00:00,2026-10-08T01:46:01.480+00:00,21072-30059,washers,20632060-b,716000000,2026-10-08 01:46:01,2026-10-07 23:19:28,0,8793.0,-8793.0,,Available,website maps this code to Available
1,c183626c-45a9-4574-a993-26be792b07a0,2026-10-08T01:46:01.293+00:00,2026-10-08T01:46:01.480+00:00,21072-30059,washers,20632117-b,716000000,2026-10-08 01:46:01,2026-10-07 23:18:55,0,8826.0,-8826.0,,Available,website maps this code to Available
1,c183626c-45a9-4574-a993-26be792b07a0,2026-10-08T01:46:01.293+00:00,2026-10-08T01:46:01.480+00:00,21072-30059,washers,20632037-b,716000000,2026-10-08 01:46:01,2026-10-07 20:32:19,0,18822.0,-18822.0,,Available,website maps this code to Available
1,c183626c-45a9-4574-a993-26be792b07a0,2026-10-08T01:46:01.293+00:00,2026-10-08T01:46:01.480+00:00,21072-30059,washers,20632092-b,716000000,2026-10-08 01:46:01,2026-10-07 20:33:56,0,18725.0,-18725.0,,Available,website maps this code to Available
1,c183626c-45a9-4574-a993-26be792b07a0,2026-10-08T01:46:01.293+00:00,2026-10-08T01:46:01.480+00:00,21072-30059,washers,20632128-b,716000000,2026-10-08 01:46:01,2026-10-07 20:35:15,0,18646.0,-18646.0,,Available,website maps this code to Available
1,c183626c-45a9-4574-a993-26be792b07a0,2026-10-08T01:46:01.293+00:00,2026-10-08T01:46:01.480+00:00,21072-30059,washers,20632044-b,716000000,2026-10-08 01:46:01,2026-10-07 06:53:39,0,67942.0,-67942.0,,Available,website maps this code to Available
1,c183626c-45a9-4574-a993-26be792b07a0,2026-10-08T01:46:01.293+00:00,2026-10-08T01:46:01.480+00:00,21072-30059,washers,20632094-b,716000000,2026-10-08 01:46:01,2026-10-07 06:07:39,0,70702.0,-70702.0,,Available,website maps this code to Available
1,c183626c-45a9-4574-a993-26be792b07a0,2026-10-08T01:46:01.293+00:00,2026-10-08T01:46:01.480+00:00,21072-30059,washers,20632123-b,516000000,2026-10-08 01:46:01,2026-10-08 00:04:42,0,6079.0,-6079.0,,Available,website fallback: report over 1 hour old
1,c183626c-45a9-4574-a993-26be792b07a0,2026-10-08T01:46:01.293+00:00,2026-10-08T01:46:01.480+00:00,21072-30059,washers,20632098-b,616000040,2026-10-08 01:46:01,2026-10-08 00:50:44,0,3317.0,-3317.0,,Error,
1,c183626c-45a9-4574-a993-26be792b07a0,2026-10-08T01:46:01.293+00:00,2026-10-08T01:46:01.480+00:00,21072-30059,dryers,20632096-a,716000000,2026-10-08 01:46:01,2026-10-08 00:51:10,0,3291.0,-3291.0,,Available,website maps this code to Available
1,c183626c-45a9-4574-a993-26be792b07a0,2026-10-08T01:46:01.293+00:00,2026-10-08T01:46:01.480+00:00,21072-30059,dryers,20632096-b,716000000,2026-10-08 01:46:01,2026-10-08 00:51:12,0,3289.0,-3289.0,,Available,website maps this code to Available
1,c183626c-45a9-4574-a993-26be792b07a0,2026-10-08T01:46:01.293+00:00,2026-10-08T01:46:01.480+00:00,21072-30059,dryers,20632118-a,716000000,2026-10-08 01:46:01,2026-10-07 18:39:43,0,25578.0,-25578.0,,Available,website maps this code to Available
1,c183626c-45a9-4574-a993-26be792b07a0,2026-10-08T01:46:01.293+00:00,2026-10-08T01:46:01.480+00:00,21072-30059,dryers,20632035-a,716000000,2026-10-08 01:46:01,2026-10-07 02:49:50,0,82571.0,-82571.0,,Available,website maps this code to Available
1,c183626c-45a9-4574-a993-26be792b07a0,2026-10-08T01:46:01.293+00:00,2026-10-08T01:46:01.480+00:00,21072-30059,dryers,20632102-a,716000000,2026-10-08 01:46:01,2026-10-08 01:20:22,0,1539.0,-1539.0,,Available,website maps this code to Available
1,c183626c-45a9-4574-a993-26be792b07a0,2026-10-08T01:46:01.293+00:00,2026-10-08T01:46:01.480+00:00,21072-30059,dryers,20632060-a,716000000,2026-10-08 01:46:01,2026-10-07 03:04:43,0,81678.0,-81678.0,,Available,website maps this code to Available
1,c183626c-45a9-4574-a993-26be792b07a0,2026-10-08T01:46:01.293+00:00,2026-10-08T01:46:01.480+00:00,21072-30059,dryers,20632117-a,716000000,2026-10-08 01:46:01,2026-10-08 01:18:25,0,1656.0,-1656.0,,Available,website maps this code to Available
1,c183626c-45a9-4574-a993-26be792b07a0,2026-10-08T01:46:01.293+00:00,2026-10-08T01:46:01.480+00:00,21072-30059,dryers,20632037-a,716000000,2026-10-08 01:46:01,2026-10-08 01:18:06,0,1675.0,-1675.0,,Available,website maps this code to Available
1,c183626c-45a9-4574-a993-26be792b07a0,2026-10-08T01:46:01.293+00:00,2026-10-08T01:46:01.480+00:00,21072-30059,dryers,20632092-a,716000000,2026-10-08 01:46:01,2026-10-07 22:05:27,0,13234.0,-13234.0,,Available,website maps this code to Available
1,c183626c-45a9-4574-a993-26be792b07a0,2026-10-08T01:46:01.293+00:00,2026-10-08T01:46:01.480+00:00,21072-30059,dryers,20632128-a,716000000,2026-10-08 01:46:01,2026-10-07 22:06:02,0,13199.0,-13199.0,,Available,website maps this code to Available
1,c183626c-45a9-4574-a993-26be792b07a0,2026-10-08T01:46:01.293+00:00,2026-10-08T01:46:01.480+00:00,21072-30059,dryers,20632044-a,416000000,2026-10-08 01:46:01,2026-10-08 01:37:05,10,536.0,64.0,2,Running,
1,c183626c-45a9-4574-a993-26be792b07a0,2026-10-08T01:46:01.293+00:00,2026-10-08T01:46:01.480+00:00,21072-30059,dryers,20632094-a,716000000,2026-10-08 01:46:01,2026-10-07 07:58:50,0,64031.0,-64031.0,,Available,website maps this code to Available
1,c183626c-45a9-4574-a993-26be792b07a0,2026-10-08T01:46:01.293+00:00,2026-10-08T01:46:01.480+00:00,21072-30059,dryers,20632123-a,716000000,2026-10-08 01:46:01,2026-10-08 00:04:40,0,6081.0,-6081.0,,Available,website maps this code to Available
1,c183626c-45a9-4574-a993-26be792b07a0,2026-10-08T01:46:01.293+00:00,2026-10-08T01:46:01.480+00:00,21072-30059,dryers,20632098-a,616000040,2026-10-08 01:46:01,2026-10-08 00:50:42,0,3319.0,-3319.0,,Error,
1,55a93171-8717-4a59-9fba-53e7115ce8d6,2026-10-08T01:47:01.256+00:00,2026-10-08T01:47:01.429+00:00,21072-30059,washers,20632118-b,716000000,2026-10-08 01:47:01,2026-10-07 20:53:09,0,17632.0,-17632.0,,Available,website maps this code to Available
1,55a93171-8717-4a59-9fba-53e7115ce8d6,2026-10-08T01:47:01.256+00:00,2026-10-08T01:47:01.429+00:00,21072-30059,washers,20632035-b,716000000,2026-10-08 01:47:01,2026-10-07 04:03:57,0,78184.0,-78184.0,,Available,website maps this code to Available
1,55a93171-8717-4a59-9fba-53e7115ce8d6,2026-10-08T01:47:01.256+00:00,2026-10-08T01:47:01.429+00:00,21072-30059,washers,20632102-b,516000000,2026-10-08 01:47:01,2026-10-08 01:20:23,0,1598.0,-1598.0,,Finished,
1,55a93171-8717-4a59-9fba-53e7115ce8d6,2026-10-08T01:47:01.256+00:00,2026-10-08T01:47:01.429+00:00,21072-30059,washers,20632060-b,716000000,2026-10-08 01:47:01,2026-10-07 23:19:28,0,8853.0,-8853.0,,Available,website maps this code to Available
1,55a93171-8717-4a59-9fba-53e7115ce8d6,2026-10-08T01:47:01.256+00:00,2026-10-08T01:47:01.429+00:00,21072-30059,washers,20632117-b,716000000,2026-10-08 01:47:01,2026-10-07 23:18:55,0,8886.0,-8886.0,,Available,website maps this code to Available
1,55a93171-8717-4a59-9fba-53e7115ce8d6,2026-10-08T01:47:01.256+00:00,2026-10-08T01:47:01.429+00:00,21072-30059,washers,20632037-b,716000000,2026-10-08 01:47:01,2026-10-07 20:32:19,0,18882.0,-18882.0,,Available,website maps this code to Available
1,55a93171-8717-4a59-9fba-53e7115ce8d6,2026-10-08T01:47:01.256+00:00,2026-10-08T01:47:01.429+00:00,21072-30059,washers,20632092-b,716000000,2026-10-08 01:47:01,2026-10-07 20:33:56,0,18785.0,-18785.0,,Available,website maps this code to Available
1,55a93171-8717-4a59-9fba-53e7115ce8d6,2026-10-08T01:47:01.256+00:00,2026-10-08T01:47:01.429+00:00,21072-30059,washers,20632128-b,716000000,2026-10-08 01:47:01,2026-10-07 20:35:15,0,18706.0,-18706.0,,Available,website maps this code to Available
1,55a93171-8717-4a59-9fba-53e7115ce8d6,2026-10-08T01:47:01.256+00:00,2026-10-08T01:47:01.429+00:00,21072-30059,washers,20632044-b,716000000,2026-10-08 01:47:01,2026-10-07 06:53:39,0,68002.0,-68002.0,,Available,website maps this code to Available
1,55a93171-8717-4a59-9fba-53e7115ce8d6,2026-10-08T01:47:01.256+00:00,2026-10-08T01:47:01.429+00:00,21072-30059,washers,20632094-b,716000000,2026-10-08 01:47:01,2026-10-07 06:07:39,0,70762.0,-70762.0,,Available,website maps this code to Available
1,55a93171-8717-4a59-9fba-53e7115ce8d6,2026-10-08T01:47:01.256+00:00,2026-10-08T01:47:01.429+00:00,21072-30059,washers,20632123-b,516000000,2026-10-08 01:47:01,2026-10-08 00:04:42,0,6139.0,-6139.0,,Available,website fallback: report over 1 hour old
1,55a93171-8717-4a59-9fba-53e7115ce8d6,2026-10-08T01:47:01.256+00:00,2026-10-08T01:47:01.429+00:00,21072-30059,washers,20632098-b,616000040,2026-10-08 01:47:01,2026-10-08 00:50:44,0,3377.0,-3377.0,,Error,
1,55a93171-8717-4a59-9fba-53e7115ce8d6,2026-10-08T01:47:01.256+00:00,2026-10-08T01:47:01.429+00:00,21072-30059,dryers,20632096-a,716000000,2026-10-08 01:47:01,2026-10-08 00:51:10,0,3351.0,-3351.0,,Available,website maps this code to Available
1,55a93171-8717-4a59-9fba-53e7115ce8d6,2026-10-08T01:47:01.256+00:00,2026-10-08T01:47:01.429+00:00,21072-30059,dryers,20632096-b,716000000,2026-10-08 01:47:01,2026-10-08 00:51:12,0,3349.0,-3349.0,,Available,website maps this code to Available
1,55a93171-8717-4a59-9fba-53e7115ce8d6,2026-10-08T01:47:01.256+00:00,2026-10-08T01:47:01.429+00:00,21072-30059,dryers,20632118-a,716000000,2026-10-08 01:47:01,2026-10-07 18:39:43,0,25638.0,-25638.0,,Available,website maps this code to Available
1,55a93171-8717-4a59-9fba-53e7115ce8d6,2026-10-08T01:47:01.256+00:00,2026-10-08T01:47:01.429+00:00,21072-30059,dryers,20632035-a,716000000,2026-10-08 01:47:01,2026-10-07 02:49:50,0,82631.0,-82631.0,,Available,website maps this code to Available
1,55a93171-8717-4a59-9fba-53e7115ce8d6,2026-10-08T01:47:01.256+00:00,2026-10-08T01:47:01.429+00:00,21072-30059,dryers,20632102-a,716000000,2026-10-08 01:47:01,2026-10-08 01:20:22,0,1599.0,-1599.0,,Available,website maps this code to Available
1,55a93171-8717-4a59-9fba-53e7115ce8d6,2026-10-08T01:47:01.256+00:00,2026-10-08T01:47:01.429+00:00,21072-30059,dryers,20632060-a,716000000,2026-10-08 01:47:01,2026-10-07 03:04:43,0,81738.0,-81738.0,,Available,website maps this code to Available
1,55a93171-8717-4a59-9fba-53e7115ce8d6,2026-10-08T01:47:01.256+00:00,2026-10-08T01:47:01.429+00:00,21072-30059,dryers,20632117-a,716000000,2026-10-08 01:47:01,2026-10-08 01:18:25,0,1716.0,-1716.0,,Available,website maps this code to Available
1,55a93171-8717-4a59-9fba-53e7115ce8d6,2026-10-08T01:47:01.256+00:00,2026-10-08T01:47:01.429+00:00,21072-30059,dryers,20632037-a,716000000,2026-10-08 01:47:01,2026-10-08 01:18:06,0,1735.0,-1735.0,,Available,website maps this code to Available
1,55a93171-8717-4a59-9fba-53e7115ce8d6,2026-10-08T01:47:01.256+00:00,2026-10-08T01:47:01.429+00:00,21072-30059,dryers,20632092-a,716000000,2026-10-08 01:47:01,2026-10-07 22:05:27,0,13294.0,-13294.0,,Available,website maps this code to Available
1,55a93171-8717-4a59-9fba-53e7115ce8d6,2026-10-08T01:47:01.256+00:00,2026-10-08T01:47:01.429+00:00,21072-30059,dryers,20632128-a,716000000,2026-10-08 01:47:01,2026-10-07 22:06:02,0,13259.0,-13259.0,,Available,website maps this code to Available
1,55a93171-8717-4a59-9fba-53e7115ce8d6,2026-10-08T01:47:01.256+00:00,2026-10-08T01:47:01.429+00:00,21072-30059,dryers,20632044-a,416000000,2026-10-08 01:47:01,2026-10-08 01:37:05,10,596.0,4.0,1,Running,
1,55a93171-8717-4a59-9fba-53e7115ce8d6,2026-10-08T01:47:01.256+00:00,2026-10-08T01:47:01.429+00:00,21072-30059,dryers,20632094-a,716000000,2026-10-08 01:47:01,2026-10-07 07:58:50,0,64091.0,-64091.0,,Available,website maps this code to Available
1,55a93171-8717-4a59-9fba-53e7115ce8d6,2026-10-08T01:47:01.256+00:00,2026-10-08T01:47:01.429+00:00,21072-30059,dryers,20632123-a,716000000,2026-10-08 01:47:01,2026-10-08 00:04:40,0,6141.0,-6141.0,,Available,website maps this code to Available
1,55a93171-8717-4a59-9fba-53e7115ce8d6,2026-10-08T01:47:01.256+00:00,2026-10-08T01:47:01.429+00:00,21072-30059,dryers,20632098-a,616000040,2026-10-08 01:47:01,2026-10-08 00:50:42,0,3379.0,-3379.0,,Error,
1,57390348-220c-497b-996e-9bf1bcafaf77,2026-10-08T01:48:01.241+00:00,2026-10-08T01:48:01.476+00:00,21072-30059,washers,20632118-b,716000000,2026-10-08 01:48:01,2026-10-07 20:53:09,0,17692.0,-17692.0,,Available,website maps this code to Available
1,57390348-220c-497b-996e-9bf1bcafaf77,2026-10-08T01:48:01.241+00:00,2026-10-08T01:48:01.476+00:00,21072-30059,washers,20632035-b,716000000,2026-10-08 01:48:01,2026-10-07 04:03:57,0,78244.0,-78244.0,,Available,website maps this code to Available
1,57390348-220c-497b-996e-9bf1bcafaf77,2026-10-08T01:48:01.241+00:00,2026-10-08T01:48:01.476+00:00,21072-30059,washers,20632102-b,516000000,2026-10-08 01:48:01,2026-10-08 01:20:23,0,1658.0,-1658.0,,Finished,
1,57390348-220c-497b-996e-9bf1bcafaf77,2026-10-08T01:48:01.241+00:00,2026-10-08T01:48:01.476+00:00,21072-30059,washers,20632060-b,716000000,2026-10-08 01:48:01,2026-10-07 23:19:28,0,8913.0,-8913.0,,Available,website maps this code to Available
1,57390348-220c-497b-996e-9bf1bcafaf77,2026-10-08T01:48:01.241+00:00,2026-10-08T01:48:01.476+00:00,21072-30059,washers,20632117-b,716000000,2026-10-08 01:48:01,2026-10-07 23:18:55,0,8946.0,-8946.0,,Available,website maps this code to Available
1,57390348-220c-497b-996e-9bf1bcafaf77,2026-10-08T01:48:01.241+00:00,2026-10-08T01:48:01.476+00:00,21072-30059,washers,20632037-b,716000000,2026-10-08 01:48:01,2026-10-07 20:32:19,0,18942.0,-18942.0,,Available,website maps this code to Available
1,57390348-220c-497b-996e-9bf1bcafaf77,2026-10-08T01:48:01.241+00:00,2026-10-08T01:48:01.476+00:00,21072-30059,washers,20632092-b,716000000,2026-10-08 01:48:01,2026-10-07 20:33:56,0,18845.0,-18845.0,,Available,website maps this code to Available
1,57390348-220c-497b-996e-9bf1bcafaf77,2026-10-08T01:48:01.241+00:00,2026-10-08T01:48:01.476+00:00,21072-30059,washers,20632128-b,716000000,2026-10-08 01:48:01,2026-10-07 20:35:15,0,18766.0,-18766.0,,Available,website maps this code to Available
1,57390348-220c-497b-996e-9bf1bcafaf77,2026-10-08T01:48:01.241+00:00,2026-10-08T01:48:01.476+00:00,21072-30059,washers,20632044-b,716000000,2026-10-08 01:48:01,2026-10-07 06:53:39,0,68062.0,-68062.0,,Available,website maps this code to Available
1,57390348-220c-497b-996e-9bf1bcafaf77,2026-10-08T01:48:01.241+00:00,2026-10-08T01:48:01.476+00:00,21072-30059,washers,20632094-b,716000000,2026-10-08 01:48:01,2026-10-07 06:07:39,0,70822.0,-70822.0,,Available,website maps this code to Available
1,57390348-220c-497b-996e-9bf1bcafaf77,2026-10-08T01:48:01.241+00:00,2026-10-08T01:48:01.476+00:00,21072-30059,washers,20632123-b,516000000,2026-10-08 01:48:01,2026-10-08 00:04:42,0,6199.0,-6199.0,,Available,website fallback: report over 1 hour old
1,57390348-220c-497b-996e-9bf1bcafaf77,2026-10-08T01:48:01.241+00:00,2026-10-08T01:48:01.476+00:00,21072-30059,washers,20632098-b,616000040,2026-10-08 01:48:01,2026-10-08 00:50:44,0,3437.0,-3437.0,,Error,
1,57390348-220c-497b-996e-9bf1bcafaf77,2026-10-08T01:48:01.241+00:00,2026-10-08T01:48:01.476+00:00,21072-30059,dryers,20632096-a,716000000,2026-10-08 01:48:01,2026-10-08 00:51:10,0,3411.0,-3411.0,,Available,website maps this code to Available
1,57390348-220c-497b-996e-9bf1bcafaf77,2026-10-08T01:48:01.241+00:00,2026-10-08T01:48:01.476+00:00,21072-30059,dryers,20632096-b,716000000,2026-10-08 01:48:01,2026-10-08 00:51:12,0,3409.0,-3409.0,,Available,website maps this code to Available
1,57390348-220c-497b-996e-9bf1bcafaf77,2026-10-08T01:48:01.241+00:00,2026-10-08T01:48:01.476+00:00,21072-30059,dryers,20632118-a,716000000,2026-10-08 01:48:01,2026-10-07 18:39:43,0,25698.0,-25698.0,,Available,website maps this code to Available
1,57390348-220c-497b-996e-9bf1bcafaf77,2026-10-08T01:48:01.241+00:00,2026-10-08T01:48:01.476+00:00,21072-30059,dryers,20632035-a,716000000,2026-10-08 01:48:01,2026-10-07 02:49:50,0,82691.0,-82691.0,,Available,website maps this code to Available
1,57390348-220c-497b-996e-9bf1bcafaf77,2026-10-08T01:48:01.241+00:00,2026-10-08T01:48:01.476+00:00,21072-30059,dryers,20632102-a,716000000,2026-10-08 01:48:01,2026-10-08 01:20:22,0,1659.0,-1659.0,,Available,website maps this code to Available
1,57390348-220c-497b-996e-9bf1bcafaf77,2026-10-08T01:48:01.241+00:00,2026-10-08T01:48:01.476+00:00,21072-30059,dryers,20632060-a,716000000,2026-10-08 01:48:01,2026-10-07 03:04:43,0,81798.0,-81798.0,,Available,website maps this code to Available
1,57390348-220c-497b-996e-9bf1bcafaf77,2026-10-08T01:48:01.241+00:00,2026-10-08T01:48:01.476+00:00,21072-30059,dryers,20632117-a,716000000,2026-10-08 01:48:01,2026-10-08 01:18:25,0,1776.0,-1776.0,,Available,website maps this code to Available
1,57390348-220c-497b-996e-9bf1bcafaf77,2026-10-08T01:48:01.241+00:00,2026-10-08T01:48:01.476+00:00,21072-30059,dryers,20632037-a,716000000,2026-10-08 01:48:01,2026-10-08 01:18:06,0,1795.0,-1795.0,,Available,website maps this code to Available
1,57390348-220c-497b-996e-9bf1bcafaf77,2026-10-08T01:48:01.241+00:00,2026-10-08T01:48:01.476+00:00,21072-30059,dryers,20632092-a,716000000,2026-10-08 01:48:01,2026-10-07 22:05:27,0,13354.0,-13354.0,,Available,website maps this code to Available
1,57390348-220c-497b-996e-9bf1bcafaf77,2026-10-08T01:48:01.241+00:00,2026-10-08T01:48:01.476+00:00,21072-30059,dryers,20632128-a,716000000,2026-10-08 01:48:01,2026-10-07 22:06:02,0,13319.0,-13319.0,,Available,website maps this code to Available
1,57390348-220c-497b-996e-9bf1bcafaf77,2026-10-08T01:48:01.241+00:00,2026-10-08T01:48:01.476+00:00,21072-30059,dryers,20632044-a,416000000,2026-10-08 01:48:01,2026-10-08 01:47:19,10,42.0,558.0,10,Running,
1,57390348-220c-497b-996e-9bf1bcafaf77,2026-10-08T01:48:01.241+00:00,2026-10-08T01:48:01.476+00:00,21072-30059,dryers,20632094-a,716000000,2026-10-08 01:48:01,2026-10-07 07:58:50,0,64151.0,-64151.0,,Available,website maps this code to Available
1,57390348-220c-497b-996e-9bf1bcafaf77,2026-10-08T01:48:01.241+00:00,2026-10-08T01:48:01.476+00:00,21072-30059,dryers,20632123-a,716000000,2026-10-08 01:48:01,2026-10-08 00:04:40,0,6201.0,-6201.0,,Available,website maps this code to Available
1,57390348-220c-497b-996e-9bf1bcafaf77,2026-10-08T01:48:01.241+00:00,2026-10-08T01:48:01.476+00:00,21072-30059,dryers,20632098-a,616000040,2026-10-08 01:48:01,2026-10-08 00:50:42,0,3439.0,-3439.0,,Error,
1,9d813688-df86-4237-8085-6fb15f2be4e8,2026-10-08T01:49:01.248+00:00,2026-10-08T01:49:01.439+00:00,21072-30059,washers,20632118-b,716000000,2026-10-08 01:49:01,2026-10-07 20:53:09,0,17752.0,-17752.0,,Available,website maps this code to Available
1,9d813688-df86-4237-8085-6fb15f2be4e8,2026-10-08T01:49:01.248+00:00,2026-10-08T01:49:01.439+00:00,21072-30059,washers,20632035-b,716000000,2026-10-08 01:49:01,2026-10-07 04:03:57,0,78304.0,-78304.0,,Available,website maps this code to Available
1,9d813688-df86-4237-8085-6fb15f2be4e8,2026-10-08T01:49:01.248+00:00,2026-10-08T01:49:01.439+00:00,21072-30059,washers,20632102-b,516000000,2026-10-08 01:49:01,2026-10-08 01:20:23,0,1718.0,-1718.0,,Finished,
1,9d813688-df86-4237-8085-6fb15f2be4e8,2026-10-08T01:49:01.248+00:00,2026-10-08T01:49:01.439+00:00,21072-30059,washers,20632060-b,716000000,2026-10-08 01:49:01,2026-10-07 23:19:28,0,8973.0,-8973.0,,Available,website maps this code to Available
1,9d813688-df86-4237-8085-6fb15f2be4e8,2026-10-08T01:49:01.248+00:00,2026-10-08T01:49:01.439+00:00,21072-30059,washers,20632117-b,716000000,2026-10-08 01:49:01,2026-10-07 23:18:55,0,9006.0,-9006.0,,Available,website maps this code to Available
1,9d813688-df86-4237-8085-6fb15f2be4e8,2026-10-08T01:49:01.248+00:00,2026-10-08T01:49:01.439+00:00,21072-30059,washers,20632037-b,716000000,2026-10-08 01:49:01,2026-10-07 20:32:19,0,19002.0,-19002.0,,Available,website maps this code to Available
1,9d813688-df86-4237-8085-6fb15f2be4e8,2026-10-08T01:49:01.248+00:00,2026-10-08T01:49:01.439+00:00,21072-30059,washers,20632092-b,716000000,2026-10-08 01:49:01,2026-10-07 20:33:56,0,18905.0,-18905.0,,Available,website maps this code to Available
1,9d813688-df86-4237-8085-6fb15f2be4e8,2026-10-08T01:49:01.248+00:00,2026-10-08T01:49:01.439+00:00,21072-30059,washers,20632128-b,716000000,2026-10-08 01:49:01,2026-10-07 20:35:15,0,18826.0,-18826.0,,Available,website maps this code to Available
1,9d813688-df86-4237-8085-6fb15f2be4e8,2026-10-08T01:49:01.248+00:00,2026-10-08T01:49:01.439+00:00,21072-30059,washers,20632044-b,716000000,2026-10-08 01:49:01,2026-10-07 06:53:39,0,68122.0,-68122.0,,Available,website maps this code to Available
1,9d813688-df86-4237-8085-6fb15f2be4e8,2026-10-08T01:49:01.248+00:00,2026-10-08T01:49:01.439+00:00,21072-30059,washers,20632094-b,716000000,2026-10-08 01:49:01,2026-10-07 06:07:39,0,70882.0,-70882.0,,Available,website maps this code to Available
1,9d813688-df86-4237-8085-6fb15f2be4e8,2026-10-08T01:49:01.248+00:00,2026-10-08T01:49:01.439+00:00,21072-30059,washers,20632123-b,516000000,2026-10-08 01:49:01,2026-10-08 00:04:42,0,6259.0,-6259.0,,Available,website fallback: report over 1 hour old
1,9d813688-df86-4237-8085-6fb15f2be4e8,2026-10-08T01:49:01.248+00:00,2026-10-08T01:49:01.439+00:00,21072-30059,washers,20632098-b,616000040,2026-10-08 01:49:01,2026-10-08 00:50:44,0,3497.0,-3497.0,,Error,
1,9d813688-df86-4237-8085-6fb15f2be4e8,2026-10-08T01:49:01.248+00:00,2026-10-08T01:49:01.439+00:00,21072-30059,dryers,20632096-a,716000000,2026-10-08 01:49:01,2026-10-08 00:51:10,0,3471.0,-3471.0,,Available,website maps this code to Available
1,9d813688-df86-4237-8085-6fb15f2be4e8,2026-10-08T01:49:01.248+00:00,2026-10-08T01:49:01.439+00:00,21072-30059,dryers,20632096-b,716000000,2026-10-08 01:49:01,2026-10-08 00:51:12,0,3469.0,-3469.0,,Available,website maps this code to Available
1,9d813688-df86-4237-8085-6fb15f2be4e8,2026-10-08T01:49:01.248+00:00,2026-10-08T01:49:01.439+00:00,21072-30059,dryers,20632118-a,716000000,2026-10-08 01:49:01,2026-10-07 18:39:43,0,25758.0,-25758.0,,Available,website maps this code to Available
1,9d813688-df86-4237-8085-6fb15f2be4e8,2026-10-08T01:49:01.248+00:00,2026-10-08T01:49:01.439+00:00,21072-30059,dryers,20632035-a,716000000,2026-10-08 01:49:01,2026-10-07 02:49:50,0,82751.0,-82751.0,,Available,website maps this code to Available
1,9d813688-df86-4237-8085-6fb15f2be4e8,2026-10-08T01:49:01.248+00:00,2026-10-08T01:49:01.439+00:00,21072-30059,dryers,20632102-a,716000000,2026-10-08 01:49:01,2026-10-08 01:20:22,0,1719.0,-1719.0,,Available,website maps this code to Available
1,9d813688-df86-4237-8085-6fb15f2be4e8,2026-10-08T01:49:01.248+00:00,2026-10-08T01:49:01.439+00:00,21072-30059,dryers,20632060-a,716000000,2026-10-08 01:49:01,2026-10-07 03:04:43,0,81858.0,-81858.0,,Available,website maps this code to Available
1,9d813688-df86-4237-8085-6fb15f2be4e8,2026-10-08T01:49:01.248+00:00,2026-10-08T01:49:01.439+00:00,21072-30059,dryers,20632117-a,716000000,2026-10-08 01:49:01,2026-10-08 01:18:25,0,1836.0,-1836.0,,Available,website maps this code to Available
1,9d813688-df86-4237-8085-6fb15f2be4e8,2026-10-08T01:49:01.248+00:00,2026-10-08T01:49:01.439+00:00,21072-30059,dryers,20632037-a,716000000,2026-10-08 01:49:01,2026-10-08 01:18:06,0,1855.0,-1855.0,,Available,website maps this code to Available
1,9d813688-df86-4237-8085-6fb15f2be4e8,2026-10-08T01:49:01.248+00:00,2026-10-08T01:49:01.439+00:00,21072-30059,dryers,20632092-a,716000000,2026-10-08 01:49:01,2026-10-07 22:05:27,0,13414.0,-13414.0,,Available,website maps this code to Available
1,9d813688-df86-4237-8085-6fb15f2be4e8,2026-10-08T01:49:01.248+00:00,2026-10-08T01:49:01.439+00:00,21072-30059,dryers,20632128-a,716000000,2026-10-08 01:49:01,2026-10-07 22:06:02,0,13379.0,-13379.0,,Available,website maps this code to Available
1,9d813688-df86-4237-8085-6fb15f2be4e8,2026-10-08T01:49:01.248+00:00,2026-10-08T01:49:01.439+00:00,21072-30059,dryers,20632044-a,416000000,2026-10-08 01:49:01,2026-10-08 01:47:19,10,102.0,498.0,9,Running,
1,9d813688-df86-4237-8085-6fb15f2be4e8,2026-10-08T01:49:01.248+00:00,2026-10-08T01:49:01.439+00:00,21072-30059,dryers,20632094-a,716000000,2026-10-08 01:49:01,2026-10-07 07:58:50,0,64211.0,-64211.0,,Available,website maps this code to Available
1,9d813688-df86-4237-8085-6fb15f2be4e8,2026-10-08T01:49:01.248+00:00,2026-10-08T01:49:01.439+00:00,21072-30059,dryers,20632123-a,716000000,2026-10-08 01:49:01,2026-10-08 00:04:40,0,6261.0,-6261.0,,Available,website maps this code to Available
1,9d813688-df86-4237-8085-6fb15f2be4e8,2026-10-08T01:49:01.248+00:00,2026-10-08T01:49:01.439+00:00,21072-30059,dryers,20632098-a,616000040,2026-10-08 01:49:01,2026-10-08 00:50:42,0,3499.0,-3499.0,,Error,
1,f89e954d-b47d-4787-8339-60c99f8df6c3,2026-10-08T01:50:01.263+00:00,2026-10-08T01:50:01.521+00:00,21072-30059,washers,20632118-b,716000000,2026-10-08 01:50:01,2026-10-07 20:53:09,0,17812.0,-17812.0,,Available,website maps this code to Available
1,f89e954d-b47d-4787-8339-60c99f8df6c3,2026-10-08T01:50:01.263+00:00,2026-10-08T01:50:01.521+00:00,21072-30059,washers,20632035-b,716000000,2026-10-08 01:50:01,2026-10-07 04:03:57,0,78364.0,-78364.0,,Available,website maps this code to Available
1,f89e954d-b47d-4787-8339-60c99f8df6c3,2026-10-08T01:50:01.263+00:00,2026-10-08T01:50:01.521+00:00,21072-30059,washers,20632102-b,516000000,2026-10-08 01:50:01,2026-10-08 01:20:23,0,1778.0,-1778.0,,Finished,
1,f89e954d-b47d-4787-8339-60c99f8df6c3,2026-10-08T01:50:01.263+00:00,2026-10-08T01:50:01.521+00:00,21072-30059,washers,20632060-b,716000000,2026-10-08 01:50:01,2026-10-07 23:19:28,0,9033.0,-9033.0,,Available,website maps this code to Available
1,f89e954d-b47d-4787-8339-60c99f8df6c3,2026-10-08T01:50:01.263+00:00,2026-10-08T01:50:01.521+00:00,21072-30059,washers,20632117-b,716000000,2026-10-08 01:50:01,2026-10-07 23:18:55,0,9066.0,-9066.0,,Available,website maps this code to Available
1,f89e954d-b47d-4787-8339-60c99f8df6c3,2026-10-08T01:50:01.263+00:00,2026-10-08T01:50:01.521+00:00,21072-30059,washers,20632037-b,716000000,2026-10-08 01:50:01,2026-10-07 20:32:19,0,19062.0,-19062.0,,Available,website maps this code to Available
1,f89e954d-b47d-4787-8339-60c99f8df6c3,2026-10-08T01:50:01.263+00:00,2026-10-08T01:50:01.521+00:00,21072-30059,washers,20632092-b,716000000,2026-10-08 01:50:01,2026-10-07 20:33:56,0,18965.0,-18965.0,,Available,website maps this code to Available
1,f89e954d-b47d-4787-8339-60c99f8df6c3,2026-10-08T01:50:01.263+00:00,2026-10-08T01:50:01.521+00:00,21072-30059,washers,20632128-b,716000000,2026-10-08 01:50:01,2026-10-07 20:35:15,0,18886.0,-18886.0,,Available,website maps this code to Available
1,f89e954d-b47d-4787-8339-60c99f8df6c3,2026-10-08T01:50:01.263+00:00,2026-10-08T01:50:01.521+00:00,21072-30059,washers,20632044-b,716000000,2026-10-08 01:50:01,2026-10-07 06:53:39,0,68182.0,-68182.0,,Available,website maps this code to Available
1,f89e954d-b47d-4787-8339-60c99f8df6c3,2026-10-08T01:50:01.263+00:00,2026-10-08T01:50:01.521+00:00,21072-30059,washers,20632094-b,716000000,2026-10-08 01:50:01,2026-10-07 06:07:39,0,70942.0,-70942.0,,Available,website maps this code to Available
1,f89e954d-b47d-4787-8339-60c99f8df6c3,2026-10-08T01:50:01.263+00:00,2026-10-08T01:50:01.521+00:00,21072-30059,washers,20632123-b,516000000,2026-10-08 01:50:01,2026-10-08 00:04:42,0,6319.0,-6319.0,,Available,website fallback: report over 1 hour old
1,f89e954d-b47d-4787-8339-60c99f8df6c3,2026-10-08T01:50:01.263+00:00,2026-10-08T01:50:01.521+00:00,21072-30059,washers,20632098-b,616000040,2026-10-08 01:50:01,2026-10-08 00:50:44,0,3557.0,-3557.0,,Error,
1,f89e954d-b47d-4787-8339-60c99f8df6c3,2026-10-08T01:50:01.263+00:00,2026-10-08T01:50:01.521+00:00,21072-30059,dryers,20632096-a,716000000,2026-10-08 01:50:01,2026-10-08 00:51:10,0,3531.0,-3531.0,,Available,website maps this code to Available
1,f89e954d-b47d-4787-8339-60c99f8df6c3,2026-10-08T01:50:01.263+00:00,2026-10-08T01:50:01.521+00:00,21072-30059,dryers,20632096-b,716000000,2026-10-08 01:50:01,2026-10-08 00:51:12,0,3529.0,-3529.0,,Available,website maps this code to Available
1,f89e954d-b47d-4787-8339-60c99f8df6c3,2026-10-08T01:50:01.263+00:00,2026-10-08T01:50:01.521+00:00,21072-30059,dryers,20632118-a,716000000,2026-10-08 01:50:01,2026-10-07 18:39:43,0,25818.0,-25818.0,,Available,website maps this code to Available
1,f89e954d-b47d-4787-8339-60c99f8df6c3,2026-10-08T01:50:01.263+00:00,2026-10-08T01:50:01.521+00:00,21072-30059,dryers,20632035-a,716000000,2026-10-08 01:50:01,2026-10-07 02:49:50,0,82811.0,-82811.0,,Available,website maps this code to Available
1,f89e954d-b47d-4787-8339-60c99f8df6c3,2026-10-08T01:50:01.263+00:00,2026-10-08T01:50:01.521+00:00,21072-30059,dryers,20632102-a,716000000,2026-10-08 01:50:01,2026-10-08 01:20:22,0,1779.0,-1779.0,,Available,website maps this code to Available
1,f89e954d-b47d-4787-8339-60c99f8df6c3,2026-10-08T01:50:01.263+00:00,2026-10-08T01:50:01.521+00:00,21072-30059,dryers,20632060-a,716000000,2026-10-08 01:50:01,2026-10-07 03:04:43,0,81918.0,-81918.0,,Available,website maps this code to Available
1,f89e954d-b47d-4787-8339-60c99f8df6c3,2026-10-08T01:50:01.263+00:00,2026-10-08T01:50:01.521+00:00,21072-30059,dryers,20632117-a,716000000,2026-10-08 01:50:01,2026-10-08 01:18:25,0,1896.0,-1896.0,,Available,website maps this code to Available
1,f89e954d-b47d-4787-8339-60c99f8df6c3,2026-10-08T01:50:01.263+00:00,2026-10-08T01:50:01.521+00:00,21072-30059,dryers,20632037-a,716000000,2026-10-08 01:50:01,2026-10-08 01:18:06,0,1915.0,-1915.0,,Available,website maps this code to Available
1,f89e954d-b47d-4787-8339-60c99f8df6c3,2026-10-08T01:50:01.263+00:00,2026-10-08T01:50:01.521+00:00,21072-30059,dryers,20632092-a,716000000,2026-10-08 01:50:01,2026-10-07 22:05:27,0,13474.0,-13474.0,,Available,website maps this code to Available
1,f89e954d-b47d-4787-8339-60c99f8df6c3,2026-10-08T01:50:01.263+00:00,2026-10-08T01:50:01.521+00:00,21072-30059,dryers,20632128-a,716000000,2026-10-08 01:50:01,2026-10-07 22:06:02,0,13439.0,-13439.0,,Available,website maps this code to Available
1,f89e954d-b47d-4787-8339-60c99f8df6c3,2026-10-08T01:50:01.263+00:00,2026-10-08T01:50:01.521+00:00,21072-30059,dryers,20632044-a,416000000,2026-10-08 01:50:01,2026-10-08 01:47:19,10,162.0,438.0,8,Running,
1,f89e954d-b47d-4787-8339-60c99f8df6c3,2026-10-08T01:50:01.263+00:00,2026-10-08T01:50:01.521+00:00,21072-30059,dryers,20632094-a,716000000,2026-10-08 01:50:01,2026-10-07 07:58:50,0,64271.0,-64271.0,,Available,website maps this code to Available
1,f89e954d-b47d-4787-8339-60c99f8df6c3,2026-10-08T01:50:01.263+00:00,2026-10-08T01:50:01.521+00:00,21072-30059,dryers,20632123-a,716000000,2026-10-08 01:50:01,2026-10-08 00:04:40,0,6321.0,-6321.0,,Available,website maps this code to Available
1,f89e954d-b47d-4787-8339-60c99f8df6c3,2026-10-08T01:50:01.263+00:00,2026-10-08T01:50:01.521+00:00,21072-30059,dryers,20632098-a,616000040,2026-10-08 01:50:01,2026-10-08 00:50:42,0,3559.0,-3559.0,,Error,
1,d853389b-26dc-4f36-8018-cdbccca3a5a3,2026-10-08T01:51:01.246+00:00,2026-10-08T01:51:01.414+00:00,21072-30059,washers,20632118-b,716000000,2026-10-08 01:51:01,2026-10-07 20:53:09,0,17872.0,-17872.0,,Available,website maps this code to Available
1,d853389b-26dc-4f36-8018-cdbccca3a5a3,2026-10-08T01:51:01.246+00:00,2026-10-08T01:51:01.414+00:00,21072-30059,washers,20632035-b,716000000,2026-10-08 01:51:01,2026-10-07 04:03:57,0,78424.0,-78424.0,,Available,website maps this code to Available
1,d853389b-26dc-4f36-8018-cdbccca3a5a3,2026-10-08T01:51:01.246+00:00,2026-10-08T01:51:01.414+00:00,21072-30059,washers,20632102-b,516000000,2026-10-08 01:51:01,2026-10-08 01:20:23,0,1838.0,-1838.0,,Finished,
1,d853389b-26dc-4f36-8018-cdbccca3a5a3,2026-10-08T01:51:01.246+00:00,2026-10-08T01:51:01.414+00:00,21072-30059,washers,20632060-b,716000000,2026-10-08 01:51:01,2026-10-07 23:19:28,0,9093.0,-9093.0,,Available,website maps this code to Available
1,d853389b-26dc-4f36-8018-cdbccca3a5a3,2026-10-08T01:51:01.246+00:00,2026-10-08T01:51:01.414+00:00,21072-30059,washers,20632117-b,716000000,2026-10-08 01:51:01,2026-10-07 23:18:55,0,9126.0,-9126.0,,Available,website maps this code to Available
1,d853389b-26dc-4f36-8018-cdbccca3a5a3,2026-10-08T01:51:01.246+00:00,2026-10-08T01:51:01.414+00:00,21072-30059,washers,20632037-b,716000000,2026-10-08 01:51:01,2026-10-07 20:32:19,0,19122.0,-19122.0,,Available,website maps this code to Available
1,d853389b-26dc-4f36-8018-cdbccca3a5a3,2026-10-08T01:51:01.246+00:00,2026-10-08T01:51:01.414+00:00,21072-30059,washers,20632092-b,716000000,2026-10-08 01:51:01,2026-10-07 20:33:56,0,19025.0,-19025.0,,Available,website maps this code to Available
1,d853389b-26dc-4f36-8018-cdbccca3a5a3,2026-10-08T01:51:01.246+00:00,2026-10-08T01:51:01.414+00:00,21072-30059,washers,20632128-b,716000000,2026-10-08 01:51:01,2026-10-07 20:35:15,0,18946.0,-18946.0,,Available,website maps this code to Available
1,d853389b-26dc-4f36-8018-cdbccca3a5a3,2026-10-08T01:51:01.246+00:00,2026-10-08T01:51:01.414+00:00,21072-30059,washers,20632044-b,716000000,2026-10-08 01:51:01,2026-10-07 06:53:39,0,68242.0,-68242.0,,Available,website maps this code to Available
1,d853389b-26dc-4f36-8018-cdbccca3a5a3,2026-10-08T01:51:01.246+00:00,2026-10-08T01:51:01.414+00:00,21072-30059,washers,20632094-b,716000000,2026-10-08 01:51:01,2026-10-07 06:07:39,0,71002.0,-71002.0,,Available,website maps this code to Available
1,d853389b-26dc-4f36-8018-cdbccca3a5a3,2026-10-08T01:51:01.246+00:00,2026-10-08T01:51:01.414+00:00,21072-30059,washers,20632123-b,516000000,2026-10-08 01:51:01,2026-10-08 00:04:42,0,6379.0,-6379.0,,Available,website fallback: report over 1 hour old
1,d853389b-26dc-4f36-8018-cdbccca3a5a3,2026-10-08T01:51:01.246+00:00,2026-10-08T01:51:01.414+00:00,21072-30059,washers,20632098-b,616000040,2026-10-08 01:51:01,2026-10-08 00:50:44,0,3617.0,-3617.0,,Error,
1,d853389b-26dc-4f36-8018-cdbccca3a5a3,2026-10-08T01:51:01.246+00:00,2026-10-08T01:51:01.414+00:00,21072-30059,dryers,20632096-a,716000000,2026-10-08 01:51:01,2026-10-08 00:51:10,0,3591.0,-3591.0,,Available,website maps this code to Available
1,d853389b-26dc-4f36-8018-cdbccca3a5a3,2026-10-08T01:51:01.246+00:00,2026-10-08T01:51:01.414+00:00,21072-30059,dryers,20632096-b,716000000,2026-10-08 01:51:01,2026-10-08 00:51:12,0,3589.0,-3589.0,,Available,website maps this code to Available
1,d853389b-26dc-4f36-8018-cdbccca3a5a3,2026-10-08T01:51:01.246+00:00,2026-10-08T01:51:01.414+00:00,21072-30059,dryers,20632118-a,716000000,2026-10-08 01:51:01,2026-10-07 18:39:43,0,25878.0,-25878.0,,Available,website maps this code to Available
1,d853389b-26dc-4f36-8018-cdbccca3a5a3,2026-10-08T01:51:01.246+00:00,2026-10-08T01:51:01.414+00:00,21072-30059,dryers,20632035-a,716000000,2026-10-08 01:51:01,2026-10-07 02:49:50,0,82871.0,-82871.0,,Available,website maps this code to Available
1,d853389b-26dc-4f36-8018-cdbccca3a5a3,2026-10-08T01:51:01.246+00:00,2026-10-08T01:51:01.414+00:00,21072-30059,dryers,20632102-a,716000000,2026-10-08 01:51:01,2026-10-08 01:20:22,0,1839.0,-1839.0,,Available,website maps this code to Available
1,d853389b-26dc-4f36-8018-cdbccca3a5a3,2026-10-08T01:51:01.246+00:00,2026-10-08T01:51:01.414+00:00,21072-30059,dryers,20632060-a,716000000,2026-10-08 01:51:01,2026-10-07 03:04:43,0,81978.0,-81978.0,,Available,website maps this code to Available
1,d853389b-26dc-4f36-8018-cdbccca3a5a3,2026-10-08T01:51:01.246+00:00,2026-10-08T01:51:01.414+00:00,21072-30059,dryers,20632117-a,716000000,2026-10-08 01:51:01,2026-10-08 01:18:25,0,1956.0,-1956.0,,Available,website maps this code to Available
1,d853389b-26dc-4f36-8018-cdbccca3a5a3,2026-10-08T01:51:01.246+00:00,2026-10-08T01:51:01.414+00:00,21072-30059,dryers,20632037-a,716000000,2026-10-08 01:51:01,2026-10-08 01:18:06,0,1975.0,-1975.0,,Available,website maps this code to Available
1,d853389b-26dc-4f36-8018-cdbccca3a5a3,2026-10-08T01:51:01.246+00:00,2026-10-08T01:51:01.414+00:00,21072-30059,dryers,20632092-a,716000000,2026-10-08 01:51:01,2026-10-07 22:05:27,0,13534.0,-13534.0,,Available,website maps this code to Available
1,d853389b-26dc-4f36-8018-cdbccca3a5a3,2026-10-08T01:51:01.246+00:00,2026-10-08T01:51:01.414+00:00,21072-30059,dryers,20632128-a,716000000,2026-10-08 01:51:01,2026-10-07 22:06:02,0,13499.0,-13499.0,,Available,website maps this code to Available
1,d853389b-26dc-4f36-8018-cdbccca3a5a3,2026-10-08T01:51:01.246+00:00,2026-10-08T01:51:01.414+00:00,21072-30059,dryers,20632044-a,416000000,2026-10-08 01:51:01,2026-10-08 01:47:19,10,222.0,378.0,7,Running,
1,d853389b-26dc-4f36-8018-cdbccca3a5a3,2026-10-08T01:51:01.246+00:00,2026-10-08T01:51:01.414+00:00,21072-30059,dryers,20632094-a,716000000,2026-10-08 01:51:01,2026-10-07 07:58:50,0,64331.0,-64331.0,,Available,website maps this code to Available
1,d853389b-26dc-4f36-8018-cdbccca3a5a3,2026-10-08T01:51:01.246+00:00,2026-10-08T01:51:01.414+00:00,21072-30059,dryers,20632123-a,716000000,2026-10-08 01:51:01,2026-10-08 00:04:40,0,6381.0,-6381.0,,Available,website maps this code to Available
1,d853389b-26dc-4f36-8018-cdbccca3a5a3,2026-10-08T01:51:01.246+00:00,2026-10-08T01:51:01.414+00:00,21072-30059,dryers,20632098-a,616000040,2026-10-08 01:51:01,2026-10-08 00:50:42,0,3619.0,-3619.0,,Error,
1,67273ad0-f152-45a1-bed1-95c435f09347,2026-10-08T01:52:01.504+00:00,2026-10-08T01:52:01.702+00:00,21072-30059,washers,20632118-b,716000000,2026-10-08 01:52:01,2026-10-07 20:53:09,0,17932.0,-17932.0,,Available,website maps this code to Available
1,67273ad0-f152-45a1-bed1-95c435f09347,2026-10-08T01:52:01.504+00:00,2026-10-08T01:52:01.702+00:00,21072-30059,washers,20632035-b,716000000,2026-10-08 01:52:01,2026-10-07 04:03:57,0,78484.0,-78484.0,,Available,website maps this code to Available
1,67273ad0-f152-45a1-bed1-95c435f09347,2026-10-08T01:52:01.504+00:00,2026-10-08T01:52:01.702+00:00,21072-30059,washers,20632102-b,516000000,2026-10-08 01:52:01,2026-10-08 01:20:23,0,1898.0,-1898.0,,Finished,
1,67273ad0-f152-45a1-bed1-95c435f09347,2026-10-08T01:52:01.504+00:00,2026-10-08T01:52:01.702+00:00,21072-30059,washers,20632060-b,716000000,2026-10-08 01:52:01,2026-10-07 23:19:28,0,9153.0,-9153.0,,Available,website maps this code to Available
1,67273ad0-f152-45a1-bed1-95c435f09347,2026-10-08T01:52:01.504+00:00,2026-10-08T01:52:01.702+00:00,21072-30059,washers,20632117-b,716000000,2026-10-08 01:52:01,2026-10-07 23:18:55,0,9186.0,-9186.0,,Available,website maps this code to Available
1,67273ad0-f152-45a1-bed1-95c435f09347,2026-10-08T01:52:01.504+00:00,2026-10-08T01:52:01.702+00:00,21072-30059,washers,20632037-b,716000000,2026-10-08 01:52:01,2026-10-07 20:32:19,0,19182.0,-19182.0,,Available,website maps this code to Available
1,67273ad0-f152-45a1-bed1-95c435f09347,2026-10-08T01:52:01.504+00:00,2026-10-08T01:52:01.702+00:00,21072-30059,washers,20632092-b,716000000,2026-10-08 01:52:01,2026-10-07 20:33:56,0,19085.0,-19085.0,,Available,website maps this code to Available
1,67273ad0-f152-45a1-bed1-95c435f09347,2026-10-08T01:52:01.504+00:00,2026-10-08T01:52:01.702+00:00,21072-30059,washers,20632128-b,716000000,2026-10-08 01:52:01,2026-10-07 20:35:15,0,19006.0,-19006.0,,Available,website maps this code to Available
1,67273ad0-f152-45a1-bed1-95c435f09347,2026-10-08T01:52:01.504+00:00,2026-10-08T01:52:01.702+00:00,21072-30059,washers,20632044-b,716000000,2026-10-08 01:52:01,2026-10-07 06:53:39,0,68302.0,-68302.0,,Available,website maps this code to Available
1,67273ad0-f152-45a1-bed1-95c435f09347,2026-10-08T01:52:01.504+00:00,2026-10-08T01:52:01.702+00:00,21072-30059,washers,20632094-b,716000000,2026-10-08 01:52:01,2026-10-07 06:07:39,0,71062.0,-71062.0,,Available,website maps this code to Available
1,67273ad0-f152-45a1-bed1-95c435f09347,2026-10-08T01:52:01.504+00:00,2026-10-08T01:52:01.702+00:00,21072-30059,washers,20632123-b,516000000,2026-10-08 01:52:01,2026-10-08 00:04:42,0,6439.0,-6439.0,,Available,website fallback: report over 1 hour old
1,67273ad0-f152-45a1-bed1-95c435f09347,2026-10-08T01:52:01.504+00:00,2026-10-08T01:52:01.702+00:00,21072-30059,washers,20632098-b,616000040,2026-10-08 01:52:01,2026-10-08 00:50:44,0,3677.0,-3677.0,,Error,
1,67273ad0-f152-45a1-bed1-95c435f09347,2026-10-08T01:52:01.504+00:00,2026-10-08T01:52:01.702+00:00,21072-30059,dryers,20632096-a,716000000,2026-10-08 01:52:01,2026-10-08 00:51:10,0,3651.0,-3651.0,,Available,website maps this code to Available
1,67273ad0-f152-45a1-bed1-95c435f09347,2026-10-08T01:52:01.504+00:00,2026-10-08T01:52:01.702+00:00,21072-30059,dryers,20632096-b,716000000,2026-10-08 01:52:01,2026-10-08 00:51:12,0,3649.0,-3649.0,,Available,website maps this code to Available
1,67273ad0-f152-45a1-bed1-95c435f09347,2026-10-08T01:52:01.504+00:00,2026-10-08T01:52:01.702+00:00,21072-30059,dryers,20632118-a,716000000,2026-10-08 01:52:01,2026-10-07 18:39:43,0,25938.0,-25938.0,,Available,website maps this code to Available
1,67273ad0-f152-45a1-bed1-95c435f09347,2026-10-08T01:52:01.504+00:00,2026-10-08T01:52:01.702+00:00,21072-30059,dryers,20632035-a,716000000,2026-10-08 01:52:01,2026-10-07 02:49:50,0,82931.0,-82931.0,,Available,website maps this code to Available
1,67273ad0-f152-45a1-bed1-95c435f09347,2026-10-08T01:52:01.504+00:00,2026-10-08T01:52:01.702+00:00,21072-30059,dryers,20632102-a,716000000,2026-10-08 01:52:01,2026-10-08 01:20:22,0,1899.0,-1899.0,,Available,website maps this code to Available
1,67273ad0-f152-45a1-bed1-95c435f09347,2026-10-08T01:52:01.504+00:00,2026-10-08T01:52:01.702+00:00,21072-30059,dryers,20632060-a,716000000,2026-10-08 01:52:01,2026-10-07 03:04:43,0,82038.0,-82038.0,,Available,website maps this code to Available
1,67273ad0-f152-45a1-bed1-95c435f09347,2026-10-08T01:52:01.504+00:00,2026-10-08T01:52:01.702+00:00,21072-30059,dryers,20632117-a,716000000,2026-10-08 01:52:01,2026-10-08 01:18:25,0,2016.0,-2016.0,,Available,website maps this code to Available
1,67273ad0-f152-45a1-bed1-95c435f09347,2026-10-08T01:52:01.504+00:00,2026-10-08T01:52:01.702+00:00,21072-30059,dryers,20632037-a,716000000,2026-10-08 01:52:01,2026-10-08 01:18:06,0,2035.0,-2035.0,,Available,website maps this code to Available
1,67273ad0-f152-45a1-bed1-95c435f09347,2026-10-08T01:52:01.504+00:00,2026-10-08T01:52:01.702+00:00,21072-30059,dryers,20632092-a,716000000,2026-10-08 01:52:01,2026-10-07 22:05:27,0,13594.0,-13594.0,,Available,website maps this code to Available
1,67273ad0-f152-45a1-bed1-95c435f09347,2026-10-08T01:52:01.504+00:00,2026-10-08T01:52:01.702+00:00,21072-30059,dryers,20632128-a,716000000,2026-10-08 01:52:01,2026-10-07 22:06:02,0,13559.0,-13559.0,,Available,website maps this code to Available
1,67273ad0-f152-45a1-bed1-95c435f09347,2026-10-08T01:52:01.504+00:00,2026-10-08T01:52:01.702+00:00,21072-30059,dryers,20632044-a,416000000,2026-10-08 01:52:01,2026-10-08 01:47:19,10,282.0,318.0,6,Running,
1,67273ad0-f152-45a1-bed1-95c435f09347,2026-10-08T01:52:01.504+00:00,2026-10-08T01:52:01.702+00:00,21072-30059,dryers,20632094-a,716000000,2026-10-08 01:52:01,2026-10-07 07:58:50,0,64391.0,-64391.0,,Available,website maps this code to Available
1,67273ad0-f152-45a1-bed1-95c435f09347,2026-10-08T01:52:01.504+00:00,2026-10-08T01:52:01.702+00:00,21072-30059,dryers,20632123-a,716000000,2026-10-08 01:52:01,2026-10-08 00:04:40,0,6441.0,-6441.0,,Available,website maps this code to Available
1,67273ad0-f152-45a1-bed1-95c435f09347,2026-10-08T01:52:01.504+00:00,2026-10-08T01:52:01.702+00:00,21072-30059,dryers,20632098-a,616000040,2026-10-08 01:52:01,2026-10-08 00:50:42,0,3679.0,-3679.0,,Error,
1,ef20c5c5-0df9-4ef4-83b7-74b960a782b7,2026-10-08T01:53:01.316+00:00,2026-10-08T01:53:01.485+00:00,21072-30059,washers,20632118-b,716000000,2026-10-08 01:53:01,2026-10-07 20:53:09,0,17992.0,-17992.0,,Available,website maps this code to Available
1,ef20c5c5-0df9-4ef4-83b7-74b960a782b7,2026-10-08T01:53:01.316+00:00,2026-10-08T01:53:01.485+00:00,21072-30059,washers,20632035-b,716000000,2026-10-08 01:53:01,2026-10-07 04:03:57,0,78544.0,-78544.0,,Available,website maps this code to Available
1,ef20c5c5-0df9-4ef4-83b7-74b960a782b7,2026-10-08T01:53:01.316+00:00,2026-10-08T01:53:01.485+00:00,21072-30059,washers,20632102-b,516000000,2026-10-08 01:53:01,2026-10-08 01:20:23,0,1958.0,-1958.0,,Finished,
1,ef20c5c5-0df9-4ef4-83b7-74b960a782b7,2026-10-08T01:53:01.316+00:00,2026-10-08T01:53:01.485+00:00,21072-30059,washers,20632060-b,716000000,2026-10-08 01:53:01,2026-10-07 23:19:28,0,9213.0,-9213.0,,Available,website maps this code to Available
1,ef20c5c5-0df9-4ef4-83b7-74b960a782b7,2026-10-08T01:53:01.316+00:00,2026-10-08T01:53:01.485+00:00,21072-30059,washers,20632117-b,716000000,2026-10-08 01:53:01,2026-10-07 23:18:55,0,9246.0,-9246.0,,Available,website maps this code to Available
1,ef20c5c5-0df9-4ef4-83b7-74b960a782b7,2026-10-08T01:53:01.316+00:00,2026-10-08T01:53:01.485+00:00,21072-30059,washers,20632037-b,716000000,2026-10-08 01:53:01,2026-10-07 20:32:19,0,19242.0,-19242.0,,Available,website maps this code to Available
1,ef20c5c5-0df9-4ef4-83b7-74b960a782b7,2026-10-08T01:53:01.316+00:00,2026-10-08T01:53:01.485+00:00,21072-30059,washers,20632092-b,716000000,2026-10-08 01:53:01,2026-10-07 20:33:56,0,19145.0,-19145.0,,Available,website maps this code to Available
1,ef20c5c5-0df9-4ef4-83b7-74b960a782b7,2026-10-08T01:53:01.316+00:00,2026-10-08T01:53:01.485+00:00,21072-30059,washers,20632128-b,716000000,2026-10-08 01:53:01,2026-10-07 20:35:15,0,19066.0,-19066.0,,Available,website maps this code to Available
1,ef20c5c5-0df9-4ef4-83b7-74b960a782b7,2026-10-08T01:53:01.316+00:00,2026-10-08T01:53:01.485+00:00,21072-30059,washers,20632044-b,716000000,2026-10-08 01:53:01,2026-10-07 06:53:39,0,68362.0,-68362.0,,Available,website maps this code to Available
1,ef20c5c5-0df9-4ef4-83b7-74b960a782b7,2026-10-08T01:53:01.316+00:00,2026-10-08T01:53:01.485+00:00,21072-30059,washers,20632094-b,716000000,2026-10-08 01:53:01,2026-10-07 06:07:39,0,71122.0,-71122.0,,Available,website maps this code to Available
1,ef20c5c5-0df9-4ef4-83b7-74b960a782b7,2026-10-08T01:53:01.316+00:00,2026-10-08T01:53:01.485+00:00,21072-30059,washers,20632123-b,516000000,2026-10-08 01:53:01,2026-10-08 00:04:42,0,6499.0,-6499.0,,Available,website fallback: report over 1 hour old
1,ef20c5c5-0df9-4ef4-83b7-74b960a782b7,2026-10-08T01:53:01.316+00:00,2026-10-08T01:53:01.485+00:00,21072-30059,washers,20632098-b,616000040,2026-10-08 01:53:01,2026-10-08 00:50:44,0,3737.0,-3737.0,,Error,
1,ef20c5c5-0df9-4ef4-83b7-74b960a782b7,2026-10-08T01:53:01.316+00:00,2026-10-08T01:53:01.485+00:00,21072-30059,dryers,20632096-a,716000000,2026-10-08 01:53:01,2026-10-08 00:51:10,0,3711.0,-3711.0,,Available,website maps this code to Available
1,ef20c5c5-0df9-4ef4-83b7-74b960a782b7,2026-10-08T01:53:01.316+00:00,2026-10-08T01:53:01.485+00:00,21072-30059,dryers,20632096-b,716000000,2026-10-08 01:53:01,2026-10-08 00:51:12,0,3709.0,-3709.0,,Available,website maps this code to Available
1,ef20c5c5-0df9-4ef4-83b7-74b960a782b7,2026-10-08T01:53:01.316+00:00,2026-10-08T01:53:01.485+00:00,21072-30059,dryers,20632118-a,716000000,2026-10-08 01:53:01,2026-10-07 18:39:43,0,25998.0,-25998.0,,Available,website maps this code to Available
1,ef20c5c5-0df9-4ef4-83b7-74b960a782b7,2026-10-08T01:53:01.316+00:00,2026-10-08T01:53:01.485+00:00,21072-30059,dryers,20632035-a,716000000,2026-10-08 01:53:01,2026-10-07 02:49:50,0,82991.0,-82991.0,,Available,website maps this code to Available
1,ef20c5c5-0df9-4ef4-83b7-74b960a782b7,2026-10-08T01:53:01.316+00:00,2026-10-08T01:53:01.485+00:00,21072-30059,dryers,20632102-a,716000000,2026-10-08 01:53:01,2026-10-08 01:20:22,0,1959.0,-1959.0,,Available,website maps this code to Available
1,ef20c5c5-0df9-4ef4-83b7-74b960a782b7,2026-10-08T01:53:01.316+00:00,2026-10-08T01:53:01.485+00:00,21072-30059,dryers,20632060-a,716000000,2026-10-08 01:53:01,2026-10-07 03:04:43,0,82098.0,-82098.0,,Available,website maps this code to Available
1,ef20c5c5-0df9-4ef4-83b7-74b960a782b7,2026-10-08T01:53:01.316+00:00,2026-10-08T01:53:01.485+00:00,21072-30059,dryers,20632117-a,716000000,2026-10-08 01:53:01,2026-10-08 01:18:25,0,2076.0,-2076.0,,Available,website maps this code to Available
1,ef20c5c5-0df9-4ef4-83b7-74b960a782b7,2026-10-08T01:53:01.316+00:00,2026-10-08T01:53:01.485+00:00,21072-30059,dryers,20632037-a,716000000,2026-10-08 01:53:01,2026-10-08 01:18:06,0,2095.0,-2095.0,,Available,website maps this code to Available
1,ef20c5c5-0df9-4ef4-83b7-74b960a782b7,2026-10-08T01:53:01.316+00:00,2026-10-08T01:53:01.485+00:00,21072-30059,dryers,20632092-a,716000000,2026-10-08 01:53:01,2026-10-07 22:05:27,0,13654.0,-13654.0,,Available,website maps this code to Available
1,ef20c5c5-0df9-4ef4-83b7-74b960a782b7,2026-10-08T01:53:01.316+00:00,2026-10-08T01:53:01.485+00:00,21072-30059,dryers,20632128-a,716000000,2026-10-08 01:53:01,2026-10-07 22:06:02,0,13619.0,-13619.0,,Available,website maps this code to Available
1,ef20c5c5-0df9-4ef4-83b7-74b960a782b7,2026-10-08T01:53:01.316+00:00,2026-10-08T01:53:01.485+00:00,21072-30059,dryers,20632044-a,416000000,2026-10-08 01:53:01,2026-10-08 01:47:19,10,342.0,258.0,5,Running,
1,ef20c5c5-0df9-4ef4-83b7-74b960a782b7,2026-10-08T01:53:01.316+00:00,2026-10-08T01:53:01.485+00:00,21072-30059,dryers,20632094-a,716000000,2026-10-08 01:53:01,2026-10-07 07:58:50,0,64451.0,-64451.0,,Available,website maps this code to Available
1,ef20c5c5-0df9-4ef4-83b7-74b960a782b7,2026-10-08T01:53:01.316+00:00,2026-10-08T01:53:01.485+00:00,21072-30059,dryers,20632123-a,716000000,2026-10-08 01:53:01,2026-10-08 00:04:40,0,6501.0,-6501.0,,Available,website maps this code to Available
1,ef20c5c5-0df9-4ef4-83b7-74b960a782b7,2026-10-08T01:53:01.316+00:00,2026-10-08T01:53:01.485+00:00,21072-30059,dryers,20632098-a,616000040,2026-10-08 01:53:01,2026-10-08 00:50:42,0,3739.0,-3739.0,,Error,
1,3da28fea-0732-42a9-8c8b-0a5b8a245a44,2026-10-08T01:54:01.317+00:00,2026-10-08T01:54:01.482+00:00,21072-30059,washers,20632118-b,716000000,2026-10-08 01:54:01,2026-10-07 20:53:09,0,18052.0,-18052.0,,Available,website maps this code to Available
1,3da28fea-0732-42a9-8c8b-0a5b8a245a44,2026-10-08T01:54:01.317+00:00,2026-10-08T01:54:01.482+00:00,21072-30059,washers,20632035-b,716000000,2026-10-08 01:54:01,2026-10-07 04:03:57,0,78604.0,-78604.0,,Available,website maps this code to Available
1,3da28fea-0732-42a9-8c8b-0a5b8a245a44,2026-10-08T01:54:01.317+00:00,2026-10-08T01:54:01.482+00:00,21072-30059,washers,20632102-b,516000000,2026-10-08 01:54:01,2026-10-08 01:20:23,0,2018.0,-2018.0,,Finished,
1,3da28fea-0732-42a9-8c8b-0a5b8a245a44,2026-10-08T01:54:01.317+00:00,2026-10-08T01:54:01.482+00:00,21072-30059,washers,20632060-b,716000000,2026-10-08 01:54:01,2026-10-07 23:19:28,0,9273.0,-9273.0,,Available,website maps this code to Available
1,3da28fea-0732-42a9-8c8b-0a5b8a245a44,2026-10-08T01:54:01.317+00:00,2026-10-08T01:54:01.482+00:00,21072-30059,washers,20632117-b,716000000,2026-10-08 01:54:01,2026-10-07 23:18:55,0,9306.0,-9306.0,,Available,website maps this code to Available
1,3da28fea-0732-42a9-8c8b-0a5b8a245a44,2026-10-08T01:54:01.317+00:00,2026-10-08T01:54:01.482+00:00,21072-30059,washers,20632037-b,716000000,2026-10-08 01:54:01,2026-10-07 20:32:19,0,19302.0,-19302.0,,Available,website maps this code to Available
1,3da28fea-0732-42a9-8c8b-0a5b8a245a44,2026-10-08T01:54:01.317+00:00,2026-10-08T01:54:01.482+00:00,21072-30059,washers,20632092-b,716000000,2026-10-08 01:54:01,2026-10-07 20:33:56,0,19205.0,-19205.0,,Available,website maps this code to Available
1,3da28fea-0732-42a9-8c8b-0a5b8a245a44,2026-10-08T01:54:01.317+00:00,2026-10-08T01:54:01.482+00:00,21072-30059,washers,20632128-b,716000000,2026-10-08 01:54:01,2026-10-07 20:35:15,0,19126.0,-19126.0,,Available,website maps this code to Available
1,3da28fea-0732-42a9-8c8b-0a5b8a245a44,2026-10-08T01:54:01.317+00:00,2026-10-08T01:54:01.482+00:00,21072-30059,washers,20632044-b,716000000,2026-10-08 01:54:01,2026-10-07 06:53:39,0,68422.0,-68422.0,,Available,website maps this code to Available
1,3da28fea-0732-42a9-8c8b-0a5b8a245a44,2026-10-08T01:54:01.317+00:00,2026-10-08T01:54:01.482+00:00,21072-30059,washers,20632094-b,716000000,2026-10-08 01:54:01,2026-10-07 06:07:39,0,71182.0,-71182.0,,Available,website maps this code to Available
1,3da28fea-0732-42a9-8c8b-0a5b8a245a44,2026-10-08T01:54:01.317+00:00,2026-10-08T01:54:01.482+00:00,21072-30059,washers,20632123-b,516000000,2026-10-08 01:54:01,2026-10-08 00:04:42,0,6559.0,-6559.0,,Available,website fallback: report over 1 hour old
1,3da28fea-0732-42a9-8c8b-0a5b8a245a44,2026-10-08T01:54:01.317+00:00,2026-10-08T01:54:01.482+00:00,21072-30059,washers,20632098-b,616000040,2026-10-08 01:54:01,2026-10-08 00:50:44,0,3797.0,-3797.0,,Error,
1,3da28fea-0732-42a9-8c8b-0a5b8a245a44,2026-10-08T01:54:01.317+00:00,2026-10-08T01:54:01.482+00:00,21072-30059,dryers,20632096-a,716000000,2026-10-08 01:54:01,2026-10-08 00:51:10,0,3771.0,-3771.0,,Available,website maps this code to Available
1,3da28fea-0732-42a9-8c8b-0a5b8a245a44,2026-10-08T01:54:01.317+00:00,2026-10-08T01:54:01.482+00:00,21072-30059,dryers,20632096-b,716000000,2026-10-08 01:54:01,2026-10-08 00:51:12,0,3769.0,-3769.0,,Available,website maps this code to Available
1,3da28fea-0732-42a9-8c8b-0a5b8a245a44,2026-10-08T01:54:01.317+00:00,2026-10-08T01:54:01.482+00:00,21072-30059,dryers,20632118-a,716000000,2026-10-08 01:54:01,2026-10-07 18:39:43,0,26058.0,-26058.0,,Available,website maps this code to Available
1,3da28fea-0732-42a9-8c8b-0a5b8a245a44,2026-10-08T01:54:01.317+00:00,2026-10-08T01:54:01.482+00:00,21072-30059,dryers,20632035-a,716000000,2026-10-08 01:54:01,2026-10-07 02:49:50,0,83051.0,-83051.0,,Available,website maps this code to Available
1,3da28fea-0732-42a9-8c8b-0a5b8a245a44,2026-10-08T01:54:01.317+00:00,2026-10-08T01:54:01.482+00:00,21072-30059,dryers,20632102-a,716000000,2026-10-08 01:54:01,2026-10-08 01:20:22,0,2019.0,-2019.0,,Available,website maps this code to Available
1,3da28fea-0732-42a9-8c8b-0a5b8a245a44,2026-10-08T01:54:01.317+00:00,2026-10-08T01:54:01.482+00:00,21072-30059,dryers,20632060-a,716000000,2026-10-08 01:54:01,2026-10-07 03:04:43,0,82158.0,-82158.0,,Available,website maps this code to Available
1,3da28fea-0732-42a9-8c8b-0a5b8a245a44,2026-10-08T01:54:01.317+00:00,2026-10-08T01:54:01.482+00:00,21072-30059,dryers,20632117-a,716000000,2026-10-08 01:54:01,2026-10-08 01:18:25,0,2136.0,-2136.0,,Available,website maps this code to Available
1,3da28fea-0732-42a9-8c8b-0a5b8a245a44,2026-10-08T01:54:01.317+00:00,2026-10-08T01:54:01.482+00:00,21072-30059,dryers,20632037-a,716000000,2026-10-08 01:54:01,2026-10-08 01:18:06,0,2155.0,-2155.0,,Available,website maps this code to Available
1,3da28fea-0732-42a9-8c8b-0a5b8a245a44,2026-10-08T01:54:01.317+00:00,2026-10-08T01:54:01.482+00:00,21072-30059,dryers,20632092-a,716000000,2026-10-08 01:54:01,2026-10-07 22:05:27,0,13714.0,-13714.0,,Available,website maps this code to Available
1,3da28fea-0732-42a9-8c8b-0a5b8a245a44,2026-10-08T01:54:01.317+00:00,2026-10-08T01:54:01.482+00:00,21072-30059,dryers,20632128-a,716000000,2026-10-08 01:54:01,2026-10-07 22:06:02,0,13679.0,-13679.0,,Available,website maps this code to Available
1,3da28fea-0732-42a9-8c8b-0a5b8a245a44,2026-10-08T01:54:01.317+00:00,2026-10-08T01:54:01.482+00:00,21072-30059,dryers,20632044-a,416000000,2026-10-08 01:54:01,2026-10-08 01:47:19,10,402.0,198.0,4,Running,
1,3da28fea-0732-42a9-8c8b-0a5b8a245a44,2026-10-08T01:54:01.317+00:00,2026-10-08T01:54:01.482+00:00,21072-30059,dryers,20632094-a,716000000,2026-10-08 01:54:01,2026-10-07 07:58:50,0,64511.0,-64511.0,,Available,website maps this code to Available
1,3da28fea-0732-42a9-8c8b-0a5b8a245a44,2026-10-08T01:54:01.317+00:00,2026-10-08T01:54:01.482+00:00,21072-30059,dryers,20632123-a,716000000,2026-10-08 01:54:01,2026-10-08 00:04:40,0,6561.0,-6561.0,,Available,website maps this code to Available
1,3da28fea-0732-42a9-8c8b-0a5b8a245a44,2026-10-08T01:54:01.317+00:00,2026-10-08T01:54:01.482+00:00,21072-30059,dryers,20632098-a,616000040,2026-10-08 01:54:01,2026-10-08 00:50:42,0,3799.0,-3799.0,,Error,
1,7d87637f-d870-41bc-b34b-4065796e9a8f,2026-10-08T01:55:01.292+00:00,2026-10-08T01:55:01.464+00:00,21072-30059,washers,20632118-b,716000000,2026-10-08 01:55:01,2026-10-07 20:53:09,0,18112.0,-18112.0,,Available,website maps this code to Available
1,7d87637f-d870-41bc-b34b-4065796e9a8f,2026-10-08T01:55:01.292+00:00,2026-10-08T01:55:01.464+00:00,21072-30059,washers,20632035-b,716000000,2026-10-08 01:55:01,2026-10-07 04:03:57,0,78664.0,-78664.0,,Available,website maps this code to Available
1,7d87637f-d870-41bc-b34b-4065796e9a8f,2026-10-08T01:55:01.292+00:00,2026-10-08T01:55:01.464+00:00,21072-30059,washers,20632102-b,516000000,2026-10-08 01:55:01,2026-10-08 01:20:23,0,2078.0,-2078.0,,Finished,
1,7d87637f-d870-41bc-b34b-4065796e9a8f,2026-10-08T01:55:01.292+00:00,2026-10-08T01:55:01.464+00:00,21072-30059,washers,20632060-b,716000000,2026-10-08 01:55:01,2026-10-07 23:19:28,0,9333.0,-9333.0,,Available,website maps this code to Available
1,7d87637f-d870-41bc-b34b-4065796e9a8f,2026-10-08T01:55:01.292+00:00,2026-10-08T01:55:01.464+00:00,21072-30059,washers,20632117-b,716000000,2026-10-08 01:55:01,2026-10-07 23:18:55,0,9366.0,-9366.0,,Available,website maps this code to Available
1,7d87637f-d870-41bc-b34b-4065796e9a8f,2026-10-08T01:55:01.292+00:00,2026-10-08T01:55:01.464+00:00,21072-30059,washers,20632037-b,716000000,2026-10-08 01:55:01,2026-10-07 20:32:19,0,19362.0,-19362.0,,Available,website maps this code to Available
1,7d87637f-d870-41bc-b34b-4065796e9a8f,2026-10-08T01:55:01.292+00:00,2026-10-08T01:55:01.464+00:00,21072-30059,washers,20632092-b,716000000,2026-10-08 01:55:01,2026-10-07 20:33:56,0,19265.0,-19265.0,,Available,website maps this code to Available
1,7d87637f-d870-41bc-b34b-4065796e9a8f,2026-10-08T01:55:01.292+00:00,2026-10-08T01:55:01.464+00:00,21072-30059,washers,20632128-b,716000000,2026-10-08 01:55:01,2026-10-07 20:35:15,0,19186.0,-19186.0,,Available,website maps this code to Available
1,7d87637f-d870-41bc-b34b-4065796e9a8f,2026-10-08T01:55:01.292+00:00,2026-10-08T01:55:01.464+00:00,21072-30059,washers,20632044-b,716000000,2026-10-08 01:55:01,2026-10-07 06:53:39,0,68482.0,-68482.0,,Available,website maps this code to Available
1,7d87637f-d870-41bc-b34b-4065796e9a8f,2026-10-08T01:55:01.292+00:00,2026-10-08T01:55:01.464+00:00,21072-30059,washers,20632094-b,716000000,2026-10-08 01:55:01,2026-10-07 06:07:39,0,71242.0,-71242.0,,Available,website maps this code to Available
1,7d87637f-d870-41bc-b34b-4065796e9a8f,2026-10-08T01:55:01.292+00:00,2026-10-08T01:55:01.464+00:00,21072-30059,washers,20632123-b,516000000,2026-10-08 01:55:01,2026-10-08 00:04:42,0,6619.0,-6619.0,,Available,website fallback: report over 1 hour old
1,7d87637f-d870-41bc-b34b-4065796e9a8f,2026-10-08T01:55:01.292+00:00,2026-10-08T01:55:01.464+00:00,21072-30059,washers,20632098-b,616000040,2026-10-08 01:55:01,2026-10-08 00:50:44,0,3857.0,-3857.0,,Error,
1,7d87637f-d870-41bc-b34b-4065796e9a8f,2026-10-08T01:55:01.292+00:00,2026-10-08T01:55:01.464+00:00,21072-30059,dryers,20632096-a,716000000,2026-10-08 01:55:01,2026-10-08 00:51:10,0,3831.0,-3831.0,,Available,website maps this code to Available
1,7d87637f-d870-41bc-b34b-4065796e9a8f,2026-10-08T01:55:01.292+00:00,2026-10-08T01:55:01.464+00:00,21072-30059,dryers,20632096-b,716000000,2026-10-08 01:55:01,2026-10-08 00:51:12,0,3829.0,-3829.0,,Available,website maps this code to Available
1,7d87637f-d870-41bc-b34b-4065796e9a8f,2026-10-08T01:55:01.292+00:00,2026-10-08T01:55:01.464+00:00,21072-30059,dryers,20632118-a,716000000,2026-10-08 01:55:01,2026-10-07 18:39:43,0,26118.0,-26118.0,,Available,website maps this code to Available
1,7d87637f-d870-41bc-b34b-4065796e9a8f,2026-10-08T01:55:01.292+00:00,2026-10-08T01:55:01.464+00:00,21072-30059,dryers,20632035-a,716000000,2026-10-08 01:55:01,2026-10-07 02:49:50,0,83111.0,-83111.0,,Available,website maps this code to Available
1,7d87637f-d870-41bc-b34b-4065796e9a8f,2026-10-08T01:55:01.292+00:00,2026-10-08T01:55:01.464+00:00,21072-30059,dryers,20632102-a,716000000,2026-10-08 01:55:01,2026-10-08 01:20:22,0,2079.0,-2079.0,,Available,website maps this code to Available
1,7d87637f-d870-41bc-b34b-4065796e9a8f,2026-10-08T01:55:01.292+00:00,2026-10-08T01:55:01.464+00:00,21072-30059,dryers,20632060-a,716000000,2026-10-08 01:55:01,2026-10-07 03:04:43,0,82218.0,-82218.0,,Available,website maps this code to Available
1,7d87637f-d870-41bc-b34b-4065796e9a8f,2026-10-08T01:55:01.292+00:00,2026-10-08T01:55:01.464+00:00,21072-30059,dryers,20632117-a,716000000,2026-10-08 01:55:01,2026-10-08 01:18:25,0,2196.0,-2196.0,,Available,website maps this code to Available
1,7d87637f-d870-41bc-b34b-4065796e9a8f,2026-10-08T01:55:01.292+00:00,2026-10-08T01:55:01.464+00:00,21072-30059,dryers,20632037-a,716000000,2026-10-08 01:55:01,2026-10-08 01:18:06,0,2215.0,-2215.0,,Available,website maps this code to Available
1,7d87637f-d870-41bc-b34b-4065796e9a8f,2026-10-08T01:55:01.292+00:00,2026-10-08T01:55:01.464+00:00,21072-30059,dryers,20632092-a,716000000,2026-10-08 01:55:01,2026-10-07 22:05:27,0,13774.0,-13774.0,,Available,website maps this code to Available
1,7d87637f-d870-41bc-b34b-4065796e9a8f,2026-10-08T01:55:01.292+00:00,2026-10-08T01:55:01.464+00:00,21072-30059,dryers,20632128-a,716000000,2026-10-08 01:55:01,2026-10-07 22:06:02,0,13739.0,-13739.0,,Available,website maps this code to Available
1,7d87637f-d870-41bc-b34b-4065796e9a8f,2026-10-08T01:55:01.292+00:00,2026-10-08T01:55:01.464+00:00,21072-30059,dryers,20632044-a,416000000,2026-10-08 01:55:01,2026-10-08 01:47:19,10,462.0,138.0,3,Running,
1,7d87637f-d870-41bc-b34b-4065796e9a8f,2026-10-08T01:55:01.292+00:00,2026-10-08T01:55:01.464+00:00,21072-30059,dryers,20632094-a,716000000,2026-10-08 01:55:01,2026-10-07 07:58:50,0,64571.0,-64571.0,,Available,website maps this code to Available
1,7d87637f-d870-41bc-b34b-4065796e9a8f,2026-10-08T01:55:01.292+00:00,2026-10-08T01:55:01.464+00:00,21072-30059,dryers,20632123-a,716000000,2026-10-08 01:55:01,2026-10-08 00:04:40,0,6621.0,-6621.0,,Available,website maps this code to Available
1,7d87637f-d870-41bc-b34b-4065796e9a8f,2026-10-08T01:55:01.292+00:00,2026-10-08T01:55:01.464+00:00,21072-30059,dryers,20632098-a,616000040,2026-10-08 01:55:01,2026-10-08 00:50:42,0,3859.0,-3859.0,,Error,
1,60a83c4a-2a82-4cf4-9ce4-6c4c615f2a65,2026-10-08T01:56:01.295+00:00,2026-10-08T01:56:01.466+00:00,21072-30059,washers,20632118-b,716000000,2026-10-08 01:56:01,2026-10-07 20:53:09,0,18172.0,-18172.0,,Available,website maps this code to Available
1,60a83c4a-2a82-4cf4-9ce4-6c4c615f2a65,2026-10-08T01:56:01.295+00:00,2026-10-08T01:56:01.466+00:00,21072-30059,washers,20632035-b,716000000,2026-10-08 01:56:01,2026-10-07 04:03:57,0,78724.0,-78724.0,,Available,website maps this code to Available
1,60a83c4a-2a82-4cf4-9ce4-6c4c615f2a65,2026-10-08T01:56:01.295+00:00,2026-10-08T01:56:01.466+00:00,21072-30059,washers,20632102-b,516000000,2026-10-08 01:56:01,2026-10-08 01:20:23,0,2138.0,-2138.0,,Finished,
1,60a83c4a-2a82-4cf4-9ce4-6c4c615f2a65,2026-10-08T01:56:01.295+00:00,2026-10-08T01:56:01.466+00:00,21072-30059,washers,20632060-b,716000000,2026-10-08 01:56:01,2026-10-07 23:19:28,0,9393.0,-9393.0,,Available,website maps this code to Available
1,60a83c4a-2a82-4cf4-9ce4-6c4c615f2a65,2026-10-08T01:56:01.295+00:00,2026-10-08T01:56:01.466+00:00,21072-30059,washers,20632117-b,716000000,2026-10-08 01:56:01,2026-10-07 23:18:55,0,9426.0,-9426.0,,Available,website maps this code to Available
1,60a83c4a-2a82-4cf4-9ce4-6c4c615f2a65,2026-10-08T01:56:01.295+00:00,2026-10-08T01:56:01.466+00:00,21072-30059,washers,20632037-b,716000000,2026-10-08 01:56:01,2026-10-07 20:32:19,0,19422.0,-19422.0,,Available,website maps this code to Available
1,60a83c4a-2a82-4cf4-9ce4-6c4c615f2a65,2026-10-08T01:56:01.295+00:00,2026-10-08T01:56:01.466+00:00,21072-30059,washers,20632092-b,716000000,2026-10-08 01:56:01,2026-10-07 20:33:56,0,19325.0,-19325.0,,Available,website maps this code to Available
1,60a83c4a-2a82-4cf4-9ce4-6c4c615f2a65,2026-10-08T01:56:01.295+00:00,2026-10-08T01:56:01.466+00:00,21072-30059,washers,20632128-b,716000000,2026-10-08 01:56:01,2026-10-07 20:35:15,0,19246.0,-19246.0,,Available,website maps this code to Available
1,60a83c4a-2a82-4cf4-9ce4-6c4c615f2a65,2026-10-08T01:56:01.295+00:00,2026-10-08T01:56:01.466+00:00,21072-30059,washers,20632044-b,716000000,2026-10-08 01:56:01,2026-10-07 06:53:39,0,68542.0,-68542.0,,Available,website maps this code to Available
1,60a83c4a-2a82-4cf4-9ce4-6c4c615f2a65,2026-10-08T01:56:01.295+00:00,2026-10-08T01:56:01.466+00:00,21072-30059,washers,20632094-b,716000000,2026-10-08 01:56:01,2026-10-07 06:07:39,0,71302.0,-71302.0,,Available,website maps this code to Available
1,60a83c4a-2a82-4cf4-9ce4-6c4c615f2a65,2026-10-08T01:56:01.295+00:00,2026-10-08T01:56:01.466+00:00,21072-30059,washers,20632123-b,516000000,2026-10-08 01:56:01,2026-10-08 00:04:42,0,6679.0,-6679.0,,Available,website fallback: report over 1 hour old
1,60a83c4a-2a82-4cf4-9ce4-6c4c615f2a65,2026-10-08T01:56:01.295+00:00,2026-10-08T01:56:01.466+00:00,21072-30059,washers,20632098-b,616000040,2026-10-08 01:56:01,2026-10-08 00:50:44,0,3917.0,-3917.0,,Error,
1,60a83c4a-2a82-4cf4-9ce4-6c4c615f2a65,2026-10-08T01:56:01.295+00:00,2026-10-08T01:56:01.466+00:00,21072-30059,dryers,20632096-a,716000000,2026-10-08 01:56:01,2026-10-08 00:51:10,0,3891.0,-3891.0,,Available,website maps this code to Available
1,60a83c4a-2a82-4cf4-9ce4-6c4c615f2a65,2026-10-08T01:56:01.295+00:00,2026-10-08T01:56:01.466+00:00,21072-30059,dryers,20632096-b,716000000,2026-10-08 01:56:01,2026-10-08 00:51:12,0,3889.0,-3889.0,,Available,website maps this code to Available
1,60a83c4a-2a82-4cf4-9ce4-6c4c615f2a65,2026-10-08T01:56:01.295+00:00,2026-10-08T01:56:01.466+00:00,21072-30059,dryers,20632118-a,716000000,2026-10-08 01:56:01,2026-10-07 18:39:43,0,26178.0,-26178.0,,Available,website maps this code to Available
1,60a83c4a-2a82-4cf4-9ce4-6c4c615f2a65,2026-10-08T01:56:01.295+00:00,2026-10-08T01:56:01.466+00:00,21072-30059,dryers,20632035-a,716000000,2026-10-08 01:56:01,2026-10-07 02:49:50,0,83171.0,-83171.0,,Available,website maps this code to Available
1,60a83c4a-2a82-4cf4-9ce4-6c4c615f2a65,2026-10-08T01:56:01.295+00:00,2026-10-08T01:56:01.466+00:00,21072-30059,dryers,20632102-a,716000000,2026-10-08 01:56:01,2026-10-08 01:20:22,0,2139.0,-2139.0,,Available,website maps this code to Available
1,60a83c4a-2a82-4cf4-9ce4-6c4c615f2a65,2026-10-08T01:56:01.295+00:00,2026-10-08T01:56:01.466+00:00,21072-30059,dryers,20632060-a,716000000,2026-10-08 01:56:01,2026-10-07 03:04:43,0,82278.0,-82278.0,,Available,website maps this code to Available
1,60a83c4a-2a82-4cf4-9ce4-6c4c615f2a65,2026-10-08T01:56:01.295+00:00,2026-10-08T01:56:01.466+00:00,21072-30059,dryers,20632117-a,716000000,2026-10-08 01:56:01,2026-10-08 01:18:25,0,2256.0,-2256.0,,Available,website maps this code to Available
1,60a83c4a-2a82-4cf4-9ce4-6c4c615f2a65,2026-10-08T01:56:01.295+00:00,2026-10-08T01:56:01.466+00:00,21072-30059,dryers,20632037-a,716000000,2026-10-08 01:56:01,2026-10-08 01:18:06,0,2275.0,-2275.0,,Available,website maps this code to Available
1,60a83c4a-2a82-4cf4-9ce4-6c4c615f2a65,2026-10-08T01:56:01.295+00:00,2026-10-08T01:56:01.466+00:00,21072-30059,dryers,20632092-a,716000000,2026-10-08 01:56:01,2026-10-07 22:05:27,0,13834.0,-13834.0,,Available,website maps this code to Available
1,60a83c4a-2a82-4cf4-9ce4-6c4c615f2a65,2026-10-08T01:56:01.295+00:00,2026-10-08T01:56:01.466+00:00,21072-30059,dryers,20632128-a,716000000,2026-10-08 01:56:01,2026-10-07 22:06:02,0,13799.0,-13799.0,,Available,website maps this code to Available
1,60a83c4a-2a82-4cf4-9ce4-6c4c615f2a65,2026-10-08T01:56:01.295+00:00,2026-10-08T01:56:01.466+00:00,21072-30059,dryers,20632044-a,416000000,2026-10-08 01:56:01,2026-10-08 01:47:19,10,522.0,78.0,2,Running,
1,60a83c4a-2a82-4cf4-9ce4-6c4c615f2a65,2026-10-08T01:56:01.295+00:00,2026-10-08T01:56:01.466+00:00,21072-30059,dryers,20632094-a,716000000,2026-10-08 01:56:01,2026-10-07 07:58:50,0,64631.0,-64631.0,,Available,website maps this code to Available
1,60a83c4a-2a82-4cf4-9ce4-6c4c615f2a65,2026-10-08T01:56:01.295+00:00,2026-10-08T01:56:01.466+00:00,21072-30059,dryers,20632123-a,716000000,2026-10-08 01:56:01,2026-10-08 00:04:40,0,6681.0,-6681.0,,Available,website maps this code to Available
1,60a83c4a-2a82-4cf4-9ce4-6c4c615f2a65,2026-10-08T01:56:01.295+00:00,2026-10-08T01:56:01.466+00:00,21072-30059,dryers,20632098-a,616000040,2026-10-08 01:56:01,2026-10-08 00:50:42,0,3919.0,-3919.0,,Error,
1,f61b8d02-66a2-4808-8206-10ef9a47afae,2026-10-08T01:57:01.329+00:00,2026-10-08T01:57:01.492+00:00,21072-30059,washers,20632118-b,716000000,2026-10-08 01:57:01,2026-10-07 20:53:09,0,18232.0,-18232.0,,Available,website maps this code to Available
1,f61b8d02-66a2-4808-8206-10ef9a47afae,2026-10-08T01:57:01.329+00:00,2026-10-08T01:57:01.492+00:00,21072-30059,washers,20632035-b,716000000,2026-10-08 01:57:01,2026-10-07 04:03:57,0,78784.0,-78784.0,,Available,website maps this code to Available
1,f61b8d02-66a2-4808-8206-10ef9a47afae,2026-10-08T01:57:01.329+00:00,2026-10-08T01:57:01.492+00:00,21072-30059,washers,20632102-b,516000000,2026-10-08 01:57:01,2026-10-08 01:20:23,0,2198.0,-2198.0,,Finished,
1,f61b8d02-66a2-4808-8206-10ef9a47afae,2026-10-08T01:57:01.329+00:00,2026-10-08T01:57:01.492+00:00,21072-30059,washers,20632060-b,716000000,2026-10-08 01:57:01,2026-10-07 23:19:28,0,9453.0,-9453.0,,Available,website maps this code to Available
1,f61b8d02-66a2-4808-8206-10ef9a47afae,2026-10-08T01:57:01.329+00:00,2026-10-08T01:57:01.492+00:00,21072-30059,washers,20632117-b,716000000,2026-10-08 01:57:01,2026-10-07 23:18:55,0,9486.0,-9486.0,,Available,website maps this code to Available
1,f61b8d02-66a2-4808-8206-10ef9a47afae,2026-10-08T01:57:01.329+00:00,2026-10-08T01:57:01.492+00:00,21072-30059,washers,20632037-b,716000000,2026-10-08 01:57:01,2026-10-07 20:32:19,0,19482.0,-19482.0,,Available,website maps this code to Available
1,f61b8d02-66a2-4808-8206-10ef9a47afae,2026-10-08T01:57:01.329+00:00,2026-10-08T01:57:01.492+00:00,21072-30059,washers,20632092-b,716000000,2026-10-08 01:57:01,2026-10-07 20:33:56,0,19385.0,-19385.0,,Available,website maps this code to Available
1,f61b8d02-66a2-4808-8206-10ef9a47afae,2026-10-08T01:57:01.329+00:00,2026-10-08T01:57:01.492+00:00,21072-30059,washers,20632128-b,716000000,2026-10-08 01:57:01,2026-10-07 20:35:15,0,19306.0,-19306.0,,Available,website maps this code to Available
1,f61b8d02-66a2-4808-8206-10ef9a47afae,2026-10-08T01:57:01.329+00:00,2026-10-08T01:57:01.492+00:00,21072-30059,washers,20632044-b,716000000,2026-10-08 01:57:01,2026-10-07 06:53:39,0,68602.0,-68602.0,,Available,website maps this code to Available
1,f61b8d02-66a2-4808-8206-10ef9a47afae,2026-10-08T01:57:01.329+00:00,2026-10-08T01:57:01.492+00:00,21072-30059,washers,20632094-b,716000000,2026-10-08 01:57:01,2026-10-07 06:07:39,0,71362.0,-71362.0,,Available,website maps this code to Available
1,f61b8d02-66a2-4808-8206-10ef9a47afae,2026-10-08T01:57:01.329+00:00,2026-10-08T01:57:01.492+00:00,21072-30059,washers,20632123-b,516000000,2026-10-08 01:57:01,2026-10-08 00:04:42,0,6739.0,-6739.0,,Available,website fallback: report over 1 hour old
1,f61b8d02-66a2-4808-8206-10ef9a47afae,2026-10-08T01:57:01.329+00:00,2026-10-08T01:57:01.492+00:00,21072-30059,washers,20632098-b,616000040,2026-10-08 01:57:01,2026-10-08 00:50:44,0,3977.0,-3977.0,,Error,
1,f61b8d02-66a2-4808-8206-10ef9a47afae,2026-10-08T01:57:01.329+00:00,2026-10-08T01:57:01.492+00:00,21072-30059,dryers,20632096-a,716000000,2026-10-08 01:57:01,2026-10-08 00:51:10,0,3951.0,-3951.0,,Available,website maps this code to Available
1,f61b8d02-66a2-4808-8206-10ef9a47afae,2026-10-08T01:57:01.329+00:00,2026-10-08T01:57:01.492+00:00,21072-30059,dryers,20632096-b,716000000,2026-10-08 01:57:01,2026-10-08 00:51:12,0,3949.0,-3949.0,,Available,website maps this code to Available
1,f61b8d02-66a2-4808-8206-10ef9a47afae,2026-10-08T01:57:01.329+00:00,2026-10-08T01:57:01.492+00:00,21072-30059,dryers,20632118-a,716000000,2026-10-08 01:57:01,2026-10-07 18:39:43,0,26238.0,-26238.0,,Available,website maps this code to Available
1,f61b8d02-66a2-4808-8206-10ef9a47afae,2026-10-08T01:57:01.329+00:00,2026-10-08T01:57:01.492+00:00,21072-30059,dryers,20632035-a,716000000,2026-10-08 01:57:01,2026-10-07 02:49:50,0,83231.0,-83231.0,,Available,website maps this code to Available
1,f61b8d02-66a2-4808-8206-10ef9a47afae,2026-10-08T01:57:01.329+00:00,2026-10-08T01:57:01.492+00:00,21072-30059,dryers,20632102-a,716000000,2026-10-08 01:57:01,2026-10-08 01:20:22,0,2199.0,-2199.0,,Available,website maps this code to Available
1,f61b8d02-66a2-4808-8206-10ef9a47afae,2026-10-08T01:57:01.329+00:00,2026-10-08T01:57:01.492+00:00,21072-30059,dryers,20632060-a,716000000,2026-10-08 01:57:01,2026-10-07 03:04:43,0,82338.0,-82338.0,,Available,website maps this code to Available
1,f61b8d02-66a2-4808-8206-10ef9a47afae,2026-10-08T01:57:01.329+00:00,2026-10-08T01:57:01.492+00:00,21072-30059,dryers,20632117-a,716000000,2026-10-08 01:57:01,2026-10-08 01:18:25,0,2316.0,-2316.0,,Available,website maps this code to Available
1,f61b8d02-66a2-4808-8206-10ef9a47afae,2026-10-08T01:57:01.329+00:00,2026-10-08T01:57:01.492+00:00,21072-30059,dryers,20632037-a,716000000,2026-10-08 01:57:01,2026-10-08 01:18:06,0,2335.0,-2335.0,,Available,website maps this code to Available
1,f61b8d02-66a2-4808-8206-10ef9a47afae,2026-10-08T01:57:01.329+00:00,2026-10-08T01:57:01.492+00:00,21072-30059,dryers,20632092-a,716000000,2026-10-08 01:57:01,2026-10-07 22:05:27,0,13894.0,-13894.0,,Available,website maps this code to Available
1,f61b8d02-66a2-4808-8206-10ef9a47afae,2026-10-08T01:57:01.329+00:00,2026-10-08T01:57:01.492+00:00,21072-30059,dryers,20632128-a,716000000,2026-10-08 01:57:01,2026-10-07 22:06:02,0,13859.0,-13859.0,,Available,website maps this code to Available
1,f61b8d02-66a2-4808-8206-10ef9a47afae,2026-10-08T01:57:01.329+00:00,2026-10-08T01:57:01.492+00:00,21072-30059,dryers,20632044-a,416000000,2026-10-08 01:57:01,2026-10-08 01:47:19,10,582.0,18.0,1,Running,
1,f61b8d02-66a2-4808-8206-10ef9a47afae,2026-10-08T01:57:01.329+00:00,2026-10-08T01:57:01.492+00:00,21072-30059,dryers,20632094-a,716000000,2026-10-08 01:57:01,2026-10-07 07:58:50,0,64691.0,-64691.0,,Available,website maps this code to Available
1,f61b8d02-66a2-4808-8206-10ef9a47afae,2026-10-08T01:57:01.329+00:00,2026-10-08T01:57:01.492+00:00,21072-30059,dryers,20632123-a,716000000,2026-10-08 01:57:01,2026-10-08 00:04:40,0,6741.0,-6741.0,,Available,website maps this code to Available
1,f61b8d02-66a2-4808-8206-10ef9a47afae,2026-10-08T01:57:01.329+00:00,2026-10-08T01:57:01.492+00:00,21072-30059,dryers,20632098-a,616000040,2026-10-08 01:57:01,2026-10-08 00:50:42,0,3979.0,-3979.0,,Error,
1,86266dfe-2ce5-49a3-96c4-b6b64c3b2cc4,2026-10-08T01:58:01.297+00:00,2026-10-08T01:58:01.477+00:00,21072-30059,washers,20632118-b,716000000,2026-10-08 01:58:01,2026-10-07 20:53:09,0,18292.0,-18292.0,,Available,website maps this code to Available
1,86266dfe-2ce5-49a3-96c4-b6b64c3b2cc4,2026-10-08T01:58:01.297+00:00,2026-10-08T01:58:01.477+00:00,21072-30059,washers,20632035-b,716000000,2026-10-08 01:58:01,2026-10-07 04:03:57,0,78844.0,-78844.0,,Available,website maps this code to Available
1,86266dfe-2ce5-49a3-96c4-b6b64c3b2cc4,2026-10-08T01:58:01.297+00:00,2026-10-08T01:58:01.477+00:00,21072-30059,washers,20632102-b,516000000,2026-10-08 01:58:01,2026-10-08 01:20:23,0,2258.0,-2258.0,,Finished,
1,86266dfe-2ce5-49a3-96c4-b6b64c3b2cc4,2026-10-08T01:58:01.297+00:00,2026-10-08T01:58:01.477+00:00,21072-30059,washers,20632060-b,716000000,2026-10-08 01:58:01,2026-10-07 23:19:28,0,9513.0,-9513.0,,Available,website maps this code to Available
1,86266dfe-2ce5-49a3-96c4-b6b64c3b2cc4,2026-10-08T01:58:01.297+00:00,2026-10-08T01:58:01.477+00:00,21072-30059,washers,20632117-b,716000000,2026-10-08 01:58:01,2026-10-07 23:18:55,0,9546.0,-9546.0,,Available,website maps this code to Available
1,86266dfe-2ce5-49a3-96c4-b6b64c3b2cc4,2026-10-08T01:58:01.297+00:00,2026-10-08T01:58:01.477+00:00,21072-30059,washers,20632037-b,716000000,2026-10-08 01:58:01,2026-10-07 20:32:19,0,19542.0,-19542.0,,Available,website maps this code to Available
1,86266dfe-2ce5-49a3-96c4-b6b64c3b2cc4,2026-10-08T01:58:01.297+00:00,2026-10-08T01:58:01.477+00:00,21072-30059,washers,20632092-b,716000000,2026-10-08 01:58:01,2026-10-07 20:33:56,0,19445.0,-19445.0,,Available,website maps this code to Available
1,86266dfe-2ce5-49a3-96c4-b6b64c3b2cc4,2026-10-08T01:58:01.297+00:00,2026-10-08T01:58:01.477+00:00,21072-30059,washers,20632128-b,716000000,2026-10-08 01:58:01,2026-10-07 20:35:15,0,19366.0,-19366.0,,Available,website maps this code to Available
1,86266dfe-2ce5-49a3-96c4-b6b64c3b2cc4,2026-10-08T01:58:01.297+00:00,2026-10-08T01:58:01.477+00:00,21072-30059,washers,20632044-b,716000000,2026-10-08 01:58:01,2026-10-07 06:53:39,0,68662.0,-68662.0,,Available,website maps this code to Available
1,86266dfe-2ce5-49a3-96c4-b6b64c3b2cc4,2026-10-08T01:58:01.297+00:00,2026-10-08T01:58:01.477+00:00,21072-30059,washers,20632094-b,716000000,2026-10-08 01:58:01,2026-10-07 06:07:39,0,71422.0,-71422.0,,Available,website maps this code to Available
1,86266dfe-2ce5-49a3-96c4-b6b64c3b2cc4,2026-10-08T01:58:01.297+00:00,2026-10-08T01:58:01.477+00:00,21072-30059,washers,20632123-b,516000000,2026-10-08 01:58:01,2026-10-08 00:04:42,0,6799.0,-6799.0,,Available,website fallback: report over 1 hour old
1,86266dfe-2ce5-49a3-96c4-b6b64c3b2cc4,2026-10-08T01:58:01.297+00:00,2026-10-08T01:58:01.477+00:00,21072-30059,washers,20632098-b,616000040,2026-10-08 01:58:01,2026-10-08 00:50:44,0,4037.0,-4037.0,,Error,
1,86266dfe-2ce5-49a3-96c4-b6b64c3b2cc4,2026-10-08T01:58:01.297+00:00,2026-10-08T01:58:01.477+00:00,21072-30059,dryers,20632096-a,716000000,2026-10-08 01:58:01,2026-10-08 00:51:10,0,4011.0,-4011.0,,Available,website maps this code to Available
1,86266dfe-2ce5-49a3-96c4-b6b64c3b2cc4,2026-10-08T01:58:01.297+00:00,2026-10-08T01:58:01.477+00:00,21072-30059,dryers,20632096-b,716000000,2026-10-08 01:58:01,2026-10-08 00:51:12,0,4009.0,-4009.0,,Available,website maps this code to Available
1,86266dfe-2ce5-49a3-96c4-b6b64c3b2cc4,2026-10-08T01:58:01.297+00:00,2026-10-08T01:58:01.477+00:00,21072-30059,dryers,20632118-a,716000000,2026-10-08 01:58:01,2026-10-07 18:39:43,0,26298.0,-26298.0,,Available,website maps this code to Available
1,86266dfe-2ce5-49a3-96c4-b6b64c3b2cc4,2026-10-08T01:58:01.297+00:00,2026-10-08T01:58:01.477+00:00,21072-30059,dryers,20632035-a,716000000,2026-10-08 01:58:01,2026-10-07 02:49:50,0,83291.0,-83291.0,,Available,website maps this code to Available
1,86266dfe-2ce5-49a3-96c4-b6b64c3b2cc4,2026-10-08T01:58:01.297+00:00,2026-10-08T01:58:01.477+00:00,21072-30059,dryers,20632102-a,716000000,2026-10-08 01:58:01,2026-10-08 01:20:22,0,2259.0,-2259.0,,Available,website maps this code to Available
1,86266dfe-2ce5-49a3-96c4-b6b64c3b2cc4,2026-10-08T01:58:01.297+00:00,2026-10-08T01:58:01.477+00:00,21072-30059,dryers,20632060-a,716000000,2026-10-08 01:58:01,2026-10-07 03:04:43,0,82398.0,-82398.0,,Available,website maps this code to Available
1,86266dfe-2ce5-49a3-96c4-b6b64c3b2cc4,2026-10-08T01:58:01.297+00:00,2026-10-08T01:58:01.477+00:00,21072-30059,dryers,20632117-a,716000000,2026-10-08 01:58:01,2026-10-08 01:18:25,0,2376.0,-2376.0,,Available,website maps this code to Available
1,86266dfe-2ce5-49a3-96c4-b6b64c3b2cc4,2026-10-08T01:58:01.297+00:00,2026-10-08T01:58:01.477+00:00,21072-30059,dryers,20632037-a,716000000,2026-10-08 01:58:01,2026-10-08 01:18:06,0,2395.0,-2395.0,,Available,website maps this code to Available
1,86266dfe-2ce5-49a3-96c4-b6b64c3b2cc4,2026-10-08T01:58:01.297+00:00,2026-10-08T01:58:01.477+00:00,21072-30059,dryers,20632092-a,716000000,2026-10-08 01:58:01,2026-10-07 22:05:27,0,13954.0,-13954.0,,Available,website maps this code to Available
1,86266dfe-2ce5-49a3-96c4-b6b64c3b2cc4,2026-10-08T01:58:01.297+00:00,2026-10-08T01:58:01.477+00:00,21072-30059,dryers,20632128-a,716000000,2026-10-08 01:58:01,2026-10-07 22:06:02,0,13919.0,-13919.0,,Available,website maps this code to Available
1,86266dfe-2ce5-49a3-96c4-b6b64c3b2cc4,2026-10-08T01:58:01.297+00:00,2026-10-08T01:58:01.477+00:00,21072-30059,dryers,20632044-a,416000000,2026-10-08 01:58:01,2026-10-08 01:57:34,10,27.0,573.0,10,Running,
1,86266dfe-2ce5-49a3-96c4-b6b64c3b2cc4,2026-10-08T01:58:01.297+00:00,2026-10-08T01:58:01.477+00:00,21072-30059,dryers,20632094-a,716000000,2026-10-08 01:58:01,2026-10-07 07:58:50,0,64751.0,-64751.0,,Available,website maps this code to Available
1,86266dfe-2ce5-49a3-96c4-b6b64c3b2cc4,2026-10-08T01:58:01.297+00:00,2026-10-08T01:58:01.477+00:00,21072-30059,dryers,20632123-a,716000000,2026-10-08 01:58:01,2026-10-08 00:04:40,0,6801.0,-6801.0,,Available,website maps this code to Available
1,86266dfe-2ce5-49a3-96c4-b6b64c3b2cc4,2026-10-08T01:58:01.297+00:00,2026-10-08T01:58:01.477+00:00,21072-30059,dryers,20632098-a,616000040,2026-10-08 01:58:01,2026-10-08 00:50:42,0,4039.0,-4039.0,,Error,
1,17a6fdea-9fc0-4e56-8bf8-95c8a454cbb3,2026-10-08T01:59:01.249+00:00,2026-10-08T01:59:01.440+00:00,21072-30059,washers,20632118-b,716000000,2026-10-08 01:59:01,2026-10-07 20:53:09,0,18352.0,-18352.0,,Available,website maps this code to Available
1,17a6fdea-9fc0-4e56-8bf8-95c8a454cbb3,2026-10-08T01:59:01.249+00:00,2026-10-08T01:59:01.440+00:00,21072-30059,washers,20632035-b,716000000,2026-10-08 01:59:01,2026-10-07 04:03:57,0,78904.0,-78904.0,,Available,website maps this code to Available
1,17a6fdea-9fc0-4e56-8bf8-95c8a454cbb3,2026-10-08T01:59:01.249+00:00,2026-10-08T01:59:01.440+00:00,21072-30059,washers,20632102-b,516000000,2026-10-08 01:59:01,2026-10-08 01:20:23,0,2318.0,-2318.0,,Finished,
1,17a6fdea-9fc0-4e56-8bf8-95c8a454cbb3,2026-10-08T01:59:01.249+00:00,2026-10-08T01:59:01.440+00:00,21072-30059,washers,20632060-b,716000000,2026-10-08 01:59:01,2026-10-07 23:19:28,0,9573.0,-9573.0,,Available,website maps this code to Available
1,17a6fdea-9fc0-4e56-8bf8-95c8a454cbb3,2026-10-08T01:59:01.249+00:00,2026-10-08T01:59:01.440+00:00,21072-30059,washers,20632117-b,716000000,2026-10-08 01:59:01,2026-10-07 23:18:55,0,9606.0,-9606.0,,Available,website maps this code to Available
1,17a6fdea-9fc0-4e56-8bf8-95c8a454cbb3,2026-10-08T01:59:01.249+00:00,2026-10-08T01:59:01.440+00:00,21072-30059,washers,20632037-b,716000000,2026-10-08 01:59:01,2026-10-07 20:32:19,0,19602.0,-19602.0,,Available,website maps this code to Available
1,17a6fdea-9fc0-4e56-8bf8-95c8a454cbb3,2026-10-08T01:59:01.249+00:00,2026-10-08T01:59:01.440+00:00,21072-30059,washers,20632092-b,716000000,2026-10-08 01:59:01,2026-10-07 20:33:56,0,19505.0,-19505.0,,Available,website maps this code to Available
1,17a6fdea-9fc0-4e56-8bf8-95c8a454cbb3,2026-10-08T01:59:01.249+00:00,2026-10-08T01:59:01.440+00:00,21072-30059,washers,20632128-b,716000000,2026-10-08 01:59:01,2026-10-07 20:35:15,0,19426.0,-19426.0,,Available,website maps this code to Available
1,17a6fdea-9fc0-4e56-8bf8-95c8a454cbb3,2026-10-08T01:59:01.249+00:00,2026-10-08T01:59:01.440+00:00,21072-30059,washers,20632044-b,716000000,2026-10-08 01:59:01,2026-10-07 06:53:39,0,68722.0,-68722.0,,Available,website maps this code to Available
1,17a6fdea-9fc0-4e56-8bf8-95c8a454cbb3,2026-10-08T01:59:01.249+00:00,2026-10-08T01:59:01.440+00:00,21072-30059,washers,20632094-b,716000000,2026-10-08 01:59:01,2026-10-07 06:07:39,0,71482.0,-71482.0,,Available,website maps this code to Available
1,17a6fdea-9fc0-4e56-8bf8-95c8a454cbb3,2026-10-08T01:59:01.249+00:00,2026-10-08T01:59:01.440+00:00,21072-30059,washers,20632123-b,516000000,2026-10-08 01:59:01,2026-10-08 00:04:42,0,6859.0,-6859.0,,Available,website fallback: report over 1 hour old
1,17a6fdea-9fc0-4e56-8bf8-95c8a454cbb3,2026-10-08T01:59:01.249+00:00,2026-10-08T01:59:01.440+00:00,21072-30059,washers,20632098-b,616000040,2026-10-08 01:59:01,2026-10-08 00:50:44,0,4097.0,-4097.0,,Error,
1,17a6fdea-9fc0-4e56-8bf8-95c8a454cbb3,2026-10-08T01:59:01.249+00:00,2026-10-08T01:59:01.440+00:00,21072-30059,dryers,20632096-a,716000000,2026-10-08 01:59:01,2026-10-08 00:51:10,0,4071.0,-4071.0,,Available,website maps this code to Available
1,17a6fdea-9fc0-4e56-8bf8-95c8a454cbb3,2026-10-08T01:59:01.249+00:00,2026-10-08T01:59:01.440+00:00,21072-30059,dryers,20632096-b,716000000,2026-10-08 01:59:01,2026-10-08 00:51:12,0,4069.0,-4069.0,,Available,website maps this code to Available
1,17a6fdea-9fc0-4e56-8bf8-95c8a454cbb3,2026-10-08T01:59:01.249+00:00,2026-10-08T01:59:01.440+00:00,21072-30059,dryers,20632118-a,716000000,2026-10-08 01:59:01,2026-10-07 18:39:43,0,26358.0,-26358.0,,Available,website maps this code to Available
1,17a6fdea-9fc0-4e56-8bf8-95c8a454cbb3,2026-10-08T01:59:01.249+00:00,2026-10-08T01:59:01.440+00:00,21072-30059,dryers,20632035-a,716000000,2026-10-08 01:59:01,2026-10-07 02:49:50,0,83351.0,-83351.0,,Available,website maps this code to Available
1,17a6fdea-9fc0-4e56-8bf8-95c8a454cbb3,2026-10-08T01:59:01.249+00:00,2026-10-08T01:59:01.440+00:00,21072-30059,dryers,20632102-a,716000000,2026-10-08 01:59:01,2026-10-08 01:20:22,0,2319.0,-2319.0,,Available,website maps this code to Available
1,17a6fdea-9fc0-4e56-8bf8-95c8a454cbb3,2026-10-08T01:59:01.249+00:00,2026-10-08T01:59:01.440+00:00,21072-30059,dryers,20632060-a,716000000,2026-10-08 01:59:01,2026-10-07 03:04:43,0,82458.0,-82458.0,,Available,website maps this code to Available
1,17a6fdea-9fc0-4e56-8bf8-95c8a454cbb3,2026-10-08T01:59:01.249+00:00,2026-10-08T01:59:01.440+00:00,21072-30059,dryers,20632117-a,716000000,2026-10-08 01:59:01,2026-10-08 01:18:25,0,2436.0,-2436.0,,Available,website maps this code to Available
1,17a6fdea-9fc0-4e56-8bf8-95c8a454cbb3,2026-10-08T01:59:01.249+00:00,2026-10-08T01:59:01.440+00:00,21072-30059,dryers,20632037-a,716000000,2026-10-08 01:59:01,2026-10-08 01:18:06,0,2455.0,-2455.0,,Available,website maps this code to Available
1,17a6fdea-9fc0-4e56-8bf8-95c8a454cbb3,2026-10-08T01:59:01.249+00:00,2026-10-08T01:59:01.440+00:00,21072-30059,dryers,20632092-a,716000000,2026-10-08 01:59:01,2026-10-07 22:05:27,0,14014.0,-14014.0,,Available,website maps this code to Available
1,17a6fdea-9fc0-4e56-8bf8-95c8a454cbb3,2026-10-08T01:59:01.249+00:00,2026-10-08T01:59:01.440+00:00,21072-30059,dryers,20632128-a,716000000,2026-10-08 01:59:01,2026-10-07 22:06:02,0,13979.0,-13979.0,,Available,website maps this code to Available
1,17a6fdea-9fc0-4e56-8bf8-95c8a454cbb3,2026-10-08T01:59:01.249+00:00,2026-10-08T01:59:01.440+00:00,21072-30059,dryers,20632044-a,416000000,2026-10-08 01:59:01,2026-10-08 01:57:34,10,87.0,513.0,9,Running,
1,17a6fdea-9fc0-4e56-8bf8-95c8a454cbb3,2026-10-08T01:59:01.249+00:00,2026-10-08T01:59:01.440+00:00,21072-30059,dryers,20632094-a,716000000,2026-10-08 01:59:01,2026-10-07 07:58:50,0,64811.0,-64811.0,,Available,website maps this code to Available
1,17a6fdea-9fc0-4e56-8bf8-95c8a454cbb3,2026-10-08T01:59:01.249+00:00,2026-10-08T01:59:01.440+00:00,21072-30059,dryers,20632123-a,716000000,2026-10-08 01:59:01,2026-10-08 00:04:40,0,6861.0,-6861.0,,Available,website maps this code to Available
1,17a6fdea-9fc0-4e56-8bf8-95c8a454cbb3,2026-10-08T01:59:01.249+00:00,2026-10-08T01:59:01.440+00:00,21072-30059,dryers,20632098-a,616000040,2026-10-08 01:59:01,2026-10-08 00:50:42,0,4099.0,-4099.0,,Error,
1,8b59b4f0-f9db-4e3b-b31e-56a5f0a85bc5,2026-10-08T02:00:01.283+00:00,2026-10-08T02:00:01.500+00:00,21072-30059,washers,20632118-b,716000000,2026-10-08 02:00:01,2026-10-07 20:53:09,0,18412.0,-18412.0,,Available,website maps this code to Available
1,8b59b4f0-f9db-4e3b-b31e-56a5f0a85bc5,2026-10-08T02:00:01.283+00:00,2026-10-08T02:00:01.500+00:00,21072-30059,washers,20632035-b,716000000,2026-10-08 02:00:01,2026-10-07 04:03:57,0,78964.0,-78964.0,,Available,website maps this code to Available
1,8b59b4f0-f9db-4e3b-b31e-56a5f0a85bc5,2026-10-08T02:00:01.283+00:00,2026-10-08T02:00:01.500+00:00,21072-30059,washers,20632102-b,516000000,2026-10-08 02:00:01,2026-10-08 01:20:23,0,2378.0,-2378.0,,Finished,
1,8b59b4f0-f9db-4e3b-b31e-56a5f0a85bc5,2026-10-08T02:00:01.283+00:00,2026-10-08T02:00:01.500+00:00,21072-30059,washers,20632060-b,716000000,2026-10-08 02:00:01,2026-10-07 23:19:28,0,9633.0,-9633.0,,Available,website maps this code to Available
1,8b59b4f0-f9db-4e3b-b31e-56a5f0a85bc5,2026-10-08T02:00:01.283+00:00,2026-10-08T02:00:01.500+00:00,21072-30059,washers,20632117-b,716000000,2026-10-08 02:00:01,2026-10-07 23:18:55,0,9666.0,-9666.0,,Available,website maps this code to Available
1,8b59b4f0-f9db-4e3b-b31e-56a5f0a85bc5,2026-10-08T02:00:01.283+00:00,2026-10-08T02:00:01.500+00:00,21072-30059,washers,20632037-b,716000000,2026-10-08 02:00:01,2026-10-07 20:32:19,0,19662.0,-19662.0,,Available,website maps this code to Available
1,8b59b4f0-f9db-4e3b-b31e-56a5f0a85bc5,2026-10-08T02:00:01.283+00:00,2026-10-08T02:00:01.500+00:00,21072-30059,washers,20632092-b,716000000,2026-10-08 02:00:01,2026-10-07 20:33:56,0,19565.0,-19565.0,,Available,website maps this code to Available
1,8b59b4f0-f9db-4e3b-b31e-56a5f0a85bc5,2026-10-08T02:00:01.283+00:00,2026-10-08T02:00:01.500+00:00,21072-30059,washers,20632128-b,716000000,2026-10-08 02:00:01,2026-10-07 20:35:15,0,19486.0,-19486.0,,Available,website maps this code to Available
1,8b59b4f0-f9db-4e3b-b31e-56a5f0a85bc5,2026-10-08T02:00:01.283+00:00,2026-10-08T02:00:01.500+00:00,21072-30059,washers,20632044-b,716000000,2026-10-08 02:00:01,2026-10-07 06:53:39,0,68782.0,-68782.0,,Available,website maps this code to Available
1,8b59b4f0-f9db-4e3b-b31e-56a5f0a85bc5,2026-10-08T02:00:01.283+00:00,2026-10-08T02:00:01.500+00:00,21072-30059,washers,20632094-b,716000000,2026-10-08 02:00:01,2026-10-07 06:07:39,0,71542.0,-71542.0,,Available,website maps this code to Available
1,8b59b4f0-f9db-4e3b-b31e-56a5f0a85bc5,2026-10-08T02:00:01.283+00:00,2026-10-08T02:00:01.500+00:00,21072-30059,washers,20632123-b,516000000,2026-10-08 02:00:01,2026-10-08 00:04:42,0,6919.0,-6919.0,,Available,website fallback: report over 1 hour old
1,8b59b4f0-f9db-4e3b-b31e-56a5f0a85bc5,2026-10-08T02:00:01.283+00:00,2026-10-08T02:00:01.500+00:00,21072-30059,washers,20632098-b,616000040,2026-10-08 02:00:01,2026-10-08 00:50:44,0,4157.0,-4157.0,,Error,
1,8b59b4f0-f9db-4e3b-b31e-56a5f0a85bc5,2026-10-08T02:00:01.283+00:00,2026-10-08T02:00:01.500+00:00,21072-30059,dryers,20632096-a,716000000,2026-10-08 02:00:01,2026-10-08 00:51:10,0,4131.0,-4131.0,,Available,website maps this code to Available
1,8b59b4f0-f9db-4e3b-b31e-56a5f0a85bc5,2026-10-08T02:00:01.283+00:00,2026-10-08T02:00:01.500+00:00,21072-30059,dryers,20632096-b,716000000,2026-10-08 02:00:01,2026-10-08 00:51:12,0,4129.0,-4129.0,,Available,website maps this code to Available
1,8b59b4f0-f9db-4e3b-b31e-56a5f0a85bc5,2026-10-08T02:00:01.283+00:00,2026-10-08T02:00:01.500+00:00,21072-30059,dryers,20632118-a,716000000,2026-10-08 02:00:01,2026-10-07 18:39:43,0,26418.0,-26418.0,,Available,website maps this code to Available
1,8b59b4f0-f9db-4e3b-b31e-56a5f0a85bc5,2026-10-08T02:00:01.283+00:00,2026-10-08T02:00:01.500+00:00,21072-30059,dryers,20632035-a,716000000,2026-10-08 02:00:01,2026-10-07 02:49:50,0,83411.0,-83411.0,,Available,website maps this code to Available
1,8b59b4f0-f9db-4e3b-b31e-56a5f0a85bc5,2026-10-08T02:00:01.283+00:00,2026-10-08T02:00:01.500+00:00,21072-30059,dryers,20632102-a,716000000,2026-10-08 02:00:01,2026-10-08 01:20:22,0,2379.0,-2379.0,,Available,website maps this code to Available
1,8b59b4f0-f9db-4e3b-b31e-56a5f0a85bc5,2026-10-08T02:00:01.283+00:00,2026-10-08T02:00:01.500+00:00,21072-30059,dryers,20632060-a,716000000,2026-10-08 02:00:01,2026-10-07 03:04:43,0,82518.0,-82518.0,,Available,website maps this code to Available
1,8b59b4f0-f9db-4e3b-b31e-56a5f0a85bc5,2026-10-08T02:00:01.283+00:00,2026-10-08T02:00:01.500+00:00,21072-30059,dryers,20632117-a,716000000,2026-10-08 02:00:01,2026-10-08 01:18:25,0,2496.0,-2496.0,,Available,website maps this code to Available
1,8b59b4f0-f9db-4e3b-b31e-56a5f0a85bc5,2026-10-08T02:00:01.283+00:00,2026-10-08T02:00:01.500+00:00,21072-30059,dryers,20632037-a,716000000,2026-10-08 02:00:01,2026-10-08 01:18:06,0,2515.0,-2515.0,,Available,website maps this code to Available
1,8b59b4f0-f9db-4e3b-b31e-56a5f0a85bc5,2026-10-08T02:00:01.283+00:00,2026-10-08T02:00:01.500+00:00,21072-30059,dryers,20632092-a,716000000,2026-10-08 02:00:01,2026-10-07 22:05:27,0,14074.0,-14074.0,,Available,website maps this code to Available
1,8b59b4f0-f9db-4e3b-b31e-56a5f0a85bc5,2026-10-08T02:00:01.283+00:00,2026-10-08T02:00:01.500+00:00,21072-30059,dryers,20632128-a,716000000,2026-10-08 02:00:01,2026-10-07 22:06:02,0,14039.0,-14039.0,,Available,website maps this code to Available
1,8b59b4f0-f9db-4e3b-b31e-56a5f0a85bc5,2026-10-08T02:00:01.283+00:00,2026-10-08T02:00:01.500+00:00,21072-30059,dryers,20632044-a,416000000,2026-10-08 02:00:01,2026-10-08 01:57:34,10,147.0,453.0,8,Running,
1,8b59b4f0-f9db-4e3b-b31e-56a5f0a85bc5,2026-10-08T02:00:01.283+00:00,2026-10-08T02:00:01.500+00:00,21072-30059,dryers,20632094-a,716000000,2026-10-08 02:00:01,2026-10-07 07:58:50,0,64871.0,-64871.0,,Available,website maps this code to Available
1,8b59b4f0-f9db-4e3b-b31e-56a5f0a85bc5,2026-10-08T02:00:01.283+00:00,2026-10-08T02:00:01.500+00:00,21072-30059,dryers,20632123-a,716000000,2026-10-08 02:00:01,2026-10-08 00:04:40,0,6921.0,-6921.0,,Available,website maps this code to Available
1,8b59b4f0-f9db-4e3b-b31e-56a5f0a85bc5,2026-10-08T02:00:01.283+00:00,2026-10-08T02:00:01.500+00:00,21072-30059,dryers,20632098-a,616000040,2026-10-08 02:00:01,2026-10-08 00:50:42,0,4159.0,-4159.0,,Error,
