schema_version,poll_id,request_started_at_utc,observed_at_utc,room_id,machine_type,machine_id,raw_lmc_status,server_timestamp_raw,machine_report_time_raw,remaining_min_raw,report_age_seconds,adjusted_remaining_seconds,display_minutes_left,website_state,interpretation_note
1,6d26d18e-c45b-4633-ae0b-b894175a5410,2026-09-27T00:00:02.268+00:00,2026-09-27T00:00:02.448+00:00,21072-30059,washers,50170051,72000000,2026-09-27 00:00:02,2026-09-26 22:10:45,29,6557.0,-4817.0,,Available,website maps this code to Available
1,6d26d18e-c45b-4633-ae0b-b894175a5410,2026-09-27T00:00:02.268+00:00,2026-09-27T00:00:02.448+00:00,21072-30059,washers,50170080,42000000,2026-09-27 00:00:02,2026-09-26 23:36:00,35,1442.0,658.0,11,Running,
1,6d26d18e-c45b-4633-ae0b-b894175a5410,2026-09-27T00:00:02.268+00:00,2026-09-27T00:00:02.448+00:00,21072-30059,washers,50170075,42000000,2026-09-27 00:00:02,2026-09-26 23:36:41,39,1401.0,939.0,16,Running,
1,6d26d18e-c45b-4633-ae0b-b894175a5410,2026-09-27T00:00:02.268+00:00,2026-09-27T00:00:02.448+00:00,21072-30059,washers,50170082,42000000,2026-09-27 00:00:02,2026-09-26 23:36:51,35,1391.0,709.0,12,Running,
1,6d26d18e-c45b-4633-ae0b-b894175a5410,2026-09-27T00:00:02.268+00:00,2026-09-27T00:00:02.448+00:00,21072-30059,washers,50170050,72000000,2026-09-27 00:00:02,2026-09-26 22:11:54,29,6488.0,-4748.0,,Available,website maps this code to Available
1,6d26d18e-c45b-4633-ae0b-b894175a5410,2026-09-27T00:00:02.268+00:00,2026-09-27T00:00:02.448+00:00,21072-30059,washers,50170052,72000000,2026-09-27 00:00:02,2026-09-26 22:13:48,29,6374.0,-4634.0,,Available,website maps this code to Available
1,6d26d18e-c45b-4633-ae0b-b894175a5410,2026-09-27T00:00:02.268+00:00,2026-09-27T00:00:02.448+00:00,21072-30059,washers,50170078,72000000,2026-09-27 00:00:02,2026-09-26 21:14:24,29,9938.0,-8198.0,,Available,website maps this code to Available
1,6d26d18e-c45b-4633-ae0b-b894175a5410,2026-09-27T00:00:02.268+00:00,2026-09-27T00:00:02.448+00:00,21072-30059,washers,50170084,72000000,2026-09-27 00:00:02,2026-09-26 07:02:48,29,61034.0,-59294.0,,Available,website maps this code to Available
1,6d26d18e-c45b-4633-ae0b-b894175a5410,2026-09-27T00:00:02.268+00:00,2026-09-27T00:00:02.448+00:00,21072-30059,washers,50170068,72000000,2026-09-27 00:00:02,2026-09-26 22:56:07,29,3835.0,-2095.0,,Available,website maps this code to Available
1,6d26d18e-c45b-4633-ae0b-b894175a5410,2026-09-27T00:00:02.268+00:00,2026-09-27T00:00:02.448+00:00,21072-30059,washers,50170072,72000000,2026-09-27 00:00:02,2026-09-26 22:11:47,29,6495.0,-4755.0,,Available,website maps this code to Available
1,6d26d18e-c45b-4633-ae0b-b894175a5410,2026-09-27T00:00:02.268+00:00,2026-09-27T00:00:02.448+00:00,21072-30059,washers,20483408,72000000,2026-09-27 00:00:02,2024-12-20 00:43:32,0,55811790.0,-55811790.0,,Available,website maps this code to Available
1,6d26d18e-c45b-4633-ae0b-b894175a5410,2026-09-27T00:00:02.268+00:00,2026-09-27T00:00:02.448+00:00,21072-30059,washers,50170055,72000000,2026-09-27 00:00:02,2026-09-26 22:47:03,29,4379.0,-2639.0,,Available,website maps this code to Available
1,6d26d18e-c45b-4633-ae0b-b894175a5410,2026-09-27T00:00:02.268+00:00,2026-09-27T00:00:02.448+00:00,21072-30059,dryers,50170058,D2000000,2026-09-27 00:00:02,2026-09-26 17:53:29,45,21993.0,-19293.0,,Start Mode After PF,
1,6d26d18e-c45b-4633-ae0b-b894175a5410,2026-09-27T00:00:02.268+00:00,2026-09-27T00:00:02.448+00:00,21072-30059,dryers,50170061,72000000,2026-09-27 00:00:02,2026-09-26 17:26:29,1,23613.0,-23553.0,,Available,website maps this code to Available
1,6d26d18e-c45b-4633-ae0b-b894175a5410,2026-09-27T00:00:02.268+00:00,2026-09-27T00:00:02.448+00:00,21072-30059,dryers,50170081,72000000,2026-09-27 00:00:02,2026-09-26 15:30:05,46,30597.0,-27837.0,,Available,website maps this code to Available
1,6d26d18e-c45b-4633-ae0b-b894175a5410,2026-09-27T00:00:02.268+00:00,2026-09-27T00:00:02.448+00:00,21072-30059,dryers,50170060,72000000,2026-09-27 00:00:02,2026-09-26 23:03:30,46,3392.0,-632.0,,Available,website maps this code to Available
1,6d26d18e-c45b-4633-ae0b-b894175a5410,2026-09-27T00:00:02.268+00:00,2026-09-27T00:00:02.448+00:00,21072-30059,dryers,50170087,72000000,2026-09-27 00:00:02,2026-09-26 20:57:29,46,10953.0,-8193.0,,Available,website maps this code to Available
1,6d26d18e-c45b-4633-ae0b-b894175a5410,2026-09-27T00:00:02.268+00:00,2026-09-27T00:00:02.448+00:00,21072-30059,dryers,50170064,72000000,2026-09-27 00:00:02,2026-09-26 23:12:17,46,2865.0,-105.0,,Available,website maps this code to Available
1,6d26d18e-c45b-4633-ae0b-b894175a5410,2026-09-27T00:00:02.268+00:00,2026-09-27T00:00:02.448+00:00,21072-30059,dryers,50170065,72000000,2026-09-27 00:00:02,2026-09-26 23:13:21,46,2801.0,-41.0,,Available,website maps this code to Available
1,6d26d18e-c45b-4633-ae0b-b894175a5410,2026-09-27T00:00:02.268+00:00,2026-09-27T00:00:02.448+00:00,21072-30059,dryers,50170059,52000000,2026-09-27 00:00:02,2026-09-26 23:49:21,23,641.0,739.0,,Finished,
1,6d26d18e-c45b-4633-ae0b-b894175a5410,2026-09-27T00:00:02.268+00:00,2026-09-27T00:00:02.448+00:00,21072-30059,dryers,50170057,72000000,2026-09-27 00:00:02,2026-09-26 23:30:30,46,1772.0,988.0,,Available,website maps this code to Available
1,6d26d18e-c45b-4633-ae0b-b894175a5410,2026-09-27T00:00:02.268+00:00,2026-09-27T00:00:02.448+00:00,21072-30059,dryers,50170062,72000000,2026-09-27 00:00:02,2026-09-26 23:14:55,46,2707.0,53.0,,Available,website maps this code to Available
1,6d26d18e-c45b-4633-ae0b-b894175a5410,2026-09-27T00:00:02.268+00:00,2026-09-27T00:00:02.448+00:00,21072-30059,dryers,50170067,72000000,2026-09-27 00:00:02,2026-09-26 23:35:12,46,1490.0,1270.0,,Available,website maps this code to Available
1,6d26d18e-c45b-4633-ae0b-b894175a5410,2026-09-27T00:00:02.268+00:00,2026-09-27T00:00:02.448+00:00,21072-30059,dryers,50170074,72000000,2026-09-27 00:00:02,2026-09-26 23:05:09,46,3293.0,-533.0,,Available,website maps this code to Available
1,6d26d18e-c45b-4633-ae0b-b894175a5410,2026-09-27T00:00:02.268+00:00,2026-09-27T00:00:02.448+00:00,21072-30059,dryers,50170071,72000000,2026-09-27 00:00:02,2026-09-26 23:04:10,46,3352.0,-592.0,,Available,website maps this code to Available
1,6d26d18e-c45b-4633-ae0b-b894175a5410,2026-09-27T00:00:02.268+00:00,2026-09-27T00:00:02.448+00:00,21072-30059,dryers,50170054,72000000,2026-09-27 00:00:02,2026-09-26 23:01:41,46,3501.0,-741.0,,Available,website maps this code to Available
1,d6c8ebd0-4b06-47f6-b1a1-d1c17709cc79,2026-09-27T00:01:01.471+00:00,2026-09-27T00:01:01.669+00:00,21072-30059,washers,50170051,72000000,2026-09-27 00:01:01,2026-09-26 22:10:45,29,6616.0,-4876.0,,Available,website maps this code to Available
1,d6c8ebd0-4b06-47f6-b1a1-d1c17709cc79,2026-09-27T00:01:01.471+00:00,2026-09-27T00:01:01.669+00:00,21072-30059,washers,50170080,42000000,2026-09-27 00:01:01,2026-09-26 23:36:00,35,1501.0,599.0,10,Running,
1,d6c8ebd0-4b06-47f6-b1a1-d1c17709cc79,2026-09-27T00:01:01.471+00:00,2026-09-27T00:01:01.669+00:00,21072-30059,washers,50170075,42000000,2026-09-27 00:01:01,2026-09-26 23:36:41,39,1460.0,880.0,15,Running,
1,d6c8ebd0-4b06-47f6-b1a1-d1c17709cc79,2026-09-27T00:01:01.471+00:00,2026-09-27T00:01:01.669+00:00,21072-30059,washers,50170082,42000000,2026-09-27 00:01:01,2026-09-26 23:36:51,35,1450.0,650.0,11,Running,
1,d6c8ebd0-4b06-47f6-b1a1-d1c17709cc79,2026-09-27T00:01:01.471+00:00,2026-09-27T00:01:01.669+00:00,21072-30059,washers,50170050,72000000,2026-09-27 00:01:01,2026-09-26 22:11:54,29,6547.0,-4807.0,,Available,website maps this code to Available
1,d6c8ebd0-4b06-47f6-b1a1-d1c17709cc79,2026-09-27T00:01:01.471+00:00,2026-09-27T00:01:01.669+00:00,21072-30059,washers,50170052,72000000,2026-09-27 00:01:01,2026-09-26 22:13:48,29,6433.0,-4693.0,,Available,website maps this code to Available
1,d6c8ebd0-4b06-47f6-b1a1-d1c17709cc79,2026-09-27T00:01:01.471+00:00,2026-09-27T00:01:01.669+00:00,21072-30059,washers,50170078,72000000,2026-09-27 00:01:01,2026-09-26 21:14:24,29,9997.0,-8257.0,,Available,website maps this code to Available
1,d6c8ebd0-4b06-47f6-b1a1-d1c17709cc79,2026-09-27T00:01:01.471+00:00,2026-09-27T00:01:01.669+00:00,21072-30059,washers,50170084,72000000,2026-09-27 00:01:01,2026-09-26 07:02:48,29,61093.0,-59353.0,,Available,website maps this code to Available
1,d6c8ebd0-4b06-47f6-b1a1-d1c17709cc79,2026-09-27T00:01:01.471+00:00,2026-09-27T00:01:01.669+00:00,21072-30059,washers,50170068,72000000,2026-09-27 00:01:01,2026-09-26 22:56:07,29,3894.0,-2154.0,,Available,website maps this code to Available
1,d6c8ebd0-4b06-47f6-b1a1-d1c17709cc79,2026-09-27T00:01:01.471+00:00,2026-09-27T00:01:01.669+00:00,21072-30059,washers,50170072,72000000,2026-09-27 00:01:01,2026-09-26 22:11:47,29,6554.0,-4814.0,,Available,website maps this code to Available
1,d6c8ebd0-4b06-47f6-b1a1-d1c17709cc79,2026-09-27T00:01:01.471+00:00,2026-09-27T00:01:01.669+00:00,21072-30059,washers,20483408,72000000,2026-09-27 00:01:01,2024-12-20 00:43:32,0,55811849.0,-55811849.0,,Available,website maps this code to Available
1,d6c8ebd0-4b06-47f6-b1a1-d1c17709cc79,2026-09-27T00:01:01.471+00:00,2026-09-27T00:01:01.669+00:00,21072-30059,washers,50170055,72000000,2026-09-27 00:01:01,2026-09-26 22:47:03,29,4438.0,-2698.0,,Available,website maps this code to Available
1,d6c8ebd0-4b06-47f6-b1a1-d1c17709cc79,2026-09-27T00:01:01.471+00:00,2026-09-27T00:01:01.669+00:00,21072-30059,dryers,50170058,D2000000,2026-09-27 00:01:01,2026-09-26 17:53:29,45,22052.0,-19352.0,,Start Mode After PF,
1,d6c8ebd0-4b06-47f6-b1a1-d1c17709cc79,2026-09-27T00:01:01.471+00:00,2026-09-27T00:01:01.669+00:00,21072-30059,dryers,50170061,72000000,2026-09-27 00:01:01,2026-09-26 17:26:29,1,23672.0,-23612.0,,Available,website maps this code to Available
1,d6c8ebd0-4b06-47f6-b1a1-d1c17709cc79,2026-09-27T00:01:01.471+00:00,2026-09-27T00:01:01.669+00:00,21072-30059,dryers,50170081,72000000,2026-09-27 00:01:01,2026-09-26 15:30:05,46,30656.0,-27896.0,,Available,website maps this code to Available
1,d6c8ebd0-4b06-47f6-b1a1-d1c17709cc79,2026-09-27T00:01:01.471+00:00,2026-09-27T00:01:01.669+00:00,21072-30059,dryers,50170060,72000000,2026-09-27 00:01:01,2026-09-26 23:03:30,46,3451.0,-691.0,,Available,website maps this code to Available
1,d6c8ebd0-4b06-47f6-b1a1-d1c17709cc79,2026-09-27T00:01:01.471+00:00,2026-09-27T00:01:01.669+00:00,21072-30059,dryers,50170087,72000000,2026-09-27 00:01:01,2026-09-26 20:57:29,46,11012.0,-8252.0,,Available,website maps this code to Available
1,d6c8ebd0-4b06-47f6-b1a1-d1c17709cc79,2026-09-27T00:01:01.471+00:00,2026-09-27T00:01:01.669+00:00,21072-30059,dryers,50170064,72000000,2026-09-27 00:01:01,2026-09-26 23:12:17,46,2924.0,-164.0,,Available,website maps this code to Available
1,d6c8ebd0-4b06-47f6-b1a1-d1c17709cc79,2026-09-27T00:01:01.471+00:00,2026-09-27T00:01:01.669+00:00,21072-30059,dryers,50170065,72000000,2026-09-27 00:01:01,2026-09-26 23:13:21,46,2860.0,-100.0,,Available,website maps this code to Available
1,d6c8ebd0-4b06-47f6-b1a1-d1c17709cc79,2026-09-27T00:01:01.471+00:00,2026-09-27T00:01:01.669+00:00,21072-30059,dryers,50170059,52000000,2026-09-27 00:01:01,2026-09-26 23:49:21,23,700.0,680.0,,Finished,
1,d6c8ebd0-4b06-47f6-b1a1-d1c17709cc79,2026-09-27T00:01:01.471+00:00,2026-09-27T00:01:01.669+00:00,21072-30059,dryers,50170057,72000000,2026-09-27 00:01:01,2026-09-26 23:30:30,46,1831.0,929.0,,Available,website maps this code to Available
1,d6c8ebd0-4b06-47f6-b1a1-d1c17709cc79,2026-09-27T00:01:01.471+00:00,2026-09-27T00:01:01.669+00:00,21072-30059,dryers,50170062,72000000,2026-09-27 00:01:01,2026-09-26 23:14:55,46,2766.0,-6.0,,Available,website maps this code to Available
1,d6c8ebd0-4b06-47f6-b1a1-d1c17709cc79,2026-09-27T00:01:01.471+00:00,2026-09-27T00:01:01.669+00:00,21072-30059,dryers,50170067,72000000,2026-09-27 00:01:01,2026-09-26 23:35:12,46,1549.0,1211.0,,Available,website maps this code to Available
1,d6c8ebd0-4b06-47f6-b1a1-d1c17709cc79,2026-09-27T00:01:01.471+00:00,2026-09-27T00:01:01.669+00:00,21072-30059,dryers,50170074,72000000,2026-09-27 00:01:01,2026-09-26 23:05:09,46,3352.0,-592.0,,Available,website maps this code to Available
1,d6c8ebd0-4b06-47f6-b1a1-d1c17709cc79,2026-09-27T00:01:01.471+00:00,2026-09-27T00:01:01.669+00:00,21072-30059,dryers,50170071,72000000,2026-09-27 00:01:01,2026-09-26 23:04:10,46,3411.0,-651.0,,Available,website maps this code to Available
1,d6c8ebd0-4b06-47f6-b1a1-d1c17709cc79,2026-09-27T00:01:01.471+00:00,2026-09-27T00:01:01.669+00:00,21072-30059,dryers,50170054,72000000,2026-09-27 00:01:01,2026-09-26 23:01:41,46,3560.0,-800.0,,Available,website maps this code to Available
1,fdc0da50-858a-48d8-a409-25ea6a91c2a4,2026-09-27T00:02:01.288+00:00,2026-09-27T00:02:01.482+00:00,21072-30059,washers,50170051,72000000,2026-09-27 00:02:01,2026-09-26 22:10:45,29,6676.0,-4936.0,,Available,website maps this code to Available
1,fdc0da50-858a-48d8-a409-25ea6a91c2a4,2026-09-27T00:02:01.288+00:00,2026-09-27T00:02:01.482+00:00,21072-30059,washers,50170080,42000000,2026-09-27 00:02:01,2026-09-26 23:36:00,35,1561.0,539.0,9,Running,
1,fdc0da50-858a-48d8-a409-25ea6a91c2a4,2026-09-27T00:02:01.288+00:00,2026-09-27T00:02:01.482+00:00,21072-30059,washers,50170075,42000000,2026-09-27 00:02:01,2026-09-26 23:36:41,39,1520.0,820.0,14,Running,
1,fdc0da50-858a-48d8-a409-25ea6a91c2a4,2026-09-27T00:02:01.288+00:00,2026-09-27T00:02:01.482+00:00,21072-30059,washers,50170082,42000000,2026-09-27 00:02:01,2026-09-26 23:36:51,35,1510.0,590.0,10,Running,
1,fdc0da50-858a-48d8-a409-25ea6a91c2a4,2026-09-27T00:02:01.288+00:00,2026-09-27T00:02:01.482+00:00,21072-30059,washers,50170050,72000000,2026-09-27 00:02:01,2026-09-26 22:11:54,29,6607.0,-4867.0,,Available,website maps this code to Available
1,fdc0da50-858a-48d8-a409-25ea6a91c2a4,2026-09-27T00:02:01.288+00:00,2026-09-27T00:02:01.482+00:00,21072-30059,washers,50170052,72000000,2026-09-27 00:02:01,2026-09-26 22:13:48,29,6493.0,-4753.0,,Available,website maps this code to Available
1,fdc0da50-858a-48d8-a409-25ea6a91c2a4,2026-09-27T00:02:01.288+00:00,2026-09-27T00:02:01.482+00:00,21072-30059,washers,50170078,72000000,2026-09-27 00:02:01,2026-09-26 21:14:24,29,10057.0,-8317.0,,Available,website maps this code to Available
1,fdc0da50-858a-48d8-a409-25ea6a91c2a4,2026-09-27T00:02:01.288+00:00,2026-09-27T00:02:01.482+00:00,21072-30059,washers,50170084,72000000,2026-09-27 00:02:01,2026-09-26 07:02:48,29,61153.0,-59413.0,,Available,website maps this code to Available
1,fdc0da50-858a-48d8-a409-25ea6a91c2a4,2026-09-27T00:02:01.288+00:00,2026-09-27T00:02:01.482+00:00,21072-30059,washers,50170068,72000000,2026-09-27 00:02:01,2026-09-26 22:56:07,29,3954.0,-2214.0,,Available,website maps this code to Available
1,fdc0da50-858a-48d8-a409-25ea6a91c2a4,2026-09-27T00:02:01.288+00:00,2026-09-27T00:02:01.482+00:00,21072-30059,washers,50170072,72000000,2026-09-27 00:02:01,2026-09-26 22:11:47,29,6614.0,-4874.0,,Available,website maps this code to Available
1,fdc0da50-858a-48d8-a409-25ea6a91c2a4,2026-09-27T00:02:01.288+00:00,2026-09-27T00:02:01.482+00:00,21072-30059,washers,20483408,72000000,2026-09-27 00:02:01,2024-12-20 00:43:32,0,55811909.0,-55811909.0,,Available,website maps this code to Available
1,fdc0da50-858a-48d8-a409-25ea6a91c2a4,2026-09-27T00:02:01.288+00:00,2026-09-27T00:02:01.482+00:00,21072-30059,washers,50170055,72000000,2026-09-27 00:02:01,2026-09-26 22:47:03,29,4498.0,-2758.0,,Available,website maps this code to Available
1,fdc0da50-858a-48d8-a409-25ea6a91c2a4,2026-09-27T00:02:01.288+00:00,2026-09-27T00:02:01.482+00:00,21072-30059,dryers,50170058,D2000000,2026-09-27 00:02:01,2026-09-26 17:53:29,45,22112.0,-19412.0,,Start Mode After PF,
1,fdc0da50-858a-48d8-a409-25ea6a91c2a4,2026-09-27T00:02:01.288+00:00,2026-09-27T00:02:01.482+00:00,21072-30059,dryers,50170061,72000000,2026-09-27 00:02:01,2026-09-26 17:26:29,1,23732.0,-23672.0,,Available,website maps this code to Available
1,fdc0da50-858a-48d8-a409-25ea6a91c2a4,2026-09-27T00:02:01.288+00:00,2026-09-27T00:02:01.482+00:00,21072-30059,dryers,50170081,72000000,2026-09-27 00:02:01,2026-09-26 15:30:05,46,30716.0,-27956.0,,Available,website maps this code to Available
1,fdc0da50-858a-48d8-a409-25ea6a91c2a4,2026-09-27T00:02:01.288+00:00,2026-09-27T00:02:01.482+00:00,21072-30059,dryers,50170060,72000000,2026-09-27 00:02:01,2026-09-26 23:03:30,46,3511.0,-751.0,,Available,website maps this code to Available
1,fdc0da50-858a-48d8-a409-25ea6a91c2a4,2026-09-27T00:02:01.288+00:00,2026-09-27T00:02:01.482+00:00,21072-30059,dryers,50170087,72000000,2026-09-27 00:02:01,2026-09-26 20:57:29,46,11072.0,-8312.0,,Available,website maps this code to Available
1,fdc0da50-858a-48d8-a409-25ea6a91c2a4,2026-09-27T00:02:01.288+00:00,2026-09-27T00:02:01.482+00:00,21072-30059,dryers,50170064,72000000,2026-09-27 00:02:01,2026-09-26 23:12:17,46,2984.0,-224.0,,Available,website maps this code to Available
1,fdc0da50-858a-48d8-a409-25ea6a91c2a4,2026-09-27T00:02:01.288+00:00,2026-09-27T00:02:01.482+00:00,21072-30059,dryers,50170065,72000000,2026-09-27 00:02:01,2026-09-26 23:13:21,46,2920.0,-160.0,,Available,website maps this code to Available
1,fdc0da50-858a-48d8-a409-25ea6a91c2a4,2026-09-27T00:02:01.288+00:00,2026-09-27T00:02:01.482+00:00,21072-30059,dryers,50170059,52000000,2026-09-27 00:02:01,2026-09-26 23:49:21,23,760.0,620.0,,Finished,
1,fdc0da50-858a-48d8-a409-25ea6a91c2a4,2026-09-27T00:02:01.288+00:00,2026-09-27T00:02:01.482+00:00,21072-30059,dryers,50170057,72000000,2026-09-27 00:02:01,2026-09-26 23:30:30,46,1891.0,869.0,,Available,website maps this code to Available
1,fdc0da50-858a-48d8-a409-25ea6a91c2a4,2026-09-27T00:02:01.288+00:00,2026-09-27T00:02:01.482+00:00,21072-30059,dryers,50170062,72000000,2026-09-27 00:02:01,2026-09-26 23:14:55,46,2826.0,-66.0,,Available,website maps this code to Available
1,fdc0da50-858a-48d8-a409-25ea6a91c2a4,2026-09-27T00:02:01.288+00:00,2026-09-27T00:02:01.482+00:00,21072-30059,dryers,50170067,72000000,2026-09-27 00:02:01,2026-09-26 23:35:12,46,1609.0,1151.0,,Available,website maps this code to Available
1,fdc0da50-858a-48d8-a409-25ea6a91c2a4,2026-09-27T00:02:01.288+00:00,2026-09-27T00:02:01.482+00:00,21072-30059,dryers,50170074,72000000,2026-09-27 00:02:01,2026-09-26 23:05:09,46,3412.0,-652.0,,Available,website maps this code to Available
1,fdc0da50-858a-48d8-a409-25ea6a91c2a4,2026-09-27T00:02:01.288+00:00,2026-09-27T00:02:01.482+00:00,21072-30059,dryers,50170071,72000000,2026-09-27 00:02:01,2026-09-26 23:04:10,46,3471.0,-711.0,,Available,website maps this code to Available
1,fdc0da50-858a-48d8-a409-25ea6a91c2a4,2026-09-27T00:02:01.288+00:00,2026-09-27T00:02:01.482+00:00,21072-30059,dryers,50170054,72000000,2026-09-27 00:02:01,2026-09-26 23:01:41,46,3620.0,-860.0,,Available,website maps this code to Available
1,8c3f8f4b-a944-48c6-b2ff-7b10eecea393,2026-09-27T00:03:01.336+00:00,2026-09-27T00:03:01.526+00:00,21072-30059,washers,50170051,72000000,2026-09-27 00:03:01,2026-09-26 22:10:45,29,6736.0,-4996.0,,Available,website maps this code to Available
1,8c3f8f4b-a944-48c6-b2ff-7b10eecea393,2026-09-27T00:03:01.336+00:00,2026-09-27T00:03:01.526+00:00,21072-30059,washers,50170080,42000000,2026-09-27 00:03:01,2026-09-26 23:36:00,35,1621.0,479.0,8,Running,
1,8c3f8f4b-a944-48c6-b2ff-7b10eecea393,2026-09-27T00:03:01.336+00:00,2026-09-27T00:03:01.526+00:00,21072-30059,washers,50170075,42000000,2026-09-27 00:03:01,2026-09-26 23:36:41,39,1580.0,760.0,13,Running,
1,8c3f8f4b-a944-48c6-b2ff-7b10eecea393,2026-09-27T00:03:01.336+00:00,2026-09-27T00:03:01.526+00:00,21072-30059,washers,50170082,42000000,2026-09-27 00:03:01,2026-09-26 23:36:51,35,1570.0,530.0,9,Running,
1,8c3f8f4b-a944-48c6-b2ff-7b10eecea393,2026-09-27T00:03:01.336+00:00,2026-09-27T00:03:01.526+00:00,21072-30059,washers,50170050,72000000,2026-09-27 00:03:01,2026-09-26 22:11:54,29,6667.0,-4927.0,,Available,website maps this code to Available
1,8c3f8f4b-a944-48c6-b2ff-7b10eecea393,2026-09-27T00:03:01.336+00:00,2026-09-27T00:03:01.526+00:00,21072-30059,washers,50170052,72000000,2026-09-27 00:03:01,2026-09-26 22:13:48,29,6553.0,-4813.0,,Available,website maps this code to Available
1,8c3f8f4b-a944-48c6-b2ff-7b10eecea393,2026-09-27T00:03:01.336+00:00,2026-09-27T00:03:01.526+00:00,21072-30059,washers,50170078,72000000,2026-09-27 00:03:01,2026-09-26 21:14:24,29,10117.0,-8377.0,,Available,website maps this code to Available
1,8c3f8f4b-a944-48c6-b2ff-7b10eecea393,2026-09-27T00:03:01.336+00:00,2026-09-27T00:03:01.526+00:00,21072-30059,washers,50170084,72000000,2026-09-27 00:03:01,2026-09-26 07:02:48,29,61213.0,-59473.0,,Available,website maps this code to Available
1,8c3f8f4b-a944-48c6-b2ff-7b10eecea393,2026-09-27T00:03:01.336+00:00,2026-09-27T00:03:01.526+00:00,21072-30059,washers,50170068,72000000,2026-09-27 00:03:01,2026-09-26 22:56:07,29,4014.0,-2274.0,,Available,website maps this code to Available
1,8c3f8f4b-a944-48c6-b2ff-7b10eecea393,2026-09-27T00:03:01.336+00:00,2026-09-27T00:03:01.526+00:00,21072-30059,washers,50170072,72000000,2026-09-27 00:03:01,2026-09-26 22:11:47,29,6674.0,-4934.0,,Available,website maps this code to Available
1,8c3f8f4b-a944-48c6-b2ff-7b10eecea393,2026-09-27T00:03:01.336+00:00,2026-09-27T00:03:01.526+00:00,21072-30059,washers,20483408,72000000,2026-09-27 00:03:01,2024-12-20 00:43:32,0,55811969.0,-55811969.0,,Available,website maps this code to Available
1,8c3f8f4b-a944-48c6-b2ff-7b10eecea393,2026-09-27T00:03:01.336+00:00,2026-09-27T00:03:01.526+00:00,21072-30059,washers,50170055,72000000,2026-09-27 00:03:01,2026-09-26 22:47:03,29,4558.0,-2818.0,,Available,website maps this code to Available
1,8c3f8f4b-a944-48c6-b2ff-7b10eecea393,2026-09-27T00:03:01.336+00:00,2026-09-27T00:03:01.526+00:00,21072-30059,dryers,50170058,D2000000,2026-09-27 00:03:01,2026-09-26 17:53:29,45,22172.0,-19472.0,,Start Mode After PF,
1,8c3f8f4b-a944-48c6-b2ff-7b10eecea393,2026-09-27T00:03:01.336+00:00,2026-09-27T00:03:01.526+00:00,21072-30059,dryers,50170061,72000000,2026-09-27 00:03:01,2026-09-26 17:26:29,1,23792.0,-23732.0,,Available,website maps this code to Available
1,8c3f8f4b-a944-48c6-b2ff-7b10eecea393,2026-09-27T00:03:01.336+00:00,2026-09-27T00:03:01.526+00:00,21072-30059,dryers,50170081,72000000,2026-09-27 00:03:01,2026-09-26 15:30:05,46,30776.0,-28016.0,,Available,website maps this code to Available
1,8c3f8f4b-a944-48c6-b2ff-7b10eecea393,2026-09-27T00:03:01.336+00:00,2026-09-27T00:03:01.526+00:00,21072-30059,dryers,50170060,72000000,2026-09-27 00:03:01,2026-09-26 23:03:30,46,3571.0,-811.0,,Available,website maps this code to Available
1,8c3f8f4b-a944-48c6-b2ff-7b10eecea393,2026-09-27T00:03:01.336+00:00,2026-09-27T00:03:01.526+00:00,21072-30059,dryers,50170087,72000000,2026-09-27 00:03:01,2026-09-26 20:57:29,46,11132.0,-8372.0,,Available,website maps this code to Available
1,8c3f8f4b-a944-48c6-b2ff-7b10eecea393,2026-09-27T00:03:01.336+00:00,2026-09-27T00:03:01.526+00:00,21072-30059,dryers,50170064,72000000,2026-09-27 00:03:01,2026-09-26 23:12:17,46,3044.0,-284.0,,Available,website maps this code to Available
1,8c3f8f4b-a944-48c6-b2ff-7b10eecea393,2026-09-27T00:03:01.336+00:00,2026-09-27T00:03:01.526+00:00,21072-30059,dryers,50170065,72000000,2026-09-27 00:03:01,2026-09-26 23:13:21,46,2980.0,-220.0,,Available,website maps this code to Available
1,8c3f8f4b-a944-48c6-b2ff-7b10eecea393,2026-09-27T00:03:01.336+00:00,2026-09-27T00:03:01.526+00:00,21072-30059,dryers,50170059,52000000,2026-09-27 00:03:01,2026-09-26 23:49:21,23,820.0,560.0,,Finished,
1,8c3f8f4b-a944-48c6-b2ff-7b10eecea393,2026-09-27T00:03:01.336+00:00,2026-09-27T00:03:01.526+00:00,21072-30059,dryers,50170057,72000000,2026-09-27 00:03:01,2026-09-26 23:30:30,46,1951.0,809.0,,Available,website maps this code to Available
1,8c3f8f4b-a944-48c6-b2ff-7b10eecea393,2026-09-27T00:03:01.336+00:00,2026-09-27T00:03:01.526+00:00,21072-30059,dryers,50170062,72000000,2026-09-27 00:03:01,2026-09-26 23:14:55,46,2886.0,-126.0,,Available,website maps this code to Available
1,8c3f8f4b-a944-48c6-b2ff-7b10eecea393,2026-09-27T00:03:01.336+00:00,2026-09-27T00:03:01.526+00:00,21072-30059,dryers,50170067,72000000,2026-09-27 00:03:01,2026-09-26 23:35:12,46,1669.0,1091.0,,Available,website maps this code to Available
1,8c3f8f4b-a944-48c6-b2ff-7b10eecea393,2026-09-27T00:03:01.336+00:00,2026-09-27T00:03:01.526+00:00,21072-30059,dryers,50170074,72000000,2026-09-27 00:03:01,2026-09-26 23:05:09,46,3472.0,-712.0,,Available,website maps this code to Available
1,8c3f8f4b-a944-48c6-b2ff-7b10eecea393,2026-09-27T00:03:01.336+00:00,2026-09-27T00:03:01.526+00:00,21072-30059,dryers,50170071,72000000,2026-09-27 00:03:01,2026-09-26 23:04:10,46,3531.0,-771.0,,Available,website maps this code to Available
1,8c3f8f4b-a944-48c6-b2ff-7b10eecea393,2026-09-27T00:03:01.336+00:00,2026-09-27T00:03:01.526+00:00,21072-30059,dryers,50170054,72000000,2026-09-27 00:03:01,2026-09-26 23:01:41,46,3680.0,-920.0,,Available,website maps this code to Available
1,b13ef87d-0c80-44b2-a0ba-8971b41835f9,2026-09-27T00:04:01.269+00:00,2026-09-27T00:04:01.448+00:00,21072-30059,washers,50170051,72000000,2026-09-27 00:04:01,2026-09-26 22:10:45,29,6796.0,-5056.0,,Available,website maps this code to Available
1,b13ef87d-0c80-44b2-a0ba-8971b41835f9,2026-09-27T00:04:01.269+00:00,2026-09-27T00:04:01.448+00:00,21072-30059,washers,50170080,42000000,2026-09-27 00:04:01,2026-09-26 23:36:00,35,1681.0,419.0,7,Running,
1,b13ef87d-0c80-44b2-a0ba-8971b41835f9,2026-09-27T00:04:01.269+00:00,2026-09-27T00:04:01.448+00:00,21072-30059,washers,50170075,42000000,2026-09-27 00:04:01,2026-09-26 23:36:41,39,1640.0,700.0,12,Running,
1,b13ef87d-0c80-44b2-a0ba-8971b41835f9,2026-09-27T00:04:01.269+00:00,2026-09-27T00:04:01.448+00:00,21072-30059,washers,50170082,42000000,2026-09-27 00:04:01,2026-09-26 23:36:51,35,1630.0,470.0,8,Running,
1,b13ef87d-0c80-44b2-a0ba-8971b41835f9,2026-09-27T00:04:01.269+00:00,2026-09-27T00:04:01.448+00:00,21072-30059,washers,50170050,72000000,2026-09-27 00:04:01,2026-09-26 22:11:54,29,6727.0,-4987.0,,Available,website maps this code to Available
1,b13ef87d-0c80-44b2-a0ba-8971b41835f9,2026-09-27T00:04:01.269+00:00,2026-09-27T00:04:01.448+00:00,21072-30059,washers,50170052,72000000,2026-09-27 00:04:01,2026-09-26 22:13:48,29,6613.0,-4873.0,,Available,website maps this code to Available
1,b13ef87d-0c80-44b2-a0ba-8971b41835f9,2026-09-27T00:04:01.269+00:00,2026-09-27T00:04:01.448+00:00,21072-30059,washers,50170078,72000000,2026-09-27 00:04:01,2026-09-26 21:14:24,29,10177.0,-8437.0,,Available,website maps this code to Available
1,b13ef87d-0c80-44b2-a0ba-8971b41835f9,2026-09-27T00:04:01.269+00:00,2026-09-27T00:04:01.448+00:00,21072-30059,washers,50170084,72000000,2026-09-27 00:04:01,2026-09-26 07:02:48,29,61273.0,-59533.0,,Available,website maps this code to Available
1,b13ef87d-0c80-44b2-a0ba-8971b41835f9,2026-09-27T00:04:01.269+00:00,2026-09-27T00:04:01.448+00:00,21072-30059,washers,50170068,72000000,2026-09-27 00:04:01,2026-09-26 22:56:07,29,4074.0,-2334.0,,Available,website maps this code to Available
1,b13ef87d-0c80-44b2-a0ba-8971b41835f9,2026-09-27T00:04:01.269+00:00,2026-09-27T00:04:01.448+00:00,21072-30059,washers,50170072,72000000,2026-09-27 00:04:01,2026-09-26 22:11:47,29,6734.0,-4994.0,,Available,website maps this code to Available
1,b13ef87d-0c80-44b2-a0ba-8971b41835f9,2026-09-27T00:04:01.269+00:00,2026-09-27T00:04:01.448+00:00,21072-30059,washers,20483408,72000000,2026-09-27 00:04:01,2024-12-20 00:43:32,0,55812029.0,-55812029.0,,Available,website maps this code to Available
1,b13ef87d-0c80-44b2-a0ba-8971b41835f9,2026-09-27T00:04:01.269+00:00,2026-09-27T00:04:01.448+00:00,21072-30059,washers,50170055,72000000,2026-09-27 00:04:01,2026-09-26 22:47:03,29,4618.0,-2878.0,,Available,website maps this code to Available
1,b13ef87d-0c80-44b2-a0ba-8971b41835f9,2026-09-27T00:04:01.269+00:00,2026-09-27T00:04:01.448+00:00,21072-30059,dryers,50170058,D2000000,2026-09-27 00:04:01,2026-09-26 17:53:29,45,22232.0,-19532.0,,Start Mode After PF,
1,b13ef87d-0c80-44b2-a0ba-8971b41835f9,2026-09-27T00:04:01.269+00:00,2026-09-27T00:04:01.448+00:00,21072-30059,dryers,50170061,72000000,2026-09-27 00:04:01,2026-09-26 17:26:29,1,23852.0,-23792.0,,Available,website maps this code to Available
1,b13ef87d-0c80-44b2-a0ba-8971b41835f9,2026-09-27T00:04:01.269+00:00,2026-09-27T00:04:01.448+00:00,21072-30059,dryers,50170081,72000000,2026-09-27 00:04:01,2026-09-26 15:30:05,46,30836.0,-28076.0,,Available,website maps this code to Available
1,b13ef87d-0c80-44b2-a0ba-8971b41835f9,2026-09-27T00:04:01.269+00:00,2026-09-27T00:04:01.448+00:00,21072-30059,dryers,50170060,72000000,2026-09-27 00:04:01,2026-09-26 23:03:30,46,3631.0,-871.0,,Available,website maps this code to Available
1,b13ef87d-0c80-44b2-a0ba-8971b41835f9,2026-09-27T00:04:01.269+00:00,2026-09-27T00:04:01.448+00:00,21072-30059,dryers,50170087,72000000,2026-09-27 00:04:01,2026-09-26 20:57:29,46,11192.0,-8432.0,,Available,website maps this code to Available
1,b13ef87d-0c80-44b2-a0ba-8971b41835f9,2026-09-27T00:04:01.269+00:00,2026-09-27T00:04:01.448+00:00,21072-30059,dryers,50170064,72000000,2026-09-27 00:04:01,2026-09-26 23:12:17,46,3104.0,-344.0,,Available,website maps this code to Available
1,b13ef87d-0c80-44b2-a0ba-8971b41835f9,2026-09-27T00:04:01.269+00:00,2026-09-27T00:04:01.448+00:00,21072-30059,dryers,50170065,72000000,2026-09-27 00:04:01,2026-09-26 23:13:21,46,3040.0,-280.0,,Available,website maps this code to Available
1,b13ef87d-0c80-44b2-a0ba-8971b41835f9,2026-09-27T00:04:01.269+00:00,2026-09-27T00:04:01.448+00:00,21072-30059,dryers,50170059,52000000,2026-09-27 00:04:01,2026-09-26 23:49:21,23,880.0,500.0,,Finished,
1,b13ef87d-0c80-44b2-a0ba-8971b41835f9,2026-09-27T00:04:01.269+00:00,2026-09-27T00:04:01.448+00:00,21072-30059,dryers,50170057,72000000,2026-09-27 00:04:01,2026-09-26 23:30:30,46,2011.0,749.0,,Available,website maps this code to Available
1,b13ef87d-0c80-44b2-a0ba-8971b41835f9,2026-09-27T00:04:01.269+00:00,2026-09-27T00:04:01.448+00:00,21072-30059,dryers,50170062,72000000,2026-09-27 00:04:01,2026-09-26 23:14:55,46,2946.0,-186.0,,Available,website maps this code to Available
1,b13ef87d-0c80-44b2-a0ba-8971b41835f9,2026-09-27T00:04:01.269+00:00,2026-09-27T00:04:01.448+00:00,21072-30059,dryers,50170067,72000000,2026-09-27 00:04:01,2026-09-26 23:35:12,46,1729.0,1031.0,,Available,website maps this code to Available
1,b13ef87d-0c80-44b2-a0ba-8971b41835f9,2026-09-27T00:04:01.269+00:00,2026-09-27T00:04:01.448+00:00,21072-30059,dryers,50170074,72000000,2026-09-27 00:04:01,2026-09-26 23:05:09,46,3532.0,-772.0,,Available,website maps this code to Available
1,b13ef87d-0c80-44b2-a0ba-8971b41835f9,2026-09-27T00:04:01.269+00:00,2026-09-27T00:04:01.448+00:00,21072-30059,dryers,50170071,72000000,2026-09-27 00:04:01,2026-09-26 23:04:10,46,3591.0,-831.0,,Available,website maps this code to Available
1,b13ef87d-0c80-44b2-a0ba-8971b41835f9,2026-09-27T00:04:01.269+00:00,2026-09-27T00:04:01.448+00:00,21072-30059,dryers,50170054,72000000,2026-09-27 00:04:01,2026-09-26 23:01:41,46,3740.0,-980.0,,Available,website maps this code to Available
1,4d9c1b4a-5301-4667-a2cc-a0266962bb35,2026-09-27T00:05:01.296+00:00,2026-09-27T00:05:01.499+00:00,21072-30059,washers,50170051,72000000,2026-09-27 00:05:01,2026-09-26 22:10:45,29,6856.0,-5116.0,,Available,website maps this code to Available
1,4d9c1b4a-5301-4667-a2cc-a0266962bb35,2026-09-27T00:05:01.296+00:00,2026-09-27T00:05:01.499+00:00,21072-30059,washers,50170080,42000000,2026-09-27 00:05:01,2026-09-26 23:36:00,35,1741.0,359.0,6,Running,
1,4d9c1b4a-5301-4667-a2cc-a0266962bb35,2026-09-27T00:05:01.296+00:00,2026-09-27T00:05:01.499+00:00,21072-30059,washers,50170075,42000000,2026-09-27 00:05:01,2026-09-26 23:36:41,39,1700.0,640.0,11,Running,
1,4d9c1b4a-5301-4667-a2cc-a0266962bb35,2026-09-27T00:05:01.296+00:00,2026-09-27T00:05:01.499+00:00,21072-30059,washers,50170082,42000000,2026-09-27 00:05:01,2026-09-26 23:36:51,35,1690.0,410.0,7,Running,
1,4d9c1b4a-5301-4667-a2cc-a0266962bb35,2026-09-27T00:05:01.296+00:00,2026-09-27T00:05:01.499+00:00,21072-30059,washers,50170050,72000000,2026-09-27 00:05:01,2026-09-26 22:11:54,29,6787.0,-5047.0,,Available,website maps this code to Available
1,4d9c1b4a-5301-4667-a2cc-a0266962bb35,2026-09-27T00:05:01.296+00:00,2026-09-27T00:05:01.499+00:00,21072-30059,washers,50170052,72000000,2026-09-27 00:05:01,2026-09-26 22:13:48,29,6673.0,-4933.0,,Available,website maps this code to Available
1,4d9c1b4a-5301-4667-a2cc-a0266962bb35,2026-09-27T00:05:01.296+00:00,2026-09-27T00:05:01.499+00:00,21072-30059,washers,50170078,72000000,2026-09-27 00:05:01,2026-09-26 21:14:24,29,10237.0,-8497.0,,Available,website maps this code to Available
1,4d9c1b4a-5301-4667-a2cc-a0266962bb35,2026-09-27T00:05:01.296+00:00,2026-09-27T00:05:01.499+00:00,21072-30059,washers,50170084,72000000,2026-09-27 00:05:01,2026-09-26 07:02:48,29,61333.0,-59593.0,,Available,website maps this code to Available
1,4d9c1b4a-5301-4667-a2cc-a0266962bb35,2026-09-27T00:05:01.296+00:00,2026-09-27T00:05:01.499+00:00,21072-30059,washers,50170068,72000000,2026-09-27 00:05:01,2026-09-26 22:56:07,29,4134.0,-2394.0,,Available,website maps this code to Available
1,4d9c1b4a-5301-4667-a2cc-a0266962bb35,2026-09-27T00:05:01.296+00:00,2026-09-27T00:05:01.499+00:00,21072-30059,washers,50170072,72000000,2026-09-27 00:05:01,2026-09-26 22:11:47,29,6794.0,-5054.0,,Available,website maps this code to Available
1,4d9c1b4a-5301-4667-a2cc-a0266962bb35,2026-09-27T00:05:01.296+00:00,2026-09-27T00:05:01.499+00:00,21072-30059,washers,20483408,72000000,2026-09-27 00:05:01,2024-12-20 00:43:32,0,55812089.0,-55812089.0,,Available,website maps this code to Available
1,4d9c1b4a-5301-4667-a2cc-a0266962bb35,2026-09-27T00:05:01.296+00:00,2026-09-27T00:05:01.499+00:00,21072-30059,washers,50170055,72000000,2026-09-27 00:05:01,2026-09-26 22:47:03,29,4678.0,-2938.0,,Available,website maps this code to Available
1,4d9c1b4a-5301-4667-a2cc-a0266962bb35,2026-09-27T00:05:01.296+00:00,2026-09-27T00:05:01.499+00:00,21072-30059,dryers,50170058,D2000000,2026-09-27 00:05:01,2026-09-26 17:53:29,45,22292.0,-19592.0,,Start Mode After PF,
1,4d9c1b4a-5301-4667-a2cc-a0266962bb35,2026-09-27T00:05:01.296+00:00,2026-09-27T00:05:01.499+00:00,21072-30059,dryers,50170061,72000000,2026-09-27 00:05:01,2026-09-26 17:26:29,1,23912.0,-23852.0,,Available,website maps this code to Available
1,4d9c1b4a-5301-4667-a2cc-a0266962bb35,2026-09-27T00:05:01.296+00:00,2026-09-27T00:05:01.499+00:00,21072-30059,dryers,50170081,72000000,2026-09-27 00:05:01,2026-09-26 15:30:05,46,30896.0,-28136.0,,Available,website maps this code to Available
1,4d9c1b4a-5301-4667-a2cc-a0266962bb35,2026-09-27T00:05:01.296+00:00,2026-09-27T00:05:01.499+00:00,21072-30059,dryers,50170060,72000000,2026-09-27 00:05:01,2026-09-26 23:03:30,46,3691.0,-931.0,,Available,website maps this code to Available
1,4d9c1b4a-5301-4667-a2cc-a0266962bb35,2026-09-27T00:05:01.296+00:00,2026-09-27T00:05:01.499+00:00,21072-30059,dryers,50170087,72000000,2026-09-27 00:05:01,2026-09-26 20:57:29,46,11252.0,-8492.0,,Available,website maps this code to Available
1,4d9c1b4a-5301-4667-a2cc-a0266962bb35,2026-09-27T00:05:01.296+00:00,2026-09-27T00:05:01.499+00:00,21072-30059,dryers,50170064,72000000,2026-09-27 00:05:01,2026-09-26 23:12:17,46,3164.0,-404.0,,Available,website maps this code to Available
1,4d9c1b4a-5301-4667-a2cc-a0266962bb35,2026-09-27T00:05:01.296+00:00,2026-09-27T00:05:01.499+00:00,21072-30059,dryers,50170065,72000000,2026-09-27 00:05:01,2026-09-26 23:13:21,46,3100.0,-340.0,,Available,website maps this code to Available
1,4d9c1b4a-5301-4667-a2cc-a0266962bb35,2026-09-27T00:05:01.296+00:00,2026-09-27T00:05:01.499+00:00,21072-30059,dryers,50170059,52000000,2026-09-27 00:05:01,2026-09-26 23:49:21,23,940.0,440.0,,Finished,
1,4d9c1b4a-5301-4667-a2cc-a0266962bb35,2026-09-27T00:05:01.296+00:00,2026-09-27T00:05:01.499+00:00,21072-30059,dryers,50170057,72000000,2026-09-27 00:05:01,2026-09-26 23:30:30,46,2071.0,689.0,,Available,website maps this code to Available
1,4d9c1b4a-5301-4667-a2cc-a0266962bb35,2026-09-27T00:05:01.296+00:00,2026-09-27T00:05:01.499+00:00,21072-30059,dryers,50170062,72000000,2026-09-27 00:05:01,2026-09-26 23:14:55,46,3006.0,-246.0,,Available,website maps this code to Available
1,4d9c1b4a-5301-4667-a2cc-a0266962bb35,2026-09-27T00:05:01.296+00:00,2026-09-27T00:05:01.499+00:00,21072-30059,dryers,50170067,72000000,2026-09-27 00:05:01,2026-09-26 23:35:12,46,1789.0,971.0,,Available,website maps this code to Available
1,4d9c1b4a-5301-4667-a2cc-a0266962bb35,2026-09-27T00:05:01.296+00:00,2026-09-27T00:05:01.499+00:00,21072-30059,dryers,50170074,72000000,2026-09-27 00:05:01,2026-09-26 23:05:09,46,3592.0,-832.0,,Available,website maps this code to Available
1,4d9c1b4a-5301-4667-a2cc-a0266962bb35,2026-09-27T00:05:01.296+00:00,2026-09-27T00:05:01.499+00:00,21072-30059,dryers,50170071,72000000,2026-09-27 00:05:01,2026-09-26 23:04:10,46,3651.0,-891.0,,Available,website maps this code to Available
1,4d9c1b4a-5301-4667-a2cc-a0266962bb35,2026-09-27T00:05:01.296+00:00,2026-09-27T00:05:01.499+00:00,21072-30059,dryers,50170054,72000000,2026-09-27 00:05:01,2026-09-26 23:01:41,46,3800.0,-1040.0,,Available,website maps this code to Available
1,bc458d5e-8d5a-4a06-b872-2671896c659d,2026-09-27T00:06:01.300+00:00,2026-09-27T00:06:01.490+00:00,21072-30059,washers,50170051,72000000,2026-09-27 00:06:01,2026-09-26 22:10:45,29,6916.0,-5176.0,,Available,website maps this code to Available
1,bc458d5e-8d5a-4a06-b872-2671896c659d,2026-09-27T00:06:01.300+00:00,2026-09-27T00:06:01.490+00:00,21072-30059,washers,50170080,42000000,2026-09-27 00:06:01,2026-09-26 23:36:00,35,1801.0,299.0,5,Running,
1,bc458d5e-8d5a-4a06-b872-2671896c659d,2026-09-27T00:06:01.300+00:00,2026-09-27T00:06:01.490+00:00,21072-30059,washers,50170075,42000000,2026-09-27 00:06:01,2026-09-26 23:36:41,39,1760.0,580.0,10,Running,
1,bc458d5e-8d5a-4a06-b872-2671896c659d,2026-09-27T00:06:01.300+00:00,2026-09-27T00:06:01.490+00:00,21072-30059,washers,50170082,42000000,2026-09-27 00:06:01,2026-09-26 23:36:51,35,1750.0,350.0,6,Running,
1,bc458d5e-8d5a-4a06-b872-2671896c659d,2026-09-27T00:06:01.300+00:00,2026-09-27T00:06:01.490+00:00,21072-30059,washers,50170050,72000000,2026-09-27 00:06:01,2026-09-26 22:11:54,29,6847.0,-5107.0,,Available,website maps this code to Available
1,bc458d5e-8d5a-4a06-b872-2671896c659d,2026-09-27T00:06:01.300+00:00,2026-09-27T00:06:01.490+00:00,21072-30059,washers,50170052,72000000,2026-09-27 00:06:01,2026-09-26 22:13:48,29,6733.0,-4993.0,,Available,website maps this code to Available
1,bc458d5e-8d5a-4a06-b872-2671896c659d,2026-09-27T00:06:01.300+00:00,2026-09-27T00:06:01.490+00:00,21072-30059,washers,50170078,72000000,2026-09-27 00:06:01,2026-09-26 21:14:24,29,10297.0,-8557.0,,Available,website maps this code to Available
1,bc458d5e-8d5a-4a06-b872-2671896c659d,2026-09-27T00:06:01.300+00:00,2026-09-27T00:06:01.490+00:00,21072-30059,washers,50170084,72000000,2026-09-27 00:06:01,2026-09-26 07:02:48,29,61393.0,-59653.0,,Available,website maps this code to Available
1,bc458d5e-8d5a-4a06-b872-2671896c659d,2026-09-27T00:06:01.300+00:00,2026-09-27T00:06:01.490+00:00,21072-30059,washers,50170068,72000000,2026-09-27 00:06:01,2026-09-26 22:56:07,29,4194.0,-2454.0,,Available,website maps this code to Available
1,bc458d5e-8d5a-4a06-b872-2671896c659d,2026-09-27T00:06:01.300+00:00,2026-09-27T00:06:01.490+00:00,21072-30059,washers,50170072,72000000,2026-09-27 00:06:01,2026-09-26 22:11:47,29,6854.0,-5114.0,,Available,website maps this code to Available
1,bc458d5e-8d5a-4a06-b872-2671896c659d,2026-09-27T00:06:01.300+00:00,2026-09-27T00:06:01.490+00:00,21072-30059,washers,20483408,72000000,2026-09-27 00:06:01,2024-12-20 00:43:32,0,55812149.0,-55812149.0,,Available,website maps this code to Available
1,bc458d5e-8d5a-4a06-b872-2671896c659d,2026-09-27T00:06:01.300+00:00,2026-09-27T00:06:01.490+00:00,21072-30059,washers,50170055,72000000,2026-09-27 00:06:01,2026-09-26 22:47:03,29,4738.0,-2998.0,,Available,website maps this code to Available
1,bc458d5e-8d5a-4a06-b872-2671896c659d,2026-09-27T00:06:01.300+00:00,2026-09-27T00:06:01.490+00:00,21072-30059,dryers,50170058,D2000000,2026-09-27 00:06:01,2026-09-26 17:53:29,45,22352.0,-19652.0,,Start Mode After PF,
1,bc458d5e-8d5a-4a06-b872-2671896c659d,2026-09-27T00:06:01.300+00:00,2026-09-27T00:06:01.490+00:00,21072-30059,dryers,50170061,72000000,2026-09-27 00:06:01,2026-09-26 17:26:29,1,23972.0,-23912.0,,Available,website maps this code to Available
1,bc458d5e-8d5a-4a06-b872-2671896c659d,2026-09-27T00:06:01.300+00:00,2026-09-27T00:06:01.490+00:00,21072-30059,dryers,50170081,72000000,2026-09-27 00:06:01,2026-09-26 15:30:05,46,30956.0,-28196.0,,Available,website maps this code to Available
1,bc458d5e-8d5a-4a06-b872-2671896c659d,2026-09-27T00:06:01.300+00:00,2026-09-27T00:06:01.490+00:00,21072-30059,dryers,50170060,72000000,2026-09-27 00:06:01,2026-09-26 23:03:30,46,3751.0,-991.0,,Available,website maps this code to Available
1,bc458d5e-8d5a-4a06-b872-2671896c659d,2026-09-27T00:06:01.300+00:00,2026-09-27T00:06:01.490+00:00,21072-30059,dryers,50170087,72000000,2026-09-27 00:06:01,2026-09-26 20:57:29,46,11312.0,-8552.0,,Available,website maps this code to Available
1,bc458d5e-8d5a-4a06-b872-2671896c659d,2026-09-27T00:06:01.300+00:00,2026-09-27T00:06:01.490+00:00,21072-30059,dryers,50170064,72000000,2026-09-27 00:06:01,2026-09-26 23:12:17,46,3224.0,-464.0,,Available,website maps this code to Available
1,bc458d5e-8d5a-4a06-b872-2671896c659d,2026-09-27T00:06:01.300+00:00,2026-09-27T00:06:01.490+00:00,21072-30059,dryers,50170065,72000000,2026-09-27 00:06:01,2026-09-26 23:13:21,46,3160.0,-400.0,,Available,website maps this code to Available
1,bc458d5e-8d5a-4a06-b872-2671896c659d,2026-09-27T00:06:01.300+00:00,2026-09-27T00:06:01.490+00:00,21072-30059,dryers,50170059,52000000,2026-09-27 00:06:01,2026-09-26 23:49:21,23,1000.0,380.0,,Finished,
1,bc458d5e-8d5a-4a06-b872-2671896c659d,2026-09-27T00:06:01.300+00:00,2026-09-27T00:06:01.490+00:00,21072-30059,dryers,50170057,72000000,2026-09-27 00:06:01,2026-09-26 23:30:30,46,2131.0,629.0,,Available,website maps this code to Available
1,bc458d5e-8d5a-4a06-b872-2671896c659d,2026-09-27T00:06:01.300+00:00,2026-09-27T00:06:01.490+00:00,21072-30059,dryers,50170062,72000000,2026-09-27 00:06:01,2026-09-26 23:14:55,46,3066.0,-306.0,,Available,website maps this code to Available
1,bc458d5e-8d5a-4a06-b872-2671896c659d,2026-09-27T00:06:01.300+00:00,2026-09-27T00:06:01.490+00:00,21072-30059,dryers,50170067,72000000,2026-09-27 00:06:01,2026-09-26 23:35:12,46,1849.0,911.0,,Available,website maps this code to Available
1,bc458d5e-8d5a-4a06-b872-2671896c659d,2026-09-27T00:06:01.300+00:00,2026-09-27T00:06:01.490+00:00,21072-30059,dryers,50170074,72000000,2026-09-27 00:06:01,2026-09-26 23:05:09,46,3652.0,-892.0,,Available,website maps this code to Available
1,bc458d5e-8d5a-4a06-b872-2671896c659d,2026-09-27T00:06:01.300+00:00,2026-09-27T00:06:01.490+00:00,21072-30059,dryers,50170071,72000000,2026-09-27 00:06:01,2026-09-26 23:04:10,46,3711.0,-951.0,,Available,website maps this code to Available
1,bc458d5e-8d5a-4a06-b872-2671896c659d,2026-09-27T00:06:01.300+00:00,2026-09-27T00:06:01.490+00:00,21072-30059,dryers,50170054,72000000,2026-09-27 00:06:01,2026-09-26 23:01:41,46,3860.0,-1100.0,,Available,website maps this code to Available
1,34e4ea6f-0a24-428b-976c-3173c1daa584,2026-09-27T00:07:01.579+00:00,2026-09-27T00:07:01.753+00:00,21072-30059,washers,50170051,72000000,2026-09-27 00:07:01,2026-09-26 22:10:45,29,6976.0,-5236.0,,Available,website maps this code to Available
1,34e4ea6f-0a24-428b-976c-3173c1daa584,2026-09-27T00:07:01.579+00:00,2026-09-27T00:07:01.753+00:00,21072-30059,washers,50170080,42000000,2026-09-27 00:07:01,2026-09-26 23:36:00,35,1861.0,239.0,4,Running,
1,34e4ea6f-0a24-428b-976c-3173c1daa584,2026-09-27T00:07:01.579+00:00,2026-09-27T00:07:01.753+00:00,21072-30059,washers,50170075,42000000,2026-09-27 00:07:01,2026-09-26 23:36:41,39,1820.0,520.0,9,Running,
1,34e4ea6f-0a24-428b-976c-3173c1daa584,2026-09-27T00:07:01.579+00:00,2026-09-27T00:07:01.753+00:00,21072-30059,washers,50170082,42000000,2026-09-27 00:07:01,2026-09-26 23:36:51,35,1810.0,290.0,5,Running,
1,34e4ea6f-0a24-428b-976c-3173c1daa584,2026-09-27T00:07:01.579+00:00,2026-09-27T00:07:01.753+00:00,21072-30059,washers,50170050,72000000,2026-09-27 00:07:01,2026-09-26 22:11:54,29,6907.0,-5167.0,,Available,website maps this code to Available
1,34e4ea6f-0a24-428b-976c-3173c1daa584,2026-09-27T00:07:01.579+00:00,2026-09-27T00:07:01.753+00:00,21072-30059,washers,50170052,72000000,2026-09-27 00:07:01,2026-09-26 22:13:48,29,6793.0,-5053.0,,Available,website maps this code to Available
1,34e4ea6f-0a24-428b-976c-3173c1daa584,2026-09-27T00:07:01.579+00:00,2026-09-27T00:07:01.753+00:00,21072-30059,washers,50170078,72000000,2026-09-27 00:07:01,2026-09-26 21:14:24,29,10357.0,-8617.0,,Available,website maps this code to Available
1,34e4ea6f-0a24-428b-976c-3173c1daa584,2026-09-27T00:07:01.579+00:00,2026-09-27T00:07:01.753+00:00,21072-30059,washers,50170084,72000000,2026-09-27 00:07:01,2026-09-26 07:02:48,29,61453.0,-59713.0,,Available,website maps this code to Available
1,34e4ea6f-0a24-428b-976c-3173c1daa584,2026-09-27T00:07:01.579+00:00,2026-09-27T00:07:01.753+00:00,21072-30059,washers,50170068,72000000,2026-09-27 00:07:01,2026-09-26 22:56:07,29,4254.0,-2514.0,,Available,website maps this code to Available
1,34e4ea6f-0a24-428b-976c-3173c1daa584,2026-09-27T00:07:01.579+00:00,2026-09-27T00:07:01.753+00:00,21072-30059,washers,50170072,72000000,2026-09-27 00:07:01,2026-09-26 22:11:47,29,6914.0,-5174.0,,Available,website maps this code to Available
1,34e4ea6f-0a24-428b-976c-3173c1daa584,2026-09-27T00:07:01.579+00:00,2026-09-27T00:07:01.753+00:00,21072-30059,washers,20483408,72000000,2026-09-27 00:07:01,2024-12-20 00:43:32,0,55812209.0,-55812209.0,,Available,website maps this code to Available
1,34e4ea6f-0a24-428b-976c-3173c1daa584,2026-09-27T00:07:01.579+00:00,2026-09-27T00:07:01.753+00:00,21072-30059,washers,50170055,72000000,2026-09-27 00:07:01,2026-09-26 22:47:03,29,4798.0,-3058.0,,Available,website maps this code to Available
1,34e4ea6f-0a24-428b-976c-3173c1daa584,2026-09-27T00:07:01.579+00:00,2026-09-27T00:07:01.753+00:00,21072-30059,dryers,50170058,D2000000,2026-09-27 00:07:01,2026-09-26 17:53:29,45,22412.0,-19712.0,,Start Mode After PF,
1,34e4ea6f-0a24-428b-976c-3173c1daa584,2026-09-27T00:07:01.579+00:00,2026-09-27T00:07:01.753+00:00,21072-30059,dryers,50170061,72000000,2026-09-27 00:07:01,2026-09-26 17:26:29,1,24032.0,-23972.0,,Available,website maps this code to Available
1,34e4ea6f-0a24-428b-976c-3173c1daa584,2026-09-27T00:07:01.579+00:00,2026-09-27T00:07:01.753+00:00,21072-30059,dryers,50170081,72000000,2026-09-27 00:07:01,2026-09-26 15:30:05,46,31016.0,-28256.0,,Available,website maps this code to Available
1,34e4ea6f-0a24-428b-976c-3173c1daa584,2026-09-27T00:07:01.579+00:00,2026-09-27T00:07:01.753+00:00,21072-30059,dryers,50170060,72000000,2026-09-27 00:07:01,2026-09-26 23:03:30,46,3811.0,-1051.0,,Available,website maps this code to Available
1,34e4ea6f-0a24-428b-976c-3173c1daa584,2026-09-27T00:07:01.579+00:00,2026-09-27T00:07:01.753+00:00,21072-30059,dryers,50170087,72000000,2026-09-27 00:07:01,2026-09-26 20:57:29,46,11372.0,-8612.0,,Available,website maps this code to Available
1,34e4ea6f-0a24-428b-976c-3173c1daa584,2026-09-27T00:07:01.579+00:00,2026-09-27T00:07:01.753+00:00,21072-30059,dryers,50170064,72000000,2026-09-27 00:07:01,2026-09-26 23:12:17,46,3284.0,-524.0,,Available,website maps this code to Available
1,34e4ea6f-0a24-428b-976c-3173c1daa584,2026-09-27T00:07:01.579+00:00,2026-09-27T00:07:01.753+00:00,21072-30059,dryers,50170065,72000000,2026-09-27 00:07:01,2026-09-26 23:13:21,46,3220.0,-460.0,,Available,website maps this code to Available
1,34e4ea6f-0a24-428b-976c-3173c1daa584,2026-09-27T00:07:01.579+00:00,2026-09-27T00:07:01.753+00:00,21072-30059,dryers,50170059,52000000,2026-09-27 00:07:01,2026-09-26 23:49:21,23,1060.0,320.0,,Finished,
1,34e4ea6f-0a24-428b-976c-3173c1daa584,2026-09-27T00:07:01.579+00:00,2026-09-27T00:07:01.753+00:00,21072-30059,dryers,50170057,72000000,2026-09-27 00:07:01,2026-09-26 23:30:30,46,2191.0,569.0,,Available,website maps this code to Available
1,34e4ea6f-0a24-428b-976c-3173c1daa584,2026-09-27T00:07:01.579+00:00,2026-09-27T00:07:01.753+00:00,21072-30059,dryers,50170062,72000000,2026-09-27 00:07:01,2026-09-26 23:14:55,46,3126.0,-366.0,,Available,website maps this code to Available
1,34e4ea6f-0a24-428b-976c-3173c1daa584,2026-09-27T00:07:01.579+00:00,2026-09-27T00:07:01.753+00:00,21072-30059,dryers,50170067,72000000,2026-09-27 00:07:01,2026-09-26 23:35:12,46,1909.0,851.0,,Available,website maps this code to Available
1,34e4ea6f-0a24-428b-976c-3173c1daa584,2026-09-27T00:07:01.579+00:00,2026-09-27T00:07:01.753+00:00,21072-30059,dryers,50170074,72000000,2026-09-27 00:07:01,2026-09-26 23:05:09,46,3712.0,-952.0,,Available,website maps this code to Available
1,34e4ea6f-0a24-428b-976c-3173c1daa584,2026-09-27T00:07:01.579+00:00,2026-09-27T00:07:01.753+00:00,21072-30059,dryers,50170071,72000000,2026-09-27 00:07:01,2026-09-26 23:04:10,46,3771.0,-1011.0,,Available,website maps this code to Available
1,34e4ea6f-0a24-428b-976c-3173c1daa584,2026-09-27T00:07:01.579+00:00,2026-09-27T00:07:01.753+00:00,21072-30059,dryers,50170054,72000000,2026-09-27 00:07:01,2026-09-26 23:01:41,46,3920.0,-1160.0,,Available,website maps this code to Available
1,edbdf94d-253b-4218-b75c-6f439829036b,2026-09-27T00:08:01.364+00:00,2026-09-27T00:08:01.559+00:00,21072-30059,washers,50170051,72000000,2026-09-27 00:08:01,2026-09-26 22:10:45,29,7036.0,-5296.0,,Available,website maps this code to Available
1,edbdf94d-253b-4218-b75c-6f439829036b,2026-09-27T00:08:01.364+00:00,2026-09-27T00:08:01.559+00:00,21072-30059,washers,50170080,42000000,2026-09-27 00:08:01,2026-09-26 23:36:00,35,1921.0,179.0,3,Running,
1,edbdf94d-253b-4218-b75c-6f439829036b,2026-09-27T00:08:01.364+00:00,2026-09-27T00:08:01.559+00:00,21072-30059,washers,50170075,42000000,2026-09-27 00:08:01,2026-09-26 23:36:41,39,1880.0,460.0,8,Running,
1,edbdf94d-253b-4218-b75c-6f439829036b,2026-09-27T00:08:01.364+00:00,2026-09-27T00:08:01.559+00:00,21072-30059,washers,50170082,42000000,2026-09-27 00:08:01,2026-09-26 23:36:51,35,1870.0,230.0,4,Running,
1,edbdf94d-253b-4218-b75c-6f439829036b,2026-09-27T00:08:01.364+00:00,2026-09-27T00:08:01.559+00:00,21072-30059,washers,50170050,72000000,2026-09-27 00:08:01,2026-09-26 22:11:54,29,6967.0,-5227.0,,Available,website maps this code to Available
1,edbdf94d-253b-4218-b75c-6f439829036b,2026-09-27T00:08:01.364+00:00,2026-09-27T00:08:01.559+00:00,21072-30059,washers,50170052,72000000,2026-09-27 00:08:01,2026-09-26 22:13:48,29,6853.0,-5113.0,,Available,website maps this code to Available
1,edbdf94d-253b-4218-b75c-6f439829036b,2026-09-27T00:08:01.364+00:00,2026-09-27T00:08:01.559+00:00,21072-30059,washers,50170078,72000000,2026-09-27 00:08:01,2026-09-26 21:14:24,29,10417.0,-8677.0,,Available,website maps this code to Available
1,edbdf94d-253b-4218-b75c-6f439829036b,2026-09-27T00:08:01.364+00:00,2026-09-27T00:08:01.559+00:00,21072-30059,washers,50170084,72000000,2026-09-27 00:08:01,2026-09-26 07:02:48,29,61513.0,-59773.0,,Available,website maps this code to Available
1,edbdf94d-253b-4218-b75c-6f439829036b,2026-09-27T00:08:01.364+00:00,2026-09-27T00:08:01.559+00:00,21072-30059,washers,50170068,72000000,2026-09-27 00:08:01,2026-09-26 22:56:07,29,4314.0,-2574.0,,Available,website maps this code to Available
1,edbdf94d-253b-4218-b75c-6f439829036b,2026-09-27T00:08:01.364+00:00,2026-09-27T00:08:01.559+00:00,21072-30059,washers,50170072,72000000,2026-09-27 00:08:01,2026-09-26 22:11:47,29,6974.0,-5234.0,,Available,website maps this code to Available
1,edbdf94d-253b-4218-b75c-6f439829036b,2026-09-27T00:08:01.364+00:00,2026-09-27T00:08:01.559+00:00,21072-30059,washers,20483408,72000000,2026-09-27 00:08:01,2024-12-20 00:43:32,0,55812269.0,-55812269.0,,Available,website maps this code to Available
1,edbdf94d-253b-4218-b75c-6f439829036b,2026-09-27T00:08:01.364+00:00,2026-09-27T00:08:01.559+00:00,21072-30059,washers,50170055,72000000,2026-09-27 00:08:01,2026-09-26 22:47:03,29,4858.0,-3118.0,,Available,website maps this code to Available
1,edbdf94d-253b-4218-b75c-6f439829036b,2026-09-27T00:08:01.364+00:00,2026-09-27T00:08:01.559+00:00,21072-30059,dryers,50170058,D2000000,2026-09-27 00:08:01,2026-09-26 17:53:29,45,22472.0,-19772.0,,Start Mode After PF,
1,edbdf94d-253b-4218-b75c-6f439829036b,2026-09-27T00:08:01.364+00:00,2026-09-27T00:08:01.559+00:00,21072-30059,dryers,50170061,72000000,2026-09-27 00:08:01,2026-09-26 17:26:29,1,24092.0,-24032.0,,Available,website maps this code to Available
1,edbdf94d-253b-4218-b75c-6f439829036b,2026-09-27T00:08:01.364+00:00,2026-09-27T00:08:01.559+00:00,21072-30059,dryers,50170081,72000000,2026-09-27 00:08:01,2026-09-26 15:30:05,46,31076.0,-28316.0,,Available,website maps this code to Available
1,edbdf94d-253b-4218-b75c-6f439829036b,2026-09-27T00:08:01.364+00:00,2026-09-27T00:08:01.559+00:00,21072-30059,dryers,50170060,72000000,2026-09-27 00:08:01,2026-09-26 23:03:30,46,3871.0,-1111.0,,Available,website maps this code to Available
1,edbdf94d-253b-4218-b75c-6f439829036b,2026-09-27T00:08:01.364+00:00,2026-09-27T00:08:01.559+00:00,21072-30059,dryers,50170087,72000000,2026-09-27 00:08:01,2026-09-26 20:57:29,46,11432.0,-8672.0,,Available,website maps this code to Available
1,edbdf94d-253b-4218-b75c-6f439829036b,2026-09-27T00:08:01.364+00:00,2026-09-27T00:08:01.559+00:00,21072-30059,dryers,50170064,72000000,2026-09-27 00:08:01,2026-09-26 23:12:17,46,3344.0,-584.0,,Available,website maps this code to Available
1,edbdf94d-253b-4218-b75c-6f439829036b,2026-09-27T00:08:01.364+00:00,2026-09-27T00:08:01.559+00:00,21072-30059,dryers,50170065,72000000,2026-09-27 00:08:01,2026-09-26 23:13:21,46,3280.0,-520.0,,Available,website maps this code to Available
1,edbdf94d-253b-4218-b75c-6f439829036b,2026-09-27T00:08:01.364+00:00,2026-09-27T00:08:01.559+00:00,21072-30059,dryers,50170059,52000000,2026-09-27 00:08:01,2026-09-26 23:49:21,23,1120.0,260.0,,Finished,
1,edbdf94d-253b-4218-b75c-6f439829036b,2026-09-27T00:08:01.364+00:00,2026-09-27T00:08:01.559+00:00,21072-30059,dryers,50170057,72000000,2026-09-27 00:08:01,2026-09-26 23:30:30,46,2251.0,509.0,,Available,website maps this code to Available
1,edbdf94d-253b-4218-b75c-6f439829036b,2026-09-27T00:08:01.364+00:00,2026-09-27T00:08:01.559+00:00,21072-30059,dryers,50170062,72000000,2026-09-27 00:08:01,2026-09-26 23:14:55,46,3186.0,-426.0,,Available,website maps this code to Available
1,edbdf94d-253b-4218-b75c-6f439829036b,2026-09-27T00:08:01.364+00:00,2026-09-27T00:08:01.559+00:00,21072-30059,dryers,50170067,72000000,2026-09-27 00:08:01,2026-09-26 23:35:12,46,1969.0,791.0,,Available,website maps this code to Available
1,edbdf94d-253b-4218-b75c-6f439829036b,2026-09-27T00:08:01.364+00:00,2026-09-27T00:08:01.559+00:00,21072-30059,dryers,50170074,72000000,2026-09-27 00:08:01,2026-09-26 23:05:09,46,3772.0,-1012.0,,Available,website maps this code to Available
1,edbdf94d-253b-4218-b75c-6f439829036b,2026-09-27T00:08:01.364+00:00,2026-09-27T00:08:01.559+00:00,21072-30059,dryers,50170071,72000000,2026-09-27 00:08:01,2026-09-26 23:04:10,46,3831.0,-1071.0,,Available,website maps this code to Available
1,edbdf94d-253b-4218-b75c-6f439829036b,2026-09-27T00:08:01.364+00:00,2026-09-27T00:08:01.559+00:00,21072-30059,dryers,50170054,72000000,2026-09-27 00:08:01,2026-09-26 23:01:41,46,3980.0,-1220.0,,Available,website maps this code to Available
1,fc0fdb07-6d08-4fd2-80f3-dc2d3cf8393d,2026-09-27T00:09:01.304+00:00,2026-09-27T00:09:01.479+00:00,21072-30059,washers,50170051,72000000,2026-09-27 00:09:01,2026-09-26 22:10:45,29,7096.0,-5356.0,,Available,website maps this code to Available
1,fc0fdb07-6d08-4fd2-80f3-dc2d3cf8393d,2026-09-27T00:09:01.304+00:00,2026-09-27T00:09:01.479+00:00,21072-30059,washers,50170080,42000000,2026-09-27 00:09:01,2026-09-26 23:36:00,35,1981.0,119.0,2,Running,
1,fc0fdb07-6d08-4fd2-80f3-dc2d3cf8393d,2026-09-27T00:09:01.304+00:00,2026-09-27T00:09:01.479+00:00,21072-30059,washers,50170075,42000000,2026-09-27 00:09:01,2026-09-26 23:36:41,39,1940.0,400.0,7,Running,
1,fc0fdb07-6d08-4fd2-80f3-dc2d3cf8393d,2026-09-27T00:09:01.304+00:00,2026-09-27T00:09:01.479+00:00,21072-30059,washers,50170082,42000000,2026-09-27 00:09:01,2026-09-26 23:36:51,35,1930.0,170.0,3,Running,
1,fc0fdb07-6d08-4fd2-80f3-dc2d3cf8393d,2026-09-27T00:09:01.304+00:00,2026-09-27T00:09:01.479+00:00,21072-30059,washers,50170050,72000000,2026-09-27 00:09:01,2026-09-26 22:11:54,29,7027.0,-5287.0,,Available,website maps this code to Available
1,fc0fdb07-6d08-4fd2-80f3-dc2d3cf8393d,2026-09-27T00:09:01.304+00:00,2026-09-27T00:09:01.479+00:00,21072-30059,washers,50170052,72000000,2026-09-27 00:09:01,2026-09-26 22:13:48,29,6913.0,-5173.0,,Available,website maps this code to Available
1,fc0fdb07-6d08-4fd2-80f3-dc2d3cf8393d,2026-09-27T00:09:01.304+00:00,2026-09-27T00:09:01.479+00:00,21072-30059,washers,50170078,72000000,2026-09-27 00:09:01,2026-09-26 21:14:24,29,10477.0,-8737.0,,Available,website maps this code to Available
1,fc0fdb07-6d08-4fd2-80f3-dc2d3cf8393d,2026-09-27T00:09:01.304+00:00,2026-09-27T00:09:01.479+00:00,21072-30059,washers,50170084,72000000,2026-09-27 00:09:01,2026-09-26 07:02:48,29,61573.0,-59833.0,,Available,website maps this code to Available
1,fc0fdb07-6d08-4fd2-80f3-dc2d3cf8393d,2026-09-27T00:09:01.304+00:00,2026-09-27T00:09:01.479+00:00,21072-30059,washers,50170068,72000000,2026-09-27 00:09:01,2026-09-26 22:56:07,29,4374.0,-2634.0,,Available,website maps this code to Available
1,fc0fdb07-6d08-4fd2-80f3-dc2d3cf8393d,2026-09-27T00:09:01.304+00:00,2026-09-27T00:09:01.479+00:00,21072-30059,washers,50170072,72000000,2026-09-27 00:09:01,2026-09-26 22:11:47,29,7034.0,-5294.0,,Available,website maps this code to Available
1,fc0fdb07-6d08-4fd2-80f3-dc2d3cf8393d,2026-09-27T00:09:01.304+00:00,2026-09-27T00:09:01.479+00:00,21072-30059,washers,20483408,72000000,2026-09-27 00:09:01,2024-12-20 00:43:32,0,55812329.0,-55812329.0,,Available,website maps this code to Available
1,fc0fdb07-6d08-4fd2-80f3-dc2d3cf8393d,2026-09-27T00:09:01.304+00:00,2026-09-27T00:09:01.479+00:00,21072-30059,washers,50170055,72000000,2026-09-27 00:09:01,2026-09-26 22:47:03,29,4918.0,-3178.0,,Available,website maps this code to Available
1,fc0fdb07-6d08-4fd2-80f3-dc2d3cf8393d,2026-09-27T00:09:01.304+00:00,2026-09-27T00:09:01.479+00:00,21072-30059,dryers,50170058,D2000000,2026-09-27 00:09:01,2026-09-26 17:53:29,45,22532.0,-19832.0,,Start Mode After PF,
1,fc0fdb07-6d08-4fd2-80f3-dc2d3cf8393d,2026-09-27T00:09:01.304+00:00,2026-09-27T00:09:01.479+00:00,21072-30059,dryers,50170061,72000000,2026-09-27 00:09:01,2026-09-26 17:26:29,1,24152.0,-24092.0,,Available,website maps this code to Available
1,fc0fdb07-6d08-4fd2-80f3-dc2d3cf8393d,2026-09-27T00:09:01.304+00:00,2026-09-27T00:09:01.479+00:00,21072-30059,dryers,50170081,72000000,2026-09-27 00:09:01,2026-09-26 15:30:05,46,31136.0,-28376.0,,Available,website maps this code to Available
1,fc0fdb07-6d08-4fd2-80f3-dc2d3cf8393d,2026-09-27T00:09:01.304+00:00,2026-09-27T00:09:01.479+00:00,21072-30059,dryers,50170060,72000000,2026-09-27 00:09:01,2026-09-26 23:03:30,46,3931.0,-1171.0,,Available,website maps this code to Available
1,fc0fdb07-6d08-4fd2-80f3-dc2d3cf8393d,2026-09-27T00:09:01.304+00:00,2026-09-27T00:09:01.479+00:00,21072-30059,dryers,50170087,72000000,2026-09-27 00:09:01,2026-09-26 20:57:29,46,11492.0,-8732.0,,Available,website maps this code to Available
1,fc0fdb07-6d08-4fd2-80f3-dc2d3cf8393d,2026-09-27T00:09:01.304+00:00,2026-09-27T00:09:01.479+00:00,21072-30059,dryers,50170064,72000000,2026-09-27 00:09:01,2026-09-26 23:12:17,46,3404.0,-644.0,,Available,website maps this code to Available
1,fc0fdb07-6d08-4fd2-80f3-dc2d3cf8393d,2026-09-27T00:09:01.304+00:00,2026-09-27T00:09:01.479+00:00,21072-30059,dryers,50170065,72000000,2026-09-27 00:09:01,2026-09-26 23:13:21,46,3340.0,-580.0,,Available,website maps this code to Available
1,fc0fdb07-6d08-4fd2-80f3-dc2d3cf8393d,2026-09-27T00:09:01.304+00:00,2026-09-27T00:09:01.479+00:00,21072-30059,dryers,50170059,52000000,2026-09-27 00:09:01,2026-09-26 23:49:21,23,1180.0,200.0,,Finished,
1,fc0fdb07-6d08-4fd2-80f3-dc2d3cf8393d,2026-09-27T00:09:01.304+00:00,2026-09-27T00:09:01.479+00:00,21072-30059,dryers,50170057,72000000,2026-09-27 00:09:01,2026-09-26 23:30:30,46,2311.0,449.0,,Available,website maps this code to Available
1,fc0fdb07-6d08-4fd2-80f3-dc2d3cf8393d,2026-09-27T00:09:01.304+00:00,2026-09-27T00:09:01.479+00:00,21072-30059,dryers,50170062,72000000,2026-09-27 00:09:01,2026-09-26 23:14:55,46,3246.0,-486.0,,Available,website maps this code to Available
1,fc0fdb07-6d08-4fd2-80f3-dc2d3cf8393d,2026-09-27T00:09:01.304+00:00,2026-09-27T00:09:01.479+00:00,21072-30059,dryers,50170067,72000000,2026-09-27 00:09:01,2026-09-26 23:35:12,46,2029.0,731.0,,Available,website maps this code to Available
1,fc0fdb07-6d08-4fd2-80f3-dc2d3cf8393d,2026-09-27T00:09:01.304+00:00,2026-09-27T00:09:01.479+00:00,21072-30059,dryers,50170074,72000000,2026-09-27 00:09:01,2026-09-26 23:05:09,46,3832.0,-1072.0,,Available,website maps this code to Available
1,fc0fdb07-6d08-4fd2-80f3-dc2d3cf8393d,2026-09-27T00:09:01.304+00:00,2026-09-27T00:09:01.479+00:00,21072-30059,dryers,50170071,72000000,2026-09-27 00:09:01,2026-09-26 23:04:10,46,3891.0,-1131.0,,Available,website maps this code to Available
1,fc0fdb07-6d08-4fd2-80f3-dc2d3cf8393d,2026-09-27T00:09:01.304+00:00,2026-09-27T00:09:01.479+00:00,21072-30059,dryers,50170054,72000000,2026-09-27 00:09:01,2026-09-26 23:01:41,46,4040.0,-1280.0,,Available,website maps this code to Available
1,dabc1b4b-11f2-499c-99f0-50386ca349ce,2026-09-27T00:10:01.308+00:00,2026-09-27T00:10:01.483+00:00,21072-30059,washers,50170051,72000000,2026-09-27 00:10:01,2026-09-26 22:10:45,29,7156.0,-5416.0,,Available,website maps this code to Available
1,dabc1b4b-11f2-499c-99f0-50386ca349ce,2026-09-27T00:10:01.308+00:00,2026-09-27T00:10:01.483+00:00,21072-30059,washers,50170080,42000000,2026-09-27 00:10:01,2026-09-26 23:36:00,35,2041.0,59.0,1,Running,
1,dabc1b4b-11f2-499c-99f0-50386ca349ce,2026-09-27T00:10:01.308+00:00,2026-09-27T00:10:01.483+00:00,21072-30059,washers,50170075,42000000,2026-09-27 00:10:01,2026-09-27 00:09:08,10,53.0,547.0,10,Running,
1,dabc1b4b-11f2-499c-99f0-50386ca349ce,2026-09-27T00:10:01.308+00:00,2026-09-27T00:10:01.483+00:00,21072-30059,washers,50170082,42000000,2026-09-27 00:10:01,2026-09-26 23:36:51,35,1990.0,110.0,2,Running,
1,dabc1b4b-11f2-499c-99f0-50386ca349ce,2026-09-27T00:10:01.308+00:00,2026-09-27T00:10:01.483+00:00,21072-30059,washers,50170050,72000000,2026-09-27 00:10:01,2026-09-26 22:11:54,29,7087.0,-5347.0,,Available,website maps this code to Available
1,dabc1b4b-11f2-499c-99f0-50386ca349ce,2026-09-27T00:10:01.308+00:00,2026-09-27T00:10:01.483+00:00,21072-30059,washers,50170052,72000000,2026-09-27 00:10:01,2026-09-26 22:13:48,29,6973.0,-5233.0,,Available,website maps this code to Available
1,dabc1b4b-11f2-499c-99f0-50386ca349ce,2026-09-27T00:10:01.308+00:00,2026-09-27T00:10:01.483+00:00,21072-30059,washers,50170078,72000000,2026-09-27 00:10:01,2026-09-26 21:14:24,29,10537.0,-8797.0,,Available,website maps this code to Available
1,dabc1b4b-11f2-499c-99f0-50386ca349ce,2026-09-27T00:10:01.308+00:00,2026-09-27T00:10:01.483+00:00,21072-30059,washers,50170084,72000000,2026-09-27 00:10:01,2026-09-26 07:02:48,29,61633.0,-59893.0,,Available,website maps this code to Available
1,dabc1b4b-11f2-499c-99f0-50386ca349ce,2026-09-27T00:10:01.308+00:00,2026-09-27T00:10:01.483+00:00,21072-30059,washers,50170068,72000000,2026-09-27 00:10:01,2026-09-26 22:56:07,29,4434.0,-2694.0,,Available,website maps this code to Available
1,dabc1b4b-11f2-499c-99f0-50386ca349ce,2026-09-27T00:10:01.308+00:00,2026-09-27T00:10:01.483+00:00,21072-30059,washers,50170072,72000000,2026-09-27 00:10:01,2026-09-26 22:11:47,29,7094.0,-5354.0,,Available,website maps this code to Available
1,dabc1b4b-11f2-499c-99f0-50386ca349ce,2026-09-27T00:10:01.308+00:00,2026-09-27T00:10:01.483+00:00,21072-30059,washers,20483408,72000000,2026-09-27 00:10:01,2024-12-20 00:43:32,0,55812389.0,-55812389.0,,Available,website maps this code to Available
1,dabc1b4b-11f2-499c-99f0-50386ca349ce,2026-09-27T00:10:01.308+00:00,2026-09-27T00:10:01.483+00:00,21072-30059,washers,50170055,72000000,2026-09-27 00:10:01,2026-09-26 22:47:03,29,4978.0,-3238.0,,Available,website maps this code to Available
1,dabc1b4b-11f2-499c-99f0-50386ca349ce,2026-09-27T00:10:01.308+00:00,2026-09-27T00:10:01.483+00:00,21072-30059,dryers,50170058,D2000000,2026-09-27 00:10:01,2026-09-26 17:53:29,45,22592.0,-19892.0,,Start Mode After PF,
1,dabc1b4b-11f2-499c-99f0-50386ca349ce,2026-09-27T00:10:01.308+00:00,2026-09-27T00:10:01.483+00:00,21072-30059,dryers,50170061,72000000,2026-09-27 00:10:01,2026-09-26 17:26:29,1,24212.0,-24152.0,,Available,website maps this code to Available
1,dabc1b4b-11f2-499c-99f0-50386ca349ce,2026-09-27T00:10:01.308+00:00,2026-09-27T00:10:01.483+00:00,21072-30059,dryers,50170081,72000000,2026-09-27 00:10:01,2026-09-26 15:30:05,46,31196.0,-28436.0,,Available,website maps this code to Available
1,dabc1b4b-11f2-499c-99f0-50386ca349ce,2026-09-27T00:10:01.308+00:00,2026-09-27T00:10:01.483+00:00,21072-30059,dryers,50170060,72000000,2026-09-27 00:10:01,2026-09-26 23:03:30,46,3991.0,-1231.0,,Available,website maps this code to Available
1,dabc1b4b-11f2-499c-99f0-50386ca349ce,2026-09-27T00:10:01.308+00:00,2026-09-27T00:10:01.483+00:00,21072-30059,dryers,50170087,72000000,2026-09-27 00:10:01,2026-09-26 20:57:29,46,11552.0,-8792.0,,Available,website maps this code to Available
1,dabc1b4b-11f2-499c-99f0-50386ca349ce,2026-09-27T00:10:01.308+00:00,2026-09-27T00:10:01.483+00:00,21072-30059,dryers,50170064,72000000,2026-09-27 00:10:01,2026-09-26 23:12:17,46,3464.0,-704.0,,Available,website maps this code to Available
1,dabc1b4b-11f2-499c-99f0-50386ca349ce,2026-09-27T00:10:01.308+00:00,2026-09-27T00:10:01.483+00:00,21072-30059,dryers,50170065,72000000,2026-09-27 00:10:01,2026-09-26 23:13:21,46,3400.0,-640.0,,Available,website maps this code to Available
1,dabc1b4b-11f2-499c-99f0-50386ca349ce,2026-09-27T00:10:01.308+00:00,2026-09-27T00:10:01.483+00:00,21072-30059,dryers,50170059,52000000,2026-09-27 00:10:01,2026-09-26 23:49:21,23,1240.0,140.0,,Finished,
1,dabc1b4b-11f2-499c-99f0-50386ca349ce,2026-09-27T00:10:01.308+00:00,2026-09-27T00:10:01.483+00:00,21072-30059,dryers,50170057,72000000,2026-09-27 00:10:01,2026-09-26 23:30:30,46,2371.0,389.0,,Available,website maps this code to Available
1,dabc1b4b-11f2-499c-99f0-50386ca349ce,2026-09-27T00:10:01.308+00:00,2026-09-27T00:10:01.483+00:00,21072-30059,dryers,50170062,72000000,2026-09-27 00:10:01,2026-09-26 23:14:55,46,3306.0,-546.0,,Available,website maps this code to Available
1,dabc1b4b-11f2-499c-99f0-50386ca349ce,2026-09-27T00:10:01.308+00:00,2026-09-27T00:10:01.483+00:00,21072-30059,dryers,50170067,72000000,2026-09-27 00:10:01,2026-09-26 23:35:12,46,2089.0,671.0,,Available,website maps this code to Available
1,dabc1b4b-11f2-499c-99f0-50386ca349ce,2026-09-27T00:10:01.308+00:00,2026-09-27T00:10:01.483+00:00,21072-30059,dryers,50170074,72000000,2026-09-27 00:10:01,2026-09-26 23:05:09,46,3892.0,-1132.0,,Available,website maps this code to Available
1,dabc1b4b-11f2-499c-99f0-50386ca349ce,2026-09-27T00:10:01.308+00:00,2026-09-27T00:10:01.483+00:00,21072-30059,dryers,50170071,72000000,2026-09-27 00:10:01,2026-09-26 23:04:10,46,3951.0,-1191.0,,Available,website maps this code to Available
1,dabc1b4b-11f2-499c-99f0-50386ca349ce,2026-09-27T00:10:01.308+00:00,2026-09-27T00:10:01.483+00:00,21072-30059,dryers,50170054,72000000,2026-09-27 00:10:01,2026-09-26 23:01:41,46,4100.0,-1340.0,,Available,website maps this code to Available
1,0cf3cd61-dc02-4975-811e-e6ef4ee47d05,2026-09-27T00:11:01.266+00:00,2026-09-27T00:11:01.459+00:00,21072-30059,washers,50170051,72000000,2026-09-27 00:11:01,2026-09-26 22:10:45,29,7216.0,-5476.0,,Available,website maps this code to Available
1,0cf3cd61-dc02-4975-811e-e6ef4ee47d05,2026-09-27T00:11:01.266+00:00,2026-09-27T00:11:01.459+00:00,21072-30059,washers,50170080,42000000,2026-09-27 00:11:01,2026-09-26 23:36:00,35,2101.0,-1.0,,Available,website fallback: countdown expired
1,0cf3cd61-dc02-4975-811e-e6ef4ee47d05,2026-09-27T00:11:01.266+00:00,2026-09-27T00:11:01.459+00:00,21072-30059,washers,50170075,42000000,2026-09-27 00:11:01,2026-09-27 00:09:08,10,113.0,487.0,9,Running,
1,0cf3cd61-dc02-4975-811e-e6ef4ee47d05,2026-09-27T00:11:01.266+00:00,2026-09-27T00:11:01.459+00:00,21072-30059,washers,50170082,42000000,2026-09-27 00:11:01,2026-09-26 23:36:51,35,2050.0,50.0,1,Running,
1,0cf3cd61-dc02-4975-811e-e6ef4ee47d05,2026-09-27T00:11:01.266+00:00,2026-09-27T00:11:01.459+00:00,21072-30059,washers,50170050,72000000,2026-09-27 00:11:01,2026-09-26 22:11:54,29,7147.0,-5407.0,,Available,website maps this code to Available
1,0cf3cd61-dc02-4975-811e-e6ef4ee47d05,2026-09-27T00:11:01.266+00:00,2026-09-27T00:11:01.459+00:00,21072-30059,washers,50170052,72000000,2026-09-27 00:11:01,2026-09-26 22:13:48,29,7033.0,-5293.0,,Available,website maps this code to Available
1,0cf3cd61-dc02-4975-811e-e6ef4ee47d05,2026-09-27T00:11:01.266+00:00,2026-09-27T00:11:01.459+00:00,21072-30059,washers,50170078,72000000,2026-09-27 00:11:01,2026-09-26 21:14:24,29,10597.0,-8857.0,,Available,website maps this code to Available
1,0cf3cd61-dc02-4975-811e-e6ef4ee47d05,2026-09-27T00:11:01.266+00:00,2026-09-27T00:11:01.459+00:00,21072-30059,washers,50170084,72000000,2026-09-27 00:11:01,2026-09-26 07:02:48,29,61693.0,-59953.0,,Available,website maps this code to Available
1,0cf3cd61-dc02-4975-811e-e6ef4ee47d05,2026-09-27T00:11:01.266+00:00,2026-09-27T00:11:01.459+00:00,21072-30059,washers,50170068,72000000,2026-09-27 00:11:01,2026-09-26 22:56:07,29,4494.0,-2754.0,,Available,website maps this code to Available
1,0cf3cd61-dc02-4975-811e-e6ef4ee47d05,2026-09-27T00:11:01.266+00:00,2026-09-27T00:11:01.459+00:00,21072-30059,washers,50170072,72000000,2026-09-27 00:11:01,2026-09-26 22:11:47,29,7154.0,-5414.0,,Available,website maps this code to Available
1,0cf3cd61-dc02-4975-811e-e6ef4ee47d05,2026-09-27T00:11:01.266+00:00,2026-09-27T00:11:01.459+00:00,21072-30059,washers,20483408,72000000,2026-09-27 00:11:01,2024-12-20 00:43:32,0,55812449.0,-55812449.0,,Available,website maps this code to Available
1,0cf3cd61-dc02-4975-811e-e6ef4ee47d05,2026-09-27T00:11:01.266+00:00,2026-09-27T00:11:01.459+00:00,21072-30059,washers,50170055,72000000,2026-09-27 00:11:01,2026-09-26 22:47:03,29,5038.0,-3298.0,,Available,website maps this code to Available
1,0cf3cd61-dc02-4975-811e-e6ef4ee47d05,2026-09-27T00:11:01.266+00:00,2026-09-27T00:11:01.459+00:00,21072-30059,dryers,50170058,D2000000,2026-09-27 00:11:01,2026-09-26 17:53:29,45,22652.0,-19952.0,,Start Mode After PF,
1,0cf3cd61-dc02-4975-811e-e6ef4ee47d05,2026-09-27T00:11:01.266+00:00,2026-09-27T00:11:01.459+00:00,21072-30059,dryers,50170061,72000000,2026-09-27 00:11:01,2026-09-26 17:26:29,1,24272.0,-24212.0,,Available,website maps this code to Available
1,0cf3cd61-dc02-4975-811e-e6ef4ee47d05,2026-09-27T00:11:01.266+00:00,2026-09-27T00:11:01.459+00:00,21072-30059,dryers,50170081,72000000,2026-09-27 00:11:01,2026-09-26 15:30:05,46,31256.0,-28496.0,,Available,website maps this code to Available
1,0cf3cd61-dc02-4975-811e-e6ef4ee47d05,2026-09-27T00:11:01.266+00:00,2026-09-27T00:11:01.459+00:00,21072-30059,dryers,50170060,72000000,2026-09-27 00:11:01,2026-09-26 23:03:30,46,4051.0,-1291.0,,Available,website maps this code to Available
1,0cf3cd61-dc02-4975-811e-e6ef4ee47d05,2026-09-27T00:11:01.266+00:00,2026-09-27T00:11:01.459+00:00,21072-30059,dryers,50170087,72000000,2026-09-27 00:11:01,2026-09-26 20:57:29,46,11612.0,-8852.0,,Available,website maps this code to Available
1,0cf3cd61-dc02-4975-811e-e6ef4ee47d05,2026-09-27T00:11:01.266+00:00,2026-09-27T00:11:01.459+00:00,21072-30059,dryers,50170064,72000000,2026-09-27 00:11:01,2026-09-26 23:12:17,46,3524.0,-764.0,,Available,website maps this code to Available
1,0cf3cd61-dc02-4975-811e-e6ef4ee47d05,2026-09-27T00:11:01.266+00:00,2026-09-27T00:11:01.459+00:00,21072-30059,dryers,50170065,72000000,2026-09-27 00:11:01,2026-09-26 23:13:21,46,3460.0,-700.0,,Available,website maps this code to Available
1,0cf3cd61-dc02-4975-811e-e6ef4ee47d05,2026-09-27T00:11:01.266+00:00,2026-09-27T00:11:01.459+00:00,21072-30059,dryers,50170059,52000000,2026-09-27 00:11:01,2026-09-26 23:49:21,23,1300.0,80.0,,Finished,
1,0cf3cd61-dc02-4975-811e-e6ef4ee47d05,2026-09-27T00:11:01.266+00:00,2026-09-27T00:11:01.459+00:00,21072-30059,dryers,50170057,72000000,2026-09-27 00:11:01,2026-09-26 23:30:30,46,2431.0,329.0,,Available,website maps this code to Available
1,0cf3cd61-dc02-4975-811e-e6ef4ee47d05,2026-09-27T00:11:01.266+00:00,2026-09-27T00:11:01.459+00:00,21072-30059,dryers,50170062,72000000,2026-09-27 00:11:01,2026-09-26 23:14:55,46,3366.0,-606.0,,Available,website maps this code to Available
1,0cf3cd61-dc02-4975-811e-e6ef4ee47d05,2026-09-27T00:11:01.266+00:00,2026-09-27T00:11:01.459+00:00,21072-30059,dryers,50170067,72000000,2026-09-27 00:11:01,2026-09-26 23:35:12,46,2149.0,611.0,,Available,website maps this code to Available
1,0cf3cd61-dc02-4975-811e-e6ef4ee47d05,2026-09-27T00:11:01.266+00:00,2026-09-27T00:11:01.459+00:00,21072-30059,dryers,50170074,72000000,2026-09-27 00:11:01,2026-09-26 23:05:09,46,3952.0,-1192.0,,Available,website maps this code to Available
1,0cf3cd61-dc02-4975-811e-e6ef4ee47d05,2026-09-27T00:11:01.266+00:00,2026-09-27T00:11:01.459+00:00,21072-30059,dryers,50170071,72000000,2026-09-27 00:11:01,2026-09-26 23:04:10,46,4011.0,-1251.0,,Available,website maps this code to Available
1,0cf3cd61-dc02-4975-811e-e6ef4ee47d05,2026-09-27T00:11:01.266+00:00,2026-09-27T00:11:01.459+00:00,21072-30059,dryers,50170054,72000000,2026-09-27 00:11:01,2026-09-26 23:01:41,46,4160.0,-1400.0,,Available,website maps this code to Available
1,059ccc73-3e0b-4db9-8324-b393ff454c76,2026-09-27T00:12:01.374+00:00,2026-09-27T00:12:01.574+00:00,21072-30059,washers,50170051,72000000,2026-09-27 00:12:01,2026-09-26 22:10:45,29,7276.0,-5536.0,,Available,website maps this code to Available
1,059ccc73-3e0b-4db9-8324-b393ff454c76,2026-09-27T00:12:01.374+00:00,2026-09-27T00:12:01.574+00:00,21072-30059,washers,50170080,42000000,2026-09-27 00:12:01,2026-09-27 00:11:30,10,31.0,569.0,10,Running,
1,059ccc73-3e0b-4db9-8324-b393ff454c76,2026-09-27T00:12:01.374+00:00,2026-09-27T00:12:01.574+00:00,21072-30059,washers,50170075,42000000,2026-09-27 00:12:01,2026-09-27 00:09:08,10,173.0,427.0,8,Running,
1,059ccc73-3e0b-4db9-8324-b393ff454c76,2026-09-27T00:12:01.374+00:00,2026-09-27T00:12:01.574+00:00,21072-30059,washers,50170082,42000000,2026-09-27 00:12:01,2026-09-27 00:11:21,10,40.0,560.0,10,Running,
1,059ccc73-3e0b-4db9-8324-b393ff454c76,2026-09-27T00:12:01.374+00:00,2026-09-27T00:12:01.574+00:00,21072-30059,washers,50170050,72000000,2026-09-27 00:12:01,2026-09-26 22:11:54,29,7207.0,-5467.0,,Available,website maps this code to Available
1,059ccc73-3e0b-4db9-8324-b393ff454c76,2026-09-27T00:12:01.374+00:00,2026-09-27T00:12:01.574+00:00,21072-30059,washers,50170052,72000000,2026-09-27 00:12:01,2026-09-26 22:13:48,29,7093.0,-5353.0,,Available,website maps this code to Available
1,059ccc73-3e0b-4db9-8324-b393ff454c76,2026-09-27T00:12:01.374+00:00,2026-09-27T00:12:01.574+00:00,21072-30059,washers,50170078,72000000,2026-09-27 00:12:01,2026-09-26 21:14:24,29,10657.0,-8917.0,,Available,website maps this code to Available
1,059ccc73-3e0b-4db9-8324-b393ff454c76,2026-09-27T00:12:01.374+00:00,2026-09-27T00:12:01.574+00:00,21072-30059,washers,50170084,72000000,2026-09-27 00:12:01,2026-09-26 07:02:48,29,61753.0,-60013.0,,Available,website maps this code to Available
1,059ccc73-3e0b-4db9-8324-b393ff454c76,2026-09-27T00:12:01.374+00:00,2026-09-27T00:12:01.574+00:00,21072-30059,washers,50170068,72000000,2026-09-27 00:12:01,2026-09-26 22:56:07,29,4554.0,-2814.0,,Available,website maps this code to Available
1,059ccc73-3e0b-4db9-8324-b393ff454c76,2026-09-27T00:12:01.374+00:00,2026-09-27T00:12:01.574+00:00,21072-30059,washers,50170072,72000000,2026-09-27 00:12:01,2026-09-26 22:11:47,29,7214.0,-5474.0,,Available,website maps this code to Available
1,059ccc73-3e0b-4db9-8324-b393ff454c76,2026-09-27T00:12:01.374+00:00,2026-09-27T00:12:01.574+00:00,21072-30059,washers,20483408,72000000,2026-09-27 00:12:01,2024-12-20 00:43:32,0,55812509.0,-55812509.0,,Available,website maps this code to Available
1,059ccc73-3e0b-4db9-8324-b393ff454c76,2026-09-27T00:12:01.374+00:00,2026-09-27T00:12:01.574+00:00,21072-30059,washers,50170055,72000000,2026-09-27 00:12:01,2026-09-26 22:47:03,29,5098.0,-3358.0,,Available,website maps this code to Available
1,059ccc73-3e0b-4db9-8324-b393ff454c76,2026-09-27T00:12:01.374+00:00,2026-09-27T00:12:01.574+00:00,21072-30059,dryers,50170058,D2000000,2026-09-27 00:12:01,2026-09-26 17:53:29,45,22712.0,-20012.0,,Start Mode After PF,
1,059ccc73-3e0b-4db9-8324-b393ff454c76,2026-09-27T00:12:01.374+00:00,2026-09-27T00:12:01.574+00:00,21072-30059,dryers,50170061,72000000,2026-09-27 00:12:01,2026-09-26 17:26:29,1,24332.0,-24272.0,,Available,website maps this code to Available
1,059ccc73-3e0b-4db9-8324-b393ff454c76,2026-09-27T00:12:01.374+00:00,2026-09-27T00:12:01.574+00:00,21072-30059,dryers,50170081,72000000,2026-09-27 00:12:01,2026-09-26 15:30:05,46,31316.0,-28556.0,,Available,website maps this code to Available
1,059ccc73-3e0b-4db9-8324-b393ff454c76,2026-09-27T00:12:01.374+00:00,2026-09-27T00:12:01.574+00:00,21072-30059,dryers,50170060,72000000,2026-09-27 00:12:01,2026-09-26 23:03:30,46,4111.0,-1351.0,,Available,website maps this code to Available
1,059ccc73-3e0b-4db9-8324-b393ff454c76,2026-09-27T00:12:01.374+00:00,2026-09-27T00:12:01.574+00:00,21072-30059,dryers,50170087,72000000,2026-09-27 00:12:01,2026-09-26 20:57:29,46,11672.0,-8912.0,,Available,website maps this code to Available
1,059ccc73-3e0b-4db9-8324-b393ff454c76,2026-09-27T00:12:01.374+00:00,2026-09-27T00:12:01.574+00:00,21072-30059,dryers,50170064,72000000,2026-09-27 00:12:01,2026-09-26 23:12:17,46,3584.0,-824.0,,Available,website maps this code to Available
1,059ccc73-3e0b-4db9-8324-b393ff454c76,2026-09-27T00:12:01.374+00:00,2026-09-27T00:12:01.574+00:00,21072-30059,dryers,50170065,72000000,2026-09-27 00:12:01,2026-09-26 23:13:21,46,3520.0,-760.0,,Available,website maps this code to Available
1,059ccc73-3e0b-4db9-8324-b393ff454c76,2026-09-27T00:12:01.374+00:00,2026-09-27T00:12:01.574+00:00,21072-30059,dryers,50170059,52000000,2026-09-27 00:12:01,2026-09-26 23:49:21,23,1360.0,20.0,,Finished,
1,059ccc73-3e0b-4db9-8324-b393ff454c76,2026-09-27T00:12:01.374+00:00,2026-09-27T00:12:01.574+00:00,21072-30059,dryers,50170057,72000000,2026-09-27 00:12:01,2026-09-26 23:30:30,46,2491.0,269.0,,Available,website maps this code to Available
1,059ccc73-3e0b-4db9-8324-b393ff454c76,2026-09-27T00:12:01.374+00:00,2026-09-27T00:12:01.574+00:00,21072-30059,dryers,50170062,72000000,2026-09-27 00:12:01,2026-09-26 23:14:55,46,3426.0,-666.0,,Available,website maps this code to Available
1,059ccc73-3e0b-4db9-8324-b393ff454c76,2026-09-27T00:12:01.374+00:00,2026-09-27T00:12:01.574+00:00,21072-30059,dryers,50170067,72000000,2026-09-27 00:12:01,2026-09-26 23:35:12,46,2209.0,551.0,,Available,website maps this code to Available
1,059ccc73-3e0b-4db9-8324-b393ff454c76,2026-09-27T00:12:01.374+00:00,2026-09-27T00:12:01.574+00:00,21072-30059,dryers,50170074,72000000,2026-09-27 00:12:01,2026-09-26 23:05:09,46,4012.0,-1252.0,,Available,website maps this code to Available
1,059ccc73-3e0b-4db9-8324-b393ff454c76,2026-09-27T00:12:01.374+00:00,2026-09-27T00:12:01.574+00:00,21072-30059,dryers,50170071,72000000,2026-09-27 00:12:01,2026-09-26 23:04:10,46,4071.0,-1311.0,,Available,website maps this code to Available
1,059ccc73-3e0b-4db9-8324-b393ff454c76,2026-09-27T00:12:01.374+00:00,2026-09-27T00:12:01.574+00:00,21072-30059,dryers,50170054,72000000,2026-09-27 00:12:01,2026-09-26 23:01:41,46,4220.0,-1460.0,,Available,website maps this code to Available
1,ad98dd52-b557-4d32-9909-7f06d6fd362c,2026-09-27T00:13:01.261+00:00,2026-09-27T00:13:01.437+00:00,21072-30059,washers,50170051,72000000,2026-09-27 00:13:01,2026-09-26 22:10:45,29,7336.0,-5596.0,,Available,website maps this code to Available
1,ad98dd52-b557-4d32-9909-7f06d6fd362c,2026-09-27T00:13:01.261+00:00,2026-09-27T00:13:01.437+00:00,21072-30059,washers,50170080,42000000,2026-09-27 00:13:01,2026-09-27 00:11:30,10,91.0,509.0,9,Running,
1,ad98dd52-b557-4d32-9909-7f06d6fd362c,2026-09-27T00:13:01.261+00:00,2026-09-27T00:13:01.437+00:00,21072-30059,washers,50170075,42000000,2026-09-27 00:13:01,2026-09-27 00:09:08,10,233.0,367.0,7,Running,
1,ad98dd52-b557-4d32-9909-7f06d6fd362c,2026-09-27T00:13:01.261+00:00,2026-09-27T00:13:01.437+00:00,21072-30059,washers,50170082,42000000,2026-09-27 00:13:01,2026-09-27 00:11:21,10,100.0,500.0,9,Running,
1,ad98dd52-b557-4d32-9909-7f06d6fd362c,2026-09-27T00:13:01.261+00:00,2026-09-27T00:13:01.437+00:00,21072-30059,washers,50170050,72000000,2026-09-27 00:13:01,2026-09-26 22:11:54,29,7267.0,-5527.0,,Available,website maps this code to Available
1,ad98dd52-b557-4d32-9909-7f06d6fd362c,2026-09-27T00:13:01.261+00:00,2026-09-27T00:13:01.437+00:00,21072-30059,washers,50170052,72000000,2026-09-27 00:13:01,2026-09-26 22:13:48,29,7153.0,-5413.0,,Available,website maps this code to Available
1,ad98dd52-b557-4d32-9909-7f06d6fd362c,2026-09-27T00:13:01.261+00:00,2026-09-27T00:13:01.437+00:00,21072-30059,washers,50170078,72000000,2026-09-27 00:13:01,2026-09-26 21:14:24,29,10717.0,-8977.0,,Available,website maps this code to Available
1,ad98dd52-b557-4d32-9909-7f06d6fd362c,2026-09-27T00:13:01.261+00:00,2026-09-27T00:13:01.437+00:00,21072-30059,washers,50170084,72000000,2026-09-27 00:13:01,2026-09-26 07:02:48,29,61813.0,-60073.0,,Available,website maps this code to Available
1,ad98dd52-b557-4d32-9909-7f06d6fd362c,2026-09-27T00:13:01.261+00:00,2026-09-27T00:13:01.437+00:00,21072-30059,washers,50170068,72000000,2026-09-27 00:13:01,2026-09-26 22:56:07,29,4614.0,-2874.0,,Available,website maps this code to Available
1,ad98dd52-b557-4d32-9909-7f06d6fd362c,2026-09-27T00:13:01.261+00:00,2026-09-27T00:13:01.437+00:00,21072-30059,washers,50170072,72000000,2026-09-27 00:13:01,2026-09-26 22:11:47,29,7274.0,-5534.0,,Available,website maps this code to Available
1,ad98dd52-b557-4d32-9909-7f06d6fd362c,2026-09-27T00:13:01.261+00:00,2026-09-27T00:13:01.437+00:00,21072-30059,washers,20483408,72000000,2026-09-27 00:13:01,2024-12-20 00:43:32,0,55812569.0,-55812569.0,,Available,website maps this code to Available
1,ad98dd52-b557-4d32-9909-7f06d6fd362c,2026-09-27T00:13:01.261+00:00,2026-09-27T00:13:01.437+00:00,21072-30059,washers,50170055,72000000,2026-09-27 00:13:01,2026-09-26 22:47:03,29,5158.0,-3418.0,,Available,website maps this code to Available
1,ad98dd52-b557-4d32-9909-7f06d6fd362c,2026-09-27T00:13:01.261+00:00,2026-09-27T00:13:01.437+00:00,21072-30059,dryers,50170058,D2000000,2026-09-27 00:13:01,2026-09-26 17:53:29,45,22772.0,-20072.0,,Start Mode After PF,
1,ad98dd52-b557-4d32-9909-7f06d6fd362c,2026-09-27T00:13:01.261+00:00,2026-09-27T00:13:01.437+00:00,21072-30059,dryers,50170061,72000000,2026-09-27 00:13:01,2026-09-26 17:26:29,1,24392.0,-24332.0,,Available,website maps this code to Available
1,ad98dd52-b557-4d32-9909-7f06d6fd362c,2026-09-27T00:13:01.261+00:00,2026-09-27T00:13:01.437+00:00,21072-30059,dryers,50170081,72000000,2026-09-27 00:13:01,2026-09-26 15:30:05,46,31376.0,-28616.0,,Available,website maps this code to Available
1,ad98dd52-b557-4d32-9909-7f06d6fd362c,2026-09-27T00:13:01.261+00:00,2026-09-27T00:13:01.437+00:00,21072-30059,dryers,50170060,72000000,2026-09-27 00:13:01,2026-09-26 23:03:30,46,4171.0,-1411.0,,Available,website maps this code to Available
1,ad98dd52-b557-4d32-9909-7f06d6fd362c,2026-09-27T00:13:01.261+00:00,2026-09-27T00:13:01.437+00:00,21072-30059,dryers,50170087,72000000,2026-09-27 00:13:01,2026-09-26 20:57:29,46,11732.0,-8972.0,,Available,website maps this code to Available
1,ad98dd52-b557-4d32-9909-7f06d6fd362c,2026-09-27T00:13:01.261+00:00,2026-09-27T00:13:01.437+00:00,21072-30059,dryers,50170064,72000000,2026-09-27 00:13:01,2026-09-26 23:12:17,46,3644.0,-884.0,,Available,website maps this code to Available
1,ad98dd52-b557-4d32-9909-7f06d6fd362c,2026-09-27T00:13:01.261+00:00,2026-09-27T00:13:01.437+00:00,21072-30059,dryers,50170065,72000000,2026-09-27 00:13:01,2026-09-26 23:13:21,46,3580.0,-820.0,,Available,website maps this code to Available
1,ad98dd52-b557-4d32-9909-7f06d6fd362c,2026-09-27T00:13:01.261+00:00,2026-09-27T00:13:01.437+00:00,21072-30059,dryers,50170059,52000000,2026-09-27 00:13:01,2026-09-26 23:49:21,23,1420.0,-40.0,,Finished,
1,ad98dd52-b557-4d32-9909-7f06d6fd362c,2026-09-27T00:13:01.261+00:00,2026-09-27T00:13:01.437+00:00,21072-30059,dryers,50170057,72000000,2026-09-27 00:13:01,2026-09-26 23:30:30,46,2551.0,209.0,,Available,website maps this code to Available
1,ad98dd52-b557-4d32-9909-7f06d6fd362c,2026-09-27T00:13:01.261+00:00,2026-09-27T00:13:01.437+00:00,21072-30059,dryers,50170062,72000000,2026-09-27 00:13:01,2026-09-26 23:14:55,46,3486.0,-726.0,,Available,website maps this code to Available
1,ad98dd52-b557-4d32-9909-7f06d6fd362c,2026-09-27T00:13:01.261+00:00,2026-09-27T00:13:01.437+00:00,21072-30059,dryers,50170067,72000000,2026-09-27 00:13:01,2026-09-26 23:35:12,46,2269.0,491.0,,Available,website maps this code to Available
1,ad98dd52-b557-4d32-9909-7f06d6fd362c,2026-09-27T00:13:01.261+00:00,2026-09-27T00:13:01.437+00:00,21072-30059,dryers,50170074,72000000,2026-09-27 00:13:01,2026-09-26 23:05:09,46,4072.0,-1312.0,,Available,website maps this code to Available
1,ad98dd52-b557-4d32-9909-7f06d6fd362c,2026-09-27T00:13:01.261+00:00,2026-09-27T00:13:01.437+00:00,21072-30059,dryers,50170071,72000000,2026-09-27 00:13:01,2026-09-26 23:04:10,46,4131.0,-1371.0,,Available,website maps this code to Available
1,ad98dd52-b557-4d32-9909-7f06d6fd362c,2026-09-27T00:13:01.261+00:00,2026-09-27T00:13:01.437+00:00,21072-30059,dryers,50170054,72000000,2026-09-27 00:13:01,2026-09-26 23:01:41,46,4280.0,-1520.0,,Available,website maps this code to Available
1,76c2bc86-2d7c-4293-8c37-e972af419057,2026-09-27T00:14:01.331+00:00,2026-09-27T00:14:01.531+00:00,21072-30059,washers,50170051,72000000,2026-09-27 00:14:01,2026-09-26 22:10:45,29,7396.0,-5656.0,,Available,website maps this code to Available
1,76c2bc86-2d7c-4293-8c37-e972af419057,2026-09-27T00:14:01.331+00:00,2026-09-27T00:14:01.531+00:00,21072-30059,washers,50170080,42000000,2026-09-27 00:14:01,2026-09-27 00:11:30,10,151.0,449.0,8,Running,
1,76c2bc86-2d7c-4293-8c37-e972af419057,2026-09-27T00:14:01.331+00:00,2026-09-27T00:14:01.531+00:00,21072-30059,washers,50170075,42000000,2026-09-27 00:14:01,2026-09-27 00:09:08,10,293.0,307.0,6,Running,
1,76c2bc86-2d7c-4293-8c37-e972af419057,2026-09-27T00:14:01.331+00:00,2026-09-27T00:14:01.531+00:00,21072-30059,washers,50170082,42000000,2026-09-27 00:14:01,2026-09-27 00:11:21,10,160.0,440.0,8,Running,
1,76c2bc86-2d7c-4293-8c37-e972af419057,2026-09-27T00:14:01.331+00:00,2026-09-27T00:14:01.531+00:00,21072-30059,washers,50170050,72000000,2026-09-27 00:14:01,2026-09-26 22:11:54,29,7327.0,-5587.0,,Available,website maps this code to Available
1,76c2bc86-2d7c-4293-8c37-e972af419057,2026-09-27T00:14:01.331+00:00,2026-09-27T00:14:01.531+00:00,21072-30059,washers,50170052,72000000,2026-09-27 00:14:01,2026-09-26 22:13:48,29,7213.0,-5473.0,,Available,website maps this code to Available
1,76c2bc86-2d7c-4293-8c37-e972af419057,2026-09-27T00:14:01.331+00:00,2026-09-27T00:14:01.531+00:00,21072-30059,washers,50170078,72000000,2026-09-27 00:14:01,2026-09-26 21:14:24,29,10777.0,-9037.0,,Available,website maps this code to Available
1,76c2bc86-2d7c-4293-8c37-e972af419057,2026-09-27T00:14:01.331+00:00,2026-09-27T00:14:01.531+00:00,21072-30059,washers,50170084,72000000,2026-09-27 00:14:01,2026-09-26 07:02:48,29,61873.0,-60133.0,,Available,website maps this code to Available
1,76c2bc86-2d7c-4293-8c37-e972af419057,2026-09-27T00:14:01.331+00:00,2026-09-27T00:14:01.531+00:00,21072-30059,washers,50170068,72000000,2026-09-27 00:14:01,2026-09-26 22:56:07,29,4674.0,-2934.0,,Available,website maps this code to Available
1,76c2bc86-2d7c-4293-8c37-e972af419057,2026-09-27T00:14:01.331+00:00,2026-09-27T00:14:01.531+00:00,21072-30059,washers,50170072,72000000,2026-09-27 00:14:01,2026-09-26 22:11:47,29,7334.0,-5594.0,,Available,website maps this code to Available
1,76c2bc86-2d7c-4293-8c37-e972af419057,2026-09-27T00:14:01.331+00:00,2026-09-27T00:14:01.531+00:00,21072-30059,washers,20483408,72000000,2026-09-27 00:14:01,2024-12-20 00:43:32,0,55812629.0,-55812629.0,,Available,website maps this code to Available
1,76c2bc86-2d7c-4293-8c37-e972af419057,2026-09-27T00:14:01.331+00:00,2026-09-27T00:14:01.531+00:00,21072-30059,washers,50170055,72000000,2026-09-27 00:14:01,2026-09-26 22:47:03,29,5218.0,-3478.0,,Available,website maps this code to Available
1,76c2bc86-2d7c-4293-8c37-e972af419057,2026-09-27T00:14:01.331+00:00,2026-09-27T00:14:01.531+00:00,21072-30059,dryers,50170058,D2000000,2026-09-27 00:14:01,2026-09-26 17:53:29,45,22832.0,-20132.0,,Start Mode After PF,
1,76c2bc86-2d7c-4293-8c37-e972af419057,2026-09-27T00:14:01.331+00:00,2026-09-27T00:14:01.531+00:00,21072-30059,dryers,50170061,72000000,2026-09-27 00:14:01,2026-09-26 17:26:29,1,24452.0,-24392.0,,Available,website maps this code to Available
1,76c2bc86-2d7c-4293-8c37-e972af419057,2026-09-27T00:14:01.331+00:00,2026-09-27T00:14:01.531+00:00,21072-30059,dryers,50170081,72000000,2026-09-27 00:14:01,2026-09-26 15:30:05,46,31436.0,-28676.0,,Available,website maps this code to Available
1,76c2bc86-2d7c-4293-8c37-e972af419057,2026-09-27T00:14:01.331+00:00,2026-09-27T00:14:01.531+00:00,21072-30059,dryers,50170060,72000000,2026-09-27 00:14:01,2026-09-26 23:03:30,46,4231.0,-1471.0,,Available,website maps this code to Available
1,76c2bc86-2d7c-4293-8c37-e972af419057,2026-09-27T00:14:01.331+00:00,2026-09-27T00:14:01.531+00:00,21072-30059,dryers,50170087,72000000,2026-09-27 00:14:01,2026-09-26 20:57:29,46,11792.0,-9032.0,,Available,website maps this code to Available
1,76c2bc86-2d7c-4293-8c37-e972af419057,2026-09-27T00:14:01.331+00:00,2026-09-27T00:14:01.531+00:00,21072-30059,dryers,50170064,72000000,2026-09-27 00:14:01,2026-09-26 23:12:17,46,3704.0,-944.0,,Available,website maps this code to Available
1,76c2bc86-2d7c-4293-8c37-e972af419057,2026-09-27T00:14:01.331+00:00,2026-09-27T00:14:01.531+00:00,21072-30059,dryers,50170065,72000000,2026-09-27 00:14:01,2026-09-26 23:13:21,46,3640.0,-880.0,,Available,website maps this code to Available
1,76c2bc86-2d7c-4293-8c37-e972af419057,2026-09-27T00:14:01.331+00:00,2026-09-27T00:14:01.531+00:00,21072-30059,dryers,50170059,52000000,2026-09-27 00:14:01,2026-09-26 23:49:21,23,1480.0,-100.0,,Finished,
1,76c2bc86-2d7c-4293-8c37-e972af419057,2026-09-27T00:14:01.331+00:00,2026-09-27T00:14:01.531+00:00,21072-30059,dryers,50170057,72000000,2026-09-27 00:14:01,2026-09-26 23:30:30,46,2611.0,149.0,,Available,website maps this code to Available
1,76c2bc86-2d7c-4293-8c37-e972af419057,2026-09-27T00:14:01.331+00:00,2026-09-27T00:14:01.531+00:00,21072-30059,dryers,50170062,72000000,2026-09-27 00:14:01,2026-09-26 23:14:55,46,3546.0,-786.0,,Available,website maps this code to Available
1,76c2bc86-2d7c-4293-8c37-e972af419057,2026-09-27T00:14:01.331+00:00,2026-09-27T00:14:01.531+00:00,21072-30059,dryers,50170067,72000000,2026-09-27 00:14:01,2026-09-26 23:35:12,46,2329.0,431.0,,Available,website maps this code to Available
1,76c2bc86-2d7c-4293-8c37-e972af419057,2026-09-27T00:14:01.331+00:00,2026-09-27T00:14:01.531+00:00,21072-30059,dryers,50170074,72000000,2026-09-27 00:14:01,2026-09-26 23:05:09,46,4132.0,-1372.0,,Available,website maps this code to Available
1,76c2bc86-2d7c-4293-8c37-e972af419057,2026-09-27T00:14:01.331+00:00,2026-09-27T00:14:01.531+00:00,21072-30059,dryers,50170071,72000000,2026-09-27 00:14:01,2026-09-26 23:04:10,46,4191.0,-1431.0,,Available,website maps this code to Available
1,76c2bc86-2d7c-4293-8c37-e972af419057,2026-09-27T00:14:01.331+00:00,2026-09-27T00:14:01.531+00:00,21072-30059,dryers,50170054,72000000,2026-09-27 00:14:01,2026-09-26 23:01:41,46,4340.0,-1580.0,,Available,website maps this code to Available
1,7b3b92be-23b7-4129-b3ac-aa9c1f21a80b,2026-09-27T00:15:01.305+00:00,2026-09-27T00:15:01.480+00:00,21072-30059,washers,50170051,72000000,2026-09-27 00:15:01,2026-09-26 22:10:45,29,7456.0,-5716.0,,Available,website maps this code to Available
1,7b3b92be-23b7-4129-b3ac-aa9c1f21a80b,2026-09-27T00:15:01.305+00:00,2026-09-27T00:15:01.480+00:00,21072-30059,washers,50170080,42000000,2026-09-27 00:15:01,2026-09-27 00:11:30,10,211.0,389.0,7,Running,
1,7b3b92be-23b7-4129-b3ac-aa9c1f21a80b,2026-09-27T00:15:01.305+00:00,2026-09-27T00:15:01.480+00:00,21072-30059,washers,50170075,42000000,2026-09-27 00:15:01,2026-09-27 00:09:08,10,353.0,247.0,5,Running,
1,7b3b92be-23b7-4129-b3ac-aa9c1f21a80b,2026-09-27T00:15:01.305+00:00,2026-09-27T00:15:01.480+00:00,21072-30059,washers,50170082,42000000,2026-09-27 00:15:01,2026-09-27 00:11:21,10,220.0,380.0,7,Running,
1,7b3b92be-23b7-4129-b3ac-aa9c1f21a80b,2026-09-27T00:15:01.305+00:00,2026-09-27T00:15:01.480+00:00,21072-30059,washers,50170050,72000000,2026-09-27 00:15:01,2026-09-26 22:11:54,29,7387.0,-5647.0,,Available,website maps this code to Available
1,7b3b92be-23b7-4129-b3ac-aa9c1f21a80b,2026-09-27T00:15:01.305+00:00,2026-09-27T00:15:01.480+00:00,21072-30059,washers,50170052,72000000,2026-09-27 00:15:01,2026-09-26 22:13:48,29,7273.0,-5533.0,,Available,website maps this code to Available
1,7b3b92be-23b7-4129-b3ac-aa9c1f21a80b,2026-09-27T00:15:01.305+00:00,2026-09-27T00:15:01.480+00:00,21072-30059,washers,50170078,72000000,2026-09-27 00:15:01,2026-09-26 21:14:24,29,10837.0,-9097.0,,Available,website maps this code to Available
1,7b3b92be-23b7-4129-b3ac-aa9c1f21a80b,2026-09-27T00:15:01.305+00:00,2026-09-27T00:15:01.480+00:00,21072-30059,washers,50170084,72000000,2026-09-27 00:15:01,2026-09-26 07:02:48,29,61933.0,-60193.0,,Available,website maps this code to Available
1,7b3b92be-23b7-4129-b3ac-aa9c1f21a80b,2026-09-27T00:15:01.305+00:00,2026-09-27T00:15:01.480+00:00,21072-30059,washers,50170068,72000000,2026-09-27 00:15:01,2026-09-26 22:56:07,29,4734.0,-2994.0,,Available,website maps this code to Available
1,7b3b92be-23b7-4129-b3ac-aa9c1f21a80b,2026-09-27T00:15:01.305+00:00,2026-09-27T00:15:01.480+00:00,21072-30059,washers,50170072,72000000,2026-09-27 00:15:01,2026-09-26 22:11:47,29,7394.0,-5654.0,,Available,website maps this code to Available
1,7b3b92be-23b7-4129-b3ac-aa9c1f21a80b,2026-09-27T00:15:01.305+00:00,2026-09-27T00:15:01.480+00:00,21072-30059,washers,20483408,72000000,2026-09-27 00:15:01,2024-12-20 00:43:32,0,55812689.0,-55812689.0,,Available,website maps this code to Available
1,7b3b92be-23b7-4129-b3ac-aa9c1f21a80b,2026-09-27T00:15:01.305+00:00,2026-09-27T00:15:01.480+00:00,21072-30059,washers,50170055,72000000,2026-09-27 00:15:01,2026-09-26 22:47:03,29,5278.0,-3538.0,,Available,website maps this code to Available
1,7b3b92be-23b7-4129-b3ac-aa9c1f21a80b,2026-09-27T00:15:01.305+00:00,2026-09-27T00:15:01.480+00:00,21072-30059,dryers,50170058,D2000000,2026-09-27 00:15:01,2026-09-26 17:53:29,45,22892.0,-20192.0,,Start Mode After PF,
1,7b3b92be-23b7-4129-b3ac-aa9c1f21a80b,2026-09-27T00:15:01.305+00:00,2026-09-27T00:15:01.480+00:00,21072-30059,dryers,50170061,72000000,2026-09-27 00:15:01,2026-09-26 17:26:29,1,24512.0,-24452.0,,Available,website maps this code to Available
1,7b3b92be-23b7-4129-b3ac-aa9c1f21a80b,2026-09-27T00:15:01.305+00:00,2026-09-27T00:15:01.480+00:00,21072-30059,dryers,50170081,72000000,2026-09-27 00:15:01,2026-09-26 15:30:05,46,31496.0,-28736.0,,Available,website maps this code to Available
1,7b3b92be-23b7-4129-b3ac-aa9c1f21a80b,2026-09-27T00:15:01.305+00:00,2026-09-27T00:15:01.480+00:00,21072-30059,dryers,50170060,72000000,2026-09-27 00:15:01,2026-09-26 23:03:30,46,4291.0,-1531.0,,Available,website maps this code to Available
1,7b3b92be-23b7-4129-b3ac-aa9c1f21a80b,2026-09-27T00:15:01.305+00:00,2026-09-27T00:15:01.480+00:00,21072-30059,dryers,50170087,72000000,2026-09-27 00:15:01,2026-09-26 20:57:29,46,11852.0,-9092.0,,Available,website maps this code to Available
1,7b3b92be-23b7-4129-b3ac-aa9c1f21a80b,2026-09-27T00:15:01.305+00:00,2026-09-27T00:15:01.480+00:00,21072-30059,dryers,50170064,72000000,2026-09-27 00:15:01,2026-09-26 23:12:17,46,3764.0,-1004.0,,Available,website maps this code to Available
1,7b3b92be-23b7-4129-b3ac-aa9c1f21a80b,2026-09-27T00:15:01.305+00:00,2026-09-27T00:15:01.480+00:00,21072-30059,dryers,50170065,72000000,2026-09-27 00:15:01,2026-09-26 23:13:21,46,3700.0,-940.0,,Available,website maps this code to Available
1,7b3b92be-23b7-4129-b3ac-aa9c1f21a80b,2026-09-27T00:15:01.305+00:00,2026-09-27T00:15:01.480+00:00,21072-30059,dryers,50170059,72000000,2026-09-27 00:15:01,2026-09-27 00:14:41,46,20.0,2740.0,,Available,website maps this code to Available
1,7b3b92be-23b7-4129-b3ac-aa9c1f21a80b,2026-09-27T00:15:01.305+00:00,2026-09-27T00:15:01.480+00:00,21072-30059,dryers,50170057,72000000,2026-09-27 00:15:01,2026-09-26 23:30:30,46,2671.0,89.0,,Available,website maps this code to Available
1,7b3b92be-23b7-4129-b3ac-aa9c1f21a80b,2026-09-27T00:15:01.305+00:00,2026-09-27T00:15:01.480+00:00,21072-30059,dryers,50170062,72000000,2026-09-27 00:15:01,2026-09-26 23:14:55,46,3606.0,-846.0,,Available,website maps this code to Available
1,7b3b92be-23b7-4129-b3ac-aa9c1f21a80b,2026-09-27T00:15:01.305+00:00,2026-09-27T00:15:01.480+00:00,21072-30059,dryers,50170067,72000000,2026-09-27 00:15:01,2026-09-26 23:35:12,46,2389.0,371.0,,Available,website maps this code to Available
1,7b3b92be-23b7-4129-b3ac-aa9c1f21a80b,2026-09-27T00:15:01.305+00:00,2026-09-27T00:15:01.480+00:00,21072-30059,dryers,50170074,72000000,2026-09-27 00:15:01,2026-09-26 23:05:09,46,4192.0,-1432.0,,Available,website maps this code to Available
1,7b3b92be-23b7-4129-b3ac-aa9c1f21a80b,2026-09-27T00:15:01.305+00:00,2026-09-27T00:15:01.480+00:00,21072-30059,dryers,50170071,72000000,2026-09-27 00:15:01,2026-09-26 23:04:10,46,4251.0,-1491.0,,Available,website maps this code to Available
1,7b3b92be-23b7-4129-b3ac-aa9c1f21a80b,2026-09-27T00:15:01.305+00:00,2026-09-27T00:15:01.480+00:00,21072-30059,dryers,50170054,72000000,2026-09-27 00:15:01,2026-09-26 23:01:41,46,4400.0,-1640.0,,Available,website maps this code to Available
1,4215385c-51fa-4e3a-a034-b0ffa78fd09f,2026-09-27T00:16:01.314+00:00,2026-09-27T00:16:01.502+00:00,21072-30059,washers,50170051,72000000,2026-09-27 00:16:01,2026-09-26 22:10:45,29,7516.0,-5776.0,,Available,website maps this code to Available
1,4215385c-51fa-4e3a-a034-b0ffa78fd09f,2026-09-27T00:16:01.314+00:00,2026-09-27T00:16:01.502+00:00,21072-30059,washers,50170080,42000000,2026-09-27 00:16:01,2026-09-27 00:11:30,10,271.0,329.0,6,Running,
1,4215385c-51fa-4e3a-a034-b0ffa78fd09f,2026-09-27T00:16:01.314+00:00,2026-09-27T00:16:01.502+00:00,21072-30059,washers,50170075,42000000,2026-09-27 00:16:01,2026-09-27 00:09:08,10,413.0,187.0,4,Running,
1,4215385c-51fa-4e3a-a034-b0ffa78fd09f,2026-09-27T00:16:01.314+00:00,2026-09-27T00:16:01.502+00:00,21072-30059,washers,50170082,42000000,2026-09-27 00:16:01,2026-09-27 00:11:21,10,280.0,320.0,6,Running,
1,4215385c-51fa-4e3a-a034-b0ffa78fd09f,2026-09-27T00:16:01.314+00:00,2026-09-27T00:16:01.502+00:00,21072-30059,washers,50170050,72000000,2026-09-27 00:16:01,2026-09-26 22:11:54,29,7447.0,-5707.0,,Available,website maps this code to Available
1,4215385c-51fa-4e3a-a034-b0ffa78fd09f,2026-09-27T00:16:01.314+00:00,2026-09-27T00:16:01.502+00:00,21072-30059,washers,50170052,72000000,2026-09-27 00:16:01,2026-09-26 22:13:48,29,7333.0,-5593.0,,Available,website maps this code to Available
1,4215385c-51fa-4e3a-a034-b0ffa78fd09f,2026-09-27T00:16:01.314+00:00,2026-09-27T00:16:01.502+00:00,21072-30059,washers,50170078,72000000,2026-09-27 00:16:01,2026-09-26 21:14:24,29,10897.0,-9157.0,,Available,website maps this code to Available
1,4215385c-51fa-4e3a-a034-b0ffa78fd09f,2026-09-27T00:16:01.314+00:00,2026-09-27T00:16:01.502+00:00,21072-30059,washers,50170084,72000000,2026-09-27 00:16:01,2026-09-26 07:02:48,29,61993.0,-60253.0,,Available,website maps this code to Available
1,4215385c-51fa-4e3a-a034-b0ffa78fd09f,2026-09-27T00:16:01.314+00:00,2026-09-27T00:16:01.502+00:00,21072-30059,washers,50170068,72000000,2026-09-27 00:16:01,2026-09-26 22:56:07,29,4794.0,-3054.0,,Available,website maps this code to Available
1,4215385c-51fa-4e3a-a034-b0ffa78fd09f,2026-09-27T00:16:01.314+00:00,2026-09-27T00:16:01.502+00:00,21072-30059,washers,50170072,72000000,2026-09-27 00:16:01,2026-09-26 22:11:47,29,7454.0,-5714.0,,Available,website maps this code to Available
1,4215385c-51fa-4e3a-a034-b0ffa78fd09f,2026-09-27T00:16:01.314+00:00,2026-09-27T00:16:01.502+00:00,21072-30059,washers,20483408,72000000,2026-09-27 00:16:01,2024-12-20 00:43:32,0,55812749.0,-55812749.0,,Available,website maps this code to Available
1,4215385c-51fa-4e3a-a034-b0ffa78fd09f,2026-09-27T00:16:01.314+00:00,2026-09-27T00:16:01.502+00:00,21072-30059,washers,50170055,72000000,2026-09-27 00:16:01,2026-09-26 22:47:03,29,5338.0,-3598.0,,Available,website maps this code to Available
1,4215385c-51fa-4e3a-a034-b0ffa78fd09f,2026-09-27T00:16:01.314+00:00,2026-09-27T00:16:01.502+00:00,21072-30059,dryers,50170058,D2000000,2026-09-27 00:16:01,2026-09-26 17:53:29,45,22952.0,-20252.0,,Start Mode After PF,
1,4215385c-51fa-4e3a-a034-b0ffa78fd09f,2026-09-27T00:16:01.314+00:00,2026-09-27T00:16:01.502+00:00,21072-30059,dryers,50170061,72000000,2026-09-27 00:16:01,2026-09-26 17:26:29,1,24572.0,-24512.0,,Available,website maps this code to Available
1,4215385c-51fa-4e3a-a034-b0ffa78fd09f,2026-09-27T00:16:01.314+00:00,2026-09-27T00:16:01.502+00:00,21072-30059,dryers,50170081,72000000,2026-09-27 00:16:01,2026-09-26 15:30:05,46,31556.0,-28796.0,,Available,website maps this code to Available
1,4215385c-51fa-4e3a-a034-b0ffa78fd09f,2026-09-27T00:16:01.314+00:00,2026-09-27T00:16:01.502+00:00,21072-30059,dryers,50170060,72000000,2026-09-27 00:16:01,2026-09-26 23:03:30,46,4351.0,-1591.0,,Available,website maps this code to Available
1,4215385c-51fa-4e3a-a034-b0ffa78fd09f,2026-09-27T00:16:01.314+00:00,2026-09-27T00:16:01.502+00:00,21072-30059,dryers,50170087,72000000,2026-09-27 00:16:01,2026-09-26 20:57:29,46,11912.0,-9152.0,,Available,website maps this code to Available
1,4215385c-51fa-4e3a-a034-b0ffa78fd09f,2026-09-27T00:16:01.314+00:00,2026-09-27T00:16:01.502+00:00,21072-30059,dryers,50170064,72000000,2026-09-27 00:16:01,2026-09-26 23:12:17,46,3824.0,-1064.0,,Available,website maps this code to Available
1,4215385c-51fa-4e3a-a034-b0ffa78fd09f,2026-09-27T00:16:01.314+00:00,2026-09-27T00:16:01.502+00:00,21072-30059,dryers,50170065,72000000,2026-09-27 00:16:01,2026-09-26 23:13:21,46,3760.0,-1000.0,,Available,website maps this code to Available
1,4215385c-51fa-4e3a-a034-b0ffa78fd09f,2026-09-27T00:16:01.314+00:00,2026-09-27T00:16:01.502+00:00,21072-30059,dryers,50170059,72000000,2026-09-27 00:16:01,2026-09-27 00:14:41,46,80.0,2680.0,,Available,website maps this code to Available
1,4215385c-51fa-4e3a-a034-b0ffa78fd09f,2026-09-27T00:16:01.314+00:00,2026-09-27T00:16:01.502+00:00,21072-30059,dryers,50170057,72000000,2026-09-27 00:16:01,2026-09-26 23:30:30,46,2731.0,29.0,,Available,website maps this code to Available
1,4215385c-51fa-4e3a-a034-b0ffa78fd09f,2026-09-27T00:16:01.314+00:00,2026-09-27T00:16:01.502+00:00,21072-30059,dryers,50170062,72000000,2026-09-27 00:16:01,2026-09-26 23:14:55,46,3666.0,-906.0,,Available,website maps this code to Available
1,4215385c-51fa-4e3a-a034-b0ffa78fd09f,2026-09-27T00:16:01.314+00:00,2026-09-27T00:16:01.502+00:00,21072-30059,dryers,50170067,72000000,2026-09-27 00:16:01,2026-09-26 23:35:12,46,2449.0,311.0,,Available,website maps this code to Available
1,4215385c-51fa-4e3a-a034-b0ffa78fd09f,2026-09-27T00:16:01.314+00:00,2026-09-27T00:16:01.502+00:00,21072-30059,dryers,50170074,72000000,2026-09-27 00:16:01,2026-09-26 23:05:09,46,4252.0,-1492.0,,Available,website maps this code to Available
1,4215385c-51fa-4e3a-a034-b0ffa78fd09f,2026-09-27T00:16:01.314+00:00,2026-09-27T00:16:01.502+00:00,21072-30059,dryers,50170071,72000000,2026-09-27 00:16:01,2026-09-26 23:04:10,46,4311.0,-1551.0,,Available,website maps this code to Available
1,4215385c-51fa-4e3a-a034-b0ffa78fd09f,2026-09-27T00:16:01.314+00:00,2026-09-27T00:16:01.502+00:00,21072-30059,dryers,50170054,72000000,2026-09-27 00:16:01,2026-09-26 23:01:41,46,4460.0,-1700.0,,Available,website maps this code to Available
1,185a4430-5a8e-41ee-bf1a-2e91b2861679,2026-09-27T00:17:01.278+00:00,2026-09-27T00:17:01.470+00:00,21072-30059,washers,50170051,72000000,2026-09-27 00:17:01,2026-09-26 22:10:45,29,7576.0,-5836.0,,Available,website maps this code to Available
1,185a4430-5a8e-41ee-bf1a-2e91b2861679,2026-09-27T00:17:01.278+00:00,2026-09-27T00:17:01.470+00:00,21072-30059,washers,50170080,42000000,2026-09-27 00:17:01,2026-09-27 00:11:30,10,331.0,269.0,5,Running,
1,185a4430-5a8e-41ee-bf1a-2e91b2861679,2026-09-27T00:17:01.278+00:00,2026-09-27T00:17:01.470+00:00,21072-30059,washers,50170075,42000000,2026-09-27 00:17:01,2026-09-27 00:09:08,10,473.0,127.0,3,Running,
1,185a4430-5a8e-41ee-bf1a-2e91b2861679,2026-09-27T00:17:01.278+00:00,2026-09-27T00:17:01.470+00:00,21072-30059,washers,50170082,42000000,2026-09-27 00:17:01,2026-09-27 00:11:21,10,340.0,260.0,5,Running,
1,185a4430-5a8e-41ee-bf1a-2e91b2861679,2026-09-27T00:17:01.278+00:00,2026-09-27T00:17:01.470+00:00,21072-30059,washers,50170050,72000000,2026-09-27 00:17:01,2026-09-26 22:11:54,29,7507.0,-5767.0,,Available,website maps this code to Available
1,185a4430-5a8e-41ee-bf1a-2e91b2861679,2026-09-27T00:17:01.278+00:00,2026-09-27T00:17:01.470+00:00,21072-30059,washers,50170052,72000000,2026-09-27 00:17:01,2026-09-26 22:13:48,29,7393.0,-5653.0,,Available,website maps this code to Available
1,185a4430-5a8e-41ee-bf1a-2e91b2861679,2026-09-27T00:17:01.278+00:00,2026-09-27T00:17:01.470+00:00,21072-30059,washers,50170078,72000000,2026-09-27 00:17:01,2026-09-26 21:14:24,29,10957.0,-9217.0,,Available,website maps this code to Available
1,185a4430-5a8e-41ee-bf1a-2e91b2861679,2026-09-27T00:17:01.278+00:00,2026-09-27T00:17:01.470+00:00,21072-30059,washers,50170084,72000000,2026-09-27 00:17:01,2026-09-26 07:02:48,29,62053.0,-60313.0,,Available,website maps this code to Available
1,185a4430-5a8e-41ee-bf1a-2e91b2861679,2026-09-27T00:17:01.278+00:00,2026-09-27T00:17:01.470+00:00,21072-30059,washers,50170068,72000000,2026-09-27 00:17:01,2026-09-26 22:56:07,29,4854.0,-3114.0,,Available,website maps this code to Available
1,185a4430-5a8e-41ee-bf1a-2e91b2861679,2026-09-27T00:17:01.278+00:00,2026-09-27T00:17:01.470+00:00,21072-30059,washers,50170072,72000000,2026-09-27 00:17:01,2026-09-26 22:11:47,29,7514.0,-5774.0,,Available,website maps this code to Available
1,185a4430-5a8e-41ee-bf1a-2e91b2861679,2026-09-27T00:17:01.278+00:00,2026-09-27T00:17:01.470+00:00,21072-30059,washers,20483408,72000000,2026-09-27 00:17:01,2024-12-20 00:43:32,0,55812809.0,-55812809.0,,Available,website maps this code to Available
1,185a4430-5a8e-41ee-bf1a-2e91b2861679,2026-09-27T00:17:01.278+00:00,2026-09-27T00:17:01.470+00:00,21072-30059,washers,50170055,72000000,2026-09-27 00:17:01,2026-09-26 22:47:03,29,5398.0,-3658.0,,Available,website maps this code to Available
1,185a4430-5a8e-41ee-bf1a-2e91b2861679,2026-09-27T00:17:01.278+00:00,2026-09-27T00:17:01.470+00:00,21072-30059,dryers,50170058,D2000000,2026-09-27 00:17:01,2026-09-26 17:53:29,45,23012.0,-20312.0,,Start Mode After PF,
1,185a4430-5a8e-41ee-bf1a-2e91b2861679,2026-09-27T00:17:01.278+00:00,2026-09-27T00:17:01.470+00:00,21072-30059,dryers,50170061,72000000,2026-09-27 00:17:01,2026-09-26 17:26:29,1,24632.0,-24572.0,,Available,website maps this code to Available
1,185a4430-5a8e-41ee-bf1a-2e91b2861679,2026-09-27T00:17:01.278+00:00,2026-09-27T00:17:01.470+00:00,21072-30059,dryers,50170081,72000000,2026-09-27 00:17:01,2026-09-26 15:30:05,46,31616.0,-28856.0,,Available,website maps this code to Available
1,185a4430-5a8e-41ee-bf1a-2e91b2861679,2026-09-27T00:17:01.278+00:00,2026-09-27T00:17:01.470+00:00,21072-30059,dryers,50170060,72000000,2026-09-27 00:17:01,2026-09-26 23:03:30,46,4411.0,-1651.0,,Available,website maps this code to Available
1,185a4430-5a8e-41ee-bf1a-2e91b2861679,2026-09-27T00:17:01.278+00:00,2026-09-27T00:17:01.470+00:00,21072-30059,dryers,50170087,72000000,2026-09-27 00:17:01,2026-09-26 20:57:29,46,11972.0,-9212.0,,Available,website maps this code to Available
1,185a4430-5a8e-41ee-bf1a-2e91b2861679,2026-09-27T00:17:01.278+00:00,2026-09-27T00:17:01.470+00:00,21072-30059,dryers,50170064,72000000,2026-09-27 00:17:01,2026-09-26 23:12:17,46,3884.0,-1124.0,,Available,website maps this code to Available
1,185a4430-5a8e-41ee-bf1a-2e91b2861679,2026-09-27T00:17:01.278+00:00,2026-09-27T00:17:01.470+00:00,21072-30059,dryers,50170065,72000000,2026-09-27 00:17:01,2026-09-26 23:13:21,46,3820.0,-1060.0,,Available,website maps this code to Available
1,185a4430-5a8e-41ee-bf1a-2e91b2861679,2026-09-27T00:17:01.278+00:00,2026-09-27T00:17:01.470+00:00,21072-30059,dryers,50170059,72000000,2026-09-27 00:17:01,2026-09-27 00:14:41,46,140.0,2620.0,,Available,website maps this code to Available
1,185a4430-5a8e-41ee-bf1a-2e91b2861679,2026-09-27T00:17:01.278+00:00,2026-09-27T00:17:01.470+00:00,21072-30059,dryers,50170057,72000000,2026-09-27 00:17:01,2026-09-26 23:30:30,46,2791.0,-31.0,,Available,website maps this code to Available
1,185a4430-5a8e-41ee-bf1a-2e91b2861679,2026-09-27T00:17:01.278+00:00,2026-09-27T00:17:01.470+00:00,21072-30059,dryers,50170062,72000000,2026-09-27 00:17:01,2026-09-26 23:14:55,46,3726.0,-966.0,,Available,website maps this code to Available
1,185a4430-5a8e-41ee-bf1a-2e91b2861679,2026-09-27T00:17:01.278+00:00,2026-09-27T00:17:01.470+00:00,21072-30059,dryers,50170067,72000000,2026-09-27 00:17:01,2026-09-26 23:35:12,46,2509.0,251.0,,Available,website maps this code to Available
1,185a4430-5a8e-41ee-bf1a-2e91b2861679,2026-09-27T00:17:01.278+00:00,2026-09-27T00:17:01.470+00:00,21072-30059,dryers,50170074,72000000,2026-09-27 00:17:01,2026-09-26 23:05:09,46,4312.0,-1552.0,,Available,website maps this code to Available
1,185a4430-5a8e-41ee-bf1a-2e91b2861679,2026-09-27T00:17:01.278+00:00,2026-09-27T00:17:01.470+00:00,21072-30059,dryers,50170071,72000000,2026-09-27 00:17:01,2026-09-26 23:04:10,46,4371.0,-1611.0,,Available,website maps this code to Available
1,185a4430-5a8e-41ee-bf1a-2e91b2861679,2026-09-27T00:17:01.278+00:00,2026-09-27T00:17:01.470+00:00,21072-30059,dryers,50170054,72000000,2026-09-27 00:17:01,2026-09-26 23:01:41,46,4520.0,-1760.0,,Available,website maps this code to Available
1,5bdc891b-1896-429b-b932-faa4adfea51b,2026-09-27T00:18:00.850+00:00,2026-09-27T00:18:01.022+00:00,21072-30059,washers,50170051,72000000,2026-09-27 00:18:01,2026-09-26 22:10:45,29,7636.0,-5896.0,,Available,website maps this code to Available
1,5bdc891b-1896-429b-b932-faa4adfea51b,2026-09-27T00:18:00.850+00:00,2026-09-27T00:18:01.022+00:00,21072-30059,washers,50170080,42000000,2026-09-27 00:18:01,2026-09-27 00:11:30,10,391.0,209.0,4,Running,
1,5bdc891b-1896-429b-b932-faa4adfea51b,2026-09-27T00:18:00.850+00:00,2026-09-27T00:18:01.022+00:00,21072-30059,washers,50170075,42000000,2026-09-27 00:18:01,2026-09-27 00:09:08,10,533.0,67.0,2,Running,
1,5bdc891b-1896-429b-b932-faa4adfea51b,2026-09-27T00:18:00.850+00:00,2026-09-27T00:18:01.022+00:00,21072-30059,washers,50170082,42000000,2026-09-27 00:18:01,2026-09-27 00:11:21,10,400.0,200.0,4,Running,
1,5bdc891b-1896-429b-b932-faa4adfea51b,2026-09-27T00:18:00.850+00:00,2026-09-27T00:18:01.022+00:00,21072-30059,washers,50170050,72000000,2026-09-27 00:18:01,2026-09-26 22:11:54,29,7567.0,-5827.0,,Available,website maps this code to Available
1,5bdc891b-1896-429b-b932-faa4adfea51b,2026-09-27T00:18:00.850+00:00,2026-09-27T00:18:01.022+00:00,21072-30059,washers,50170052,72000000,2026-09-27 00:18:01,2026-09-26 22:13:48,29,7453.0,-5713.0,,Available,website maps this code to Available
1,5bdc891b-1896-429b-b932-faa4adfea51b,2026-09-27T00:18:00.850+00:00,2026-09-27T00:18:01.022+00:00,21072-30059,washers,50170078,72000000,2026-09-27 00:18:01,2026-09-26 21:14:24,29,11017.0,-9277.0,,Available,website maps this code to Available
1,5bdc891b-1896-429b-b932-faa4adfea51b,2026-09-27T00:18:00.850+00:00,2026-09-27T00:18:01.022+00:00,21072-30059,washers,50170084,72000000,2026-09-27 00:18:01,2026-09-26 07:02:48,29,62113.0,-60373.0,,Available,website maps this code to Available
1,5bdc891b-1896-429b-b932-faa4adfea51b,2026-09-27T00:18:00.850+00:00,2026-09-27T00:18:01.022+00:00,21072-30059,washers,50170068,72000000,2026-09-27 00:18:01,2026-09-26 22:56:07,29,4914.0,-3174.0,,Available,website maps this code to Available
1,5bdc891b-1896-429b-b932-faa4adfea51b,2026-09-27T00:18:00.850+00:00,2026-09-27T00:18:01.022+00:00,21072-30059,washers,50170072,72000000,2026-09-27 00:18:01,2026-09-26 22:11:47,29,7574.0,-5834.0,,Available,website maps this code to Available
1,5bdc891b-1896-429b-b932-faa4adfea51b,2026-09-27T00:18:00.850+00:00,2026-09-27T00:18:01.022+00:00,21072-30059,washers,20483408,72000000,2026-09-27 00:18:01,2024-12-20 00:43:32,0,55812869.0,-55812869.0,,Available,website maps this code to Available
1,5bdc891b-1896-429b-b932-faa4adfea51b,2026-09-27T00:18:00.850+00:00,2026-09-27T00:18:01.022+00:00,21072-30059,washers,50170055,72000000,2026-09-27 00:18:01,2026-09-26 22:47:03,29,5458.0,-3718.0,,Available,website maps this code to Available
1,5bdc891b-1896-429b-b932-faa4adfea51b,2026-09-27T00:18:00.850+00:00,2026-09-27T00:18:01.022+00:00,21072-30059,dryers,50170058,D2000000,2026-09-27 00:18:01,2026-09-26 17:53:29,45,23072.0,-20372.0,,Start Mode After PF,
1,5bdc891b-1896-429b-b932-faa4adfea51b,2026-09-27T00:18:00.850+00:00,2026-09-27T00:18:01.022+00:00,21072-30059,dryers,50170061,72000000,2026-09-27 00:18:01,2026-09-26 17:26:29,1,24692.0,-24632.0,,Available,website maps this code to Available
1,5bdc891b-1896-429b-b932-faa4adfea51b,2026-09-27T00:18:00.850+00:00,2026-09-27T00:18:01.022+00:00,21072-30059,dryers,50170081,72000000,2026-09-27 00:18:01,2026-09-26 15:30:05,46,31676.0,-28916.0,,Available,website maps this code to Available
1,5bdc891b-1896-429b-b932-faa4adfea51b,2026-09-27T00:18:00.850+00:00,2026-09-27T00:18:01.022+00:00,21072-30059,dryers,50170060,72000000,2026-09-27 00:18:01,2026-09-26 23:03:30,46,4471.0,-1711.0,,Available,website maps this code to Available
1,5bdc891b-1896-429b-b932-faa4adfea51b,2026-09-27T00:18:00.850+00:00,2026-09-27T00:18:01.022+00:00,21072-30059,dryers,50170087,72000000,2026-09-27 00:18:01,2026-09-26 20:57:29,46,12032.0,-9272.0,,Available,website maps this code to Available
1,5bdc891b-1896-429b-b932-faa4adfea51b,2026-09-27T00:18:00.850+00:00,2026-09-27T00:18:01.022+00:00,21072-30059,dryers,50170064,72000000,2026-09-27 00:18:01,2026-09-26 23:12:17,46,3944.0,-1184.0,,Available,website maps this code to Available
1,5bdc891b-1896-429b-b932-faa4adfea51b,2026-09-27T00:18:00.850+00:00,2026-09-27T00:18:01.022+00:00,21072-30059,dryers,50170065,72000000,2026-09-27 00:18:01,2026-09-26 23:13:21,46,3880.0,-1120.0,,Available,website maps this code to Available
1,5bdc891b-1896-429b-b932-faa4adfea51b,2026-09-27T00:18:00.850+00:00,2026-09-27T00:18:01.022+00:00,21072-30059,dryers,50170059,72000000,2026-09-27 00:18:01,2026-09-27 00:14:41,46,200.0,2560.0,,Available,website maps this code to Available
1,5bdc891b-1896-429b-b932-faa4adfea51b,2026-09-27T00:18:00.850+00:00,2026-09-27T00:18:01.022+00:00,21072-30059,dryers,50170057,72000000,2026-09-27 00:18:01,2026-09-26 23:30:30,46,2851.0,-91.0,,Available,website maps this code to Available
1,5bdc891b-1896-429b-b932-faa4adfea51b,2026-09-27T00:18:00.850+00:00,2026-09-27T00:18:01.022+00:00,21072-30059,dryers,50170062,72000000,2026-09-27 00:18:01,2026-09-26 23:14:55,46,3786.0,-1026.0,,Available,website maps this code to Available
1,5bdc891b-1896-429b-b932-faa4adfea51b,2026-09-27T00:18:00.850+00:00,2026-09-27T00:18:01.022+00:00,21072-30059,dryers,50170067,72000000,2026-09-27 00:18:01,2026-09-26 23:35:12,46,2569.0,191.0,,Available,website maps this code to Available
1,5bdc891b-1896-429b-b932-faa4adfea51b,2026-09-27T00:18:00.850+00:00,2026-09-27T00:18:01.022+00:00,21072-30059,dryers,50170074,72000000,2026-09-27 00:18:01,2026-09-26 23:05:09,46,4372.0,-1612.0,,Available,website maps this code to Available
1,5bdc891b-1896-429b-b932-faa4adfea51b,2026-09-27T00:18:00.850+00:00,2026-09-27T00:18:01.022+00:00,21072-30059,dryers,50170071,72000000,2026-09-27 00:18:01,2026-09-26 23:04:10,46,4431.0,-1671.0,,Available,website maps this code to Available
1,5bdc891b-1896-429b-b932-faa4adfea51b,2026-09-27T00:18:00.850+00:00,2026-09-27T00:18:01.022+00:00,21072-30059,dryers,50170054,72000000,2026-09-27 00:18:01,2026-09-26 23:01:41,46,4580.0,-1820.0,,Available,website maps this code to Available
1,20ee1ed8-7ddf-4490-9279-cd6f9322fa34,2026-09-27T00:19:01.299+00:00,2026-09-27T00:19:01.476+00:00,21072-30059,washers,50170051,72000000,2026-09-27 00:19:01,2026-09-26 22:10:45,29,7696.0,-5956.0,,Available,website maps this code to Available
1,20ee1ed8-7ddf-4490-9279-cd6f9322fa34,2026-09-27T00:19:01.299+00:00,2026-09-27T00:19:01.476+00:00,21072-30059,washers,50170080,42000000,2026-09-27 00:19:01,2026-09-27 00:11:30,10,451.0,149.0,3,Running,
1,20ee1ed8-7ddf-4490-9279-cd6f9322fa34,2026-09-27T00:19:01.299+00:00,2026-09-27T00:19:01.476+00:00,21072-30059,washers,50170075,42000000,2026-09-27 00:19:01,2026-09-27 00:09:08,10,593.0,7.0,1,Running,
1,20ee1ed8-7ddf-4490-9279-cd6f9322fa34,2026-09-27T00:19:01.299+00:00,2026-09-27T00:19:01.476+00:00,21072-30059,washers,50170082,42000000,2026-09-27 00:19:01,2026-09-27 00:11:21,10,460.0,140.0,3,Running,
1,20ee1ed8-7ddf-4490-9279-cd6f9322fa34,2026-09-27T00:19:01.299+00:00,2026-09-27T00:19:01.476+00:00,21072-30059,washers,50170050,72000000,2026-09-27 00:19:01,2026-09-26 22:11:54,29,7627.0,-5887.0,,Available,website maps this code to Available
1,20ee1ed8-7ddf-4490-9279-cd6f9322fa34,2026-09-27T00:19:01.299+00:00,2026-09-27T00:19:01.476+00:00,21072-30059,washers,50170052,72000000,2026-09-27 00:19:01,2026-09-26 22:13:48,29,7513.0,-5773.0,,Available,website maps this code to Available
1,20ee1ed8-7ddf-4490-9279-cd6f9322fa34,2026-09-27T00:19:01.299+00:00,2026-09-27T00:19:01.476+00:00,21072-30059,washers,50170078,72000000,2026-09-27 00:19:01,2026-09-26 21:14:24,29,11077.0,-9337.0,,Available,website maps this code to Available
1,20ee1ed8-7ddf-4490-9279-cd6f9322fa34,2026-09-27T00:19:01.299+00:00,2026-09-27T00:19:01.476+00:00,21072-30059,washers,50170084,72000000,2026-09-27 00:19:01,2026-09-26 07:02:48,29,62173.0,-60433.0,,Available,website maps this code to Available
1,20ee1ed8-7ddf-4490-9279-cd6f9322fa34,2026-09-27T00:19:01.299+00:00,2026-09-27T00:19:01.476+00:00,21072-30059,washers,50170068,72000000,2026-09-27 00:19:01,2026-09-26 22:56:07,29,4974.0,-3234.0,,Available,website maps this code to Available
1,20ee1ed8-7ddf-4490-9279-cd6f9322fa34,2026-09-27T00:19:01.299+00:00,2026-09-27T00:19:01.476+00:00,21072-30059,washers,50170072,72000000,2026-09-27 00:19:01,2026-09-26 22:11:47,29,7634.0,-5894.0,,Available,website maps this code to Available
1,20ee1ed8-7ddf-4490-9279-cd6f9322fa34,2026-09-27T00:19:01.299+00:00,2026-09-27T00:19:01.476+00:00,21072-30059,washers,20483408,72000000,2026-09-27 00:19:01,2024-12-20 00:43:32,0,55812929.0,-55812929.0,,Available,website maps this code to Available
1,20ee1ed8-7ddf-4490-9279-cd6f9322fa34,2026-09-27T00:19:01.299+00:00,2026-09-27T00:19:01.476+00:00,21072-30059,washers,50170055,72000000,2026-09-27 00:19:01,2026-09-26 22:47:03,29,5518.0,-3778.0,,Available,website maps this code to Available
1,20ee1ed8-7ddf-4490-9279-cd6f9322fa34,2026-09-27T00:19:01.299+00:00,2026-09-27T00:19:01.476+00:00,21072-30059,dryers,50170058,D2000000,2026-09-27 00:19:01,2026-09-26 17:53:29,45,23132.0,-20432.0,,Start Mode After PF,
1,20ee1ed8-7ddf-4490-9279-cd6f9322fa34,2026-09-27T00:19:01.299+00:00,2026-09-27T00:19:01.476+00:00,21072-30059,dryers,50170061,72000000,2026-09-27 00:19:01,2026-09-26 17:26:29,1,24752.0,-24692.0,,Available,website maps this code to Available
1,20ee1ed8-7ddf-4490-9279-cd6f9322fa34,2026-09-27T00:19:01.299+00:00,2026-09-27T00:19:01.476+00:00,21072-30059,dryers,50170081,72000000,2026-09-27 00:19:01,2026-09-26 15:30:05,46,31736.0,-28976.0,,Available,website maps this code to Available
1,20ee1ed8-7ddf-4490-9279-cd6f9322fa34,2026-09-27T00:19:01.299+00:00,2026-09-27T00:19:01.476+00:00,21072-30059,dryers,50170060,72000000,2026-09-27 00:19:01,2026-09-26 23:03:30,46,4531.0,-1771.0,,Available,website maps this code to Available
1,20ee1ed8-7ddf-4490-9279-cd6f9322fa34,2026-09-27T00:19:01.299+00:00,2026-09-27T00:19:01.476+00:00,21072-30059,dryers,50170087,72000000,2026-09-27 00:19:01,2026-09-26 20:57:29,46,12092.0,-9332.0,,Available,website maps this code to Available
1,20ee1ed8-7ddf-4490-9279-cd6f9322fa34,2026-09-27T00:19:01.299+00:00,2026-09-27T00:19:01.476+00:00,21072-30059,dryers,50170064,72000000,2026-09-27 00:19:01,2026-09-26 23:12:17,46,4004.0,-1244.0,,Available,website maps this code to Available
1,20ee1ed8-7ddf-4490-9279-cd6f9322fa34,2026-09-27T00:19:01.299+00:00,2026-09-27T00:19:01.476+00:00,21072-30059,dryers,50170065,72000000,2026-09-27 00:19:01,2026-09-26 23:13:21,46,3940.0,-1180.0,,Available,website maps this code to Available
1,20ee1ed8-7ddf-4490-9279-cd6f9322fa34,2026-09-27T00:19:01.299+00:00,2026-09-27T00:19:01.476+00:00,21072-30059,dryers,50170059,72000000,2026-09-27 00:19:01,2026-09-27 00:14:41,46,260.0,2500.0,,Available,website maps this code to Available
1,20ee1ed8-7ddf-4490-9279-cd6f9322fa34,2026-09-27T00:19:01.299+00:00,2026-09-27T00:19:01.476+00:00,21072-30059,dryers,50170057,72000000,2026-09-27 00:19:01,2026-09-26 23:30:30,46,2911.0,-151.0,,Available,website maps this code to Available
1,20ee1ed8-7ddf-4490-9279-cd6f9322fa34,2026-09-27T00:19:01.299+00:00,2026-09-27T00:19:01.476+00:00,21072-30059,dryers,50170062,72000000,2026-09-27 00:19:01,2026-09-26 23:14:55,46,3846.0,-1086.0,,Available,website maps this code to Available
1,20ee1ed8-7ddf-4490-9279-cd6f9322fa34,2026-09-27T00:19:01.299+00:00,2026-09-27T00:19:01.476+00:00,21072-30059,dryers,50170067,72000000,2026-09-27 00:19:01,2026-09-26 23:35:12,46,2629.0,131.0,,Available,website maps this code to Available
1,20ee1ed8-7ddf-4490-9279-cd6f9322fa34,2026-09-27T00:19:01.299+00:00,2026-09-27T00:19:01.476+00:00,21072-30059,dryers,50170074,72000000,2026-09-27 00:19:01,2026-09-26 23:05:09,46,4432.0,-1672.0,,Available,website maps this code to Available
1,20ee1ed8-7ddf-4490-9279-cd6f9322fa34,2026-09-27T00:19:01.299+00:00,2026-09-27T00:19:01.476+00:00,21072-30059,dryers,50170071,72000000,2026-09-27 00:19:01,2026-09-26 23:04:10,46,4491.0,-1731.0,,Available,website maps this code to Available
1,20ee1ed8-7ddf-4490-9279-cd6f9322fa34,2026-09-27T00:19:01.299+00:00,2026-09-27T00:19:01.476+00:00,21072-30059,dryers,50170054,72000000,2026-09-27 00:19:01,2026-09-26 23:01:41,46,4640.0,-1880.0,,Available,website maps this code to Available
1,23046b0f-bf39-4831-acc8-032aeeeaaa21,2026-09-27T00:20:01.362+00:00,2026-09-27T00:20:01.565+00:00,21072-30059,washers,50170051,72000000,2026-09-27 00:20:01,2026-09-26 22:10:45,29,7756.0,-6016.0,,Available,website maps this code to Available
1,23046b0f-bf39-4831-acc8-032aeeeaaa21,2026-09-27T00:20:01.362+00:00,2026-09-27T00:20:01.565+00:00,21072-30059,washers,50170080,42000000,2026-09-27 00:20:01,2026-09-27 00:11:30,10,511.0,89.0,2,Running,
1,23046b0f-bf39-4831-acc8-032aeeeaaa21,2026-09-27T00:20:01.362+00:00,2026-09-27T00:20:01.565+00:00,21072-30059,washers,50170075,42000000,2026-09-27 00:20:01,2026-09-27 00:09:08,10,653.0,-53.0,,Available,website fallback: countdown expired
1,23046b0f-bf39-4831-acc8-032aeeeaaa21,2026-09-27T00:20:01.362+00:00,2026-09-27T00:20:01.565+00:00,21072-30059,washers,50170082,42000000,2026-09-27 00:20:01,2026-09-27 00:11:21,10,520.0,80.0,2,Running,
1,23046b0f-bf39-4831-acc8-032aeeeaaa21,2026-09-27T00:20:01.362+00:00,2026-09-27T00:20:01.565+00:00,21072-30059,washers,50170050,72000000,2026-09-27 00:20:01,2026-09-26 22:11:54,29,7687.0,-5947.0,,Available,website maps this code to Available
1,23046b0f-bf39-4831-acc8-032aeeeaaa21,2026-09-27T00:20:01.362+00:00,2026-09-27T00:20:01.565+00:00,21072-30059,washers,50170052,72000000,2026-09-27 00:20:01,2026-09-26 22:13:48,29,7573.0,-5833.0,,Available,website maps this code to Available
1,23046b0f-bf39-4831-acc8-032aeeeaaa21,2026-09-27T00:20:01.362+00:00,2026-09-27T00:20:01.565+00:00,21072-30059,washers,50170078,72000000,2026-09-27 00:20:01,2026-09-26 21:14:24,29,11137.0,-9397.0,,Available,website maps this code to Available
1,23046b0f-bf39-4831-acc8-032aeeeaaa21,2026-09-27T00:20:01.362+00:00,2026-09-27T00:20:01.565+00:00,21072-30059,washers,50170084,72000000,2026-09-27 00:20:01,2026-09-26 07:02:48,29,62233.0,-60493.0,,Available,website maps this code to Available
1,23046b0f-bf39-4831-acc8-032aeeeaaa21,2026-09-27T00:20:01.362+00:00,2026-09-27T00:20:01.565+00:00,21072-30059,washers,50170068,72000000,2026-09-27 00:20:01,2026-09-26 22:56:07,29,5034.0,-3294.0,,Available,website maps this code to Available
1,23046b0f-bf39-4831-acc8-032aeeeaaa21,2026-09-27T00:20:01.362+00:00,2026-09-27T00:20:01.565+00:00,21072-30059,washers,50170072,72000000,2026-09-27 00:20:01,2026-09-26 22:11:47,29,7694.0,-5954.0,,Available,website maps this code to Available
1,23046b0f-bf39-4831-acc8-032aeeeaaa21,2026-09-27T00:20:01.362+00:00,2026-09-27T00:20:01.565+00:00,21072-30059,washers,20483408,72000000,2026-09-27 00:20:01,2024-12-20 00:43:32,0,55812989.0,-55812989.0,,Available,website maps this code to Available
1,23046b0f-bf39-4831-acc8-032aeeeaaa21,2026-09-27T00:20:01.362+00:00,2026-09-27T00:20:01.565+00:00,21072-30059,washers,50170055,72000000,2026-09-27 00:20:01,2026-09-26 22:47:03,29,5578.0,-3838.0,,Available,website maps this code to Available
1,23046b0f-bf39-4831-acc8-032aeeeaaa21,2026-09-27T00:20:01.362+00:00,2026-09-27T00:20:01.565+00:00,21072-30059,dryers,50170058,D2000000,2026-09-27 00:20:01,2026-09-26 17:53:29,45,23192.0,-20492.0,,Start Mode After PF,
1,23046b0f-bf39-4831-acc8-032aeeeaaa21,2026-09-27T00:20:01.362+00:00,2026-09-27T00:20:01.565+00:00,21072-30059,dryers,50170061,72000000,2026-09-27 00:20:01,2026-09-26 17:26:29,1,24812.0,-24752.0,,Available,website maps this code to Available
1,23046b0f-bf39-4831-acc8-032aeeeaaa21,2026-09-27T00:20:01.362+00:00,2026-09-27T00:20:01.565+00:00,21072-30059,dryers,50170081,72000000,2026-09-27 00:20:01,2026-09-26 15:30:05,46,31796.0,-29036.0,,Available,website maps this code to Available
1,23046b0f-bf39-4831-acc8-032aeeeaaa21,2026-09-27T00:20:01.362+00:00,2026-09-27T00:20:01.565+00:00,21072-30059,dryers,50170060,72000000,2026-09-27 00:20:01,2026-09-26 23:03:30,46,4591.0,-1831.0,,Available,website maps this code to Available
1,23046b0f-bf39-4831-acc8-032aeeeaaa21,2026-09-27T00:20:01.362+00:00,2026-09-27T00:20:01.565+00:00,21072-30059,dryers,50170087,72000000,2026-09-27 00:20:01,2026-09-26 20:57:29,46,12152.0,-9392.0,,Available,website maps this code to Available
1,23046b0f-bf39-4831-acc8-032aeeeaaa21,2026-09-27T00:20:01.362+00:00,2026-09-27T00:20:01.565+00:00,21072-30059,dryers,50170064,72000000,2026-09-27 00:20:01,2026-09-26 23:12:17,46,4064.0,-1304.0,,Available,website maps this code to Available
1,23046b0f-bf39-4831-acc8-032aeeeaaa21,2026-09-27T00:20:01.362+00:00,2026-09-27T00:20:01.565+00:00,21072-30059,dryers,50170065,72000000,2026-09-27 00:20:01,2026-09-26 23:13:21,46,4000.0,-1240.0,,Available,website maps this code to Available
1,23046b0f-bf39-4831-acc8-032aeeeaaa21,2026-09-27T00:20:01.362+00:00,2026-09-27T00:20:01.565+00:00,21072-30059,dryers,50170059,72000000,2026-09-27 00:20:01,2026-09-27 00:14:41,46,320.0,2440.0,,Available,website maps this code to Available
1,23046b0f-bf39-4831-acc8-032aeeeaaa21,2026-09-27T00:20:01.362+00:00,2026-09-27T00:20:01.565+00:00,21072-30059,dryers,50170057,72000000,2026-09-27 00:20:01,2026-09-26 23:30:30,46,2971.0,-211.0,,Available,website maps this code to Available
1,23046b0f-bf39-4831-acc8-032aeeeaaa21,2026-09-27T00:20:01.362+00:00,2026-09-27T00:20:01.565+00:00,21072-30059,dryers,50170062,72000000,2026-09-27 00:20:01,2026-09-26 23:14:55,46,3906.0,-1146.0,,Available,website maps this code to Available
1,23046b0f-bf39-4831-acc8-032aeeeaaa21,2026-09-27T00:20:01.362+00:00,2026-09-27T00:20:01.565+00:00,21072-30059,dryers,50170067,72000000,2026-09-27 00:20:01,2026-09-26 23:35:12,46,2689.0,71.0,,Available,website maps this code to Available
1,23046b0f-bf39-4831-acc8-032aeeeaaa21,2026-09-27T00:20:01.362+00:00,2026-09-27T00:20:01.565+00:00,21072-30059,dryers,50170074,72000000,2026-09-27 00:20:01,2026-09-26 23:05:09,46,4492.0,-1732.0,,Available,website maps this code to Available
1,23046b0f-bf39-4831-acc8-032aeeeaaa21,2026-09-27T00:20:01.362+00:00,2026-09-27T00:20:01.565+00:00,21072-30059,dryers,50170071,72000000,2026-09-27 00:20:01,2026-09-26 23:04:10,46,4551.0,-1791.0,,Available,website maps this code to Available
1,23046b0f-bf39-4831-acc8-032aeeeaaa21,2026-09-27T00:20:01.362+00:00,2026-09-27T00:20:01.565+00:00,21072-30059,dryers,50170054,72000000,2026-09-27 00:20:01,2026-09-26 23:01:41,46,4700.0,-1940.0,,Available,website maps this code to Available
1,50c8305f-1a9e-49f4-a168-1e5404d96b8b,2026-09-27T00:21:01.281+00:00,2026-09-27T00:21:01.457+00:00,21072-30059,washers,50170051,72000000,2026-09-27 00:21:01,2026-09-26 22:10:45,29,7816.0,-6076.0,,Available,website maps this code to Available
1,50c8305f-1a9e-49f4-a168-1e5404d96b8b,2026-09-27T00:21:01.281+00:00,2026-09-27T00:21:01.457+00:00,21072-30059,washers,50170080,42000000,2026-09-27 00:21:01,2026-09-27 00:11:30,10,571.0,29.0,1,Running,
1,50c8305f-1a9e-49f4-a168-1e5404d96b8b,2026-09-27T00:21:01.281+00:00,2026-09-27T00:21:01.457+00:00,21072-30059,washers,50170075,52000000,2026-09-27 00:21:01,2026-09-27 00:20:19,29,42.0,1698.0,,Finished,
1,50c8305f-1a9e-49f4-a168-1e5404d96b8b,2026-09-27T00:21:01.281+00:00,2026-09-27T00:21:01.457+00:00,21072-30059,washers,50170082,42000000,2026-09-27 00:21:01,2026-09-27 00:11:21,10,580.0,20.0,1,Running,
1,50c8305f-1a9e-49f4-a168-1e5404d96b8b,2026-09-27T00:21:01.281+00:00,2026-09-27T00:21:01.457+00:00,21072-30059,washers,50170050,72000000,2026-09-27 00:21:01,2026-09-26 22:11:54,29,7747.0,-6007.0,,Available,website maps this code to Available
1,50c8305f-1a9e-49f4-a168-1e5404d96b8b,2026-09-27T00:21:01.281+00:00,2026-09-27T00:21:01.457+00:00,21072-30059,washers,50170052,72000000,2026-09-27 00:21:01,2026-09-26 22:13:48,29,7633.0,-5893.0,,Available,website maps this code to Available
1,50c8305f-1a9e-49f4-a168-1e5404d96b8b,2026-09-27T00:21:01.281+00:00,2026-09-27T00:21:01.457+00:00,21072-30059,washers,50170078,72000000,2026-09-27 00:21:01,2026-09-26 21:14:24,29,11197.0,-9457.0,,Available,website maps this code to Available
1,50c8305f-1a9e-49f4-a168-1e5404d96b8b,2026-09-27T00:21:01.281+00:00,2026-09-27T00:21:01.457+00:00,21072-30059,washers,50170084,72000000,2026-09-27 00:21:01,2026-09-26 07:02:48,29,62293.0,-60553.0,,Available,website maps this code to Available
1,50c8305f-1a9e-49f4-a168-1e5404d96b8b,2026-09-27T00:21:01.281+00:00,2026-09-27T00:21:01.457+00:00,21072-30059,washers,50170068,72000000,2026-09-27 00:21:01,2026-09-26 22:56:07,29,5094.0,-3354.0,,Available,website maps this code to Available
1,50c8305f-1a9e-49f4-a168-1e5404d96b8b,2026-09-27T00:21:01.281+00:00,2026-09-27T00:21:01.457+00:00,21072-30059,washers,50170072,72000000,2026-09-27 00:21:01,2026-09-26 22:11:47,29,7754.0,-6014.0,,Available,website maps this code to Available
1,50c8305f-1a9e-49f4-a168-1e5404d96b8b,2026-09-27T00:21:01.281+00:00,2026-09-27T00:21:01.457+00:00,21072-30059,washers,20483408,72000000,2026-09-27 00:21:01,2024-12-20 00:43:32,0,55813049.0,-55813049.0,,Available,website maps this code to Available
1,50c8305f-1a9e-49f4-a168-1e5404d96b8b,2026-09-27T00:21:01.281+00:00,2026-09-27T00:21:01.457+00:00,21072-30059,washers,50170055,72000000,2026-09-27 00:21:01,2026-09-26 22:47:03,29,5638.0,-3898.0,,Available,website maps this code to Available
1,50c8305f-1a9e-49f4-a168-1e5404d96b8b,2026-09-27T00:21:01.281+00:00,2026-09-27T00:21:01.457+00:00,21072-30059,dryers,50170058,D2000000,2026-09-27 00:21:01,2026-09-26 17:53:29,45,23252.0,-20552.0,,Start Mode After PF,
1,50c8305f-1a9e-49f4-a168-1e5404d96b8b,2026-09-27T00:21:01.281+00:00,2026-09-27T00:21:01.457+00:00,21072-30059,dryers,50170061,72000000,2026-09-27 00:21:01,2026-09-26 17:26:29,1,24872.0,-24812.0,,Available,website maps this code to Available
1,50c8305f-1a9e-49f4-a168-1e5404d96b8b,2026-09-27T00:21:01.281+00:00,2026-09-27T00:21:01.457+00:00,21072-30059,dryers,50170081,72000000,2026-09-27 00:21:01,2026-09-26 15:30:05,46,31856.0,-29096.0,,Available,website maps this code to Available
1,50c8305f-1a9e-49f4-a168-1e5404d96b8b,2026-09-27T00:21:01.281+00:00,2026-09-27T00:21:01.457+00:00,21072-30059,dryers,50170060,72000000,2026-09-27 00:21:01,2026-09-26 23:03:30,46,4651.0,-1891.0,,Available,website maps this code to Available
1,50c8305f-1a9e-49f4-a168-1e5404d96b8b,2026-09-27T00:21:01.281+00:00,2026-09-27T00:21:01.457+00:00,21072-30059,dryers,50170087,72000000,2026-09-27 00:21:01,2026-09-26 20:57:29,46,12212.0,-9452.0,,Available,website maps this code to Available
1,50c8305f-1a9e-49f4-a168-1e5404d96b8b,2026-09-27T00:21:01.281+00:00,2026-09-27T00:21:01.457+00:00,21072-30059,dryers,50170064,72000000,2026-09-27 00:21:01,2026-09-26 23:12:17,46,4124.0,-1364.0,,Available,website maps this code to Available
1,50c8305f-1a9e-49f4-a168-1e5404d96b8b,2026-09-27T00:21:01.281+00:00,2026-09-27T00:21:01.457+00:00,21072-30059,dryers,50170065,72000000,2026-09-27 00:21:01,2026-09-26 23:13:21,46,4060.0,-1300.0,,Available,website maps this code to Available
1,50c8305f-1a9e-49f4-a168-1e5404d96b8b,2026-09-27T00:21:01.281+00:00,2026-09-27T00:21:01.457+00:00,21072-30059,dryers,50170059,72000000,2026-09-27 00:21:01,2026-09-27 00:14:41,46,380.0,2380.0,,Available,website maps this code to Available
1,50c8305f-1a9e-49f4-a168-1e5404d96b8b,2026-09-27T00:21:01.281+00:00,2026-09-27T00:21:01.457+00:00,21072-30059,dryers,50170057,72000000,2026-09-27 00:21:01,2026-09-26 23:30:30,46,3031.0,-271.0,,Available,website maps this code to Available
1,50c8305f-1a9e-49f4-a168-1e5404d96b8b,2026-09-27T00:21:01.281+00:00,2026-09-27T00:21:01.457+00:00,21072-30059,dryers,50170062,72000000,2026-09-27 00:21:01,2026-09-26 23:14:55,46,3966.0,-1206.0,,Available,website maps this code to Available
1,50c8305f-1a9e-49f4-a168-1e5404d96b8b,2026-09-27T00:21:01.281+00:00,2026-09-27T00:21:01.457+00:00,21072-30059,dryers,50170067,72000000,2026-09-27 00:21:01,2026-09-26 23:35:12,46,2749.0,11.0,,Available,website maps this code to Available
1,50c8305f-1a9e-49f4-a168-1e5404d96b8b,2026-09-27T00:21:01.281+00:00,2026-09-27T00:21:01.457+00:00,21072-30059,dryers,50170074,72000000,2026-09-27 00:21:01,2026-09-26 23:05:09,46,4552.0,-1792.0,,Available,website maps this code to Available
1,50c8305f-1a9e-49f4-a168-1e5404d96b8b,2026-09-27T00:21:01.281+00:00,2026-09-27T00:21:01.457+00:00,21072-30059,dryers,50170071,72000000,2026-09-27 00:21:01,2026-09-26 23:04:10,46,4611.0,-1851.0,,Available,website maps this code to Available
1,50c8305f-1a9e-49f4-a168-1e5404d96b8b,2026-09-27T00:21:01.281+00:00,2026-09-27T00:21:01.457+00:00,21072-30059,dryers,50170054,72000000,2026-09-27 00:21:01,2026-09-26 23:01:41,46,4760.0,-2000.0,,Available,website maps this code to Available
1,ab56f3c3-4f1f-4fcc-9048-44f645bae7f1,2026-09-27T00:22:01.287+00:00,2026-09-27T00:22:01.532+00:00,21072-30059,washers,50170051,72000000,2026-09-27 00:22:01,2026-09-26 22:10:45,29,7876.0,-6136.0,,Available,website maps this code to Available
1,ab56f3c3-4f1f-4fcc-9048-44f645bae7f1,2026-09-27T00:22:01.287+00:00,2026-09-27T00:22:01.532+00:00,21072-30059,washers,50170080,42000000,2026-09-27 00:22:01,2026-09-27 00:11:30,10,631.0,-31.0,,Available,website fallback: countdown expired
1,ab56f3c3-4f1f-4fcc-9048-44f645bae7f1,2026-09-27T00:22:01.287+00:00,2026-09-27T00:22:01.532+00:00,21072-30059,washers,50170075,52000000,2026-09-27 00:22:01,2026-09-27 00:20:19,29,102.0,1638.0,,Finished,
1,ab56f3c3-4f1f-4fcc-9048-44f645bae7f1,2026-09-27T00:22:01.287+00:00,2026-09-27T00:22:01.532+00:00,21072-30059,washers,50170082,42000000,2026-09-27 00:22:01,2026-09-27 00:11:21,10,640.0,-40.0,,Available,website fallback: countdown expired
1,ab56f3c3-4f1f-4fcc-9048-44f645bae7f1,2026-09-27T00:22:01.287+00:00,2026-09-27T00:22:01.532+00:00,21072-30059,washers,50170050,72000000,2026-09-27 00:22:01,2026-09-26 22:11:54,29,7807.0,-6067.0,,Available,website maps this code to Available
1,ab56f3c3-4f1f-4fcc-9048-44f645bae7f1,2026-09-27T00:22:01.287+00:00,2026-09-27T00:22:01.532+00:00,21072-30059,washers,50170052,72000000,2026-09-27 00:22:01,2026-09-26 22:13:48,29,7693.0,-5953.0,,Available,website maps this code to Available
1,ab56f3c3-4f1f-4fcc-9048-44f645bae7f1,2026-09-27T00:22:01.287+00:00,2026-09-27T00:22:01.532+00:00,21072-30059,washers,50170078,72000000,2026-09-27 00:22:01,2026-09-26 21:14:24,29,11257.0,-9517.0,,Available,website maps this code to Available
1,ab56f3c3-4f1f-4fcc-9048-44f645bae7f1,2026-09-27T00:22:01.287+00:00,2026-09-27T00:22:01.532+00:00,21072-30059,washers,50170084,72000000,2026-09-27 00:22:01,2026-09-26 07:02:48,29,62353.0,-60613.0,,Available,website maps this code to Available
1,ab56f3c3-4f1f-4fcc-9048-44f645bae7f1,2026-09-27T00:22:01.287+00:00,2026-09-27T00:22:01.532+00:00,21072-30059,washers,50170068,72000000,2026-09-27 00:22:01,2026-09-26 22:56:07,29,5154.0,-3414.0,,Available,website maps this code to Available
1,ab56f3c3-4f1f-4fcc-9048-44f645bae7f1,2026-09-27T00:22:01.287+00:00,2026-09-27T00:22:01.532+00:00,21072-30059,washers,50170072,72000000,2026-09-27 00:22:01,2026-09-26 22:11:47,29,7814.0,-6074.0,,Available,website maps this code to Available
1,ab56f3c3-4f1f-4fcc-9048-44f645bae7f1,2026-09-27T00:22:01.287+00:00,2026-09-27T00:22:01.532+00:00,21072-30059,washers,20483408,72000000,2026-09-27 00:22:01,2024-12-20 00:43:32,0,55813109.0,-55813109.0,,Available,website maps this code to Available
1,ab56f3c3-4f1f-4fcc-9048-44f645bae7f1,2026-09-27T00:22:01.287+00:00,2026-09-27T00:22:01.532+00:00,21072-30059,washers,50170055,72000000,2026-09-27 00:22:01,2026-09-26 22:47:03,29,5698.0,-3958.0,,Available,website maps this code to Available
1,ab56f3c3-4f1f-4fcc-9048-44f645bae7f1,2026-09-27T00:22:01.287+00:00,2026-09-27T00:22:01.532+00:00,21072-30059,dryers,50170058,D2000000,2026-09-27 00:22:01,2026-09-26 17:53:29,45,23312.0,-20612.0,,Start Mode After PF,
1,ab56f3c3-4f1f-4fcc-9048-44f645bae7f1,2026-09-27T00:22:01.287+00:00,2026-09-27T00:22:01.532+00:00,21072-30059,dryers,50170061,72000000,2026-09-27 00:22:01,2026-09-26 17:26:29,1,24932.0,-24872.0,,Available,website maps this code to Available
1,ab56f3c3-4f1f-4fcc-9048-44f645bae7f1,2026-09-27T00:22:01.287+00:00,2026-09-27T00:22:01.532+00:00,21072-30059,dryers,50170081,72000000,2026-09-27 00:22:01,2026-09-26 15:30:05,46,31916.0,-29156.0,,Available,website maps this code to Available
1,ab56f3c3-4f1f-4fcc-9048-44f645bae7f1,2026-09-27T00:22:01.287+00:00,2026-09-27T00:22:01.532+00:00,21072-30059,dryers,50170060,72000000,2026-09-27 00:22:01,2026-09-26 23:03:30,46,4711.0,-1951.0,,Available,website maps this code to Available
1,ab56f3c3-4f1f-4fcc-9048-44f645bae7f1,2026-09-27T00:22:01.287+00:00,2026-09-27T00:22:01.532+00:00,21072-30059,dryers,50170087,72000000,2026-09-27 00:22:01,2026-09-26 20:57:29,46,12272.0,-9512.0,,Available,website maps this code to Available
1,ab56f3c3-4f1f-4fcc-9048-44f645bae7f1,2026-09-27T00:22:01.287+00:00,2026-09-27T00:22:01.532+00:00,21072-30059,dryers,50170064,72000000,2026-09-27 00:22:01,2026-09-26 23:12:17,46,4184.0,-1424.0,,Available,website maps this code to Available
1,ab56f3c3-4f1f-4fcc-9048-44f645bae7f1,2026-09-27T00:22:01.287+00:00,2026-09-27T00:22:01.532+00:00,21072-30059,dryers,50170065,72000000,2026-09-27 00:22:01,2026-09-26 23:13:21,46,4120.0,-1360.0,,Available,website maps this code to Available
1,ab56f3c3-4f1f-4fcc-9048-44f645bae7f1,2026-09-27T00:22:01.287+00:00,2026-09-27T00:22:01.532+00:00,21072-30059,dryers,50170059,72000000,2026-09-27 00:22:01,2026-09-27 00:14:41,46,440.0,2320.0,,Available,website maps this code to Available
1,ab56f3c3-4f1f-4fcc-9048-44f645bae7f1,2026-09-27T00:22:01.287+00:00,2026-09-27T00:22:01.532+00:00,21072-30059,dryers,50170057,72000000,2026-09-27 00:22:01,2026-09-26 23:30:30,46,3091.0,-331.0,,Available,website maps this code to Available
1,ab56f3c3-4f1f-4fcc-9048-44f645bae7f1,2026-09-27T00:22:01.287+00:00,2026-09-27T00:22:01.532+00:00,21072-30059,dryers,50170062,72000000,2026-09-27 00:22:01,2026-09-26 23:14:55,46,4026.0,-1266.0,,Available,website maps this code to Available
1,ab56f3c3-4f1f-4fcc-9048-44f645bae7f1,2026-09-27T00:22:01.287+00:00,2026-09-27T00:22:01.532+00:00,21072-30059,dryers,50170067,72000000,2026-09-27 00:22:01,2026-09-26 23:35:12,46,2809.0,-49.0,,Available,website maps this code to Available
1,ab56f3c3-4f1f-4fcc-9048-44f645bae7f1,2026-09-27T00:22:01.287+00:00,2026-09-27T00:22:01.532+00:00,21072-30059,dryers,50170074,72000000,2026-09-27 00:22:01,2026-09-26 23:05:09,46,4612.0,-1852.0,,Available,website maps this code to Available
1,ab56f3c3-4f1f-4fcc-9048-44f645bae7f1,2026-09-27T00:22:01.287+00:00,2026-09-27T00:22:01.532+00:00,21072-30059,dryers,50170071,72000000,2026-09-27 00:22:01,2026-09-26 23:04:10,46,4671.0,-1911.0,,Available,website maps this code to Available
1,ab56f3c3-4f1f-4fcc-9048-44f645bae7f1,2026-09-27T00:22:01.287+00:00,2026-09-27T00:22:01.532+00:00,21072-30059,dryers,50170054,72000000,2026-09-27 00:22:01,2026-09-26 23:01:41,46,4820.0,-2060.0,,Available,website maps this code to Available
1,a79eac84-136a-472a-bf9b-fc90bee84ac5,2026-09-27T00:23:01.294+00:00,2026-09-27T00:23:01.510+00:00,21072-30059,washers,50170051,72000000,2026-09-27 00:23:01,2026-09-26 22:10:45,29,7936.0,-6196.0,,Available,website maps this code to Available
1,a79eac84-136a-472a-bf9b-fc90bee84ac5,2026-09-27T00:23:01.294+00:00,2026-09-27T00:23:01.510+00:00,21072-30059,washers,50170080,42000000,2026-09-27 00:23:01,2026-09-27 00:11:30,10,691.0,-91.0,,Available,website fallback: countdown expired
1,a79eac84-136a-472a-bf9b-fc90bee84ac5,2026-09-27T00:23:01.294+00:00,2026-09-27T00:23:01.510+00:00,21072-30059,washers,50170075,52000000,2026-09-27 00:23:01,2026-09-27 00:20:19,29,162.0,1578.0,,Finished,
1,a79eac84-136a-472a-bf9b-fc90bee84ac5,2026-09-27T00:23:01.294+00:00,2026-09-27T00:23:01.510+00:00,21072-30059,washers,50170082,42000000,2026-09-27 00:23:01,2026-09-27 00:11:21,10,700.0,-100.0,,Available,website fallback: countdown expired
1,a79eac84-136a-472a-bf9b-fc90bee84ac5,2026-09-27T00:23:01.294+00:00,2026-09-27T00:23:01.510+00:00,21072-30059,washers,50170050,72000000,2026-09-27 00:23:01,2026-09-26 22:11:54,29,7867.0,-6127.0,,Available,website maps this code to Available
1,a79eac84-136a-472a-bf9b-fc90bee84ac5,2026-09-27T00:23:01.294+00:00,2026-09-27T00:23:01.510+00:00,21072-30059,washers,50170052,72000000,2026-09-27 00:23:01,2026-09-26 22:13:48,29,7753.0,-6013.0,,Available,website maps this code to Available
1,a79eac84-136a-472a-bf9b-fc90bee84ac5,2026-09-27T00:23:01.294+00:00,2026-09-27T00:23:01.510+00:00,21072-30059,washers,50170078,72000000,2026-09-27 00:23:01,2026-09-26 21:14:24,29,11317.0,-9577.0,,Available,website maps this code to Available
1,a79eac84-136a-472a-bf9b-fc90bee84ac5,2026-09-27T00:23:01.294+00:00,2026-09-27T00:23:01.510+00:00,21072-30059,washers,50170084,72000000,2026-09-27 00:23:01,2026-09-26 07:02:48,29,62413.0,-60673.0,,Available,website maps this code to Available
1,a79eac84-136a-472a-bf9b-fc90bee84ac5,2026-09-27T00:23:01.294+00:00,2026-09-27T00:23:01.510+00:00,21072-30059,washers,50170068,72000000,2026-09-27 00:23:01,2026-09-26 22:56:07,29,5214.0,-3474.0,,Available,website maps this code to Available
1,a79eac84-136a-472a-bf9b-fc90bee84ac5,2026-09-27T00:23:01.294+00:00,2026-09-27T00:23:01.510+00:00,21072-30059,washers,50170072,72000000,2026-09-27 00:23:01,2026-09-26 22:11:47,29,7874.0,-6134.0,,Available,website maps this code to Available
1,a79eac84-136a-472a-bf9b-fc90bee84ac5,2026-09-27T00:23:01.294+00:00,2026-09-27T00:23:01.510+00:00,21072-30059,washers,20483408,72000000,2026-09-27 00:23:01,2024-12-20 00:43:32,0,55813169.0,-55813169.0,,Available,website maps this code to Available
1,a79eac84-136a-472a-bf9b-fc90bee84ac5,2026-09-27T00:23:01.294+00:00,2026-09-27T00:23:01.510+00:00,21072-30059,washers,50170055,72000000,2026-09-27 00:23:01,2026-09-26 22:47:03,29,5758.0,-4018.0,,Available,website maps this code to Available
1,a79eac84-136a-472a-bf9b-fc90bee84ac5,2026-09-27T00:23:01.294+00:00,2026-09-27T00:23:01.510+00:00,21072-30059,dryers,50170058,D2000000,2026-09-27 00:23:01,2026-09-26 17:53:29,45,23372.0,-20672.0,,Start Mode After PF,
1,a79eac84-136a-472a-bf9b-fc90bee84ac5,2026-09-27T00:23:01.294+00:00,2026-09-27T00:23:01.510+00:00,21072-30059,dryers,50170061,72000000,2026-09-27 00:23:01,2026-09-26 17:26:29,1,24992.0,-24932.0,,Available,website maps this code to Available
1,a79eac84-136a-472a-bf9b-fc90bee84ac5,2026-09-27T00:23:01.294+00:00,2026-09-27T00:23:01.510+00:00,21072-30059,dryers,50170081,72000000,2026-09-27 00:23:01,2026-09-26 15:30:05,46,31976.0,-29216.0,,Available,website maps this code to Available
1,a79eac84-136a-472a-bf9b-fc90bee84ac5,2026-09-27T00:23:01.294+00:00,2026-09-27T00:23:01.510+00:00,21072-30059,dryers,50170060,72000000,2026-09-27 00:23:01,2026-09-26 23:03:30,46,4771.0,-2011.0,,Available,website maps this code to Available
1,a79eac84-136a-472a-bf9b-fc90bee84ac5,2026-09-27T00:23:01.294+00:00,2026-09-27T00:23:01.510+00:00,21072-30059,dryers,50170087,72000000,2026-09-27 00:23:01,2026-09-26 20:57:29,46,12332.0,-9572.0,,Available,website maps this code to Available
1,a79eac84-136a-472a-bf9b-fc90bee84ac5,2026-09-27T00:23:01.294+00:00,2026-09-27T00:23:01.510+00:00,21072-30059,dryers,50170064,72000000,2026-09-27 00:23:01,2026-09-26 23:12:17,46,4244.0,-1484.0,,Available,website maps this code to Available
1,a79eac84-136a-472a-bf9b-fc90bee84ac5,2026-09-27T00:23:01.294+00:00,2026-09-27T00:23:01.510+00:00,21072-30059,dryers,50170065,72000000,2026-09-27 00:23:01,2026-09-26 23:13:21,46,4180.0,-1420.0,,Available,website maps this code to Available
1,a79eac84-136a-472a-bf9b-fc90bee84ac5,2026-09-27T00:23:01.294+00:00,2026-09-27T00:23:01.510+00:00,21072-30059,dryers,50170059,72000000,2026-09-27 00:23:01,2026-09-27 00:14:41,46,500.0,2260.0,,Available,website maps this code to Available
1,a79eac84-136a-472a-bf9b-fc90bee84ac5,2026-09-27T00:23:01.294+00:00,2026-09-27T00:23:01.510+00:00,21072-30059,dryers,50170057,72000000,2026-09-27 00:23:01,2026-09-26 23:30:30,46,3151.0,-391.0,,Available,website maps this code to Available
1,a79eac84-136a-472a-bf9b-fc90bee84ac5,2026-09-27T00:23:01.294+00:00,2026-09-27T00:23:01.510+00:00,21072-30059,dryers,50170062,72000000,2026-09-27 00:23:01,2026-09-26 23:14:55,46,4086.0,-1326.0,,Available,website maps this code to Available
1,a79eac84-136a-472a-bf9b-fc90bee84ac5,2026-09-27T00:23:01.294+00:00,2026-09-27T00:23:01.510+00:00,21072-30059,dryers,50170067,72000000,2026-09-27 00:23:01,2026-09-26 23:35:12,46,2869.0,-109.0,,Available,website maps this code to Available
1,a79eac84-136a-472a-bf9b-fc90bee84ac5,2026-09-27T00:23:01.294+00:00,2026-09-27T00:23:01.510+00:00,21072-30059,dryers,50170074,72000000,2026-09-27 00:23:01,2026-09-26 23:05:09,46,4672.0,-1912.0,,Available,website maps this code to Available
1,a79eac84-136a-472a-bf9b-fc90bee84ac5,2026-09-27T00:23:01.294+00:00,2026-09-27T00:23:01.510+00:00,21072-30059,dryers,50170071,72000000,2026-09-27 00:23:01,2026-09-26 23:04:10,46,4731.0,-1971.0,,Available,website maps this code to Available
1,a79eac84-136a-472a-bf9b-fc90bee84ac5,2026-09-27T00:23:01.294+00:00,2026-09-27T00:23:01.510+00:00,21072-30059,dryers,50170054,72000000,2026-09-27 00:23:01,2026-09-26 23:01:41,46,4880.0,-2120.0,,Available,website maps this code to Available
1,4ccb10cb-6d98-4d7c-9688-10d243195240,2026-09-27T00:24:01.315+00:00,2026-09-27T00:24:01.507+00:00,21072-30059,washers,50170051,72000000,2026-09-27 00:24:01,2026-09-26 22:10:45,29,7996.0,-6256.0,,Available,website maps this code to Available
1,4ccb10cb-6d98-4d7c-9688-10d243195240,2026-09-27T00:24:01.315+00:00,2026-09-27T00:24:01.507+00:00,21072-30059,washers,50170080,A2000000,2026-09-27 00:24:01,2026-09-27 00:23:42,1,19.0,41.0,,Door Unlock Mode,
1,4ccb10cb-6d98-4d7c-9688-10d243195240,2026-09-27T00:24:01.315+00:00,2026-09-27T00:24:01.507+00:00,21072-30059,washers,50170075,52000000,2026-09-27 00:24:01,2026-09-27 00:20:19,29,222.0,1518.0,,Finished,
1,4ccb10cb-6d98-4d7c-9688-10d243195240,2026-09-27T00:24:01.315+00:00,2026-09-27T00:24:01.507+00:00,21072-30059,washers,50170082,A2000000,2026-09-27 00:24:01,2026-09-27 00:23:34,1,27.0,33.0,,Door Unlock Mode,
1,4ccb10cb-6d98-4d7c-9688-10d243195240,2026-09-27T00:24:01.315+00:00,2026-09-27T00:24:01.507+00:00,21072-30059,washers,50170050,72000000,2026-09-27 00:24:01,2026-09-26 22:11:54,29,7927.0,-6187.0,,Available,website maps this code to Available
1,4ccb10cb-6d98-4d7c-9688-10d243195240,2026-09-27T00:24:01.315+00:00,2026-09-27T00:24:01.507+00:00,21072-30059,washers,50170052,72000000,2026-09-27 00:24:01,2026-09-26 22:13:48,29,7813.0,-6073.0,,Available,website maps this code to Available
1,4ccb10cb-6d98-4d7c-9688-10d243195240,2026-09-27T00:24:01.315+00:00,2026-09-27T00:24:01.507+00:00,21072-30059,washers,50170078,72000000,2026-09-27 00:24:01,2026-09-26 21:14:24,29,11377.0,-9637.0,,Available,website maps this code to Available
1,4ccb10cb-6d98-4d7c-9688-10d243195240,2026-09-27T00:24:01.315+00:00,2026-09-27T00:24:01.507+00:00,21072-30059,washers,50170084,72000000,2026-09-27 00:24:01,2026-09-26 07:02:48,29,62473.0,-60733.0,,Available,website maps this code to Available
1,4ccb10cb-6d98-4d7c-9688-10d243195240,2026-09-27T00:24:01.315+00:00,2026-09-27T00:24:01.507+00:00,21072-30059,washers,50170068,72000000,2026-09-27 00:24:01,2026-09-26 22:56:07,29,5274.0,-3534.0,,Available,website maps this code to Available
1,4ccb10cb-6d98-4d7c-9688-10d243195240,2026-09-27T00:24:01.315+00:00,2026-09-27T00:24:01.507+00:00,21072-30059,washers,50170072,72000000,2026-09-27 00:24:01,2026-09-26 22:11:47,29,7934.0,-6194.0,,Available,website maps this code to Available
1,4ccb10cb-6d98-4d7c-9688-10d243195240,2026-09-27T00:24:01.315+00:00,2026-09-27T00:24:01.507+00:00,21072-30059,washers,20483408,72000000,2026-09-27 00:24:01,2024-12-20 00:43:32,0,55813229.0,-55813229.0,,Available,website maps this code to Available
1,4ccb10cb-6d98-4d7c-9688-10d243195240,2026-09-27T00:24:01.315+00:00,2026-09-27T00:24:01.507+00:00,21072-30059,washers,50170055,72000000,2026-09-27 00:24:01,2026-09-26 22:47:03,29,5818.0,-4078.0,,Available,website maps this code to Available
1,4ccb10cb-6d98-4d7c-9688-10d243195240,2026-09-27T00:24:01.315+00:00,2026-09-27T00:24:01.507+00:00,21072-30059,dryers,50170058,D2000000,2026-09-27 00:24:01,2026-09-26 17:53:29,45,23432.0,-20732.0,,Start Mode After PF,
1,4ccb10cb-6d98-4d7c-9688-10d243195240,2026-09-27T00:24:01.315+00:00,2026-09-27T00:24:01.507+00:00,21072-30059,dryers,50170061,72000000,2026-09-27 00:24:01,2026-09-26 17:26:29,1,25052.0,-24992.0,,Available,website maps this code to Available
1,4ccb10cb-6d98-4d7c-9688-10d243195240,2026-09-27T00:24:01.315+00:00,2026-09-27T00:24:01.507+00:00,21072-30059,dryers,50170081,72000000,2026-09-27 00:24:01,2026-09-26 15:30:05,46,32036.0,-29276.0,,Available,website maps this code to Available
1,4ccb10cb-6d98-4d7c-9688-10d243195240,2026-09-27T00:24:01.315+00:00,2026-09-27T00:24:01.507+00:00,21072-30059,dryers,50170060,72000000,2026-09-27 00:24:01,2026-09-26 23:03:30,46,4831.0,-2071.0,,Available,website maps this code to Available
1,4ccb10cb-6d98-4d7c-9688-10d243195240,2026-09-27T00:24:01.315+00:00,2026-09-27T00:24:01.507+00:00,21072-30059,dryers,50170087,72000000,2026-09-27 00:24:01,2026-09-26 20:57:29,46,12392.0,-9632.0,,Available,website maps this code to Available
1,4ccb10cb-6d98-4d7c-9688-10d243195240,2026-09-27T00:24:01.315+00:00,2026-09-27T00:24:01.507+00:00,21072-30059,dryers,50170064,72000000,2026-09-27 00:24:01,2026-09-26 23:12:17,46,4304.0,-1544.0,,Available,website maps this code to Available
1,4ccb10cb-6d98-4d7c-9688-10d243195240,2026-09-27T00:24:01.315+00:00,2026-09-27T00:24:01.507+00:00,21072-30059,dryers,50170065,72000000,2026-09-27 00:24:01,2026-09-26 23:13:21,46,4240.0,-1480.0,,Available,website maps this code to Available
1,4ccb10cb-6d98-4d7c-9688-10d243195240,2026-09-27T00:24:01.315+00:00,2026-09-27T00:24:01.507+00:00,21072-30059,dryers,50170059,72000000,2026-09-27 00:24:01,2026-09-27 00:14:41,46,560.0,2200.0,,Available,website maps this code to Available
1,4ccb10cb-6d98-4d7c-9688-10d243195240,2026-09-27T00:24:01.315+00:00,2026-09-27T00:24:01.507+00:00,21072-30059,dryers,50170057,72000000,2026-09-27 00:24:01,2026-09-26 23:30:30,46,3211.0,-451.0,,Available,website maps this code to Available
1,4ccb10cb-6d98-4d7c-9688-10d243195240,2026-09-27T00:24:01.315+00:00,2026-09-27T00:24:01.507+00:00,21072-30059,dryers,50170062,72000000,2026-09-27 00:24:01,2026-09-26 23:14:55,46,4146.0,-1386.0,,Available,website maps this code to Available
1,4ccb10cb-6d98-4d7c-9688-10d243195240,2026-09-27T00:24:01.315+00:00,2026-09-27T00:24:01.507+00:00,21072-30059,dryers,50170067,72000000,2026-09-27 00:24:01,2026-09-26 23:35:12,46,2929.0,-169.0,,Available,website maps this code to Available
1,4ccb10cb-6d98-4d7c-9688-10d243195240,2026-09-27T00:24:01.315+00:00,2026-09-27T00:24:01.507+00:00,21072-30059,dryers,50170074,72000000,2026-09-27 00:24:01,2026-09-26 23:05:09,46,4732.0,-1972.0,,Available,website maps this code to Available
1,4ccb10cb-6d98-4d7c-9688-10d243195240,2026-09-27T00:24:01.315+00:00,2026-09-27T00:24:01.507+00:00,21072-30059,dryers,50170071,72000000,2026-09-27 00:24:01,2026-09-26 23:04:10,46,4791.0,-2031.0,,Available,website maps this code to Available
1,4ccb10cb-6d98-4d7c-9688-10d243195240,2026-09-27T00:24:01.315+00:00,2026-09-27T00:24:01.507+00:00,21072-30059,dryers,50170054,72000000,2026-09-27 00:24:01,2026-09-26 23:01:41,46,4940.0,-2180.0,,Available,website maps this code to Available
1,b1fdef5e-2ba0-46b6-8c0d-cd77b3c9181e,2026-09-27T00:25:01.292+00:00,2026-09-27T00:25:01.497+00:00,21072-30059,washers,50170051,72000000,2026-09-27 00:25:01,2026-09-26 22:10:45,29,8056.0,-6316.0,,Available,website maps this code to Available
1,b1fdef5e-2ba0-46b6-8c0d-cd77b3c9181e,2026-09-27T00:25:01.292+00:00,2026-09-27T00:25:01.497+00:00,21072-30059,washers,50170080,52000000,2026-09-27 00:25:01,2026-09-27 00:24:45,29,16.0,1724.0,,Finished,
1,b1fdef5e-2ba0-46b6-8c0d-cd77b3c9181e,2026-09-27T00:25:01.292+00:00,2026-09-27T00:25:01.497+00:00,21072-30059,washers,50170075,52000000,2026-09-27 00:25:01,2026-09-27 00:20:19,29,282.0,1458.0,,Finished,
1,b1fdef5e-2ba0-46b6-8c0d-cd77b3c9181e,2026-09-27T00:25:01.292+00:00,2026-09-27T00:25:01.497+00:00,21072-30059,washers,50170082,52000000,2026-09-27 00:25:01,2026-09-27 00:24:36,29,25.0,1715.0,,Finished,
1,b1fdef5e-2ba0-46b6-8c0d-cd77b3c9181e,2026-09-27T00:25:01.292+00:00,2026-09-27T00:25:01.497+00:00,21072-30059,washers,50170050,72000000,2026-09-27 00:25:01,2026-09-26 22:11:54,29,7987.0,-6247.0,,Available,website maps this code to Available
1,b1fdef5e-2ba0-46b6-8c0d-cd77b3c9181e,2026-09-27T00:25:01.292+00:00,2026-09-27T00:25:01.497+00:00,21072-30059,washers,50170052,72000000,2026-09-27 00:25:01,2026-09-26 22:13:48,29,7873.0,-6133.0,,Available,website maps this code to Available
1,b1fdef5e-2ba0-46b6-8c0d-cd77b3c9181e,2026-09-27T00:25:01.292+00:00,2026-09-27T00:25:01.497+00:00,21072-30059,washers,50170078,72000000,2026-09-27 00:25:01,2026-09-26 21:14:24,29,11437.0,-9697.0,,Available,website maps this code to Available
1,b1fdef5e-2ba0-46b6-8c0d-cd77b3c9181e,2026-09-27T00:25:01.292+00:00,2026-09-27T00:25:01.497+00:00,21072-30059,washers,50170084,72000000,2026-09-27 00:25:01,2026-09-26 07:02:48,29,62533.0,-60793.0,,Available,website maps this code to Available
1,b1fdef5e-2ba0-46b6-8c0d-cd77b3c9181e,2026-09-27T00:25:01.292+00:00,2026-09-27T00:25:01.497+00:00,21072-30059,washers,50170068,72000000,2026-09-27 00:25:01,2026-09-26 22:56:07,29,5334.0,-3594.0,,Available,website maps this code to Available
1,b1fdef5e-2ba0-46b6-8c0d-cd77b3c9181e,2026-09-27T00:25:01.292+00:00,2026-09-27T00:25:01.497+00:00,21072-30059,washers,50170072,72000000,2026-09-27 00:25:01,2026-09-26 22:11:47,29,7994.0,-6254.0,,Available,website maps this code to Available
1,b1fdef5e-2ba0-46b6-8c0d-cd77b3c9181e,2026-09-27T00:25:01.292+00:00,2026-09-27T00:25:01.497+00:00,21072-30059,washers,20483408,72000000,2026-09-27 00:25:01,2024-12-20 00:43:32,0,55813289.0,-55813289.0,,Available,website maps this code to Available
1,b1fdef5e-2ba0-46b6-8c0d-cd77b3c9181e,2026-09-27T00:25:01.292+00:00,2026-09-27T00:25:01.497+00:00,21072-30059,washers,50170055,72000000,2026-09-27 00:25:01,2026-09-26 22:47:03,29,5878.0,-4138.0,,Available,website maps this code to Available
1,b1fdef5e-2ba0-46b6-8c0d-cd77b3c9181e,2026-09-27T00:25:01.292+00:00,2026-09-27T00:25:01.497+00:00,21072-30059,dryers,50170058,D2000000,2026-09-27 00:25:01,2026-09-26 17:53:29,45,23492.0,-20792.0,,Start Mode After PF,
1,b1fdef5e-2ba0-46b6-8c0d-cd77b3c9181e,2026-09-27T00:25:01.292+00:00,2026-09-27T00:25:01.497+00:00,21072-30059,dryers,50170061,72000000,2026-09-27 00:25:01,2026-09-26 17:26:29,1,25112.0,-25052.0,,Available,website maps this code to Available
1,b1fdef5e-2ba0-46b6-8c0d-cd77b3c9181e,2026-09-27T00:25:01.292+00:00,2026-09-27T00:25:01.497+00:00,21072-30059,dryers,50170081,72000000,2026-09-27 00:25:01,2026-09-26 15:30:05,46,32096.0,-29336.0,,Available,website maps this code to Available
1,b1fdef5e-2ba0-46b6-8c0d-cd77b3c9181e,2026-09-27T00:25:01.292+00:00,2026-09-27T00:25:01.497+00:00,21072-30059,dryers,50170060,72000000,2026-09-27 00:25:01,2026-09-26 23:03:30,46,4891.0,-2131.0,,Available,website maps this code to Available
1,b1fdef5e-2ba0-46b6-8c0d-cd77b3c9181e,2026-09-27T00:25:01.292+00:00,2026-09-27T00:25:01.497+00:00,21072-30059,dryers,50170087,72000000,2026-09-27 00:25:01,2026-09-26 20:57:29,46,12452.0,-9692.0,,Available,website maps this code to Available
1,b1fdef5e-2ba0-46b6-8c0d-cd77b3c9181e,2026-09-27T00:25:01.292+00:00,2026-09-27T00:25:01.497+00:00,21072-30059,dryers,50170064,72000000,2026-09-27 00:25:01,2026-09-26 23:12:17,46,4364.0,-1604.0,,Available,website maps this code to Available
1,b1fdef5e-2ba0-46b6-8c0d-cd77b3c9181e,2026-09-27T00:25:01.292+00:00,2026-09-27T00:25:01.497+00:00,21072-30059,dryers,50170065,72000000,2026-09-27 00:25:01,2026-09-26 23:13:21,46,4300.0,-1540.0,,Available,website maps this code to Available
1,b1fdef5e-2ba0-46b6-8c0d-cd77b3c9181e,2026-09-27T00:25:01.292+00:00,2026-09-27T00:25:01.497+00:00,21072-30059,dryers,50170059,72000000,2026-09-27 00:25:01,2026-09-27 00:14:41,46,620.0,2140.0,,Available,website maps this code to Available
1,b1fdef5e-2ba0-46b6-8c0d-cd77b3c9181e,2026-09-27T00:25:01.292+00:00,2026-09-27T00:25:01.497+00:00,21072-30059,dryers,50170057,72000000,2026-09-27 00:25:01,2026-09-26 23:30:30,46,3271.0,-511.0,,Available,website maps this code to Available
1,b1fdef5e-2ba0-46b6-8c0d-cd77b3c9181e,2026-09-27T00:25:01.292+00:00,2026-09-27T00:25:01.497+00:00,21072-30059,dryers,50170062,72000000,2026-09-27 00:25:01,2026-09-26 23:14:55,46,4206.0,-1446.0,,Available,website maps this code to Available
1,b1fdef5e-2ba0-46b6-8c0d-cd77b3c9181e,2026-09-27T00:25:01.292+00:00,2026-09-27T00:25:01.497+00:00,21072-30059,dryers,50170067,72000000,2026-09-27 00:25:01,2026-09-26 23:35:12,46,2989.0,-229.0,,Available,website maps this code to Available
1,b1fdef5e-2ba0-46b6-8c0d-cd77b3c9181e,2026-09-27T00:25:01.292+00:00,2026-09-27T00:25:01.497+00:00,21072-30059,dryers,50170074,72000000,2026-09-27 00:25:01,2026-09-26 23:05:09,46,4792.0,-2032.0,,Available,website maps this code to Available
1,b1fdef5e-2ba0-46b6-8c0d-cd77b3c9181e,2026-09-27T00:25:01.292+00:00,2026-09-27T00:25:01.497+00:00,21072-30059,dryers,50170071,72000000,2026-09-27 00:25:01,2026-09-26 23:04:10,46,4851.0,-2091.0,,Available,website maps this code to Available
1,b1fdef5e-2ba0-46b6-8c0d-cd77b3c9181e,2026-09-27T00:25:01.292+00:00,2026-09-27T00:25:01.497+00:00,21072-30059,dryers,50170054,72000000,2026-09-27 00:25:01,2026-09-26 23:01:41,46,5000.0,-2240.0,,Available,website maps this code to Available
1,719b4a2a-5e8d-4d86-a6fd-906052f9d3d2,2026-09-27T00:26:01.267+00:00,2026-09-27T00:26:01.478+00:00,21072-30059,washers,50170051,72000000,2026-09-27 00:26:01,2026-09-26 22:10:45,29,8116.0,-6376.0,,Available,website maps this code to Available
1,719b4a2a-5e8d-4d86-a6fd-906052f9d3d2,2026-09-27T00:26:01.267+00:00,2026-09-27T00:26:01.478+00:00,21072-30059,washers,50170080,52000000,2026-09-27 00:26:01,2026-09-27 00:24:45,29,76.0,1664.0,,Finished,
1,719b4a2a-5e8d-4d86-a6fd-906052f9d3d2,2026-09-27T00:26:01.267+00:00,2026-09-27T00:26:01.478+00:00,21072-30059,washers,50170075,52000000,2026-09-27 00:26:01,2026-09-27 00:20:19,29,342.0,1398.0,,Finished,
1,719b4a2a-5e8d-4d86-a6fd-906052f9d3d2,2026-09-27T00:26:01.267+00:00,2026-09-27T00:26:01.478+00:00,21072-30059,washers,50170082,52000000,2026-09-27 00:26:01,2026-09-27 00:24:36,29,85.0,1655.0,,Finished,
1,719b4a2a-5e8d-4d86-a6fd-906052f9d3d2,2026-09-27T00:26:01.267+00:00,2026-09-27T00:26:01.478+00:00,21072-30059,washers,50170050,72000000,2026-09-27 00:26:01,2026-09-26 22:11:54,29,8047.0,-6307.0,,Available,website maps this code to Available
1,719b4a2a-5e8d-4d86-a6fd-906052f9d3d2,2026-09-27T00:26:01.267+00:00,2026-09-27T00:26:01.478+00:00,21072-30059,washers,50170052,72000000,2026-09-27 00:26:01,2026-09-26 22:13:48,29,7933.0,-6193.0,,Available,website maps this code to Available
1,719b4a2a-5e8d-4d86-a6fd-906052f9d3d2,2026-09-27T00:26:01.267+00:00,2026-09-27T00:26:01.478+00:00,21072-30059,washers,50170078,72000000,2026-09-27 00:26:01,2026-09-26 21:14:24,29,11497.0,-9757.0,,Available,website maps this code to Available
1,719b4a2a-5e8d-4d86-a6fd-906052f9d3d2,2026-09-27T00:26:01.267+00:00,2026-09-27T00:26:01.478+00:00,21072-30059,washers,50170084,72000000,2026-09-27 00:26:01,2026-09-26 07:02:48,29,62593.0,-60853.0,,Available,website maps this code to Available
1,719b4a2a-5e8d-4d86-a6fd-906052f9d3d2,2026-09-27T00:26:01.267+00:00,2026-09-27T00:26:01.478+00:00,21072-30059,washers,50170068,72000000,2026-09-27 00:26:01,2026-09-26 22:56:07,29,5394.0,-3654.0,,Available,website maps this code to Available
1,719b4a2a-5e8d-4d86-a6fd-906052f9d3d2,2026-09-27T00:26:01.267+00:00,2026-09-27T00:26:01.478+00:00,21072-30059,washers,50170072,72000000,2026-09-27 00:26:01,2026-09-26 22:11:47,29,8054.0,-6314.0,,Available,website maps this code to Available
1,719b4a2a-5e8d-4d86-a6fd-906052f9d3d2,2026-09-27T00:26:01.267+00:00,2026-09-27T00:26:01.478+00:00,21072-30059,washers,20483408,72000000,2026-09-27 00:26:01,2024-12-20 00:43:32,0,55813349.0,-55813349.0,,Available,website maps this code to Available
1,719b4a2a-5e8d-4d86-a6fd-906052f9d3d2,2026-09-27T00:26:01.267+00:00,2026-09-27T00:26:01.478+00:00,21072-30059,washers,50170055,72000000,2026-09-27 00:26:01,2026-09-26 22:47:03,29,5938.0,-4198.0,,Available,website maps this code to Available
1,719b4a2a-5e8d-4d86-a6fd-906052f9d3d2,2026-09-27T00:26:01.267+00:00,2026-09-27T00:26:01.478+00:00,21072-30059,dryers,50170058,D2000000,2026-09-27 00:26:01,2026-09-26 17:53:29,45,23552.0,-20852.0,,Start Mode After PF,
1,719b4a2a-5e8d-4d86-a6fd-906052f9d3d2,2026-09-27T00:26:01.267+00:00,2026-09-27T00:26:01.478+00:00,21072-30059,dryers,50170061,72000000,2026-09-27 00:26:01,2026-09-26 17:26:29,1,25172.0,-25112.0,,Available,website maps this code to Available
1,719b4a2a-5e8d-4d86-a6fd-906052f9d3d2,2026-09-27T00:26:01.267+00:00,2026-09-27T00:26:01.478+00:00,21072-30059,dryers,50170081,72000000,2026-09-27 00:26:01,2026-09-26 15:30:05,46,32156.0,-29396.0,,Available,website maps this code to Available
1,719b4a2a-5e8d-4d86-a6fd-906052f9d3d2,2026-09-27T00:26:01.267+00:00,2026-09-27T00:26:01.478+00:00,21072-30059,dryers,50170060,72000000,2026-09-27 00:26:01,2026-09-26 23:03:30,46,4951.0,-2191.0,,Available,website maps this code to Available
1,719b4a2a-5e8d-4d86-a6fd-906052f9d3d2,2026-09-27T00:26:01.267+00:00,2026-09-27T00:26:01.478+00:00,21072-30059,dryers,50170087,72000000,2026-09-27 00:26:01,2026-09-26 20:57:29,46,12512.0,-9752.0,,Available,website maps this code to Available
1,719b4a2a-5e8d-4d86-a6fd-906052f9d3d2,2026-09-27T00:26:01.267+00:00,2026-09-27T00:26:01.478+00:00,21072-30059,dryers,50170064,72000000,2026-09-27 00:26:01,2026-09-26 23:12:17,46,4424.0,-1664.0,,Available,website maps this code to Available
1,719b4a2a-5e8d-4d86-a6fd-906052f9d3d2,2026-09-27T00:26:01.267+00:00,2026-09-27T00:26:01.478+00:00,21072-30059,dryers,50170065,72000000,2026-09-27 00:26:01,2026-09-26 23:13:21,46,4360.0,-1600.0,,Available,website maps this code to Available
1,719b4a2a-5e8d-4d86-a6fd-906052f9d3d2,2026-09-27T00:26:01.267+00:00,2026-09-27T00:26:01.478+00:00,21072-30059,dryers,50170059,72000000,2026-09-27 00:26:01,2026-09-27 00:14:41,46,680.0,2080.0,,Available,website maps this code to Available
1,719b4a2a-5e8d-4d86-a6fd-906052f9d3d2,2026-09-27T00:26:01.267+00:00,2026-09-27T00:26:01.478+00:00,21072-30059,dryers,50170057,72000000,2026-09-27 00:26:01,2026-09-26 23:30:30,46,3331.0,-571.0,,Available,website maps this code to Available
1,719b4a2a-5e8d-4d86-a6fd-906052f9d3d2,2026-09-27T00:26:01.267+00:00,2026-09-27T00:26:01.478+00:00,21072-30059,dryers,50170062,72000000,2026-09-27 00:26:01,2026-09-26 23:14:55,46,4266.0,-1506.0,,Available,website maps this code to Available
1,719b4a2a-5e8d-4d86-a6fd-906052f9d3d2,2026-09-27T00:26:01.267+00:00,2026-09-27T00:26:01.478+00:00,21072-30059,dryers,50170067,72000000,2026-09-27 00:26:01,2026-09-26 23:35:12,46,3049.0,-289.0,,Available,website maps this code to Available
1,719b4a2a-5e8d-4d86-a6fd-906052f9d3d2,2026-09-27T00:26:01.267+00:00,2026-09-27T00:26:01.478+00:00,21072-30059,dryers,50170074,72000000,2026-09-27 00:26:01,2026-09-26 23:05:09,46,4852.0,-2092.0,,Available,website maps this code to Available
1,719b4a2a-5e8d-4d86-a6fd-906052f9d3d2,2026-09-27T00:26:01.267+00:00,2026-09-27T00:26:01.478+00:00,21072-30059,dryers,50170071,72000000,2026-09-27 00:26:01,2026-09-26 23:04:10,46,4911.0,-2151.0,,Available,website maps this code to Available
1,719b4a2a-5e8d-4d86-a6fd-906052f9d3d2,2026-09-27T00:26:01.267+00:00,2026-09-27T00:26:01.478+00:00,21072-30059,dryers,50170054,72000000,2026-09-27 00:26:01,2026-09-26 23:01:41,46,5060.0,-2300.0,,Available,website maps this code to Available
1,edcb2bc6-7fe0-4857-9649-e417d9136ea7,2026-09-27T00:27:01.270+00:00,2026-09-27T00:27:01.465+00:00,21072-30059,washers,50170051,72000000,2026-09-27 00:27:01,2026-09-26 22:10:45,29,8176.0,-6436.0,,Available,website maps this code to Available
1,edcb2bc6-7fe0-4857-9649-e417d9136ea7,2026-09-27T00:27:01.270+00:00,2026-09-27T00:27:01.465+00:00,21072-30059,washers,50170080,52000000,2026-09-27 00:27:01,2026-09-27 00:24:45,29,136.0,1604.0,,Finished,
1,edcb2bc6-7fe0-4857-9649-e417d9136ea7,2026-09-27T00:27:01.270+00:00,2026-09-27T00:27:01.465+00:00,21072-30059,washers,50170075,52000000,2026-09-27 00:27:01,2026-09-27 00:20:19,29,402.0,1338.0,,Finished,
1,edcb2bc6-7fe0-4857-9649-e417d9136ea7,2026-09-27T00:27:01.270+00:00,2026-09-27T00:27:01.465+00:00,21072-30059,washers,50170082,52000000,2026-09-27 00:27:01,2026-09-27 00:24:36,29,145.0,1595.0,,Finished,
1,edcb2bc6-7fe0-4857-9649-e417d9136ea7,2026-09-27T00:27:01.270+00:00,2026-09-27T00:27:01.465+00:00,21072-30059,washers,50170050,72000000,2026-09-27 00:27:01,2026-09-26 22:11:54,29,8107.0,-6367.0,,Available,website maps this code to Available
1,edcb2bc6-7fe0-4857-9649-e417d9136ea7,2026-09-27T00:27:01.270+00:00,2026-09-27T00:27:01.465+00:00,21072-30059,washers,50170052,72000000,2026-09-27 00:27:01,2026-09-26 22:13:48,29,7993.0,-6253.0,,Available,website maps this code to Available
1,edcb2bc6-7fe0-4857-9649-e417d9136ea7,2026-09-27T00:27:01.270+00:00,2026-09-27T00:27:01.465+00:00,21072-30059,washers,50170078,72000000,2026-09-27 00:27:01,2026-09-26 21:14:24,29,11557.0,-9817.0,,Available,website maps this code to Available
1,edcb2bc6-7fe0-4857-9649-e417d9136ea7,2026-09-27T00:27:01.270+00:00,2026-09-27T00:27:01.465+00:00,21072-30059,washers,50170084,72000000,2026-09-27 00:27:01,2026-09-26 07:02:48,29,62653.0,-60913.0,,Available,website maps this code to Available
1,edcb2bc6-7fe0-4857-9649-e417d9136ea7,2026-09-27T00:27:01.270+00:00,2026-09-27T00:27:01.465+00:00,21072-30059,washers,50170068,72000000,2026-09-27 00:27:01,2026-09-26 22:56:07,29,5454.0,-3714.0,,Available,website maps this code to Available
1,edcb2bc6-7fe0-4857-9649-e417d9136ea7,2026-09-27T00:27:01.270+00:00,2026-09-27T00:27:01.465+00:00,21072-30059,washers,50170072,72000000,2026-09-27 00:27:01,2026-09-26 22:11:47,29,8114.0,-6374.0,,Available,website maps this code to Available
1,edcb2bc6-7fe0-4857-9649-e417d9136ea7,2026-09-27T00:27:01.270+00:00,2026-09-27T00:27:01.465+00:00,21072-30059,washers,20483408,72000000,2026-09-27 00:27:01,2024-12-20 00:43:32,0,55813409.0,-55813409.0,,Available,website maps this code to Available
1,edcb2bc6-7fe0-4857-9649-e417d9136ea7,2026-09-27T00:27:01.270+00:00,2026-09-27T00:27:01.465+00:00,21072-30059,washers,50170055,72000000,2026-09-27 00:27:01,2026-09-26 22:47:03,29,5998.0,-4258.0,,Available,website maps this code to Available
1,edcb2bc6-7fe0-4857-9649-e417d9136ea7,2026-09-27T00:27:01.270+00:00,2026-09-27T00:27:01.465+00:00,21072-30059,dryers,50170058,D2000000,2026-09-27 00:27:01,2026-09-26 17:53:29,45,23612.0,-20912.0,,Start Mode After PF,
1,edcb2bc6-7fe0-4857-9649-e417d9136ea7,2026-09-27T00:27:01.270+00:00,2026-09-27T00:27:01.465+00:00,21072-30059,dryers,50170061,72000000,2026-09-27 00:27:01,2026-09-26 17:26:29,1,25232.0,-25172.0,,Available,website maps this code to Available
1,edcb2bc6-7fe0-4857-9649-e417d9136ea7,2026-09-27T00:27:01.270+00:00,2026-09-27T00:27:01.465+00:00,21072-30059,dryers,50170081,72000000,2026-09-27 00:27:01,2026-09-26 15:30:05,46,32216.0,-29456.0,,Available,website maps this code to Available
1,edcb2bc6-7fe0-4857-9649-e417d9136ea7,2026-09-27T00:27:01.270+00:00,2026-09-27T00:27:01.465+00:00,21072-30059,dryers,50170060,72000000,2026-09-27 00:27:01,2026-09-26 23:03:30,46,5011.0,-2251.0,,Available,website maps this code to Available
1,edcb2bc6-7fe0-4857-9649-e417d9136ea7,2026-09-27T00:27:01.270+00:00,2026-09-27T00:27:01.465+00:00,21072-30059,dryers,50170087,72000000,2026-09-27 00:27:01,2026-09-26 20:57:29,46,12572.0,-9812.0,,Available,website maps this code to Available
1,edcb2bc6-7fe0-4857-9649-e417d9136ea7,2026-09-27T00:27:01.270+00:00,2026-09-27T00:27:01.465+00:00,21072-30059,dryers,50170064,72000000,2026-09-27 00:27:01,2026-09-26 23:12:17,46,4484.0,-1724.0,,Available,website maps this code to Available
1,edcb2bc6-7fe0-4857-9649-e417d9136ea7,2026-09-27T00:27:01.270+00:00,2026-09-27T00:27:01.465+00:00,21072-30059,dryers,50170065,72000000,2026-09-27 00:27:01,2026-09-26 23:13:21,46,4420.0,-1660.0,,Available,website maps this code to Available
1,edcb2bc6-7fe0-4857-9649-e417d9136ea7,2026-09-27T00:27:01.270+00:00,2026-09-27T00:27:01.465+00:00,21072-30059,dryers,50170059,72000000,2026-09-27 00:27:01,2026-09-27 00:14:41,46,740.0,2020.0,,Available,website maps this code to Available
1,edcb2bc6-7fe0-4857-9649-e417d9136ea7,2026-09-27T00:27:01.270+00:00,2026-09-27T00:27:01.465+00:00,21072-30059,dryers,50170057,72000000,2026-09-27 00:27:01,2026-09-26 23:30:30,46,3391.0,-631.0,,Available,website maps this code to Available
1,edcb2bc6-7fe0-4857-9649-e417d9136ea7,2026-09-27T00:27:01.270+00:00,2026-09-27T00:27:01.465+00:00,21072-30059,dryers,50170062,72000000,2026-09-27 00:27:01,2026-09-26 23:14:55,46,4326.0,-1566.0,,Available,website maps this code to Available
1,edcb2bc6-7fe0-4857-9649-e417d9136ea7,2026-09-27T00:27:01.270+00:00,2026-09-27T00:27:01.465+00:00,21072-30059,dryers,50170067,72000000,2026-09-27 00:27:01,2026-09-26 23:35:12,46,3109.0,-349.0,,Available,website maps this code to Available
1,edcb2bc6-7fe0-4857-9649-e417d9136ea7,2026-09-27T00:27:01.270+00:00,2026-09-27T00:27:01.465+00:00,21072-30059,dryers,50170074,72000000,2026-09-27 00:27:01,2026-09-26 23:05:09,46,4912.0,-2152.0,,Available,website maps this code to Available
1,edcb2bc6-7fe0-4857-9649-e417d9136ea7,2026-09-27T00:27:01.270+00:00,2026-09-27T00:27:01.465+00:00,21072-30059,dryers,50170071,72000000,2026-09-27 00:27:01,2026-09-26 23:04:10,46,4971.0,-2211.0,,Available,website maps this code to Available
1,edcb2bc6-7fe0-4857-9649-e417d9136ea7,2026-09-27T00:27:01.270+00:00,2026-09-27T00:27:01.465+00:00,21072-30059,dryers,50170054,72000000,2026-09-27 00:27:01,2026-09-26 23:01:41,46,5120.0,-2360.0,,Available,website maps this code to Available
1,9072d387-b3e4-41a6-b3b3-a006637e7584,2026-09-27T00:28:01.289+00:00,2026-09-27T00:28:01.467+00:00,21072-30059,washers,50170051,72000000,2026-09-27 00:28:01,2026-09-26 22:10:45,29,8236.0,-6496.0,,Available,website maps this code to Available
1,9072d387-b3e4-41a6-b3b3-a006637e7584,2026-09-27T00:28:01.289+00:00,2026-09-27T00:28:01.467+00:00,21072-30059,washers,50170080,52000000,2026-09-27 00:28:01,2026-09-27 00:24:45,29,196.0,1544.0,,Finished,
1,9072d387-b3e4-41a6-b3b3-a006637e7584,2026-09-27T00:28:01.289+00:00,2026-09-27T00:28:01.467+00:00,21072-30059,washers,50170075,52000000,2026-09-27 00:28:01,2026-09-27 00:20:19,29,462.0,1278.0,,Finished,
1,9072d387-b3e4-41a6-b3b3-a006637e7584,2026-09-27T00:28:01.289+00:00,2026-09-27T00:28:01.467+00:00,21072-30059,washers,50170082,52000000,2026-09-27 00:28:01,2026-09-27 00:24:36,29,205.0,1535.0,,Finished,
1,9072d387-b3e4-41a6-b3b3-a006637e7584,2026-09-27T00:28:01.289+00:00,2026-09-27T00:28:01.467+00:00,21072-30059,washers,50170050,72000000,2026-09-27 00:28:01,2026-09-26 22:11:54,29,8167.0,-6427.0,,Available,website maps this code to Available
1,9072d387-b3e4-41a6-b3b3-a006637e7584,2026-09-27T00:28:01.289+00:00,2026-09-27T00:28:01.467+00:00,21072-30059,washers,50170052,72000000,2026-09-27 00:28:01,2026-09-26 22:13:48,29,8053.0,-6313.0,,Available,website maps this code to Available
1,9072d387-b3e4-41a6-b3b3-a006637e7584,2026-09-27T00:28:01.289+00:00,2026-09-27T00:28:01.467+00:00,21072-30059,washers,50170078,72000000,2026-09-27 00:28:01,2026-09-26 21:14:24,29,11617.0,-9877.0,,Available,website maps this code to Available
1,9072d387-b3e4-41a6-b3b3-a006637e7584,2026-09-27T00:28:01.289+00:00,2026-09-27T00:28:01.467+00:00,21072-30059,washers,50170084,72000000,2026-09-27 00:28:01,2026-09-26 07:02:48,29,62713.0,-60973.0,,Available,website maps this code to Available
1,9072d387-b3e4-41a6-b3b3-a006637e7584,2026-09-27T00:28:01.289+00:00,2026-09-27T00:28:01.467+00:00,21072-30059,washers,50170068,72000000,2026-09-27 00:28:01,2026-09-26 22:56:07,29,5514.0,-3774.0,,Available,website maps this code to Available
1,9072d387-b3e4-41a6-b3b3-a006637e7584,2026-09-27T00:28:01.289+00:00,2026-09-27T00:28:01.467+00:00,21072-30059,washers,50170072,72000000,2026-09-27 00:28:01,2026-09-26 22:11:47,29,8174.0,-6434.0,,Available,website maps this code to Available
1,9072d387-b3e4-41a6-b3b3-a006637e7584,2026-09-27T00:28:01.289+00:00,2026-09-27T00:28:01.467+00:00,21072-30059,washers,20483408,72000000,2026-09-27 00:28:01,2024-12-20 00:43:32,0,55813469.0,-55813469.0,,Available,website maps this code to Available
1,9072d387-b3e4-41a6-b3b3-a006637e7584,2026-09-27T00:28:01.289+00:00,2026-09-27T00:28:01.467+00:00,21072-30059,washers,50170055,72000000,2026-09-27 00:28:01,2026-09-26 22:47:03,29,6058.0,-4318.0,,Available,website maps this code to Available
1,9072d387-b3e4-41a6-b3b3-a006637e7584,2026-09-27T00:28:01.289+00:00,2026-09-27T00:28:01.467+00:00,21072-30059,dryers,50170058,D2000000,2026-09-27 00:28:01,2026-09-26 17:53:29,45,23672.0,-20972.0,,Start Mode After PF,
1,9072d387-b3e4-41a6-b3b3-a006637e7584,2026-09-27T00:28:01.289+00:00,2026-09-27T00:28:01.467+00:00,21072-30059,dryers,50170061,72000000,2026-09-27 00:28:01,2026-09-26 17:26:29,1,25292.0,-25232.0,,Available,website maps this code to Available
1,9072d387-b3e4-41a6-b3b3-a006637e7584,2026-09-27T00:28:01.289+00:00,2026-09-27T00:28:01.467+00:00,21072-30059,dryers,50170081,72000000,2026-09-27 00:28:01,2026-09-26 15:30:05,46,32276.0,-29516.0,,Available,website maps this code to Available
1,9072d387-b3e4-41a6-b3b3-a006637e7584,2026-09-27T00:28:01.289+00:00,2026-09-27T00:28:01.467+00:00,21072-30059,dryers,50170060,72000000,2026-09-27 00:28:01,2026-09-26 23:03:30,46,5071.0,-2311.0,,Available,website maps this code to Available
1,9072d387-b3e4-41a6-b3b3-a006637e7584,2026-09-27T00:28:01.289+00:00,2026-09-27T00:28:01.467+00:00,21072-30059,dryers,50170087,72000000,2026-09-27 00:28:01,2026-09-26 20:57:29,46,12632.0,-9872.0,,Available,website maps this code to Available
1,9072d387-b3e4-41a6-b3b3-a006637e7584,2026-09-27T00:28:01.289+00:00,2026-09-27T00:28:01.467+00:00,21072-30059,dryers,50170064,72000000,2026-09-27 00:28:01,2026-09-26 23:12:17,46,4544.0,-1784.0,,Available,website maps this code to Available
1,9072d387-b3e4-41a6-b3b3-a006637e7584,2026-09-27T00:28:01.289+00:00,2026-09-27T00:28:01.467+00:00,21072-30059,dryers,50170065,72000000,2026-09-27 00:28:01,2026-09-26 23:13:21,46,4480.0,-1720.0,,Available,website maps this code to Available
1,9072d387-b3e4-41a6-b3b3-a006637e7584,2026-09-27T00:28:01.289+00:00,2026-09-27T00:28:01.467+00:00,21072-30059,dryers,50170059,72000000,2026-09-27 00:28:01,2026-09-27 00:14:41,46,800.0,1960.0,,Available,website maps this code to Available
1,9072d387-b3e4-41a6-b3b3-a006637e7584,2026-09-27T00:28:01.289+00:00,2026-09-27T00:28:01.467+00:00,21072-30059,dryers,50170057,72000000,2026-09-27 00:28:01,2026-09-26 23:30:30,46,3451.0,-691.0,,Available,website maps this code to Available
1,9072d387-b3e4-41a6-b3b3-a006637e7584,2026-09-27T00:28:01.289+00:00,2026-09-27T00:28:01.467+00:00,21072-30059,dryers,50170062,72000000,2026-09-27 00:28:01,2026-09-26 23:14:55,46,4386.0,-1626.0,,Available,website maps this code to Available
1,9072d387-b3e4-41a6-b3b3-a006637e7584,2026-09-27T00:28:01.289+00:00,2026-09-27T00:28:01.467+00:00,21072-30059,dryers,50170067,72000000,2026-09-27 00:28:01,2026-09-26 23:35:12,46,3169.0,-409.0,,Available,website maps this code to Available
1,9072d387-b3e4-41a6-b3b3-a006637e7584,2026-09-27T00:28:01.289+00:00,2026-09-27T00:28:01.467+00:00,21072-30059,dryers,50170074,72000000,2026-09-27 00:28:01,2026-09-26 23:05:09,46,4972.0,-2212.0,,Available,website maps this code to Available
1,9072d387-b3e4-41a6-b3b3-a006637e7584,2026-09-27T00:28:01.289+00:00,2026-09-27T00:28:01.467+00:00,21072-30059,dryers,50170071,72000000,2026-09-27 00:28:01,2026-09-26 23:04:10,46,5031.0,-2271.0,,Available,website maps this code to Available
1,9072d387-b3e4-41a6-b3b3-a006637e7584,2026-09-27T00:28:01.289+00:00,2026-09-27T00:28:01.467+00:00,21072-30059,dryers,50170054,72000000,2026-09-27 00:28:01,2026-09-26 23:01:41,46,5180.0,-2420.0,,Available,website maps this code to Available
1,48808935-b54a-4f71-82aa-ce8468430e0e,2026-09-27T00:29:01.334+00:00,2026-09-27T00:29:01.540+00:00,21072-30059,washers,50170051,72000000,2026-09-27 00:29:01,2026-09-26 22:10:45,29,8296.0,-6556.0,,Available,website maps this code to Available
1,48808935-b54a-4f71-82aa-ce8468430e0e,2026-09-27T00:29:01.334+00:00,2026-09-27T00:29:01.540+00:00,21072-30059,washers,50170080,52000000,2026-09-27 00:29:01,2026-09-27 00:24:45,29,256.0,1484.0,,Finished,
1,48808935-b54a-4f71-82aa-ce8468430e0e,2026-09-27T00:29:01.334+00:00,2026-09-27T00:29:01.540+00:00,21072-30059,washers,50170075,52000000,2026-09-27 00:29:01,2026-09-27 00:20:19,29,522.0,1218.0,,Finished,
1,48808935-b54a-4f71-82aa-ce8468430e0e,2026-09-27T00:29:01.334+00:00,2026-09-27T00:29:01.540+00:00,21072-30059,washers,50170082,52000000,2026-09-27 00:29:01,2026-09-27 00:24:36,29,265.0,1475.0,,Finished,
1,48808935-b54a-4f71-82aa-ce8468430e0e,2026-09-27T00:29:01.334+00:00,2026-09-27T00:29:01.540+00:00,21072-30059,washers,50170050,72000000,2026-09-27 00:29:01,2026-09-26 22:11:54,29,8227.0,-6487.0,,Available,website maps this code to Available
1,48808935-b54a-4f71-82aa-ce8468430e0e,2026-09-27T00:29:01.334+00:00,2026-09-27T00:29:01.540+00:00,21072-30059,washers,50170052,72000000,2026-09-27 00:29:01,2026-09-26 22:13:48,29,8113.0,-6373.0,,Available,website maps this code to Available
1,48808935-b54a-4f71-82aa-ce8468430e0e,2026-09-27T00:29:01.334+00:00,2026-09-27T00:29:01.540+00:00,21072-30059,washers,50170078,72000000,2026-09-27 00:29:01,2026-09-26 21:14:24,29,11677.0,-9937.0,,Available,website maps this code to Available
1,48808935-b54a-4f71-82aa-ce8468430e0e,2026-09-27T00:29:01.334+00:00,2026-09-27T00:29:01.540+00:00,21072-30059,washers,50170084,72000000,2026-09-27 00:29:01,2026-09-26 07:02:48,29,62773.0,-61033.0,,Available,website maps this code to Available
1,48808935-b54a-4f71-82aa-ce8468430e0e,2026-09-27T00:29:01.334+00:00,2026-09-27T00:29:01.540+00:00,21072-30059,washers,50170068,72000000,2026-09-27 00:29:01,2026-09-26 22:56:07,29,5574.0,-3834.0,,Available,website maps this code to Available
1,48808935-b54a-4f71-82aa-ce8468430e0e,2026-09-27T00:29:01.334+00:00,2026-09-27T00:29:01.540+00:00,21072-30059,washers,50170072,72000000,2026-09-27 00:29:01,2026-09-26 22:11:47,29,8234.0,-6494.0,,Available,website maps this code to Available
1,48808935-b54a-4f71-82aa-ce8468430e0e,2026-09-27T00:29:01.334+00:00,2026-09-27T00:29:01.540+00:00,21072-30059,washers,20483408,72000000,2026-09-27 00:29:01,2024-12-20 00:43:32,0,55813529.0,-55813529.0,,Available,website maps this code to Available
1,48808935-b54a-4f71-82aa-ce8468430e0e,2026-09-27T00:29:01.334+00:00,2026-09-27T00:29:01.540+00:00,21072-30059,washers,50170055,72000000,2026-09-27 00:29:01,2026-09-26 22:47:03,29,6118.0,-4378.0,,Available,website maps this code to Available
1,48808935-b54a-4f71-82aa-ce8468430e0e,2026-09-27T00:29:01.334+00:00,2026-09-27T00:29:01.540+00:00,21072-30059,dryers,50170058,D2000000,2026-09-27 00:29:01,2026-09-26 17:53:29,45,23732.0,-21032.0,,Start Mode After PF,
1,48808935-b54a-4f71-82aa-ce8468430e0e,2026-09-27T00:29:01.334+00:00,2026-09-27T00:29:01.540+00:00,21072-30059,dryers,50170061,72000000,2026-09-27 00:29:01,2026-09-26 17:26:29,1,25352.0,-25292.0,,Available,website maps this code to Available
1,48808935-b54a-4f71-82aa-ce8468430e0e,2026-09-27T00:29:01.334+00:00,2026-09-27T00:29:01.540+00:00,21072-30059,dryers,50170081,72000000,2026-09-27 00:29:01,2026-09-26 15:30:05,46,32336.0,-29576.0,,Available,website maps this code to Available
1,48808935-b54a-4f71-82aa-ce8468430e0e,2026-09-27T00:29:01.334+00:00,2026-09-27T00:29:01.540+00:00,21072-30059,dryers,50170060,72000000,2026-09-27 00:29:01,2026-09-26 23:03:30,46,5131.0,-2371.0,,Available,website maps this code to Available
1,48808935-b54a-4f71-82aa-ce8468430e0e,2026-09-27T00:29:01.334+00:00,2026-09-27T00:29:01.540+00:00,21072-30059,dryers,50170087,72000000,2026-09-27 00:29:01,2026-09-26 20:57:29,46,12692.0,-9932.0,,Available,website maps this code to Available
1,48808935-b54a-4f71-82aa-ce8468430e0e,2026-09-27T00:29:01.334+00:00,2026-09-27T00:29:01.540+00:00,21072-30059,dryers,50170064,72000000,2026-09-27 00:29:01,2026-09-26 23:12:17,46,4604.0,-1844.0,,Available,website maps this code to Available
1,48808935-b54a-4f71-82aa-ce8468430e0e,2026-09-27T00:29:01.334+00:00,2026-09-27T00:29:01.540+00:00,21072-30059,dryers,50170065,72000000,2026-09-27 00:29:01,2026-09-26 23:13:21,46,4540.0,-1780.0,,Available,website maps this code to Available
1,48808935-b54a-4f71-82aa-ce8468430e0e,2026-09-27T00:29:01.334+00:00,2026-09-27T00:29:01.540+00:00,21072-30059,dryers,50170059,72000000,2026-09-27 00:29:01,2026-09-27 00:14:41,46,860.0,1900.0,,Available,website maps this code to Available
1,48808935-b54a-4f71-82aa-ce8468430e0e,2026-09-27T00:29:01.334+00:00,2026-09-27T00:29:01.540+00:00,21072-30059,dryers,50170057,72000000,2026-09-27 00:29:01,2026-09-26 23:30:30,46,3511.0,-751.0,,Available,website maps this code to Available
1,48808935-b54a-4f71-82aa-ce8468430e0e,2026-09-27T00:29:01.334+00:00,2026-09-27T00:29:01.540+00:00,21072-30059,dryers,50170062,72000000,2026-09-27 00:29:01,2026-09-26 23:14:55,46,4446.0,-1686.0,,Available,website maps this code to Available
1,48808935-b54a-4f71-82aa-ce8468430e0e,2026-09-27T00:29:01.334+00:00,2026-09-27T00:29:01.540+00:00,21072-30059,dryers,50170067,72000000,2026-09-27 00:29:01,2026-09-26 23:35:12,46,3229.0,-469.0,,Available,website maps this code to Available
1,48808935-b54a-4f71-82aa-ce8468430e0e,2026-09-27T00:29:01.334+00:00,2026-09-27T00:29:01.540+00:00,21072-30059,dryers,50170074,72000000,2026-09-27 00:29:01,2026-09-26 23:05:09,46,5032.0,-2272.0,,Available,website maps this code to Available
1,48808935-b54a-4f71-82aa-ce8468430e0e,2026-09-27T00:29:01.334+00:00,2026-09-27T00:29:01.540+00:00,21072-30059,dryers,50170071,72000000,2026-09-27 00:29:01,2026-09-26 23:04:10,46,5091.0,-2331.0,,Available,website maps this code to Available
1,48808935-b54a-4f71-82aa-ce8468430e0e,2026-09-27T00:29:01.334+00:00,2026-09-27T00:29:01.540+00:00,21072-30059,dryers,50170054,72000000,2026-09-27 00:29:01,2026-09-26 23:01:41,46,5240.0,-2480.0,,Available,website maps this code to Available
1,de1f92a5-c3e7-41e5-a92d-26aa39035972,2026-09-27T00:30:01.391+00:00,2026-09-27T00:30:01.634+00:00,21072-30059,washers,50170051,72000000,2026-09-27 00:30:01,2026-09-26 22:10:45,29,8356.0,-6616.0,,Available,website maps this code to Available
1,de1f92a5-c3e7-41e5-a92d-26aa39035972,2026-09-27T00:30:01.391+00:00,2026-09-27T00:30:01.634+00:00,21072-30059,washers,50170080,52000000,2026-09-27 00:30:01,2026-09-27 00:24:45,29,316.0,1424.0,,Finished,
1,de1f92a5-c3e7-41e5-a92d-26aa39035972,2026-09-27T00:30:01.391+00:00,2026-09-27T00:30:01.634+00:00,21072-30059,washers,50170075,52000000,2026-09-27 00:30:01,2026-09-27 00:20:19,29,582.0,1158.0,,Finished,
1,de1f92a5-c3e7-41e5-a92d-26aa39035972,2026-09-27T00:30:01.391+00:00,2026-09-27T00:30:01.634+00:00,21072-30059,washers,50170082,52000000,2026-09-27 00:30:01,2026-09-27 00:24:36,29,325.0,1415.0,,Finished,
1,de1f92a5-c3e7-41e5-a92d-26aa39035972,2026-09-27T00:30:01.391+00:00,2026-09-27T00:30:01.634+00:00,21072-30059,washers,50170050,72000000,2026-09-27 00:30:01,2026-09-26 22:11:54,29,8287.0,-6547.0,,Available,website maps this code to Available
1,de1f92a5-c3e7-41e5-a92d-26aa39035972,2026-09-27T00:30:01.391+00:00,2026-09-27T00:30:01.634+00:00,21072-30059,washers,50170052,72000000,2026-09-27 00:30:01,2026-09-26 22:13:48,29,8173.0,-6433.0,,Available,website maps this code to Available
1,de1f92a5-c3e7-41e5-a92d-26aa39035972,2026-09-27T00:30:01.391+00:00,2026-09-27T00:30:01.634+00:00,21072-30059,washers,50170078,72000000,2026-09-27 00:30:01,2026-09-26 21:14:24,29,11737.0,-9997.0,,Available,website maps this code to Available
1,de1f92a5-c3e7-41e5-a92d-26aa39035972,2026-09-27T00:30:01.391+00:00,2026-09-27T00:30:01.634+00:00,21072-30059,washers,50170084,72000000,2026-09-27 00:30:01,2026-09-26 07:02:48,29,62833.0,-61093.0,,Available,website maps this code to Available
1,de1f92a5-c3e7-41e5-a92d-26aa39035972,2026-09-27T00:30:01.391+00:00,2026-09-27T00:30:01.634+00:00,21072-30059,washers,50170068,72000000,2026-09-27 00:30:01,2026-09-26 22:56:07,29,5634.0,-3894.0,,Available,website maps this code to Available
1,de1f92a5-c3e7-41e5-a92d-26aa39035972,2026-09-27T00:30:01.391+00:00,2026-09-27T00:30:01.634+00:00,21072-30059,washers,50170072,72000000,2026-09-27 00:30:01,2026-09-26 22:11:47,29,8294.0,-6554.0,,Available,website maps this code to Available
1,de1f92a5-c3e7-41e5-a92d-26aa39035972,2026-09-27T00:30:01.391+00:00,2026-09-27T00:30:01.634+00:00,21072-30059,washers,20483408,72000000,2026-09-27 00:30:01,2024-12-20 00:43:32,0,55813589.0,-55813589.0,,Available,website maps this code to Available
1,de1f92a5-c3e7-41e5-a92d-26aa39035972,2026-09-27T00:30:01.391+00:00,2026-09-27T00:30:01.634+00:00,21072-30059,washers,50170055,72000000,2026-09-27 00:30:01,2026-09-26 22:47:03,29,6178.0,-4438.0,,Available,website maps this code to Available
1,de1f92a5-c3e7-41e5-a92d-26aa39035972,2026-09-27T00:30:01.391+00:00,2026-09-27T00:30:01.634+00:00,21072-30059,dryers,50170058,D2000000,2026-09-27 00:30:01,2026-09-26 17:53:29,45,23792.0,-21092.0,,Start Mode After PF,
1,de1f92a5-c3e7-41e5-a92d-26aa39035972,2026-09-27T00:30:01.391+00:00,2026-09-27T00:30:01.634+00:00,21072-30059,dryers,50170061,72000000,2026-09-27 00:30:01,2026-09-26 17:26:29,1,25412.0,-25352.0,,Available,website maps this code to Available
1,de1f92a5-c3e7-41e5-a92d-26aa39035972,2026-09-27T00:30:01.391+00:00,2026-09-27T00:30:01.634+00:00,21072-30059,dryers,50170081,72000000,2026-09-27 00:30:01,2026-09-26 15:30:05,46,32396.0,-29636.0,,Available,website maps this code to Available
1,de1f92a5-c3e7-41e5-a92d-26aa39035972,2026-09-27T00:30:01.391+00:00,2026-09-27T00:30:01.634+00:00,21072-30059,dryers,50170060,72000000,2026-09-27 00:30:01,2026-09-26 23:03:30,46,5191.0,-2431.0,,Available,website maps this code to Available
1,de1f92a5-c3e7-41e5-a92d-26aa39035972,2026-09-27T00:30:01.391+00:00,2026-09-27T00:30:01.634+00:00,21072-30059,dryers,50170087,72000000,2026-09-27 00:30:01,2026-09-26 20:57:29,46,12752.0,-9992.0,,Available,website maps this code to Available
1,de1f92a5-c3e7-41e5-a92d-26aa39035972,2026-09-27T00:30:01.391+00:00,2026-09-27T00:30:01.634+00:00,21072-30059,dryers,50170064,72000000,2026-09-27 00:30:01,2026-09-26 23:12:17,46,4664.0,-1904.0,,Available,website maps this code to Available
1,de1f92a5-c3e7-41e5-a92d-26aa39035972,2026-09-27T00:30:01.391+00:00,2026-09-27T00:30:01.634+00:00,21072-30059,dryers,50170065,72000000,2026-09-27 00:30:01,2026-09-26 23:13:21,46,4600.0,-1840.0,,Available,website maps this code to Available
1,de1f92a5-c3e7-41e5-a92d-26aa39035972,2026-09-27T00:30:01.391+00:00,2026-09-27T00:30:01.634+00:00,21072-30059,dryers,50170059,72000000,2026-09-27 00:30:01,2026-09-27 00:14:41,46,920.0,1840.0,,Available,website maps this code to Available
1,de1f92a5-c3e7-41e5-a92d-26aa39035972,2026-09-27T00:30:01.391+00:00,2026-09-27T00:30:01.634+00:00,21072-30059,dryers,50170057,72000000,2026-09-27 00:30:01,2026-09-26 23:30:30,46,3571.0,-811.0,,Available,website maps this code to Available
1,de1f92a5-c3e7-41e5-a92d-26aa39035972,2026-09-27T00:30:01.391+00:00,2026-09-27T00:30:01.634+00:00,21072-30059,dryers,50170062,72000000,2026-09-27 00:30:01,2026-09-26 23:14:55,46,4506.0,-1746.0,,Available,website maps this code to Available
1,de1f92a5-c3e7-41e5-a92d-26aa39035972,2026-09-27T00:30:01.391+00:00,2026-09-27T00:30:01.634+00:00,21072-30059,dryers,50170067,72000000,2026-09-27 00:30:01,2026-09-26 23:35:12,46,3289.0,-529.0,,Available,website maps this code to Available
1,de1f92a5-c3e7-41e5-a92d-26aa39035972,2026-09-27T00:30:01.391+00:00,2026-09-27T00:30:01.634+00:00,21072-30059,dryers,50170074,72000000,2026-09-27 00:30:01,2026-09-26 23:05:09,46,5092.0,-2332.0,,Available,website maps this code to Available
1,de1f92a5-c3e7-41e5-a92d-26aa39035972,2026-09-27T00:30:01.391+00:00,2026-09-27T00:30:01.634+00:00,21072-30059,dryers,50170071,72000000,2026-09-27 00:30:01,2026-09-26 23:04:10,46,5151.0,-2391.0,,Available,website maps this code to Available
1,de1f92a5-c3e7-41e5-a92d-26aa39035972,2026-09-27T00:30:01.391+00:00,2026-09-27T00:30:01.634+00:00,21072-30059,dryers,50170054,72000000,2026-09-27 00:30:01,2026-09-26 23:01:41,46,5300.0,-2540.0,,Available,website maps this code to Available
1,b4806887-3187-43b6-8a40-e43757ac67b8,2026-09-27T00:31:01.283+00:00,2026-09-27T00:31:01.483+00:00,21072-30059,washers,50170051,72000000,2026-09-27 00:31:01,2026-09-26 22:10:45,29,8416.0,-6676.0,,Available,website maps this code to Available
1,b4806887-3187-43b6-8a40-e43757ac67b8,2026-09-27T00:31:01.283+00:00,2026-09-27T00:31:01.483+00:00,21072-30059,washers,50170080,52000000,2026-09-27 00:31:01,2026-09-27 00:24:45,29,376.0,1364.0,,Finished,
1,b4806887-3187-43b6-8a40-e43757ac67b8,2026-09-27T00:31:01.283+00:00,2026-09-27T00:31:01.483+00:00,21072-30059,washers,50170075,52000000,2026-09-27 00:31:01,2026-09-27 00:20:19,29,642.0,1098.0,,Finished,
1,b4806887-3187-43b6-8a40-e43757ac67b8,2026-09-27T00:31:01.283+00:00,2026-09-27T00:31:01.483+00:00,21072-30059,washers,50170082,52000000,2026-09-27 00:31:01,2026-09-27 00:24:36,29,385.0,1355.0,,Finished,
1,b4806887-3187-43b6-8a40-e43757ac67b8,2026-09-27T00:31:01.283+00:00,2026-09-27T00:31:01.483+00:00,21072-30059,washers,50170050,72000000,2026-09-27 00:31:01,2026-09-26 22:11:54,29,8347.0,-6607.0,,Available,website maps this code to Available
1,b4806887-3187-43b6-8a40-e43757ac67b8,2026-09-27T00:31:01.283+00:00,2026-09-27T00:31:01.483+00:00,21072-30059,washers,50170052,72000000,2026-09-27 00:31:01,2026-09-26 22:13:48,29,8233.0,-6493.0,,Available,website maps this code to Available
1,b4806887-3187-43b6-8a40-e43757ac67b8,2026-09-27T00:31:01.283+00:00,2026-09-27T00:31:01.483+00:00,21072-30059,washers,50170078,72000000,2026-09-27 00:31:01,2026-09-26 21:14:24,29,11797.0,-10057.0,,Available,website maps this code to Available
1,b4806887-3187-43b6-8a40-e43757ac67b8,2026-09-27T00:31:01.283+00:00,2026-09-27T00:31:01.483+00:00,21072-30059,washers,50170084,72000000,2026-09-27 00:31:01,2026-09-26 07:02:48,29,62893.0,-61153.0,,Available,website maps this code to Available
1,b4806887-3187-43b6-8a40-e43757ac67b8,2026-09-27T00:31:01.283+00:00,2026-09-27T00:31:01.483+00:00,21072-30059,washers,50170068,72000000,2026-09-27 00:31:01,2026-09-26 22:56:07,29,5694.0,-3954.0,,Available,website maps this code to Available
1,b4806887-3187-43b6-8a40-e43757ac67b8,2026-09-27T00:31:01.283+00:00,2026-09-27T00:31:01.483+00:00,21072-30059,washers,50170072,72000000,2026-09-27 00:31:01,2026-09-26 22:11:47,29,8354.0,-6614.0,,Available,website maps this code to Available
1,b4806887-3187-43b6-8a40-e43757ac67b8,2026-09-27T00:31:01.283+00:00,2026-09-27T00:31:01.483+00:00,21072-30059,washers,20483408,72000000,2026-09-27 00:31:01,2024-12-20 00:43:32,0,55813649.0,-55813649.0,,Available,website maps this code to Available
1,b4806887-3187-43b6-8a40-e43757ac67b8,2026-09-27T00:31:01.283+00:00,2026-09-27T00:31:01.483+00:00,21072-30059,washers,50170055,72000000,2026-09-27 00:31:01,2026-09-26 22:47:03,29,6238.0,-4498.0,,Available,website maps this code to Available
1,b4806887-3187-43b6-8a40-e43757ac67b8,2026-09-27T00:31:01.283+00:00,2026-09-27T00:31:01.483+00:00,21072-30059,dryers,50170058,D2000000,2026-09-27 00:31:01,2026-09-26 17:53:29,45,23852.0,-21152.0,,Start Mode After PF,
1,b4806887-3187-43b6-8a40-e43757ac67b8,2026-09-27T00:31:01.283+00:00,2026-09-27T00:31:01.483+00:00,21072-30059,dryers,50170061,72000000,2026-09-27 00:31:01,2026-09-26 17:26:29,1,25472.0,-25412.0,,Available,website maps this code to Available
1,b4806887-3187-43b6-8a40-e43757ac67b8,2026-09-27T00:31:01.283+00:00,2026-09-27T00:31:01.483+00:00,21072-30059,dryers,50170081,72000000,2026-09-27 00:31:01,2026-09-26 15:30:05,46,32456.0,-29696.0,,Available,website maps this code to Available
1,b4806887-3187-43b6-8a40-e43757ac67b8,2026-09-27T00:31:01.283+00:00,2026-09-27T00:31:01.483+00:00,21072-30059,dryers,50170060,72000000,2026-09-27 00:31:01,2026-09-26 23:03:30,46,5251.0,-2491.0,,Available,website maps this code to Available
1,b4806887-3187-43b6-8a40-e43757ac67b8,2026-09-27T00:31:01.283+00:00,2026-09-27T00:31:01.483+00:00,21072-30059,dryers,50170087,72000000,2026-09-27 00:31:01,2026-09-26 20:57:29,46,12812.0,-10052.0,,Available,website maps this code to Available
1,b4806887-3187-43b6-8a40-e43757ac67b8,2026-09-27T00:31:01.283+00:00,2026-09-27T00:31:01.483+00:00,21072-30059,dryers,50170064,72000000,2026-09-27 00:31:01,2026-09-26 23:12:17,46,4724.0,-1964.0,,Available,website maps this code to Available
1,b4806887-3187-43b6-8a40-e43757ac67b8,2026-09-27T00:31:01.283+00:00,2026-09-27T00:31:01.483+00:00,21072-30059,dryers,50170065,72000000,2026-09-27 00:31:01,2026-09-26 23:13:21,46,4660.0,-1900.0,,Available,website maps this code to Available
1,b4806887-3187-43b6-8a40-e43757ac67b8,2026-09-27T00:31:01.283+00:00,2026-09-27T00:31:01.483+00:00,21072-30059,dryers,50170059,72000000,2026-09-27 00:31:01,2026-09-27 00:14:41,46,980.0,1780.0,,Available,website maps this code to Available
1,b4806887-3187-43b6-8a40-e43757ac67b8,2026-09-27T00:31:01.283+00:00,2026-09-27T00:31:01.483+00:00,21072-30059,dryers,50170057,72000000,2026-09-27 00:31:01,2026-09-26 23:30:30,46,3631.0,-871.0,,Available,website maps this code to Available
1,b4806887-3187-43b6-8a40-e43757ac67b8,2026-09-27T00:31:01.283+00:00,2026-09-27T00:31:01.483+00:00,21072-30059,dryers,50170062,72000000,2026-09-27 00:31:01,2026-09-26 23:14:55,46,4566.0,-1806.0,,Available,website maps this code to Available
1,b4806887-3187-43b6-8a40-e43757ac67b8,2026-09-27T00:31:01.283+00:00,2026-09-27T00:31:01.483+00:00,21072-30059,dryers,50170067,72000000,2026-09-27 00:31:01,2026-09-26 23:35:12,46,3349.0,-589.0,,Available,website maps this code to Available
1,b4806887-3187-43b6-8a40-e43757ac67b8,2026-09-27T00:31:01.283+00:00,2026-09-27T00:31:01.483+00:00,21072-30059,dryers,50170074,72000000,2026-09-27 00:31:01,2026-09-26 23:05:09,46,5152.0,-2392.0,,Available,website maps this code to Available
1,b4806887-3187-43b6-8a40-e43757ac67b8,2026-09-27T00:31:01.283+00:00,2026-09-27T00:31:01.483+00:00,21072-30059,dryers,50170071,72000000,2026-09-27 00:31:01,2026-09-26 23:04:10,46,5211.0,-2451.0,,Available,website maps this code to Available
1,b4806887-3187-43b6-8a40-e43757ac67b8,2026-09-27T00:31:01.283+00:00,2026-09-27T00:31:01.483+00:00,21072-30059,dryers,50170054,72000000,2026-09-27 00:31:01,2026-09-26 23:01:41,46,5360.0,-2600.0,,Available,website maps this code to Available
1,c90650fd-16f0-4d98-b988-d9b623d0a605,2026-09-27T00:32:04.038+00:00,2026-09-27T00:32:04.219+00:00,21072-30059,washers,50170051,72000000,2026-09-27 00:32:04,2026-09-26 22:10:45,29,8479.0,-6739.0,,Available,website maps this code to Available
1,c90650fd-16f0-4d98-b988-d9b623d0a605,2026-09-27T00:32:04.038+00:00,2026-09-27T00:32:04.219+00:00,21072-30059,washers,50170080,52000000,2026-09-27 00:32:04,2026-09-27 00:24:45,29,439.0,1301.0,,Finished,
1,c90650fd-16f0-4d98-b988-d9b623d0a605,2026-09-27T00:32:04.038+00:00,2026-09-27T00:32:04.219+00:00,21072-30059,washers,50170075,52000000,2026-09-27 00:32:04,2026-09-27 00:20:19,29,705.0,1035.0,,Finished,
1,c90650fd-16f0-4d98-b988-d9b623d0a605,2026-09-27T00:32:04.038+00:00,2026-09-27T00:32:04.219+00:00,21072-30059,washers,50170082,52000000,2026-09-27 00:32:04,2026-09-27 00:24:36,29,448.0,1292.0,,Finished,
1,c90650fd-16f0-4d98-b988-d9b623d0a605,2026-09-27T00:32:04.038+00:00,2026-09-27T00:32:04.219+00:00,21072-30059,washers,50170050,72000000,2026-09-27 00:32:04,2026-09-26 22:11:54,29,8410.0,-6670.0,,Available,website maps this code to Available
1,c90650fd-16f0-4d98-b988-d9b623d0a605,2026-09-27T00:32:04.038+00:00,2026-09-27T00:32:04.219+00:00,21072-30059,washers,50170052,72000000,2026-09-27 00:32:04,2026-09-26 22:13:48,29,8296.0,-6556.0,,Available,website maps this code to Available
1,c90650fd-16f0-4d98-b988-d9b623d0a605,2026-09-27T00:32:04.038+00:00,2026-09-27T00:32:04.219+00:00,21072-30059,washers,50170078,72000000,2026-09-27 00:32:04,2026-09-26 21:14:24,29,11860.0,-10120.0,,Available,website maps this code to Available
1,c90650fd-16f0-4d98-b988-d9b623d0a605,2026-09-27T00:32:04.038+00:00,2026-09-27T00:32:04.219+00:00,21072-30059,washers,50170084,72000000,2026-09-27 00:32:04,2026-09-26 07:02:48,29,62956.0,-61216.0,,Available,website maps this code to Available
1,c90650fd-16f0-4d98-b988-d9b623d0a605,2026-09-27T00:32:04.038+00:00,2026-09-27T00:32:04.219+00:00,21072-30059,washers,50170068,72000000,2026-09-27 00:32:04,2026-09-26 22:56:07,29,5757.0,-4017.0,,Available,website maps this code to Available
1,c90650fd-16f0-4d98-b988-d9b623d0a605,2026-09-27T00:32:04.038+00:00,2026-09-27T00:32:04.219+00:00,21072-30059,washers,50170072,72000000,2026-09-27 00:32:04,2026-09-26 22:11:47,29,8417.0,-6677.0,,Available,website maps this code to Available
1,c90650fd-16f0-4d98-b988-d9b623d0a605,2026-09-27T00:32:04.038+00:00,2026-09-27T00:32:04.219+00:00,21072-30059,washers,20483408,72000000,2026-09-27 00:32:04,2024-12-20 00:43:32,0,55813712.0,-55813712.0,,Available,website maps this code to Available
1,c90650fd-16f0-4d98-b988-d9b623d0a605,2026-09-27T00:32:04.038+00:00,2026-09-27T00:32:04.219+00:00,21072-30059,washers,50170055,72000000,2026-09-27 00:32:04,2026-09-26 22:47:03,29,6301.0,-4561.0,,Available,website maps this code to Available
1,c90650fd-16f0-4d98-b988-d9b623d0a605,2026-09-27T00:32:04.038+00:00,2026-09-27T00:32:04.219+00:00,21072-30059,dryers,50170058,D2000000,2026-09-27 00:32:04,2026-09-26 17:53:29,45,23915.0,-21215.0,,Start Mode After PF,
1,c90650fd-16f0-4d98-b988-d9b623d0a605,2026-09-27T00:32:04.038+00:00,2026-09-27T00:32:04.219+00:00,21072-30059,dryers,50170061,72000000,2026-09-27 00:32:04,2026-09-26 17:26:29,1,25535.0,-25475.0,,Available,website maps this code to Available
1,c90650fd-16f0-4d98-b988-d9b623d0a605,2026-09-27T00:32:04.038+00:00,2026-09-27T00:32:04.219+00:00,21072-30059,dryers,50170081,72000000,2026-09-27 00:32:04,2026-09-26 15:30:05,46,32519.0,-29759.0,,Available,website maps this code to Available
1,c90650fd-16f0-4d98-b988-d9b623d0a605,2026-09-27T00:32:04.038+00:00,2026-09-27T00:32:04.219+00:00,21072-30059,dryers,50170060,72000000,2026-09-27 00:32:04,2026-09-26 23:03:30,46,5314.0,-2554.0,,Available,website maps this code to Available
1,c90650fd-16f0-4d98-b988-d9b623d0a605,2026-09-27T00:32:04.038+00:00,2026-09-27T00:32:04.219+00:00,21072-30059,dryers,50170087,72000000,2026-09-27 00:32:04,2026-09-26 20:57:29,46,12875.0,-10115.0,,Available,website maps this code to Available
1,c90650fd-16f0-4d98-b988-d9b623d0a605,2026-09-27T00:32:04.038+00:00,2026-09-27T00:32:04.219+00:00,21072-30059,dryers,50170064,72000000,2026-09-27 00:32:04,2026-09-26 23:12:17,46,4787.0,-2027.0,,Available,website maps this code to Available
1,c90650fd-16f0-4d98-b988-d9b623d0a605,2026-09-27T00:32:04.038+00:00,2026-09-27T00:32:04.219+00:00,21072-30059,dryers,50170065,72000000,2026-09-27 00:32:04,2026-09-26 23:13:21,46,4723.0,-1963.0,,Available,website maps this code to Available
1,c90650fd-16f0-4d98-b988-d9b623d0a605,2026-09-27T00:32:04.038+00:00,2026-09-27T00:32:04.219+00:00,21072-30059,dryers,50170059,72000000,2026-09-27 00:32:04,2026-09-27 00:14:41,46,1043.0,1717.0,,Available,website maps this code to Available
1,c90650fd-16f0-4d98-b988-d9b623d0a605,2026-09-27T00:32:04.038+00:00,2026-09-27T00:32:04.219+00:00,21072-30059,dryers,50170057,72000000,2026-09-27 00:32:04,2026-09-26 23:30:30,46,3694.0,-934.0,,Available,website maps this code to Available
1,c90650fd-16f0-4d98-b988-d9b623d0a605,2026-09-27T00:32:04.038+00:00,2026-09-27T00:32:04.219+00:00,21072-30059,dryers,50170062,72000000,2026-09-27 00:32:04,2026-09-26 23:14:55,46,4629.0,-1869.0,,Available,website maps this code to Available
1,c90650fd-16f0-4d98-b988-d9b623d0a605,2026-09-27T00:32:04.038+00:00,2026-09-27T00:32:04.219+00:00,21072-30059,dryers,50170067,72000000,2026-09-27 00:32:04,2026-09-26 23:35:12,46,3412.0,-652.0,,Available,website maps this code to Available
1,c90650fd-16f0-4d98-b988-d9b623d0a605,2026-09-27T00:32:04.038+00:00,2026-09-27T00:32:04.219+00:00,21072-30059,dryers,50170074,72000000,2026-09-27 00:32:04,2026-09-26 23:05:09,46,5215.0,-2455.0,,Available,website maps this code to Available
1,c90650fd-16f0-4d98-b988-d9b623d0a605,2026-09-27T00:32:04.038+00:00,2026-09-27T00:32:04.219+00:00,21072-30059,dryers,50170071,72000000,2026-09-27 00:32:04,2026-09-26 23:04:10,46,5274.0,-2514.0,,Available,website maps this code to Available
1,c90650fd-16f0-4d98-b988-d9b623d0a605,2026-09-27T00:32:04.038+00:00,2026-09-27T00:32:04.219+00:00,21072-30059,dryers,50170054,72000000,2026-09-27 00:32:04,2026-09-26 23:01:41,46,5423.0,-2663.0,,Available,website maps this code to Available
1,5e09c320-3e40-4b7b-a478-ddf4452ef234,2026-09-27T00:33:03.926+00:00,2026-09-27T00:33:05.712+00:00,21072-30059,washers,50170051,72000000,2026-09-27 00:33:05,2026-09-26 22:10:45,29,8540.0,-6800.0,,Available,website maps this code to Available
1,5e09c320-3e40-4b7b-a478-ddf4452ef234,2026-09-27T00:33:03.926+00:00,2026-09-27T00:33:05.712+00:00,21072-30059,washers,50170080,52000000,2026-09-27 00:33:05,2026-09-27 00:24:45,29,500.0,1240.0,,Finished,
1,5e09c320-3e40-4b7b-a478-ddf4452ef234,2026-09-27T00:33:03.926+00:00,2026-09-27T00:33:05.712+00:00,21072-30059,washers,50170075,52000000,2026-09-27 00:33:05,2026-09-27 00:20:19,29,766.0,974.0,,Finished,
1,5e09c320-3e40-4b7b-a478-ddf4452ef234,2026-09-27T00:33:03.926+00:00,2026-09-27T00:33:05.712+00:00,21072-30059,washers,50170082,52000000,2026-09-27 00:33:05,2026-09-27 00:24:36,29,509.0,1231.0,,Finished,
1,5e09c320-3e40-4b7b-a478-ddf4452ef234,2026-09-27T00:33:03.926+00:00,2026-09-27T00:33:05.712+00:00,21072-30059,washers,50170050,72000000,2026-09-27 00:33:05,2026-09-26 22:11:54,29,8471.0,-6731.0,,Available,website maps this code to Available
1,5e09c320-3e40-4b7b-a478-ddf4452ef234,2026-09-27T00:33:03.926+00:00,2026-09-27T00:33:05.712+00:00,21072-30059,washers,50170052,72000000,2026-09-27 00:33:05,2026-09-26 22:13:48,29,8357.0,-6617.0,,Available,website maps this code to Available
1,5e09c320-3e40-4b7b-a478-ddf4452ef234,2026-09-27T00:33:03.926+00:00,2026-09-27T00:33:05.712+00:00,21072-30059,washers,50170078,72000000,2026-09-27 00:33:05,2026-09-26 21:14:24,29,11921.0,-10181.0,,Available,website maps this code to Available
1,5e09c320-3e40-4b7b-a478-ddf4452ef234,2026-09-27T00:33:03.926+00:00,2026-09-27T00:33:05.712+00:00,21072-30059,washers,50170084,72000000,2026-09-27 00:33:05,2026-09-26 07:02:48,29,63017.0,-61277.0,,Available,website maps this code to Available
1,5e09c320-3e40-4b7b-a478-ddf4452ef234,2026-09-27T00:33:03.926+00:00,2026-09-27T00:33:05.712+00:00,21072-30059,washers,50170068,72000000,2026-09-27 00:33:05,2026-09-26 22:56:07,29,5818.0,-4078.0,,Available,website maps this code to Available
1,5e09c320-3e40-4b7b-a478-ddf4452ef234,2026-09-27T00:33:03.926+00:00,2026-09-27T00:33:05.712+00:00,21072-30059,washers,50170072,72000000,2026-09-27 00:33:05,2026-09-26 22:11:47,29,8478.0,-6738.0,,Available,website maps this code to Available
1,5e09c320-3e40-4b7b-a478-ddf4452ef234,2026-09-27T00:33:03.926+00:00,2026-09-27T00:33:05.712+00:00,21072-30059,washers,20483408,72000000,2026-09-27 00:33:05,2024-12-20 00:43:32,0,55813773.0,-55813773.0,,Available,website maps this code to Available
1,5e09c320-3e40-4b7b-a478-ddf4452ef234,2026-09-27T00:33:03.926+00:00,2026-09-27T00:33:05.712+00:00,21072-30059,washers,50170055,72000000,2026-09-27 00:33:05,2026-09-26 22:47:03,29,6362.0,-4622.0,,Available,website maps this code to Available
1,5e09c320-3e40-4b7b-a478-ddf4452ef234,2026-09-27T00:33:03.926+00:00,2026-09-27T00:33:05.712+00:00,21072-30059,dryers,50170058,D2000000,2026-09-27 00:33:05,2026-09-26 17:53:29,45,23976.0,-21276.0,,Start Mode After PF,
1,5e09c320-3e40-4b7b-a478-ddf4452ef234,2026-09-27T00:33:03.926+00:00,2026-09-27T00:33:05.712+00:00,21072-30059,dryers,50170061,72000000,2026-09-27 00:33:05,2026-09-26 17:26:29,1,25596.0,-25536.0,,Available,website maps this code to Available
1,5e09c320-3e40-4b7b-a478-ddf4452ef234,2026-09-27T00:33:03.926+00:00,2026-09-27T00:33:05.712+00:00,21072-30059,dryers,50170081,72000000,2026-09-27 00:33:05,2026-09-26 15:30:05,46,32580.0,-29820.0,,Available,website maps this code to Available
1,5e09c320-3e40-4b7b-a478-ddf4452ef234,2026-09-27T00:33:03.926+00:00,2026-09-27T00:33:05.712+00:00,21072-30059,dryers,50170060,72000000,2026-09-27 00:33:05,2026-09-26 23:03:30,46,5375.0,-2615.0,,Available,website maps this code to Available
1,5e09c320-3e40-4b7b-a478-ddf4452ef234,2026-09-27T00:33:03.926+00:00,2026-09-27T00:33:05.712+00:00,21072-30059,dryers,50170087,72000000,2026-09-27 00:33:05,2026-09-26 20:57:29,46,12936.0,-10176.0,,Available,website maps this code to Available
1,5e09c320-3e40-4b7b-a478-ddf4452ef234,2026-09-27T00:33:03.926+00:00,2026-09-27T00:33:05.712+00:00,21072-30059,dryers,50170064,72000000,2026-09-27 00:33:05,2026-09-26 23:12:17,46,4848.0,-2088.0,,Available,website maps this code to Available
1,5e09c320-3e40-4b7b-a478-ddf4452ef234,2026-09-27T00:33:03.926+00:00,2026-09-27T00:33:05.712+00:00,21072-30059,dryers,50170065,72000000,2026-09-27 00:33:05,2026-09-26 23:13:21,46,4784.0,-2024.0,,Available,website maps this code to Available
1,5e09c320-3e40-4b7b-a478-ddf4452ef234,2026-09-27T00:33:03.926+00:00,2026-09-27T00:33:05.712+00:00,21072-30059,dryers,50170059,72000000,2026-09-27 00:33:05,2026-09-27 00:14:41,46,1104.0,1656.0,,Available,website maps this code to Available
1,5e09c320-3e40-4b7b-a478-ddf4452ef234,2026-09-27T00:33:03.926+00:00,2026-09-27T00:33:05.712+00:00,21072-30059,dryers,50170057,72000000,2026-09-27 00:33:05,2026-09-26 23:30:30,46,3755.0,-995.0,,Available,website maps this code to Available
1,5e09c320-3e40-4b7b-a478-ddf4452ef234,2026-09-27T00:33:03.926+00:00,2026-09-27T00:33:05.712+00:00,21072-30059,dryers,50170062,72000000,2026-09-27 00:33:05,2026-09-26 23:14:55,46,4690.0,-1930.0,,Available,website maps this code to Available
1,5e09c320-3e40-4b7b-a478-ddf4452ef234,2026-09-27T00:33:03.926+00:00,2026-09-27T00:33:05.712+00:00,21072-30059,dryers,50170067,72000000,2026-09-27 00:33:05,2026-09-26 23:35:12,46,3473.0,-713.0,,Available,website maps this code to Available
1,5e09c320-3e40-4b7b-a478-ddf4452ef234,2026-09-27T00:33:03.926+00:00,2026-09-27T00:33:05.712+00:00,21072-30059,dryers,50170074,72000000,2026-09-27 00:33:05,2026-09-26 23:05:09,46,5276.0,-2516.0,,Available,website maps this code to Available
1,5e09c320-3e40-4b7b-a478-ddf4452ef234,2026-09-27T00:33:03.926+00:00,2026-09-27T00:33:05.712+00:00,21072-30059,dryers,50170071,72000000,2026-09-27 00:33:05,2026-09-26 23:04:10,46,5335.0,-2575.0,,Available,website maps this code to Available
1,5e09c320-3e40-4b7b-a478-ddf4452ef234,2026-09-27T00:33:03.926+00:00,2026-09-27T00:33:05.712+00:00,21072-30059,dryers,50170054,72000000,2026-09-27 00:33:05,2026-09-26 23:01:41,46,5484.0,-2724.0,,Available,website maps this code to Available
1,e455399f-cc04-423c-af52-fb3dc2b021d9,2026-09-27T00:34:02.340+00:00,2026-09-27T00:34:04.079+00:00,21072-30059,washers,50170051,72000000,2026-09-27 00:34:04,2026-09-26 22:10:45,29,8599.0,-6859.0,,Available,website maps this code to Available
1,e455399f-cc04-423c-af52-fb3dc2b021d9,2026-09-27T00:34:02.340+00:00,2026-09-27T00:34:04.079+00:00,21072-30059,washers,50170080,52000000,2026-09-27 00:34:04,2026-09-27 00:24:45,29,559.0,1181.0,,Finished,
1,e455399f-cc04-423c-af52-fb3dc2b021d9,2026-09-27T00:34:02.340+00:00,2026-09-27T00:34:04.079+00:00,21072-30059,washers,50170075,52000000,2026-09-27 00:34:04,2026-09-27 00:20:19,29,825.0,915.0,,Finished,
1,e455399f-cc04-423c-af52-fb3dc2b021d9,2026-09-27T00:34:02.340+00:00,2026-09-27T00:34:04.079+00:00,21072-30059,washers,50170082,52000000,2026-09-27 00:34:04,2026-09-27 00:24:36,29,568.0,1172.0,,Finished,
1,e455399f-cc04-423c-af52-fb3dc2b021d9,2026-09-27T00:34:02.340+00:00,2026-09-27T00:34:04.079+00:00,21072-30059,washers,50170050,72000000,2026-09-27 00:34:04,2026-09-26 22:11:54,29,8530.0,-6790.0,,Available,website maps this code to Available
1,e455399f-cc04-423c-af52-fb3dc2b021d9,2026-09-27T00:34:02.340+00:00,2026-09-27T00:34:04.079+00:00,21072-30059,washers,50170052,72000000,2026-09-27 00:34:04,2026-09-26 22:13:48,29,8416.0,-6676.0,,Available,website maps this code to Available
1,e455399f-cc04-423c-af52-fb3dc2b021d9,2026-09-27T00:34:02.340+00:00,2026-09-27T00:34:04.079+00:00,21072-30059,washers,50170078,72000000,2026-09-27 00:34:04,2026-09-26 21:14:24,29,11980.0,-10240.0,,Available,website maps this code to Available
1,e455399f-cc04-423c-af52-fb3dc2b021d9,2026-09-27T00:34:02.340+00:00,2026-09-27T00:34:04.079+00:00,21072-30059,washers,50170084,72000000,2026-09-27 00:34:04,2026-09-26 07:02:48,29,63076.0,-61336.0,,Available,website maps this code to Available
1,e455399f-cc04-423c-af52-fb3dc2b021d9,2026-09-27T00:34:02.340+00:00,2026-09-27T00:34:04.079+00:00,21072-30059,washers,50170068,72000000,2026-09-27 00:34:04,2026-09-26 22:56:07,29,5877.0,-4137.0,,Available,website maps this code to Available
1,e455399f-cc04-423c-af52-fb3dc2b021d9,2026-09-27T00:34:02.340+00:00,2026-09-27T00:34:04.079+00:00,21072-30059,washers,50170072,72000000,2026-09-27 00:34:04,2026-09-26 22:11:47,29,8537.0,-6797.0,,Available,website maps this code to Available
1,e455399f-cc04-423c-af52-fb3dc2b021d9,2026-09-27T00:34:02.340+00:00,2026-09-27T00:34:04.079+00:00,21072-30059,washers,20483408,72000000,2026-09-27 00:34:04,2024-12-20 00:43:32,0,55813832.0,-55813832.0,,Available,website maps this code to Available
1,e455399f-cc04-423c-af52-fb3dc2b021d9,2026-09-27T00:34:02.340+00:00,2026-09-27T00:34:04.079+00:00,21072-30059,washers,50170055,72000000,2026-09-27 00:34:04,2026-09-26 22:47:03,29,6421.0,-4681.0,,Available,website maps this code to Available
1,e455399f-cc04-423c-af52-fb3dc2b021d9,2026-09-27T00:34:02.340+00:00,2026-09-27T00:34:04.079+00:00,21072-30059,dryers,50170058,D2000000,2026-09-27 00:34:04,2026-09-26 17:53:29,45,24035.0,-21335.0,,Start Mode After PF,
1,e455399f-cc04-423c-af52-fb3dc2b021d9,2026-09-27T00:34:02.340+00:00,2026-09-27T00:34:04.079+00:00,21072-30059,dryers,50170061,72000000,2026-09-27 00:34:04,2026-09-26 17:26:29,1,25655.0,-25595.0,,Available,website maps this code to Available
1,e455399f-cc04-423c-af52-fb3dc2b021d9,2026-09-27T00:34:02.340+00:00,2026-09-27T00:34:04.079+00:00,21072-30059,dryers,50170081,72000000,2026-09-27 00:34:04,2026-09-26 15:30:05,46,32639.0,-29879.0,,Available,website maps this code to Available
1,e455399f-cc04-423c-af52-fb3dc2b021d9,2026-09-27T00:34:02.340+00:00,2026-09-27T00:34:04.079+00:00,21072-30059,dryers,50170060,72000000,2026-09-27 00:34:04,2026-09-26 23:03:30,46,5434.0,-2674.0,,Available,website maps this code to Available
1,e455399f-cc04-423c-af52-fb3dc2b021d9,2026-09-27T00:34:02.340+00:00,2026-09-27T00:34:04.079+00:00,21072-30059,dryers,50170087,72000000,2026-09-27 00:34:04,2026-09-26 20:57:29,46,12995.0,-10235.0,,Available,website maps this code to Available
1,e455399f-cc04-423c-af52-fb3dc2b021d9,2026-09-27T00:34:02.340+00:00,2026-09-27T00:34:04.079+00:00,21072-30059,dryers,50170064,72000000,2026-09-27 00:34:04,2026-09-26 23:12:17,46,4907.0,-2147.0,,Available,website maps this code to Available
1,e455399f-cc04-423c-af52-fb3dc2b021d9,2026-09-27T00:34:02.340+00:00,2026-09-27T00:34:04.079+00:00,21072-30059,dryers,50170065,72000000,2026-09-27 00:34:04,2026-09-26 23:13:21,46,4843.0,-2083.0,,Available,website maps this code to Available
1,e455399f-cc04-423c-af52-fb3dc2b021d9,2026-09-27T00:34:02.340+00:00,2026-09-27T00:34:04.079+00:00,21072-30059,dryers,50170059,72000000,2026-09-27 00:34:04,2026-09-27 00:14:41,46,1163.0,1597.0,,Available,website maps this code to Available
1,e455399f-cc04-423c-af52-fb3dc2b021d9,2026-09-27T00:34:02.340+00:00,2026-09-27T00:34:04.079+00:00,21072-30059,dryers,50170057,72000000,2026-09-27 00:34:04,2026-09-26 23:30:30,46,3814.0,-1054.0,,Available,website maps this code to Available
1,e455399f-cc04-423c-af52-fb3dc2b021d9,2026-09-27T00:34:02.340+00:00,2026-09-27T00:34:04.079+00:00,21072-30059,dryers,50170062,72000000,2026-09-27 00:34:04,2026-09-26 23:14:55,46,4749.0,-1989.0,,Available,website maps this code to Available
1,e455399f-cc04-423c-af52-fb3dc2b021d9,2026-09-27T00:34:02.340+00:00,2026-09-27T00:34:04.079+00:00,21072-30059,dryers,50170067,72000000,2026-09-27 00:34:04,2026-09-26 23:35:12,46,3532.0,-772.0,,Available,website maps this code to Available
1,e455399f-cc04-423c-af52-fb3dc2b021d9,2026-09-27T00:34:02.340+00:00,2026-09-27T00:34:04.079+00:00,21072-30059,dryers,50170074,72000000,2026-09-27 00:34:04,2026-09-26 23:05:09,46,5335.0,-2575.0,,Available,website maps this code to Available
1,e455399f-cc04-423c-af52-fb3dc2b021d9,2026-09-27T00:34:02.340+00:00,2026-09-27T00:34:04.079+00:00,21072-30059,dryers,50170071,72000000,2026-09-27 00:34:04,2026-09-26 23:04:10,46,5394.0,-2634.0,,Available,website maps this code to Available
1,e455399f-cc04-423c-af52-fb3dc2b021d9,2026-09-27T00:34:02.340+00:00,2026-09-27T00:34:04.079+00:00,21072-30059,dryers,50170054,72000000,2026-09-27 00:34:04,2026-09-26 23:01:41,46,5543.0,-2783.0,,Available,website maps this code to Available
1,8c11bf8c-cf79-43e5-9dba-de009619b504,2026-09-27T00:35:06.469+00:00,2026-09-27T00:35:07.327+00:00,21072-30059,washers,50170051,72000000,2026-09-27 00:35:06,2026-09-26 22:10:45,29,8661.0,-6921.0,,Available,website maps this code to Available
1,8c11bf8c-cf79-43e5-9dba-de009619b504,2026-09-27T00:35:06.469+00:00,2026-09-27T00:35:07.327+00:00,21072-30059,washers,50170080,52000000,2026-09-27 00:35:06,2026-09-27 00:24:45,29,621.0,1119.0,,Finished,
1,8c11bf8c-cf79-43e5-9dba-de009619b504,2026-09-27T00:35:06.469+00:00,2026-09-27T00:35:07.327+00:00,21072-30059,washers,50170075,52000000,2026-09-27 00:35:06,2026-09-27 00:20:19,29,887.0,853.0,,Finished,
1,8c11bf8c-cf79-43e5-9dba-de009619b504,2026-09-27T00:35:06.469+00:00,2026-09-27T00:35:07.327+00:00,21072-30059,washers,50170082,52000000,2026-09-27 00:35:06,2026-09-27 00:24:36,29,630.0,1110.0,,Finished,
1,8c11bf8c-cf79-43e5-9dba-de009619b504,2026-09-27T00:35:06.469+00:00,2026-09-27T00:35:07.327+00:00,21072-30059,washers,50170050,72000000,2026-09-27 00:35:06,2026-09-26 22:11:54,29,8592.0,-6852.0,,Available,website maps this code to Available
1,8c11bf8c-cf79-43e5-9dba-de009619b504,2026-09-27T00:35:06.469+00:00,2026-09-27T00:35:07.327+00:00,21072-30059,washers,50170052,72000000,2026-09-27 00:35:06,2026-09-26 22:13:48,29,8478.0,-6738.0,,Available,website maps this code to Available
1,8c11bf8c-cf79-43e5-9dba-de009619b504,2026-09-27T00:35:06.469+00:00,2026-09-27T00:35:07.327+00:00,21072-30059,washers,50170078,72000000,2026-09-27 00:35:06,2026-09-26 21:14:24,29,12042.0,-10302.0,,Available,website maps this code to Available
1,8c11bf8c-cf79-43e5-9dba-de009619b504,2026-09-27T00:35:06.469+00:00,2026-09-27T00:35:07.327+00:00,21072-30059,washers,50170084,72000000,2026-09-27 00:35:06,2026-09-26 07:02:48,29,63138.0,-61398.0,,Available,website maps this code to Available
1,8c11bf8c-cf79-43e5-9dba-de009619b504,2026-09-27T00:35:06.469+00:00,2026-09-27T00:35:07.327+00:00,21072-30059,washers,50170068,72000000,2026-09-27 00:35:06,2026-09-26 22:56:07,29,5939.0,-4199.0,,Available,website maps this code to Available
1,8c11bf8c-cf79-43e5-9dba-de009619b504,2026-09-27T00:35:06.469+00:00,2026-09-27T00:35:07.327+00:00,21072-30059,washers,50170072,72000000,2026-09-27 00:35:06,2026-09-26 22:11:47,29,8599.0,-6859.0,,Available,website maps this code to Available
1,8c11bf8c-cf79-43e5-9dba-de009619b504,2026-09-27T00:35:06.469+00:00,2026-09-27T00:35:07.327+00:00,21072-30059,washers,20483408,72000000,2026-09-27 00:35:06,2024-12-20 00:43:32,0,55813894.0,-55813894.0,,Available,website maps this code to Available
1,8c11bf8c-cf79-43e5-9dba-de009619b504,2026-09-27T00:35:06.469+00:00,2026-09-27T00:35:07.327+00:00,21072-30059,washers,50170055,72000000,2026-09-27 00:35:06,2026-09-26 22:47:03,29,6483.0,-4743.0,,Available,website maps this code to Available
1,8c11bf8c-cf79-43e5-9dba-de009619b504,2026-09-27T00:35:06.469+00:00,2026-09-27T00:35:07.327+00:00,21072-30059,dryers,50170058,D2000000,2026-09-27 00:35:06,2026-09-26 17:53:29,45,24097.0,-21397.0,,Start Mode After PF,
1,8c11bf8c-cf79-43e5-9dba-de009619b504,2026-09-27T00:35:06.469+00:00,2026-09-27T00:35:07.327+00:00,21072-30059,dryers,50170061,72000000,2026-09-27 00:35:06,2026-09-26 17:26:29,1,25717.0,-25657.0,,Available,website maps this code to Available
1,8c11bf8c-cf79-43e5-9dba-de009619b504,2026-09-27T00:35:06.469+00:00,2026-09-27T00:35:07.327+00:00,21072-30059,dryers,50170081,72000000,2026-09-27 00:35:06,2026-09-26 15:30:05,46,32701.0,-29941.0,,Available,website maps this code to Available
1,8c11bf8c-cf79-43e5-9dba-de009619b504,2026-09-27T00:35:06.469+00:00,2026-09-27T00:35:07.327+00:00,21072-30059,dryers,50170060,72000000,2026-09-27 00:35:06,2026-09-26 23:03:30,46,5496.0,-2736.0,,Available,website maps this code to Available
1,8c11bf8c-cf79-43e5-9dba-de009619b504,2026-09-27T00:35:06.469+00:00,2026-09-27T00:35:07.327+00:00,21072-30059,dryers,50170087,72000000,2026-09-27 00:35:06,2026-09-26 20:57:29,46,13057.0,-10297.0,,Available,website maps this code to Available
1,8c11bf8c-cf79-43e5-9dba-de009619b504,2026-09-27T00:35:06.469+00:00,2026-09-27T00:35:07.327+00:00,21072-30059,dryers,50170064,72000000,2026-09-27 00:35:06,2026-09-26 23:12:17,46,4969.0,-2209.0,,Available,website maps this code to Available
1,8c11bf8c-cf79-43e5-9dba-de009619b504,2026-09-27T00:35:06.469+00:00,2026-09-27T00:35:07.327+00:00,21072-30059,dryers,50170065,72000000,2026-09-27 00:35:06,2026-09-26 23:13:21,46,4905.0,-2145.0,,Available,website maps this code to Available
1,8c11bf8c-cf79-43e5-9dba-de009619b504,2026-09-27T00:35:06.469+00:00,2026-09-27T00:35:07.327+00:00,21072-30059,dryers,50170059,72000000,2026-09-27 00:35:06,2026-09-27 00:14:41,46,1225.0,1535.0,,Available,website maps this code to Available
1,8c11bf8c-cf79-43e5-9dba-de009619b504,2026-09-27T00:35:06.469+00:00,2026-09-27T00:35:07.327+00:00,21072-30059,dryers,50170057,72000000,2026-09-27 00:35:06,2026-09-26 23:30:30,46,3876.0,-1116.0,,Available,website maps this code to Available
1,8c11bf8c-cf79-43e5-9dba-de009619b504,2026-09-27T00:35:06.469+00:00,2026-09-27T00:35:07.327+00:00,21072-30059,dryers,50170062,72000000,2026-09-27 00:35:06,2026-09-26 23:14:55,46,4811.0,-2051.0,,Available,website maps this code to Available
1,8c11bf8c-cf79-43e5-9dba-de009619b504,2026-09-27T00:35:06.469+00:00,2026-09-27T00:35:07.327+00:00,21072-30059,dryers,50170067,72000000,2026-09-27 00:35:06,2026-09-26 23:35:12,46,3594.0,-834.0,,Available,website maps this code to Available
1,8c11bf8c-cf79-43e5-9dba-de009619b504,2026-09-27T00:35:06.469+00:00,2026-09-27T00:35:07.327+00:00,21072-30059,dryers,50170074,72000000,2026-09-27 00:35:06,2026-09-26 23:05:09,46,5397.0,-2637.0,,Available,website maps this code to Available
1,8c11bf8c-cf79-43e5-9dba-de009619b504,2026-09-27T00:35:06.469+00:00,2026-09-27T00:35:07.327+00:00,21072-30059,dryers,50170071,72000000,2026-09-27 00:35:06,2026-09-26 23:04:10,46,5456.0,-2696.0,,Available,website maps this code to Available
1,8c11bf8c-cf79-43e5-9dba-de009619b504,2026-09-27T00:35:06.469+00:00,2026-09-27T00:35:07.327+00:00,21072-30059,dryers,50170054,72000000,2026-09-27 00:35:06,2026-09-26 23:01:41,46,5605.0,-2845.0,,Available,website maps this code to Available
1,8ef698e2-d054-4d5a-a1b3-a009d1735e1c,2026-09-27T00:36:03.703+00:00,2026-09-27T00:36:04.813+00:00,21072-30059,washers,50170051,72000000,2026-09-27 00:36:04,2026-09-26 22:10:45,29,8719.0,-6979.0,,Available,website maps this code to Available
1,8ef698e2-d054-4d5a-a1b3-a009d1735e1c,2026-09-27T00:36:03.703+00:00,2026-09-27T00:36:04.813+00:00,21072-30059,washers,50170080,52000000,2026-09-27 00:36:04,2026-09-27 00:24:45,29,679.0,1061.0,,Finished,
1,8ef698e2-d054-4d5a-a1b3-a009d1735e1c,2026-09-27T00:36:03.703+00:00,2026-09-27T00:36:04.813+00:00,21072-30059,washers,50170075,52000000,2026-09-27 00:36:04,2026-09-27 00:20:19,29,945.0,795.0,,Finished,
1,8ef698e2-d054-4d5a-a1b3-a009d1735e1c,2026-09-27T00:36:03.703+00:00,2026-09-27T00:36:04.813+00:00,21072-30059,washers,50170082,52000000,2026-09-27 00:36:04,2026-09-27 00:24:36,29,688.0,1052.0,,Finished,
1,8ef698e2-d054-4d5a-a1b3-a009d1735e1c,2026-09-27T00:36:03.703+00:00,2026-09-27T00:36:04.813+00:00,21072-30059,washers,50170050,72000000,2026-09-27 00:36:04,2026-09-26 22:11:54,29,8650.0,-6910.0,,Available,website maps this code to Available
1,8ef698e2-d054-4d5a-a1b3-a009d1735e1c,2026-09-27T00:36:03.703+00:00,2026-09-27T00:36:04.813+00:00,21072-30059,washers,50170052,72000000,2026-09-27 00:36:04,2026-09-26 22:13:48,29,8536.0,-6796.0,,Available,website maps this code to Available
1,8ef698e2-d054-4d5a-a1b3-a009d1735e1c,2026-09-27T00:36:03.703+00:00,2026-09-27T00:36:04.813+00:00,21072-30059,washers,50170078,72000000,2026-09-27 00:36:04,2026-09-26 21:14:24,29,12100.0,-10360.0,,Available,website maps this code to Available
1,8ef698e2-d054-4d5a-a1b3-a009d1735e1c,2026-09-27T00:36:03.703+00:00,2026-09-27T00:36:04.813+00:00,21072-30059,washers,50170084,72000000,2026-09-27 00:36:04,2026-09-26 07:02:48,29,63196.0,-61456.0,,Available,website maps this code to Available
1,8ef698e2-d054-4d5a-a1b3-a009d1735e1c,2026-09-27T00:36:03.703+00:00,2026-09-27T00:36:04.813+00:00,21072-30059,washers,50170068,72000000,2026-09-27 00:36:04,2026-09-26 22:56:07,29,5997.0,-4257.0,,Available,website maps this code to Available
1,8ef698e2-d054-4d5a-a1b3-a009d1735e1c,2026-09-27T00:36:03.703+00:00,2026-09-27T00:36:04.813+00:00,21072-30059,washers,50170072,72000000,2026-09-27 00:36:04,2026-09-26 22:11:47,29,8657.0,-6917.0,,Available,website maps this code to Available
1,8ef698e2-d054-4d5a-a1b3-a009d1735e1c,2026-09-27T00:36:03.703+00:00,2026-09-27T00:36:04.813+00:00,21072-30059,washers,20483408,72000000,2026-09-27 00:36:04,2024-12-20 00:43:32,0,55813952.0,-55813952.0,,Available,website maps this code to Available
1,8ef698e2-d054-4d5a-a1b3-a009d1735e1c,2026-09-27T00:36:03.703+00:00,2026-09-27T00:36:04.813+00:00,21072-30059,washers,50170055,72000000,2026-09-27 00:36:04,2026-09-26 22:47:03,29,6541.0,-4801.0,,Available,website maps this code to Available
1,8ef698e2-d054-4d5a-a1b3-a009d1735e1c,2026-09-27T00:36:03.703+00:00,2026-09-27T00:36:04.813+00:00,21072-30059,dryers,50170058,D2000000,2026-09-27 00:36:04,2026-09-26 17:53:29,45,24155.0,-21455.0,,Start Mode After PF,
1,8ef698e2-d054-4d5a-a1b3-a009d1735e1c,2026-09-27T00:36:03.703+00:00,2026-09-27T00:36:04.813+00:00,21072-30059,dryers,50170061,72000000,2026-09-27 00:36:04,2026-09-26 17:26:29,1,25775.0,-25715.0,,Available,website maps this code to Available
1,8ef698e2-d054-4d5a-a1b3-a009d1735e1c,2026-09-27T00:36:03.703+00:00,2026-09-27T00:36:04.813+00:00,21072-30059,dryers,50170081,72000000,2026-09-27 00:36:04,2026-09-26 15:30:05,46,32759.0,-29999.0,,Available,website maps this code to Available
1,8ef698e2-d054-4d5a-a1b3-a009d1735e1c,2026-09-27T00:36:03.703+00:00,2026-09-27T00:36:04.813+00:00,21072-30059,dryers,50170060,72000000,2026-09-27 00:36:04,2026-09-26 23:03:30,46,5554.0,-2794.0,,Available,website maps this code to Available
1,8ef698e2-d054-4d5a-a1b3-a009d1735e1c,2026-09-27T00:36:03.703+00:00,2026-09-27T00:36:04.813+00:00,21072-30059,dryers,50170087,72000000,2026-09-27 00:36:04,2026-09-26 20:57:29,46,13115.0,-10355.0,,Available,website maps this code to Available
1,8ef698e2-d054-4d5a-a1b3-a009d1735e1c,2026-09-27T00:36:03.703+00:00,2026-09-27T00:36:04.813+00:00,21072-30059,dryers,50170064,72000000,2026-09-27 00:36:04,2026-09-26 23:12:17,46,5027.0,-2267.0,,Available,website maps this code to Available
1,8ef698e2-d054-4d5a-a1b3-a009d1735e1c,2026-09-27T00:36:03.703+00:00,2026-09-27T00:36:04.813+00:00,21072-30059,dryers,50170065,72000000,2026-09-27 00:36:04,2026-09-26 23:13:21,46,4963.0,-2203.0,,Available,website maps this code to Available
1,8ef698e2-d054-4d5a-a1b3-a009d1735e1c,2026-09-27T00:36:03.703+00:00,2026-09-27T00:36:04.813+00:00,21072-30059,dryers,50170059,72000000,2026-09-27 00:36:04,2026-09-27 00:14:41,46,1283.0,1477.0,,Available,website maps this code to Available
1,8ef698e2-d054-4d5a-a1b3-a009d1735e1c,2026-09-27T00:36:03.703+00:00,2026-09-27T00:36:04.813+00:00,21072-30059,dryers,50170057,72000000,2026-09-27 00:36:04,2026-09-26 23:30:30,46,3934.0,-1174.0,,Available,website maps this code to Available
1,8ef698e2-d054-4d5a-a1b3-a009d1735e1c,2026-09-27T00:36:03.703+00:00,2026-09-27T00:36:04.813+00:00,21072-30059,dryers,50170062,72000000,2026-09-27 00:36:04,2026-09-26 23:14:55,46,4869.0,-2109.0,,Available,website maps this code to Available
1,8ef698e2-d054-4d5a-a1b3-a009d1735e1c,2026-09-27T00:36:03.703+00:00,2026-09-27T00:36:04.813+00:00,21072-30059,dryers,50170067,72000000,2026-09-27 00:36:04,2026-09-26 23:35:12,46,3652.0,-892.0,,Available,website maps this code to Available
1,8ef698e2-d054-4d5a-a1b3-a009d1735e1c,2026-09-27T00:36:03.703+00:00,2026-09-27T00:36:04.813+00:00,21072-30059,dryers,50170074,72000000,2026-09-27 00:36:04,2026-09-26 23:05:09,46,5455.0,-2695.0,,Available,website maps this code to Available
1,8ef698e2-d054-4d5a-a1b3-a009d1735e1c,2026-09-27T00:36:03.703+00:00,2026-09-27T00:36:04.813+00:00,21072-30059,dryers,50170071,72000000,2026-09-27 00:36:04,2026-09-26 23:04:10,46,5514.0,-2754.0,,Available,website maps this code to Available
1,8ef698e2-d054-4d5a-a1b3-a009d1735e1c,2026-09-27T00:36:03.703+00:00,2026-09-27T00:36:04.813+00:00,21072-30059,dryers,50170054,72000000,2026-09-27 00:36:04,2026-09-26 23:01:41,46,5663.0,-2903.0,,Available,website maps this code to Available
1,fbc37fa6-d101-446f-8bd1-e93be0d3b859,2026-09-27T00:37:05.525+00:00,2026-09-27T00:37:05.693+00:00,21072-30059,washers,50170051,72000000,2026-09-27 00:37:05,2026-09-26 22:10:45,29,8780.0,-7040.0,,Available,website maps this code to Available
1,fbc37fa6-d101-446f-8bd1-e93be0d3b859,2026-09-27T00:37:05.525+00:00,2026-09-27T00:37:05.693+00:00,21072-30059,washers,50170080,52000000,2026-09-27 00:37:05,2026-09-27 00:24:45,29,740.0,1000.0,,Finished,
1,fbc37fa6-d101-446f-8bd1-e93be0d3b859,2026-09-27T00:37:05.525+00:00,2026-09-27T00:37:05.693+00:00,21072-30059,washers,50170075,52000000,2026-09-27 00:37:05,2026-09-27 00:20:19,29,1006.0,734.0,,Finished,
1,fbc37fa6-d101-446f-8bd1-e93be0d3b859,2026-09-27T00:37:05.525+00:00,2026-09-27T00:37:05.693+00:00,21072-30059,washers,50170082,52000000,2026-09-27 00:37:05,2026-09-27 00:24:36,29,749.0,991.0,,Finished,
1,fbc37fa6-d101-446f-8bd1-e93be0d3b859,2026-09-27T00:37:05.525+00:00,2026-09-27T00:37:05.693+00:00,21072-30059,washers,50170050,72000000,2026-09-27 00:37:05,2026-09-26 22:11:54,29,8711.0,-6971.0,,Available,website maps this code to Available
1,fbc37fa6-d101-446f-8bd1-e93be0d3b859,2026-09-27T00:37:05.525+00:00,2026-09-27T00:37:05.693+00:00,21072-30059,washers,50170052,72000000,2026-09-27 00:37:05,2026-09-26 22:13:48,29,8597.0,-6857.0,,Available,website maps this code to Available
1,fbc37fa6-d101-446f-8bd1-e93be0d3b859,2026-09-27T00:37:05.525+00:00,2026-09-27T00:37:05.693+00:00,21072-30059,washers,50170078,72000000,2026-09-27 00:37:05,2026-09-26 21:14:24,29,12161.0,-10421.0,,Available,website maps this code to Available
1,fbc37fa6-d101-446f-8bd1-e93be0d3b859,2026-09-27T00:37:05.525+00:00,2026-09-27T00:37:05.693+00:00,21072-30059,washers,50170084,72000000,2026-09-27 00:37:05,2026-09-26 07:02:48,29,63257.0,-61517.0,,Available,website maps this code to Available
1,fbc37fa6-d101-446f-8bd1-e93be0d3b859,2026-09-27T00:37:05.525+00:00,2026-09-27T00:37:05.693+00:00,21072-30059,washers,50170068,72000000,2026-09-27 00:37:05,2026-09-26 22:56:07,29,6058.0,-4318.0,,Available,website maps this code to Available
1,fbc37fa6-d101-446f-8bd1-e93be0d3b859,2026-09-27T00:37:05.525+00:00,2026-09-27T00:37:05.693+00:00,21072-30059,washers,50170072,72000000,2026-09-27 00:37:05,2026-09-26 22:11:47,29,8718.0,-6978.0,,Available,website maps this code to Available
1,fbc37fa6-d101-446f-8bd1-e93be0d3b859,2026-09-27T00:37:05.525+00:00,2026-09-27T00:37:05.693+00:00,21072-30059,washers,20483408,72000000,2026-09-27 00:37:05,2024-12-20 00:43:32,0,55814013.0,-55814013.0,,Available,website maps this code to Available
1,fbc37fa6-d101-446f-8bd1-e93be0d3b859,2026-09-27T00:37:05.525+00:00,2026-09-27T00:37:05.693+00:00,21072-30059,washers,50170055,72000000,2026-09-27 00:37:05,2026-09-26 22:47:03,29,6602.0,-4862.0,,Available,website maps this code to Available
1,fbc37fa6-d101-446f-8bd1-e93be0d3b859,2026-09-27T00:37:05.525+00:00,2026-09-27T00:37:05.693+00:00,21072-30059,dryers,50170058,D2000000,2026-09-27 00:37:05,2026-09-26 17:53:29,45,24216.0,-21516.0,,Start Mode After PF,
1,fbc37fa6-d101-446f-8bd1-e93be0d3b859,2026-09-27T00:37:05.525+00:00,2026-09-27T00:37:05.693+00:00,21072-30059,dryers,50170061,72000000,2026-09-27 00:37:05,2026-09-26 17:26:29,1,25836.0,-25776.0,,Available,website maps this code to Available
1,fbc37fa6-d101-446f-8bd1-e93be0d3b859,2026-09-27T00:37:05.525+00:00,2026-09-27T00:37:05.693+00:00,21072-30059,dryers,50170081,72000000,2026-09-27 00:37:05,2026-09-26 15:30:05,46,32820.0,-30060.0,,Available,website maps this code to Available
1,fbc37fa6-d101-446f-8bd1-e93be0d3b859,2026-09-27T00:37:05.525+00:00,2026-09-27T00:37:05.693+00:00,21072-30059,dryers,50170060,72000000,2026-09-27 00:37:05,2026-09-26 23:03:30,46,5615.0,-2855.0,,Available,website maps this code to Available
1,fbc37fa6-d101-446f-8bd1-e93be0d3b859,2026-09-27T00:37:05.525+00:00,2026-09-27T00:37:05.693+00:00,21072-30059,dryers,50170087,72000000,2026-09-27 00:37:05,2026-09-26 20:57:29,46,13176.0,-10416.0,,Available,website maps this code to Available
1,fbc37fa6-d101-446f-8bd1-e93be0d3b859,2026-09-27T00:37:05.525+00:00,2026-09-27T00:37:05.693+00:00,21072-30059,dryers,50170064,72000000,2026-09-27 00:37:05,2026-09-26 23:12:17,46,5088.0,-2328.0,,Available,website maps this code to Available
1,fbc37fa6-d101-446f-8bd1-e93be0d3b859,2026-09-27T00:37:05.525+00:00,2026-09-27T00:37:05.693+00:00,21072-30059,dryers,50170065,72000000,2026-09-27 00:37:05,2026-09-26 23:13:21,46,5024.0,-2264.0,,Available,website maps this code to Available
1,fbc37fa6-d101-446f-8bd1-e93be0d3b859,2026-09-27T00:37:05.525+00:00,2026-09-27T00:37:05.693+00:00,21072-30059,dryers,50170059,72000000,2026-09-27 00:37:05,2026-09-27 00:14:41,46,1344.0,1416.0,,Available,website maps this code to Available
1,fbc37fa6-d101-446f-8bd1-e93be0d3b859,2026-09-27T00:37:05.525+00:00,2026-09-27T00:37:05.693+00:00,21072-30059,dryers,50170057,72000000,2026-09-27 00:37:05,2026-09-26 23:30:30,46,3995.0,-1235.0,,Available,website maps this code to Available
1,fbc37fa6-d101-446f-8bd1-e93be0d3b859,2026-09-27T00:37:05.525+00:00,2026-09-27T00:37:05.693+00:00,21072-30059,dryers,50170062,72000000,2026-09-27 00:37:05,2026-09-26 23:14:55,46,4930.0,-2170.0,,Available,website maps this code to Available
1,fbc37fa6-d101-446f-8bd1-e93be0d3b859,2026-09-27T00:37:05.525+00:00,2026-09-27T00:37:05.693+00:00,21072-30059,dryers,50170067,72000000,2026-09-27 00:37:05,2026-09-26 23:35:12,46,3713.0,-953.0,,Available,website maps this code to Available
1,fbc37fa6-d101-446f-8bd1-e93be0d3b859,2026-09-27T00:37:05.525+00:00,2026-09-27T00:37:05.693+00:00,21072-30059,dryers,50170074,72000000,2026-09-27 00:37:05,2026-09-26 23:05:09,46,5516.0,-2756.0,,Available,website maps this code to Available
1,fbc37fa6-d101-446f-8bd1-e93be0d3b859,2026-09-27T00:37:05.525+00:00,2026-09-27T00:37:05.693+00:00,21072-30059,dryers,50170071,72000000,2026-09-27 00:37:05,2026-09-26 23:04:10,46,5575.0,-2815.0,,Available,website maps this code to Available
1,fbc37fa6-d101-446f-8bd1-e93be0d3b859,2026-09-27T00:37:05.525+00:00,2026-09-27T00:37:05.693+00:00,21072-30059,dryers,50170054,72000000,2026-09-27 00:37:05,2026-09-26 23:01:41,46,5724.0,-2964.0,,Available,website maps this code to Available
1,6ef6bb69-83b9-44ba-a933-f0b2b21de0d5,2026-09-27T00:38:01.506+00:00,2026-09-27T00:38:01.679+00:00,21072-30059,washers,50170051,72000000,2026-09-27 00:38:01,2026-09-26 22:10:45,29,8836.0,-7096.0,,Available,website maps this code to Available
1,6ef6bb69-83b9-44ba-a933-f0b2b21de0d5,2026-09-27T00:38:01.506+00:00,2026-09-27T00:38:01.679+00:00,21072-30059,washers,50170080,52000000,2026-09-27 00:38:01,2026-09-27 00:24:45,29,796.0,944.0,,Finished,
1,6ef6bb69-83b9-44ba-a933-f0b2b21de0d5,2026-09-27T00:38:01.506+00:00,2026-09-27T00:38:01.679+00:00,21072-30059,washers,50170075,52000000,2026-09-27 00:38:01,2026-09-27 00:20:19,29,1062.0,678.0,,Finished,
1,6ef6bb69-83b9-44ba-a933-f0b2b21de0d5,2026-09-27T00:38:01.506+00:00,2026-09-27T00:38:01.679+00:00,21072-30059,washers,50170082,52000000,2026-09-27 00:38:01,2026-09-27 00:24:36,29,805.0,935.0,,Finished,
1,6ef6bb69-83b9-44ba-a933-f0b2b21de0d5,2026-09-27T00:38:01.506+00:00,2026-09-27T00:38:01.679+00:00,21072-30059,washers,50170050,72000000,2026-09-27 00:38:01,2026-09-26 22:11:54,29,8767.0,-7027.0,,Available,website maps this code to Available
1,6ef6bb69-83b9-44ba-a933-f0b2b21de0d5,2026-09-27T00:38:01.506+00:00,2026-09-27T00:38:01.679+00:00,21072-30059,washers,50170052,72000000,2026-09-27 00:38:01,2026-09-26 22:13:48,29,8653.0,-6913.0,,Available,website maps this code to Available
1,6ef6bb69-83b9-44ba-a933-f0b2b21de0d5,2026-09-27T00:38:01.506+00:00,2026-09-27T00:38:01.679+00:00,21072-30059,washers,50170078,72000000,2026-09-27 00:38:01,2026-09-26 21:14:24,29,12217.0,-10477.0,,Available,website maps this code to Available
1,6ef6bb69-83b9-44ba-a933-f0b2b21de0d5,2026-09-27T00:38:01.506+00:00,2026-09-27T00:38:01.679+00:00,21072-30059,washers,50170084,72000000,2026-09-27 00:38:01,2026-09-26 07:02:48,29,63313.0,-61573.0,,Available,website maps this code to Available
1,6ef6bb69-83b9-44ba-a933-f0b2b21de0d5,2026-09-27T00:38:01.506+00:00,2026-09-27T00:38:01.679+00:00,21072-30059,washers,50170068,72000000,2026-09-27 00:38:01,2026-09-26 22:56:07,29,6114.0,-4374.0,,Available,website maps this code to Available
1,6ef6bb69-83b9-44ba-a933-f0b2b21de0d5,2026-09-27T00:38:01.506+00:00,2026-09-27T00:38:01.679+00:00,21072-30059,washers,50170072,72000000,2026-09-27 00:38:01,2026-09-26 22:11:47,29,8774.0,-7034.0,,Available,website maps this code to Available
1,6ef6bb69-83b9-44ba-a933-f0b2b21de0d5,2026-09-27T00:38:01.506+00:00,2026-09-27T00:38:01.679+00:00,21072-30059,washers,20483408,72000000,2026-09-27 00:38:01,2024-12-20 00:43:32,0,55814069.0,-55814069.0,,Available,website maps this code to Available
1,6ef6bb69-83b9-44ba-a933-f0b2b21de0d5,2026-09-27T00:38:01.506+00:00,2026-09-27T00:38:01.679+00:00,21072-30059,washers,50170055,72000000,2026-09-27 00:38:01,2026-09-26 22:47:03,29,6658.0,-4918.0,,Available,website maps this code to Available
1,6ef6bb69-83b9-44ba-a933-f0b2b21de0d5,2026-09-27T00:38:01.506+00:00,2026-09-27T00:38:01.679+00:00,21072-30059,dryers,50170058,D2000000,2026-09-27 00:38:01,2026-09-26 17:53:29,45,24272.0,-21572.0,,Start Mode After PF,
1,6ef6bb69-83b9-44ba-a933-f0b2b21de0d5,2026-09-27T00:38:01.506+00:00,2026-09-27T00:38:01.679+00:00,21072-30059,dryers,50170061,72000000,2026-09-27 00:38:01,2026-09-26 17:26:29,1,25892.0,-25832.0,,Available,website maps this code to Available
1,6ef6bb69-83b9-44ba-a933-f0b2b21de0d5,2026-09-27T00:38:01.506+00:00,2026-09-27T00:38:01.679+00:00,21072-30059,dryers,50170081,72000000,2026-09-27 00:38:01,2026-09-26 15:30:05,46,32876.0,-30116.0,,Available,website maps this code to Available
1,6ef6bb69-83b9-44ba-a933-f0b2b21de0d5,2026-09-27T00:38:01.506+00:00,2026-09-27T00:38:01.679+00:00,21072-30059,dryers,50170060,72000000,2026-09-27 00:38:01,2026-09-26 23:03:30,46,5671.0,-2911.0,,Available,website maps this code to Available
1,6ef6bb69-83b9-44ba-a933-f0b2b21de0d5,2026-09-27T00:38:01.506+00:00,2026-09-27T00:38:01.679+00:00,21072-30059,dryers,50170087,72000000,2026-09-27 00:38:01,2026-09-26 20:57:29,46,13232.0,-10472.0,,Available,website maps this code to Available
1,6ef6bb69-83b9-44ba-a933-f0b2b21de0d5,2026-09-27T00:38:01.506+00:00,2026-09-27T00:38:01.679+00:00,21072-30059,dryers,50170064,72000000,2026-09-27 00:38:01,2026-09-26 23:12:17,46,5144.0,-2384.0,,Available,website maps this code to Available
1,6ef6bb69-83b9-44ba-a933-f0b2b21de0d5,2026-09-27T00:38:01.506+00:00,2026-09-27T00:38:01.679+00:00,21072-30059,dryers,50170065,72000000,2026-09-27 00:38:01,2026-09-26 23:13:21,46,5080.0,-2320.0,,Available,website maps this code to Available
1,6ef6bb69-83b9-44ba-a933-f0b2b21de0d5,2026-09-27T00:38:01.506+00:00,2026-09-27T00:38:01.679+00:00,21072-30059,dryers,50170059,72000000,2026-09-27 00:38:01,2026-09-27 00:14:41,46,1400.0,1360.0,,Available,website maps this code to Available
1,6ef6bb69-83b9-44ba-a933-f0b2b21de0d5,2026-09-27T00:38:01.506+00:00,2026-09-27T00:38:01.679+00:00,21072-30059,dryers,50170057,72000000,2026-09-27 00:38:01,2026-09-26 23:30:30,46,4051.0,-1291.0,,Available,website maps this code to Available
1,6ef6bb69-83b9-44ba-a933-f0b2b21de0d5,2026-09-27T00:38:01.506+00:00,2026-09-27T00:38:01.679+00:00,21072-30059,dryers,50170062,72000000,2026-09-27 00:38:01,2026-09-26 23:14:55,46,4986.0,-2226.0,,Available,website maps this code to Available
1,6ef6bb69-83b9-44ba-a933-f0b2b21de0d5,2026-09-27T00:38:01.506+00:00,2026-09-27T00:38:01.679+00:00,21072-30059,dryers,50170067,72000000,2026-09-27 00:38:01,2026-09-26 23:35:12,46,3769.0,-1009.0,,Available,website maps this code to Available
1,6ef6bb69-83b9-44ba-a933-f0b2b21de0d5,2026-09-27T00:38:01.506+00:00,2026-09-27T00:38:01.679+00:00,21072-30059,dryers,50170074,72000000,2026-09-27 00:38:01,2026-09-26 23:05:09,46,5572.0,-2812.0,,Available,website maps this code to Available
1,6ef6bb69-83b9-44ba-a933-f0b2b21de0d5,2026-09-27T00:38:01.506+00:00,2026-09-27T00:38:01.679+00:00,21072-30059,dryers,50170071,72000000,2026-09-27 00:38:01,2026-09-26 23:04:10,46,5631.0,-2871.0,,Available,website maps this code to Available
1,6ef6bb69-83b9-44ba-a933-f0b2b21de0d5,2026-09-27T00:38:01.506+00:00,2026-09-27T00:38:01.679+00:00,21072-30059,dryers,50170054,72000000,2026-09-27 00:38:01,2026-09-26 23:01:41,46,5780.0,-3020.0,,Available,website maps this code to Available
1,8c1d53e7-ec2c-45bd-bef7-0cc24f87f505,2026-09-27T00:39:07.684+00:00,2026-09-27T00:39:08.098+00:00,21072-30059,washers,50170051,72000000,2026-09-27 00:39:07,2026-09-26 22:10:45,29,8902.0,-7162.0,,Available,website maps this code to Available
1,8c1d53e7-ec2c-45bd-bef7-0cc24f87f505,2026-09-27T00:39:07.684+00:00,2026-09-27T00:39:08.098+00:00,21072-30059,washers,50170080,52000000,2026-09-27 00:39:07,2026-09-27 00:24:45,29,862.0,878.0,,Finished,
1,8c1d53e7-ec2c-45bd-bef7-0cc24f87f505,2026-09-27T00:39:07.684+00:00,2026-09-27T00:39:08.098+00:00,21072-30059,washers,50170075,52000000,2026-09-27 00:39:07,2026-09-27 00:20:19,29,1128.0,612.0,,Finished,
1,8c1d53e7-ec2c-45bd-bef7-0cc24f87f505,2026-09-27T00:39:07.684+00:00,2026-09-27T00:39:08.098+00:00,21072-30059,washers,50170082,52000000,2026-09-27 00:39:07,2026-09-27 00:24:36,29,871.0,869.0,,Finished,
1,8c1d53e7-ec2c-45bd-bef7-0cc24f87f505,2026-09-27T00:39:07.684+00:00,2026-09-27T00:39:08.098+00:00,21072-30059,washers,50170050,72000000,2026-09-27 00:39:07,2026-09-26 22:11:54,29,8833.0,-7093.0,,Available,website maps this code to Available
1,8c1d53e7-ec2c-45bd-bef7-0cc24f87f505,2026-09-27T00:39:07.684+00:00,2026-09-27T00:39:08.098+00:00,21072-30059,washers,50170052,72000000,2026-09-27 00:39:07,2026-09-26 22:13:48,29,8719.0,-6979.0,,Available,website maps this code to Available
1,8c1d53e7-ec2c-45bd-bef7-0cc24f87f505,2026-09-27T00:39:07.684+00:00,2026-09-27T00:39:08.098+00:00,21072-30059,washers,50170078,72000000,2026-09-27 00:39:07,2026-09-26 21:14:24,29,12283.0,-10543.0,,Available,website maps this code to Available
1,8c1d53e7-ec2c-45bd-bef7-0cc24f87f505,2026-09-27T00:39:07.684+00:00,2026-09-27T00:39:08.098+00:00,21072-30059,washers,50170084,72000000,2026-09-27 00:39:07,2026-09-26 07:02:48,29,63379.0,-61639.0,,Available,website maps this code to Available
1,8c1d53e7-ec2c-45bd-bef7-0cc24f87f505,2026-09-27T00:39:07.684+00:00,2026-09-27T00:39:08.098+00:00,21072-30059,washers,50170068,72000000,2026-09-27 00:39:07,2026-09-26 22:56:07,29,6180.0,-4440.0,,Available,website maps this code to Available
1,8c1d53e7-ec2c-45bd-bef7-0cc24f87f505,2026-09-27T00:39:07.684+00:00,2026-09-27T00:39:08.098+00:00,21072-30059,washers,50170072,72000000,2026-09-27 00:39:07,2026-09-26 22:11:47,29,8840.0,-7100.0,,Available,website maps this code to Available
1,8c1d53e7-ec2c-45bd-bef7-0cc24f87f505,2026-09-27T00:39:07.684+00:00,2026-09-27T00:39:08.098+00:00,21072-30059,washers,20483408,72000000,2026-09-27 00:39:07,2024-12-20 00:43:32,0,55814135.0,-55814135.0,,Available,website maps this code to Available
1,8c1d53e7-ec2c-45bd-bef7-0cc24f87f505,2026-09-27T00:39:07.684+00:00,2026-09-27T00:39:08.098+00:00,21072-30059,washers,50170055,72000000,2026-09-27 00:39:07,2026-09-26 22:47:03,29,6724.0,-4984.0,,Available,website maps this code to Available
1,8c1d53e7-ec2c-45bd-bef7-0cc24f87f505,2026-09-27T00:39:07.684+00:00,2026-09-27T00:39:08.098+00:00,21072-30059,dryers,50170058,D2000000,2026-09-27 00:39:07,2026-09-26 17:53:29,45,24338.0,-21638.0,,Start Mode After PF,
1,8c1d53e7-ec2c-45bd-bef7-0cc24f87f505,2026-09-27T00:39:07.684+00:00,2026-09-27T00:39:08.098+00:00,21072-30059,dryers,50170061,72000000,2026-09-27 00:39:07,2026-09-26 17:26:29,1,25958.0,-25898.0,,Available,website maps this code to Available
1,8c1d53e7-ec2c-45bd-bef7-0cc24f87f505,2026-09-27T00:39:07.684+00:00,2026-09-27T00:39:08.098+00:00,21072-30059,dryers,50170081,72000000,2026-09-27 00:39:07,2026-09-26 15:30:05,46,32942.0,-30182.0,,Available,website maps this code to Available
1,8c1d53e7-ec2c-45bd-bef7-0cc24f87f505,2026-09-27T00:39:07.684+00:00,2026-09-27T00:39:08.098+00:00,21072-30059,dryers,50170060,72000000,2026-09-27 00:39:07,2026-09-26 23:03:30,46,5737.0,-2977.0,,Available,website maps this code to Available
1,8c1d53e7-ec2c-45bd-bef7-0cc24f87f505,2026-09-27T00:39:07.684+00:00,2026-09-27T00:39:08.098+00:00,21072-30059,dryers,50170087,72000000,2026-09-27 00:39:07,2026-09-26 20:57:29,46,13298.0,-10538.0,,Available,website maps this code to Available
1,8c1d53e7-ec2c-45bd-bef7-0cc24f87f505,2026-09-27T00:39:07.684+00:00,2026-09-27T00:39:08.098+00:00,21072-30059,dryers,50170064,72000000,2026-09-27 00:39:07,2026-09-26 23:12:17,46,5210.0,-2450.0,,Available,website maps this code to Available
1,8c1d53e7-ec2c-45bd-bef7-0cc24f87f505,2026-09-27T00:39:07.684+00:00,2026-09-27T00:39:08.098+00:00,21072-30059,dryers,50170065,72000000,2026-09-27 00:39:07,2026-09-26 23:13:21,46,5146.0,-2386.0,,Available,website maps this code to Available
1,8c1d53e7-ec2c-45bd-bef7-0cc24f87f505,2026-09-27T00:39:07.684+00:00,2026-09-27T00:39:08.098+00:00,21072-30059,dryers,50170059,72000000,2026-09-27 00:39:07,2026-09-27 00:14:41,46,1466.0,1294.0,,Available,website maps this code to Available
1,8c1d53e7-ec2c-45bd-bef7-0cc24f87f505,2026-09-27T00:39:07.684+00:00,2026-09-27T00:39:08.098+00:00,21072-30059,dryers,50170057,72000000,2026-09-27 00:39:07,2026-09-26 23:30:30,46,4117.0,-1357.0,,Available,website maps this code to Available
1,8c1d53e7-ec2c-45bd-bef7-0cc24f87f505,2026-09-27T00:39:07.684+00:00,2026-09-27T00:39:08.098+00:00,21072-30059,dryers,50170062,72000000,2026-09-27 00:39:07,2026-09-26 23:14:55,46,5052.0,-2292.0,,Available,website maps this code to Available
1,8c1d53e7-ec2c-45bd-bef7-0cc24f87f505,2026-09-27T00:39:07.684+00:00,2026-09-27T00:39:08.098+00:00,21072-30059,dryers,50170067,72000000,2026-09-27 00:39:07,2026-09-26 23:35:12,46,3835.0,-1075.0,,Available,website maps this code to Available
1,8c1d53e7-ec2c-45bd-bef7-0cc24f87f505,2026-09-27T00:39:07.684+00:00,2026-09-27T00:39:08.098+00:00,21072-30059,dryers,50170074,72000000,2026-09-27 00:39:07,2026-09-26 23:05:09,46,5638.0,-2878.0,,Available,website maps this code to Available
1,8c1d53e7-ec2c-45bd-bef7-0cc24f87f505,2026-09-27T00:39:07.684+00:00,2026-09-27T00:39:08.098+00:00,21072-30059,dryers,50170071,72000000,2026-09-27 00:39:07,2026-09-26 23:04:10,46,5697.0,-2937.0,,Available,website maps this code to Available
1,8c1d53e7-ec2c-45bd-bef7-0cc24f87f505,2026-09-27T00:39:07.684+00:00,2026-09-27T00:39:08.098+00:00,21072-30059,dryers,50170054,72000000,2026-09-27 00:39:07,2026-09-26 23:01:41,46,5846.0,-3086.0,,Available,website maps this code to Available
1,88a2a14b-02fd-45f7-93ab-7a4f0cc62afb,2026-09-27T00:40:05.113+00:00,2026-09-27T00:40:06.234+00:00,21072-30059,washers,50170051,72000000,2026-09-27 00:40:06,2026-09-26 22:10:45,29,8961.0,-7221.0,,Available,website maps this code to Available
1,88a2a14b-02fd-45f7-93ab-7a4f0cc62afb,2026-09-27T00:40:05.113+00:00,2026-09-27T00:40:06.234+00:00,21072-30059,washers,50170080,52000000,2026-09-27 00:40:06,2026-09-27 00:24:45,29,921.0,819.0,,Finished,
1,88a2a14b-02fd-45f7-93ab-7a4f0cc62afb,2026-09-27T00:40:05.113+00:00,2026-09-27T00:40:06.234+00:00,21072-30059,washers,50170075,52000000,2026-09-27 00:40:06,2026-09-27 00:20:19,29,1187.0,553.0,,Finished,
1,88a2a14b-02fd-45f7-93ab-7a4f0cc62afb,2026-09-27T00:40:05.113+00:00,2026-09-27T00:40:06.234+00:00,21072-30059,washers,50170082,52000000,2026-09-27 00:40:06,2026-09-27 00:24:36,29,930.0,810.0,,Finished,
1,88a2a14b-02fd-45f7-93ab-7a4f0cc62afb,2026-09-27T00:40:05.113+00:00,2026-09-27T00:40:06.234+00:00,21072-30059,washers,50170050,72000000,2026-09-27 00:40:06,2026-09-26 22:11:54,29,8892.0,-7152.0,,Available,website maps this code to Available
1,88a2a14b-02fd-45f7-93ab-7a4f0cc62afb,2026-09-27T00:40:05.113+00:00,2026-09-27T00:40:06.234+00:00,21072-30059,washers,50170052,72000000,2026-09-27 00:40:06,2026-09-26 22:13:48,29,8778.0,-7038.0,,Available,website maps this code to Available
1,88a2a14b-02fd-45f7-93ab-7a4f0cc62afb,2026-09-27T00:40:05.113+00:00,2026-09-27T00:40:06.234+00:00,21072-30059,washers,50170078,72000000,2026-09-27 00:40:06,2026-09-26 21:14:24,29,12342.0,-10602.0,,Available,website maps this code to Available
1,88a2a14b-02fd-45f7-93ab-7a4f0cc62afb,2026-09-27T00:40:05.113+00:00,2026-09-27T00:40:06.234+00:00,21072-30059,washers,50170084,72000000,2026-09-27 00:40:06,2026-09-26 07:02:48,29,63438.0,-61698.0,,Available,website maps this code to Available
1,88a2a14b-02fd-45f7-93ab-7a4f0cc62afb,2026-09-27T00:40:05.113+00:00,2026-09-27T00:40:06.234+00:00,21072-30059,washers,50170068,72000000,2026-09-27 00:40:06,2026-09-26 22:56:07,29,6239.0,-4499.0,,Available,website maps this code to Available
1,88a2a14b-02fd-45f7-93ab-7a4f0cc62afb,2026-09-27T00:40:05.113+00:00,2026-09-27T00:40:06.234+00:00,21072-30059,washers,50170072,72000000,2026-09-27 00:40:06,2026-09-26 22:11:47,29,8899.0,-7159.0,,Available,website maps this code to Available
1,88a2a14b-02fd-45f7-93ab-7a4f0cc62afb,2026-09-27T00:40:05.113+00:00,2026-09-27T00:40:06.234+00:00,21072-30059,washers,20483408,72000000,2026-09-27 00:40:06,2024-12-20 00:43:32,0,55814194.0,-55814194.0,,Available,website maps this code to Available
1,88a2a14b-02fd-45f7-93ab-7a4f0cc62afb,2026-09-27T00:40:05.113+00:00,2026-09-27T00:40:06.234+00:00,21072-30059,washers,50170055,72000000,2026-09-27 00:40:06,2026-09-26 22:47:03,29,6783.0,-5043.0,,Available,website maps this code to Available
1,88a2a14b-02fd-45f7-93ab-7a4f0cc62afb,2026-09-27T00:40:05.113+00:00,2026-09-27T00:40:06.234+00:00,21072-30059,dryers,50170058,D2000000,2026-09-27 00:40:06,2026-09-26 17:53:29,45,24397.0,-21697.0,,Start Mode After PF,
1,88a2a14b-02fd-45f7-93ab-7a4f0cc62afb,2026-09-27T00:40:05.113+00:00,2026-09-27T00:40:06.234+00:00,21072-30059,dryers,50170061,72000000,2026-09-27 00:40:06,2026-09-26 17:26:29,1,26017.0,-25957.0,,Available,website maps this code to Available
1,88a2a14b-02fd-45f7-93ab-7a4f0cc62afb,2026-09-27T00:40:05.113+00:00,2026-09-27T00:40:06.234+00:00,21072-30059,dryers,50170081,72000000,2026-09-27 00:40:06,2026-09-26 15:30:05,46,33001.0,-30241.0,,Available,website maps this code to Available
1,88a2a14b-02fd-45f7-93ab-7a4f0cc62afb,2026-09-27T00:40:05.113+00:00,2026-09-27T00:40:06.234+00:00,21072-30059,dryers,50170060,72000000,2026-09-27 00:40:06,2026-09-26 23:03:30,46,5796.0,-3036.0,,Available,website maps this code to Available
1,88a2a14b-02fd-45f7-93ab-7a4f0cc62afb,2026-09-27T00:40:05.113+00:00,2026-09-27T00:40:06.234+00:00,21072-30059,dryers,50170087,72000000,2026-09-27 00:40:06,2026-09-26 20:57:29,46,13357.0,-10597.0,,Available,website maps this code to Available
1,88a2a14b-02fd-45f7-93ab-7a4f0cc62afb,2026-09-27T00:40:05.113+00:00,2026-09-27T00:40:06.234+00:00,21072-30059,dryers,50170064,72000000,2026-09-27 00:40:06,2026-09-26 23:12:17,46,5269.0,-2509.0,,Available,website maps this code to Available
1,88a2a14b-02fd-45f7-93ab-7a4f0cc62afb,2026-09-27T00:40:05.113+00:00,2026-09-27T00:40:06.234+00:00,21072-30059,dryers,50170065,72000000,2026-09-27 00:40:06,2026-09-26 23:13:21,46,5205.0,-2445.0,,Available,website maps this code to Available
1,88a2a14b-02fd-45f7-93ab-7a4f0cc62afb,2026-09-27T00:40:05.113+00:00,2026-09-27T00:40:06.234+00:00,21072-30059,dryers,50170059,72000000,2026-09-27 00:40:06,2026-09-27 00:14:41,46,1525.0,1235.0,,Available,website maps this code to Available
1,88a2a14b-02fd-45f7-93ab-7a4f0cc62afb,2026-09-27T00:40:05.113+00:00,2026-09-27T00:40:06.234+00:00,21072-30059,dryers,50170057,72000000,2026-09-27 00:40:06,2026-09-26 23:30:30,46,4176.0,-1416.0,,Available,website maps this code to Available
1,88a2a14b-02fd-45f7-93ab-7a4f0cc62afb,2026-09-27T00:40:05.113+00:00,2026-09-27T00:40:06.234+00:00,21072-30059,dryers,50170062,72000000,2026-09-27 00:40:06,2026-09-26 23:14:55,46,5111.0,-2351.0,,Available,website maps this code to Available
1,88a2a14b-02fd-45f7-93ab-7a4f0cc62afb,2026-09-27T00:40:05.113+00:00,2026-09-27T00:40:06.234+00:00,21072-30059,dryers,50170067,72000000,2026-09-27 00:40:06,2026-09-26 23:35:12,46,3894.0,-1134.0,,Available,website maps this code to Available
1,88a2a14b-02fd-45f7-93ab-7a4f0cc62afb,2026-09-27T00:40:05.113+00:00,2026-09-27T00:40:06.234+00:00,21072-30059,dryers,50170074,72000000,2026-09-27 00:40:06,2026-09-26 23:05:09,46,5697.0,-2937.0,,Available,website maps this code to Available
1,88a2a14b-02fd-45f7-93ab-7a4f0cc62afb,2026-09-27T00:40:05.113+00:00,2026-09-27T00:40:06.234+00:00,21072-30059,dryers,50170071,72000000,2026-09-27 00:40:06,2026-09-26 23:04:10,46,5756.0,-2996.0,,Available,website maps this code to Available
1,88a2a14b-02fd-45f7-93ab-7a4f0cc62afb,2026-09-27T00:40:05.113+00:00,2026-09-27T00:40:06.234+00:00,21072-30059,dryers,50170054,72000000,2026-09-27 00:40:06,2026-09-26 23:01:41,46,5905.0,-3145.0,,Available,website maps this code to Available
1,5c22b6b7-1844-45a1-94e6-aa7da887d759,2026-09-27T00:41:01.359+00:00,2026-09-27T00:41:02.667+00:00,21072-30059,washers,50170051,72000000,2026-09-27 00:41:02,2026-09-26 22:10:45,29,9017.0,-7277.0,,Available,website maps this code to Available
1,5c22b6b7-1844-45a1-94e6-aa7da887d759,2026-09-27T00:41:01.359+00:00,2026-09-27T00:41:02.667+00:00,21072-30059,washers,50170080,52000000,2026-09-27 00:41:02,2026-09-27 00:24:45,29,977.0,763.0,,Finished,
1,5c22b6b7-1844-45a1-94e6-aa7da887d759,2026-09-27T00:41:01.359+00:00,2026-09-27T00:41:02.667+00:00,21072-30059,washers,50170075,52000000,2026-09-27 00:41:02,2026-09-27 00:20:19,29,1243.0,497.0,,Finished,
1,5c22b6b7-1844-45a1-94e6-aa7da887d759,2026-09-27T00:41:01.359+00:00,2026-09-27T00:41:02.667+00:00,21072-30059,washers,50170082,52000000,2026-09-27 00:41:02,2026-09-27 00:24:36,29,986.0,754.0,,Finished,
1,5c22b6b7-1844-45a1-94e6-aa7da887d759,2026-09-27T00:41:01.359+00:00,2026-09-27T00:41:02.667+00:00,21072-30059,washers,50170050,72000000,2026-09-27 00:41:02,2026-09-26 22:11:54,29,8948.0,-7208.0,,Available,website maps this code to Available
1,5c22b6b7-1844-45a1-94e6-aa7da887d759,2026-09-27T00:41:01.359+00:00,2026-09-27T00:41:02.667+00:00,21072-30059,washers,50170052,72000000,2026-09-27 00:41:02,2026-09-26 22:13:48,29,8834.0,-7094.0,,Available,website maps this code to Available
1,5c22b6b7-1844-45a1-94e6-aa7da887d759,2026-09-27T00:41:01.359+00:00,2026-09-27T00:41:02.667+00:00,21072-30059,washers,50170078,72000000,2026-09-27 00:41:02,2026-09-26 21:14:24,29,12398.0,-10658.0,,Available,website maps this code to Available
1,5c22b6b7-1844-45a1-94e6-aa7da887d759,2026-09-27T00:41:01.359+00:00,2026-09-27T00:41:02.667+00:00,21072-30059,washers,50170084,72000000,2026-09-27 00:41:02,2026-09-26 07:02:48,29,63494.0,-61754.0,,Available,website maps this code to Available
1,5c22b6b7-1844-45a1-94e6-aa7da887d759,2026-09-27T00:41:01.359+00:00,2026-09-27T00:41:02.667+00:00,21072-30059,washers,50170068,72000000,2026-09-27 00:41:02,2026-09-26 22:56:07,29,6295.0,-4555.0,,Available,website maps this code to Available
1,5c22b6b7-1844-45a1-94e6-aa7da887d759,2026-09-27T00:41:01.359+00:00,2026-09-27T00:41:02.667+00:00,21072-30059,washers,50170072,72000000,2026-09-27 00:41:02,2026-09-26 22:11:47,29,8955.0,-7215.0,,Available,website maps this code to Available
1,5c22b6b7-1844-45a1-94e6-aa7da887d759,2026-09-27T00:41:01.359+00:00,2026-09-27T00:41:02.667+00:00,21072-30059,washers,20483408,72000000,2026-09-27 00:41:02,2024-12-20 00:43:32,0,55814250.0,-55814250.0,,Available,website maps this code to Available
1,5c22b6b7-1844-45a1-94e6-aa7da887d759,2026-09-27T00:41:01.359+00:00,2026-09-27T00:41:02.667+00:00,21072-30059,washers,50170055,42000000,2026-09-27 00:41:02,2026-09-27 00:40:36,28,26.0,1654.0,28,Running,
1,5c22b6b7-1844-45a1-94e6-aa7da887d759,2026-09-27T00:41:01.359+00:00,2026-09-27T00:41:02.667+00:00,21072-30059,dryers,50170058,D2000000,2026-09-27 00:41:02,2026-09-26 17:53:29,45,24453.0,-21753.0,,Start Mode After PF,
1,5c22b6b7-1844-45a1-94e6-aa7da887d759,2026-09-27T00:41:01.359+00:00,2026-09-27T00:41:02.667+00:00,21072-30059,dryers,50170061,72000000,2026-09-27 00:41:02,2026-09-26 17:26:29,1,26073.0,-26013.0,,Available,website maps this code to Available
1,5c22b6b7-1844-45a1-94e6-aa7da887d759,2026-09-27T00:41:01.359+00:00,2026-09-27T00:41:02.667+00:00,21072-30059,dryers,50170081,72000000,2026-09-27 00:41:02,2026-09-26 15:30:05,46,33057.0,-30297.0,,Available,website maps this code to Available
1,5c22b6b7-1844-45a1-94e6-aa7da887d759,2026-09-27T00:41:01.359+00:00,2026-09-27T00:41:02.667+00:00,21072-30059,dryers,50170060,72000000,2026-09-27 00:41:02,2026-09-26 23:03:30,46,5852.0,-3092.0,,Available,website maps this code to Available
1,5c22b6b7-1844-45a1-94e6-aa7da887d759,2026-09-27T00:41:01.359+00:00,2026-09-27T00:41:02.667+00:00,21072-30059,dryers,50170087,72000000,2026-09-27 00:41:02,2026-09-26 20:57:29,46,13413.0,-10653.0,,Available,website maps this code to Available
1,5c22b6b7-1844-45a1-94e6-aa7da887d759,2026-09-27T00:41:01.359+00:00,2026-09-27T00:41:02.667+00:00,21072-30059,dryers,50170064,72000000,2026-09-27 00:41:02,2026-09-26 23:12:17,46,5325.0,-2565.0,,Available,website maps this code to Available
1,5c22b6b7-1844-45a1-94e6-aa7da887d759,2026-09-27T00:41:01.359+00:00,2026-09-27T00:41:02.667+00:00,21072-30059,dryers,50170065,72000000,2026-09-27 00:41:02,2026-09-26 23:13:21,46,5261.0,-2501.0,,Available,website maps this code to Available
1,5c22b6b7-1844-45a1-94e6-aa7da887d759,2026-09-27T00:41:01.359+00:00,2026-09-27T00:41:02.667+00:00,21072-30059,dryers,50170059,72000000,2026-09-27 00:41:02,2026-09-27 00:14:41,46,1581.0,1179.0,,Available,website maps this code to Available
1,5c22b6b7-1844-45a1-94e6-aa7da887d759,2026-09-27T00:41:01.359+00:00,2026-09-27T00:41:02.667+00:00,21072-30059,dryers,50170057,72000000,2026-09-27 00:41:02,2026-09-26 23:30:30,46,4232.0,-1472.0,,Available,website maps this code to Available
1,5c22b6b7-1844-45a1-94e6-aa7da887d759,2026-09-27T00:41:01.359+00:00,2026-09-27T00:41:02.667+00:00,21072-30059,dryers,50170062,72000000,2026-09-27 00:41:02,2026-09-26 23:14:55,46,5167.0,-2407.0,,Available,website maps this code to Available
1,5c22b6b7-1844-45a1-94e6-aa7da887d759,2026-09-27T00:41:01.359+00:00,2026-09-27T00:41:02.667+00:00,21072-30059,dryers,50170067,72000000,2026-09-27 00:41:02,2026-09-26 23:35:12,46,3950.0,-1190.0,,Available,website maps this code to Available
1,5c22b6b7-1844-45a1-94e6-aa7da887d759,2026-09-27T00:41:01.359+00:00,2026-09-27T00:41:02.667+00:00,21072-30059,dryers,50170074,72000000,2026-09-27 00:41:02,2026-09-26 23:05:09,46,5753.0,-2993.0,,Available,website maps this code to Available
1,5c22b6b7-1844-45a1-94e6-aa7da887d759,2026-09-27T00:41:01.359+00:00,2026-09-27T00:41:02.667+00:00,21072-30059,dryers,50170071,72000000,2026-09-27 00:41:02,2026-09-26 23:04:10,46,5812.0,-3052.0,,Available,website maps this code to Available
1,5c22b6b7-1844-45a1-94e6-aa7da887d759,2026-09-27T00:41:01.359+00:00,2026-09-27T00:41:02.667+00:00,21072-30059,dryers,50170054,72000000,2026-09-27 00:41:02,2026-09-26 23:01:41,46,5961.0,-3201.0,,Available,website maps this code to Available
1,c63d5148-a5f4-4eae-9b4c-5478cd726706,2026-09-27T00:42:02.572+00:00,2026-09-27T00:42:03.222+00:00,21072-30059,washers,50170051,72000000,2026-09-27 00:42:03,2026-09-26 22:10:45,29,9078.0,-7338.0,,Available,website maps this code to Available
1,c63d5148-a5f4-4eae-9b4c-5478cd726706,2026-09-27T00:42:02.572+00:00,2026-09-27T00:42:03.222+00:00,21072-30059,washers,50170080,72000000,2026-09-27 00:42:03,2026-09-27 00:41:59,29,4.0,1736.0,,Available,website maps this code to Available
1,c63d5148-a5f4-4eae-9b4c-5478cd726706,2026-09-27T00:42:02.572+00:00,2026-09-27T00:42:03.222+00:00,21072-30059,washers,50170075,52000000,2026-09-27 00:42:03,2026-09-27 00:20:19,29,1304.0,436.0,,Finished,
1,c63d5148-a5f4-4eae-9b4c-5478cd726706,2026-09-27T00:42:02.572+00:00,2026-09-27T00:42:03.222+00:00,21072-30059,washers,50170082,72000000,2026-09-27 00:42:03,2026-09-27 00:41:51,29,12.0,1728.0,,Available,website maps this code to Available
1,c63d5148-a5f4-4eae-9b4c-5478cd726706,2026-09-27T00:42:02.572+00:00,2026-09-27T00:42:03.222+00:00,21072-30059,washers,50170050,72000000,2026-09-27 00:42:03,2026-09-26 22:11:54,29,9009.0,-7269.0,,Available,website maps this code to Available
1,c63d5148-a5f4-4eae-9b4c-5478cd726706,2026-09-27T00:42:02.572+00:00,2026-09-27T00:42:03.222+00:00,21072-30059,washers,50170052,72000000,2026-09-27 00:42:03,2026-09-26 22:13:48,29,8895.0,-7155.0,,Available,website maps this code to Available
1,c63d5148-a5f4-4eae-9b4c-5478cd726706,2026-09-27T00:42:02.572+00:00,2026-09-27T00:42:03.222+00:00,21072-30059,washers,50170078,72000000,2026-09-27 00:42:03,2026-09-26 21:14:24,29,12459.0,-10719.0,,Available,website maps this code to Available
1,c63d5148-a5f4-4eae-9b4c-5478cd726706,2026-09-27T00:42:02.572+00:00,2026-09-27T00:42:03.222+00:00,21072-30059,washers,50170084,72000000,2026-09-27 00:42:03,2026-09-26 07:02:48,29,63555.0,-61815.0,,Available,website maps this code to Available
1,c63d5148-a5f4-4eae-9b4c-5478cd726706,2026-09-27T00:42:02.572+00:00,2026-09-27T00:42:03.222+00:00,21072-30059,washers,50170068,42000000,2026-09-27 00:42:03,2026-09-27 00:41:33,28,30.0,1650.0,28,Running,
1,c63d5148-a5f4-4eae-9b4c-5478cd726706,2026-09-27T00:42:02.572+00:00,2026-09-27T00:42:03.222+00:00,21072-30059,washers,50170072,72000000,2026-09-27 00:42:03,2026-09-26 22:11:47,29,9016.0,-7276.0,,Available,website maps this code to Available
1,c63d5148-a5f4-4eae-9b4c-5478cd726706,2026-09-27T00:42:02.572+00:00,2026-09-27T00:42:03.222+00:00,21072-30059,washers,20483408,72000000,2026-09-27 00:42:03,2024-12-20 00:43:32,0,55814311.0,-55814311.0,,Available,website maps this code to Available
1,c63d5148-a5f4-4eae-9b4c-5478cd726706,2026-09-27T00:42:02.572+00:00,2026-09-27T00:42:03.222+00:00,21072-30059,washers,50170055,42000000,2026-09-27 00:42:03,2026-09-27 00:40:36,28,87.0,1593.0,27,Running,
1,c63d5148-a5f4-4eae-9b4c-5478cd726706,2026-09-27T00:42:02.572+00:00,2026-09-27T00:42:03.222+00:00,21072-30059,dryers,50170058,D2000000,2026-09-27 00:42:03,2026-09-26 17:53:29,45,24514.0,-21814.0,,Start Mode After PF,
1,c63d5148-a5f4-4eae-9b4c-5478cd726706,2026-09-27T00:42:02.572+00:00,2026-09-27T00:42:03.222+00:00,21072-30059,dryers,50170061,72000000,2026-09-27 00:42:03,2026-09-26 17:26:29,1,26134.0,-26074.0,,Available,website maps this code to Available
1,c63d5148-a5f4-4eae-9b4c-5478cd726706,2026-09-27T00:42:02.572+00:00,2026-09-27T00:42:03.222+00:00,21072-30059,dryers,50170081,72000000,2026-09-27 00:42:03,2026-09-26 15:30:05,46,33118.0,-30358.0,,Available,website maps this code to Available
1,c63d5148-a5f4-4eae-9b4c-5478cd726706,2026-09-27T00:42:02.572+00:00,2026-09-27T00:42:03.222+00:00,21072-30059,dryers,50170060,72000000,2026-09-27 00:42:03,2026-09-26 23:03:30,46,5913.0,-3153.0,,Available,website maps this code to Available
1,c63d5148-a5f4-4eae-9b4c-5478cd726706,2026-09-27T00:42:02.572+00:00,2026-09-27T00:42:03.222+00:00,21072-30059,dryers,50170087,72000000,2026-09-27 00:42:03,2026-09-26 20:57:29,46,13474.0,-10714.0,,Available,website maps this code to Available
1,c63d5148-a5f4-4eae-9b4c-5478cd726706,2026-09-27T00:42:02.572+00:00,2026-09-27T00:42:03.222+00:00,21072-30059,dryers,50170064,72000000,2026-09-27 00:42:03,2026-09-26 23:12:17,46,5386.0,-2626.0,,Available,website maps this code to Available
1,c63d5148-a5f4-4eae-9b4c-5478cd726706,2026-09-27T00:42:02.572+00:00,2026-09-27T00:42:03.222+00:00,21072-30059,dryers,50170065,72000000,2026-09-27 00:42:03,2026-09-26 23:13:21,46,5322.0,-2562.0,,Available,website maps this code to Available
1,c63d5148-a5f4-4eae-9b4c-5478cd726706,2026-09-27T00:42:02.572+00:00,2026-09-27T00:42:03.222+00:00,21072-30059,dryers,50170059,72000000,2026-09-27 00:42:03,2026-09-27 00:14:41,46,1642.0,1118.0,,Available,website maps this code to Available
1,c63d5148-a5f4-4eae-9b4c-5478cd726706,2026-09-27T00:42:02.572+00:00,2026-09-27T00:42:03.222+00:00,21072-30059,dryers,50170057,72000000,2026-09-27 00:42:03,2026-09-26 23:30:30,46,4293.0,-1533.0,,Available,website maps this code to Available
1,c63d5148-a5f4-4eae-9b4c-5478cd726706,2026-09-27T00:42:02.572+00:00,2026-09-27T00:42:03.222+00:00,21072-30059,dryers,50170062,72000000,2026-09-27 00:42:03,2026-09-26 23:14:55,46,5228.0,-2468.0,,Available,website maps this code to Available
1,c63d5148-a5f4-4eae-9b4c-5478cd726706,2026-09-27T00:42:02.572+00:00,2026-09-27T00:42:03.222+00:00,21072-30059,dryers,50170067,72000000,2026-09-27 00:42:03,2026-09-26 23:35:12,46,4011.0,-1251.0,,Available,website maps this code to Available
1,c63d5148-a5f4-4eae-9b4c-5478cd726706,2026-09-27T00:42:02.572+00:00,2026-09-27T00:42:03.222+00:00,21072-30059,dryers,50170074,72000000,2026-09-27 00:42:03,2026-09-26 23:05:09,46,5814.0,-3054.0,,Available,website maps this code to Available
1,c63d5148-a5f4-4eae-9b4c-5478cd726706,2026-09-27T00:42:02.572+00:00,2026-09-27T00:42:03.222+00:00,21072-30059,dryers,50170071,72000000,2026-09-27 00:42:03,2026-09-26 23:04:10,46,5873.0,-3113.0,,Available,website maps this code to Available
1,c63d5148-a5f4-4eae-9b4c-5478cd726706,2026-09-27T00:42:02.572+00:00,2026-09-27T00:42:03.222+00:00,21072-30059,dryers,50170054,72000000,2026-09-27 00:42:03,2026-09-26 23:01:41,46,6022.0,-3262.0,,Available,website maps this code to Available
1,cbda54d0-e065-4b40-a4d4-3148354afd3c,2026-09-27T00:43:01.994+00:00,2026-09-27T00:43:06.664+00:00,21072-30059,washers,50170051,72000000,2026-09-27 00:43:06,2026-09-26 22:10:45,29,9141.0,-7401.0,,Available,website maps this code to Available
1,cbda54d0-e065-4b40-a4d4-3148354afd3c,2026-09-27T00:43:01.994+00:00,2026-09-27T00:43:06.664+00:00,21072-30059,washers,50170080,72000000,2026-09-27 00:43:06,2026-09-27 00:41:59,29,67.0,1673.0,,Available,website maps this code to Available
1,cbda54d0-e065-4b40-a4d4-3148354afd3c,2026-09-27T00:43:01.994+00:00,2026-09-27T00:43:06.664+00:00,21072-30059,washers,50170075,52000000,2026-09-27 00:43:06,2026-09-27 00:20:19,29,1367.0,373.0,,Finished,
1,cbda54d0-e065-4b40-a4d4-3148354afd3c,2026-09-27T00:43:01.994+00:00,2026-09-27T00:43:06.664+00:00,21072-30059,washers,50170082,72000000,2026-09-27 00:43:06,2026-09-27 00:41:51,29,75.0,1665.0,,Available,website maps this code to Available
1,cbda54d0-e065-4b40-a4d4-3148354afd3c,2026-09-27T00:43:01.994+00:00,2026-09-27T00:43:06.664+00:00,21072-30059,washers,50170050,72000000,2026-09-27 00:43:06,2026-09-26 22:11:54,29,9072.0,-7332.0,,Available,website maps this code to Available
1,cbda54d0-e065-4b40-a4d4-3148354afd3c,2026-09-27T00:43:01.994+00:00,2026-09-27T00:43:06.664+00:00,21072-30059,washers,50170052,72000000,2026-09-27 00:43:06,2026-09-26 22:13:48,29,8958.0,-7218.0,,Available,website maps this code to Available
1,cbda54d0-e065-4b40-a4d4-3148354afd3c,2026-09-27T00:43:01.994+00:00,2026-09-27T00:43:06.664+00:00,21072-30059,washers,50170078,72000000,2026-09-27 00:43:06,2026-09-26 21:14:24,29,12522.0,-10782.0,,Available,website maps this code to Available
1,cbda54d0-e065-4b40-a4d4-3148354afd3c,2026-09-27T00:43:01.994+00:00,2026-09-27T00:43:06.664+00:00,21072-30059,washers,50170084,72000000,2026-09-27 00:43:06,2026-09-26 07:02:48,29,63618.0,-61878.0,,Available,website maps this code to Available
1,cbda54d0-e065-4b40-a4d4-3148354afd3c,2026-09-27T00:43:01.994+00:00,2026-09-27T00:43:06.664+00:00,21072-30059,washers,50170068,42000000,2026-09-27 00:43:06,2026-09-27 00:41:33,28,93.0,1587.0,27,Running,
1,cbda54d0-e065-4b40-a4d4-3148354afd3c,2026-09-27T00:43:01.994+00:00,2026-09-27T00:43:06.664+00:00,21072-30059,washers,50170072,72000000,2026-09-27 00:43:06,2026-09-26 22:11:47,29,9079.0,-7339.0,,Available,website maps this code to Available
1,cbda54d0-e065-4b40-a4d4-3148354afd3c,2026-09-27T00:43:01.994+00:00,2026-09-27T00:43:06.664+00:00,21072-30059,washers,20483408,72000000,2026-09-27 00:43:06,2024-12-20 00:43:32,0,55814374.0,-55814374.0,,Available,website maps this code to Available
1,cbda54d0-e065-4b40-a4d4-3148354afd3c,2026-09-27T00:43:01.994+00:00,2026-09-27T00:43:06.664+00:00,21072-30059,washers,50170055,42000000,2026-09-27 00:43:06,2026-09-27 00:40:36,28,150.0,1530.0,26,Running,
1,cbda54d0-e065-4b40-a4d4-3148354afd3c,2026-09-27T00:43:01.994+00:00,2026-09-27T00:43:06.664+00:00,21072-30059,dryers,50170058,D2000000,2026-09-27 00:43:06,2026-09-26 17:53:29,45,24577.0,-21877.0,,Start Mode After PF,
1,cbda54d0-e065-4b40-a4d4-3148354afd3c,2026-09-27T00:43:01.994+00:00,2026-09-27T00:43:06.664+00:00,21072-30059,dryers,50170061,72000000,2026-09-27 00:43:06,2026-09-26 17:26:29,1,26197.0,-26137.0,,Available,website maps this code to Available
1,cbda54d0-e065-4b40-a4d4-3148354afd3c,2026-09-27T00:43:01.994+00:00,2026-09-27T00:43:06.664+00:00,21072-30059,dryers,50170081,72000000,2026-09-27 00:43:06,2026-09-26 15:30:05,46,33181.0,-30421.0,,Available,website maps this code to Available
1,cbda54d0-e065-4b40-a4d4-3148354afd3c,2026-09-27T00:43:01.994+00:00,2026-09-27T00:43:06.664+00:00,21072-30059,dryers,50170060,72000000,2026-09-27 00:43:06,2026-09-26 23:03:30,46,5976.0,-3216.0,,Available,website maps this code to Available
1,cbda54d0-e065-4b40-a4d4-3148354afd3c,2026-09-27T00:43:01.994+00:00,2026-09-27T00:43:06.664+00:00,21072-30059,dryers,50170087,72000000,2026-09-27 00:43:06,2026-09-26 20:57:29,46,13537.0,-10777.0,,Available,website maps this code to Available
1,cbda54d0-e065-4b40-a4d4-3148354afd3c,2026-09-27T00:43:01.994+00:00,2026-09-27T00:43:06.664+00:00,21072-30059,dryers,50170064,72000000,2026-09-27 00:43:06,2026-09-26 23:12:17,46,5449.0,-2689.0,,Available,website maps this code to Available
1,cbda54d0-e065-4b40-a4d4-3148354afd3c,2026-09-27T00:43:01.994+00:00,2026-09-27T00:43:06.664+00:00,21072-30059,dryers,50170065,72000000,2026-09-27 00:43:06,2026-09-26 23:13:21,46,5385.0,-2625.0,,Available,website maps this code to Available
1,cbda54d0-e065-4b40-a4d4-3148354afd3c,2026-09-27T00:43:01.994+00:00,2026-09-27T00:43:06.664+00:00,21072-30059,dryers,50170059,72000000,2026-09-27 00:43:06,2026-09-27 00:14:41,46,1705.0,1055.0,,Available,website maps this code to Available
1,cbda54d0-e065-4b40-a4d4-3148354afd3c,2026-09-27T00:43:01.994+00:00,2026-09-27T00:43:06.664+00:00,21072-30059,dryers,50170057,72000000,2026-09-27 00:43:06,2026-09-26 23:30:30,46,4356.0,-1596.0,,Available,website maps this code to Available
1,cbda54d0-e065-4b40-a4d4-3148354afd3c,2026-09-27T00:43:01.994+00:00,2026-09-27T00:43:06.664+00:00,21072-30059,dryers,50170062,72000000,2026-09-27 00:43:06,2026-09-26 23:14:55,46,5291.0,-2531.0,,Available,website maps this code to Available
1,cbda54d0-e065-4b40-a4d4-3148354afd3c,2026-09-27T00:43:01.994+00:00,2026-09-27T00:43:06.664+00:00,21072-30059,dryers,50170067,72000000,2026-09-27 00:43:06,2026-09-26 23:35:12,46,4074.0,-1314.0,,Available,website maps this code to Available
1,cbda54d0-e065-4b40-a4d4-3148354afd3c,2026-09-27T00:43:01.994+00:00,2026-09-27T00:43:06.664+00:00,21072-30059,dryers,50170074,72000000,2026-09-27 00:43:06,2026-09-26 23:05:09,46,5877.0,-3117.0,,Available,website maps this code to Available
1,cbda54d0-e065-4b40-a4d4-3148354afd3c,2026-09-27T00:43:01.994+00:00,2026-09-27T00:43:06.664+00:00,21072-30059,dryers,50170071,72000000,2026-09-27 00:43:06,2026-09-26 23:04:10,46,5936.0,-3176.0,,Available,website maps this code to Available
1,cbda54d0-e065-4b40-a4d4-3148354afd3c,2026-09-27T00:43:01.994+00:00,2026-09-27T00:43:06.664+00:00,21072-30059,dryers,50170054,72000000,2026-09-27 00:43:06,2026-09-26 23:01:41,46,6085.0,-3325.0,,Available,website maps this code to Available
1,94bc3b7a-3acb-485c-ba3d-65efa1896718,2026-09-27T00:44:01.322+00:00,2026-09-27T00:44:01.749+00:00,21072-30059,washers,50170051,72000000,2026-09-27 00:44:01,2026-09-26 22:10:45,29,9196.0,-7456.0,,Available,website maps this code to Available
1,94bc3b7a-3acb-485c-ba3d-65efa1896718,2026-09-27T00:44:01.322+00:00,2026-09-27T00:44:01.749+00:00,21072-30059,washers,50170080,72000000,2026-09-27 00:44:01,2026-09-27 00:41:59,29,122.0,1618.0,,Available,website maps this code to Available
1,94bc3b7a-3acb-485c-ba3d-65efa1896718,2026-09-27T00:44:01.322+00:00,2026-09-27T00:44:01.749+00:00,21072-30059,washers,50170075,52000000,2026-09-27 00:44:01,2026-09-27 00:20:19,29,1422.0,318.0,,Finished,
1,94bc3b7a-3acb-485c-ba3d-65efa1896718,2026-09-27T00:44:01.322+00:00,2026-09-27T00:44:01.749+00:00,21072-30059,washers,50170082,72000000,2026-09-27 00:44:01,2026-09-27 00:41:51,29,130.0,1610.0,,Available,website maps this code to Available
1,94bc3b7a-3acb-485c-ba3d-65efa1896718,2026-09-27T00:44:01.322+00:00,2026-09-27T00:44:01.749+00:00,21072-30059,washers,50170050,72000000,2026-09-27 00:44:01,2026-09-26 22:11:54,29,9127.0,-7387.0,,Available,website maps this code to Available
1,94bc3b7a-3acb-485c-ba3d-65efa1896718,2026-09-27T00:44:01.322+00:00,2026-09-27T00:44:01.749+00:00,21072-30059,washers,50170052,72000000,2026-09-27 00:44:01,2026-09-26 22:13:48,29,9013.0,-7273.0,,Available,website maps this code to Available
1,94bc3b7a-3acb-485c-ba3d-65efa1896718,2026-09-27T00:44:01.322+00:00,2026-09-27T00:44:01.749+00:00,21072-30059,washers,50170078,72000000,2026-09-27 00:44:01,2026-09-26 21:14:24,29,12577.0,-10837.0,,Available,website maps this code to Available
1,94bc3b7a-3acb-485c-ba3d-65efa1896718,2026-09-27T00:44:01.322+00:00,2026-09-27T00:44:01.749+00:00,21072-30059,washers,50170084,72000000,2026-09-27 00:44:01,2026-09-26 07:02:48,29,63673.0,-61933.0,,Available,website maps this code to Available
1,94bc3b7a-3acb-485c-ba3d-65efa1896718,2026-09-27T00:44:01.322+00:00,2026-09-27T00:44:01.749+00:00,21072-30059,washers,50170068,42000000,2026-09-27 00:44:01,2026-09-27 00:41:33,28,148.0,1532.0,26,Running,
1,94bc3b7a-3acb-485c-ba3d-65efa1896718,2026-09-27T00:44:01.322+00:00,2026-09-27T00:44:01.749+00:00,21072-30059,washers,50170072,72000000,2026-09-27 00:44:01,2026-09-26 22:11:47,29,9134.0,-7394.0,,Available,website maps this code to Available
1,94bc3b7a-3acb-485c-ba3d-65efa1896718,2026-09-27T00:44:01.322+00:00,2026-09-27T00:44:01.749+00:00,21072-30059,washers,20483408,72000000,2026-09-27 00:44:01,2024-12-20 00:43:32,0,55814429.0,-55814429.0,,Available,website maps this code to Available
1,94bc3b7a-3acb-485c-ba3d-65efa1896718,2026-09-27T00:44:01.322+00:00,2026-09-27T00:44:01.749+00:00,21072-30059,washers,50170055,42000000,2026-09-27 00:44:01,2026-09-27 00:40:36,28,205.0,1475.0,25,Running,
1,94bc3b7a-3acb-485c-ba3d-65efa1896718,2026-09-27T00:44:01.322+00:00,2026-09-27T00:44:01.749+00:00,21072-30059,dryers,50170058,D2000000,2026-09-27 00:44:01,2026-09-26 17:53:29,45,24632.0,-21932.0,,Start Mode After PF,
1,94bc3b7a-3acb-485c-ba3d-65efa1896718,2026-09-27T00:44:01.322+00:00,2026-09-27T00:44:01.749+00:00,21072-30059,dryers,50170061,72000000,2026-09-27 00:44:01,2026-09-26 17:26:29,1,26252.0,-26192.0,,Available,website maps this code to Available
1,94bc3b7a-3acb-485c-ba3d-65efa1896718,2026-09-27T00:44:01.322+00:00,2026-09-27T00:44:01.749+00:00,21072-30059,dryers,50170081,72000000,2026-09-27 00:44:01,2026-09-26 15:30:05,46,33236.0,-30476.0,,Available,website maps this code to Available
1,94bc3b7a-3acb-485c-ba3d-65efa1896718,2026-09-27T00:44:01.322+00:00,2026-09-27T00:44:01.749+00:00,21072-30059,dryers,50170060,72000000,2026-09-27 00:44:01,2026-09-26 23:03:30,46,6031.0,-3271.0,,Available,website maps this code to Available
1,94bc3b7a-3acb-485c-ba3d-65efa1896718,2026-09-27T00:44:01.322+00:00,2026-09-27T00:44:01.749+00:00,21072-30059,dryers,50170087,72000000,2026-09-27 00:44:01,2026-09-26 20:57:29,46,13592.0,-10832.0,,Available,website maps this code to Available
1,94bc3b7a-3acb-485c-ba3d-65efa1896718,2026-09-27T00:44:01.322+00:00,2026-09-27T00:44:01.749+00:00,21072-30059,dryers,50170064,72000000,2026-09-27 00:44:01,2026-09-26 23:12:17,46,5504.0,-2744.0,,Available,website maps this code to Available
1,94bc3b7a-3acb-485c-ba3d-65efa1896718,2026-09-27T00:44:01.322+00:00,2026-09-27T00:44:01.749+00:00,21072-30059,dryers,50170065,72000000,2026-09-27 00:44:01,2026-09-26 23:13:21,46,5440.0,-2680.0,,Available,website maps this code to Available
1,94bc3b7a-3acb-485c-ba3d-65efa1896718,2026-09-27T00:44:01.322+00:00,2026-09-27T00:44:01.749+00:00,21072-30059,dryers,50170059,72000000,2026-09-27 00:44:01,2026-09-27 00:14:41,46,1760.0,1000.0,,Available,website maps this code to Available
1,94bc3b7a-3acb-485c-ba3d-65efa1896718,2026-09-27T00:44:01.322+00:00,2026-09-27T00:44:01.749+00:00,21072-30059,dryers,50170057,72000000,2026-09-27 00:44:01,2026-09-26 23:30:30,46,4411.0,-1651.0,,Available,website maps this code to Available
1,94bc3b7a-3acb-485c-ba3d-65efa1896718,2026-09-27T00:44:01.322+00:00,2026-09-27T00:44:01.749+00:00,21072-30059,dryers,50170062,72000000,2026-09-27 00:44:01,2026-09-26 23:14:55,46,5346.0,-2586.0,,Available,website maps this code to Available
1,94bc3b7a-3acb-485c-ba3d-65efa1896718,2026-09-27T00:44:01.322+00:00,2026-09-27T00:44:01.749+00:00,21072-30059,dryers,50170067,72000000,2026-09-27 00:44:01,2026-09-26 23:35:12,46,4129.0,-1369.0,,Available,website maps this code to Available
1,94bc3b7a-3acb-485c-ba3d-65efa1896718,2026-09-27T00:44:01.322+00:00,2026-09-27T00:44:01.749+00:00,21072-30059,dryers,50170074,72000000,2026-09-27 00:44:01,2026-09-26 23:05:09,46,5932.0,-3172.0,,Available,website maps this code to Available
1,94bc3b7a-3acb-485c-ba3d-65efa1896718,2026-09-27T00:44:01.322+00:00,2026-09-27T00:44:01.749+00:00,21072-30059,dryers,50170071,72000000,2026-09-27 00:44:01,2026-09-26 23:04:10,46,5991.0,-3231.0,,Available,website maps this code to Available
1,94bc3b7a-3acb-485c-ba3d-65efa1896718,2026-09-27T00:44:01.322+00:00,2026-09-27T00:44:01.749+00:00,21072-30059,dryers,50170054,72000000,2026-09-27 00:44:01,2026-09-26 23:01:41,46,6140.0,-3380.0,,Available,website maps this code to Available
1,1fecf344-133a-4a6e-80b5-cbec9e2fe78c,2026-09-27T00:45:02.399+00:00,2026-09-27T00:45:05.070+00:00,21072-30059,washers,50170051,72000000,2026-09-27 00:45:05,2026-09-26 22:10:45,29,9260.0,-7520.0,,Available,website maps this code to Available
1,1fecf344-133a-4a6e-80b5-cbec9e2fe78c,2026-09-27T00:45:02.399+00:00,2026-09-27T00:45:05.070+00:00,21072-30059,washers,50170080,72000000,2026-09-27 00:45:05,2026-09-27 00:41:59,29,186.0,1554.0,,Available,website maps this code to Available
1,1fecf344-133a-4a6e-80b5-cbec9e2fe78c,2026-09-27T00:45:02.399+00:00,2026-09-27T00:45:05.070+00:00,21072-30059,washers,50170075,72000000,2026-09-27 00:45:05,2026-09-27 00:44:39,29,26.0,1714.0,,Available,website maps this code to Available
1,1fecf344-133a-4a6e-80b5-cbec9e2fe78c,2026-09-27T00:45:02.399+00:00,2026-09-27T00:45:05.070+00:00,21072-30059,washers,50170082,72000000,2026-09-27 00:45:05,2026-09-27 00:41:51,29,194.0,1546.0,,Available,website maps this code to Available
1,1fecf344-133a-4a6e-80b5-cbec9e2fe78c,2026-09-27T00:45:02.399+00:00,2026-09-27T00:45:05.070+00:00,21072-30059,washers,50170050,72000000,2026-09-27 00:45:05,2026-09-26 22:11:54,29,9191.0,-7451.0,,Available,website maps this code to Available
1,1fecf344-133a-4a6e-80b5-cbec9e2fe78c,2026-09-27T00:45:02.399+00:00,2026-09-27T00:45:05.070+00:00,21072-30059,washers,50170052,72000000,2026-09-27 00:45:05,2026-09-26 22:13:48,29,9077.0,-7337.0,,Available,website maps this code to Available
1,1fecf344-133a-4a6e-80b5-cbec9e2fe78c,2026-09-27T00:45:02.399+00:00,2026-09-27T00:45:05.070+00:00,21072-30059,washers,50170078,72000000,2026-09-27 00:45:05,2026-09-26 21:14:24,29,12641.0,-10901.0,,Available,website maps this code to Available
1,1fecf344-133a-4a6e-80b5-cbec9e2fe78c,2026-09-27T00:45:02.399+00:00,2026-09-27T00:45:05.070+00:00,21072-30059,washers,50170084,72000000,2026-09-27 00:45:05,2026-09-26 07:02:48,29,63737.0,-61997.0,,Available,website maps this code to Available
1,1fecf344-133a-4a6e-80b5-cbec9e2fe78c,2026-09-27T00:45:02.399+00:00,2026-09-27T00:45:05.070+00:00,21072-30059,washers,50170068,42000000,2026-09-27 00:45:05,2026-09-27 00:41:33,28,212.0,1468.0,25,Running,
1,1fecf344-133a-4a6e-80b5-cbec9e2fe78c,2026-09-27T00:45:02.399+00:00,2026-09-27T00:45:05.070+00:00,21072-30059,washers,50170072,72000000,2026-09-27 00:45:05,2026-09-26 22:11:47,29,9198.0,-7458.0,,Available,website maps this code to Available
1,1fecf344-133a-4a6e-80b5-cbec9e2fe78c,2026-09-27T00:45:02.399+00:00,2026-09-27T00:45:05.070+00:00,21072-30059,washers,20483408,72000000,2026-09-27 00:45:05,2024-12-20 00:43:32,0,55814493.0,-55814493.0,,Available,website maps this code to Available
1,1fecf344-133a-4a6e-80b5-cbec9e2fe78c,2026-09-27T00:45:02.399+00:00,2026-09-27T00:45:05.070+00:00,21072-30059,washers,50170055,42000000,2026-09-27 00:45:05,2026-09-27 00:40:36,28,269.0,1411.0,24,Running,
1,1fecf344-133a-4a6e-80b5-cbec9e2fe78c,2026-09-27T00:45:02.399+00:00,2026-09-27T00:45:05.070+00:00,21072-30059,dryers,50170058,D2000000,2026-09-27 00:45:05,2026-09-26 17:53:29,45,24696.0,-21996.0,,Start Mode After PF,
1,1fecf344-133a-4a6e-80b5-cbec9e2fe78c,2026-09-27T00:45:02.399+00:00,2026-09-27T00:45:05.070+00:00,21072-30059,dryers,50170061,72000000,2026-09-27 00:45:05,2026-09-26 17:26:29,1,26316.0,-26256.0,,Available,website maps this code to Available
1,1fecf344-133a-4a6e-80b5-cbec9e2fe78c,2026-09-27T00:45:02.399+00:00,2026-09-27T00:45:05.070+00:00,21072-30059,dryers,50170081,72000000,2026-09-27 00:45:05,2026-09-26 15:30:05,46,33300.0,-30540.0,,Available,website maps this code to Available
1,1fecf344-133a-4a6e-80b5-cbec9e2fe78c,2026-09-27T00:45:02.399+00:00,2026-09-27T00:45:05.070+00:00,21072-30059,dryers,50170060,72000000,2026-09-27 00:45:05,2026-09-26 23:03:30,46,6095.0,-3335.0,,Available,website maps this code to Available
1,1fecf344-133a-4a6e-80b5-cbec9e2fe78c,2026-09-27T00:45:02.399+00:00,2026-09-27T00:45:05.070+00:00,21072-30059,dryers,50170087,72000000,2026-09-27 00:45:05,2026-09-26 20:57:29,46,13656.0,-10896.0,,Available,website maps this code to Available
1,1fecf344-133a-4a6e-80b5-cbec9e2fe78c,2026-09-27T00:45:02.399+00:00,2026-09-27T00:45:05.070+00:00,21072-30059,dryers,50170064,72000000,2026-09-27 00:45:05,2026-09-26 23:12:17,46,5568.0,-2808.0,,Available,website maps this code to Available
1,1fecf344-133a-4a6e-80b5-cbec9e2fe78c,2026-09-27T00:45:02.399+00:00,2026-09-27T00:45:05.070+00:00,21072-30059,dryers,50170065,72000000,2026-09-27 00:45:05,2026-09-26 23:13:21,46,5504.0,-2744.0,,Available,website maps this code to Available
1,1fecf344-133a-4a6e-80b5-cbec9e2fe78c,2026-09-27T00:45:02.399+00:00,2026-09-27T00:45:05.070+00:00,21072-30059,dryers,50170059,72000000,2026-09-27 00:45:05,2026-09-27 00:14:41,46,1824.0,936.0,,Available,website maps this code to Available
1,1fecf344-133a-4a6e-80b5-cbec9e2fe78c,2026-09-27T00:45:02.399+00:00,2026-09-27T00:45:05.070+00:00,21072-30059,dryers,50170057,72000000,2026-09-27 00:45:05,2026-09-26 23:30:30,46,4475.0,-1715.0,,Available,website maps this code to Available
1,1fecf344-133a-4a6e-80b5-cbec9e2fe78c,2026-09-27T00:45:02.399+00:00,2026-09-27T00:45:05.070+00:00,21072-30059,dryers,50170062,72000000,2026-09-27 00:45:05,2026-09-26 23:14:55,46,5410.0,-2650.0,,Available,website maps this code to Available
1,1fecf344-133a-4a6e-80b5-cbec9e2fe78c,2026-09-27T00:45:02.399+00:00,2026-09-27T00:45:05.070+00:00,21072-30059,dryers,50170067,72000000,2026-09-27 00:45:05,2026-09-26 23:35:12,46,4193.0,-1433.0,,Available,website maps this code to Available
1,1fecf344-133a-4a6e-80b5-cbec9e2fe78c,2026-09-27T00:45:02.399+00:00,2026-09-27T00:45:05.070+00:00,21072-30059,dryers,50170074,72000000,2026-09-27 00:45:05,2026-09-26 23:05:09,46,5996.0,-3236.0,,Available,website maps this code to Available
1,1fecf344-133a-4a6e-80b5-cbec9e2fe78c,2026-09-27T00:45:02.399+00:00,2026-09-27T00:45:05.070+00:00,21072-30059,dryers,50170071,72000000,2026-09-27 00:45:05,2026-09-26 23:04:10,46,6055.0,-3295.0,,Available,website maps this code to Available
1,1fecf344-133a-4a6e-80b5-cbec9e2fe78c,2026-09-27T00:45:02.399+00:00,2026-09-27T00:45:05.070+00:00,21072-30059,dryers,50170054,72000000,2026-09-27 00:45:05,2026-09-26 23:01:41,46,6204.0,-3444.0,,Available,website maps this code to Available
1,11421ee7-ba18-4e8b-bd86-68ac43dea281,2026-09-27T00:46:01.274+00:00,2026-09-27T00:46:01.459+00:00,21072-30059,washers,50170051,72000000,2026-09-27 00:46:01,2026-09-26 22:10:45,29,9316.0,-7576.0,,Available,website maps this code to Available
1,11421ee7-ba18-4e8b-bd86-68ac43dea281,2026-09-27T00:46:01.274+00:00,2026-09-27T00:46:01.459+00:00,21072-30059,washers,50170080,72000000,2026-09-27 00:46:01,2026-09-27 00:41:59,29,242.0,1498.0,,Available,website maps this code to Available
1,11421ee7-ba18-4e8b-bd86-68ac43dea281,2026-09-27T00:46:01.274+00:00,2026-09-27T00:46:01.459+00:00,21072-30059,washers,50170075,72000000,2026-09-27 00:46:01,2026-09-27 00:44:39,29,82.0,1658.0,,Available,website maps this code to Available
1,11421ee7-ba18-4e8b-bd86-68ac43dea281,2026-09-27T00:46:01.274+00:00,2026-09-27T00:46:01.459+00:00,21072-30059,washers,50170082,72000000,2026-09-27 00:46:01,2026-09-27 00:41:51,29,250.0,1490.0,,Available,website maps this code to Available
1,11421ee7-ba18-4e8b-bd86-68ac43dea281,2026-09-27T00:46:01.274+00:00,2026-09-27T00:46:01.459+00:00,21072-30059,washers,50170050,72000000,2026-09-27 00:46:01,2026-09-26 22:11:54,29,9247.0,-7507.0,,Available,website maps this code to Available
1,11421ee7-ba18-4e8b-bd86-68ac43dea281,2026-09-27T00:46:01.274+00:00,2026-09-27T00:46:01.459+00:00,21072-30059,washers,50170052,72000000,2026-09-27 00:46:01,2026-09-26 22:13:48,29,9133.0,-7393.0,,Available,website maps this code to Available
1,11421ee7-ba18-4e8b-bd86-68ac43dea281,2026-09-27T00:46:01.274+00:00,2026-09-27T00:46:01.459+00:00,21072-30059,washers,50170078,72000000,2026-09-27 00:46:01,2026-09-26 21:14:24,29,12697.0,-10957.0,,Available,website maps this code to Available
1,11421ee7-ba18-4e8b-bd86-68ac43dea281,2026-09-27T00:46:01.274+00:00,2026-09-27T00:46:01.459+00:00,21072-30059,washers,50170084,72000000,2026-09-27 00:46:01,2026-09-26 07:02:48,29,63793.0,-62053.0,,Available,website maps this code to Available
1,11421ee7-ba18-4e8b-bd86-68ac43dea281,2026-09-27T00:46:01.274+00:00,2026-09-27T00:46:01.459+00:00,21072-30059,washers,50170068,42000000,2026-09-27 00:46:01,2026-09-27 00:41:33,28,268.0,1412.0,24,Running,
1,11421ee7-ba18-4e8b-bd86-68ac43dea281,2026-09-27T00:46:01.274+00:00,2026-09-27T00:46:01.459+00:00,21072-30059,washers,50170072,72000000,2026-09-27 00:46:01,2026-09-26 22:11:47,29,9254.0,-7514.0,,Available,website maps this code to Available
1,11421ee7-ba18-4e8b-bd86-68ac43dea281,2026-09-27T00:46:01.274+00:00,2026-09-27T00:46:01.459+00:00,21072-30059,washers,20483408,72000000,2026-09-27 00:46:01,2024-12-20 00:43:32,0,55814549.0,-55814549.0,,Available,website maps this code to Available
1,11421ee7-ba18-4e8b-bd86-68ac43dea281,2026-09-27T00:46:01.274+00:00,2026-09-27T00:46:01.459+00:00,21072-30059,washers,50170055,42000000,2026-09-27 00:46:01,2026-09-27 00:40:36,28,325.0,1355.0,23,Running,
1,11421ee7-ba18-4e8b-bd86-68ac43dea281,2026-09-27T00:46:01.274+00:00,2026-09-27T00:46:01.459+00:00,21072-30059,dryers,50170058,D2000000,2026-09-27 00:46:01,2026-09-26 17:53:29,45,24752.0,-22052.0,,Start Mode After PF,
1,11421ee7-ba18-4e8b-bd86-68ac43dea281,2026-09-27T00:46:01.274+00:00,2026-09-27T00:46:01.459+00:00,21072-30059,dryers,50170061,72000000,2026-09-27 00:46:01,2026-09-26 17:26:29,1,26372.0,-26312.0,,Available,website maps this code to Available
1,11421ee7-ba18-4e8b-bd86-68ac43dea281,2026-09-27T00:46:01.274+00:00,2026-09-27T00:46:01.459+00:00,21072-30059,dryers,50170081,72000000,2026-09-27 00:46:01,2026-09-26 15:30:05,46,33356.0,-30596.0,,Available,website maps this code to Available
1,11421ee7-ba18-4e8b-bd86-68ac43dea281,2026-09-27T00:46:01.274+00:00,2026-09-27T00:46:01.459+00:00,21072-30059,dryers,50170060,72000000,2026-09-27 00:46:01,2026-09-26 23:03:30,46,6151.0,-3391.0,,Available,website maps this code to Available
1,11421ee7-ba18-4e8b-bd86-68ac43dea281,2026-09-27T00:46:01.274+00:00,2026-09-27T00:46:01.459+00:00,21072-30059,dryers,50170087,72000000,2026-09-27 00:46:01,2026-09-26 20:57:29,46,13712.0,-10952.0,,Available,website maps this code to Available
1,11421ee7-ba18-4e8b-bd86-68ac43dea281,2026-09-27T00:46:01.274+00:00,2026-09-27T00:46:01.459+00:00,21072-30059,dryers,50170064,72000000,2026-09-27 00:46:01,2026-09-26 23:12:17,46,5624.0,-2864.0,,Available,website maps this code to Available
1,11421ee7-ba18-4e8b-bd86-68ac43dea281,2026-09-27T00:46:01.274+00:00,2026-09-27T00:46:01.459+00:00,21072-30059,dryers,50170065,72000000,2026-09-27 00:46:01,2026-09-26 23:13:21,46,5560.0,-2800.0,,Available,website maps this code to Available
1,11421ee7-ba18-4e8b-bd86-68ac43dea281,2026-09-27T00:46:01.274+00:00,2026-09-27T00:46:01.459+00:00,21072-30059,dryers,50170059,72000000,2026-09-27 00:46:01,2026-09-27 00:14:41,46,1880.0,880.0,,Available,website maps this code to Available
1,11421ee7-ba18-4e8b-bd86-68ac43dea281,2026-09-27T00:46:01.274+00:00,2026-09-27T00:46:01.459+00:00,21072-30059,dryers,50170057,72000000,2026-09-27 00:46:01,2026-09-26 23:30:30,46,4531.0,-1771.0,,Available,website maps this code to Available
1,11421ee7-ba18-4e8b-bd86-68ac43dea281,2026-09-27T00:46:01.274+00:00,2026-09-27T00:46:01.459+00:00,21072-30059,dryers,50170062,72000000,2026-09-27 00:46:01,2026-09-26 23:14:55,46,5466.0,-2706.0,,Available,website maps this code to Available
1,11421ee7-ba18-4e8b-bd86-68ac43dea281,2026-09-27T00:46:01.274+00:00,2026-09-27T00:46:01.459+00:00,21072-30059,dryers,50170067,72000000,2026-09-27 00:46:01,2026-09-26 23:35:12,46,4249.0,-1489.0,,Available,website maps this code to Available
1,11421ee7-ba18-4e8b-bd86-68ac43dea281,2026-09-27T00:46:01.274+00:00,2026-09-27T00:46:01.459+00:00,21072-30059,dryers,50170074,72000000,2026-09-27 00:46:01,2026-09-26 23:05:09,46,6052.0,-3292.0,,Available,website maps this code to Available
1,11421ee7-ba18-4e8b-bd86-68ac43dea281,2026-09-27T00:46:01.274+00:00,2026-09-27T00:46:01.459+00:00,21072-30059,dryers,50170071,72000000,2026-09-27 00:46:01,2026-09-26 23:04:10,46,6111.0,-3351.0,,Available,website maps this code to Available
1,11421ee7-ba18-4e8b-bd86-68ac43dea281,2026-09-27T00:46:01.274+00:00,2026-09-27T00:46:01.459+00:00,21072-30059,dryers,50170054,72000000,2026-09-27 00:46:01,2026-09-26 23:01:41,46,6260.0,-3500.0,,Available,website maps this code to Available
1,8d7aed31-84a8-4c7a-8d5d-afadd0ff9600,2026-09-27T00:47:03.254+00:00,2026-09-27T00:47:05.808+00:00,21072-30059,washers,50170051,72000000,2026-09-27 00:47:05,2026-09-26 22:10:45,29,9380.0,-7640.0,,Available,website maps this code to Available
1,8d7aed31-84a8-4c7a-8d5d-afadd0ff9600,2026-09-27T00:47:03.254+00:00,2026-09-27T00:47:05.808+00:00,21072-30059,washers,50170080,72000000,2026-09-27 00:47:05,2026-09-27 00:41:59,29,306.0,1434.0,,Available,website maps this code to Available
1,8d7aed31-84a8-4c7a-8d5d-afadd0ff9600,2026-09-27T00:47:03.254+00:00,2026-09-27T00:47:05.808+00:00,21072-30059,washers,50170075,72000000,2026-09-27 00:47:05,2026-09-27 00:44:39,29,146.0,1594.0,,Available,website maps this code to Available
1,8d7aed31-84a8-4c7a-8d5d-afadd0ff9600,2026-09-27T00:47:03.254+00:00,2026-09-27T00:47:05.808+00:00,21072-30059,washers,50170082,72000000,2026-09-27 00:47:05,2026-09-27 00:41:51,29,314.0,1426.0,,Available,website maps this code to Available
1,8d7aed31-84a8-4c7a-8d5d-afadd0ff9600,2026-09-27T00:47:03.254+00:00,2026-09-27T00:47:05.808+00:00,21072-30059,washers,50170050,72000000,2026-09-27 00:47:05,2026-09-26 22:11:54,29,9311.0,-7571.0,,Available,website maps this code to Available
1,8d7aed31-84a8-4c7a-8d5d-afadd0ff9600,2026-09-27T00:47:03.254+00:00,2026-09-27T00:47:05.808+00:00,21072-30059,washers,50170052,72000000,2026-09-27 00:47:05,2026-09-26 22:13:48,29,9197.0,-7457.0,,Available,website maps this code to Available
1,8d7aed31-84a8-4c7a-8d5d-afadd0ff9600,2026-09-27T00:47:03.254+00:00,2026-09-27T00:47:05.808+00:00,21072-30059,washers,50170078,72000000,2026-09-27 00:47:05,2026-09-26 21:14:24,29,12761.0,-11021.0,,Available,website maps this code to Available
1,8d7aed31-84a8-4c7a-8d5d-afadd0ff9600,2026-09-27T00:47:03.254+00:00,2026-09-27T00:47:05.808+00:00,21072-30059,washers,50170084,72000000,2026-09-27 00:47:05,2026-09-26 07:02:48,29,63857.0,-62117.0,,Available,website maps this code to Available
1,8d7aed31-84a8-4c7a-8d5d-afadd0ff9600,2026-09-27T00:47:03.254+00:00,2026-09-27T00:47:05.808+00:00,21072-30059,washers,50170068,42000000,2026-09-27 00:47:05,2026-09-27 00:41:33,28,332.0,1348.0,23,Running,
1,8d7aed31-84a8-4c7a-8d5d-afadd0ff9600,2026-09-27T00:47:03.254+00:00,2026-09-27T00:47:05.808+00:00,21072-30059,washers,50170072,72000000,2026-09-27 00:47:05,2026-09-26 22:11:47,29,9318.0,-7578.0,,Available,website maps this code to Available
1,8d7aed31-84a8-4c7a-8d5d-afadd0ff9600,2026-09-27T00:47:03.254+00:00,2026-09-27T00:47:05.808+00:00,21072-30059,washers,20483408,72000000,2026-09-27 00:47:05,2024-12-20 00:43:32,0,55814613.0,-55814613.0,,Available,website maps this code to Available
1,8d7aed31-84a8-4c7a-8d5d-afadd0ff9600,2026-09-27T00:47:03.254+00:00,2026-09-27T00:47:05.808+00:00,21072-30059,washers,50170055,42000000,2026-09-27 00:47:05,2026-09-27 00:40:36,28,389.0,1291.0,22,Running,
1,8d7aed31-84a8-4c7a-8d5d-afadd0ff9600,2026-09-27T00:47:03.254+00:00,2026-09-27T00:47:05.808+00:00,21072-30059,dryers,50170058,D2000000,2026-09-27 00:47:05,2026-09-26 17:53:29,45,24816.0,-22116.0,,Start Mode After PF,
1,8d7aed31-84a8-4c7a-8d5d-afadd0ff9600,2026-09-27T00:47:03.254+00:00,2026-09-27T00:47:05.808+00:00,21072-30059,dryers,50170061,72000000,2026-09-27 00:47:05,2026-09-26 17:26:29,1,26436.0,-26376.0,,Available,website maps this code to Available
1,8d7aed31-84a8-4c7a-8d5d-afadd0ff9600,2026-09-27T00:47:03.254+00:00,2026-09-27T00:47:05.808+00:00,21072-30059,dryers,50170081,72000000,2026-09-27 00:47:05,2026-09-26 15:30:05,46,33420.0,-30660.0,,Available,website maps this code to Available
1,8d7aed31-84a8-4c7a-8d5d-afadd0ff9600,2026-09-27T00:47:03.254+00:00,2026-09-27T00:47:05.808+00:00,21072-30059,dryers,50170060,72000000,2026-09-27 00:47:05,2026-09-26 23:03:30,46,6215.0,-3455.0,,Available,website maps this code to Available
1,8d7aed31-84a8-4c7a-8d5d-afadd0ff9600,2026-09-27T00:47:03.254+00:00,2026-09-27T00:47:05.808+00:00,21072-30059,dryers,50170087,72000000,2026-09-27 00:47:05,2026-09-26 20:57:29,46,13776.0,-11016.0,,Available,website maps this code to Available
1,8d7aed31-84a8-4c7a-8d5d-afadd0ff9600,2026-09-27T00:47:03.254+00:00,2026-09-27T00:47:05.808+00:00,21072-30059,dryers,50170064,42000000,2026-09-27 00:47:05,2026-09-27 00:46:35,45,30.0,2670.0,45,Running,
1,8d7aed31-84a8-4c7a-8d5d-afadd0ff9600,2026-09-27T00:47:03.254+00:00,2026-09-27T00:47:05.808+00:00,21072-30059,dryers,50170065,72000000,2026-09-27 00:47:05,2026-09-26 23:13:21,46,5624.0,-2864.0,,Available,website maps this code to Available
1,8d7aed31-84a8-4c7a-8d5d-afadd0ff9600,2026-09-27T00:47:03.254+00:00,2026-09-27T00:47:05.808+00:00,21072-30059,dryers,50170059,72000000,2026-09-27 00:47:05,2026-09-27 00:14:41,46,1944.0,816.0,,Available,website maps this code to Available
1,8d7aed31-84a8-4c7a-8d5d-afadd0ff9600,2026-09-27T00:47:03.254+00:00,2026-09-27T00:47:05.808+00:00,21072-30059,dryers,50170057,72000000,2026-09-27 00:47:05,2026-09-26 23:30:30,46,4595.0,-1835.0,,Available,website maps this code to Available
1,8d7aed31-84a8-4c7a-8d5d-afadd0ff9600,2026-09-27T00:47:03.254+00:00,2026-09-27T00:47:05.808+00:00,21072-30059,dryers,50170062,72000000,2026-09-27 00:47:05,2026-09-26 23:14:55,46,5530.0,-2770.0,,Available,website maps this code to Available
1,8d7aed31-84a8-4c7a-8d5d-afadd0ff9600,2026-09-27T00:47:03.254+00:00,2026-09-27T00:47:05.808+00:00,21072-30059,dryers,50170067,72000000,2026-09-27 00:47:05,2026-09-26 23:35:12,46,4313.0,-1553.0,,Available,website maps this code to Available
1,8d7aed31-84a8-4c7a-8d5d-afadd0ff9600,2026-09-27T00:47:03.254+00:00,2026-09-27T00:47:05.808+00:00,21072-30059,dryers,50170074,72000000,2026-09-27 00:47:05,2026-09-26 23:05:09,46,6116.0,-3356.0,,Available,website maps this code to Available
1,8d7aed31-84a8-4c7a-8d5d-afadd0ff9600,2026-09-27T00:47:03.254+00:00,2026-09-27T00:47:05.808+00:00,21072-30059,dryers,50170071,72000000,2026-09-27 00:47:05,2026-09-26 23:04:10,46,6175.0,-3415.0,,Available,website maps this code to Available
1,8d7aed31-84a8-4c7a-8d5d-afadd0ff9600,2026-09-27T00:47:03.254+00:00,2026-09-27T00:47:05.808+00:00,21072-30059,dryers,50170054,72000000,2026-09-27 00:47:05,2026-09-26 23:01:41,46,6324.0,-3564.0,,Available,website maps this code to Available
1,f3a83d8e-90ea-4942-953b-c5a9fe20f353,2026-09-27T00:48:01.286+00:00,2026-09-27T00:48:01.461+00:00,21072-30059,washers,50170051,72000000,2026-09-27 00:48:01,2026-09-26 22:10:45,29,9436.0,-7696.0,,Available,website maps this code to Available
1,f3a83d8e-90ea-4942-953b-c5a9fe20f353,2026-09-27T00:48:01.286+00:00,2026-09-27T00:48:01.461+00:00,21072-30059,washers,50170080,72000000,2026-09-27 00:48:01,2026-09-27 00:41:59,29,362.0,1378.0,,Available,website maps this code to Available
1,f3a83d8e-90ea-4942-953b-c5a9fe20f353,2026-09-27T00:48:01.286+00:00,2026-09-27T00:48:01.461+00:00,21072-30059,washers,50170075,72000000,2026-09-27 00:48:01,2026-09-27 00:44:39,29,202.0,1538.0,,Available,website maps this code to Available
1,f3a83d8e-90ea-4942-953b-c5a9fe20f353,2026-09-27T00:48:01.286+00:00,2026-09-27T00:48:01.461+00:00,21072-30059,washers,50170082,72000000,2026-09-27 00:48:01,2026-09-27 00:41:51,29,370.0,1370.0,,Available,website maps this code to Available
1,f3a83d8e-90ea-4942-953b-c5a9fe20f353,2026-09-27T00:48:01.286+00:00,2026-09-27T00:48:01.461+00:00,21072-30059,washers,50170050,72000000,2026-09-27 00:48:01,2026-09-26 22:11:54,29,9367.0,-7627.0,,Available,website maps this code to Available
1,f3a83d8e-90ea-4942-953b-c5a9fe20f353,2026-09-27T00:48:01.286+00:00,2026-09-27T00:48:01.461+00:00,21072-30059,washers,50170052,72000000,2026-09-27 00:48:01,2026-09-26 22:13:48,29,9253.0,-7513.0,,Available,website maps this code to Available
1,f3a83d8e-90ea-4942-953b-c5a9fe20f353,2026-09-27T00:48:01.286+00:00,2026-09-27T00:48:01.461+00:00,21072-30059,washers,50170078,72000000,2026-09-27 00:48:01,2026-09-26 21:14:24,29,12817.0,-11077.0,,Available,website maps this code to Available
1,f3a83d8e-90ea-4942-953b-c5a9fe20f353,2026-09-27T00:48:01.286+00:00,2026-09-27T00:48:01.461+00:00,21072-30059,washers,50170084,72000000,2026-09-27 00:48:01,2026-09-26 07:02:48,29,63913.0,-62173.0,,Available,website maps this code to Available
1,f3a83d8e-90ea-4942-953b-c5a9fe20f353,2026-09-27T00:48:01.286+00:00,2026-09-27T00:48:01.461+00:00,21072-30059,washers,50170068,42000000,2026-09-27 00:48:01,2026-09-27 00:41:33,28,388.0,1292.0,22,Running,
1,f3a83d8e-90ea-4942-953b-c5a9fe20f353,2026-09-27T00:48:01.286+00:00,2026-09-27T00:48:01.461+00:00,21072-30059,washers,50170072,72000000,2026-09-27 00:48:01,2026-09-26 22:11:47,29,9374.0,-7634.0,,Available,website maps this code to Available
1,f3a83d8e-90ea-4942-953b-c5a9fe20f353,2026-09-27T00:48:01.286+00:00,2026-09-27T00:48:01.461+00:00,21072-30059,washers,20483408,72000000,2026-09-27 00:48:01,2024-12-20 00:43:32,0,55814669.0,-55814669.0,,Available,website maps this code to Available
1,f3a83d8e-90ea-4942-953b-c5a9fe20f353,2026-09-27T00:48:01.286+00:00,2026-09-27T00:48:01.461+00:00,21072-30059,washers,50170055,42000000,2026-09-27 00:48:01,2026-09-27 00:40:36,28,445.0,1235.0,21,Running,
1,f3a83d8e-90ea-4942-953b-c5a9fe20f353,2026-09-27T00:48:01.286+00:00,2026-09-27T00:48:01.461+00:00,21072-30059,dryers,50170058,D2000000,2026-09-27 00:48:01,2026-09-26 17:53:29,45,24872.0,-22172.0,,Start Mode After PF,
1,f3a83d8e-90ea-4942-953b-c5a9fe20f353,2026-09-27T00:48:01.286+00:00,2026-09-27T00:48:01.461+00:00,21072-30059,dryers,50170061,72000000,2026-09-27 00:48:01,2026-09-26 17:26:29,1,26492.0,-26432.0,,Available,website maps this code to Available
1,f3a83d8e-90ea-4942-953b-c5a9fe20f353,2026-09-27T00:48:01.286+00:00,2026-09-27T00:48:01.461+00:00,21072-30059,dryers,50170081,72000000,2026-09-27 00:48:01,2026-09-26 15:30:05,46,33476.0,-30716.0,,Available,website maps this code to Available
1,f3a83d8e-90ea-4942-953b-c5a9fe20f353,2026-09-27T00:48:01.286+00:00,2026-09-27T00:48:01.461+00:00,21072-30059,dryers,50170060,72000000,2026-09-27 00:48:01,2026-09-26 23:03:30,46,6271.0,-3511.0,,Available,website maps this code to Available
1,f3a83d8e-90ea-4942-953b-c5a9fe20f353,2026-09-27T00:48:01.286+00:00,2026-09-27T00:48:01.461+00:00,21072-30059,dryers,50170087,42000000,2026-09-27 00:48:01,2026-09-27 00:47:32,45,29.0,2671.0,45,Running,
1,f3a83d8e-90ea-4942-953b-c5a9fe20f353,2026-09-27T00:48:01.286+00:00,2026-09-27T00:48:01.461+00:00,21072-30059,dryers,50170064,42000000,2026-09-27 00:48:01,2026-09-27 00:46:35,45,86.0,2614.0,44,Running,
1,f3a83d8e-90ea-4942-953b-c5a9fe20f353,2026-09-27T00:48:01.286+00:00,2026-09-27T00:48:01.461+00:00,21072-30059,dryers,50170065,72000000,2026-09-27 00:48:01,2026-09-26 23:13:21,46,5680.0,-2920.0,,Available,website maps this code to Available
1,f3a83d8e-90ea-4942-953b-c5a9fe20f353,2026-09-27T00:48:01.286+00:00,2026-09-27T00:48:01.461+00:00,21072-30059,dryers,50170059,72000000,2026-09-27 00:48:01,2026-09-27 00:14:41,46,2000.0,760.0,,Available,website maps this code to Available
1,f3a83d8e-90ea-4942-953b-c5a9fe20f353,2026-09-27T00:48:01.286+00:00,2026-09-27T00:48:01.461+00:00,21072-30059,dryers,50170057,72000000,2026-09-27 00:48:01,2026-09-26 23:30:30,46,4651.0,-1891.0,,Available,website maps this code to Available
1,f3a83d8e-90ea-4942-953b-c5a9fe20f353,2026-09-27T00:48:01.286+00:00,2026-09-27T00:48:01.461+00:00,21072-30059,dryers,50170062,72000000,2026-09-27 00:48:01,2026-09-26 23:14:55,46,5586.0,-2826.0,,Available,website maps this code to Available
1,f3a83d8e-90ea-4942-953b-c5a9fe20f353,2026-09-27T00:48:01.286+00:00,2026-09-27T00:48:01.461+00:00,21072-30059,dryers,50170067,72000000,2026-09-27 00:48:01,2026-09-26 23:35:12,46,4369.0,-1609.0,,Available,website maps this code to Available
1,f3a83d8e-90ea-4942-953b-c5a9fe20f353,2026-09-27T00:48:01.286+00:00,2026-09-27T00:48:01.461+00:00,21072-30059,dryers,50170074,72000000,2026-09-27 00:48:01,2026-09-26 23:05:09,46,6172.0,-3412.0,,Available,website maps this code to Available
1,f3a83d8e-90ea-4942-953b-c5a9fe20f353,2026-09-27T00:48:01.286+00:00,2026-09-27T00:48:01.461+00:00,21072-30059,dryers,50170071,72000000,2026-09-27 00:48:01,2026-09-26 23:04:10,46,6231.0,-3471.0,,Available,website maps this code to Available
1,f3a83d8e-90ea-4942-953b-c5a9fe20f353,2026-09-27T00:48:01.286+00:00,2026-09-27T00:48:01.461+00:00,21072-30059,dryers,50170054,72000000,2026-09-27 00:48:01,2026-09-26 23:01:41,46,6380.0,-3620.0,,Available,website maps this code to Available
1,45246537-74cb-464b-b7b7-b1614ad720fb,2026-09-27T00:49:01.490+00:00,2026-09-27T00:49:01.691+00:00,21072-30059,washers,50170051,72000000,2026-09-27 00:49:01,2026-09-26 22:10:45,29,9496.0,-7756.0,,Available,website maps this code to Available
1,45246537-74cb-464b-b7b7-b1614ad720fb,2026-09-27T00:49:01.490+00:00,2026-09-27T00:49:01.691+00:00,21072-30059,washers,50170080,72000000,2026-09-27 00:49:01,2026-09-27 00:41:59,29,422.0,1318.0,,Available,website maps this code to Available
1,45246537-74cb-464b-b7b7-b1614ad720fb,2026-09-27T00:49:01.490+00:00,2026-09-27T00:49:01.691+00:00,21072-30059,washers,50170075,72000000,2026-09-27 00:49:01,2026-09-27 00:44:39,29,262.0,1478.0,,Available,website maps this code to Available
1,45246537-74cb-464b-b7b7-b1614ad720fb,2026-09-27T00:49:01.490+00:00,2026-09-27T00:49:01.691+00:00,21072-30059,washers,50170082,72000000,2026-09-27 00:49:01,2026-09-27 00:41:51,29,430.0,1310.0,,Available,website maps this code to Available
1,45246537-74cb-464b-b7b7-b1614ad720fb,2026-09-27T00:49:01.490+00:00,2026-09-27T00:49:01.691+00:00,21072-30059,washers,50170050,72000000,2026-09-27 00:49:01,2026-09-26 22:11:54,29,9427.0,-7687.0,,Available,website maps this code to Available
1,45246537-74cb-464b-b7b7-b1614ad720fb,2026-09-27T00:49:01.490+00:00,2026-09-27T00:49:01.691+00:00,21072-30059,washers,50170052,72000000,2026-09-27 00:49:01,2026-09-26 22:13:48,29,9313.0,-7573.0,,Available,website maps this code to Available
1,45246537-74cb-464b-b7b7-b1614ad720fb,2026-09-27T00:49:01.490+00:00,2026-09-27T00:49:01.691+00:00,21072-30059,washers,50170078,72000000,2026-09-27 00:49:01,2026-09-26 21:14:24,29,12877.0,-11137.0,,Available,website maps this code to Available
1,45246537-74cb-464b-b7b7-b1614ad720fb,2026-09-27T00:49:01.490+00:00,2026-09-27T00:49:01.691+00:00,21072-30059,washers,50170084,72000000,2026-09-27 00:49:01,2026-09-26 07:02:48,29,63973.0,-62233.0,,Available,website maps this code to Available
1,45246537-74cb-464b-b7b7-b1614ad720fb,2026-09-27T00:49:01.490+00:00,2026-09-27T00:49:01.691+00:00,21072-30059,washers,50170068,42000000,2026-09-27 00:49:01,2026-09-27 00:41:33,28,448.0,1232.0,21,Running,
1,45246537-74cb-464b-b7b7-b1614ad720fb,2026-09-27T00:49:01.490+00:00,2026-09-27T00:49:01.691+00:00,21072-30059,washers,50170072,72000000,2026-09-27 00:49:01,2026-09-26 22:11:47,29,9434.0,-7694.0,,Available,website maps this code to Available
1,45246537-74cb-464b-b7b7-b1614ad720fb,2026-09-27T00:49:01.490+00:00,2026-09-27T00:49:01.691+00:00,21072-30059,washers,20483408,72000000,2026-09-27 00:49:01,2024-12-20 00:43:32,0,55814729.0,-55814729.0,,Available,website maps this code to Available
1,45246537-74cb-464b-b7b7-b1614ad720fb,2026-09-27T00:49:01.490+00:00,2026-09-27T00:49:01.691+00:00,21072-30059,washers,50170055,42000000,2026-09-27 00:49:01,2026-09-27 00:40:36,28,505.0,1175.0,20,Running,
1,45246537-74cb-464b-b7b7-b1614ad720fb,2026-09-27T00:49:01.490+00:00,2026-09-27T00:49:01.691+00:00,21072-30059,dryers,50170058,D2000000,2026-09-27 00:49:01,2026-09-26 17:53:29,45,24932.0,-22232.0,,Start Mode After PF,
1,45246537-74cb-464b-b7b7-b1614ad720fb,2026-09-27T00:49:01.490+00:00,2026-09-27T00:49:01.691+00:00,21072-30059,dryers,50170061,72000000,2026-09-27 00:49:01,2026-09-26 17:26:29,1,26552.0,-26492.0,,Available,website maps this code to Available
1,45246537-74cb-464b-b7b7-b1614ad720fb,2026-09-27T00:49:01.490+00:00,2026-09-27T00:49:01.691+00:00,21072-30059,dryers,50170081,72000000,2026-09-27 00:49:01,2026-09-26 15:30:05,46,33536.0,-30776.0,,Available,website maps this code to Available
1,45246537-74cb-464b-b7b7-b1614ad720fb,2026-09-27T00:49:01.490+00:00,2026-09-27T00:49:01.691+00:00,21072-30059,dryers,50170060,42000000,2026-09-27 00:49:01,2026-09-27 00:48:56,45,5.0,2695.0,45,Running,
1,45246537-74cb-464b-b7b7-b1614ad720fb,2026-09-27T00:49:01.490+00:00,2026-09-27T00:49:01.691+00:00,21072-30059,dryers,50170087,42000000,2026-09-27 00:49:01,2026-09-27 00:47:32,45,89.0,2611.0,44,Running,
1,45246537-74cb-464b-b7b7-b1614ad720fb,2026-09-27T00:49:01.490+00:00,2026-09-27T00:49:01.691+00:00,21072-30059,dryers,50170064,42000000,2026-09-27 00:49:01,2026-09-27 00:46:35,45,146.0,2554.0,43,Running,
1,45246537-74cb-464b-b7b7-b1614ad720fb,2026-09-27T00:49:01.490+00:00,2026-09-27T00:49:01.691+00:00,21072-30059,dryers,50170065,72000000,2026-09-27 00:49:01,2026-09-26 23:13:21,46,5740.0,-2980.0,,Available,website maps this code to Available
1,45246537-74cb-464b-b7b7-b1614ad720fb,2026-09-27T00:49:01.490+00:00,2026-09-27T00:49:01.691+00:00,21072-30059,dryers,50170059,72000000,2026-09-27 00:49:01,2026-09-27 00:14:41,46,2060.0,700.0,,Available,website maps this code to Available
1,45246537-74cb-464b-b7b7-b1614ad720fb,2026-09-27T00:49:01.490+00:00,2026-09-27T00:49:01.691+00:00,21072-30059,dryers,50170057,72000000,2026-09-27 00:49:01,2026-09-26 23:30:30,46,4711.0,-1951.0,,Available,website maps this code to Available
1,45246537-74cb-464b-b7b7-b1614ad720fb,2026-09-27T00:49:01.490+00:00,2026-09-27T00:49:01.691+00:00,21072-30059,dryers,50170062,72000000,2026-09-27 00:49:01,2026-09-26 23:14:55,46,5646.0,-2886.0,,Available,website maps this code to Available
1,45246537-74cb-464b-b7b7-b1614ad720fb,2026-09-27T00:49:01.490+00:00,2026-09-27T00:49:01.691+00:00,21072-30059,dryers,50170067,72000000,2026-09-27 00:49:01,2026-09-26 23:35:12,46,4429.0,-1669.0,,Available,website maps this code to Available
1,45246537-74cb-464b-b7b7-b1614ad720fb,2026-09-27T00:49:01.490+00:00,2026-09-27T00:49:01.691+00:00,21072-30059,dryers,50170074,72000000,2026-09-27 00:49:01,2026-09-26 23:05:09,46,6232.0,-3472.0,,Available,website maps this code to Available
1,45246537-74cb-464b-b7b7-b1614ad720fb,2026-09-27T00:49:01.490+00:00,2026-09-27T00:49:01.691+00:00,21072-30059,dryers,50170071,72000000,2026-09-27 00:49:01,2026-09-26 23:04:10,46,6291.0,-3531.0,,Available,website maps this code to Available
1,45246537-74cb-464b-b7b7-b1614ad720fb,2026-09-27T00:49:01.490+00:00,2026-09-27T00:49:01.691+00:00,21072-30059,dryers,50170054,72000000,2026-09-27 00:49:01,2026-09-26 23:01:41,46,6440.0,-3680.0,,Available,website maps this code to Available
1,2d1c6d12-4633-4e4a-8034-17aa672e68a4,2026-09-27T00:50:01.827+00:00,2026-09-27T00:50:02.101+00:00,21072-30059,washers,50170051,72000000,2026-09-27 00:50:02,2026-09-26 22:10:45,29,9557.0,-7817.0,,Available,website maps this code to Available
1,2d1c6d12-4633-4e4a-8034-17aa672e68a4,2026-09-27T00:50:01.827+00:00,2026-09-27T00:50:02.101+00:00,21072-30059,washers,50170080,72000000,2026-09-27 00:50:02,2026-09-27 00:41:59,29,483.0,1257.0,,Available,website maps this code to Available
1,2d1c6d12-4633-4e4a-8034-17aa672e68a4,2026-09-27T00:50:01.827+00:00,2026-09-27T00:50:02.101+00:00,21072-30059,washers,50170075,72000000,2026-09-27 00:50:02,2026-09-27 00:44:39,29,323.0,1417.0,,Available,website maps this code to Available
1,2d1c6d12-4633-4e4a-8034-17aa672e68a4,2026-09-27T00:50:01.827+00:00,2026-09-27T00:50:02.101+00:00,21072-30059,washers,50170082,72000000,2026-09-27 00:50:02,2026-09-27 00:41:51,29,491.0,1249.0,,Available,website maps this code to Available
1,2d1c6d12-4633-4e4a-8034-17aa672e68a4,2026-09-27T00:50:01.827+00:00,2026-09-27T00:50:02.101+00:00,21072-30059,washers,50170050,72000000,2026-09-27 00:50:02,2026-09-26 22:11:54,29,9488.0,-7748.0,,Available,website maps this code to Available
1,2d1c6d12-4633-4e4a-8034-17aa672e68a4,2026-09-27T00:50:01.827+00:00,2026-09-27T00:50:02.101+00:00,21072-30059,washers,50170052,72000000,2026-09-27 00:50:02,2026-09-26 22:13:48,29,9374.0,-7634.0,,Available,website maps this code to Available
1,2d1c6d12-4633-4e4a-8034-17aa672e68a4,2026-09-27T00:50:01.827+00:00,2026-09-27T00:50:02.101+00:00,21072-30059,washers,50170078,72000000,2026-09-27 00:50:02,2026-09-26 21:14:24,29,12938.0,-11198.0,,Available,website maps this code to Available
1,2d1c6d12-4633-4e4a-8034-17aa672e68a4,2026-09-27T00:50:01.827+00:00,2026-09-27T00:50:02.101+00:00,21072-30059,washers,50170084,72000000,2026-09-27 00:50:02,2026-09-26 07:02:48,29,64034.0,-62294.0,,Available,website maps this code to Available
1,2d1c6d12-4633-4e4a-8034-17aa672e68a4,2026-09-27T00:50:01.827+00:00,2026-09-27T00:50:02.101+00:00,21072-30059,washers,50170068,42000000,2026-09-27 00:50:02,2026-09-27 00:41:33,28,509.0,1171.0,20,Running,
1,2d1c6d12-4633-4e4a-8034-17aa672e68a4,2026-09-27T00:50:01.827+00:00,2026-09-27T00:50:02.101+00:00,21072-30059,washers,50170072,72000000,2026-09-27 00:50:02,2026-09-26 22:11:47,29,9495.0,-7755.0,,Available,website maps this code to Available
1,2d1c6d12-4633-4e4a-8034-17aa672e68a4,2026-09-27T00:50:01.827+00:00,2026-09-27T00:50:02.101+00:00,21072-30059,washers,20483408,72000000,2026-09-27 00:50:02,2024-12-20 00:43:32,0,55814790.0,-55814790.0,,Available,website maps this code to Available
1,2d1c6d12-4633-4e4a-8034-17aa672e68a4,2026-09-27T00:50:01.827+00:00,2026-09-27T00:50:02.101+00:00,21072-30059,washers,50170055,42000000,2026-09-27 00:50:02,2026-09-27 00:40:36,28,566.0,1114.0,19,Running,
1,2d1c6d12-4633-4e4a-8034-17aa672e68a4,2026-09-27T00:50:01.827+00:00,2026-09-27T00:50:02.101+00:00,21072-30059,dryers,50170058,D2000000,2026-09-27 00:50:02,2026-09-26 17:53:29,45,24993.0,-22293.0,,Start Mode After PF,
1,2d1c6d12-4633-4e4a-8034-17aa672e68a4,2026-09-27T00:50:01.827+00:00,2026-09-27T00:50:02.101+00:00,21072-30059,dryers,50170061,72000000,2026-09-27 00:50:02,2026-09-26 17:26:29,1,26613.0,-26553.0,,Available,website maps this code to Available
1,2d1c6d12-4633-4e4a-8034-17aa672e68a4,2026-09-27T00:50:01.827+00:00,2026-09-27T00:50:02.101+00:00,21072-30059,dryers,50170081,72000000,2026-09-27 00:50:02,2026-09-26 15:30:05,46,33597.0,-30837.0,,Available,website maps this code to Available
1,2d1c6d12-4633-4e4a-8034-17aa672e68a4,2026-09-27T00:50:01.827+00:00,2026-09-27T00:50:02.101+00:00,21072-30059,dryers,50170060,42000000,2026-09-27 00:50:02,2026-09-27 00:48:56,45,66.0,2634.0,44,Running,
1,2d1c6d12-4633-4e4a-8034-17aa672e68a4,2026-09-27T00:50:01.827+00:00,2026-09-27T00:50:02.101+00:00,21072-30059,dryers,50170087,42000000,2026-09-27 00:50:02,2026-09-27 00:49:35,50,27.0,2973.0,50,Running,
1,2d1c6d12-4633-4e4a-8034-17aa672e68a4,2026-09-27T00:50:01.827+00:00,2026-09-27T00:50:02.101+00:00,21072-30059,dryers,50170064,42000000,2026-09-27 00:50:02,2026-09-27 00:46:35,45,207.0,2493.0,42,Running,
1,2d1c6d12-4633-4e4a-8034-17aa672e68a4,2026-09-27T00:50:01.827+00:00,2026-09-27T00:50:02.101+00:00,21072-30059,dryers,50170065,72000000,2026-09-27 00:50:02,2026-09-26 23:13:21,46,5801.0,-3041.0,,Available,website maps this code to Available
1,2d1c6d12-4633-4e4a-8034-17aa672e68a4,2026-09-27T00:50:01.827+00:00,2026-09-27T00:50:02.101+00:00,21072-30059,dryers,50170059,72000000,2026-09-27 00:50:02,2026-09-27 00:14:41,46,2121.0,639.0,,Available,website maps this code to Available
1,2d1c6d12-4633-4e4a-8034-17aa672e68a4,2026-09-27T00:50:01.827+00:00,2026-09-27T00:50:02.101+00:00,21072-30059,dryers,50170057,72000000,2026-09-27 00:50:02,2026-09-26 23:30:30,46,4772.0,-2012.0,,Available,website maps this code to Available
1,2d1c6d12-4633-4e4a-8034-17aa672e68a4,2026-09-27T00:50:01.827+00:00,2026-09-27T00:50:02.101+00:00,21072-30059,dryers,50170062,72000000,2026-09-27 00:50:02,2026-09-26 23:14:55,46,5707.0,-2947.0,,Available,website maps this code to Available
1,2d1c6d12-4633-4e4a-8034-17aa672e68a4,2026-09-27T00:50:01.827+00:00,2026-09-27T00:50:02.101+00:00,21072-30059,dryers,50170067,72000000,2026-09-27 00:50:02,2026-09-26 23:35:12,46,4490.0,-1730.0,,Available,website maps this code to Available
1,2d1c6d12-4633-4e4a-8034-17aa672e68a4,2026-09-27T00:50:01.827+00:00,2026-09-27T00:50:02.101+00:00,21072-30059,dryers,50170074,72000000,2026-09-27 00:50:02,2026-09-26 23:05:09,46,6293.0,-3533.0,,Available,website maps this code to Available
1,2d1c6d12-4633-4e4a-8034-17aa672e68a4,2026-09-27T00:50:01.827+00:00,2026-09-27T00:50:02.101+00:00,21072-30059,dryers,50170071,72000000,2026-09-27 00:50:02,2026-09-26 23:04:10,46,6352.0,-3592.0,,Available,website maps this code to Available
1,2d1c6d12-4633-4e4a-8034-17aa672e68a4,2026-09-27T00:50:01.827+00:00,2026-09-27T00:50:02.101+00:00,21072-30059,dryers,50170054,72000000,2026-09-27 00:50:02,2026-09-26 23:01:41,46,6501.0,-3741.0,,Available,website maps this code to Available
1,b136d000-4491-4765-a5f9-3adc1d868851,2026-09-27T00:51:06.332+00:00,2026-09-27T00:51:06.533+00:00,21072-30059,washers,50170051,72000000,2026-09-27 00:51:06,2026-09-26 22:10:45,29,9621.0,-7881.0,,Available,website maps this code to Available
1,b136d000-4491-4765-a5f9-3adc1d868851,2026-09-27T00:51:06.332+00:00,2026-09-27T00:51:06.533+00:00,21072-30059,washers,50170080,72000000,2026-09-27 00:51:06,2026-09-27 00:41:59,29,547.0,1193.0,,Available,website maps this code to Available
1,b136d000-4491-4765-a5f9-3adc1d868851,2026-09-27T00:51:06.332+00:00,2026-09-27T00:51:06.533+00:00,21072-30059,washers,50170075,72000000,2026-09-27 00:51:06,2026-09-27 00:44:39,29,387.0,1353.0,,Available,website maps this code to Available
1,b136d000-4491-4765-a5f9-3adc1d868851,2026-09-27T00:51:06.332+00:00,2026-09-27T00:51:06.533+00:00,21072-30059,washers,50170082,72000000,2026-09-27 00:51:06,2026-09-27 00:41:51,29,555.0,1185.0,,Available,website maps this code to Available
1,b136d000-4491-4765-a5f9-3adc1d868851,2026-09-27T00:51:06.332+00:00,2026-09-27T00:51:06.533+00:00,21072-30059,washers,50170050,72000000,2026-09-27 00:51:06,2026-09-26 22:11:54,29,9552.0,-7812.0,,Available,website maps this code to Available
1,b136d000-4491-4765-a5f9-3adc1d868851,2026-09-27T00:51:06.332+00:00,2026-09-27T00:51:06.533+00:00,21072-30059,washers,50170052,72000000,2026-09-27 00:51:06,2026-09-26 22:13:48,29,9438.0,-7698.0,,Available,website maps this code to Available
1,b136d000-4491-4765-a5f9-3adc1d868851,2026-09-27T00:51:06.332+00:00,2026-09-27T00:51:06.533+00:00,21072-30059,washers,50170078,72000000,2026-09-27 00:51:06,2026-09-26 21:14:24,29,13002.0,-11262.0,,Available,website maps this code to Available
1,b136d000-4491-4765-a5f9-3adc1d868851,2026-09-27T00:51:06.332+00:00,2026-09-27T00:51:06.533+00:00,21072-30059,washers,50170084,72000000,2026-09-27 00:51:06,2026-09-26 07:02:48,29,64098.0,-62358.0,,Available,website maps this code to Available
1,b136d000-4491-4765-a5f9-3adc1d868851,2026-09-27T00:51:06.332+00:00,2026-09-27T00:51:06.533+00:00,21072-30059,washers,50170068,42000000,2026-09-27 00:51:06,2026-09-27 00:41:33,28,573.0,1107.0,19,Running,
1,b136d000-4491-4765-a5f9-3adc1d868851,2026-09-27T00:51:06.332+00:00,2026-09-27T00:51:06.533+00:00,21072-30059,washers,50170072,72000000,2026-09-27 00:51:06,2026-09-26 22:11:47,29,9559.0,-7819.0,,Available,website maps this code to Available
1,b136d000-4491-4765-a5f9-3adc1d868851,2026-09-27T00:51:06.332+00:00,2026-09-27T00:51:06.533+00:00,21072-30059,washers,20483408,72000000,2026-09-27 00:51:06,2024-12-20 00:43:32,0,55814854.0,-55814854.0,,Available,website maps this code to Available
1,b136d000-4491-4765-a5f9-3adc1d868851,2026-09-27T00:51:06.332+00:00,2026-09-27T00:51:06.533+00:00,21072-30059,washers,50170055,42000000,2026-09-27 00:51:06,2026-09-27 00:40:36,28,630.0,1050.0,18,Running,
1,b136d000-4491-4765-a5f9-3adc1d868851,2026-09-27T00:51:06.332+00:00,2026-09-27T00:51:06.533+00:00,21072-30059,dryers,50170058,D2000000,2026-09-27 00:51:06,2026-09-26 17:53:29,45,25057.0,-22357.0,,Start Mode After PF,
1,b136d000-4491-4765-a5f9-3adc1d868851,2026-09-27T00:51:06.332+00:00,2026-09-27T00:51:06.533+00:00,21072-30059,dryers,50170061,72000000,2026-09-27 00:51:06,2026-09-26 17:26:29,1,26677.0,-26617.0,,Available,website maps this code to Available
1,b136d000-4491-4765-a5f9-3adc1d868851,2026-09-27T00:51:06.332+00:00,2026-09-27T00:51:06.533+00:00,21072-30059,dryers,50170081,72000000,2026-09-27 00:51:06,2026-09-26 15:30:05,46,33661.0,-30901.0,,Available,website maps this code to Available
1,b136d000-4491-4765-a5f9-3adc1d868851,2026-09-27T00:51:06.332+00:00,2026-09-27T00:51:06.533+00:00,21072-30059,dryers,50170060,42000000,2026-09-27 00:51:06,2026-09-27 00:48:56,45,130.0,2570.0,43,Running,
1,b136d000-4491-4765-a5f9-3adc1d868851,2026-09-27T00:51:06.332+00:00,2026-09-27T00:51:06.533+00:00,21072-30059,dryers,50170087,42000000,2026-09-27 00:51:06,2026-09-27 00:49:35,50,91.0,2909.0,49,Running,
1,b136d000-4491-4765-a5f9-3adc1d868851,2026-09-27T00:51:06.332+00:00,2026-09-27T00:51:06.533+00:00,21072-30059,dryers,50170064,42000000,2026-09-27 00:51:06,2026-09-27 00:46:35,45,271.0,2429.0,41,Running,
1,b136d000-4491-4765-a5f9-3adc1d868851,2026-09-27T00:51:06.332+00:00,2026-09-27T00:51:06.533+00:00,21072-30059,dryers,50170065,72000000,2026-09-27 00:51:06,2026-09-26 23:13:21,46,5865.0,-3105.0,,Available,website maps this code to Available
1,b136d000-4491-4765-a5f9-3adc1d868851,2026-09-27T00:51:06.332+00:00,2026-09-27T00:51:06.533+00:00,21072-30059,dryers,50170059,72000000,2026-09-27 00:51:06,2026-09-27 00:14:41,46,2185.0,575.0,,Available,website maps this code to Available
1,b136d000-4491-4765-a5f9-3adc1d868851,2026-09-27T00:51:06.332+00:00,2026-09-27T00:51:06.533+00:00,21072-30059,dryers,50170057,72000000,2026-09-27 00:51:06,2026-09-26 23:30:30,46,4836.0,-2076.0,,Available,website maps this code to Available
1,b136d000-4491-4765-a5f9-3adc1d868851,2026-09-27T00:51:06.332+00:00,2026-09-27T00:51:06.533+00:00,21072-30059,dryers,50170062,72000000,2026-09-27 00:51:06,2026-09-26 23:14:55,46,5771.0,-3011.0,,Available,website maps this code to Available
1,b136d000-4491-4765-a5f9-3adc1d868851,2026-09-27T00:51:06.332+00:00,2026-09-27T00:51:06.533+00:00,21072-30059,dryers,50170067,72000000,2026-09-27 00:51:06,2026-09-26 23:35:12,46,4554.0,-1794.0,,Available,website maps this code to Available
1,b136d000-4491-4765-a5f9-3adc1d868851,2026-09-27T00:51:06.332+00:00,2026-09-27T00:51:06.533+00:00,21072-30059,dryers,50170074,72000000,2026-09-27 00:51:06,2026-09-26 23:05:09,46,6357.0,-3597.0,,Available,website maps this code to Available
1,b136d000-4491-4765-a5f9-3adc1d868851,2026-09-27T00:51:06.332+00:00,2026-09-27T00:51:06.533+00:00,21072-30059,dryers,50170071,72000000,2026-09-27 00:51:06,2026-09-26 23:04:10,46,6416.0,-3656.0,,Available,website maps this code to Available
1,b136d000-4491-4765-a5f9-3adc1d868851,2026-09-27T00:51:06.332+00:00,2026-09-27T00:51:06.533+00:00,21072-30059,dryers,50170054,72000000,2026-09-27 00:51:06,2026-09-26 23:01:41,46,6565.0,-3805.0,,Available,website maps this code to Available
1,e57113a6-5fe5-43b2-9dd3-6840bf4f6c49,2026-09-27T00:52:04.763+00:00,2026-09-27T00:52:06.038+00:00,21072-30059,washers,50170051,72000000,2026-09-27 00:52:05,2026-09-26 22:10:45,29,9680.0,-7940.0,,Available,website maps this code to Available
1,e57113a6-5fe5-43b2-9dd3-6840bf4f6c49,2026-09-27T00:52:04.763+00:00,2026-09-27T00:52:06.038+00:00,21072-30059,washers,50170080,72000000,2026-09-27 00:52:05,2026-09-27 00:41:59,29,606.0,1134.0,,Available,website maps this code to Available
1,e57113a6-5fe5-43b2-9dd3-6840bf4f6c49,2026-09-27T00:52:04.763+00:00,2026-09-27T00:52:06.038+00:00,21072-30059,washers,50170075,72000000,2026-09-27 00:52:05,2026-09-27 00:44:39,29,446.0,1294.0,,Available,website maps this code to Available
1,e57113a6-5fe5-43b2-9dd3-6840bf4f6c49,2026-09-27T00:52:04.763+00:00,2026-09-27T00:52:06.038+00:00,21072-30059,washers,50170082,72000000,2026-09-27 00:52:05,2026-09-27 00:41:51,29,614.0,1126.0,,Available,website maps this code to Available
1,e57113a6-5fe5-43b2-9dd3-6840bf4f6c49,2026-09-27T00:52:04.763+00:00,2026-09-27T00:52:06.038+00:00,21072-30059,washers,50170050,72000000,2026-09-27 00:52:05,2026-09-26 22:11:54,29,9611.0,-7871.0,,Available,website maps this code to Available
1,e57113a6-5fe5-43b2-9dd3-6840bf4f6c49,2026-09-27T00:52:04.763+00:00,2026-09-27T00:52:06.038+00:00,21072-30059,washers,50170052,72000000,2026-09-27 00:52:05,2026-09-26 22:13:48,29,9497.0,-7757.0,,Available,website maps this code to Available
1,e57113a6-5fe5-43b2-9dd3-6840bf4f6c49,2026-09-27T00:52:04.763+00:00,2026-09-27T00:52:06.038+00:00,21072-30059,washers,50170078,72000000,2026-09-27 00:52:05,2026-09-26 21:14:24,29,13061.0,-11321.0,,Available,website maps this code to Available
1,e57113a6-5fe5-43b2-9dd3-6840bf4f6c49,2026-09-27T00:52:04.763+00:00,2026-09-27T00:52:06.038+00:00,21072-30059,washers,50170084,72000000,2026-09-27 00:52:05,2026-09-26 07:02:48,29,64157.0,-62417.0,,Available,website maps this code to Available
1,e57113a6-5fe5-43b2-9dd3-6840bf4f6c49,2026-09-27T00:52:04.763+00:00,2026-09-27T00:52:06.038+00:00,21072-30059,washers,50170068,42000000,2026-09-27 00:52:05,2026-09-27 00:41:33,28,632.0,1048.0,18,Running,
1,e57113a6-5fe5-43b2-9dd3-6840bf4f6c49,2026-09-27T00:52:04.763+00:00,2026-09-27T00:52:06.038+00:00,21072-30059,washers,50170072,72000000,2026-09-27 00:52:05,2026-09-26 22:11:47,29,9618.0,-7878.0,,Available,website maps this code to Available
1,e57113a6-5fe5-43b2-9dd3-6840bf4f6c49,2026-09-27T00:52:04.763+00:00,2026-09-27T00:52:06.038+00:00,21072-30059,washers,20483408,72000000,2026-09-27 00:52:05,2024-12-20 00:43:32,0,55814913.0,-55814913.0,,Available,website maps this code to Available
1,e57113a6-5fe5-43b2-9dd3-6840bf4f6c49,2026-09-27T00:52:04.763+00:00,2026-09-27T00:52:06.038+00:00,21072-30059,washers,50170055,42000000,2026-09-27 00:52:05,2026-09-27 00:40:36,28,689.0,991.0,17,Running,
1,e57113a6-5fe5-43b2-9dd3-6840bf4f6c49,2026-09-27T00:52:04.763+00:00,2026-09-27T00:52:06.038+00:00,21072-30059,dryers,50170058,D2000000,2026-09-27 00:52:05,2026-09-26 17:53:29,45,25116.0,-22416.0,,Start Mode After PF,
1,e57113a6-5fe5-43b2-9dd3-6840bf4f6c49,2026-09-27T00:52:04.763+00:00,2026-09-27T00:52:06.038+00:00,21072-30059,dryers,50170061,72000000,2026-09-27 00:52:05,2026-09-26 17:26:29,1,26736.0,-26676.0,,Available,website maps this code to Available
1,e57113a6-5fe5-43b2-9dd3-6840bf4f6c49,2026-09-27T00:52:04.763+00:00,2026-09-27T00:52:06.038+00:00,21072-30059,dryers,50170081,72000000,2026-09-27 00:52:05,2026-09-26 15:30:05,46,33720.0,-30960.0,,Available,website maps this code to Available
1,e57113a6-5fe5-43b2-9dd3-6840bf4f6c49,2026-09-27T00:52:04.763+00:00,2026-09-27T00:52:06.038+00:00,21072-30059,dryers,50170060,42000000,2026-09-27 00:52:05,2026-09-27 00:52:01,49,4.0,2936.0,49,Running,
1,e57113a6-5fe5-43b2-9dd3-6840bf4f6c49,2026-09-27T00:52:04.763+00:00,2026-09-27T00:52:06.038+00:00,21072-30059,dryers,50170087,42000000,2026-09-27 00:52:05,2026-09-27 00:51:39,56,26.0,3334.0,56,Running,
1,e57113a6-5fe5-43b2-9dd3-6840bf4f6c49,2026-09-27T00:52:04.763+00:00,2026-09-27T00:52:06.038+00:00,21072-30059,dryers,50170064,42000000,2026-09-27 00:52:05,2026-09-27 00:46:35,45,330.0,2370.0,40,Running,
1,e57113a6-5fe5-43b2-9dd3-6840bf4f6c49,2026-09-27T00:52:04.763+00:00,2026-09-27T00:52:06.038+00:00,21072-30059,dryers,50170065,72000000,2026-09-27 00:52:05,2026-09-26 23:13:21,46,5924.0,-3164.0,,Available,website maps this code to Available
1,e57113a6-5fe5-43b2-9dd3-6840bf4f6c49,2026-09-27T00:52:04.763+00:00,2026-09-27T00:52:06.038+00:00,21072-30059,dryers,50170059,72000000,2026-09-27 00:52:05,2026-09-27 00:14:41,46,2244.0,516.0,,Available,website maps this code to Available
1,e57113a6-5fe5-43b2-9dd3-6840bf4f6c49,2026-09-27T00:52:04.763+00:00,2026-09-27T00:52:06.038+00:00,21072-30059,dryers,50170057,72000000,2026-09-27 00:52:05,2026-09-26 23:30:30,46,4895.0,-2135.0,,Available,website maps this code to Available
1,e57113a6-5fe5-43b2-9dd3-6840bf4f6c49,2026-09-27T00:52:04.763+00:00,2026-09-27T00:52:06.038+00:00,21072-30059,dryers,50170062,72000000,2026-09-27 00:52:05,2026-09-26 23:14:55,46,5830.0,-3070.0,,Available,website maps this code to Available
1,e57113a6-5fe5-43b2-9dd3-6840bf4f6c49,2026-09-27T00:52:04.763+00:00,2026-09-27T00:52:06.038+00:00,21072-30059,dryers,50170067,72000000,2026-09-27 00:52:05,2026-09-26 23:35:12,46,4613.0,-1853.0,,Available,website maps this code to Available
1,e57113a6-5fe5-43b2-9dd3-6840bf4f6c49,2026-09-27T00:52:04.763+00:00,2026-09-27T00:52:06.038+00:00,21072-30059,dryers,50170074,72000000,2026-09-27 00:52:05,2026-09-26 23:05:09,46,6416.0,-3656.0,,Available,website maps this code to Available
1,e57113a6-5fe5-43b2-9dd3-6840bf4f6c49,2026-09-27T00:52:04.763+00:00,2026-09-27T00:52:06.038+00:00,21072-30059,dryers,50170071,72000000,2026-09-27 00:52:05,2026-09-26 23:04:10,46,6475.0,-3715.0,,Available,website maps this code to Available
1,e57113a6-5fe5-43b2-9dd3-6840bf4f6c49,2026-09-27T00:52:04.763+00:00,2026-09-27T00:52:06.038+00:00,21072-30059,dryers,50170054,72000000,2026-09-27 00:52:05,2026-09-26 23:01:41,46,6624.0,-3864.0,,Available,website maps this code to Available
1,d2998b78-7ce1-4735-94df-130891c81e33,2026-09-27T00:53:10.618+00:00,2026-09-27T00:53:10.793+00:00,21072-30059,washers,50170051,72000000,2026-09-27 00:53:10,2026-09-26 22:10:45,29,9745.0,-8005.0,,Available,website maps this code to Available
1,d2998b78-7ce1-4735-94df-130891c81e33,2026-09-27T00:53:10.618+00:00,2026-09-27T00:53:10.793+00:00,21072-30059,washers,50170080,72000000,2026-09-27 00:53:10,2026-09-27 00:41:59,29,671.0,1069.0,,Available,website maps this code to Available
1,d2998b78-7ce1-4735-94df-130891c81e33,2026-09-27T00:53:10.618+00:00,2026-09-27T00:53:10.793+00:00,21072-30059,washers,50170075,72000000,2026-09-27 00:53:10,2026-09-27 00:44:39,29,511.0,1229.0,,Available,website maps this code to Available
1,d2998b78-7ce1-4735-94df-130891c81e33,2026-09-27T00:53:10.618+00:00,2026-09-27T00:53:10.793+00:00,21072-30059,washers,50170082,72000000,2026-09-27 00:53:10,2026-09-27 00:41:51,29,679.0,1061.0,,Available,website maps this code to Available
1,d2998b78-7ce1-4735-94df-130891c81e33,2026-09-27T00:53:10.618+00:00,2026-09-27T00:53:10.793+00:00,21072-30059,washers,50170050,72000000,2026-09-27 00:53:10,2026-09-26 22:11:54,29,9676.0,-7936.0,,Available,website maps this code to Available
1,d2998b78-7ce1-4735-94df-130891c81e33,2026-09-27T00:53:10.618+00:00,2026-09-27T00:53:10.793+00:00,21072-30059,washers,50170052,72000000,2026-09-27 00:53:10,2026-09-26 22:13:48,29,9562.0,-7822.0,,Available,website maps this code to Available
1,d2998b78-7ce1-4735-94df-130891c81e33,2026-09-27T00:53:10.618+00:00,2026-09-27T00:53:10.793+00:00,21072-30059,washers,50170078,72000000,2026-09-27 00:53:10,2026-09-26 21:14:24,29,13126.0,-11386.0,,Available,website maps this code to Available
1,d2998b78-7ce1-4735-94df-130891c81e33,2026-09-27T00:53:10.618+00:00,2026-09-27T00:53:10.793+00:00,21072-30059,washers,50170084,72000000,2026-09-27 00:53:10,2026-09-26 07:02:48,29,64222.0,-62482.0,,Available,website maps this code to Available
1,d2998b78-7ce1-4735-94df-130891c81e33,2026-09-27T00:53:10.618+00:00,2026-09-27T00:53:10.793+00:00,21072-30059,washers,50170068,42000000,2026-09-27 00:53:10,2026-09-27 00:41:33,28,697.0,983.0,17,Running,
1,d2998b78-7ce1-4735-94df-130891c81e33,2026-09-27T00:53:10.618+00:00,2026-09-27T00:53:10.793+00:00,21072-30059,washers,50170072,72000000,2026-09-27 00:53:10,2026-09-26 22:11:47,29,9683.0,-7943.0,,Available,website maps this code to Available
1,d2998b78-7ce1-4735-94df-130891c81e33,2026-09-27T00:53:10.618+00:00,2026-09-27T00:53:10.793+00:00,21072-30059,washers,20483408,72000000,2026-09-27 00:53:10,2024-12-20 00:43:32,0,55814978.0,-55814978.0,,Available,website maps this code to Available
1,d2998b78-7ce1-4735-94df-130891c81e33,2026-09-27T00:53:10.618+00:00,2026-09-27T00:53:10.793+00:00,21072-30059,washers,50170055,42000000,2026-09-27 00:53:10,2026-09-27 00:40:36,28,754.0,926.0,16,Running,
1,d2998b78-7ce1-4735-94df-130891c81e33,2026-09-27T00:53:10.618+00:00,2026-09-27T00:53:10.793+00:00,21072-30059,dryers,50170058,D2000000,2026-09-27 00:53:10,2026-09-26 17:53:29,45,25181.0,-22481.0,,Start Mode After PF,
1,d2998b78-7ce1-4735-94df-130891c81e33,2026-09-27T00:53:10.618+00:00,2026-09-27T00:53:10.793+00:00,21072-30059,dryers,50170061,72000000,2026-09-27 00:53:10,2026-09-26 17:26:29,1,26801.0,-26741.0,,Available,website maps this code to Available
1,d2998b78-7ce1-4735-94df-130891c81e33,2026-09-27T00:53:10.618+00:00,2026-09-27T00:53:10.793+00:00,21072-30059,dryers,50170081,72000000,2026-09-27 00:53:10,2026-09-26 15:30:05,46,33785.0,-31025.0,,Available,website maps this code to Available
1,d2998b78-7ce1-4735-94df-130891c81e33,2026-09-27T00:53:10.618+00:00,2026-09-27T00:53:10.793+00:00,21072-30059,dryers,50170060,42000000,2026-09-27 00:53:10,2026-09-27 00:53:04,56,6.0,3354.0,56,Running,
1,d2998b78-7ce1-4735-94df-130891c81e33,2026-09-27T00:53:10.618+00:00,2026-09-27T00:53:10.793+00:00,21072-30059,dryers,50170087,42000000,2026-09-27 00:53:10,2026-09-27 00:51:39,56,91.0,3269.0,55,Running,
1,d2998b78-7ce1-4735-94df-130891c81e33,2026-09-27T00:53:10.618+00:00,2026-09-27T00:53:10.793+00:00,21072-30059,dryers,50170064,42000000,2026-09-27 00:53:10,2026-09-27 00:46:35,45,395.0,2305.0,39,Running,
1,d2998b78-7ce1-4735-94df-130891c81e33,2026-09-27T00:53:10.618+00:00,2026-09-27T00:53:10.793+00:00,21072-30059,dryers,50170065,72000000,2026-09-27 00:53:10,2026-09-26 23:13:21,46,5989.0,-3229.0,,Available,website maps this code to Available
1,d2998b78-7ce1-4735-94df-130891c81e33,2026-09-27T00:53:10.618+00:00,2026-09-27T00:53:10.793+00:00,21072-30059,dryers,50170059,72000000,2026-09-27 00:53:10,2026-09-27 00:14:41,46,2309.0,451.0,,Available,website maps this code to Available
1,d2998b78-7ce1-4735-94df-130891c81e33,2026-09-27T00:53:10.618+00:00,2026-09-27T00:53:10.793+00:00,21072-30059,dryers,50170057,72000000,2026-09-27 00:53:10,2026-09-26 23:30:30,46,4960.0,-2200.0,,Available,website maps this code to Available
1,d2998b78-7ce1-4735-94df-130891c81e33,2026-09-27T00:53:10.618+00:00,2026-09-27T00:53:10.793+00:00,21072-30059,dryers,50170062,72000000,2026-09-27 00:53:10,2026-09-26 23:14:55,46,5895.0,-3135.0,,Available,website maps this code to Available
1,d2998b78-7ce1-4735-94df-130891c81e33,2026-09-27T00:53:10.618+00:00,2026-09-27T00:53:10.793+00:00,21072-30059,dryers,50170067,72000000,2026-09-27 00:53:10,2026-09-26 23:35:12,46,4678.0,-1918.0,,Available,website maps this code to Available
1,d2998b78-7ce1-4735-94df-130891c81e33,2026-09-27T00:53:10.618+00:00,2026-09-27T00:53:10.793+00:00,21072-30059,dryers,50170074,72000000,2026-09-27 00:53:10,2026-09-26 23:05:09,46,6481.0,-3721.0,,Available,website maps this code to Available
1,d2998b78-7ce1-4735-94df-130891c81e33,2026-09-27T00:53:10.618+00:00,2026-09-27T00:53:10.793+00:00,21072-30059,dryers,50170071,72000000,2026-09-27 00:53:10,2026-09-26 23:04:10,46,6540.0,-3780.0,,Available,website maps this code to Available
1,d2998b78-7ce1-4735-94df-130891c81e33,2026-09-27T00:53:10.618+00:00,2026-09-27T00:53:10.793+00:00,21072-30059,dryers,50170054,72000000,2026-09-27 00:53:10,2026-09-26 23:01:41,46,6689.0,-3929.0,,Available,website maps this code to Available
1,7b8a25b4-f6b1-46cf-b101-12fbe0a08f74,2026-09-27T00:54:04.699+00:00,2026-09-27T00:54:04.869+00:00,21072-30059,washers,50170051,72000000,2026-09-27 00:54:04,2026-09-26 22:10:45,29,9799.0,-8059.0,,Available,website maps this code to Available
1,7b8a25b4-f6b1-46cf-b101-12fbe0a08f74,2026-09-27T00:54:04.699+00:00,2026-09-27T00:54:04.869+00:00,21072-30059,washers,50170080,72000000,2026-09-27 00:54:04,2026-09-27 00:41:59,29,725.0,1015.0,,Available,website maps this code to Available
1,7b8a25b4-f6b1-46cf-b101-12fbe0a08f74,2026-09-27T00:54:04.699+00:00,2026-09-27T00:54:04.869+00:00,21072-30059,washers,50170075,72000000,2026-09-27 00:54:04,2026-09-27 00:44:39,29,565.0,1175.0,,Available,website maps this code to Available
1,7b8a25b4-f6b1-46cf-b101-12fbe0a08f74,2026-09-27T00:54:04.699+00:00,2026-09-27T00:54:04.869+00:00,21072-30059,washers,50170082,72000000,2026-09-27 00:54:04,2026-09-27 00:41:51,29,733.0,1007.0,,Available,website maps this code to Available
1,7b8a25b4-f6b1-46cf-b101-12fbe0a08f74,2026-09-27T00:54:04.699+00:00,2026-09-27T00:54:04.869+00:00,21072-30059,washers,50170050,72000000,2026-09-27 00:54:04,2026-09-26 22:11:54,29,9730.0,-7990.0,,Available,website maps this code to Available
1,7b8a25b4-f6b1-46cf-b101-12fbe0a08f74,2026-09-27T00:54:04.699+00:00,2026-09-27T00:54:04.869+00:00,21072-30059,washers,50170052,72000000,2026-09-27 00:54:04,2026-09-26 22:13:48,29,9616.0,-7876.0,,Available,website maps this code to Available
1,7b8a25b4-f6b1-46cf-b101-12fbe0a08f74,2026-09-27T00:54:04.699+00:00,2026-09-27T00:54:04.869+00:00,21072-30059,washers,50170078,72000000,2026-09-27 00:54:04,2026-09-26 21:14:24,29,13180.0,-11440.0,,Available,website maps this code to Available
1,7b8a25b4-f6b1-46cf-b101-12fbe0a08f74,2026-09-27T00:54:04.699+00:00,2026-09-27T00:54:04.869+00:00,21072-30059,washers,50170084,72000000,2026-09-27 00:54:04,2026-09-26 07:02:48,29,64276.0,-62536.0,,Available,website maps this code to Available
1,7b8a25b4-f6b1-46cf-b101-12fbe0a08f74,2026-09-27T00:54:04.699+00:00,2026-09-27T00:54:04.869+00:00,21072-30059,washers,50170068,42000000,2026-09-27 00:54:04,2026-09-27 00:41:33,28,751.0,929.0,16,Running,
1,7b8a25b4-f6b1-46cf-b101-12fbe0a08f74,2026-09-27T00:54:04.699+00:00,2026-09-27T00:54:04.869+00:00,21072-30059,washers,50170072,72000000,2026-09-27 00:54:04,2026-09-26 22:11:47,29,9737.0,-7997.0,,Available,website maps this code to Available
1,7b8a25b4-f6b1-46cf-b101-12fbe0a08f74,2026-09-27T00:54:04.699+00:00,2026-09-27T00:54:04.869+00:00,21072-30059,washers,20483408,72000000,2026-09-27 00:54:04,2024-12-20 00:43:32,0,55815032.0,-55815032.0,,Available,website maps this code to Available
1,7b8a25b4-f6b1-46cf-b101-12fbe0a08f74,2026-09-27T00:54:04.699+00:00,2026-09-27T00:54:04.869+00:00,21072-30059,washers,50170055,42000000,2026-09-27 00:54:04,2026-09-27 00:40:36,28,808.0,872.0,15,Running,
1,7b8a25b4-f6b1-46cf-b101-12fbe0a08f74,2026-09-27T00:54:04.699+00:00,2026-09-27T00:54:04.869+00:00,21072-30059,dryers,50170058,D2000000,2026-09-27 00:54:04,2026-09-26 17:53:29,45,25235.0,-22535.0,,Start Mode After PF,
1,7b8a25b4-f6b1-46cf-b101-12fbe0a08f74,2026-09-27T00:54:04.699+00:00,2026-09-27T00:54:04.869+00:00,21072-30059,dryers,50170061,72000000,2026-09-27 00:54:04,2026-09-26 17:26:29,1,26855.0,-26795.0,,Available,website maps this code to Available
1,7b8a25b4-f6b1-46cf-b101-12fbe0a08f74,2026-09-27T00:54:04.699+00:00,2026-09-27T00:54:04.869+00:00,21072-30059,dryers,50170081,72000000,2026-09-27 00:54:04,2026-09-26 15:30:05,46,33839.0,-31079.0,,Available,website maps this code to Available
1,7b8a25b4-f6b1-46cf-b101-12fbe0a08f74,2026-09-27T00:54:04.699+00:00,2026-09-27T00:54:04.869+00:00,21072-30059,dryers,50170060,42000000,2026-09-27 00:54:04,2026-09-27 00:53:04,56,60.0,3300.0,55,Running,
1,7b8a25b4-f6b1-46cf-b101-12fbe0a08f74,2026-09-27T00:54:04.699+00:00,2026-09-27T00:54:04.869+00:00,21072-30059,dryers,50170087,42000000,2026-09-27 00:54:04,2026-09-27 00:53:43,62,21.0,3699.0,62,Running,
1,7b8a25b4-f6b1-46cf-b101-12fbe0a08f74,2026-09-27T00:54:04.699+00:00,2026-09-27T00:54:04.869+00:00,21072-30059,dryers,50170064,42000000,2026-09-27 00:54:04,2026-09-27 00:46:35,45,449.0,2251.0,38,Running,
1,7b8a25b4-f6b1-46cf-b101-12fbe0a08f74,2026-09-27T00:54:04.699+00:00,2026-09-27T00:54:04.869+00:00,21072-30059,dryers,50170065,72000000,2026-09-27 00:54:04,2026-09-26 23:13:21,46,6043.0,-3283.0,,Available,website maps this code to Available
1,7b8a25b4-f6b1-46cf-b101-12fbe0a08f74,2026-09-27T00:54:04.699+00:00,2026-09-27T00:54:04.869+00:00,21072-30059,dryers,50170059,72000000,2026-09-27 00:54:04,2026-09-27 00:14:41,46,2363.0,397.0,,Available,website maps this code to Available
1,7b8a25b4-f6b1-46cf-b101-12fbe0a08f74,2026-09-27T00:54:04.699+00:00,2026-09-27T00:54:04.869+00:00,21072-30059,dryers,50170057,72000000,2026-09-27 00:54:04,2026-09-26 23:30:30,46,5014.0,-2254.0,,Available,website maps this code to Available
1,7b8a25b4-f6b1-46cf-b101-12fbe0a08f74,2026-09-27T00:54:04.699+00:00,2026-09-27T00:54:04.869+00:00,21072-30059,dryers,50170062,72000000,2026-09-27 00:54:04,2026-09-26 23:14:55,46,5949.0,-3189.0,,Available,website maps this code to Available
1,7b8a25b4-f6b1-46cf-b101-12fbe0a08f74,2026-09-27T00:54:04.699+00:00,2026-09-27T00:54:04.869+00:00,21072-30059,dryers,50170067,72000000,2026-09-27 00:54:04,2026-09-26 23:35:12,46,4732.0,-1972.0,,Available,website maps this code to Available
1,7b8a25b4-f6b1-46cf-b101-12fbe0a08f74,2026-09-27T00:54:04.699+00:00,2026-09-27T00:54:04.869+00:00,21072-30059,dryers,50170074,72000000,2026-09-27 00:54:04,2026-09-26 23:05:09,46,6535.0,-3775.0,,Available,website maps this code to Available
1,7b8a25b4-f6b1-46cf-b101-12fbe0a08f74,2026-09-27T00:54:04.699+00:00,2026-09-27T00:54:04.869+00:00,21072-30059,dryers,50170071,72000000,2026-09-27 00:54:04,2026-09-26 23:04:10,46,6594.0,-3834.0,,Available,website maps this code to Available
1,7b8a25b4-f6b1-46cf-b101-12fbe0a08f74,2026-09-27T00:54:04.699+00:00,2026-09-27T00:54:04.869+00:00,21072-30059,dryers,50170054,72000000,2026-09-27 00:54:04,2026-09-26 23:01:41,46,6743.0,-3983.0,,Available,website maps this code to Available
1,1f4f7c89-a04a-4376-b9fa-5addc7cea0c2,2026-09-27T00:55:03.222+00:00,2026-09-27T00:55:04.800+00:00,21072-30059,washers,50170051,72000000,2026-09-27 00:55:04,2026-09-26 22:10:45,29,9859.0,-8119.0,,Available,website maps this code to Available
1,1f4f7c89-a04a-4376-b9fa-5addc7cea0c2,2026-09-27T00:55:03.222+00:00,2026-09-27T00:55:04.800+00:00,21072-30059,washers,50170080,72000000,2026-09-27 00:55:04,2026-09-27 00:41:59,29,785.0,955.0,,Available,website maps this code to Available
1,1f4f7c89-a04a-4376-b9fa-5addc7cea0c2,2026-09-27T00:55:03.222+00:00,2026-09-27T00:55:04.800+00:00,21072-30059,washers,50170075,72000000,2026-09-27 00:55:04,2026-09-27 00:44:39,29,625.0,1115.0,,Available,website maps this code to Available
1,1f4f7c89-a04a-4376-b9fa-5addc7cea0c2,2026-09-27T00:55:03.222+00:00,2026-09-27T00:55:04.800+00:00,21072-30059,washers,50170082,72000000,2026-09-27 00:55:04,2026-09-27 00:41:51,29,793.0,947.0,,Available,website maps this code to Available
1,1f4f7c89-a04a-4376-b9fa-5addc7cea0c2,2026-09-27T00:55:03.222+00:00,2026-09-27T00:55:04.800+00:00,21072-30059,washers,50170050,72000000,2026-09-27 00:55:04,2026-09-26 22:11:54,29,9790.0,-8050.0,,Available,website maps this code to Available
1,1f4f7c89-a04a-4376-b9fa-5addc7cea0c2,2026-09-27T00:55:03.222+00:00,2026-09-27T00:55:04.800+00:00,21072-30059,washers,50170052,72000000,2026-09-27 00:55:04,2026-09-26 22:13:48,29,9676.0,-7936.0,,Available,website maps this code to Available
1,1f4f7c89-a04a-4376-b9fa-5addc7cea0c2,2026-09-27T00:55:03.222+00:00,2026-09-27T00:55:04.800+00:00,21072-30059,washers,50170078,72000000,2026-09-27 00:55:04,2026-09-26 21:14:24,29,13240.0,-11500.0,,Available,website maps this code to Available
1,1f4f7c89-a04a-4376-b9fa-5addc7cea0c2,2026-09-27T00:55:03.222+00:00,2026-09-27T00:55:04.800+00:00,21072-30059,washers,50170084,72000000,2026-09-27 00:55:04,2026-09-26 07:02:48,29,64336.0,-62596.0,,Available,website maps this code to Available
1,1f4f7c89-a04a-4376-b9fa-5addc7cea0c2,2026-09-27T00:55:03.222+00:00,2026-09-27T00:55:04.800+00:00,21072-30059,washers,50170068,42000000,2026-09-27 00:55:04,2026-09-27 00:41:33,28,811.0,869.0,15,Running,
1,1f4f7c89-a04a-4376-b9fa-5addc7cea0c2,2026-09-27T00:55:03.222+00:00,2026-09-27T00:55:04.800+00:00,21072-30059,washers,50170072,72000000,2026-09-27 00:55:04,2026-09-26 22:11:47,29,9797.0,-8057.0,,Available,website maps this code to Available
1,1f4f7c89-a04a-4376-b9fa-5addc7cea0c2,2026-09-27T00:55:03.222+00:00,2026-09-27T00:55:04.800+00:00,21072-30059,washers,20483408,72000000,2026-09-27 00:55:04,2024-12-20 00:43:32,0,55815092.0,-55815092.0,,Available,website maps this code to Available
1,1f4f7c89-a04a-4376-b9fa-5addc7cea0c2,2026-09-27T00:55:03.222+00:00,2026-09-27T00:55:04.800+00:00,21072-30059,washers,50170055,42000000,2026-09-27 00:55:04,2026-09-27 00:40:36,28,868.0,812.0,14,Running,
1,1f4f7c89-a04a-4376-b9fa-5addc7cea0c2,2026-09-27T00:55:03.222+00:00,2026-09-27T00:55:04.800+00:00,21072-30059,dryers,50170058,D2000000,2026-09-27 00:55:04,2026-09-26 17:53:29,45,25295.0,-22595.0,,Start Mode After PF,
1,1f4f7c89-a04a-4376-b9fa-5addc7cea0c2,2026-09-27T00:55:03.222+00:00,2026-09-27T00:55:04.800+00:00,21072-30059,dryers,50170061,72000000,2026-09-27 00:55:04,2026-09-26 17:26:29,1,26915.0,-26855.0,,Available,website maps this code to Available
1,1f4f7c89-a04a-4376-b9fa-5addc7cea0c2,2026-09-27T00:55:03.222+00:00,2026-09-27T00:55:04.800+00:00,21072-30059,dryers,50170081,72000000,2026-09-27 00:55:04,2026-09-26 15:30:05,46,33899.0,-31139.0,,Available,website maps this code to Available
1,1f4f7c89-a04a-4376-b9fa-5addc7cea0c2,2026-09-27T00:55:03.222+00:00,2026-09-27T00:55:04.800+00:00,21072-30059,dryers,50170060,42000000,2026-09-27 00:55:04,2026-09-27 00:53:04,56,120.0,3240.0,54,Running,
1,1f4f7c89-a04a-4376-b9fa-5addc7cea0c2,2026-09-27T00:55:03.222+00:00,2026-09-27T00:55:04.800+00:00,21072-30059,dryers,50170087,42000000,2026-09-27 00:55:04,2026-09-27 00:53:43,62,81.0,3639.0,61,Running,
1,1f4f7c89-a04a-4376-b9fa-5addc7cea0c2,2026-09-27T00:55:03.222+00:00,2026-09-27T00:55:04.800+00:00,21072-30059,dryers,50170064,42000000,2026-09-27 00:55:04,2026-09-27 00:46:35,45,509.0,2191.0,37,Running,
1,1f4f7c89-a04a-4376-b9fa-5addc7cea0c2,2026-09-27T00:55:03.222+00:00,2026-09-27T00:55:04.800+00:00,21072-30059,dryers,50170065,72000000,2026-09-27 00:55:04,2026-09-26 23:13:21,46,6103.0,-3343.0,,Available,website maps this code to Available
1,1f4f7c89-a04a-4376-b9fa-5addc7cea0c2,2026-09-27T00:55:03.222+00:00,2026-09-27T00:55:04.800+00:00,21072-30059,dryers,50170059,72000000,2026-09-27 00:55:04,2026-09-27 00:14:41,46,2423.0,337.0,,Available,website maps this code to Available
1,1f4f7c89-a04a-4376-b9fa-5addc7cea0c2,2026-09-27T00:55:03.222+00:00,2026-09-27T00:55:04.800+00:00,21072-30059,dryers,50170057,72000000,2026-09-27 00:55:04,2026-09-26 23:30:30,46,5074.0,-2314.0,,Available,website maps this code to Available
1,1f4f7c89-a04a-4376-b9fa-5addc7cea0c2,2026-09-27T00:55:03.222+00:00,2026-09-27T00:55:04.800+00:00,21072-30059,dryers,50170062,72000000,2026-09-27 00:55:04,2026-09-26 23:14:55,46,6009.0,-3249.0,,Available,website maps this code to Available
1,1f4f7c89-a04a-4376-b9fa-5addc7cea0c2,2026-09-27T00:55:03.222+00:00,2026-09-27T00:55:04.800+00:00,21072-30059,dryers,50170067,72000000,2026-09-27 00:55:04,2026-09-26 23:35:12,46,4792.0,-2032.0,,Available,website maps this code to Available
1,1f4f7c89-a04a-4376-b9fa-5addc7cea0c2,2026-09-27T00:55:03.222+00:00,2026-09-27T00:55:04.800+00:00,21072-30059,dryers,50170074,72000000,2026-09-27 00:55:04,2026-09-26 23:05:09,46,6595.0,-3835.0,,Available,website maps this code to Available
1,1f4f7c89-a04a-4376-b9fa-5addc7cea0c2,2026-09-27T00:55:03.222+00:00,2026-09-27T00:55:04.800+00:00,21072-30059,dryers,50170071,72000000,2026-09-27 00:55:04,2026-09-26 23:04:10,46,6654.0,-3894.0,,Available,website maps this code to Available
1,1f4f7c89-a04a-4376-b9fa-5addc7cea0c2,2026-09-27T00:55:03.222+00:00,2026-09-27T00:55:04.800+00:00,21072-30059,dryers,50170054,72000000,2026-09-27 00:55:04,2026-09-26 23:01:41,46,6803.0,-4043.0,,Available,website maps this code to Available
1,427e3138-aa7c-4efe-aad6-6c38f6f27011,2026-09-27T00:56:02.687+00:00,2026-09-27T00:56:02.868+00:00,21072-30059,washers,50170051,72000000,2026-09-27 00:56:02,2026-09-26 22:10:45,29,9917.0,-8177.0,,Available,website maps this code to Available
1,427e3138-aa7c-4efe-aad6-6c38f6f27011,2026-09-27T00:56:02.687+00:00,2026-09-27T00:56:02.868+00:00,21072-30059,washers,50170080,72000000,2026-09-27 00:56:02,2026-09-27 00:41:59,29,843.0,897.0,,Available,website maps this code to Available
1,427e3138-aa7c-4efe-aad6-6c38f6f27011,2026-09-27T00:56:02.687+00:00,2026-09-27T00:56:02.868+00:00,21072-30059,washers,50170075,72000000,2026-09-27 00:56:02,2026-09-27 00:44:39,29,683.0,1057.0,,Available,website maps this code to Available
1,427e3138-aa7c-4efe-aad6-6c38f6f27011,2026-09-27T00:56:02.687+00:00,2026-09-27T00:56:02.868+00:00,21072-30059,washers,50170082,72000000,2026-09-27 00:56:02,2026-09-27 00:41:51,29,851.0,889.0,,Available,website maps this code to Available
1,427e3138-aa7c-4efe-aad6-6c38f6f27011,2026-09-27T00:56:02.687+00:00,2026-09-27T00:56:02.868+00:00,21072-30059,washers,50170050,72000000,2026-09-27 00:56:02,2026-09-26 22:11:54,29,9848.0,-8108.0,,Available,website maps this code to Available
1,427e3138-aa7c-4efe-aad6-6c38f6f27011,2026-09-27T00:56:02.687+00:00,2026-09-27T00:56:02.868+00:00,21072-30059,washers,50170052,72000000,2026-09-27 00:56:02,2026-09-26 22:13:48,29,9734.0,-7994.0,,Available,website maps this code to Available
1,427e3138-aa7c-4efe-aad6-6c38f6f27011,2026-09-27T00:56:02.687+00:00,2026-09-27T00:56:02.868+00:00,21072-30059,washers,50170078,42000000,2026-09-27 00:56:02,2026-09-27 00:55:23,28,39.0,1641.0,28,Running,
1,427e3138-aa7c-4efe-aad6-6c38f6f27011,2026-09-27T00:56:02.687+00:00,2026-09-27T00:56:02.868+00:00,21072-30059,washers,50170084,72000000,2026-09-27 00:56:02,2026-09-26 07:02:48,29,64394.0,-62654.0,,Available,website maps this code to Available
1,427e3138-aa7c-4efe-aad6-6c38f6f27011,2026-09-27T00:56:02.687+00:00,2026-09-27T00:56:02.868+00:00,21072-30059,washers,50170068,42000000,2026-09-27 00:56:02,2026-09-27 00:41:33,28,869.0,811.0,14,Running,
1,427e3138-aa7c-4efe-aad6-6c38f6f27011,2026-09-27T00:56:02.687+00:00,2026-09-27T00:56:02.868+00:00,21072-30059,washers,50170072,72000000,2026-09-27 00:56:02,2026-09-26 22:11:47,29,9855.0,-8115.0,,Available,website maps this code to Available
1,427e3138-aa7c-4efe-aad6-6c38f6f27011,2026-09-27T00:56:02.687+00:00,2026-09-27T00:56:02.868+00:00,21072-30059,washers,20483408,72000000,2026-09-27 00:56:02,2024-12-20 00:43:32,0,55815150.0,-55815150.0,,Available,website maps this code to Available
1,427e3138-aa7c-4efe-aad6-6c38f6f27011,2026-09-27T00:56:02.687+00:00,2026-09-27T00:56:02.868+00:00,21072-30059,washers,50170055,42000000,2026-09-27 00:56:02,2026-09-27 00:40:36,28,926.0,754.0,13,Running,
1,427e3138-aa7c-4efe-aad6-6c38f6f27011,2026-09-27T00:56:02.687+00:00,2026-09-27T00:56:02.868+00:00,21072-30059,dryers,50170058,D2000000,2026-09-27 00:56:02,2026-09-26 17:53:29,45,25353.0,-22653.0,,Start Mode After PF,
1,427e3138-aa7c-4efe-aad6-6c38f6f27011,2026-09-27T00:56:02.687+00:00,2026-09-27T00:56:02.868+00:00,21072-30059,dryers,50170061,72000000,2026-09-27 00:56:02,2026-09-26 17:26:29,1,26973.0,-26913.0,,Available,website maps this code to Available
1,427e3138-aa7c-4efe-aad6-6c38f6f27011,2026-09-27T00:56:02.687+00:00,2026-09-27T00:56:02.868+00:00,21072-30059,dryers,50170081,72000000,2026-09-27 00:56:02,2026-09-26 15:30:05,46,33957.0,-31197.0,,Available,website maps this code to Available
1,427e3138-aa7c-4efe-aad6-6c38f6f27011,2026-09-27T00:56:02.687+00:00,2026-09-27T00:56:02.868+00:00,21072-30059,dryers,50170060,42000000,2026-09-27 00:56:02,2026-09-27 00:53:04,56,178.0,3182.0,54,Running,
1,427e3138-aa7c-4efe-aad6-6c38f6f27011,2026-09-27T00:56:02.687+00:00,2026-09-27T00:56:02.868+00:00,21072-30059,dryers,50170087,42000000,2026-09-27 00:56:02,2026-09-27 00:53:43,62,139.0,3581.0,60,Running,
1,427e3138-aa7c-4efe-aad6-6c38f6f27011,2026-09-27T00:56:02.687+00:00,2026-09-27T00:56:02.868+00:00,21072-30059,dryers,50170064,42000000,2026-09-27 00:56:02,2026-09-27 00:46:35,45,567.0,2133.0,36,Running,
1,427e3138-aa7c-4efe-aad6-6c38f6f27011,2026-09-27T00:56:02.687+00:00,2026-09-27T00:56:02.868+00:00,21072-30059,dryers,50170065,72000000,2026-09-27 00:56:02,2026-09-26 23:13:21,46,6161.0,-3401.0,,Available,website maps this code to Available
1,427e3138-aa7c-4efe-aad6-6c38f6f27011,2026-09-27T00:56:02.687+00:00,2026-09-27T00:56:02.868+00:00,21072-30059,dryers,50170059,72000000,2026-09-27 00:56:02,2026-09-27 00:14:41,46,2481.0,279.0,,Available,website maps this code to Available
1,427e3138-aa7c-4efe-aad6-6c38f6f27011,2026-09-27T00:56:02.687+00:00,2026-09-27T00:56:02.868+00:00,21072-30059,dryers,50170057,72000000,2026-09-27 00:56:02,2026-09-26 23:30:30,46,5132.0,-2372.0,,Available,website maps this code to Available
1,427e3138-aa7c-4efe-aad6-6c38f6f27011,2026-09-27T00:56:02.687+00:00,2026-09-27T00:56:02.868+00:00,21072-30059,dryers,50170062,72000000,2026-09-27 00:56:02,2026-09-26 23:14:55,46,6067.0,-3307.0,,Available,website maps this code to Available
1,427e3138-aa7c-4efe-aad6-6c38f6f27011,2026-09-27T00:56:02.687+00:00,2026-09-27T00:56:02.868+00:00,21072-30059,dryers,50170067,72000000,2026-09-27 00:56:02,2026-09-26 23:35:12,46,4850.0,-2090.0,,Available,website maps this code to Available
1,427e3138-aa7c-4efe-aad6-6c38f6f27011,2026-09-27T00:56:02.687+00:00,2026-09-27T00:56:02.868+00:00,21072-30059,dryers,50170074,72000000,2026-09-27 00:56:02,2026-09-26 23:05:09,46,6653.0,-3893.0,,Available,website maps this code to Available
1,427e3138-aa7c-4efe-aad6-6c38f6f27011,2026-09-27T00:56:02.687+00:00,2026-09-27T00:56:02.868+00:00,21072-30059,dryers,50170071,72000000,2026-09-27 00:56:02,2026-09-26 23:04:10,46,6712.0,-3952.0,,Available,website maps this code to Available
1,427e3138-aa7c-4efe-aad6-6c38f6f27011,2026-09-27T00:56:02.687+00:00,2026-09-27T00:56:02.868+00:00,21072-30059,dryers,50170054,72000000,2026-09-27 00:56:02,2026-09-26 23:01:41,46,6861.0,-4101.0,,Available,website maps this code to Available
1,7b855b92-7835-40f9-b4bd-e0b5403efc1d,2026-09-27T00:57:05.317+00:00,2026-09-27T00:57:06.642+00:00,21072-30059,washers,50170051,72000000,2026-09-27 00:57:06,2026-09-26 22:10:45,29,9981.0,-8241.0,,Available,website maps this code to Available
1,7b855b92-7835-40f9-b4bd-e0b5403efc1d,2026-09-27T00:57:05.317+00:00,2026-09-27T00:57:06.642+00:00,21072-30059,washers,50170080,72000000,2026-09-27 00:57:06,2026-09-27 00:41:59,29,907.0,833.0,,Available,website maps this code to Available
1,7b855b92-7835-40f9-b4bd-e0b5403efc1d,2026-09-27T00:57:05.317+00:00,2026-09-27T00:57:06.642+00:00,21072-30059,washers,50170075,72000000,2026-09-27 00:57:06,2026-09-27 00:44:39,29,747.0,993.0,,Available,website maps this code to Available
1,7b855b92-7835-40f9-b4bd-e0b5403efc1d,2026-09-27T00:57:05.317+00:00,2026-09-27T00:57:06.642+00:00,21072-30059,washers,50170082,72000000,2026-09-27 00:57:06,2026-09-27 00:41:51,29,915.0,825.0,,Available,website maps this code to Available
1,7b855b92-7835-40f9-b4bd-e0b5403efc1d,2026-09-27T00:57:05.317+00:00,2026-09-27T00:57:06.642+00:00,21072-30059,washers,50170050,72000000,2026-09-27 00:57:06,2026-09-26 22:11:54,29,9912.0,-8172.0,,Available,website maps this code to Available
1,7b855b92-7835-40f9-b4bd-e0b5403efc1d,2026-09-27T00:57:05.317+00:00,2026-09-27T00:57:06.642+00:00,21072-30059,washers,50170052,72000000,2026-09-27 00:57:06,2026-09-26 22:13:48,29,9798.0,-8058.0,,Available,website maps this code to Available
1,7b855b92-7835-40f9-b4bd-e0b5403efc1d,2026-09-27T00:57:05.317+00:00,2026-09-27T00:57:06.642+00:00,21072-30059,washers,50170078,42000000,2026-09-27 00:57:06,2026-09-27 00:55:23,28,103.0,1577.0,27,Running,
1,7b855b92-7835-40f9-b4bd-e0b5403efc1d,2026-09-27T00:57:05.317+00:00,2026-09-27T00:57:06.642+00:00,21072-30059,washers,50170084,72000000,2026-09-27 00:57:06,2026-09-26 07:02:48,29,64458.0,-62718.0,,Available,website maps this code to Available
1,7b855b92-7835-40f9-b4bd-e0b5403efc1d,2026-09-27T00:57:05.317+00:00,2026-09-27T00:57:06.642+00:00,21072-30059,washers,50170068,42000000,2026-09-27 00:57:06,2026-09-27 00:41:33,28,933.0,747.0,13,Running,
1,7b855b92-7835-40f9-b4bd-e0b5403efc1d,2026-09-27T00:57:05.317+00:00,2026-09-27T00:57:06.642+00:00,21072-30059,washers,50170072,72000000,2026-09-27 00:57:06,2026-09-26 22:11:47,29,9919.0,-8179.0,,Available,website maps this code to Available
1,7b855b92-7835-40f9-b4bd-e0b5403efc1d,2026-09-27T00:57:05.317+00:00,2026-09-27T00:57:06.642+00:00,21072-30059,washers,20483408,72000000,2026-09-27 00:57:06,2024-12-20 00:43:32,0,55815214.0,-55815214.0,,Available,website maps this code to Available
1,7b855b92-7835-40f9-b4bd-e0b5403efc1d,2026-09-27T00:57:05.317+00:00,2026-09-27T00:57:06.642+00:00,21072-30059,washers,50170055,42000000,2026-09-27 00:57:06,2026-09-27 00:40:36,28,990.0,690.0,12,Running,
1,7b855b92-7835-40f9-b4bd-e0b5403efc1d,2026-09-27T00:57:05.317+00:00,2026-09-27T00:57:06.642+00:00,21072-30059,dryers,50170058,D2000000,2026-09-27 00:57:06,2026-09-26 17:53:29,45,25417.0,-22717.0,,Start Mode After PF,
1,7b855b92-7835-40f9-b4bd-e0b5403efc1d,2026-09-27T00:57:05.317+00:00,2026-09-27T00:57:06.642+00:00,21072-30059,dryers,50170061,72000000,2026-09-27 00:57:06,2026-09-26 17:26:29,1,27037.0,-26977.0,,Available,website maps this code to Available
1,7b855b92-7835-40f9-b4bd-e0b5403efc1d,2026-09-27T00:57:05.317+00:00,2026-09-27T00:57:06.642+00:00,21072-30059,dryers,50170081,72000000,2026-09-27 00:57:06,2026-09-26 15:30:05,46,34021.0,-31261.0,,Available,website maps this code to Available
1,7b855b92-7835-40f9-b4bd-e0b5403efc1d,2026-09-27T00:57:05.317+00:00,2026-09-27T00:57:06.642+00:00,21072-30059,dryers,50170060,42000000,2026-09-27 00:57:06,2026-09-27 00:53:04,56,242.0,3118.0,52,Running,
1,7b855b92-7835-40f9-b4bd-e0b5403efc1d,2026-09-27T00:57:05.317+00:00,2026-09-27T00:57:06.642+00:00,21072-30059,dryers,50170087,42000000,2026-09-27 00:57:06,2026-09-27 00:53:43,62,203.0,3517.0,59,Running,
1,7b855b92-7835-40f9-b4bd-e0b5403efc1d,2026-09-27T00:57:05.317+00:00,2026-09-27T00:57:06.642+00:00,21072-30059,dryers,50170064,42000000,2026-09-27 00:57:06,2026-09-27 00:46:35,45,631.0,2069.0,35,Running,
1,7b855b92-7835-40f9-b4bd-e0b5403efc1d,2026-09-27T00:57:05.317+00:00,2026-09-27T00:57:06.642+00:00,21072-30059,dryers,50170065,72000000,2026-09-27 00:57:06,2026-09-26 23:13:21,46,6225.0,-3465.0,,Available,website maps this code to Available
1,7b855b92-7835-40f9-b4bd-e0b5403efc1d,2026-09-27T00:57:05.317+00:00,2026-09-27T00:57:06.642+00:00,21072-30059,dryers,50170059,72000000,2026-09-27 00:57:06,2026-09-27 00:14:41,46,2545.0,215.0,,Available,website maps this code to Available
1,7b855b92-7835-40f9-b4bd-e0b5403efc1d,2026-09-27T00:57:05.317+00:00,2026-09-27T00:57:06.642+00:00,21072-30059,dryers,50170057,72000000,2026-09-27 00:57:06,2026-09-26 23:30:30,46,5196.0,-2436.0,,Available,website maps this code to Available
1,7b855b92-7835-40f9-b4bd-e0b5403efc1d,2026-09-27T00:57:05.317+00:00,2026-09-27T00:57:06.642+00:00,21072-30059,dryers,50170062,72000000,2026-09-27 00:57:06,2026-09-26 23:14:55,46,6131.0,-3371.0,,Available,website maps this code to Available
1,7b855b92-7835-40f9-b4bd-e0b5403efc1d,2026-09-27T00:57:05.317+00:00,2026-09-27T00:57:06.642+00:00,21072-30059,dryers,50170067,72000000,2026-09-27 00:57:06,2026-09-26 23:35:12,46,4914.0,-2154.0,,Available,website maps this code to Available
1,7b855b92-7835-40f9-b4bd-e0b5403efc1d,2026-09-27T00:57:05.317+00:00,2026-09-27T00:57:06.642+00:00,21072-30059,dryers,50170074,72000000,2026-09-27 00:57:06,2026-09-26 23:05:09,46,6717.0,-3957.0,,Available,website maps this code to Available
1,7b855b92-7835-40f9-b4bd-e0b5403efc1d,2026-09-27T00:57:05.317+00:00,2026-09-27T00:57:06.642+00:00,21072-30059,dryers,50170071,72000000,2026-09-27 00:57:06,2026-09-26 23:04:10,46,6776.0,-4016.0,,Available,website maps this code to Available
1,7b855b92-7835-40f9-b4bd-e0b5403efc1d,2026-09-27T00:57:05.317+00:00,2026-09-27T00:57:06.642+00:00,21072-30059,dryers,50170054,72000000,2026-09-27 00:57:06,2026-09-26 23:01:41,46,6925.0,-4165.0,,Available,website maps this code to Available
1,fb750864-8df8-4bb6-9619-09e2069ba438,2026-09-27T00:58:06.538+00:00,2026-09-27T00:58:07.239+00:00,21072-30059,washers,50170051,72000000,2026-09-27 00:58:07,2026-09-26 22:10:45,29,10042.0,-8302.0,,Available,website maps this code to Available
1,fb750864-8df8-4bb6-9619-09e2069ba438,2026-09-27T00:58:06.538+00:00,2026-09-27T00:58:07.239+00:00,21072-30059,washers,50170080,72000000,2026-09-27 00:58:07,2026-09-27 00:41:59,29,968.0,772.0,,Available,website maps this code to Available
1,fb750864-8df8-4bb6-9619-09e2069ba438,2026-09-27T00:58:06.538+00:00,2026-09-27T00:58:07.239+00:00,21072-30059,washers,50170075,72000000,2026-09-27 00:58:07,2026-09-27 00:44:39,29,808.0,932.0,,Available,website maps this code to Available
1,fb750864-8df8-4bb6-9619-09e2069ba438,2026-09-27T00:58:06.538+00:00,2026-09-27T00:58:07.239+00:00,21072-30059,washers,50170082,72000000,2026-09-27 00:58:07,2026-09-27 00:41:51,29,976.0,764.0,,Available,website maps this code to Available
1,fb750864-8df8-4bb6-9619-09e2069ba438,2026-09-27T00:58:06.538+00:00,2026-09-27T00:58:07.239+00:00,21072-30059,washers,50170050,72000000,2026-09-27 00:58:07,2026-09-26 22:11:54,29,9973.0,-8233.0,,Available,website maps this code to Available
1,fb750864-8df8-4bb6-9619-09e2069ba438,2026-09-27T00:58:06.538+00:00,2026-09-27T00:58:07.239+00:00,21072-30059,washers,50170052,72000000,2026-09-27 00:58:07,2026-09-26 22:13:48,29,9859.0,-8119.0,,Available,website maps this code to Available
1,fb750864-8df8-4bb6-9619-09e2069ba438,2026-09-27T00:58:06.538+00:00,2026-09-27T00:58:07.239+00:00,21072-30059,washers,50170078,42000000,2026-09-27 00:58:07,2026-09-27 00:55:23,28,164.0,1516.0,26,Running,
1,fb750864-8df8-4bb6-9619-09e2069ba438,2026-09-27T00:58:06.538+00:00,2026-09-27T00:58:07.239+00:00,21072-30059,washers,50170084,72000000,2026-09-27 00:58:07,2026-09-26 07:02:48,29,64519.0,-62779.0,,Available,website maps this code to Available
1,fb750864-8df8-4bb6-9619-09e2069ba438,2026-09-27T00:58:06.538+00:00,2026-09-27T00:58:07.239+00:00,21072-30059,washers,50170068,42000000,2026-09-27 00:58:07,2026-09-27 00:41:33,28,994.0,686.0,12,Running,
1,fb750864-8df8-4bb6-9619-09e2069ba438,2026-09-27T00:58:06.538+00:00,2026-09-27T00:58:07.239+00:00,21072-30059,washers,50170072,72000000,2026-09-27 00:58:07,2026-09-26 22:11:47,29,9980.0,-8240.0,,Available,website maps this code to Available
1,fb750864-8df8-4bb6-9619-09e2069ba438,2026-09-27T00:58:06.538+00:00,2026-09-27T00:58:07.239+00:00,21072-30059,washers,20483408,72000000,2026-09-27 00:58:07,2024-12-20 00:43:32,0,55815275.0,-55815275.0,,Available,website maps this code to Available
1,fb750864-8df8-4bb6-9619-09e2069ba438,2026-09-27T00:58:06.538+00:00,2026-09-27T00:58:07.239+00:00,21072-30059,washers,50170055,42000000,2026-09-27 00:58:07,2026-09-27 00:40:36,28,1051.0,629.0,11,Running,
1,fb750864-8df8-4bb6-9619-09e2069ba438,2026-09-27T00:58:06.538+00:00,2026-09-27T00:58:07.239+00:00,21072-30059,dryers,50170058,D2000000,2026-09-27 00:58:07,2026-09-26 17:53:29,45,25478.0,-22778.0,,Start Mode After PF,
1,fb750864-8df8-4bb6-9619-09e2069ba438,2026-09-27T00:58:06.538+00:00,2026-09-27T00:58:07.239+00:00,21072-30059,dryers,50170061,72000000,2026-09-27 00:58:07,2026-09-26 17:26:29,1,27098.0,-27038.0,,Available,website maps this code to Available
1,fb750864-8df8-4bb6-9619-09e2069ba438,2026-09-27T00:58:06.538+00:00,2026-09-27T00:58:07.239+00:00,21072-30059,dryers,50170081,72000000,2026-09-27 00:58:07,2026-09-26 15:30:05,46,34082.0,-31322.0,,Available,website maps this code to Available
1,fb750864-8df8-4bb6-9619-09e2069ba438,2026-09-27T00:58:06.538+00:00,2026-09-27T00:58:07.239+00:00,21072-30059,dryers,50170060,42000000,2026-09-27 00:58:07,2026-09-27 00:53:04,56,303.0,3057.0,51,Running,
1,fb750864-8df8-4bb6-9619-09e2069ba438,2026-09-27T00:58:06.538+00:00,2026-09-27T00:58:07.239+00:00,21072-30059,dryers,50170087,42000000,2026-09-27 00:58:07,2026-09-27 00:53:43,62,264.0,3456.0,58,Running,
1,fb750864-8df8-4bb6-9619-09e2069ba438,2026-09-27T00:58:06.538+00:00,2026-09-27T00:58:07.239+00:00,21072-30059,dryers,50170064,42000000,2026-09-27 00:58:07,2026-09-27 00:46:35,45,692.0,2008.0,34,Running,
1,fb750864-8df8-4bb6-9619-09e2069ba438,2026-09-27T00:58:06.538+00:00,2026-09-27T00:58:07.239+00:00,21072-30059,dryers,50170065,72000000,2026-09-27 00:58:07,2026-09-26 23:13:21,46,6286.0,-3526.0,,Available,website maps this code to Available
1,fb750864-8df8-4bb6-9619-09e2069ba438,2026-09-27T00:58:06.538+00:00,2026-09-27T00:58:07.239+00:00,21072-30059,dryers,50170059,72000000,2026-09-27 00:58:07,2026-09-27 00:14:41,46,2606.0,154.0,,Available,website maps this code to Available
1,fb750864-8df8-4bb6-9619-09e2069ba438,2026-09-27T00:58:06.538+00:00,2026-09-27T00:58:07.239+00:00,21072-30059,dryers,50170057,72000000,2026-09-27 00:58:07,2026-09-26 23:30:30,46,5257.0,-2497.0,,Available,website maps this code to Available
1,fb750864-8df8-4bb6-9619-09e2069ba438,2026-09-27T00:58:06.538+00:00,2026-09-27T00:58:07.239+00:00,21072-30059,dryers,50170062,72000000,2026-09-27 00:58:07,2026-09-26 23:14:55,46,6192.0,-3432.0,,Available,website maps this code to Available
1,fb750864-8df8-4bb6-9619-09e2069ba438,2026-09-27T00:58:06.538+00:00,2026-09-27T00:58:07.239+00:00,21072-30059,dryers,50170067,72000000,2026-09-27 00:58:07,2026-09-26 23:35:12,46,4975.0,-2215.0,,Available,website maps this code to Available
1,fb750864-8df8-4bb6-9619-09e2069ba438,2026-09-27T00:58:06.538+00:00,2026-09-27T00:58:07.239+00:00,21072-30059,dryers,50170074,72000000,2026-09-27 00:58:07,2026-09-26 23:05:09,46,6778.0,-4018.0,,Available,website maps this code to Available
1,fb750864-8df8-4bb6-9619-09e2069ba438,2026-09-27T00:58:06.538+00:00,2026-09-27T00:58:07.239+00:00,21072-30059,dryers,50170071,72000000,2026-09-27 00:58:07,2026-09-26 23:04:10,46,6837.0,-4077.0,,Available,website maps this code to Available
1,fb750864-8df8-4bb6-9619-09e2069ba438,2026-09-27T00:58:06.538+00:00,2026-09-27T00:58:07.239+00:00,21072-30059,dryers,50170054,72000000,2026-09-27 00:58:07,2026-09-26 23:01:41,46,6986.0,-4226.0,,Available,website maps this code to Available
1,be1f6b20-f52b-4293-8296-240a9ad191c9,2026-09-27T00:59:01.557+00:00,2026-09-27T00:59:01.733+00:00,21072-30059,washers,50170051,72000000,2026-09-27 00:59:01,2026-09-26 22:10:45,29,10096.0,-8356.0,,Available,website maps this code to Available
1,be1f6b20-f52b-4293-8296-240a9ad191c9,2026-09-27T00:59:01.557+00:00,2026-09-27T00:59:01.733+00:00,21072-30059,washers,50170080,72000000,2026-09-27 00:59:01,2026-09-27 00:41:59,29,1022.0,718.0,,Available,website maps this code to Available
1,be1f6b20-f52b-4293-8296-240a9ad191c9,2026-09-27T00:59:01.557+00:00,2026-09-27T00:59:01.733+00:00,21072-30059,washers,50170075,72000000,2026-09-27 00:59:01,2026-09-27 00:44:39,29,862.0,878.0,,Available,website maps this code to Available
1,be1f6b20-f52b-4293-8296-240a9ad191c9,2026-09-27T00:59:01.557+00:00,2026-09-27T00:59:01.733+00:00,21072-30059,washers,50170082,72000000,2026-09-27 00:59:01,2026-09-27 00:41:51,29,1030.0,710.0,,Available,website maps this code to Available
1,be1f6b20-f52b-4293-8296-240a9ad191c9,2026-09-27T00:59:01.557+00:00,2026-09-27T00:59:01.733+00:00,21072-30059,washers,50170050,72000000,2026-09-27 00:59:01,2026-09-26 22:11:54,29,10027.0,-8287.0,,Available,website maps this code to Available
1,be1f6b20-f52b-4293-8296-240a9ad191c9,2026-09-27T00:59:01.557+00:00,2026-09-27T00:59:01.733+00:00,21072-30059,washers,50170052,72000000,2026-09-27 00:59:01,2026-09-26 22:13:48,29,9913.0,-8173.0,,Available,website maps this code to Available
1,be1f6b20-f52b-4293-8296-240a9ad191c9,2026-09-27T00:59:01.557+00:00,2026-09-27T00:59:01.733+00:00,21072-30059,washers,50170078,42000000,2026-09-27 00:59:01,2026-09-27 00:55:23,28,218.0,1462.0,25,Running,
1,be1f6b20-f52b-4293-8296-240a9ad191c9,2026-09-27T00:59:01.557+00:00,2026-09-27T00:59:01.733+00:00,21072-30059,washers,50170084,72000000,2026-09-27 00:59:01,2026-09-26 07:02:48,29,64573.0,-62833.0,,Available,website maps this code to Available
1,be1f6b20-f52b-4293-8296-240a9ad191c9,2026-09-27T00:59:01.557+00:00,2026-09-27T00:59:01.733+00:00,21072-30059,washers,50170068,42000000,2026-09-27 00:59:01,2026-09-27 00:41:33,28,1048.0,632.0,11,Running,
1,be1f6b20-f52b-4293-8296-240a9ad191c9,2026-09-27T00:59:01.557+00:00,2026-09-27T00:59:01.733+00:00,21072-30059,washers,50170072,72000000,2026-09-27 00:59:01,2026-09-26 22:11:47,29,10034.0,-8294.0,,Available,website maps this code to Available
1,be1f6b20-f52b-4293-8296-240a9ad191c9,2026-09-27T00:59:01.557+00:00,2026-09-27T00:59:01.733+00:00,21072-30059,washers,20483408,72000000,2026-09-27 00:59:01,2024-12-20 00:43:32,0,55815329.0,-55815329.0,,Available,website maps this code to Available
1,be1f6b20-f52b-4293-8296-240a9ad191c9,2026-09-27T00:59:01.557+00:00,2026-09-27T00:59:01.733+00:00,21072-30059,washers,50170055,42000000,2026-09-27 00:59:01,2026-09-27 00:40:36,28,1105.0,575.0,10,Running,
1,be1f6b20-f52b-4293-8296-240a9ad191c9,2026-09-27T00:59:01.557+00:00,2026-09-27T00:59:01.733+00:00,21072-30059,dryers,50170058,D2000000,2026-09-27 00:59:01,2026-09-26 17:53:29,45,25532.0,-22832.0,,Start Mode After PF,
1,be1f6b20-f52b-4293-8296-240a9ad191c9,2026-09-27T00:59:01.557+00:00,2026-09-27T00:59:01.733+00:00,21072-30059,dryers,50170061,72000000,2026-09-27 00:59:01,2026-09-26 17:26:29,1,27152.0,-27092.0,,Available,website maps this code to Available
1,be1f6b20-f52b-4293-8296-240a9ad191c9,2026-09-27T00:59:01.557+00:00,2026-09-27T00:59:01.733+00:00,21072-30059,dryers,50170081,72000000,2026-09-27 00:59:01,2026-09-26 15:30:05,46,34136.0,-31376.0,,Available,website maps this code to Available
1,be1f6b20-f52b-4293-8296-240a9ad191c9,2026-09-27T00:59:01.557+00:00,2026-09-27T00:59:01.733+00:00,21072-30059,dryers,50170060,42000000,2026-09-27 00:59:01,2026-09-27 00:53:04,56,357.0,3003.0,51,Running,
1,be1f6b20-f52b-4293-8296-240a9ad191c9,2026-09-27T00:59:01.557+00:00,2026-09-27T00:59:01.733+00:00,21072-30059,dryers,50170087,42000000,2026-09-27 00:59:01,2026-09-27 00:53:43,62,318.0,3402.0,57,Running,
1,be1f6b20-f52b-4293-8296-240a9ad191c9,2026-09-27T00:59:01.557+00:00,2026-09-27T00:59:01.733+00:00,21072-30059,dryers,50170064,42000000,2026-09-27 00:59:01,2026-09-27 00:46:35,45,746.0,1954.0,33,Running,
1,be1f6b20-f52b-4293-8296-240a9ad191c9,2026-09-27T00:59:01.557+00:00,2026-09-27T00:59:01.733+00:00,21072-30059,dryers,50170065,72000000,2026-09-27 00:59:01,2026-09-26 23:13:21,46,6340.0,-3580.0,,Available,website maps this code to Available
1,be1f6b20-f52b-4293-8296-240a9ad191c9,2026-09-27T00:59:01.557+00:00,2026-09-27T00:59:01.733+00:00,21072-30059,dryers,50170059,72000000,2026-09-27 00:59:01,2026-09-27 00:14:41,46,2660.0,100.0,,Available,website maps this code to Available
1,be1f6b20-f52b-4293-8296-240a9ad191c9,2026-09-27T00:59:01.557+00:00,2026-09-27T00:59:01.733+00:00,21072-30059,dryers,50170057,72000000,2026-09-27 00:59:01,2026-09-26 23:30:30,46,5311.0,-2551.0,,Available,website maps this code to Available
1,be1f6b20-f52b-4293-8296-240a9ad191c9,2026-09-27T00:59:01.557+00:00,2026-09-27T00:59:01.733+00:00,21072-30059,dryers,50170062,72000000,2026-09-27 00:59:01,2026-09-26 23:14:55,46,6246.0,-3486.0,,Available,website maps this code to Available
1,be1f6b20-f52b-4293-8296-240a9ad191c9,2026-09-27T00:59:01.557+00:00,2026-09-27T00:59:01.733+00:00,21072-30059,dryers,50170067,72000000,2026-09-27 00:59:01,2026-09-26 23:35:12,46,5029.0,-2269.0,,Available,website maps this code to Available
1,be1f6b20-f52b-4293-8296-240a9ad191c9,2026-09-27T00:59:01.557+00:00,2026-09-27T00:59:01.733+00:00,21072-30059,dryers,50170074,72000000,2026-09-27 00:59:01,2026-09-26 23:05:09,46,6832.0,-4072.0,,Available,website maps this code to Available
1,be1f6b20-f52b-4293-8296-240a9ad191c9,2026-09-27T00:59:01.557+00:00,2026-09-27T00:59:01.733+00:00,21072-30059,dryers,50170071,72000000,2026-09-27 00:59:01,2026-09-26 23:04:10,46,6891.0,-4131.0,,Available,website maps this code to Available
1,be1f6b20-f52b-4293-8296-240a9ad191c9,2026-09-27T00:59:01.557+00:00,2026-09-27T00:59:01.733+00:00,21072-30059,dryers,50170054,72000000,2026-09-27 00:59:01,2026-09-26 23:01:41,46,7040.0,-4280.0,,Available,website maps this code to Available
1,980b2c65-b3a6-4f40-8a6a-12cc7ac52a66,2026-09-27T01:00:00.911+00:00,2026-09-27T01:00:01.095+00:00,21072-30059,washers,50170051,72000000,2026-09-27 01:00:01,2026-09-26 22:10:45,29,10156.0,-8416.0,,Available,website maps this code to Available
1,980b2c65-b3a6-4f40-8a6a-12cc7ac52a66,2026-09-27T01:00:00.911+00:00,2026-09-27T01:00:01.095+00:00,21072-30059,washers,50170080,72000000,2026-09-27 01:00:01,2026-09-27 00:41:59,29,1082.0,658.0,,Available,website maps this code to Available
1,980b2c65-b3a6-4f40-8a6a-12cc7ac52a66,2026-09-27T01:00:00.911+00:00,2026-09-27T01:00:01.095+00:00,21072-30059,washers,50170075,72000000,2026-09-27 01:00:01,2026-09-27 00:44:39,29,922.0,818.0,,Available,website maps this code to Available
1,980b2c65-b3a6-4f40-8a6a-12cc7ac52a66,2026-09-27T01:00:00.911+00:00,2026-09-27T01:00:01.095+00:00,21072-30059,washers,50170082,72000000,2026-09-27 01:00:01,2026-09-27 00:41:51,29,1090.0,650.0,,Available,website maps this code to Available
1,980b2c65-b3a6-4f40-8a6a-12cc7ac52a66,2026-09-27T01:00:00.911+00:00,2026-09-27T01:00:01.095+00:00,21072-30059,washers,50170050,72000000,2026-09-27 01:00:01,2026-09-26 22:11:54,29,10087.0,-8347.0,,Available,website maps this code to Available
1,980b2c65-b3a6-4f40-8a6a-12cc7ac52a66,2026-09-27T01:00:00.911+00:00,2026-09-27T01:00:01.095+00:00,21072-30059,washers,50170052,72000000,2026-09-27 01:00:01,2026-09-26 22:13:48,29,9973.0,-8233.0,,Available,website maps this code to Available
1,980b2c65-b3a6-4f40-8a6a-12cc7ac52a66,2026-09-27T01:00:00.911+00:00,2026-09-27T01:00:01.095+00:00,21072-30059,washers,50170078,42000000,2026-09-27 01:00:01,2026-09-27 00:55:23,28,278.0,1402.0,24,Running,
1,980b2c65-b3a6-4f40-8a6a-12cc7ac52a66,2026-09-27T01:00:00.911+00:00,2026-09-27T01:00:01.095+00:00,21072-30059,washers,50170084,72000000,2026-09-27 01:00:01,2026-09-26 07:02:48,29,64633.0,-62893.0,,Available,website maps this code to Available
1,980b2c65-b3a6-4f40-8a6a-12cc7ac52a66,2026-09-27T01:00:00.911+00:00,2026-09-27T01:00:01.095+00:00,21072-30059,washers,50170068,42000000,2026-09-27 01:00:01,2026-09-27 00:41:33,28,1108.0,572.0,10,Running,
1,980b2c65-b3a6-4f40-8a6a-12cc7ac52a66,2026-09-27T01:00:00.911+00:00,2026-09-27T01:00:01.095+00:00,21072-30059,washers,50170072,72000000,2026-09-27 01:00:01,2026-09-26 22:11:47,29,10094.0,-8354.0,,Available,website maps this code to Available
1,980b2c65-b3a6-4f40-8a6a-12cc7ac52a66,2026-09-27T01:00:00.911+00:00,2026-09-27T01:00:01.095+00:00,21072-30059,washers,20483408,72000000,2026-09-27 01:00:01,2024-12-20 00:43:32,0,55815389.0,-55815389.0,,Available,website maps this code to Available
1,980b2c65-b3a6-4f40-8a6a-12cc7ac52a66,2026-09-27T01:00:00.911+00:00,2026-09-27T01:00:01.095+00:00,21072-30059,washers,50170055,42000000,2026-09-27 01:00:01,2026-09-27 00:40:36,28,1165.0,515.0,9,Running,
1,980b2c65-b3a6-4f40-8a6a-12cc7ac52a66,2026-09-27T01:00:00.911+00:00,2026-09-27T01:00:01.095+00:00,21072-30059,dryers,50170058,D2000000,2026-09-27 01:00:01,2026-09-26 17:53:29,45,25592.0,-22892.0,,Start Mode After PF,
1,980b2c65-b3a6-4f40-8a6a-12cc7ac52a66,2026-09-27T01:00:00.911+00:00,2026-09-27T01:00:01.095+00:00,21072-30059,dryers,50170061,72000000,2026-09-27 01:00:01,2026-09-26 17:26:29,1,27212.0,-27152.0,,Available,website maps this code to Available
1,980b2c65-b3a6-4f40-8a6a-12cc7ac52a66,2026-09-27T01:00:00.911+00:00,2026-09-27T01:00:01.095+00:00,21072-30059,dryers,50170081,72000000,2026-09-27 01:00:01,2026-09-26 15:30:05,46,34196.0,-31436.0,,Available,website maps this code to Available
1,980b2c65-b3a6-4f40-8a6a-12cc7ac52a66,2026-09-27T01:00:00.911+00:00,2026-09-27T01:00:01.095+00:00,21072-30059,dryers,50170060,42000000,2026-09-27 01:00:01,2026-09-27 00:53:04,56,417.0,2943.0,50,Running,
1,980b2c65-b3a6-4f40-8a6a-12cc7ac52a66,2026-09-27T01:00:00.911+00:00,2026-09-27T01:00:01.095+00:00,21072-30059,dryers,50170087,42000000,2026-09-27 01:00:01,2026-09-27 00:53:43,62,378.0,3342.0,56,Running,
1,980b2c65-b3a6-4f40-8a6a-12cc7ac52a66,2026-09-27T01:00:00.911+00:00,2026-09-27T01:00:01.095+00:00,21072-30059,dryers,50170064,42000000,2026-09-27 01:00:01,2026-09-27 00:46:35,45,806.0,1894.0,32,Running,
1,980b2c65-b3a6-4f40-8a6a-12cc7ac52a66,2026-09-27T01:00:00.911+00:00,2026-09-27T01:00:01.095+00:00,21072-30059,dryers,50170065,72000000,2026-09-27 01:00:01,2026-09-26 23:13:21,46,6400.0,-3640.0,,Available,website maps this code to Available
1,980b2c65-b3a6-4f40-8a6a-12cc7ac52a66,2026-09-27T01:00:00.911+00:00,2026-09-27T01:00:01.095+00:00,21072-30059,dryers,50170059,72000000,2026-09-27 01:00:01,2026-09-27 00:14:41,46,2720.0,40.0,,Available,website maps this code to Available
1,980b2c65-b3a6-4f40-8a6a-12cc7ac52a66,2026-09-27T01:00:00.911+00:00,2026-09-27T01:00:01.095+00:00,21072-30059,dryers,50170057,72000000,2026-09-27 01:00:01,2026-09-26 23:30:30,46,5371.0,-2611.0,,Available,website maps this code to Available
1,980b2c65-b3a6-4f40-8a6a-12cc7ac52a66,2026-09-27T01:00:00.911+00:00,2026-09-27T01:00:01.095+00:00,21072-30059,dryers,50170062,72000000,2026-09-27 01:00:01,2026-09-26 23:14:55,46,6306.0,-3546.0,,Available,website maps this code to Available
1,980b2c65-b3a6-4f40-8a6a-12cc7ac52a66,2026-09-27T01:00:00.911+00:00,2026-09-27T01:00:01.095+00:00,21072-30059,dryers,50170067,72000000,2026-09-27 01:00:01,2026-09-26 23:35:12,46,5089.0,-2329.0,,Available,website maps this code to Available
1,980b2c65-b3a6-4f40-8a6a-12cc7ac52a66,2026-09-27T01:00:00.911+00:00,2026-09-27T01:00:01.095+00:00,21072-30059,dryers,50170074,72000000,2026-09-27 01:00:01,2026-09-26 23:05:09,46,6892.0,-4132.0,,Available,website maps this code to Available
1,980b2c65-b3a6-4f40-8a6a-12cc7ac52a66,2026-09-27T01:00:00.911+00:00,2026-09-27T01:00:01.095+00:00,21072-30059,dryers,50170071,72000000,2026-09-27 01:00:01,2026-09-26 23:04:10,46,6951.0,-4191.0,,Available,website maps this code to Available
1,980b2c65-b3a6-4f40-8a6a-12cc7ac52a66,2026-09-27T01:00:00.911+00:00,2026-09-27T01:00:01.095+00:00,21072-30059,dryers,50170054,72000000,2026-09-27 01:00:01,2026-09-26 23:01:41,46,7100.0,-4340.0,,Available,website maps this code to Available
